"Country.Name","ISO.Code","Quantile","Indicator","Subgroup","X1931.5","X1932.5","X1933.5","X1934.5","X1935.5","X1936.5","X1937.5","X1938.5","X1939.5","X1940.5","X1941.5","X1942.5","X1943.5","X1944.5","X1945.5","X1946.5","X1947.5","X1948.5","X1949.5","X1950.5","X1951.5","X1952.5","X1953.5","X1954.5","X1955.5","X1956.5","X1957.5","X1958.5","X1959.5","X1960.5","X1961.5","X1962.5","X1963.5","X1964.5","X1965.5","X1966.5","X1967.5","X1968.5","X1969.5","X1970.5","X1971.5","X1972.5","X1973.5","X1974.5","X1975.5","X1976.5","X1977.5","X1978.5","X1979.5","X1980.5","X1981.5","X1982.5","X1983.5","X1984.5","X1985.5","X1986.5","X1987.5","X1988.5","X1989.5","X1990.5","X1991.5","X1992.5","X1993.5","X1994.5","X1995.5","X1996.5","X1997.5","X1998.5","X1999.5","X2000.5","X2001.5","X2002.5","X2003.5","X2004.5","X2005.5","X2006.5","X2007.5","X2008.5","X2009.5","X2010.5","X2011.5","X2012.5","X2013.5","X2014.5","X2015.5","X2016.5","X2017.5","X2018.5","X2019.5","X2020.5","X2021.5","X2022.5","X2023.5","X2024.5","X2025.5","X2026.5","X2027.5","X2028.5","X2029.5","X2030.5"
"Afghanistan","AFG","Lower","Under-five Mortality Rate","Total",,,,,,,,,,,,,,,,,,,,,,,,,,,293.176082325801,295.612065775655,297.239225147438,297.428471607409,296.439631804021,295.121394372705,292.580162058735,289.378866908061,285.501326260064,281.887015337749,277.734041608393,273.321280564344,268.752523484014,264.158189810402,302.926446808246,297.308098425839,250.53567355633,246.510271173725,242.227572374993,237.810301920902,233.212260041909,228.870004346055,223.907833904745,218.986922580743,213.752372223583,248.007882583508,243.232159871318,272.771059010304,266.597553226466,226.077526817822,220.688818987396,176.05240268265,170.557633152143,164.898624916952,159.654918069087,154.334322593277,149.73784436648,145.193091040944,140.870133970762,137.031379585598,133.29841287146,129.5935903731,125.919241065941,122.086572983507,118.146032198008,114.163411426936,109.984340745253,105.723159349064,101.439481247924,97.2298918856692,92.9551101409699,88.8192794805642,84.6831125173072,80.5292104265651,76.7135391710858,73.1544649330917,69.809339800982,66.7319217745393,63.7292472046095,60.7199113032062,57.7286140448669,54.7883169035707,51.9277477691657,49.2534414182228,46.7499590846328,44.2745562159313,42.017225586058,39.6788802303626,37.331381892807,35.0429962126752,32.8643221418792,30.7591932889357,28.9442460713746,27.1842167434559
"Afghanistan","AFG","Median","Under-five Mortality Rate","Total",,,,,,,,,,,,,,,,,,,,,,,,,,,368.196610358209,362.068536367921,356.445237823317,350.550811097808,345.193254417785,340.16288192029,334.982342668731,329.747572685277,324.479101546251,319.532520545591,314.840118229978,310.011140165322,304.920851528628,300.047739630718,344.286485974113,337.910137249894,284.746880207601,279.501207190828,274.217995756602,268.646042801445,262.877697240643,256.940651755683,251.108891966423,245.161603903051,239.011378681369,277.035182070739,271.190071031841,303.820358178728,296.04744513461,250.475894740229,244.224517141228,194.298539266493,187.781604787229,181.384583734027,175.173283456266,169.131970216607,163.536368993548,158.272356260917,153.384824820441,148.773595776566,144.409539644964,140.162392712438,135.95363948867,131.707237184146,127.479861753329,123.07344698106,118.547496515675,113.944019411895,109.329354079257,104.807773175688,100.374320591922,96.0869144510178,91.8807089667426,87.9567152953438,84.2932228716156,80.8145093811916,77.5974987280601,74.614073412131,71.898430064046,69.3718842033515,67.070567378779,64.8232011210301,62.7157343545631,60.6923210418833,58.7116726089786,56.7704025164549,54.8650977048867,53.0320211332446,51.4146648955091,49.7138053716542,48.0101542784938,46.4849295502021,44.975133609682,43.6471001531554
"Afghanistan","AFG","Upper","Under-five Mortality Rate","Total",,,,,,,,,,,,,,,,,,,,,,,,,,,459.761852222566,443.287575516302,428.888044200191,415.242062860037,403.298517739622,392.796908243223,383.633572427144,376.195884262999,369.478216788986,363.148005243452,357.358313099476,351.932021654543,346.816291420434,341.439593695156,391.976669703187,385.093333622266,324.525780150431,318.609837285456,311.501644958875,304.924280356511,298.026724688128,291.334736741234,284.494791252691,277.62665714375,270.826192949726,314.173433713436,307.187108357048,343.376920689442,333.319364083699,281.207478370202,272.490710036086,215.647468859729,207.668547717744,199.567657307255,192.08538501986,184.860515817648,178.18267066681,172.200423276664,166.464273180571,161.164374273787,156.204145649969,151.654357097016,146.88764572597,142.381132365371,137.913876348098,133.255924983112,128.230811464652,123.128922846588,118.103964793218,113.192214808822,108.281855797198,103.732860823778,99.5525184175071,95.7086566246688,92.085560025401,88.805501018133,85.8426791184829,83.1981983666972,80.7451890234761,78.7578478981839,77.2102862577044,75.8419950780009,74.6557244332066,73.7930780672972,73.2330049279898,72.4822634415802,71.9238505573529,71.3642614511541,71.2297625009343,71.0273222092,70.8403100110047,70.5721173152985,70.7883145922369,70.5756547216143
"Albania","ALB","Lower","Under-five Mortality Rate","Total",,,,,,,,,,,,,,,,,,,,,,,,,,,,,,,,,,,,,,,,,,,,,,,,63.2211554511123,61.2190282994391,59.3001454729282,56.9100639168829,54.5112144525046,51.8641193713262,49.2949236681544,46.7929887118371,44.3046307969259,41.8469478266452,39.6217708888979,37.6554428272332,35.9740079475801,34.5041276607942,33.2099149019172,32.0204146452736,30.9191310517221,29.8598981561197,28.7457682170115,27.6796163476603,26.6046124834309,25.5311437699037,24.5285341828234,23.5310775276064,22.5216863915135,21.4710097294614,20.3815858385757,19.1956766074826,17.9298907707264,16.6003370693008,15.2947892037004,14.04943991217,12.8671508816333,11.7880671116762,10.847645524864,10.1186000873438,9.5797450555459,9.23352222773118,9.05153767698164,8.982454848054,8.95936636110519,8.94547676847585,8.87917219661401,8.72033357977454,8.49107359921075,8.19903700923245,7.81105570318484,7.41401658105548,6.9960407613064,6.56145642786945,6.1771273017105,5.82903324687346,5.4685800374458
"Albania","ALB","Median","Under-five Mortality Rate","Total",,,,,,,,,,,,,,,,,,,,,,,,,,,,,,,,,,,,,,,,,,,,,,,,96.5753503824426,88.7625868344757,81.5903164223057,74.9676659588918,68.9469104515254,63.5660411405593,58.8212585176583,54.6256360624911,50.949907169816,47.7386362161223,44.9752670437625,42.6019128513656,40.5699495033145,38.7860445451429,37.3063423331955,35.9560269644573,34.6997115851334,33.4618683540956,32.1943773388059,30.9034689538831,29.6170304956466,28.3089540629382,26.9688398690634,25.6239508820418,24.2575492620097,22.8518524556758,21.4132467072085,19.9592002521699,18.5097195342497,17.1033827588556,15.7640673293259,14.486812930077,13.2803295959687,12.1725325701359,11.220986192476,10.4771536390163,9.93481733243303,9.5862628554266,9.40075265965331,9.3363070136672,9.34431410257931,9.38666962804236,9.43527214299489,9.45683249358583,9.43638524515984,9.35723908797041,9.22708033362451,9.05812608488851,8.85877641348572,8.64101944564094,8.40916926306056,8.18072725247152,7.93836875295652
"Albania","ALB","Upper","Under-five Mortality Rate","Total",,,,,,,,,,,,,,,,,,,,,,,,,,,,,,,,,,,,,,,,,,,,,,,,140.459566158459,123.210873459469,108.739283238246,96.596064582358,86.0758705315875,77.1784295997597,69.6969200549937,63.6278082197772,58.6068276805804,54.4349355720977,50.9885508149072,48.1269484013629,45.7623035285869,43.6454434308758,41.9015004702559,40.4086917957879,38.9544817384461,37.5228987327671,36.0395115569142,34.5573294968263,33.0147413885255,31.3976129363137,29.7098126912783,27.9443371521825,26.1386563127739,24.3119186452354,22.4727477862699,20.75226613621,19.1073161801273,17.6157408177445,16.2304339981106,14.937972828635,13.7097232469962,12.5704319067386,11.605033155722,10.8450140989607,10.3008698914678,9.95792789532023,9.77768895721426,9.72579923657803,9.75358328854904,9.84389886437554,10.0143276388744,10.2443261701261,10.469352661316,10.6840323811084,10.8678348209291,11.0618272239327,11.1829703367127,11.2960895786667,11.3727433016735,11.5040216996829,11.5743581027419
"Algeria","DZA","Lower","Under-five Mortality Rate","Total",,,,,,,,,,,,,,,,,,,,,,,,179.921438188753,186.586854047116,193.244121404746,198.080691975726,202.105374586174,205.488564389814,208.246838160383,209.410245787926,211.086727240183,212.407818516242,213.464490254616,214.915192414636,216.082987473542,216.649119353658,216.740722865083,216.218827783969,214.616883214636,211.761390051654,207.61610061545,202.876323436317,197.577010005125,191.676933320087,185.654323305933,179.063798262141,171.665367160912,162.591636685538,151.328331376789,137.149389313854,120.217852005918,102.682275470297,86.8565734257897,74.1627497723783,64.3075892923077,57.2091004526506,52.5313168363347,49.5120538894192,47.6435546476758,46.5973258505819,45.9567570020071,45.480570862578,44.9521584846492,44.2377280178221,43.4514115112483,42.5638705095503,41.5559443985914,40.4245446265614,39.2263769474865,37.8923089192693,36.4613446463652,35.0165689459295,33.516825453434,32.1034518610136,30.7545694249689,29.532854036653,28.422602862554,27.3868390185456,26.508899010291,25.7675839355979,25.1050774679005,24.5303705484518,23.9890800344251,23.5140016198405,23.0488088923543,22.6305422988446,22.2677148577439,21.9023274158707,21.5051543277847,21.0567143705594,20.5246578221482,19.8262883182398,18.9889422095676,18.1038804734437,17.0896922732341,16.1234141898055,15.1424742945181,14.2050612260412,13.3445588575614
"Algeria","DZA","Median","Under-five Mortality Rate","Total",,,,,,,,,,,,,,,,,,,,,,,,243.137917122686,242.157121752476,241.306080832416,240.484527316651,239.780085274357,239.196740657759,239.236024646485,239.501941301551,240.004586346391,241.178633925864,242.293393131741,243.673547339697,244.757053933416,245.244980102875,244.975439982112,243.58224428022,240.530687105049,236.208742088874,230.63443773135,224.015839032664,216.542477830406,208.345658551529,199.521654358568,190.122914170155,180.121154275481,168.781372840228,155.572599810663,140.286825079686,123.064801452142,105.219372243747,89.1218283602537,76.0912220542533,66.2988335201762,59.5667031256544,55.3920227444233,52.9575689327854,51.56789970177,50.76190774637,50.1916210656616,49.6465756022038,48.9706308480344,48.1003926701526,47.0333838553116,45.8635077925368,44.563543921598,43.1684416225624,41.6936057426721,40.1653886367019,38.5910097276341,37.0015595229242,35.4302571545235,33.9266559432102,32.5199302327891,31.2308719652108,30.0598284262153,29.0149343069942,28.0897833431847,27.2825744285144,26.56630898447,25.948047639108,25.4021080944743,24.9102378764238,24.4555924949313,24.0348261165257,23.6525446831753,23.2817921196319,22.9212293664691,22.5991185296161,22.2843959166658,21.9786143991698,21.6402794757543,21.229059584915,20.787675737471,20.2877719597065,19.7697244393671,19.223591384178,18.6829437575664
"Algeria","DZA","Upper","Under-five Mortality Rate","Total",,,,,,,,,,,,,,,,,,,,,,,,320.037297432928,306.002906870466,296.051162587483,287.895742305959,281.823592011003,278.375131568226,276.099588521107,275.173000713368,275.759105706774,276.885711945655,277.999506156849,278.969218697599,279.430861945491,279.106193794191,277.951268854364,275.042613294476,270.480243531797,263.939355574343,256.152147708289,246.927621877369,237.258164832712,226.389529617907,214.659055777321,202.370014751217,189.233558387901,175.218208027683,159.95977639154,143.502388389668,125.975567393554,107.786480986977,91.3379823541665,78.0578871904177,68.3382002748826,62.0414941600741,58.4045963568796,56.5159402306907,55.5515562021948,55.1367691302794,54.754515917379,54.2331710475864,53.4477326602202,52.3372273458147,50.9557598638105,49.3744916945999,47.6770636524361,45.9839765795422,44.2714627720159,42.5685166198472,40.8228559627611,39.1108707501314,37.4891492498035,35.916017830754,34.4454094356427,33.1309066540907,31.8593744141653,30.7224076556142,29.7423332257246,28.8780026975835,28.146819874045,27.4870089232166,26.9350402762758,26.4237435140451,25.9464027759699,25.5109094663991,25.1087451008074,24.7275687687126,24.4181129513743,24.2203492561985,24.2142764144096,24.3894291298902,24.6407436579239,24.8955512165227,25.0975675623958,25.3234739440088,25.4122434050925,25.5723000420348,25.7767896806481
"Andorra","AND","Lower","Under-five Mortality Rate","Total",,,,,,,,,,,,,,,,,,,,,,,,,,,,,,,,,,,,,,,,,,,,,,,,,,,,,,,2.67904100871664,2.76299383062777,2.86985045857486,2.97417203183805,3.09637734576942,3.20514452254151,3.30566702925252,3.43346169034278,3.5045519614116,3.59199869359212,3.64956694348899,3.72628058023131,3.7741274963276,3.81038190113256,3.7969874582605,3.77055079595593,3.75274740283139,3.70667711797309,3.60054880614402,3.46364781747623,3.29535167849919,3.11235436059898,2.90049101957719,2.6717646433272,2.41908700108841,2.18658645016566,1.95377040383031,1.72172315158744,1.52348529290277,1.33825025815088,1.1819805854643,1.05492514191679,0.952078164954233,0.886444915872369,0.823172981103531,0.765511088220554,0.714487180434825,0.671697943702266,0.637643992581424,0.606375521835616,0.573767604009753,0.541969204993161,0.519606330720614,0.496772431923854,0.472978253483704,0.45331071057262
"Andorra","AND","Median","Under-five Mortality Rate","Total",,,,,,,,,,,,,,,,,,,,,,,,,,,,,,,,,,,,,,,,,,,,,,,,,,,,,,,17.1816123870946,16.27774028456,15.3794218927897,14.5000297741313,13.8013643902203,13.0237356432793,12.2740804107265,11.5680154458769,10.9587779553888,10.3495124611542,9.80046945565287,9.30438250540741,8.81118469701188,8.37193741371435,7.98193215530517,7.57237539874501,7.20731500415987,6.84794629624363,6.50575175869444,6.19348614278903,5.91495823747909,5.61315159304349,5.32222284888379,5.0431444659786,4.79680417355242,4.54827391147331,4.33031043188418,4.10422459180129,3.90156667815225,3.70796603793566,3.50948709559327,3.36261794710262,3.2253752078453,3.09830749791712,2.98735246274785,2.88277256538014,2.77779809944812,2.68547115268541,2.59887497992944,2.50713368030659,2.41424952300485,2.3326366573428,2.25211066495998,2.17619010032133,2.10064667675661,2.03654303550688
"Andorra","AND","Upper","Under-five Mortality Rate","Total",,,,,,,,,,,,,,,,,,,,,,,,,,,,,,,,,,,,,,,,,,,,,,,,,,,,,,,108.351990507619,92.8243324829812,80.2056536765169,69.2459415879435,59.8270329344726,51.9444176127461,45.6526582139002,39.7177989979861,34.3654984936719,30.3336744446393,26.7859637510488,23.7009527240215,20.9158272184849,18.7469030438015,16.9092930026361,15.196421917479,13.9862742735673,12.9475617848884,12.0241453059518,11.2935314517425,10.6975408074246,10.2059916001028,9.93130831382825,9.77807031465982,9.68588463815644,9.68376919484798,9.77264659378029,9.84965378763022,10.0800705302727,10.3233869756661,10.6286279273496,10.7692758729262,10.8661756439508,10.8395959674708,10.7952853602144,10.6631505409759,10.5542923302553,10.3653342740125,10.2501791800839,10.1240292245461,9.91943796482816,9.67265126542,9.4581521407359,9.22390881496708,8.9744468924023,8.76932704549749
"Angola","AGO","Lower","Under-five Mortality Rate","Total",,,,,,,,,,,,,,,,,,,,,,,,,,,,,,,,,,,,,,,,,,,,,,,,,,174.734026213923,178.637092381603,181.368646609512,183.234465484825,183.983072550269,184.983467358145,185.882402769472,186.933345950851,187.511672335088,188.244143709557,188.49641627923,188.710014805657,189.081440057509,188.959294726822,188.315224955125,187.47686163539,184.828355235452,181.0255362732,176.036521412595,169.942627016865,162.84731298968,154.747047623438,145.746618690272,135.646647432105,124.679645863908,113.3189753477,102.2228883636,91.5173882647154,81.9779970477134,73.7120918832183,67.1808674050788,61.6487720447658,57.4038558178545,54.3030289719109,51.8278220659402,49.9347739453636,48.259035449496,46.7618875759657,45.3007546751176,43.6070053707264,41.5364607289375,39.3293411984332,37.2548576765298,35.2641473274192,33.3458650504888,31.2621645615399,29.4807711418836,27.8129539749899,26.1787237339413,24.5363976860002,23.0389232025538
"Angola","AGO","Median","Under-five Mortality Rate","Total",,,,,,,,,,,,,,,,,,,,,,,,,,,,,,,,,,,,,,,,,,,,,,,,,,232.810813066886,228.803570742694,225.472638918546,222.10217473542,219.261580123035,217.262340902765,215.604806866342,214.553602596106,213.788078875412,213.165449915283,212.745938868154,212.554441711429,212.380537222901,212.087861706436,211.353393794595,209.920636057563,207.346955174651,203.52276645444,198.392691508451,192.152664253903,184.987578303872,176.332822654603,166.399339565927,155.546527600225,143.726422726157,131.532829022653,119.842360999943,109.012479295281,99.1546702055768,90.7467605961166,83.3722674566398,77.2073224606419,72.0433429530114,67.9051715724919,64.5358428466595,61.7606027621502,59.6430399353582,57.8993808911325,56.4902852840718,55.3480735373936,54.2161381195574,53.1777154902945,51.8639872004402,50.5134355847153,48.9996655816384,47.5592549052239,46.2060269781276,44.8849873829132,43.5864129695811,42.2850340823804,40.9151855310828
"Angola","AGO","Upper","Under-five Mortality Rate","Total",,,,,,,,,,,,,,,,,,,,,,,,,,,,,,,,,,,,,,,,,,,,,,,,,,308.899919359602,291.711681765679,278.446570660497,268.177989872415,260.739347487695,254.387012090586,249.593202334933,245.885634346786,242.953370776701,241.48730010284,240.581724611933,239.426097110555,238.872146362153,238.228093788364,237.466481898886,235.706472469881,233.276519108273,229.304383487699,223.801501162666,217.201234052537,209.995757961094,201.579936475991,191.135418264834,179.142487025379,165.807847573721,152.414584287536,139.639737915792,128.100135952772,118.061890771946,109.339584938705,101.550954486955,94.5017145487818,88.7651944210472,83.9286547952509,79.6937146007021,76.1685734422218,73.3546577148638,71.595716895117,70.4200429311162,70.229309664867,70.7737813738681,71.9925811839974,73.295192371844,74.5942333218593,75.8202922233003,76.4964256840576,76.9917069245928,77.416845551739,77.3211806262746,77.2901220208092,77.2159754103497
"Antigua & Barbuda","ATG","Lower","Under-five Mortality Rate","Total",,,,,,,,,,,,,,,,,,,107.101716273531,107.08817012031,106.197934082636,104.450570496043,101.99294723749,98.9911074310173,95.934260486183,92.7279959637688,89.597930173113,86.252969797182,82.4973350744819,78.0448215172478,73.1259462465744,67.7989397254432,62.1124450190146,56.285511725278,50.5618677335199,45.1930648882676,40.3132903066703,36.1219728517817,32.6168486762705,29.6491555935761,27.1821482685735,25.1474287625817,23.3870840658048,21.8536849732252,20.4630202293354,19.1137540221845,17.8006977730828,16.5009859304232,15.3062349934782,14.2462353670277,13.3246579631146,12.5980268537165,12.0449397551606,11.6366975798444,11.3745035972265,11.2474209517202,11.2806765663369,11.4412127272778,11.662740600424,11.961101264698,12.3413122106938,12.7354720213849,13.1622158852926,13.5125790426599,13.7787108461869,13.9516969182832,13.9585457457711,13.8457682884006,13.6472598672753,13.3538056011916,13.0161161686106,12.6636947848741,12.3356195493119,12.0467066810283,11.7802238780273,11.4995943302285,11.2544926161394,11.016899346109,10.7828730224477,10.5658469665516,10.3135244369825,10.1037542178718,9.92000874886726,9.75041992075689,9.57273190039357,9.35369934095583,9.12818769947799,8.82723727568798,8.46505915065515,8.07677545806959,7.6709508044285,7.24343631094028,6.81712242943915,6.41486110037967,6.00044262530043,5.61920247657377,5.26456501906389,4.93692076552989,4.63389191281163,4.36186366523969
"Antigua & Barbuda","ATG","Median","Under-five Mortality Rate","Total",,,,,,,,,,,,,,,,,,,122.339061451494,118.807324426998,115.33285191142,111.863621922086,108.376567268749,104.934731789319,101.542178218548,98.1588925301947,94.7666384025437,91.2127461927107,87.2123904508345,82.6110766830002,77.427355387368,71.8135920450584,65.9214603860912,59.9517584473403,54.0814199780964,48.5715919591477,43.5721911075605,39.1740453919356,35.4020150745326,32.2452098819059,29.6183138844271,27.4383929308502,25.5860833786374,23.9708640809319,22.5140650646016,21.1285264474425,19.7483710233698,18.4082899864678,17.1483862948285,15.9993853031559,15.0195890639856,14.2290490181362,13.6131082990882,13.1871395364396,12.9312587537834,12.8311333518408,12.8748601349341,13.0133408546763,13.2480906116323,13.5646879840406,13.9183946227852,14.3210292593214,14.7245225591736,15.0795361711873,15.3525862191845,15.5093921705948,15.516823575825,15.4033249132107,15.1780923064137,14.9022299275856,14.5763386850145,14.2591403719314,13.9283851101737,13.6064968190896,13.2971475877132,13.0057779418515,12.7249036314977,12.4595989235983,12.2227540361598,11.9882632801392,11.7725454421073,11.5607720932818,11.3670839589912,11.1893632178195,11.0148950806091,10.8434956365372,10.6840083651814,10.5058784622808,10.3021825766598,10.079736173899,9.83493158698153,9.56772781605398,9.32059886950119,9.05061161346398,8.76847722882037,8.50685379050511,8.26846774255287,8.02216171181017,7.75572224287182,7.51677652413248
"Antigua & Barbuda","ATG","Upper","Under-five Mortality Rate","Total",,,,,,,,,,,,,,,,,,,139.69313534049,131.557448176052,124.952287723057,119.625495202911,115.186262771325,111.352330849109,107.763583009639,104.263232615005,100.605419820739,96.6693564679567,92.3594530013416,87.2856401064925,81.7344943434143,75.9370065282552,69.9527651723901,63.8279518591028,57.8154716392807,52.1723220914063,46.9833458165625,42.4485698054786,38.4970599118536,35.1158738120926,32.3389644521068,29.9620739252762,27.9732686227468,26.2683064539,24.7319449487382,23.3248350212069,21.9068653020798,20.5315680931674,19.2159428520999,18.0089847633824,16.9372203674727,16.0669343197686,15.3997269212513,14.9671214132163,14.6923900120521,14.5877653681439,14.6302926757537,14.7999582775335,15.0263289835399,15.3305447246972,15.6815574087622,16.0760510692399,16.4951754148435,16.8498997934015,17.1136564999144,17.2772936189703,17.2950124520128,17.1961159947229,16.9694138598313,16.6800353431982,16.3502756816503,16.0329789697984,15.7182958015305,15.3946142645912,15.0555788316687,14.7360177780171,14.385376199782,14.0708152394,13.8148072102925,13.5762098236207,13.3789179856779,13.1958061780629,13.0048124709091,12.8301264754413,12.699623892304,12.5943135925664,12.5281043127658,12.5608478641343,12.5879091081337,12.6419284905737,12.7387389265296,12.8385661945727,12.8963441630329,12.9851440161545,13.0459713206628,13.0617296834154,13.0874670104838,13.0463339761186,13.0570972374314,12.9554568535938
"Armenia","ARM","Lower","Under-five Mortality Rate","Total",,,,,,,,,,,,,,,,,,,,,,,,,,,,,,,,,,,,,,,,,,,,,,71.4147487167081,69.5794862918607,67.7120472000802,65.7127805565617,63.6933522411779,61.6597785648985,59.5494224775674,57.4635079892866,55.4155812460928,53.4253419084601,51.397430377092,49.5802116868617,91.4859558151093,45.8687907508339,43.9685149618177,42.1087135269183,40.2597188290832,38.4452004956045,36.6535828485588,34.938963152832,33.3181809804646,31.7367863143221,30.2171567921231,28.7068186878612,27.2617936418508,25.8560823019932,24.5236263639182,23.2753162839481,22.0835112589994,20.9342728728709,19.8428182280475,18.8034349328522,17.7932954003173,16.8980046897616,16.0199385742719,15.2038827926504,14.4410641928117,13.727679940393,13.0383923258496,12.3861760483023,11.7903549135012,11.2248876719496,10.6943110873405,10.1608560487326,9.64349260678598,9.14788917581991,8.65976083402633,8.16689206959472,7.69542487383056,7.24394986317408,6.82968569124632,6.43785933800243,6.06751783254296,5.70271154247679,5.34987081529257
"Armenia","ARM","Median","Under-five Mortality Rate","Total",,,,,,,,,,,,,,,,,,,,,,,,,,,,,,,,,,,,,,,,,,,,,,87.0416136931544,83.438145364988,80.0416540830992,76.7470838436868,73.5940138612882,70.6158198337793,67.7469727291736,65.0323727478427,62.3916101805111,59.8904406535335,57.5030654976099,55.1868207748794,101.639115273902,50.8356853582905,48.715794978836,46.621832876202,44.5953593326726,42.5753349748257,40.6570014110872,38.7956128362828,37.0133215923373,35.303265147209,33.6525145329778,32.093158093976,30.5539650951728,29.0946664571243,27.7178905144538,26.3762509643199,25.1068693359977,23.9102071389545,22.7447832954685,21.6370502071776,20.5866184078604,19.6026354848798,18.6673168928067,17.7848055896862,16.9381616904241,16.1257229159636,15.3906601812476,14.671909089561,13.9826072860277,13.3311734576029,12.7181802127833,12.1256336747967,11.5649917179392,11.0187985093832,10.5187539351666,10.0432837678196,9.5854055383567,9.17052484231419,8.80019048958454,8.46988832095936,8.15400021069267,7.86338777845678,7.58239811946124
"Armenia","ARM","Upper","Under-five Mortality Rate","Total",,,,,,,,,,,,,,,,,,,,,,,,,,,,,,,,,,,,,,,,,,,,,,104.981677212742,99.2486270084286,94.0173344841902,89.1567786884869,84.6671667960632,80.5183346350637,76.7171966240901,73.2434274495188,69.9872559565258,67.035664635554,64.1916812046091,61.5061854197962,112.933430796903,56.4294893940544,54.1312461632643,51.7871695700145,49.5338706642223,47.3287993696792,45.1567220696893,43.0208485039163,41.0367219079282,39.0852181617752,37.2392896799274,35.470128298699,33.776958175109,32.2056520624823,30.6363219730444,29.1812998944431,27.7713995911536,26.4515808544448,25.2494026732576,24.1097634604131,23.0587471256832,22.0344525014908,21.0585582813092,20.174530764876,19.3040057251622,18.4878845679792,17.6807134725826,16.9242528172285,16.2251365596949,15.5624231903354,14.9430153669246,14.3571648523604,13.8308014749575,13.4027004451171,12.9756064865567,12.6193053543641,12.2676284026581,11.9287301304192,11.6696640495673,11.4063806315004,11.1678810523636,11.0461682016546,10.9084963802286
"Azerbaijan","AZE","Lower","Under-five Mortality Rate","Total",,,,,,,,,,,,,,,,,,,,,,,,,,,,,,,,,,,,,,,,,,,,,,,,,,,,93.099079245854,93.0801599216264,92.291488849367,91.047272557561,89.6171505975745,88.1527916174142,87.0669812066574,86.2418979306096,85.7095369666294,85.828092778287,86.1274744262875,86.2948444556689,85.9408262872237,84.5579854860153,82.3829387542703,79.3420873489786,75.4651842471773,71.0479950465926,65.9990572008558,60.9094308949646,56.1004065465006,51.6354707495295,47.7339983749612,44.2398448940801,41.1594542397915,38.3490897051879,35.7077704275309,33.3304481683565,30.992267663509,28.8493186377743,26.8250096572729,25.1457519278002,23.5037427802438,22.02780286866,20.6669398841931,19.3384677384554,18.1271750123534,17.0062121861805,15.8224847208383,14.7588346897197,13.6478806434823,12.5154801365903,11.4057248434924,10.4587204157272,9.72796229487121,9.08642278575834,8.50014642619852,7.94779129253182,7.48322537069312
"Azerbaijan","AZE","Median","Under-five Mortality Rate","Total",,,,,,,,,,,,,,,,,,,,,,,,,,,,,,,,,,,,,,,,,,,,,,,,,,,,110.626629395786,107.986858691537,105.294166172264,102.852108578677,100.517260017053,98.5701537800902,96.9808136629309,95.86217260366,95.4116635840432,95.3650002630791,95.5222677533191,95.5793073962563,95.1375874032565,93.8076346131704,91.5228680098915,88.1493014652243,84.0208921072161,79.32656932173,74.3050754350011,69.2909675056208,64.3985865119822,59.9496725338175,55.8389529340196,52.0926415898216,48.7156103756443,45.6517686323439,42.8713680278591,40.2306577138768,37.7505486790492,35.4535792229331,33.3611022813874,31.4090070652012,29.6197803731824,27.9482290281728,26.4573762941773,25.115295322547,23.8288675481992,22.6534359098679,21.5425797897047,20.5436338243352,19.5926591066671,18.742526934821,17.8872423134013,17.1242711655174,16.4372361092614,15.8022504751671,15.2026564297719,14.6711722822051,14.1779610510978
"Azerbaijan","AZE","Upper","Under-five Mortality Rate","Total",,,,,,,,,,,,,,,,,,,,,,,,,,,,,,,,,,,,,,,,,,,,,,,,,,,,132.922240845019,125.878821338347,120.580365030118,116.33611764768,112.960676665288,110.028898745794,107.829860224145,106.585641491355,106.161870387291,106.008735473504,106.137574495494,105.955577086005,105.465886682798,104.096803542045,101.810022137118,98.3489916554531,93.9612637692747,89.0857808335776,83.8516718681114,78.5809610122182,73.5566671219653,68.7460286278891,64.4539105781378,60.607432401725,57.1297962849674,53.7545265645696,50.8774486444935,48.2218040737273,45.5212806211754,43.2287387130747,41.0536366509049,38.900291266756,36.9639808259102,35.2251019507818,33.7216755097709,32.3793743576628,31.1955399585964,30.2401937056115,29.403406259776,28.7325560885271,28.3322583506268,28.12072040158,28.1836640843281,28.1900529001106,28.0749492054467,27.9273448474406,27.6682243731513,27.4881127235592,27.310934740912
"Bahamas","BHS","Lower","Under-five Mortality Rate","Total",,,,,,,,,,,,,,,,,,,,,,,,,,,,,,,,,,,,,,25.6478076408013,26.7725491135395,27.7792304706648,28.5371729155003,29.1176230949598,29.48811280326,29.6546235945773,29.5928969317255,29.4040997074848,29.0922075967572,28.7156607232731,28.3246365171406,27.9727965307687,27.606032400578,27.3143294574522,27.0421015111001,26.7984214635141,26.4902593146013,25.9875351639463,25.2264531341585,24.2851332955464,23.2632505136048,22.2253087303271,21.184077986081,20.1879213743075,19.2377552876485,18.3148929897876,17.4391261101947,16.6360006509924,15.9931080616312,15.5027899570956,15.2679793910427,15.2356458855154,15.3412276710937,15.5327272018742,15.7481401593386,15.8907358544124,15.9125600909863,15.7972445688412,15.5567589651593,15.2131505210631,14.8369012213891,14.4505464110437,14.0891685267595,13.7600104535561,13.4670211443517,13.2168790970609,13.0173705576913,12.8207950983874,12.6389600718736,12.3912303839284,21.8296406099028,11.7165300491115,11.272711909359,10.7860276980446,10.2640802424756,9.68774285234401,9.14536311065339,8.59741714740483,8.07833749073347,7.60772310990953,7.12519512030125,6.6990999379498
"Bahamas","BHS","Median","Under-five Mortality Rate","Total",,,,,,,,,,,,,,,,,,,,,,,,,,,,,,,,,,,,,,29.392341196856,29.8427888168755,30.2895939935136,30.7050621022522,31.051781375178,31.2854179928099,31.3619736402488,31.2654581463543,31.0406992300504,30.7108431255222,30.3123147233252,29.8873476327975,29.4693489231312,29.0764019046214,28.7266782930573,28.4288712655051,28.1527393917963,27.81638209094,27.2796919907029,26.492943293874,25.5328994756022,24.4667098929421,23.3470080879284,22.2692876149934,21.2335247550791,20.2489127927395,19.2863588811275,18.3898405401991,17.5906235906352,16.9246972435995,16.4456392949877,16.2070044572977,16.1822279977814,16.3066607128934,16.5044803047892,16.7087353773707,16.8349219404606,16.8594107513687,16.7505721725714,16.5092482778728,16.1818947734654,15.8129511340204,15.4290842014644,15.0557130817242,14.7283179349667,14.4321252669839,14.1757169714913,13.9566555102229,13.7877172252943,13.6550734836453,13.5329463636059,24.2679633409185,13.303921684606,13.1405867738736,12.9259137201832,12.6582769312254,12.3610239839575,12.03670831817,11.7147580832772,11.4032622446421,11.0604295789785,10.7480935783466,10.4210965498848
"Bahamas","BHS","Upper","Under-five Mortality Rate","Total",,,,,,,,,,,,,,,,,,,,,,,,,,,,,,,,,,,,,,33.7479105064341,33.2615285968306,33.0237424032262,33.0117787024645,33.0780259760667,33.1175744127957,33.1035556072828,32.9592663202583,32.7399367383112,32.4000034308327,31.9742487036457,31.5428115119261,31.0533314051114,30.6144822471858,30.2157956917841,29.8855188134767,29.5852415450454,29.1980362881122,28.6391033665792,27.8279502890879,26.8238073716785,25.7151705494529,24.5705221129564,23.452690314998,22.3701043629028,21.3478891715528,20.3481771362135,19.4219462600764,18.6082318141216,17.9335279017538,17.4713227242819,17.2601518994779,17.2086439963736,17.3247947802886,17.526689149412,17.7470355458033,17.8850670241211,17.9044148803559,17.8049422982127,17.5585215361162,17.2346479519173,16.857390718073,16.480260797708,16.1037050363708,15.7451267292787,15.4391146310072,15.1839049979794,14.9780174552567,14.8333996177458,14.7529819379893,14.7742523687295,26.9558798343663,15.1330287818437,15.3595765912335,15.5706144118252,15.7693060682925,15.9549935274972,16.1090549769975,16.1915289617788,16.2042878762048,16.2198142847367,16.277266999262,16.3520661527117
"Bahrain","BHR","Lower","Under-five Mortality Rate","Total",,,,,,,,,,,,,,,,,,,,,,,,,226.476274451755,217.239869792351,206.8782477774,195.6695604862,183.701553735774,170.842204488077,158.433205410674,145.82861797287,133.598717876092,121.97014802171,111.065566334295,101.038683466461,91.5903480151672,83.0541354272065,75.4523622288925,68.4989014616308,62.2051905715302,56.708412097869,51.8268530602475,47.5952109666223,44.0089534732724,40.8707526989011,38.1430369245677,35.6902199220392,33.4754525638121,31.4839377747891,29.7154641744311,28.1104802029639,26.6496324113521,25.3601199467797,24.3261894569927,23.5087017132542,22.9387266152235,22.6064863500228,22.3926705991883,22.2129893358204,21.8883476971041,21.2860541682567,20.2963598754613,18.9716731844069,17.4679082025261,15.9518794905871,14.5957368201333,13.4786781231154,12.5929579110666,11.930068929245,11.4425136307546,11.0627507383455,10.7513570935826,10.457026406478,10.1465553011355,9.79450880184938,9.38520833062472,8.96188861613429,8.54957706211439,8.1977532583617,7.90770242657025,7.6801046041488,7.51662687884314,7.38934337276071,7.31392255113714,7.27549074923796,7.28642977288853,7.34657120584953,7.4531845735684,7.59311214361059,7.73879865473024,7.84477670594242,7.88145413697947,7.84203840098569,7.67823507140151,7.44522018010766,7.13661888570328,6.78267507131541,6.41272594975775,6.06204099632481
"Bahrain","BHR","Median","Under-five Mortality Rate","Total",,,,,,,,,,,,,,,,,,,,,,,,,298.433287706727,274.774726499201,253.332768119876,233.66758467924,215.156700594964,197.649759439033,181.318721491942,166.246821856331,152.106513353595,138.948727599711,126.828062432312,115.551090930828,104.967196413747,95.2684240520047,86.3593473281202,78.1348176724394,70.6933175310756,64.0967287173614,58.191349175513,53.0324055197258,48.5346244715941,44.6479603391563,41.211767080403,38.1603099569362,35.4615977635927,33.065590830809,30.9927126867559,29.1860980876506,27.6260373193008,26.302961868117,25.2069260351853,24.3663959966845,23.7827403060312,23.4332070253868,23.2162844290964,23.0219350676548,22.7045659914467,22.0690113353262,21.0359592869256,19.6980628679588,18.1686855550392,16.6240354882006,15.2356711905883,14.0917563844062,13.1818537723558,12.4996896785114,11.9862347599269,11.5965255553284,11.2699453718843,10.9609346373107,10.626077708419,10.2543408818895,9.84163991264982,9.40509839176253,8.97850767593096,8.60385797134854,8.30038711957332,8.05739851092742,7.88481603102796,7.76310366403318,7.67736852158836,7.63951642895132,7.65605080951428,7.72318136991086,7.83752876564545,7.99325282957667,8.1830513594032,8.39274600048623,8.59987958090302,8.76694545312907,8.84433938797117,8.82973106387052,8.74215287696814,8.6217843971,8.46634045167415,8.25995061183478
"Bahrain","BHR","Upper","Under-five Mortality Rate","Total",,,,,,,,,,,,,,,,,,,,,,,,,397.833331345473,352.732989596128,312.9688301473,279.268422088516,251.965842575255,227.674465812501,207.19115071717,189.151018284335,172.658290237595,157.618841571931,144.226191596323,131.594314097379,119.547077950985,108.591977088267,98.3229704343198,88.9773536562867,80.4583884791682,72.7140982193385,65.5709300974962,59.1918873065071,53.5358000177438,48.677518282034,44.4248218235758,40.7696356396092,37.5555469838497,34.7007595721683,32.3010039709269,30.2927477090631,28.5984629726108,27.249328516105,26.1275455661378,25.2595011867835,24.6518776900538,24.2787934968069,24.0532614015615,23.8512128687825,23.5070004317713,22.8496205704911,21.7907456645226,20.4461143970341,18.894763173439,17.3219511924045,15.9121633981833,14.7289311837474,13.8007930667075,13.0980450419819,12.5606698810382,12.15526503252,11.8122090937007,11.4890893881803,11.137598050739,10.742241399437,10.313756231606,9.86244912741566,9.42086242845538,9.03569936075556,8.71789039718642,8.45918991131255,8.27038118273305,8.14621083143849,8.06449231236362,8.03417466727134,8.05014085948365,8.12318153277845,8.24977351177404,8.42403400532231,8.66254038775045,8.98019070932002,9.38208780268466,9.81236025909191,10.1666697898743,10.522335188578,10.7673443977923,10.9803025480927,11.1709593564399,11.3082512695494
"Bangladesh","BGD","Lower","Under-five Mortality Rate","Total",,,,,,,,,,,,,,,,,,,,296.183792871297,292.842618908119,287.877927867252,281.902761239714,275.590039322606,269.341887209939,263.342846743272,257.545475285527,251.97266053328,246.314354848275,240.601064655265,235.470512615191,230.50462654386,225.607174207019,221.467857514017,217.834401379298,215.083521358542,213.084716693233,212.234871561334,212.305466279159,254.213357204459,345.156047759819,215.610705971037,216.070386266723,260.218118235699,258.246171816028,213.039702229474,210.201512335836,206.506620644713,202.517707113814,198.181817491049,193.442262417506,188.579178632502,183.588172763491,178.119117915276,172.529704273435,166.400661630042,160.079640742556,153.837007471272,147.606587478854,141.588721275794,135.528402259515,129.507784125574,123.534139296912,117.440274100912,111.507282007678,105.624069858655,99.7270417306488,93.85982814238,88.1229224178666,82.6064487421852,77.4521046710896,72.7404880644043,68.4094650895828,64.4201200267514,60.8394959473659,57.5230666336898,54.4837778448796,51.7481158950517,49.2108371036963,46.9374969770879,44.7858828774775,42.7234567807838,40.7591991727058,38.8223214882923,36.9432648499545,35.1052824107646,33.348489387007,31.7911820914446,30.5575081171935,29.8979644630888,29.7398590756889,29.6574735841382,29.2387124396638,28.5546271479389,27.6041558642615,26.3464421951807,24.8946987376226,23.4677322354928,22.0305191452514,20.7063444059003
"Bangladesh","BGD","Median","Under-five Mortality Rate","Total",,,,,,,,,,,,,,,,,,,,354.820747840254,343.68707951368,333.195240005418,322.774149037292,312.83220354141,303.574948205305,294.820376096769,286.423668004796,278.37062942869,271.056385052233,263.591499270881,256.715433385476,250.211386102521,244.083840112603,238.73176975182,234.219844006325,230.854010340854,228.470800989301,227.154278701288,226.967880017624,271.030965364522,366.992504406487,228.82426451951,229.076847911209,275.66480699812,273.047397694074,224.905519522031,221.509362815323,217.232810484664,212.390050908881,207.190570588763,201.757420497955,196.235203204594,190.619524107846,184.732330238169,178.639454125459,172.286119642044,165.811881876257,159.305132051352,152.801097142593,146.47119210335,140.273772201464,134.070878088139,127.82965204977,121.581290054574,115.461075979775,109.377924332329,103.268590280684,97.1367055902591,91.1957246604746,85.513937310242,80.1922909021396,75.3144779825817,70.8406182601023,66.7625921766954,63.0298829475338,59.6041228520006,56.4831120145661,53.6428506631713,51.058980091922,48.713379997933,46.5340813702017,44.4434429768238,42.4327669469561,40.4588393040223,38.5324795847699,36.678827803203,34.9632914251839,33.4784453429206,32.2977221431427,31.438375822069,30.9016939225938,30.6612783426437,30.6066236496179,30.4978239397929,30.2488074873554,29.8057065604577,29.2522792729934,28.6648506651256,28.0256697248147,27.3282721688731
"Bangladesh","BGD","Upper","Under-five Mortality Rate","Total",,,,,,,,,,,,,,,,,,,,425.129437650607,404.879843863077,386.760251962398,371.169674729997,356.414462563096,343.674448467958,331.320150992343,320.188258389303,309.164195760009,299.206055502495,289.630050101401,280.659290320038,271.868481691707,264.082926215817,257.199096417711,251.547016047631,247.423309033271,244.513284619494,242.815690928346,242.263147054457,288.684975753396,390.250931954098,243.129324558753,243.036083574247,291.951555721927,288.652395553162,237.398164479041,233.366313787119,228.123409815073,222.360948132716,216.372721636949,210.252981084625,204.115481101127,197.909544800332,191.634127244487,185.067940491951,178.363528659167,171.606095527249,164.786665373105,158.166704707367,151.697572198943,145.219977181131,138.845077636302,132.335801048284,125.869359657548,119.541230952101,113.273643407157,106.937893392632,100.555597159579,94.3460794994657,88.4176192980147,82.9684995514016,77.9340809742475,73.3307962533407,69.0992860074823,65.239743613758,61.7478099965324,58.5657821020754,55.6186993719278,52.9653804620425,50.5681456195841,48.3766450686959,46.3158391813393,44.3143182084306,42.3122617145866,40.282681712248,38.3121691502095,36.5676289419342,35.0298671347417,33.7445216818786,32.7188444237012,31.9586583867732,31.6768680628201,32.1160636734921,33.085160192892,34.0110793925584,34.8349466671635,35.7014580267893,36.3873914138773,36.9964892834508,37.3346593057521
"Barbados","BRB","Lower","Under-five Mortality Rate","Total",,,,,,,,,,,,,,,,,,,167.222269165519,166.700397601428,164.738998073568,160.279432262307,153.69551654032,144.457471806803,133.369303221064,121.277921235608,109.323677680353,98.4845718500272,89.65775982137,82.4421920045704,76.3724776578225,71.125913716435,66.5378811931307,62.5349873544984,59.048897485312,56.0102965405718,53.3788528907491,50.893031780921,48.4873622621032,46.0828850564308,43.6997635946795,41.3787672859694,39.0904315405026,36.9046941136286,34.7571730918554,32.682742539749,30.7227137665755,28.8534323865605,27.0980050271967,25.5210836254023,24.1747798384527,23.0678126696808,22.1481682116731,21.3813245426758,20.6630622777835,19.9832035980949,19.272487137204,18.5354134015733,17.7936634479094,16.9996807183396,16.2272013131478,15.5045553097008,14.8385162248013,14.286510123756,13.8610196765602,13.534550257645,13.3194494772918,13.2197210354684,13.2259075886925,13.3323851564985,13.4854108064473,13.6568522112848,13.7797438695574,13.8261744121193,13.7699977613124,13.6418431885596,13.4605205109252,13.235261196189,12.9910867296631,12.7190744591938,12.4087620595626,12.0017015473749,11.5282781590608,11.0295458846782,10.4628843468055,9.89637885853125,9.32948973663864,8.78590496049458,8.24192522358193,7.72792764435357,7.25598415846557,6.80702995413212,6.38063499283879,6.01236573725903,5.65048130908557,5.29433590595573,4.949214564289,4.6488268045446,4.37031388203492,4.13815427477565
"Barbados","BRB","Median","Under-five Mortality Rate","Total",,,,,,,,,,,,,,,,,,,190.328889861691,184.048039791833,177.508902176187,170.070441498479,161.030917241156,150.010109270858,137.587365876474,124.639120049267,112.200056558981,101.170875312339,92.0975745300812,84.7351039907925,78.5748700040911,73.2578299832007,68.6164100348408,64.5339664199163,60.9721916999197,57.9172395648935,55.2513160380608,52.7955275016507,50.3717984235653,47.9454455849798,45.5382029913944,43.1608249904474,40.8354121579017,38.5945069095652,36.4242194257844,34.3070691063959,32.2978798509423,30.3699448577373,28.5652455625506,26.9360472914885,25.5396318535703,24.3943209557036,23.4350882545201,22.6277050796275,21.9042751388886,21.1951415027824,20.4770652482255,19.726992845903,18.9320234883591,18.1299579618858,17.3327474314128,16.5796859042717,15.9048758611254,15.3336941311362,14.8791059504273,14.5408851843405,14.3310178400811,14.2358804513974,14.2573541529096,14.358069823854,14.522435348393,14.6890106140873,14.8276952294909,14.8863099129244,14.8425345933377,14.7176475157615,14.5254387107254,14.3007453802862,14.0801526466751,13.867999564931,13.6664468300963,13.4907220741578,13.2790881191319,13.0510691792239,12.7585590041251,12.4487727142836,12.125828446564,11.7794313214406,11.440879611391,11.0817829627686,10.7419356343376,10.4120493593194,10.0965208642992,9.76397556214749,9.4703624655728,9.16931575727512,8.88987080606831,8.59649940235476,8.31856493818586,8.06011279908587
"Barbados","BRB","Upper","Under-five Mortality Rate","Total",,,,,,,,,,,,,,,,,,,215.716739997045,202.959869311301,191.591242099044,180.549417646299,168.712099113705,155.664449432766,141.810315611182,128.157472622264,115.152957982019,103.890182572568,94.6474436993001,87.1423417166004,80.8733956691081,75.4072565516632,70.7310484312424,66.5370437698643,62.9365534525816,59.8313195631178,57.1418772296887,54.7134139451336,52.2970000783678,49.8632705454319,47.4251214546446,45.0009381557795,42.6634608001507,40.3557570853563,38.1410872055482,35.9951040282537,33.9013373762577,31.9341320518019,30.1001423637195,28.4521522120134,27.0028996237305,25.7946673050472,24.8061234524056,23.935083695512,23.177751292405,22.4738584948036,21.7172340651701,20.9477718943693,20.1294950124389,19.329989072003,18.5386722288449,17.7613040075039,17.0483807820288,16.4709119435162,16.0133509212204,15.66047304776,15.4330867326349,15.3226763851594,15.3516747574509,15.4712129004009,15.6333996925726,15.8156775009182,15.9590397943096,16.0131366885337,15.9706485022146,15.8595082245489,15.6763106628608,15.4495165766419,15.2511040169729,15.1170335509438,15.079520644593,15.1569078357907,15.2743846689573,15.3801581461689,15.4957140586915,15.6470901339052,15.778122919864,15.8716879184581,15.9508599983607,15.974152471693,16.0212953259759,15.970458996301,16.0176936341853,16.0638925603182,16.0576760819692,15.9724641960156,15.8801528713095,15.7658491251703,15.6524190734728,15.4452067205376
"Belarus","BLR","Lower","Under-five Mortality Rate","Total",,,,,,,,,,,,,,,,,,,,,,,,,,,,47.9444260324032,44.6979284930811,41.2378331120821,37.7451762741632,34.4005079252507,31.4844666112222,29.0239393693643,26.9535974865441,25.3519702986743,24.057121685035,23.0487784819043,22.26325786542,21.6385994290503,21.1800033719804,20.8696318591779,20.6693585981257,20.5837850426802,20.5121377643191,20.4992420091339,20.4293075637497,20.318524821762,20.1453018258564,19.8863575337226,19.5075645998371,18.9961029534607,18.3959454171684,17.8303883063837,17.2467992930804,16.6622958494771,16.0901113667731,15.5644079313168,15.1549313554279,14.8805311389566,14.876218232718,15.0280909901911,15.2072911104805,15.3539597490723,15.3442352044032,15.1702177990333,14.7787923949601,14.161495785598,13.3705038113546,12.4603740941053,11.5434790615598,10.6578345286483,9.87560038525886,9.1873988042415,8.49526726950699,7.79329204464437,7.09518512402842,6.44906945520527,5.88996556620104,5.41346138327034,5.02751745545104,4.70842679478277,4.42752597914646,4.18385853328826,3.94810943314784,3.71876852300663,3.47672231210738,3.21005483987297,2.9146376783697,2.62002023384446,2.3640183388166,2.13760231058426,1.9406803101738,1.77903802704919,1.63830578031222,1.51656992590073,1.40691815579944,1.30757844680799,1.2154500230042,1.14198896809053
"Belarus","BLR","Median","Under-five Mortality Rate","Total",,,,,,,,,,,,,,,,,,,,,,,,,,,,55.7264091512593,49.9200364614128,44.8447252683387,40.4712814661883,36.7331280958266,33.5649156653563,30.94621490161,28.774758677842,27.0362505387737,25.6417412513539,24.5507869292038,23.7030570418707,23.0620770321123,22.559252978673,22.2117953192811,21.9913792950323,21.8682450999233,21.8067957801962,21.7350761030622,21.611016278433,21.3864929462867,21.0452551423751,20.5968932575201,20.0398157934342,19.4246077284305,18.7966200565331,18.1958182996647,17.6029594071579,17.003867208927,16.4213026574731,15.8924007430209,15.463290100847,15.2127404864243,15.1899834171176,15.3382240934612,15.5297585005902,15.6647608003931,15.6722994366546,15.4972478770336,15.1092909283022,14.4894869359581,13.6768544673081,12.7619260597762,11.8313034101308,10.9457755663546,10.148280550273,9.43167580104528,8.73509936229358,8.01286672674611,7.29464568521271,6.63990708287133,6.07378138882228,5.59327825106657,5.19184511565271,4.85941045363393,4.57510530186479,4.32499121540756,4.08852595216743,3.85431203029741,3.61598935223163,3.37140593592246,3.13064369573523,2.90968501681381,2.72991756453827,2.57839583276599,2.44868474128095,2.33133623833552,2.22947426505659,2.13926530496612,2.05913388270978,1.98127446532341,1.91068070382784,1.84758145036098
"Belarus","BLR","Upper","Under-five Mortality Rate","Total",,,,,,,,,,,,,,,,,,,,,,,,,,,,65.1203985714867,55.8805930634559,48.779173373152,43.3629027645267,39.1428443179457,35.7768827499444,32.953665884734,30.6755070576921,28.7814357477871,27.3260978991518,26.1468866335575,25.2070568506967,24.520651486222,23.9887126482659,23.6241663546367,23.4234064489111,23.2715212285078,23.2085929697134,23.0782908554752,22.9002788384691,22.5822251431169,22.0348745126089,21.3610738080743,20.5970916340825,19.8398778964552,19.1920607171874,18.5565723006541,17.9628173603055,17.3453777995827,16.7540840089868,16.2225535564239,15.7769957426079,15.5422288821856,15.5020543235243,15.6468712277384,15.8583981037198,15.9869236757659,16.0111996499197,15.8326543207186,15.4437600605013,14.828683862394,13.9853797338477,13.0714627154115,12.1263645994238,11.2313891732497,10.4176399317502,9.680699170013,8.99074587627435,8.24154074979023,7.5028224091823,6.83715125153774,6.25390520977941,5.76437853644328,5.35516265339498,5.01413246464148,4.72773948696978,4.46940153667193,4.23175884558536,3.99633421785804,3.76085000889554,3.54478237364992,3.36073741651917,3.21916341035843,3.1221848642027,3.06915797576059,3.04134228418283,3.01486610356024,3.00703835794405,3.0099680612471,3.00170104322551,3.00394982749332,2.99636678639022,2.98199528614239
"Belize","BLZ","Lower","Under-five Mortality Rate","Total",,,,,,,,,,,,,,,,,,,,,,,,,,,,,,,,,,,,,79.0430006795776,78.0760766037742,77.003019120136,75.4893999160664,73.5317593188875,71.4576714024386,69.2496639965918,67.1111075203334,64.9541868983817,63.0313094739934,61.0305572903562,59.0654960252986,57.0676901663459,55.1695155135015,53.2663091059849,51.3385337015549,49.4136574849521,47.4029582641876,45.345422826199,43.2156868318068,41.015414598904,38.8268602196573,36.7413869677348,34.6315644485463,32.6629608501324,30.8864819414095,29.2826323667796,27.9204661497878,26.7519445845893,25.8052299951393,24.9948176576148,24.2706501259615,23.5939905328784,22.9296995589403,22.289236178132,21.6591963473587,21.069970968731,20.5023337731384,20.0314009091772,19.5882748217993,19.1984719258706,18.7993172965797,18.3731156149281,17.9121878729686,17.3967869908343,16.8069572092809,16.153533548169,15.4791270679704,14.796365278349,14.1659448387155,13.6043196336424,13.1166424766636,12.7110708988891,12.3750577104165,12.0714903280641,11.7818991976916,11.4538452540992,11.0621724029682,10.6342208754789,10.1463473571278,9.59923005933552,9.07962151917502,8.53046327367048,8.01452093682391
"Belize","BLZ","Median","Under-five Mortality Rate","Total",,,,,,,,,,,,,,,,,,,,,,,,,,,,,,,,,,,,,114.917540439848,109.799763299038,105.11647327854,100.277281407995,95.9387019293009,91.965144842994,88.1143941709405,84.3624473011103,80.9820644484594,77.700750704437,74.6130606361084,71.6417506543885,68.8618021394834,66.117643438829,63.4833025454169,60.8672820372242,58.1941314133819,55.5851707354252,52.887053628241,50.1265864581644,47.3479705362794,44.5983430654035,41.9423419693829,39.4228933586589,37.0778106611574,34.916842674907,33.0435429459585,31.3687721584243,29.9276648077511,28.6454072711877,27.4759875557931,26.4049861997593,25.40138151086,24.4571072044995,23.577464525146,22.8112974383341,22.1369280142359,21.5482303292202,21.0402683305263,20.5860982925797,20.1579223637504,19.7440164855168,19.3255425502699,18.8454195951688,18.3106729866542,17.7067398478243,17.0386605495564,16.3375268984713,15.6442588818889,14.9909104042125,14.4002262197285,13.8960446985269,13.4855198106734,13.1768709616735,12.9620890987151,12.8339303113327,12.7536455491689,12.6571171455411,12.5120549342949,12.3146054360469,12.0776612527076,11.7914842569905,11.4887633515911,11.1910482137606
"Belize","BLZ","Upper","Under-five Mortality Rate","Total",,,,,,,,,,,,,,,,,,,,,,,,,,,,,,,,,,,,,166.497306112357,153.586806140459,142.738442985569,133.231130565181,125.210147589478,118.323560422622,111.953790926485,106.325828032789,100.890786748154,95.9879967420021,91.5566776943962,87.3635999111168,83.1755979297479,79.419960441043,75.7156688132989,72.0981046753063,68.5631461291084,65.1694987440883,61.5377393201945,57.9840251865801,54.5492688282742,51.0861538211472,47.7801162024599,44.7095147715164,41.9251010832339,39.3873816230919,37.1733937702776,35.153773241334,33.3520834894039,31.6684574027304,30.1308630301233,28.6610863177758,27.2838553647001,26.0524305163447,24.9162322132356,23.9950286005916,23.2580557119965,22.6215897137963,22.0908500301863,21.6370452756864,21.2159237662507,20.7685691087538,20.3147075387471,19.8117039665934,19.2549403370854,18.6587435757627,17.9584664581111,17.2498059283693,16.5352423527822,15.8856752702662,15.2824580970334,14.7598043747382,14.3381550804205,14.0527498285814,13.9330007722828,13.987517678307,14.1996265927448,14.4673282341068,14.7139863606726,14.9549388397651,15.1394366407602,15.2826329423767,15.4531957991942,15.5331184758028
"Benin","BEN","Lower","Under-five Mortality Rate","Total",,,,,,,,,,,,,,,301.506736243522,303.642662237441,305.419752748557,307.083063665735,307.822702567918,307.612958585291,306.503996381723,305.266214277069,303.073355636769,300.849795095211,298.047129107259,294.834940674873,291.542307565103,288.032151535154,284.292681529856,280.229364061277,276.06943359816,271.757840694918,267.435167472416,262.789550707094,258.441263906197,254.318958293362,250.328257364586,246.587333786866,242.843385676481,239.056692644184,235.314325227284,231.244773812144,227.040645987658,222.978380819143,218.395789933396,213.849903523089,209.279693413434,204.996052416424,200.941341668008,196.969287528194,193.243828564755,189.689493651088,186.182820722494,182.517335495417,178.897264208404,175.266899198014,171.545223903834,167.924133486834,164.131910627794,160.253371019547,156.506690980086,152.745019003912,149.063183556039,145.445561125586,142.031576909194,138.748467261083,135.537333290665,132.356634803105,129.234267721464,126.018568885512,122.882256100796,119.772314141503,116.711884694955,113.741471476414,110.94534142258,108.332727771456,105.799497621051,103.295034262614,100.832729151473,98.4151418050378,96.0118806824706,93.5199990485459,91.0770854221906,88.6060611059988,86.0221400677298,83.4503599445495,80.7375673694709,77.5682821336035,73.98756316118,70.4178890056499,66.4869240672978,62.6154284898237,58.9023675476812,55.1397266874954,51.501170769761,48.2126627715315,45.0937329602375,42.2550691587542,39.5720133357976,37.0833782076483
"Benin","BEN","Median","Under-five Mortality Rate","Total",,,,,,,,,,,,,,,367.528569790572,363.0170652243,358.781815740302,354.718971334444,350.99012919275,346.997759674386,343.284009401304,339.754327512733,336.338101066829,332.464880123948,328.796641883287,324.826645204502,320.84649116354,316.61364935929,312.177129836879,307.561601190511,302.840584089029,298.008343289085,292.884391676847,287.808175486294,282.636792102967,277.719212243022,272.97094464002,268.297129259977,264.050044278666,259.719678842633,255.28870392885,250.734953566472,245.868730664771,240.9274034963,235.855416904979,230.588461488558,225.486883642804,220.552710887957,215.795966351513,211.319076336409,207.144222604228,203.075070501354,199.122668638315,195.266021102501,191.349307893045,187.407942050571,183.470799761012,179.431320269175,175.366935741125,171.218939086197,167.043935167787,162.957501824758,159.003519506679,155.179473146859,151.517946460103,148.090138408638,144.770707947938,141.49207424192,138.257024082862,134.971206120351,131.700414079545,128.529119258317,125.420631492339,122.478219346988,119.663895721723,116.958006644884,114.409012244263,111.998579641862,109.669536752609,107.351809207011,105.101719658027,102.873584882841,100.630486838522,98.3568366151565,96.1365892937771,93.9700699397071,91.7506035802212,89.4324685136106,87.0473643712942,84.5844796159718,82.1894094337238,79.6440922497497,77.1826848189933,74.7495024695341,72.3526528168633,70.0864261683818,67.901827449056,65.7465853462461,63.5612411459216,61.4667483425779
"Benin","BEN","Upper","Under-five Mortality Rate","Total",,,,,,,,,,,,,,,435.83717528823,425.861912520449,416.872278963734,408.393647835482,400.498480051148,392.799216984215,386.559401225099,380.145102022386,374.360107913053,368.995942195406,363.822961006066,358.856578543976,354.792186181045,350.574634514981,346.152562073499,341.104118140827,335.906339176173,329.987832027361,323.889596638298,317.204548947729,310.895265941553,304.579440603631,298.631004941969,293.097628293301,287.848318977126,282.796424285798,277.932797525977,272.937631620675,267.4744195533,261.359616033419,255.304182802757,249.222046329694,243.101661593725,237.340625324519,231.819548891028,226.950469167061,222.247941914054,217.763406968154,213.414994678768,209.220907671524,205.141630547193,201.065201602238,196.892522855881,192.362440131549,187.640303589441,183.200531725203,178.667501698062,174.127795366853,169.776969453114,165.686913431462,161.75954333021,158.116639896915,154.581684602189,151.164126007663,147.801000112089,144.445788400612,141.074057093008,137.813829730487,134.61476693604,131.683056947519,128.852392777523,126.098568075214,123.677714253151,121.334774778064,119.092360157294,116.841712015011,114.838934326541,112.869323357174,111.019930168784,109.009412238517,107.307094698651,105.636693178075,103.936006636959,102.596288163662,101.916062566736,101.342571228139,101.311179179634,101.499203790908,101.604895628632,102.056111391241,102.692970617893,102.712550808326,102.640922851634,102.495136542445,102.643465001315,102.421973304588
"Bhutan","BTN","Lower","Under-five Mortality Rate","Total",,,,,,,,,,,,,,,,,,,,,,,,,,,,,,,,,,,,,,205.185713250592,204.819059188606,203.190094549055,201.226543258601,198.200935071551,194.319320065899,190.218378754805,186.293304834674,181.520584406984,176.923380869574,171.996942103007,166.986984673837,161.740051108571,157.101388826694,151.882501503133,146.441991824189,140.853626270796,135.472417534009,130.04333561798,124.72159863616,119.793277623616,115.13479109744,110.597248850645,106.324500571195,102.451118971523,98.5405844666997,94.6444204124572,90.6141111320587,86.3602293430245,81.9831935268719,77.5882837481591,73.4178547593659,69.335034861806,65.3372570732863,61.4699707186232,57.6944463513869,54.0008359853522,50.4150120957274,46.9461129973374,43.5480040122121,40.2994672066911,37.3074365127146,34.5479687738986,32.043193907553,29.7230906382117,27.6224513232591,25.6478019268869,23.8723941802551,22.2658539424128,20.6830020948764,19.224368588037,17.8081633103504,16.443784311692,15.1147780529084,13.9457166002936,12.9186546441166,11.9736650551045,11.164708028584,10.3969040784075,9.72824360854348,9.09672613165558,8.53825185530328,8.02380343822185
"Bhutan","BTN","Median","Under-five Mortality Rate","Total",,,,,,,,,,,,,,,,,,,,,,,,,,,,,,,,,,,,,,275.702133363433,269.093102697724,262.693408616811,256.541705194949,249.931139661551,243.521178865393,237.193922705366,230.376688704034,223.763194760026,216.800472650841,209.952789909524,202.750345914674,195.259073752088,187.634710052116,180.328336072897,173.412098783213,166.344300838725,159.542349282163,152.754158202555,146.201905427706,139.816763820038,133.776990277999,127.950331707842,122.439873801067,117.175198789012,112.089362746678,107.039638532088,101.972162307603,96.9214963236399,91.9752761175201,87.0743381883193,82.2262549653625,77.6660542723976,73.2014874990793,68.846576438209,64.6274263747514,60.5625528216126,56.6579055619814,52.9311228451913,49.4542174013725,46.2323654805555,43.268596562369,40.5168570446812,37.9117277715132,35.4982974938378,33.2358925458567,31.1511102332862,29.2104002044907,27.4334507475981,25.7936292763868,24.1957196248264,22.716132544515,21.3149698896096,20.0484093749014,18.9633324735864,17.9884407110049,17.1658283476459,16.4228083384222,15.7992297649712,15.2363151180945,14.6618825581133,14.1412508580179,13.6629991479699
"Bhutan","BTN","Upper","Under-five Mortality Rate","Total",,,,,,,,,,,,,,,,,,,,,,,,,,,,,,,,,,,,,,369.349387658806,353.389750201425,339.439556093178,327.583412251883,316.451981264583,305.817649122923,295.780709250287,284.826324516318,275.244512996675,264.758407326,254.559347765866,244.798785750639,234.54068222044,224.872646494831,214.690446397884,205.509253775285,196.781016852686,188.499370137763,180.328901471739,172.800810579064,164.94591280832,157.612376256512,150.321234622107,143.266805012158,136.257633172996,129.592770811772,122.642264924978,116.018540569609,109.412809359166,103.239268626347,97.4686506523482,92.0342169798021,86.8510408371255,81.743635968838,76.899834334615,72.125694244942,67.6879024137007,63.5041419803048,59.8594237954048,56.2834693575217,53.0919930178395,50.2169114968105,47.4979869309147,44.9642276784055,42.575371610177,40.2795302561937,38.1863943211224,36.0843603279482,34.12918324445,32.177994468205,30.4654368027149,28.917141875984,27.5518335452024,26.4616510447874,25.5323726980872,24.7669075151635,24.2595593788414,23.8484636543946,23.5058723970086,23.2323758808921,23.0748502064604,22.942179808572,22.9044458460404
"Bolivia","BOL","Lower","Under-five Mortality Rate","Total",,,,,,,,,,,,,,,,,,,,,,,,,,,,,,244.428145402514,243.2698850469,240.961406768324,238.346305227554,235.35816889624,231.754809057061,227.79127542075,223.493599024678,218.734190165009,214.017858264337,208.918521682726,203.54665103358,198.101457990731,192.637936187201,187.077094188413,181.210867951497,175.590586548995,170.259662232692,165.039967533939,160.154493338411,155.526199216179,151.39144080506,147.332832526289,143.157919578756,138.91204223051,134.445570346425,129.857788079966,125.159865429472,120.459950201889,115.817052972508,111.115677384522,106.535939903521,101.976271130216,97.4413455064751,92.9594254712752,88.4107350829,83.9074566124904,79.3461661956385,74.8352722277229,70.4124612739814,66.0929133691277,61.9147127621246,57.9167015040085,53.9988651955111,50.4172397908415,47.0026305355219,43.8254156660016,40.7980827906073,38.0148108854577,35.4088790206641,33.0144293534987,30.7537666025455,28.6727341635772,26.6901630725439,24.8269234692402,23.0545070917465,21.3790640823433,19.7854505878544,18.2461211291875,16.8154536301182,15.5061657912255,14.2982657002927,13.3070719841476,12.4481581533072,11.6557862876973,10.9549369639715,10.2499532511809,9.57204317868529,8.96041683441182,8.40779789747213,7.87735869865145
"Bolivia","BOL","Median","Under-five Mortality Rate","Total",,,,,,,,,,,,,,,,,,,,,,,,,,,,,,285.354768060912,279.541442244428,273.632533529212,267.815676692872,261.905254920607,255.878553520562,249.81258042057,243.801745627367,237.808872313505,231.483807897413,225.359789291957,219.165747051672,212.8375828472,206.566501689545,200.087009344884,193.7030113457,187.423392359125,181.356832624199,175.716234289756,170.352603989774,165.392987150747,160.758416890533,156.307352810668,151.894046715981,147.353529315699,142.647015911548,137.809806322914,132.860542909216,127.81233714218,122.75794769923,117.80234626698,112.972473225455,108.210950517004,103.489808811601,98.82888096938,94.1258646464966,89.4003871516113,84.6492441970438,79.9295822304035,75.2700702788069,70.7075699258731,66.3117870231101,62.1315405439727,58.1920650510934,54.4804668488657,51.0133979872546,47.7402461114889,44.6704673300734,41.8044021117051,39.1467157962274,36.6858073879599,34.4447378935787,32.3302448807032,30.3202856641386,28.435421807847,26.677969111466,25.0123478055347,23.4488574739222,21.9844221634038,20.6007277381972,19.3435948716629,18.2192731911338,17.2596051391403,16.4284124350259,15.6964579913678,15.0265912967906,14.4543775450999,13.900655780715,13.4098153310117,12.9260439628372,12.4748972152609
"Bolivia","BOL","Upper","Under-five Mortality Rate","Total",,,,,,,,,,,,,,,,,,,,,,,,,,,,,,332.266155922111,321.175233542026,310.177524940608,300.367358032243,290.791933181478,282.117621371614,273.81190308995,265.677892747758,258.163823861222,250.60749897732,243.482075977311,236.53110982052,229.261744817445,221.921966927072,214.515880086633,207.380136110634,200.487832563585,193.765941984899,187.347065939445,181.375590440599,175.982677769337,170.772976365444,166.059439434155,161.28533744905,156.580328699026,151.589150297105,146.359829516676,141.029628228102,135.741251581749,130.403916057471,125.1038140974,119.951780719552,114.938167305096,110.087210339958,105.22115936475,100.351958624091,95.3534826702232,90.4214085514112,85.4780799184597,80.6124185153695,75.713853519889,71.1108360404118,66.7343060919342,62.6736373903444,58.8618820241722,55.2417856910346,51.8911930027816,48.7638530197389,45.8960868142529,43.249954671877,40.7306710125742,38.4435842695727,36.2730090381279,34.305210274533,32.4445263940368,30.7676415822225,29.2308760998283,27.7750614001959,26.4496740496617,25.2550755311264,24.1077100486783,23.1021214473196,22.2791177956794,21.6520117702232,21.2014624087328,20.7902190003522,20.5039230210612,20.2610594739536,20.1233998370531,20.0170664986716,19.8934501868725
"Bosnia & Herzegovina","BIH","Lower","Under-five Mortality Rate","Total",,,,,,,,,,,,,,,,,,,,,,,,,,,,,,,,,,,,,,,,,,,,,,,,,,,,,,27.9011849680287,26.1697569773366,24.3446951892198,22.4802321987241,20.7726592115842,19.1934271951347,17.7391557210519,16.3679679911139,59.7745992184305,60.3938577169864,13.2271982523506,19.0018999300632,11.7810522550813,11.1306546462173,10.4989063607683,9.85538286442816,9.22418605743595,8.6293004921455,8.10528777591879,7.681020285423,7.34998585598272,7.11021607406672,6.93834509885913,6.81203499997993,6.71041245273026,6.61714971372294,6.54104543830244,6.47307684858824,6.42173173247998,6.40305279038833,6.4045549735375,6.43800759234959,6.47180852363253,6.48979957748654,6.47415361898376,6.40468310349548,6.27460771882092,6.07953225484489,5.83066398271008,5.53896852092913,6.17965800180641,4.92649184627873,4.61437167860767,4.32224295494795,4.04077955196903,3.7605962326333,3.50444785423112
"Bosnia & Herzegovina","BIH","Median","Under-five Mortality Rate","Total",,,,,,,,,,,,,,,,,,,,,,,,,,,,,,,,,,,,,,,,,,,,,,,,,,,,,,29.4239499251307,27.0404006150037,24.8939220006188,22.9588708569119,21.2101037397622,19.6252740633154,18.1854658769363,16.9028403110738,62.2907503792625,63.357044206318,13.9534583505759,20.0655448262095,12.4139645899162,11.6766348091785,10.9415260798355,10.2277045682121,9.54780638027082,8.92868762612297,8.39593523345065,7.96254513459306,7.6263245799481,7.38065431496125,7.20435138907533,7.08050359995819,6.98496444337753,6.9055452483362,6.83414504592788,6.76996125926205,6.72528398775741,6.70480788385676,6.7090219637106,6.73839766712058,6.77467255098723,6.7935366541938,6.76718884386058,6.69744294361762,6.57280932673882,6.40954808956812,6.22415346799732,6.03707845619307,6.90467740698468,5.66446321072534,5.49203530417102,5.31857139841731,5.14778311482216,4.99640983896546,4.83873353786928
"Bosnia & Herzegovina","BIH","Upper","Under-five Mortality Rate","Total",,,,,,,,,,,,,,,,,,,,,,,,,,,,,,,,,,,,,,,,,,,,,,,,,,,,,,31.0057351640423,27.9564542398845,25.4634073076713,23.4380724512501,21.6554874386263,20.070907906921,18.6556328774468,17.4465075433484,64.7954668376789,66.3937598228225,14.7083673645755,21.1996440051866,13.0889622620931,12.2516268878625,11.4098009725563,10.6101478394414,9.87976631965699,9.2338817062253,8.70175128278057,8.26192175345633,7.92664930702379,7.67798887143479,7.49777220696358,7.36955461109199,7.27267635686843,7.20469355076013,7.14198773118348,7.08951366137343,7.05287696756098,7.02790850144611,7.03567434559445,7.05749584866805,7.08891954962061,7.10042043687316,7.07936168307832,7.01375914159701,6.89300655219366,6.75739754465477,6.64617292107084,6.57275935953668,7.71868585889993,6.51405336334853,6.50973255663459,6.53387231166897,6.56299724253437,6.58999134396638,6.61064843991878
"Brazil","BRA","Lower","Under-five Mortality Rate","Total",195.015102813845,197.478241550036,199.754067781974,201.294547826851,203.255772154671,204.855785694492,206.259687075219,208.030294808298,209.140130005489,210.060758590437,210.850898377249,211.148922835607,210.688132422722,210.026789399502,208.675380820866,206.668862200988,204.307965040139,201.362255841897,198.35851007293,194.488204694029,190.426795621678,186.496460671466,182.50029731958,178.427898204266,174.972986169431,171.477958093438,167.777900694478,164.15846518076,160.702652244025,157.398944108829,153.508385739892,149.779969480755,145.626609833716,141.975771161302,138.49299671073,135.036049370987,132.102586140886,129.398992153835,126.590636416165,123.720178744774,120.656372960678,117.661068660835,114.198042678907,110.746605538085,107.353638309977,103.862356176446,100.400026026643,96.6643087775792,92.8339543673222,88.9038082832882,84.9791373784144,81.0618249689728,77.2436852827634,73.8925997888623,70.916634317163,68.2016904053359,65.640942647063,63.2669228392275,60.9544121139637,58.5444256673383,55.9906212292535,53.1907386129419,50.3033180399353,47.3683953142712,44.4815610846553,41.715024642616,39.1260467495174,36.6850632497116,34.3996206140716,32.194058956195,30.1286206111885,28.1689084960018,26.3221929546852,24.6416559929043,23.1029506529503,21.7573419081161,20.6165099958073,19.6199839430798,18.813576115656,18.1173083778097,17.4771261145494,16.893612953314,16.3708196923492,15.883160755404,15.4452250398117,16.1134941264325,14.7267746043553,14.4323611045868,14.1778677409785,13.9037585384609,13.5644191838154,13.1747281140957,12.7113626251211,12.1992405399255,11.6051177948954,10.9597513770979,10.3150264181496,9.71300071192363,9.1219140003853,8.51453346126729
"Brazil","BRA","Median","Under-five Mortality Rate","Total",222.963282155803,224.690338553261,226.687863110419,228.699031265852,231.033661372614,233.165040084374,234.929958897747,236.794282085686,238.136641319903,239.212802535274,239.656779120759,239.431105528615,238.518456696698,237.450707182574,235.724128360635,233.064522040615,230.05786260917,226.772764751346,223.04855021616,218.974745245818,214.687344620885,210.064691570918,205.397139750384,200.388812865156,195.162664940474,190.021153749346,184.907916319701,179.708683008067,174.723991339441,169.841728446209,165.003362065177,160.370637612279,156.113899529076,152.187930257991,148.523769237072,144.995725867949,141.621492351769,138.398403605365,135.277343640703,132.091197454797,128.914622616183,125.618350920161,122.268348319962,118.870484285552,115.429107929984,111.838059509932,108.040817841131,104.131707188798,100.00197374159,95.7659605292263,91.489323048843,87.3104816001239,83.3399080523956,79.7583600940565,76.532359276519,73.6071367091635,70.8507268992974,68.1431139628198,65.5104927395289,62.8269455557251,60.0518142811089,57.069875550794,53.947986576187,50.7714922327963,47.6676215238761,44.6943497207943,41.8899184615922,39.2584048526484,36.7829488581329,34.4448241168321,32.2279863364027,30.1334405068473,28.1842927889368,26.3342202253502,24.6257410661258,23.08053687576,21.7210729387766,20.5247365572361,19.4898413126013,18.6076506615147,17.8588582627351,17.238843028911,16.725539714512,16.3056981447118,15.9633303724791,16.7714572262009,15.4269646254046,15.2165628867546,15.0303456357658,14.8736123724333,14.7235347437129,14.5882501624843,14.42472321776,14.2169721106683,13.9587720864217,13.6645046749296,13.3335177095637,12.9988087181626,12.6524762841837,12.2703251065128
"Brazil","BRA","Upper","Under-five Mortality Rate","Total",255.518018338943,257.028613545243,258.924638967936,260.38324102542,262.57480536342,264.535903315481,266.465709522077,268.203382066833,269.346836957231,270.516747495262,270.588940833867,270.145149327108,269.465388416933,267.854477501849,265.755243952854,262.781783041034,259.731706768612,255.866737986205,251.664524368983,247.203362282592,242.383766546997,237.160083661909,231.444344505958,225.495497452714,219.144883415112,212.781679597088,205.53319537809,198.071333090155,190.904340084907,183.738007179843,177.692151640022,172.226586968394,167.255005836721,162.968545488944,159.06290460311,155.272023177974,151.612981224347,148.198240786119,144.65425023225,141.328336001248,137.854938251917,134.205171737558,130.787440258375,127.311134335431,123.90848661517,120.279277749468,116.355800060234,112.093860494813,107.62402163363,102.989332984799,98.4274677591336,93.9993023456313,89.8162418570321,86.0095433011793,82.6245905989897,79.52698464738,76.605261722364,73.6432842429365,70.6852362136151,67.6705934107325,64.4953447886977,61.2128582411695,57.8586615719717,54.4765497910482,51.0928830302814,47.9353775183541,44.9066566282636,42.0656655222055,39.3564892335466,36.8411356008326,34.5217226433259,32.2462768322971,30.09796494978,28.0933409191285,26.1828397029728,24.4775974528466,22.8840069424289,21.4572925652145,20.1933178232895,19.1120518936227,18.2456471001467,17.579207324481,17.1040118734048,16.7443892793023,16.5035567759951,17.451426051527,16.1540588782648,16.0259204687846,15.9350516111277,15.8957060566805,15.9869420564785,16.1686642874135,16.400195597301,16.5875976943826,16.8021831306288,17.0053080155015,17.195170660859,17.3706243311936,17.4862181295334,17.5861745589028
"Brunei","BRN","Lower","Under-five Mortality Rate","Total",,,,,,,,,,,,,,,221.505798803814,214.885959629918,206.72735362337,196.533131063959,185.17434871836,173.23000925956,160.805220264564,148.396915560549,136.566981566216,125.401710426703,114.951333288516,105.650866491073,97.1782164157567,89.7577326560167,83.2131626359527,77.534331736356,72.55473009557,68.4180226936303,64.7835193279092,61.5491830887754,58.5943989410073,55.8305914476969,53.3284070564866,50.9495594477465,48.6795830644187,46.2718619673563,43.7604132980402,41.1353198169996,38.3798551762469,35.615786037572,32.8201123348245,30.1142302325308,27.5251627348414,25.1249235680707,22.9117007792453,20.9272019320303,19.2522112206892,17.7845873193276,16.5336274689215,15.4935416083814,14.6123468824725,13.8880193454828,13.3231816392045,12.9278723074649,12.6833477012786,12.5345879000962,12.4582175009872,12.3802164633183,12.2203194990957,11.9572007085816,11.5996833698799,11.1922224660519,10.7636878777073,10.3630426830526,9.99680346142269,9.67452487740572,9.40691333200031,9.20505192640563,9.06582189377479,8.97387188705839,8.91970956985903,8.91088409360998,8.93079534282215,8.9987437795137,9.09641735461344,9.22133298934871,9.38708718125925,9.56254761561964,9.74440683712829,9.89482433432331,9.99710783719413,10.0363765728844,10.0108516281166,9.9356789976762,9.82394884838535,9.68897822798726,9.52951248803258,9.33084620764009,9.06950611339212,8.74837417647438,8.39175305189202,7.99524744405071,7.58007791117076,7.16351796111495,6.76675278043133,6.34390917572619
"Brunei","BRN","Median","Under-five Mortality Rate","Total",,,,,,,,,,,,,,,289.958256503661,269.73965651286,250.796753091418,233.205151928396,216.424640164978,200.706820999814,185.918570550772,171.815721064955,158.464950474125,145.888440292155,134.08214252097,123.289349013403,113.421418786635,104.362176822713,96.2069234053785,88.8759867864005,82.3883881251349,76.5861117323301,71.4818971216652,67.0671022166111,63.215410854287,59.8983793141635,56.9519279419388,54.2833780366466,51.6978934988267,49.1146152989949,46.4019933634492,43.5933902231928,40.657382487956,37.7507466814089,34.8546898280412,32.0845756614164,29.463167257755,27.0339694680891,24.8025715902799,22.7738069442156,20.9441644052343,19.3322460559476,17.9074528056311,16.6827633121933,15.6600287403294,14.8301547415782,14.1866782271927,13.7467515842836,13.4678361175865,13.3029998127966,13.2146408482075,13.112959434089,12.931913071576,12.6553990005388,12.2952473007363,11.8745704362925,11.4306759835684,11.0128594946961,10.6313377984902,10.3049574897116,10.0364014003411,9.82938357481382,9.67709993068772,9.58174369112591,9.53529225502006,9.52805564514565,9.55829605710408,9.63239026486255,9.74051802718956,9.88266718564952,10.0420965623879,10.2254460524771,10.4012017072129,10.5582413952365,10.6683842466413,10.7184517390497,10.7090526265713,10.6405214212597,10.5321747453464,10.3966903196599,10.2695162507707,10.1521424152418,10.0523383887837,9.94387286682065,9.80016313299833,9.61323541035611,9.40986273493347,9.17949468912701,8.93886747135291,8.69082821403303
"Brunei","BRN","Upper","Under-five Mortality Rate","Total",,,,,,,,,,,,,,,385.055993394113,344.283461136754,308.624382795681,279.212254253138,253.938292055437,233.006115752669,214.52714187524,198.340904420412,183.034835680961,169.147312996396,156.235381582927,143.941262621265,132.53518104207,121.644263289349,111.59208374947,102.143484125018,93.5236783547957,85.9022825806376,79.0734203807589,73.1931030021305,68.3370878662309,64.2730597860477,60.8841571662772,57.8154520471613,55.0123838619431,52.1505643702019,49.2306465998156,46.2205168098157,43.1152868162409,40.0140857379753,37.0534591530055,34.1963409863848,31.5742998018624,29.1015169128809,26.8433076214901,24.7227922657696,22.7516661872853,20.9839989070642,19.3776432036231,17.9597772420181,16.7667719270655,15.8117510496004,15.0910763212035,14.5932430713143,14.2895074541995,14.1212053262404,14.0042533788485,13.9042304854975,13.7059286189476,13.4247157819242,13.0452463941055,12.6151101290606,12.1757087005978,11.7381548711668,11.3345048041145,10.992850722874,10.7108705254924,10.5047130878659,10.3439121131669,10.2333413832199,10.1862570266104,10.1743320502766,10.2304683874506,10.3095133057619,10.430533877815,10.580164716088,10.7530877826315,10.9438464948132,11.1348740996853,11.2823170049181,11.4088717671699,11.457054639739,11.4529009438512,11.3876386104198,11.2872261149484,11.1781741462735,11.0805660699637,11.0603802415546,11.1287171813013,11.2685294445618,11.4200299929907,11.5295258837465,11.6491024073819,11.720886395066,11.8299490477693,11.8730712674126
"Burkina Faso","BFA","Lower","Under-five Mortality Rate","Total",,,,,,,,,,,,,,309.995713868175,317.493841688618,324.071113881136,328.696993628612,331.507657540309,332.595135926526,333.301927043909,331.300381889415,328.703813946123,325.994020749371,321.824846498174,318.064990155907,313.619296742656,308.541933388914,303.938588843757,300.059478053911,296.812868631581,293.165773350967,290.458746024519,287.826271349962,286.306029017996,284.729613663533,283.913099684997,282.918372497307,282.568611303861,282.064910372325,280.675376769346,278.335032088671,274.81325670765,270.265857198829,264.114115659754,256.892223860067,248.533973655824,239.996521859802,232.006767904284,225.320378909734,219.263422175449,214.053566927451,209.296507954307,205.067762854453,200.872871025204,196.625366088396,192.442351452158,188.729503827367,185.899018886279,183.743142568116,182.482950267652,181.922144411786,181.708147521211,181.305008008042,180.451432736056,178.851148552297,176.641140472809,173.829074987704,170.710441412173,167.330274462793,163.539991719015,159.494728395054,155.070739861824,150.029232483253,144.645364449795,138.714986729478,132.424477145119,126.22268542358,120.157251543296,114.317602009404,108.692260721986,103.402926178298,98.3564113927416,93.3637489945327,88.4927022755802,83.5561057626985,78.8172706073244,74.2630531312588,69.7501792552475,65.3045107637823,61.0586166065828,57.1733420552015,53.4790812374507,49.9518949630585,46.8012917831815,43.911263491683,41.1518853605897,38.7721620330461,36.5514411260566,34.2639389387198,32.3873689958677
"Burkina Faso","BFA","Median","Under-five Mortality Rate","Total",,,,,,,,,,,,,,395.741979208857,393.232543810623,390.204943707184,387.903753923155,384.763770866569,381.722151973263,379.161362774204,376.166626527723,373.133376109986,369.658203163155,366.116629180027,362.626231077086,358.738005905615,354.732010756576,350.778232790981,346.862582394527,343.076157756261,339.05543227083,335.517278824525,332.060397659594,328.732663349359,325.704892138936,322.73807944095,320.059332459014,317.467930185052,314.474889494913,311.443138943507,307.837646551675,303.010856635742,296.863044501204,289.191961343701,280.060062968374,270.135033658135,260.485576155473,251.498615935371,243.572903454632,236.711281292569,230.891308974229,225.761694287612,221.178374919646,216.652948846137,212.223279504745,207.903362239482,203.825986666931,200.496507755408,198.129976923421,196.553675736756,195.695000728159,195.259141249518,194.647931362459,193.67860229317,192.014864235251,189.614921706551,186.664838783322,183.423954859304,179.828030490302,176.005107718852,171.861572965384,167.33237379806,162.316197212657,156.774117021735,150.752560515924,144.378960636509,138.090890898643,132.08183870847,126.484638473427,121.30089623265,116.590307357788,112.269246321112,108.195568300443,104.333708520317,100.754965618567,97.4259499335102,94.116269447001,91.0326365555653,88.0912982469623,85.1248372652755,82.4152639469581,79.8139740479789,77.3590276942138,74.8904128304467,72.4459514082291,70.1056991864688,67.7990201118087,65.5290179389376,63.3412506689334,61.0090100387652
"Burkina Faso","BFA","Upper","Under-five Mortality Rate","Total",,,,,,,,,,,,,,505.904807206236,486.64642928344,471.190808889095,458.244337666924,448.37371421152,440.416257910508,432.66264821311,427.35162351467,422.008586963478,418.790392992774,415.335165093753,411.538636472364,407.88424122146,404.202333551824,400.583887460576,396.880461421862,392.876675460886,388.98960709442,384.145970010705,379.495176497923,374.763842899566,369.827429031478,365.01186487108,359.908363324677,355.292559568041,350.51976959391,346.124509197059,340.857897982658,335.20325741641,327.023308162763,317.613025688465,306.211612765863,294.606954422794,283.413071870867,273.452880525191,264.716812982696,256.733277876232,249.651550584936,243.828339659264,238.332440587516,233.179851412323,228.241732090054,223.324519569478,218.884528633816,215.345786835523,212.671108179739,211.007635698956,209.928735576643,209.418401012828,208.768516468477,207.713357500622,206.057442654564,203.54242030412,200.470076605041,197.148677077635,193.491711586994,189.737687233237,185.669987701576,181.080380735663,175.977957977982,170.270477580359,164.067830238955,157.608920261098,151.036032340298,144.920713164829,139.484812444323,134.816706544583,130.739597985355,127.61320720919,125.161846054772,123.486848689538,122.222411338733,120.994694264123,119.988066465476,119.673597650073,119.015932844908,118.347165522978,118.619766689594,119.00256405892,118.990445561889,119.069009644715,118.623276485812,118.19876480567,118.339996229434,117.710178131762,116.600130072164,114.825200932345
"Burundi","BDI","Lower","Under-five Mortality Rate","Total",,,,,,,,,,,,,,,,,,,,,,,,,,,,,,,,,,195.082779830327,203.170173155606,209.569465877037,213.374574012174,216.866406466611,218.78365845875,220.257593024974,220.916384955937,280.670009902064,221.730072730433,222.091866774475,222.048869013809,221.122998475943,218.427032518765,213.852814903966,207.494264403018,199.626778771369,190.785903385872,181.085406198868,171.274218552861,162.497958867651,155.900760332305,151.930934261222,149.909777749461,149.817561661837,150.189504665664,150.748163257229,151.502399730961,152.076088622397,172.306785324579,151.929746140485,151.037570216991,170.710607109573,148.200008814396,145.620385129567,142.184939691917,138.146053185457,133.304520881212,128.125659317078,122.646870718771,116.56889660644,110.22371181074,103.486604151211,96.8158826138309,90.1232799022054,83.7334791809295,77.7833788221434,72.183941122508,66.3355406860079,60.6454313136327,55.2091927521421,50.7833927697395,46.6932407938576,43.1855889311323,40.042599440584,37.2045847553396,34.4261937608425,31.9929141051036,30.000434935475,28.271482690983,26.6512657614251,25.0870682692196,23.6581797232559,22.2452599493313,20.9982656970219,19.7113078056492,18.6434053207249
"Burundi","BDI","Median","Under-five Mortality Rate","Total",,,,,,,,,,,,,,,,,,,,,,,,,,,,,,,,,,240.16490570405,242.014497825898,244.224903112838,246.37196305625,248.013567978738,249.087317607312,249.799462258873,249.988732702288,317.474145823195,250.186724296615,249.828322914261,249.312452165187,247.89582332455,244.922477887468,239.631458932615,232.313004758053,223.530526479159,213.442989050304,202.88409239255,192.732891137904,183.863918061021,176.925704508124,172.034076576893,169.151067595501,168.061097600377,168.136826629062,168.638550172219,169.27863175007,169.716656313403,192.178339430303,169.361090075146,168.249533456666,189.565401373716,164.120657775691,160.814476777407,156.877981884049,152.387308951996,147.524498286016,142.347965342302,136.618446072048,130.409107793627,123.704138696102,116.558600969313,109.455801151727,102.646358649877,96.0843437000628,90.2153712917402,84.7182706323911,79.5786237774959,74.8864431448066,70.5792139319676,66.9375505532429,63.7037324741168,60.8766598590854,58.4852601324362,56.2182400715095,54.2724374104505,52.2696425120978,50.3405514960702,48.6836722800881,47.0576894611973,45.6564439517516,44.1464153692698,42.5861475039276,41.0998072072918,39.7904450078949,38.5131128158083
"Burundi","BDI","Upper","Under-five Mortality Rate","Total",,,,,,,,,,,,,,,,,,,,,,,,,,,,,,,,,,292.331119361891,287.495585899332,284.104247376995,282.762235817963,282.175772842001,282.120503216728,282.152807018188,282.009433292583,357.342184791496,281.12204128483,281.059462318045,280.281131427324,279.02944349868,275.630118094286,269.461209606461,261.013384186715,249.990022383142,238.832512408438,227.306284969668,216.327491615689,207.302627507261,199.971453198875,194.42815047591,190.68401057981,188.58146887318,187.719515544947,188.619616296019,189.391672624005,189.693230992242,214.689236583611,189.384156351819,188.104001041516,211.356403797589,182.293780502884,177.972349519262,173.427185877462,168.702974716222,163.730398505417,158.545410756189,152.796261136735,146.436671296137,139.068196227093,131.368912767287,123.736602135306,116.797786156361,110.523395422608,104.775807648629,99.5667629690241,95.4679131800637,92.1621190655464,89.7533169217131,87.8064137968242,86.0846423877121,85.0809358332097,84.3902030963964,83.6319539611986,83.1210265169144,82.7325960587407,82.291887497037,82.3922424833205,81.5146901307279,81.0496084683311,80.7223950238174,80.4510001550509,80.1237631782376,80.0936116138672,79.4390783907911
"Cambodia","KHM","Lower","Under-five Mortality Rate","Total",,,,,,,,,,,,,,,,,,,,,,,,,,,,,,,,,,,,,,,,,,,,,423.826232706264,466.673279996341,471.449904764392,455.004204371154,183.172226969602,161.642865874087,143.12628614149,128.334678535953,118.145911656425,112.834287679912,109.610484872769,107.79471606879,106.832686048929,106.575313481273,106.770745598062,106.869276064103,106.972480631052,106.789818525575,107.372112567097,108.549933266684,109.557415585441,110.06223622689,109.181806111501,106.868799441454,102.650718113836,96.0192433262445,87.5441112859239,78.0019162611972,69.4725231247174,62.8345875616812,57.2937234736057,52.454743870929,48.0369758580651,44.0103797006728,40.2956319457913,36.9084270455823,33.8292589755393,30.795271177787,27.9501432013825,25.2793979912449,22.603592158444,20.0297635644291,17.6179991836138,15.4083042327294,13.6476480677987,12.1487917752505,11.0404048706472,10.1855994193826,9.37418854240569,8.62802479236108,8.03433220063793,7.47346527378883,6.99943198466454,6.48176753779057,6.12426857381581,5.79307877633844
"Cambodia","KHM","Median","Under-five Mortality Rate","Total",,,,,,,,,,,,,,,,,,,,,,,,,,,,,,,,,,,,,,,,,,,,,534.999944538244,551.268541588896,543.024109006727,518.744624094563,207.280669282448,181.464082723745,159.14098067102,141.896649166619,130.577172179353,124.153517722208,120.568019902384,118.360445160778,116.93869465258,116.254158155068,116.202145849009,116.250167685577,116.255710107782,116.398231813717,117.033853991238,117.983425334225,119.019289403982,119.517876608638,118.838955026505,116.545417814671,112.105156140934,105.178946844918,95.9521589846209,86.1820189674702,77.5023551110125,70.3904863672781,64.3881669246981,59.2817759124006,54.8798901386674,50.8409977773455,47.0254400353483,43.4894819494611,40.2685423733594,37.2443068901135,34.4735883128034,32.0150305141193,29.5997584708346,27.5059604991866,25.6489878103982,24.0769841725391,22.8045723041133,21.7744476370575,20.7986541685618,19.92769626507,19.1256442134768,18.4100437767092,17.7305875176984,17.1089809923544,16.4917575185662,15.9815885269542,15.4307375292168,14.9153868911889
"Cambodia","KHM","Upper","Under-five Mortality Rate","Total",,,,,,,,,,,,,,,,,,,,,,,,,,,,,,,,,,,,,,,,,,,,,664.15525092359,649.107053785436,624.790408569353,594.084411436712,235.778119251901,203.905827850621,177.094175844973,157.221076444033,144.251720690502,136.410536418815,132.115692581126,129.167162178619,127.367570054852,126.569047088882,126.096883022129,126.26621177521,126.075735360631,126.382909141004,127.08108376963,128.143803052049,129.482729003148,129.789132763271,129.300178914092,127.102230993894,122.52023910148,115.05615605302,104.906051216733,94.8057178005702,85.8718450843452,78.5136968031633,72.3774451794776,67.2407557757961,62.977045938884,58.9179317650946,54.9392168965554,51.3211113847649,47.8328005793755,44.9648368468709,42.4748003716504,40.2022186984077,38.6135516680072,37.7035848007829,37.4797475751734,37.475068105429,37.8455971311517,38.065075928892,38.2614012959565,38.8232014177513,39.0443946015034,38.9687681389474,38.7007408985619,38.6598262151449,38.3474998321294,38.0473275748296,37.5663731801359,36.9183438265164
"Cape Verde","CPV","Lower","Under-five Mortality Rate","Total",,,,,,,,,,,,,,,180.021731390988,182.082083917357,183.980835516752,184.300960029164,182.591796491326,178.955920457107,174.496150546265,169.474833244843,163.862842696376,157.973938970369,152.230200695815,146.700024427182,141.072828124239,136.135070461021,131.338316837577,127.082841792302,123.033713881485,119.337311034124,115.31361394068,112.481521819912,109.489355161933,106.201605037606,103.373298165156,100.202104358453,97.5699954965139,94.5552588115051,91.6451760046784,88.6182525632807,85.905266078143,83.6126310940923,81.4668302907111,79.2766193399155,77.6011616893204,76.1594629724822,75.2432270382122,74.719488836113,74.2991356246291,74.1545012703816,73.7052863385049,72.5501692650976,70.2990545901871,67.104220731334,63.3326031465001,59.592864294329,56.5926602307409,54.3455717244059,53.0149131647914,52.6270222014174,52.6120575813839,52.5786568244933,51.9701995868575,50.1679023091874,47.0972089232058,43.1350324269039,38.8967474153682,34.9188502304141,31.7052486362805,29.4694516870453,28.0241949102701,27.2958850351854,27.0494275499897,27.0335132195915,27.0549750496255,26.9259263818255,26.5156472023878,25.7339250629432,24.6119430043495,23.2339662678835,21.6182217172648,19.9220227528917,18.2472598388179,16.7298777509187,15.4265703267463,14.3168570822007,13.3763201212993,12.543255497778,11.7517529516227,10.9918230718078,10.2715973110018,9.57044095044349,8.90231902912863,8.27692828234991,7.7004024499926,7.17111366590965,6.69908523309424,6.25185486961191
"Cape Verde","CPV","Median","Under-five Mortality Rate","Total",,,,,,,,,,,,,,,237.622903231492,231.568665938262,225.529340132976,219.888879634255,214.33895657728,209.049081972904,204.003326534093,199.416847083225,195.078512324157,190.799338684287,187.042950004268,183.699252449382,180.450579600226,177.47583667415,174.56627580944,171.442268779711,168.118364918114,164.780817050269,161.639421619912,157.891462067799,153.583448431086,149.121801623295,144.1872827217,138.789556676273,132.931864476361,126.685489264053,120.48236248172,114.099538313607,107.78766612927,101.650043003326,95.8744732870774,90.7588200611452,86.2402548753663,82.6567633326327,79.9627814143644,78.1176347114944,77.0752165472564,76.4549606102611,75.7916118342711,74.5791298775967,72.547826540591,69.5563077622919,65.8647997685719,62.0997038297866,58.8218520878323,56.3744448623385,54.9549063620957,54.5524404157764,54.5833366903464,54.4675981471294,53.6710926285909,51.6874216067594,48.4076583931418,44.3476781531957,40.0151498148129,36.0095012019431,32.7686623422656,30.4736216746401,28.9981896279942,28.2466394562575,28.0083995602745,28.0190105179688,28.05227075898,27.9254077336802,27.5006484934306,26.7380131175692,25.6308877022275,24.230477255784,22.6076429261489,20.8713887577397,19.1517261742155,17.5750219889484,16.2141986031638,15.0584090506102,14.1125718903304,13.3253771048488,12.6652040777827,12.0986579007689,11.5966612393976,11.1393454162454,10.7210800488841,10.3439264216352,9.97100957168252,9.6246052906751,9.2974372790073,9.00411971556693
"Cape Verde","CPV","Upper","Under-five Mortality Rate","Total",,,,,,,,,,,,,,,312.777802468561,291.88700117202,275.170772535943,261.806773330039,250.908000637957,242.997635859076,237.550737578663,234.428822792787,231.9959721231,230.851743930401,229.895960390826,229.480874136685,228.655876352615,227.997531616908,227.05805657824,225.453692612246,223.027533760488,219.530316298758,214.539077247349,209.985091796898,204.04016801028,196.422758637727,188.269836825551,179.328998784011,169.392365454736,159.326945904823,149.204214968805,139.085284155934,128.80544840252,119.107104829176,110.299377759527,102.317677217063,95.2451386750817,89.3846016911941,84.8969350315893,81.7528999291726,79.9050095734163,78.8427741485213,77.9444569296772,76.6381458957862,74.6764611399584,71.942778682094,68.3489507089625,64.5881791022654,61.1066190157884,58.4580832164724,56.9419234531103,56.5304170292891,56.5779001520033,56.3667266314098,55.3600380461723,53.1925654523842,49.7662840826156,45.6204400751466,41.1958581517265,37.0969413239468,33.8262107372867,31.5144026216808,30.0601277927597,29.3025620685086,29.0378552766993,29.0474527261781,29.0843436153117,29.0002907157444,28.5667257679433,27.7902994215794,26.6837493170353,25.2582034936775,23.6508293450118,21.8596139724277,20.0928706863482,18.4631554202065,17.0396847275317,15.8579791505676,14.9188253010497,14.2074357249273,13.7108640367025,13.3567802591097,13.1307653243837,12.9737361970835,12.9066126698712,12.8899343088056,12.8651962495165,12.8422214654782,12.8700348791202,12.8930873476206
"Chad","TCD","Lower","Under-five Mortality Rate","Total",,,,,,,,,,,,,,233.169754968105,235.581166918013,237.799659115535,239.633912821862,241.301352396874,242.062972626487,242.495601929902,242.524944334451,242.546803371625,242.196382131941,241.428192825316,240.82289650867,239.912117860455,238.987676924322,237.652896267791,236.390829857122,234.992748570495,233.873176627918,232.846127366459,231.502246002688,230.403045497144,229.191282649626,228.13117531408,227.180090092731,226.376779446985,225.718342679069,224.918989496799,224.202412122533,223.507372373392,222.864470823187,222.021595252743,221.463300140988,220.965650064586,220.201354946462,219.324487912756,218.173130476116,216.859704413934,215.169181251392,213.394311098741,211.42280215295,209.282266449209,207.077655274485,204.717283346426,202.306937599132,199.858207767156,197.222899975647,194.684215302713,192.121311952194,189.632269087935,187.203540012594,184.93035609555,182.53926672463,180.151080075478,177.458580894674,174.414281308566,171.157907099521,167.988050846199,164.67650793333,161.429498417473,157.946156763571,154.512352177861,150.770558418215,146.961856253683,143.086973023688,139.061680356275,134.828880199615,130.509847985068,126.142756050743,121.748118723668,117.189437956482,112.693369467101,108.012520108206,103.368677874989,97.8267308410718,92.0685738029706,86.9859287189619,81.725145326505,76.4814061664901,72.0980708790225,67.6241084428012,63.2758541056783,59.6997392348723,55.9292512735443,52.2578549402473,49.0884985454056,46.200210775706,43.5712213604627
"Chad","TCD","Median","Under-five Mortality Rate","Total",,,,,,,,,,,,,,287.05429013259,285.719766934888,284.255805171567,282.820389624817,281.425498571911,280.01053343408,278.673993818872,277.345956763484,276.108860280338,275.03499613268,273.978188594972,273.041421086214,272.089044335029,270.975901336627,269.858792550162,268.721090820157,267.644303941107,266.603835107837,265.290555628696,264.124509483946,263.094211889008,261.719831727513,260.489107938839,259.124066147399,257.732879591997,256.37350310022,254.878034319461,253.460244653883,252.046780026033,250.742879903361,249.200051140037,247.738810745529,245.992826955165,244.338910553701,242.728154184695,240.937025242905,238.880719410952,236.594844311533,234.207653720351,231.614021813486,228.896520588528,226.051140721661,223.285681488315,220.393696792718,217.398958876918,214.321221717277,211.405990129498,208.448368609185,205.534996172436,202.814766582118,200.182580790575,197.505606344614,194.725867885275,191.926189409193,188.963329592928,185.77259271607,182.432785172706,179.021182437262,175.61401533222,172.279896066298,168.84377177169,165.395298667131,161.785067803146,158.100555466946,154.343794046351,150.518834714492,146.705402139895,142.932502166091,139.265235807963,135.788475315547,132.276727375431,128.694820752403,124.974728420566,121.35708559909,117.602849195513,113.978599483247,110.585968644095,107.251964458977,103.875691081879,100.581424805735,97.257531378838,94.1290269982057,90.9737947503932,88.019038303757,85.1309762571522,82.3213812282411,79.8392741547631
"Chad","TCD","Upper","Under-five Mortality Rate","Total",,,,,,,,,,,,,,350.88372181238,344.132246891359,337.990607534447,332.74595021502,328.02951047591,323.881023165466,320.109734652643,317.341206885415,314.894545179616,312.328127434167,310.819598575295,309.010033097744,308.068262976594,307.08467916819,305.763537967571,304.881620615907,304.032669150954,302.790155731491,302.050085058953,300.476368848739,299.558029285828,297.882044052232,296.183758900293,294.213129873473,292.045729285528,289.992938284506,287.625915428676,285.336734865371,282.991302786755,281.162715408991,278.945952756881,276.577024035872,274.383736249148,271.964391439685,269.942836232562,267.233993189134,264.424613609306,261.580714832917,258.302481519341,254.769284963822,251.191005320589,247.482288242597,243.622847738188,240.079886842862,236.435073577847,232.868174355252,229.251539360968,225.904713191244,222.643453032365,219.5704897132,216.616612147338,213.575800067113,210.873971995965,208.059968760424,204.89853518509,201.590562934881,198.290570228218,194.905005555517,191.467773822923,187.979658838877,184.549733541233,181.223216671174,177.866847797448,174.318783593487,170.965185302624,167.695772109303,164.405468501111,161.207805842614,158.63138336287,156.256856754589,153.905088013802,151.703797659747,149.762605242853,148.686273718901,147.828239217262,147.165573887979,147.366867131527,147.831212708415,148.627361944742,147.964579221167,147.577674941466,147.345102506384,146.5899299931,145.391706909533,144.877935216467,144.478087310776,144.603046962486
"Chile","CHL","Lower","Under-five Mortality Rate","Total",,,,,,,,,,,,,,,,,,,,,,,,138.487555857299,143.845709799851,146.502199714557,148.966148309758,150.775398546457,151.204985194238,149.174651391185,145.678684708657,140.12344497466,132.657893310041,124.022257280448,113.24326037966,101.82384750995,91.2186158600646,83.809499784441,80.5254210049547,78.6981806280266,77.4567470148788,75.6325733839437,72.9912065173445,69.3628289284133,63.4003208626104,55.5773949946241,47.2702298180387,40.5206377021733,36.0621195672067,32.4206465619231,29.1825736408659,26.3247142132372,24.0751271017367,22.6578168625221,21.8074647713939,21.5737067565458,21.4551751070274,20.9545951971633,19.9674841242269,18.5831071373273,17.2212866868047,15.8967548450903,14.6480801023383,13.6039697382831,12.7460461678916,12.2741431466985,11.9742160945632,11.6298313057407,11.20103914806,10.6453160483053,10.0988071247693,9.59131467173876,9.22064684945511,9.04205192689287,8.90253275198089,8.80865715873549,8.71876226432834,8.6325538216961,8.60448082671574,8.52814258445351,8.42046920792761,8.25422863881351,8.05757855239041,7.88846075477532,7.70090102216004,7.56621219773803,7.40233247308743,7.14846972839557,6.84479710944475,6.5857164992641,6.5586289314012,6.63745817478153,6.66494190348481,6.4651966342823,6.01247935787515,5.47512893438036,4.90934695125325,4.41930184459828,3.997141647182,3.64402165839031
"Chile","CHL","Median","Under-five Mortality Rate","Total",,,,,,,,,,,,,,,,,,,,,,,,149.917406683146,149.039708969376,150.142306628496,152.540071740103,154.432615037257,154.625386567593,152.810773820096,149.039608816573,143.338692438109,135.861593205164,126.678465086436,115.988823298287,104.130789811151,93.3934718299104,86.0082395318249,82.3490023139107,80.6618656626669,79.2481058029352,77.4166172258301,74.8194473972536,70.9544880302408,65.0078991624018,56.8412606765882,48.3976441621327,41.6344153443321,36.8880458194437,33.2029157602017,29.8595815180594,26.9239542934849,24.6640176749652,23.1756252804425,22.3371668510298,22.051505946087,21.9411612176211,21.4699788281253,20.4140695713608,19.0343607198929,17.6137811986744,16.2532364157234,14.9992249760115,13.9021174236929,13.0671868577242,12.5626130830678,12.2451063290761,11.9114436958251,11.4496085706248,10.9005495295981,10.3313382801396,9.81968196908487,9.44936095403428,9.23864857918772,9.11713966258582,9.01121442623308,8.91484509384522,8.84631866829446,8.79829107979011,8.73233615890707,8.61225040245651,8.4416212682624,8.25216524796188,8.06351815193011,7.89401007521921,7.74598977299084,7.57448350858782,7.32311308342756,7.00409634092297,6.76624327683003,6.72907291855273,6.81661207588512,6.85753793034064,6.75285448601544,6.5666572989738,6.36414067921118,6.167384019438,5.98117849389661,5.79161483282333,5.61536864552119
"Chile","CHL","Upper","Under-five Mortality Rate","Total",,,,,,,,,,,,,,,,,,,,,,,,163.127954859136,154.483343090603,153.861647113273,156.187948253484,158.237338574432,158.033286008862,156.536595782766,152.454574273276,146.687364661966,139.211208117139,129.595724125508,118.876414048941,106.530718128103,95.5758696708202,88.1691849977975,84.2199553060509,82.6605005842076,81.085960017193,79.2016831297108,76.6543361629642,72.6002210061008,66.7410526163089,58.180552791572,49.5119954992797,42.6989907722776,37.703690659078,34.0237282593389,30.5802551176611,27.5573381734384,25.2782293712022,23.6911513909259,22.8893022169204,22.5569371258512,22.4487213625371,22.009786662813,20.8752536084701,19.5049291898434,18.0122898857507,16.6192090494047,15.3600597815547,14.2050349881969,13.38882816179,12.850024968234,12.5319397241409,12.2094685294442,11.7075704263844,11.1619154210266,10.564194744201,10.0447970208812,9.67677889359591,9.44194690798696,9.33684102872071,9.21737211873038,9.12048677278969,9.05873884248509,8.99103000102251,8.94508529251894,8.80576456920474,8.63555130559528,8.45177178640579,8.24582976889055,8.08965206756105,7.92257054331619,7.75552350682749,7.5085889754853,7.17134129574353,6.95251498120569,6.90354675211338,7.00581955673453,7.05898550208549,7.05462973606128,7.13817452817701,7.30483125223284,7.54408584128951,7.81667693403785,8.0443507851888,8.26511044848768
"China","CHN","Lower","Under-five Mortality Rate","Total",,,,,,,,,,,,,,,,,,,,,,,,,,,,,,,,,,,,,,,99.5811653595968,96.5576438011277,92.7860156180545,88.6674605993117,84.2010712921315,79.4215286970289,74.5989161008913,70.0376059405259,65.4829781665608,61.438817708576,57.9205686971458,54.8680943055725,52.6096468468177,50.815378984495,49.3976372902367,48.5493486340242,48.1560138990956,48.1777191182168,48.419165765341,48.8607548622504,49.2973866587452,49.5031952066574,49.3394875809882,48.8027657354499,47.8024506039434,46.4652445053117,44.8013699132395,43.0224544368658,41.1347644259395,39.1012848635961,36.9703200428777,34.6742735692483,32.2449486502171,29.7501145702059,27.254582326297,24.8458879948297,22.5864995027513,20.615574040294,18.9076216368991,17.3949638863233,16.0598473073567,14.8309055511873,13.7345021198864,12.7041230559506,11.7564807802479,10.8994643963948,10.1026696318529,9.3806197995169,8.72798986941503,8.12399693154714,7.57024890383998,7.06254794776687,6.58294537971753,6.10759369606669,5.62912495918789,5.15827584725882,4.70743162442458,4.3132732679117,3.96738518869524,3.65274135061374,3.37405015941007,3.11693153245052
"China","CHN","Median","Under-five Mortality Rate","Total",,,,,,,,,,,,,,,,,,,,,,,,,,,,,,,,,,,,,,,117.994297103015,112.095176894618,106.301513989908,100.783341864046,95.2030026407578,89.6802924206742,84.2654158009321,79.0666448651801,74.1537219337948,69.7568153745834,65.9236299317485,62.6196691658717,59.8754125541874,57.7089502986822,56.0606757395897,54.9309966234243,54.2241647359826,53.8675815917465,53.8092406169941,53.8525874583349,53.8042558757734,53.5822604784091,53.0277798198134,52.080707919739,50.822400233328,49.2453453799331,47.4390019735281,45.5391790997866,43.5112745772254,41.3563073455238,39.0786604091702,36.6390764650876,34.0711246578012,31.438671298228,28.8326923103931,26.3285757057296,24.0160776065577,21.945565114723,20.117761664375,18.4905079870065,17.050500289894,15.7493618193781,14.5616565457882,13.4832676947184,12.478452178051,11.5630905938135,10.724110967119,9.95659899922271,9.25320932750009,8.61271086101501,8.03259068810958,7.50126071365988,7.01035186934289,6.55824898498903,6.12285931932728,5.72393504988453,5.36487779866427,5.06726957865694,4.81958632601039,4.59713411756338,4.40579132758386,4.22169108157213
"China","CHN","Upper","Under-five Mortality Rate","Total",,,,,,,,,,,,,,,,,,,,,,,,,,,,,,,,,,,,,,,137.593985928188,128.260891583836,119.974601929284,112.982338735851,106.37705665802,100.145473703425,94.2617013007042,88.548847027872,83.3781875093126,78.5882327696162,74.470151927549,70.9516154377392,68.0549358011489,65.6104844592452,63.7517713740666,62.2648397467727,61.2349127004598,60.5227156160772,59.8694005029431,59.3299942524935,58.7427682475244,58.0827369261517,57.1103539160366,55.7783462449184,54.0989198826845,52.271479227021,50.3372340003668,48.2801918062556,46.1469447718312,43.8736088507392,41.463782407842,38.8992361867668,36.1631229772433,33.3397775553164,30.5527859050959,27.8847254162644,25.4577040851784,23.2593794396182,21.3133702583657,19.5903292399905,18.0732651609173,16.7014892959553,15.4481699263099,14.2961817194659,13.2397953525549,12.2587528498122,11.3776961169636,10.5635315376869,9.82919588137179,9.14800309397883,8.52988332558903,7.97513131970435,7.46291665670392,7.01700783961723,6.63330322488428,6.33884222240026,6.12478794986681,5.96149358599423,5.88501021966636,5.81008975205655,5.7436727772848,5.72699532145375
"Colombia","COL","Lower","Under-five Mortality Rate","Total",,,,,,,,,,,,,,,,,,,,,,146.697217572624,144.694424944221,142.264582808415,139.456992505575,136.444605791143,133.248636662077,129.795088604313,126.424622671991,122.997124091893,119.661015428055,116.433219317926,113.132399113885,110.047357504405,106.917604785813,103.941750753756,100.84424718347,97.7163905206803,94.4288841494771,91.1061042615377,87.7178923596882,84.2489955938323,80.6664335501575,76.9989489410253,73.2672835689029,69.4780844156284,65.7005824735754,61.910996656852,58.2554595218691,54.7275715743396,51.4808194328176,48.4780893190713,45.6242832289207,43.0693888697581,45.6150174317255,38.8079514742966,37.096092456002,35.6248427844765,34.3086758680237,33.1041552129534,31.9479125452394,30.847928820431,29.7619776945621,28.6777454915244,27.5947863669957,26.5981366589611,25.6285484901701,24.6794144277415,23.7773127890393,22.9732684226669,22.1974844712476,21.4541555248801,20.7263316657072,20.0295721728177,19.353585551942,18.6818981143474,18.0118048236191,17.300064381623,16.5806296371812,15.879903113537,15.1315105960108,14.3794785386601,13.6851210868831,13.0077322965162,12.3346891930483,11.6435290579462,10.9937373094407,10.3563978332976,9.72735316261704,9.11485452284307,8.53750355014092,8.02480640194583,7.53748860193354,7.11180580957159,6.69148831625567,6.26974299598851,5.88555959066876,5.54106901261961,5.23413624392147,4.89521787728422
"Colombia","COL","Median","Under-five Mortality Rate","Total",,,,,,,,,,,,,,,,,,,,,,178.183384067937,172.193240403395,166.603103325496,161.163231310318,155.715069982947,150.463374261526,145.41365772817,140.546871121977,135.842989590001,131.35800049585,127.000526421571,122.91171735367,119.1018118985,115.517520672688,111.918112668382,108.346659263949,104.85888672325,101.297296732168,97.7251039374547,94.0810555311578,90.3136240332335,86.4955078985741,82.5220900359474,78.4681376280656,74.374261978035,70.2716989622006,66.2633412265706,62.3889724094047,58.7174612201204,55.2603668491333,52.0547874126507,49.1154993137973,46.4413888503993,49.2954781735991,41.9574970281879,40.1252804259207,38.5230425842573,37.0942957686883,35.7791665071311,34.5357825906835,33.3374148884254,32.1753859488697,31.0243028356299,29.8919357681713,28.801649336099,27.7715409028392,26.7960840129272,25.8716751182725,25.0196206862467,24.2217272239496,23.4554602232445,22.7432939614811,22.0514155087654,21.3770895541144,20.7240626140777,20.0871889962274,19.4536880917393,18.8331264183974,18.214994154173,17.636415461447,17.063752539639,16.4960779122556,15.9559765183574,15.4532004409525,14.9599173143277,14.4712170256591,14.0058083025444,13.5483694194186,13.1224989101624,12.7034667304577,12.2985950093403,11.9097697812873,11.5409091968491,11.1736721347504,10.8274884838947,10.4573488584033,10.1174745265243,9.78589366739164,9.48631345441968
"Colombia","COL","Upper","Under-five Mortality Rate","Total",,,,,,,,,,,,,,,,,,,,,,216.690038294419,205.339838745979,195.125263677809,185.885671585453,177.599395278351,169.778051790493,162.758505129819,156.024808730619,149.856658237334,144.091963244413,138.676787189585,133.544791154739,128.745727807512,124.446852256723,120.409923954546,116.529107465993,112.638196338813,108.916120006891,104.98698922272,101.033275460145,97.0552511619677,92.9712709216725,88.6335433996331,84.2654204014914,79.7790750784222,75.3048844116673,71.0588547254144,66.8765775821615,62.9471893903454,59.2840808816813,55.8797246762187,52.8273049698419,50.0433496994284,53.1543040167758,45.3049719671412,43.3319785945515,41.5885240560747,40.0008929581716,38.5625524319159,37.2236629332733,35.9533926194559,34.7034364489333,33.4812479001138,32.3510482848536,31.1843349676592,30.1079501635826,29.0904392116641,28.1418598452964,27.2575473421574,26.4422168311291,25.6843614944507,24.9538973580491,24.2628143992336,23.6081598129702,22.9979392098627,22.4026882519203,21.8297340555602,21.3172650546943,20.8729250454677,20.4500433927172,20.0598582001124,19.7360696480922,19.512996947687,19.3154485541266,19.1825175918327,19.0809220032105,19.0329360094371,19.0235509162465,18.9948082640542,18.9314250489987,18.9676502537103,19.0387352510309,18.9969736703147,19.0809917868211,19.0015668002065,18.9665322590423,18.9830814946179,18.8596356705296,18.871520642454
"Comoros","COM","Lower","Under-five Mortality Rate","Total",,,,,,,,,,,,,,,,,,,,,,,,,,,,,,,,,,,,,,,,180.284930003378,180.122954070615,179.150943828656,177.943264617179,175.149547402672,172.328895204774,169.384438062136,166.110470936834,162.005012545917,157.683708111276,152.896736770011,147.920835614738,143.03405377214,138.112598240432,133.256700830397,128.498650468227,123.828146401666,119.499293801936,115.183559567944,110.997203507876,106.633414045696,102.298989012319,97.8242803830887,93.4739643267893,88.9956806103147,84.6336540536671,80.6585824869786,76.7330539132313,73.0088165719745,69.5661303635218,66.3704089681218,63.3209742272194,60.2464769062284,57.4963841886682,55.0459618287306,52.6248333408569,50.470634476816,48.5622353263203,46.8502560139593,45.5555093815953,44.3478530115956,43.3444167813096,42.5166918292922,41.6433577382855,40.8643157961184,40.00243554342,39.1510076281448,38.2118857045059,37.0166671737398,35.9022103347819,34.5826262245482,33.2578023136006,31.7101970085554,30.16517492006,28.6047252591886,27.0374457138853,25.5074577543625,24.0163592580785,22.6418350264312,21.3910465165285,20.0930718817661
"Comoros","COM","Median","Under-five Mortality Rate","Total",,,,,,,,,,,,,,,,,,,,,,,,,,,,,,,,,,,,,,,,232.1240366676,225.930779008762,219.968835222129,214.310211783533,208.408205412942,202.657831926736,196.816517136733,191.032913793305,185.186051000272,179.287059571413,173.450206989459,167.583694621037,161.79329499207,156.135722326801,150.606028324958,145.154696602731,139.989063930302,134.934118196583,130.037615317699,125.237375389732,120.473134916407,115.755115405973,111.11098766339,106.510029782208,102.050846023803,97.759022493421,93.7350763361805,90.0145166767388,86.4395479861472,83.036499954169,79.8658048113412,76.7715865226264,73.7894257813725,70.999287207487,68.3301855711673,65.8327169171313,63.4178353516756,61.2390950357402,59.2073969313136,57.3240310786965,55.5594612036873,54.0064609469682,52.5474162671923,51.2125088952889,50.0252597703319,48.906893775743,47.8514545394338,46.8588547986506,45.8498175995742,44.8398483640025,43.7215005841554,42.5886454376546,41.3710666956507,40.1859199193298,38.9734472132848,37.7623003434221,36.5177128108798,35.431475677936,34.3471275318074,33.2477940201984,32.3087925435219
"Comoros","COM","Upper","Under-five Mortality Rate","Total",,,,,,,,,,,,,,,,,,,,,,,,,,,,,,,,,,,,,,,,292.887875032028,279.781150989958,267.866352224862,256.937734038755,247.20702031399,238.334860856408,229.54636893411,221.122373115602,213.273247614248,205.777958593931,198.227533128449,191.290214118057,184.66721138946,177.889797517508,171.23122808844,164.795405321528,158.685787765153,152.708553692886,147.025071611035,141.176867464555,135.355572170773,129.913338218923,124.721570266401,119.873216013086,115.254536401383,111.017056075954,106.951895743947,103.242447887338,99.7467376327141,96.318221185685,93.0641152710243,89.9345855396906,86.8225478191302,83.8550167215997,81.0772004280353,78.2574596481062,75.5657903956426,72.9665400101153,70.5137218766212,68.2114434985602,66.1285101362763,64.0012895775966,62.1521779620719,60.4158990462516,58.8334539013895,57.4132376347613,56.1422479146263,55.1139918267638,54.3226693347485,53.7690226293397,53.4502964093502,53.1199279108963,52.8477182485413,52.6926515675168,52.5691590756403,52.4084673923674,52.6082605826149,52.4005879698122,52.2507634816467,52.0742269913203,52.0850713586403
"Congo","COG","Lower","Under-five Mortality Rate","Total",,,,,,,,,,,,,,226.903235725836,234.886622678228,241.321106048672,244.959006333532,245.32338188888,243.343313863602,238.759392366035,233.084452241797,226.350091956174,219.098874818632,210.494708494879,202.317658310762,193.707918651101,185.609778628512,178.088373470529,170.825372360296,164.263042783742,158.881680233628,153.253395546211,147.897038202626,142.840322587731,137.548311891857,132.550980632671,127.249007744862,121.322556832404,115.68043153126,110.541820659675,105.584504839507,101.219010023154,97.6422579882865,94.5959730331187,92.0494563337895,89.7654134458085,88.5802585415589,87.6234139362851,86.5589594029894,85.849277062186,85.0386165638718,84.1633873084511,83.0204735997637,81.7262475591944,80.5551777441265,79.4779351919764,78.720601712985,78.4815636985099,78.9088648647565,79.9813869166678,81.6125620811416,83.9624355631703,86.7141962506889,89.8829315604629,93.172827206457,96.3455130254207,99.4052404633612,101.171204242925,101.58512101655,100.41870123187,97.6708516488253,93.6866608475135,88.4686895543294,82.6048586132131,76.4175836080696,70.3527655281663,65.0433952325246,60.47556399547,56.5168608896751,53.0341648093868,49.3356330604988,45.6510252571913,42.2188940296733,39.0805040884385,36.2793047888877,33.779989494322,31.5238208179787,29.5728007182057,31.3442294973401,25.9155722267319,24.2815003457981,22.7934826940851,21.4485699008633,20.20871947608,19.1241763259473,18.0606909133955,16.9407829413135,16.0968590475898,15.3955791313224,14.5558621880944
"Congo","COG","Median","Under-five Mortality Rate","Total",,,,,,,,,,,,,,317.403407303032,310.320036649609,304.22758105013,297.446854262881,291.085254334059,284.352005406763,277.300689601979,270.051736767052,262.798995507482,254.672504763113,246.2239997048,237.400072689347,228.250729105473,219.09112142971,210.03442965369,201.491177490643,193.476711967155,186.198011739748,179.153093183425,172.699910663029,166.502387266794,160.777235393024,155.351860803245,150.122549626097,145.260871234287,140.874978336571,136.630339887491,133.029769165863,129.670997397711,126.510437082919,123.26640017759,120.376492603617,117.629098686916,114.744147546162,112.15888172244,109.609492364677,106.999071756494,104.414871205698,101.953862906685,99.3178266463071,96.6991675721509,94.5485782387569,92.7516515811949,91.4404625637025,90.6153890521667,90.706956549445,91.5458816247944,93.088472472868,95.2566869899779,97.929824308601,101.144520230069,104.494260148615,107.965779955811,110.96848963411,113.204044308195,113.702852310524,112.465252672966,109.342222521529,104.623596682549,98.9128385789806,92.3185607775096,85.7299479883276,79.5012012781863,73.9380187577542,69.1526506356928,65.3367895197491,62.3773148661783,59.9549342048576,57.9290430401881,56.1851472598724,54.4709843954326,52.6852469740668,50.9734226412847,49.2826126342883,47.587729678048,52.2448816269801,44.5071766533034,42.98191847914,41.5393445329617,40.2958795510943,39.1124114644673,37.8561288432685,36.6460574656342,35.5797139654832,34.436496714407,33.275602902926,32.2629825554903
"Congo","COG","Upper","Under-five Mortality Rate","Total",,,,,,,,,,,,,,443.405184789885,409.610517944596,382.978019711885,362.582711648714,345.921023639298,333.720140330164,322.820322965129,313.274206596383,304.690122834468,296.086383507706,287.318185659304,277.681175568592,267.655531433724,257.348114740471,247.940978723982,237.525899663582,227.390113504224,217.786652185755,208.819854409299,201.265709764386,194.195160365709,187.831204931278,183.109757092172,178.409626486769,175.23217913162,172.959685639892,171.329092526169,170.058281290552,169.388621220116,168.008183133611,165.578263388797,162.346088075333,158.480900611441,154.077789447288,148.794277362127,142.84820555046,136.619143628993,130.724351792519,124.656794768017,119.45448018224,114.695113206044,110.855596403886,107.867510059789,105.3587639684,104.228896598642,103.949225559846,104.470243015442,105.799493767035,107.638534594732,110.422255883385,113.697255099477,117.03730676226,120.683285102329,124.137590497839,126.491554467334,127.506934351462,126.212901270099,122.836602459427,117.503534865989,110.963110805987,103.787501475155,96.5739153579083,89.8388259153408,84.0081735039898,79.190521184998,75.3389317303333,72.6038708394668,71.3946711657133,71.392738189569,72.2127946548801,73.4074014823111,74.1425119308697,75.101547969267,75.8187644849275,76.6725389621919,87.133687062082,76.9692137340469,77.4391441162759,77.0034639794104,76.6990403716189,76.4021444358261,75.6891905863294,74.8017537079151,74.3872412562837,72.8683558314031,72.1260054788084,71.8616966549294
"Cook Islands","COK","Lower","Under-five Mortality Rate","Total",,,,,,,,,,,,,,,,,,,,,145.147899781009,142.780208315861,139.440449049855,134.764211659883,128.856582443862,122.238692356979,115.195841897214,107.834326730589,100.204696291893,92.8098388087062,85.6768353744251,78.8643272477928,72.545704595499,66.6212362252189,61.1833868817817,56.1213281317387,51.5294400552972,47.2104813773021,43.4056506588348,40.1582803539247,37.3159360694842,34.8685153171193,32.7362316970883,30.9487897883766,29.4460032973172,28.1486721493184,27.0779049875272,26.1074391248856,25.3052476062143,24.5795397473986,23.8645569208403,23.2435312558182,22.6971518117334,22.282954189618,21.9417312649711,21.6504257685215,21.4696469600198,21.4002485637887,21.3462321433275,21.3410234494784,21.3493972832832,21.2675803179017,21.0797975959895,20.7896872451356,20.3386138676382,19.7006598532092,18.974929187816,18.1253941748797,17.2965419207469,16.4944533144277,15.7849444055606,15.123090519393,14.4656702225564,13.8155013721707,13.1482985456988,12.5312301624391,11.9598365072696,11.4320984882615,11.0291697294067,10.7469843176986,10.5726312411068,10.4867192812854,10.473684140567,10.509077327227,10.5652311651917,10.6286324119609,10.616677417168,10.5192008922453,10.3314527712765,10.0725876277381,9.69988614069176,9.31995132852578,8.86084161232603,8.5048233934547,8.08656222747124,7.6714203523019,7.29461718877885,6.87834479339773,6.49844000750556,6.16333256639227
"Cook Islands","COK","Median","Under-five Mortality Rate","Total",,,,,,,,,,,,,,,,,,,,,192.75474124029,181.756495854629,171.641406561668,161.801706480085,152.595846919816,143.666469421348,134.833679396544,126.075670990189,117.654428632489,109.404168164668,101.482332471174,93.900270999178,86.8170232222807,80.1730135149518,73.8765432134381,67.9334868072111,62.4435390285595,57.4765898288354,52.9926886676005,48.8854947476486,45.3466236610109,42.2878572452832,39.6315138566518,37.4436082236471,35.6592144014336,34.1033660966624,32.718678719802,31.4604404248125,30.2910539929073,29.1929154510542,28.1955728493493,27.292778824659,26.4749973108945,25.765014223136,25.1279177096951,24.6174085049177,24.2497483085126,24.0046175802601,23.8543321760495,23.768827373245,23.7239802312244,23.638591016562,23.4872669058573,23.1826897740477,22.6996063658979,22.0469875070116,21.223887320358,20.3322116979302,19.472918481111,18.663382044254,17.9013843739038,17.1799422802718,16.4953860324769,15.810511253094,15.1383487610448,14.4952099067979,13.9083435370483,13.4187885219566,13.0471452317987,12.8164461683887,12.7228820857283,12.7692063779229,12.9142742507488,13.1349505113142,13.4039737237993,13.6813943277363,13.9623423971045,14.1976529263406,14.3254497921118,14.3029343149138,14.1550718103349,13.9183634479106,13.6489778166717,13.340655667132,13.0439836095127,12.7149323471395,12.3560471383279,12.0148016061681,11.6604164878404,11.3100780178563
"Cook Islands","COK","Upper","Under-five Mortality Rate","Total",,,,,,,,,,,,,,,,,,,,,269.07883582002,243.00871641102,219.684541494026,200.035275662003,182.887683118312,169.034189376805,157.375744391853,146.815989058801,137.468239170064,128.502482415211,120.053772312205,111.968761078124,104.074579807642,96.4505340895501,89.3048450843336,82.6884046309543,76.3433985087669,70.4157390657168,64.9801813080786,59.8688899716351,55.443061861945,51.6414394574192,48.4208539266232,45.7113887613846,43.4225880141516,41.4525759522997,39.6366264240616,37.9308696652987,36.3002371044208,34.8109704441063,33.4079716218721,32.0598421870824,30.8231961504981,29.7040673159735,28.7181821726913,27.8767713101085,27.239567857566,26.8031994224576,26.5755956590359,26.4254976731052,26.3816822155908,26.352214305392,26.2149622790156,25.8705251416828,25.3026442870756,24.5951963335978,23.6955420393208,22.7736599561461,21.8281781956526,20.957533128697,20.1888360925302,19.4441420399441,18.7424294221483,18.0667083173247,17.3876554691183,16.7624241969972,16.2300070114656,15.7854127870058,15.4821969660023,15.3602160971391,15.365326301904,15.5484141514385,15.9006722379063,16.3198569727363,16.8799166417331,17.5097632232368,18.2520875487027,19.0257393279515,19.7230649337499,20.1468354915596,20.4450828932997,20.6542066697604,20.7774579493943,20.8758356807025,20.9458924630847,20.959562493548,21.0166612195476,20.9720434802153,20.9818726856311,20.9384368368012
"Costa Rica","CRI","Lower","Under-five Mortality Rate","Total",,,,,,,,,,,,,,,,,,,115.90242013567,118.438851523195,120.145588225802,120.838365565573,120.720664306856,119.667719107474,117.462011113254,114.04641637305,109.435692073792,103.991727142009,98.6825204053607,94.3141360143859,91.9738147340053,91.0487220585857,90.6090823612893,89.9703501239289,88.528587716189,86.2351313270614,83.2712818924332,80.1234179129335,77.0533712718816,73.363755688545,68.8221810267415,63.3360735931682,57.2578595196831,50.9044107596904,44.5247625138369,38.4903314755549,33.2062087202507,29.0050074701479,26.003957348358,23.9920731270996,22.9325606802007,22.477534425654,22.2691618847711,22.0573096319148,21.587052246615,20.7626705284564,19.6599481061955,18.5166735648674,17.4767797347782,16.5819308886503,15.8988318578203,15.3876528143348,15.0211624288382,14.7792282787455,14.5773353558953,14.4035335996579,14.1574982497309,13.7981329662372,13.3229083707621,12.7891661888438,12.2956289740305,11.8700096301372,11.5205109056128,11.2642456167334,11.0619170883527,10.9211189980856,10.7952965735638,10.6460759844579,10.4623339702218,10.2098213197662,9.91513519572186,9.5894035622697,9.26433090007,8.98573678816634,8.76345725948083,8.65117710978645,8.63583888530304,8.70005893479722,8.84319500785704,9.04199884008663,9.296033583165,9.55416069962792,9.76032706790529,9.86911068931495,9.83408382530824,9.64616294143635,9.29366888926327,8.86172724286939,8.40172179122375,7.91931072874662
"Costa Rica","CRI","Median","Under-five Mortality Rate","Total",,,,,,,,,,,,,,,,,,,132.245525335481,131.266083480028,129.966589763019,128.66405317564,126.891057654254,124.556121521955,121.350595467908,117.023645763391,111.786397789931,106.086959022575,100.532090649317,96.1498659740361,93.7387917414325,92.7940897193505,92.3632934492344,91.6132910185461,90.2084556927955,87.8508570936099,84.8325358359858,81.6616770477731,78.4898343925696,74.7697590025685,70.0927346360219,64.4963367851758,58.3024549626511,51.8181868694343,45.3645189293306,39.2208526922167,33.8417399298064,29.5738779640697,26.4830935598143,24.4488791350225,23.3541723248842,22.8955831971488,22.70048737725,22.4715760767737,22.0040904318178,21.1570106714276,20.0443648350641,18.8796173203653,17.8246743013859,16.931753987069,16.227681511982,15.7101489145179,15.3400937632555,15.0893103174327,14.8996726265622,14.7141690875644,14.4687586140102,14.1062075460694,13.6192048989862,13.0880244713846,12.5892280422688,12.15755131301,11.805300067456,11.5383079445685,11.3449077816553,11.2005782518237,11.0736697324156,10.9280474890009,10.7323773639945,10.4826772025381,10.1753945834329,9.84160004992624,9.514923023195,9.227326124411,9.01484894605783,8.89877581634622,8.88464904822865,8.96046766863536,9.11540470784588,9.3300613263991,9.58363308938919,9.86385223004865,10.1469645038449,10.4067106356307,10.5956990814245,10.676368687938,10.6488136693994,10.5493972357203,10.3785799413987,10.1950199632523
"Costa Rica","CRI","Upper","Under-five Mortality Rate","Total",,,,,,,,,,,,,,,,,,,150.292284945494,144.848993736822,140.324849838861,136.74328952512,133.257441474366,129.595795172751,125.364807001525,120.031258021416,114.153887861974,108.143933283043,102.387754770145,97.9350841717224,95.4439376076276,94.5464989198456,94.1713957179244,93.4039092696496,91.9939916166643,89.5122035400768,86.4317737647762,83.1982485931135,79.9463144172817,76.2047503740754,71.4020698795624,65.7323084893759,59.4341533967189,52.7594832495216,46.1813953217047,39.9203580233953,34.4632735882344,30.124123016726,26.9665901453132,24.9071352678895,23.7877698175261,23.3215435053332,23.1318191600545,22.8952406151704,22.4344004096297,21.5627749359426,20.4239396065888,19.2567064832106,18.1811799565522,17.286482175697,16.5801555537112,16.0437032820151,15.6820438198913,15.4239948640997,15.2348985480496,15.0408753549628,14.7888994315873,14.4220973686048,13.9191458504923,13.3951031780158,12.8918850631377,12.457576818413,12.1024019044028,11.832182273991,11.6382819925596,11.485786257154,11.3511769314442,11.2061698569118,11.0036103022829,10.7570927985881,10.4409531197329,10.1001829727993,9.77227636847205,9.47883642384229,9.26433581945213,9.14813722106291,9.14001210557304,9.22400107149707,9.38412872944063,9.61228431929605,9.87995664158452,10.1821147685357,10.5460728603918,10.9695625436153,11.4336258005978,11.8520485813926,12.2393798345304,12.5791188105298,12.8636474224967,13.130196718739
"Cuba","CUB","Lower","Under-five Mortality Rate","Total",,,,,,,,,,,,,,,,,,,,,,,,,,,,37.2222701663926,39.0492762347923,40.4741846859832,41.2945401378568,41.4143264865592,41.0675989632916,40.4103925412365,39.5536987115455,38.5650697445417,37.5138026405033,36.2823786398447,35.0538992751408,33.7204677365466,32.277865574127,30.8049635878328,29.2295650441957,27.6865085106166,26.0838896254196,24.6134200086316,23.19497049913,21.9011342020794,20.7672271549498,19.658672748337,18.6455035574746,17.734937969883,16.897845857513,16.1088374532055,15.3267823804472,14.5853637069173,13.8874300035613,13.2142628483447,12.5729370903009,11.9523735660634,11.3929908181588,10.8532243301726,10.3368136135003,9.87539507072984,9.44395038419401,9.0264374738663,8.64215385597242,8.27522282547596,7.9478167530523,7.62312145660283,7.33054550023563,7.04427699514248,6.77701291617628,6.52471152405606,6.29999650890726,6.09722885428801,5.90844225433864,5.72981714176703,5.58619303001348,5.46673618013707,5.37883729435618,5.32413241410672,5.30323800882745,5.32863619255436,5.38796879115707,5.5004827986717,5.6728421642616,5.88672806595478,6.17086254904702,6.47136511715065,6.76399848346765,7.03613557980592,7.24064792639798,7.38392806633815,7.41754328882637,7.35598895037026,7.18053583760335,6.92023569184163,6.63526946354049,6.31333285099084
"Cuba","CUB","Median","Under-five Mortality Rate","Total",,,,,,,,,,,,,,,,,,,,,,,,,,,,43.5608297518961,43.8361359161981,44.1469840827778,44.3897927450091,44.5277942804436,44.4752819225335,44.2057607155002,43.705027586641,43.033684938939,42.1134216701939,40.9807713001115,39.6489429262509,38.1439337510661,36.5175917729627,34.7527533781299,32.9229988272994,31.1558561198641,29.4255527980211,27.7760137011187,26.1952127507391,24.7656957690675,23.4198957361988,22.1892993078044,21.0642758260392,20.0174036850975,19.0553166637426,18.1518982847548,17.2957451992509,16.4686901744061,15.6576884440957,14.8849618244106,14.1467302892876,13.4526029403183,12.8134342755443,12.2056901737767,11.6409386751124,11.1131262973361,10.6180150284828,10.1581356116989,9.731480334631,9.3192342373866,8.93541284760459,8.57442450593811,8.23480778141408,7.92277000001148,7.62273218820791,7.34895198793705,7.08999012358315,6.84809321809787,6.64245770210808,6.46119462696949,6.31475540473399,6.1950648518889,6.10305615731781,6.0524906321966,6.04051564716689,6.072433070966,6.14265478542013,6.26267180423991,6.42591036768837,6.62717495883602,6.87889314724024,7.16438651296405,7.48746671657466,7.84699996334868,8.21345738133801,8.55942060004985,8.86017939591258,9.04380549438957,9.12826554293493,9.11745798825877,9.04808780852323,8.91740108615675
"Cuba","CUB","Upper","Under-five Mortality Rate","Total",,,,,,,,,,,,,,,,,,,,,,,,,,,,49.994161303152,48.8103748470011,47.9862123831254,47.7312073956153,48.0220779639254,48.5232309683113,48.9337111804571,48.9575306474656,48.628817930392,47.9110888846613,46.7870980583048,45.3255598396964,43.4955735945935,41.423974441911,39.3413610775326,37.191382964234,35.1481365032694,33.1637485012148,31.1945470103952,29.4450529540088,27.828157064486,26.310693623041,24.9351927225486,23.6869289029868,22.5277101166218,21.4183578628378,20.3783222865343,19.4174099708543,18.4757045321862,17.599577385885,16.7658646738684,15.9462137905244,15.1491295008583,14.4175746320264,13.7364495189771,13.0719538695475,12.4899809719644,11.944814048724,11.4283528900336,10.9249209970374,10.4915754397485,10.0631993293126,9.66221143351025,9.28647108356397,8.9218905868372,8.5666937216773,8.24811090481394,7.94763346717843,7.69828631949297,7.46663969450344,7.27068952416934,7.10479193260092,6.98057625133157,6.88934444184497,6.84371672311065,6.83210859471447,6.85614577486762,6.92915072613518,7.04196228734096,7.1955282929058,7.3997493647339,7.64122620858362,7.93756160783101,8.30427255719329,8.74807255343165,9.33543002430455,10.0502497096835,10.7955579902977,11.4234364400134,11.9409865261684,12.3467802982426,12.6583908084747,12.9342816266612
"Djibouti","DJI","Lower","Under-five Mortality Rate","Total",,,,,,,,,,,,,,,,,,,,,,,,,,,,,,,,,,,,,,,,,,,,,,129.610806656917,129.190303602002,128.33728049393,126.525519828381,124.208946005805,121.951246625485,119.136018223519,116.421014641492,113.625321112235,110.527924951956,107.846648727445,104.972074251674,102.456600208448,100.111209070279,98.0116171836598,96.3577576278947,95.4452760619521,94.1998705914107,93.2167209847898,92.0933166398131,90.7610863493651,89.2883634164606,87.8122127002856,86.1124202127552,84.2148570011512,81.9765800959874,79.6657329885076,77.2513219937772,74.8694606351901,72.273557567393,69.8901684333659,67.3956742994678,64.7056241098374,61.7458317870738,58.6626962783744,55.5065702450776,52.535275039358,49.6334072632697,46.8905971850466,44.1493265390133,41.5947002350902,38.9487446589321,36.6449544915756,34.6313983715783,32.6154427025071,30.4529575098593,28.6622645683638,27.0793663960878,25.3930523334791,23.9558948340946,22.6950259085742,21.4280584886542,20.2811387268303,19.2042858779509,18.1740332187131
"Djibouti","DJI","Median","Under-five Mortality Rate","Total",,,,,,,,,,,,,,,,,,,,,,,,,,,,,,,,,,,,,,,,,,,,,,169.516656888854,164.487935013529,159.751531790142,155.228243523382,150.944598181977,146.873079224318,142.712623303181,138.66525082373,134.629340602735,130.664325636019,127.15285841782,123.787296475894,120.716224992503,117.849317674519,115.257569932211,113.075261257502,111.296982207993,109.628938801111,108.234025814966,106.890081874211,105.508400826207,103.998520375358,102.281719840723,100.53197883085,98.4553534732521,96.299604746975,94.0013149064516,91.6223303636803,89.28922354372,86.8994672255784,84.5706837353728,82.2718051457744,79.9124747608562,77.6590661120991,75.5298731541442,73.422858582322,71.3271877440063,69.2049089536081,67.1949488326006,65.1634291486018,63.2008377649948,61.1747024889461,59.374353848928,57.4932179975805,55.6748779427141,54.0074980011065,52.1479626379603,50.5057840831968,48.8576538344729,47.1341873705277,45.577624171007,44.1477108911542,42.7586455712846,41.6355789777645,40.3751712868838
"Djibouti","DJI","Upper","Under-five Mortality Rate","Total",,,,,,,,,,,,,,,,,,,,,,,,,,,,,,,,,,,,,,,,,,,,,,222.209293321295,210.824831226075,200.800145121963,192.417809134446,184.719138065756,177.471342493539,170.842812104001,165.026803217964,159.262913891615,154.206563908558,149.482300621015,144.92153975916,141.016837696632,137.388139085333,134.075337810165,131.459904546057,128.863582755139,127.006751994999,125.584314963425,124.672694650816,123.786438024485,122.50598075549,120.90616631509,118.969211850869,116.635411476249,114.584429846496,112.356199817705,109.995656852696,107.715877901033,105.691221828263,103.631576406757,101.810415509562,100.39608486886,99.3316666611553,98.385836076008,97.6304809833552,96.6334028899552,95.7761010854188,95.2641762431466,94.964881076698,94.7086543349042,94.2786666263518,94.1247322671273,94.317786973296,94.0544085742167,93.1911090024078,93.065085943637,92.6612438754591,92.5913453241137,92.7393452730966,91.784801847987,91.4159159084526,91.7356117962068,90.7882865482552,89.4021154173806
"Dominican Republic","DOM","Lower","Under-five Mortality Rate","Total",,,,,,,,,,,,,,,,,,,,116.408091008735,120.054739666,123.280462056275,126.266472663501,128.988889714891,131.318195021935,133.363971617608,134.907588477303,135.976164687693,136.410807111498,136.515285848485,135.87081793367,134.859277553064,133.21818457274,131.241048691952,129.001655182483,126.721285685741,124.093334646703,121.496471284141,118.799138085017,116.004717518396,112.786798743744,109.386318534287,105.759202940877,101.95682133049,98.0120371930625,94.3220937183557,90.76277016762,87.3675005397817,84.2075283105583,81.150173812787,78.1651157737123,75.2955563164413,72.4953372994024,69.8425182080263,67.2477461871943,64.7901134506864,62.3904642839582,59.9782704175289,57.6924597491076,55.3443050134614,53.0937233964885,50.8572543463146,48.6164023331849,46.4143536505524,44.2961158550747,42.3649066031424,40.5692963989623,38.9936892279339,37.6344044403248,36.4679440503822,35.5058067066689,34.7027165185673,34.0408102281867,33.4906721879903,32.9905367852966,32.6052821959609,32.2013926705826,31.8967926687584,31.598725637535,31.3469650890229,31.0325670661213,30.7442154393947,30.3724527848485,30.0226460684089,29.5281672391252,29.0035633954964,28.440722910178,27.7477232812091,26.9390768778818,25.8038517945679,24.679454946265,23.461400232104,22.2567460038041,21.0195534401358,19.7612098288708,18.5814558826248,17.5415429722303,16.4899644358587,15.5324064028507,14.6883921021333
"Dominican Republic","DOM","Median","Under-five Mortality Rate","Total",,,,,,,,,,,,,,,,,,,,144.972522788743,145.693644064835,146.383345977299,146.976645662188,147.563764314895,148.092916864629,148.556961090666,148.924468445059,149.097134337188,148.777715332581,148.16036294172,146.981185346337,145.419527000609,143.415046124612,141.096878321376,138.556811829582,135.737391413867,132.874500084253,129.976836967223,127.02787747816,123.848268621684,120.500298541907,116.782183305193,112.896006070826,108.824262548427,104.787109416708,100.854915983504,97.1250432668644,93.5427050764097,90.0955473006436,86.8019141556389,83.6218750326679,80.5374545528538,77.5946429272371,74.7657699913601,72.0089744107739,69.3513087700136,66.7261265721119,64.224478365051,61.7677856849291,59.2849550145282,56.8413354855548,54.4175760529595,52.0601939138909,49.7749820684967,47.6405247316275,45.6397257054777,43.8283928992785,42.2000533093312,40.8092451835263,39.5961402082632,38.5849861759399,37.7133937611701,37.0401756960309,36.4468436605599,35.9905057624342,35.6041775959656,35.3241107907193,35.1049571516591,34.9475097012801,34.8531371105981,34.7683773251537,34.7722748164464,34.812014696257,34.8501798259926,34.8827372261937,34.9445042088348,34.9165361292709,34.7425359054229,34.352806886605,33.7795033252119,33.0393021563677,32.3012305442683,31.4760796412414,30.6336656531282,29.7959074538585,28.8610875939275,28.0446904306272,27.141370444451,26.3158477709621,25.4399203296709
"Dominican Republic","DOM","Upper","Under-five Mortality Rate","Total",,,,,,,,,,,,,,,,,,,,176.488515365316,173.580695522711,171.017028524665,168.762858201961,167.059137252104,165.961847792922,164.867124376106,163.935906390722,163.268937037422,162.090578434967,160.872950525641,159.10490853657,156.858318407505,154.408435383094,151.540724420496,148.575157077268,145.489053492487,142.371264710041,139.137283070859,135.973276569657,132.458113364372,128.783909317719,124.895893866902,120.681500241868,116.269065041991,111.967059646506,107.743275270837,103.674531399096,99.8782740802866,96.2214728381918,92.8040201906948,89.4487177223367,86.1952849994676,83.0535129395347,80.0135461745792,77.0683951294228,74.2477907338208,71.4972476881328,68.8381220625931,66.1965075049054,63.5784680626012,60.9352717384536,58.3444847235073,55.7702965569971,53.342381675183,51.1328810024535,49.0356850023087,47.1808950285174,45.5754635997964,44.0773862201287,42.8367712079404,41.7731406424284,40.8782940635956,40.202788169633,39.6556810368381,39.2588041218317,39.0039057371061,38.8468127458397,38.8069433762692,38.8144594837705,38.9138689914115,39.1242373871836,39.424890060061,39.8487621961596,40.3808117453995,41.0838770520612,41.8810433820777,42.5921665958221,43.1699563876482,43.6416806359764,43.9489214489895,44.3386158859874,44.1942089097647,44.3680551478557,44.3878368616508,44.5638575838221,44.4558278962033,44.3890451454146,44.4593737331144,44.5537408452226,44.4233930918882
"Ecuador","ECU","Lower","Under-five Mortality Rate","Total",,,,,,,,,,,,,,,,,,,,,,,,,150.472020376351,151.563096017559,152.190571329887,152.418314024921,151.373443435344,149.959782417319,148.04762303191,145.461750167924,142.887803868108,140.094096573959,137.177100801923,134.323027961297,131.388654579284,128.829253841928,126.454387709358,124.000687026492,121.056571032679,117.470641742864,113.38514875024,108.79127762593,104.036305991742,99.3759048869234,94.7620721140215,90.6058175033682,86.4485678946223,82.4430433263828,78.3586419156335,74.1794034820395,70.0718277162687,66.1233568921868,62.5583447269181,59.1556650311993,56.0828567526497,53.3150556961663,50.7300672462459,48.2273279906121,45.7269491160783,43.2392064353846,40.8116283673826,38.3492635708055,35.8952008997481,33.585288111444,31.4320318734025,29.5150385513484,27.7676704255456,26.2109535630601,24.8402653924629,23.6457107248184,22.6259628606639,21.6856044490409,20.8412613065867,20.0839633849464,19.3553571043077,18.6403008606442,17.9354045841737,17.3071573045891,16.6670805565142,16.0767690170355,15.5744044260828,15.1223646487881,14.7388081416996,14.4074612686376,14.0378363714587,13.6432488356442,13.2481626021297,12.8926373739781,12.5423964299619,12.1843404369527,11.7641813005773,11.3071109689189,10.8208576994966,10.2560634514701,9.67875443603265,9.1032221711554,8.57631860799059,8.04950420001686
"Ecuador","ECU","Median","Under-five Mortality Rate","Total",,,,,,,,,,,,,,,,,,,,,,,,,208.000655679406,201.49041940889,194.472107297105,187.827840814295,181.732845187948,176.130033023427,170.564271557665,165.456694263282,160.714964736117,156.272983980751,152.222791171675,148.623292533745,145.409127620035,142.521092042718,139.646863616173,136.542279638239,133.059122111886,129.17908381692,124.590759950082,119.705958869802,114.504485465591,109.3537220497,104.441925493087,99.7976065235236,95.3654234085238,90.9355175340259,86.4737254283208,82.0760225930603,77.6930231484076,73.3678790607991,69.3940930556135,65.7301118046264,62.3892513883195,59.3214327768095,56.4553503591734,53.6951453510761,51.0574252306103,48.4118331003126,45.8347575756777,43.2047057646506,40.5469692465091,37.9871921844598,35.5643332387904,33.3202101676156,31.3405396235021,29.5500537717478,28.000114603462,26.647686983619,25.5153747582098,24.4927290303008,23.5570064876908,22.6755486639935,21.7831554460373,20.8845816397387,19.9959092997442,19.1159219567751,18.2441375293939,17.4006154758567,16.628365569908,15.9325371599999,15.3411098709015,14.8443405272169,14.4292499789778,14.0849039830257,13.804680791555,13.567434046813,13.3641106037184,13.1953659834235,13.0464421441463,12.8835261433412,12.6723959209327,12.4088378777395,12.091466313654,11.7909405605529,11.4695714707749,11.1475523115895
"Ecuador","ECU","Upper","Under-five Mortality Rate","Total",,,,,,,,,,,,,,,,,,,,,,,,,291.429516329233,269.273111741763,250.806663875118,234.159087114625,219.521399058246,207.918027507227,197.257534710727,188.211746897437,180.638013545407,174.185419850695,168.767471138416,164.186866198367,160.489984102503,157.08854227066,153.891768037585,150.563997036256,146.625661657572,142.162491881772,137.028466863817,131.411087010674,125.919278712542,120.505892673831,115.204309988819,110.116637041915,105.191283810452,100.281723667856,95.2951380681169,90.4848037632547,85.6366384581627,81.016163832302,76.7806541270526,72.7630932968195,69.2089570932232,66.0145004344269,62.891525563914,59.9490549273806,57.1462102668317,54.2968885367429,51.4355930471048,48.668052044831,45.8137691786785,42.9408278799973,40.1884189580621,37.6498283406865,35.3689280751555,33.3937789131182,31.6925705513296,30.2227727211938,28.9625947657844,27.8237463081779,26.7395778584631,25.6841645297159,24.5939500791385,23.4743764908887,22.2901284946472,21.1389084085309,19.9841754979426,18.8392453434607,17.7498332009139,16.7720769179661,15.9434244308347,15.2996673038409,14.8461190069454,14.5512890389668,14.3805203225651,14.2678281388286,14.2299889597106,14.2749970186934,14.4102606151465,14.5912217827113,14.7384778458519,14.8859105477617,15.061037651427,15.1971344698003,15.3301191571569,15.4952477575253
"Egypt","EGY","Lower","Under-five Mortality Rate","Total",,,,,,,,,,,,,,,,,,,,,,,,,324.125858841835,319.916865345257,314.771984617697,308.325623776736,301.009187818358,293.157192662234,285.295105623929,276.924915421107,268.928464864072,261.356614565366,254.602279623518,248.932184698757,244.214829274853,240.283139775393,237.226875415798,234.191715102659,231.047430431661,227.198942674437,222.008116728299,215.388188817775,207.267010925617,198.206139678661,188.945220068074,179.43337582326,170.173318694253,160.884739603361,151.529810994708,142.104425893499,132.414625217081,122.800490058468,113.477367635056,104.943629635722,97.4948529571407,91.1777306317065,85.9863643230846,81.5330254849614,77.3290744506104,73.2968807576848,69.1638318164304,65.1163358469447,61.0713870057833,57.1434521702028,53.512343571639,50.1264217517762,47.0098690635392,44.2219383850831,41.758977264875,39.5597900736092,37.5839950544165,35.863653193956,34.2858399974216,32.86547397219,31.4741286937914,30.1410675077876,28.8875440030855,27.7276969805456,26.7304852420295,25.7786612331762,24.9546859597804,24.1655666884111,23.426178658472,22.6989545127722,22.0337082316836,21.3259556412126,20.6047555834189,19.7536351442876,18.88924670736,18.0500614703081,17.2187015114258,16.3443362005663,15.4547740234827,14.575961824132,13.7382569204523,12.9399031766038,12.1791659273731,11.4549145203037
"Egypt","EGY","Median","Under-five Mortality Rate","Total",,,,,,,,,,,,,,,,,,,,,,,,,374.044121202114,364.060373481107,354.330486716042,344.40452520314,334.704383399928,324.374923507152,313.986680784745,303.421034798034,293.242006618392,283.854006549641,275.575288290948,268.441990102306,262.533923343169,257.722564846721,253.658135358686,249.95309681238,246.084899165737,241.480951021945,235.679578991188,228.205980884383,219.389427761126,209.737142954404,199.707104508492,189.528920626305,179.667868603443,169.836251518509,159.995953149325,149.939190695178,139.763213356146,129.46401764637,119.621025537046,110.68524968402,102.895743449991,96.2510067926235,90.7081166247995,85.9964901245038,81.6573674979298,77.451135293792,73.2730060568438,69.0151406997727,64.7946825951329,60.7051352786922,56.9020743206717,53.3884854714534,50.1884274586317,47.3188081225536,44.7662598354358,42.4770535462751,40.4410225477383,38.6485750029893,37.043022919135,35.5542838108509,34.1609130983631,32.8287386062565,31.6118352860559,30.4684214898906,29.4641384992592,28.5611140971016,27.7927960886252,27.1052389302848,26.5012128886552,25.9960626480757,25.5570922090364,25.1687837465881,24.8158168102514,24.4309108670859,23.991085757507,23.4520164746892,22.9298862874413,22.3738314617559,21.7338782144442,21.1099282812554,20.4720054130717,19.8434881549276,19.2316843873077,18.6450573460067
"Egypt","EGY","Upper","Under-five Mortality Rate","Total",,,,,,,,,,,,,,,,,,,,,,,,,431.157381815776,413.222097859971,398.087568689058,384.009459803285,370.947304967896,358.176871597611,345.091280490032,332.291176231625,319.334071531539,307.644514719367,297.260511087378,288.542440867572,281.405988083074,275.581066997542,270.956534168832,266.458135019027,262.152312840636,256.829566792947,250.550732599363,242.413744943038,232.404268991149,221.938983967296,210.935387751628,200.162854468912,189.343322393528,178.990410339164,168.727115211545,158.23886352517,147.586793108628,136.580606766109,126.188700380934,116.680543829605,108.469046965505,101.463183198191,95.5403519978117,90.596989098656,86.1401442440411,81.82245785004,77.4984499540425,73.0224318037245,68.6037585781528,64.2688512828386,60.2876294421405,56.6372483479618,53.3839112610832,50.4780705311125,47.8378107061661,45.4963786006731,43.4568795501021,41.6472790276671,40.039548767421,38.5259315111552,37.0735046775907,35.7669080681509,34.5290262243508,33.4076046843214,32.451906355181,31.6194101574974,30.9338793259199,30.465231283674,30.0824916016736,29.8303866148269,29.7154765867902,29.7057261299003,29.8444419878037,30.0550895078035,30.3104199995712,30.5204547559576,30.5882875162337,30.6356274987543,30.6439780134433,30.5256382068555,30.4535806170981,30.5411091938113,30.4307358923427,30.358996559452
"El Salvador","SLV","Lower","Under-five Mortality Rate","Total",,,,,,,,,,,,,,,,,,,,,,,,,173.204606746437,175.113014609282,176.349071896631,176.424701295866,175.934977548574,174.250959732196,171.674392263748,168.980633600542,165.601339675958,162.211457653025,158.648862796131,154.736932858434,150.996307612658,147.312771577769,143.541895578044,139.678611784498,135.829978172361,132.094657614948,127.937624144967,123.653237895317,119.416521749969,114.732546093207,110.15565842454,105.493907513198,100.7370975641,114.35537985587,91.3158550777789,86.607264927208,81.9292487392688,77.3256623704123,72.8767627487466,68.5516374762493,64.5560354342864,60.8753660500617,57.4337544568578,54.2824026773069,51.2547962365766,48.3850201905958,45.5390402983815,42.7852194638265,40.2056069160371,37.6755235768846,35.3042520346677,33.0274947784983,30.9152148562922,28.9970105465061,27.2199841706165,25.5713683146711,24.0190703355639,22.5834848406529,21.211311809479,19.9051359532872,18.6912956005357,17.5486034043648,16.4579242705132,15.4180702218764,14.4330105766019,13.5390350695943,12.6554735642163,11.8188880903761,11.0128222034828,10.2465495791359,9.52101640604999,8.83197472273838,8.20326155049588,7.67225343000731,7.22031214244755,6.81332856012432,6.42960261025623,6.08171692943761,5.71797606096329,5.39595045349331,5.11636813522046,4.83529025395346,4.52664632010553,4.26358520417264
"El Salvador","SLV","Median","Under-five Mortality Rate","Total",,,,,,,,,,,,,,,,,,,,,,,,,224.314633575221,219.300691349751,214.152776128088,209.603484236168,205.215388689038,200.875345071558,196.462638947834,192.377711199263,188.035153705133,183.781733002911,179.682008845448,175.538914550207,171.241986910622,167.171276528381,162.927199291849,158.582584085163,154.268446913606,149.7138809751,144.945296021944,140.066506800923,134.880912132362,129.46539559678,123.894667929215,118.313659819435,112.669439706026,127.467147072069,101.378475173252,95.7950584693295,90.3350316626143,85.0001475575215,79.9513811050972,75.2329959611803,70.8371887779611,66.8185366126427,63.0228726079071,59.5387884173229,56.2141743482006,53.0399295056059,49.975252872632,47.0178539344008,44.1798997925778,41.4447095520843,38.8643622366084,36.4483197393275,34.2356663906734,32.1859285876525,30.2872270474126,28.5657267999194,26.9341513493051,25.4152733149476,24.0041592044868,22.6967369943278,21.4948519362127,20.3777887844871,19.3631820584389,18.4341925252506,17.553081322399,16.7391529033155,15.9726664676396,15.2700472282174,14.5812855437269,13.9320468654216,13.3115478313024,12.7352360190188,12.2086565864019,11.6994200597243,11.24510637792,10.8262306504219,10.430446848831,10.0470788689231,9.72655205319154,9.39150749162939,9.10360325250784,8.8157325271319,8.54704981197034,8.25685199754619
"El Salvador","SLV","Upper","Under-five Mortality Rate","Total",,,,,,,,,,,,,,,,,,,,,,,,,286.063690588652,272.470523513781,260.442430128039,249.735010498292,240.654223148157,232.738095220404,225.790627904795,219.366367754262,214.061756580187,209.046057605078,204.95774354433,200.773774258878,195.922822116757,191.783546888283,187.212228282556,182.539264164506,177.48866763923,172.062394609093,166.567104929406,160.705403444752,154.334201517077,147.770925683431,140.939903314248,134.197016954002,127.358515262786,143.206957192816,113.290214621836,106.468126358273,99.819138336762,93.6130540466164,87.7846624314961,82.388874304477,77.5759086497011,73.0820950471605,68.949109156601,65.1382710748604,61.5602729752602,58.089682393773,54.8703823843492,51.709770951458,48.5673390803432,45.6577849041782,42.8417726796484,40.2113362751489,37.8259731404421,35.6731077170793,33.7024526416033,31.8882416989049,30.255771103731,28.760736202922,27.3416738922569,26.0388003897202,24.8472094580574,23.7824052457028,22.8401857824391,21.9852247487557,21.2657365218557,20.6079612241467,20.044655369362,19.6133023723768,19.2653463737254,18.972404572323,18.8074384038487,18.6437678966549,18.4779943667326,18.2618794573064,18.0381555858648,17.9002552650557,17.763149427308,17.6228135581259,17.3760747827606,17.2042579819995,17.033883349501,16.7537827018591,16.607991125875,16.3962757424175
"Equatorial Guinea","GNQ","Lower","Under-five Mortality Rate","Total",,,,,,,,,,,,,,,,,,,,,,,,,,,,,,,,,,,,,,,,,,,,,,,,,,,,159.456208884069,160.794124360804,160.853768981241,160.323550022814,159.361179842185,157.995439336033,156.749027540491,156.107055221258,155.701867570186,155.532995828295,155.297376277881,154.854578182047,154.348603894265,152.829578373277,150.997468028958,148.339804116614,145.302511255549,141.5922520855,137.693990225631,133.160532894652,128.431471788181,123.736433656994,118.888873679867,113.770229153394,108.463560047855,103.112481990704,97.3380616182781,91.4930333827346,85.7744395555835,80.6783156823858,75.7320381686654,70.7823728900068,66.2169032103635,62.1070535279944,58.3181518047699,54.5269961244207,50.9112335329061,47.7958472424711,45.077999340256,42.3338724672029,39.7941089504784,37.4450857359723,35.0080804766247,32.9576194402391,31.1623155199708,29.1907095789404,27.6835003446437,26.2250887573707,24.887452173015
"Equatorial Guinea","GNQ","Median","Under-five Mortality Rate","Total",,,,,,,,,,,,,,,,,,,,,,,,,,,,,,,,,,,,,,,,,,,,,,,,,,,,198.584357161745,194.472982817357,190.417343072225,186.832928357988,183.940137898133,181.505666314793,179.781557505122,178.115670213259,176.716643261378,175.374097638808,173.903902882952,172.668091668027,171.342062299614,169.750212769898,167.78991668004,165.322948747433,162.24899696412,158.570630358864,154.490509655878,150.203745274526,145.85739708978,141.456200254344,136.973336178317,132.347782941112,127.423960290081,122.619063239513,118.006745478711,113.478057463265,109.409866814793,105.622477197448,101.97441926374,98.5715951120871,95.2930834555491,92.126518503062,89.0129290755067,86.1151925480007,83.1570133291797,80.6655534938508,77.8502427740464,75.1236878077373,72.8071701499772,70.4429146644442,67.9690179026601,65.7918219557547,63.5385938856754,61.5665366353509,59.4699586385611,57.4011285443675,55.4721070547232
"Equatorial Guinea","GNQ","Upper","Under-five Mortality Rate","Total",,,,,,,,,,,,,,,,,,,,,,,,,,,,,,,,,,,,,,,,,,,,,,,,,,,,236.876720461188,225.956289923031,218.768042335975,213.671739928288,209.009391090702,205.214063278755,202.44094776851,200.087908070136,198.170138320402,196.28121052098,194.903784900384,193.808405506012,192.517523786579,191.165835379257,189.80312810857,187.887362786197,185.11082416667,181.535313075725,177.867921615105,173.488011502735,169.097431867495,164.904012651349,159.995638764352,155.224290593927,151.011288984105,147.158619297186,143.587064203946,140.724521828576,138.211724829931,135.954640392548,134.443224101794,132.983847114695,132.147898859638,132.028703387767,131.166359663917,130.711621911337,130.264549895451,129.939535751527,129.691225782379,128.929034542558,128.552432655365,128.618288047103,128.097123336915,127.223206491984,125.640739288401,124.4532640861,123.736545867703,122.034090628083,121.007679266123
"Eritrea","ERI","Lower","Under-five Mortality Rate","Total",,,,,,,,,,,,,,,,,,,,,,,,,,,,,,,,,,,,,,,,,,,,182.162372636226,214.632961299545,179.986286133543,178.262260211212,176.710830834938,174.719131879143,172.557158679505,170.663292555372,168.675963569559,253.773865966503,250.420651164741,246.53476837912,158.023300405808,154.370195752132,149.981435072836,144.886909111901,138.936162520005,132.434521935946,125.582007374786,118.459302629326,111.137820421507,103.868784000547,97.1618243047846,91.2422842571587,85.8720458570044,99.541619270947,76.8712261110031,72.8381595571483,69.1795352738183,65.7083329131365,62.555035319323,59.6434579844039,56.8663541626646,54.0860575051346,51.4293600276585,48.6952551910199,45.8542739297837,42.9829679308114,40.2436089029073,37.5981964785598,34.9596556623109,32.4735965464532,30.3500079304405,28.3603854879123,26.5468518291629,24.9376578134677,23.5303611451703,22.1692399962809,20.8536508473924,19.6600944015444,18.5001171334505,17.4251715046297,16.2930821632035,15.365851215194,14.4288831979532,13.5958843689046,12.7912170186625
"Eritrea","ERI","Median","Under-five Mortality Rate","Total",,,,,,,,,,,,,,,,,,,,,,,,,,,,,,,,,,,,,,,,,,,,220.471906003167,254.59114659606,210.326833699085,205.978854265279,201.916767973307,198.638579973981,195.44143287836,192.491219492026,189.439543643841,283.967464729171,279.37301386177,274.203698672224,175.412656468625,170.875051310386,165.739076145645,159.961159244054,153.434751661737,146.298457385673,138.598072956984,130.496569811144,122.391644115573,114.526573393312,107.29557903855,100.779761874766,95.0079441367053,110.215674681104,85.277909983152,81.1004697635315,77.3194609568578,73.7821172202707,70.5335593433573,67.4957798694448,64.6813072547352,62.036095761604,59.6113870718037,57.317036923581,55.2256182884689,53.2744598922601,51.4474879669548,49.6830499048339,48.0606030215577,46.3724888293243,44.7333328165431,43.322606799715,41.8955316733818,40.5027694429178,39.1151378282338,37.8230409708943,36.5856345423349,35.4124475836133,34.2970581350292,33.2811535208921,32.2117257730492,31.1400523681058,30.1946456408124,29.2315437683348,28.1952793650489
"Eritrea","ERI","Upper","Under-five Mortality Rate","Total",,,,,,,,,,,,,,,,,,,,,,,,,,,,,,,,,,,,,,,,,,,,264.706479194201,299.482902407835,243.725337471838,236.600948358896,230.66920220782,225.591979570311,220.798559692589,216.735263172426,212.801677623185,318.005256725608,312.080809556702,305.298579904155,194.852255594576,189.545695331604,183.685980087844,177.226778610264,169.844134063446,161.824039189924,152.947217310266,143.881123057323,135.072047386411,126.444161080809,118.629342702612,111.608271274847,105.317031138665,122.333218294508,94.8180162745887,90.2973141448521,86.2815282818958,82.6914562007502,79.2570304866585,76.2184555467357,73.3267534015739,70.8301990610029,68.7164075585272,67.0824357896815,66.3733991322971,65.9487446192414,65.77346804267,65.9685819257824,66.021337951759,66.3989271761406,66.5540238376839,66.5794486370641,66.7542546561907,66.5936888377062,66.5447823481078,66.2273751206043,65.8793455770214,66.0246045707867,65.2253090270158,64.7826623133003,64.4800276999078,64.5184395072599,63.8795032176032,63.4249318989173,62.6049547831373
"Ethiopia","ETH","Lower","Under-five Mortality Rate","Total",,,,,,,,,,,,,,,,,,,,,,,,,,,,,,,,,,,,196.50494028042,200.72168680641,204.587492592196,207.99158205425,210.513536564821,213.263699775938,250.870816378203,252.763403907491,254.053284323318,255.320227111111,222.976066934842,223.437964752341,223.221071612874,222.586987986826,220.916974164582,218.961741513462,216.351948710018,297.370193866353,292.539387105689,282.560420534562,276.820953603,199.044256587566,195.451830952923,191.564054776314,187.445989524547,182.752009553831,177.653872633467,172.356994933785,166.490726690142,160.364878028455,154.20287145653,148.186117260084,142.288983506919,136.390582558872,130.498818967498,124.686273330565,118.757527642565,112.677457381534,106.710163217904,100.704164237343,95.0352113253957,89.7228218583051,84.6968037487285,80.158544981059,75.9575974329403,72.0328005806162,68.1709198844716,64.4364588715874,60.7735840978106,57.0878208583071,53.5735753462242,50.1480014500862,47.0191493318738,43.9037362674855,40.9825380274512,54.3548820021376,50.8366904395059,37.3749852210288,31.341071047103,29.2669848428757,27.3066356909699,25.6734069780904,24.0740517733759,22.5374227147278,21.1619843421332
"Ethiopia","ETH","Median","Under-five Mortality Rate","Total",,,,,,,,,,,,,,,,,,,,,,,,,,,,,,,,,,,,251.419531242915,250.775703191448,250.295310505773,250.065602980813,249.570266160139,249.26473766857,289.026399936768,287.59348707207,286.101933548911,284.837894755568,247.005506411122,246.414209746153,245.683484290304,244.0155855749,241.910287759257,239.186308577059,235.849149663216,323.326137507689,317.289841129225,306.011723407271,299.527643147106,215.119004164908,210.891107056289,206.51399860475,201.969644019665,196.97696252445,191.507199483277,185.452888310889,178.895861956413,172.255149074123,165.565831360671,159.034091074011,152.524274123496,146.333931249643,140.127220072297,133.826951227223,127.433319935824,121.045424728383,114.580575985388,108.346519125225,102.425280092939,96.9382889006484,91.8297317417267,87.0638821806096,82.6771310437138,78.6108958137503,74.7918421735683,71.1959743286274,67.7117206728722,64.4203683062808,61.2687039923113,58.4071352773053,55.848024186298,53.5948195525446,51.5209119296862,70.3509237209152,68.0599966359288,51.4884096955929,44.5044643885028,42.8858493376229,41.4667910836866,40.0832340347609,38.6897350029621,37.3163872585043,36.0660224882938
"Ethiopia","ETH","Upper","Under-five Mortality Rate","Total",,,,,,,,,,,,,,,,,,,,,,,,,,,,,,,,,,,,316.549477065101,308.696712312653,303.189598800831,297.746925997387,293.190108300524,288.948691873334,331.378200654765,326.437967267202,322.096873345702,318.357638863371,274.341444309449,272.412159761489,270.348500181285,268.059460470227,265.168896311139,261.610634464843,257.421014597345,351.816182354154,344.513785153171,331.428347577123,323.642934279372,232.066850975044,227.26463026074,222.582720267418,217.451003522713,211.912421620311,206.039627184936,199.499641630479,192.481482942255,185.245300760707,177.968050846943,170.750303371268,163.826559841462,157.242114101347,150.563066853367,143.901148526751,137.153300210368,130.192991781111,123.268233350676,116.83904416496,110.658707404822,104.783290966673,99.4349427147118,94.4379597257764,90.0015622710914,85.8590139471247,82.0244681330676,78.558567651974,75.3836258041508,72.6374017115774,70.2390179017878,68.0874838450055,66.3954844158948,65.2854884061587,64.4475117370251,90.5552811031693,90.5635602360134,70.5332653505397,63.370179222701,63.3129197769095,63.2660202763278,63.0274631245293,62.9661361286597,63.0210498980732,62.9225257823841
"Fiji","FJI","Lower","Under-five Mortality Rate","Total",,,,,,,,,,109.521509705578,112.779656106433,115.884466489161,118.141532498805,119.596874783789,120.688620865975,120.771680331251,120.256814878476,118.785097566144,116.732710862608,113.92966404395,110.077501595673,105.792842832445,100.864331008882,96.0953748702487,91.2260549354001,86.5285899864242,82.1485406677876,78.0666437705239,74.415373032828,70.9426569693214,67.7199642075433,64.6948207590804,61.7670824641243,59.1104226530554,56.6601825768941,54.6555237540728,53.1085574375317,51.8495330057935,50.9064540394268,50.2775557574689,49.8258929616325,49.5154041318901,49.0723941323639,48.3609469491105,47.3241607561373,45.9504424720805,44.2869803289772,42.3347692879187,40.1560349482379,38.0226868853801,36.0030928453338,34.2155526936764,32.6255680155751,31.2396677837144,29.9660209620237,28.8168501309261,27.7556718141839,26.7381391333904,25.7937931181219,24.857419828451,23.9773145676097,23.1887129679355,22.5769702304359,22.1255664259867,21.7971827236437,21.5963244430682,21.4802858989918,21.4489174919592,21.5034167205418,21.5962243127644,21.7105816927852,21.8626117714258,22.0750797899911,22.3474182963118,22.5893423740164,22.7457139518188,22.7406882926898,22.5052807494767,22.0678725012856,21.4703703837995,20.8764433964615,20.3506935696894,20.0236274066642,19.9609349281981,20.2248432619551,20.9220270955964,21.9759576330119,23.2182884649706,24.4039678539358,25.2573797085151,25.5875669540182,25.2818066997685,24.5531083424021,23.6284097974997,22.5488653372639,21.4196418407978,20.2504381193773,19.1605539095575,17.9999826737654,16.9262759926209
"Fiji","FJI","Median","Under-five Mortality Rate","Total",,,,,,,,,,144.954886548389,143.938727456295,142.915194832615,141.70600498775,140.514010289302,139.052008759628,137.364397622965,135.399152039377,133.161443628363,130.281073191742,126.660789615746,122.449638096668,117.588736894299,112.379119570496,107.15030403095,101.83129747266,96.682528109448,91.9208573969065,87.3780223380477,83.1535025430344,79.2211206543904,75.5204520818012,72.1118490933654,68.9442597950563,65.9718695556921,63.3745463557304,61.1634322120392,59.4126318544945,58.1247191301093,57.2281656797778,56.61816681297,56.2941233819625,56.0071288875649,55.6139911671756,54.9082279512218,53.8694796217547,52.5023892180461,50.7777122167175,48.8188583728849,46.6614740083223,44.4749889441143,42.3250801801787,40.2805439663668,38.4088168323879,36.676711570555,35.1318776171768,33.7268439948163,32.3963925921405,31.1571825008563,29.9630317200851,28.8216796983679,27.7593467751323,26.7372651054806,25.8585911229289,25.0829377453692,24.4048584295194,23.8263225035897,23.366646369755,23.0142533148471,22.7697969935059,22.6312122945903,22.5969751078227,22.6595460663203,22.8281309136754,23.0853681764872,23.3423950490326,23.4950837383346,23.4854344277726,23.23556878347,22.7678463858358,22.1765985757975,21.5548544058282,21.0209353773724,20.677853006866,20.6296326929467,20.9200594707461,21.6287521358802,22.7387465889427,24.1503146355191,25.7319107297,27.2101887615455,28.2943796888081,28.9418686831828,29.1569407792048,29.123142580562,28.8248360676284,28.4307107285992,27.9064191271989,27.2725323253494,26.6328141721116,25.8553339184457
"Fiji","FJI","Upper","Under-five Mortality Rate","Total",,,,,,,,,,196.513696654168,187.45113516747,179.807811943598,173.173955166478,167.172339583837,162.304502018293,157.76389314832,153.564609608649,149.950681406208,145.754189972278,141.16471593302,136.099041968368,130.640567722633,124.92934062872,119.100006761384,113.194163855048,107.480595318451,101.949811775144,96.8880223617392,92.2436804313861,87.9659178771985,84.0463058731927,80.4425293223173,76.9916893972107,73.6957612210016,70.9440798344151,68.5498104152922,66.7237007627502,65.3130825556821,64.3665216445007,63.8092585254634,63.6029793021999,63.3374461690941,62.9884225901809,62.2601258809972,61.3222582971776,59.9677099711165,58.3775566966787,56.5212628125207,54.3778471350716,52.0756573359162,49.6785753159563,47.3442143853131,45.1290585804262,42.9200095799279,41.0553410563284,39.3174582395358,37.6499593988138,36.0953473898814,34.6778578766365,33.2818085163454,32.0108653907647,30.6826670695174,29.4273602314979,28.235389242029,27.225908950814,26.3016312240269,25.4621640727015,24.7468263083446,24.1528638609643,23.7552622004164,23.5039842429621,23.4720889949875,23.6106911000898,23.8427931185866,24.1097172941838,24.2519636123117,24.2229033347704,23.9845524375148,23.4909961712226,22.8927965648499,22.2517531215883,21.717169346545,21.3851286726458,21.344376310815,21.6474485841519,22.3643748344291,23.4980465936138,25.0857092234239,27.0718015021969,29.2162711027625,31.2309586345415,32.9943335963623,34.4851086521557,35.7875467238989,36.8614879294224,37.8562934374556,38.5888414374178,39.0256786767744,39.5725206462057,39.7821227626294
"Gambia The","GMB","Lower","Under-five Mortality Rate","Total",,,,,,,,,,,,,,,,,,,,,,,,,,309.62070364801,310.713826346949,311.19831831477,310.669422103515,309.362072478402,307.277389913689,303.757440342418,299.615165213113,294.720872323903,289.692041621385,284.249357536213,278.303706820676,272.566536141018,266.721888661636,260.828128265404,255.025357789671,249.065744885115,242.925864807891,236.77720171722,231.014017817982,225.166343031294,219.554356711127,213.944037665957,208.603219257723,203.151533824624,198.167428535679,192.755912012765,187.304069840697,181.871481951633,176.292044557855,170.785305371035,165.59687041518,160.449447789718,155.554068572461,150.738119416741,145.951776359605,141.161982077524,136.338404053812,131.521321537015,126.605708987598,121.745191280227,116.910223526924,112.177572582036,107.504525928044,102.916710456906,98.4630939933419,94.0862088211585,89.9106575747857,85.7909786291848,81.8102133553831,77.9396603597753,74.2670660105591,70.7354480930959,67.5153750108142,64.3866889814762,61.4763501289046,58.6951550131968,56.0297624743934,53.3805592578593,50.8015149355809,48.3442391073139,45.867111945598,43.4653375724224,41.2037491187736,38.7883314006896,36.4400518514011,34.1412415352547,32.1261386086382,30.0119793773913,28.153701958877,26.2242352473242,24.5474517964266,23.0090134044129,21.6387104267922,20.2713819668398
"Gambia The","GMB","Median","Under-five Mortality Rate","Total",,,,,,,,,,,,,,,,,,,,,,,,,,389.821961238437,382.469561178522,374.780548384747,367.290987199157,360.0992862086,353.131104320506,346.384100133079,339.575696700879,333.090203603491,326.743058296402,320.363741947971,314.00584644772,307.918739824563,301.871662224659,295.56730112915,289.026905302292,282.525049418674,275.927833993017,269.220565613224,262.548539535063,255.844999203074,249.503771757261,242.953692061647,236.685623473089,230.337883338682,223.86790633721,217.245998019931,210.704966236434,204.089473938438,197.361518291138,190.743315051201,184.236535477787,178.092324682128,172.058272456236,166.179463453593,160.4953642352,154.875327889215,149.256096442459,143.704190156818,138.184636548337,132.855133984182,127.643414631422,122.56643200778,117.65199226744,112.815324793838,108.107719795686,103.581643000641,99.1706335471581,94.8725175706751,90.7400391896911,86.8312331864433,83.0401335443286,79.4064120497943,76.0003854859165,72.7473917718295,69.6868366710958,66.7975767734538,64.0324032607696,61.4444286112243,58.947698917294,56.56912995384,54.3421826679169,52.3195225555888,50.3889093851712,48.6304320196308,46.9756819674179,45.3374391778157,43.8424041819014,42.4071570119419,41.0644307166563,39.7225163407454,38.4360258074592,37.1395057501183,35.836093296706,34.7409499225107
"Gambia The","GMB","Upper","Under-five Mortality Rate","Total",,,,,,,,,,,,,,,,,,,,,,,,,,482.28265544136,464.125677906884,447.663187309373,432.268926358048,418.085593341792,405.239494843849,394.260539871645,384.806360095778,376.574836656901,367.676300269631,360.324890776267,353.668749186043,347.191175371423,340.66525329224,334.811326958095,328.069239510487,320.952991520716,313.560949044185,306.695060403571,299.752204871812,293.070231295338,286.352567508362,279.1361992987,272.199728430352,264.653788848655,257.120742624522,248.714465120038,240.147518143769,231.452501854652,222.622482547368,214.114314068932,205.874144834084,198.003691209841,190.504381901711,183.635497476716,176.944664659908,170.036121441623,163.460095093433,157.155542507101,151.105452800866,144.945802156005,139.338952387961,133.811157777024,128.484587521389,123.543676092419,118.569340618938,113.828771328155,109.244171329868,104.710734925545,100.307495758265,96.1420725992985,92.3144980579911,88.5835836431862,85.0674331109141,81.7248759730406,78.5073592693191,75.627965234504,72.8297387895112,70.2904131284738,67.9734298758563,65.8413126879281,63.9743837347175,62.3381589028429,61.0502591594129,60.327071513485,59.8139136306211,59.2924482885046,59.1205646923289,59.1188393673305,59.1765005418814,58.9800625315771,58.9185572466107,58.8649430977751,58.5942251678582,58.0437314493465
"Georgia","GEO","Lower","Under-five Mortality Rate","Total",,,,,,,,,,,,,,,,,,,,,,,,,,,,,,,,,,,,,,,,,,,,,46.3437297778826,47.0559089626474,47.5324104149774,47.5659277636532,47.5025342933616,47.0640906054679,46.6334693049293,45.8508917772268,45.0923503955339,44.3578478661189,43.7757450651475,43.277614220578,42.9122329247667,42.6181388301246,42.4658928775227,42.1797746505435,41.9294304415693,41.4950879595168,40.9517269567275,40.26684980748,39.389750606832,38.3159958078177,36.966142857285,35.3394557447673,33.5318920878638,31.5228156021828,29.532677855616,27.5095486167457,25.4721198246399,23.4604746107124,21.4989833587537,19.6174960510979,17.8402641388171,16.1448972411468,14.6525893193689,13.3273783988083,12.2772786527767,11.4233631987474,10.762235034259,10.2739014600369,9.90384143614241,9.62307610434353,9.38641146172094,9.19029174531769,9.01267643684598,8.85097250066346,8.72182078840968,8.57744173056128,8.37831394432154,8.07006456485832,7.66293866681333,7.20957897588453,6.73911190327865,6.28934479260225,5.86885860405416,5.46332017936449
"Georgia","GEO","Median","Under-five Mortality Rate","Total",,,,,,,,,,,,,,,,,,,,,,,,,,,,,,,,,,,,,,,,,,,,,70.6790747659554,68.1917319026444,65.7168598084789,63.3129624094942,61.0315802392158,58.9658704180938,56.883023108251,54.876744243122,53.080001908114,51.5392496337843,50.2991132982484,49.3595863688184,48.6330425249924,48.0874099639399,47.6513804880909,47.3199163423859,46.9176614744828,46.5034830851422,45.9895232676088,45.2844406428394,44.3821944120868,43.2132821163888,41.762759423636,40.0486340872603,38.0551258707856,35.835625194041,33.4154377970847,30.8778665599606,28.3251884787828,25.7634364255077,23.2961463538782,21.0166018564002,18.9500169555111,17.1216404887335,15.5391054605976,14.2025786625578,13.0900251361383,12.1918291447245,11.4930963001773,10.9599106333718,10.554772906493,10.2485817919503,10.0014737451481,9.78452789780895,9.57438726816969,9.36988394019467,9.17198740090774,8.98116745133244,8.79061082856985,8.59532865030026,8.40762007599689,8.19970950379146,7.98429678931262,7.75681663362281,7.54053921663522,7.32948256826736
"Georgia","GEO","Upper","Under-five Mortality Rate","Total",,,,,,,,,,,,,,,,,,,,,,,,,,,,,,,,,,,,,,,,,,,,,109.983901905219,100.088853208561,91.9750578408149,84.6661346532443,78.8980754809312,73.6102093907797,69.0526270205108,65.4576097744809,62.4212779167697,59.9761312901021,58.0377965470312,56.5114054070259,55.3223390796745,54.2958148372044,53.6027336271089,53.1069961505117,52.6403512546676,52.1096059005329,51.591143885859,50.9742500990755,50.0582171945438,48.8292041426346,47.2223261835014,45.4148137745097,43.3734110850853,41.0540565991296,38.3175725156189,35.4434995841178,32.4391489780045,29.2396513275989,26.1877081186585,23.3398418180902,20.7874645290916,18.5679793988011,16.6759842243871,15.1613948750589,13.9402312280709,12.9739010746676,12.2290111254421,11.6661889632995,11.233345071099,10.8880892195176,10.6214783997405,10.4003558936226,10.1572571816569,9.92245006727079,9.65451141336246,9.41102648533544,9.21610223915066,9.15233174722904,9.19008268827437,9.25351930571334,9.38577497345329,9.53358802853435,9.67440403295083,9.81062572716645
"Ghana","GHA","Lower","Under-five Mortality Rate","Total",,278.502630593711,284.876634220799,289.032394999956,291.266550974661,292.083468717365,289.864041983546,285.595524588824,280.820902106841,274.71621493451,268.799765222156,262.354758676135,256.484459945609,250.330720192376,245.044668478836,239.887455223146,234.723235233716,230.232072416568,225.683553837948,220.642350606009,215.821816949956,211.429156217561,206.816647029274,202.381875975766,198.627087262568,195.019149355274,191.911012590874,189.57164754793,188.008885570563,186.467536967539,185.838256067719,185.753265124923,185.946809519616,186.972102054109,188.500348918055,190.619944894594,192.931663349608,195.124397573255,195.9432510415,195.33378163038,193.464226092111,191.235263576765,188.505624815229,185.002707874384,180.59908374387,175.381282253618,170.150994809407,165.414355795792,161.646411815944,159.200666889756,157.176842567794,155.55875866634,153.544799836842,150.466940734831,146.339605752869,141.362139607501,135.949692260867,130.443935767628,125.172444052792,120.378298731528,116.34034934961,113.469847142288,111.261720485801,109.429717168952,107.967731842761,106.196943705648,103.982431747164,101.255462195781,97.8577907048906,94.0912290448351,90.2056515003703,86.5217589215909,83.0891090605108,79.9129321474862,77.0390320504549,74.2629565205901,71.3854885887338,68.3340091589625,65.1354455133401,61.893019165934,58.7524824478307,55.730775484094,52.9635133014427,50.4169768556936,48.0408617505277,45.6883178583552,43.382726452965,41.0953429625316,38.7170390847066,36.3079471905654,33.8355272056067,31.6945549586562,29.5956517121096,27.5989127625348,25.792321657869,24.0721926677182,22.5319138824056,21.1009370846094,19.7270384054474,18.4830817024507
"Ghana","GHA","Median","Under-five Mortality Rate","Total",,364.571537769062,358.490331685334,351.691368637691,345.301585267442,339.523830418107,333.27185799912,326.880500078117,320.059962998015,313.521584388113,307.134487019977,300.69605296947,294.342169652596,288.284915200691,282.191666337389,276.39442080683,270.643114078864,264.663808725744,258.663473126249,252.736801815113,246.989865320384,241.038666950822,235.847580758146,230.735138782258,226.134249309719,221.740750065478,217.640849769496,214.191139858785,211.27922990212,208.993921530546,206.894368713985,205.24902911195,204.068091445816,203.235814528312,202.811181422509,202.747788658776,203.003504525654,203.282292899609,203.359642211273,202.789671757262,201.536269498624,199.218328534263,195.941091640366,191.845661109577,187.105715479329,182.246383802667,177.452635539658,173.364067257376,170.161441345566,168.130580173436,166.554160134882,164.902421061973,162.758960683321,159.681942894215,155.330094918095,150.09300620664,144.346129235858,138.402238957728,132.737103404739,127.628751022623,123.45956478246,120.209464086591,117.846098417467,116.01765350655,114.358292968977,112.548213803784,110.312138144244,107.389396339253,103.917533393372,99.9439504767374,95.8183146696825,91.8574240951595,88.2423432809791,84.9693675301661,82.01345917036,79.1413869836528,76.1752183649888,73.0659006694952,69.806167081197,66.5220820017596,63.315866527025,60.2622270524978,57.4914076970156,54.9278341347138,52.5371410687636,50.3141940609891,48.1961660210274,46.1194000581297,44.0824866007137,42.1611269497947,40.2905947800474,38.6436163296649,37.1857796193778,35.8776270570832,34.5974083845602,33.4376524074681,32.2423755106623,31.0952924732918,30.0416419049577,29.0604302737215
"Ghana","GHA","Upper","Under-five Mortality Rate","Total",,485.804305252614,456.304443191194,432.596699805279,412.478785904083,395.67245429607,382.72617693053,371.887949934168,363.681345055237,356.814037547861,350.559679834092,344.269374400908,337.930937876947,331.472564822866,324.47703256954,317.526849504428,309.938311082973,302.333042512868,295.413348347885,288.247608269165,281.32749330734,274.571492131215,268.00666103348,261.555951018403,255.493995280997,250.272471100568,245.457941716238,241.194043047088,237.048628770855,233.323736950114,229.944921649548,226.936637154662,224.055055476223,221.058843490994,218.418056996274,215.998066540758,213.667033631652,211.764098960753,210.746532117972,210.247120220412,209.329362791296,207.19092365361,203.720501724927,199.048160679367,193.805646148255,189.127810246897,185.05203427662,181.912697505421,179.595654805984,177.817715246302,176.443932085657,174.746767252509,172.417602974485,169.186555185856,164.59163843765,159.179696463631,153.132197670082,146.820356494642,140.987262566486,135.629027586521,131.075529065509,127.588316935024,124.89761241862,122.836841919083,121.042809260156,119.196346631857,116.742752593012,113.731499698996,109.976229647665,105.789825083906,101.630867865944,97.6473910816628,93.878070738053,90.5105375235249,87.362713906836,84.2946148769023,81.1262643440525,77.9279562094958,74.6761563693389,71.3118972027342,68.0627759237131,65.0376319777892,62.2947459046768,59.7090217153085,57.3305433725812,55.2521322941955,53.3997180000989,51.7765315040565,50.402814338847,49.3375807578029,48.3713360880094,47.6028301718791,46.9790387162042,46.6620552172725,46.4244620881695,46.2245213801121,46.2764014030315,46.1463179753667,46.3761853641832,46.2185271145431
"Grenada","GRD","Lower","Under-five Mortality Rate","Total",,,,,,,,,,,,,,,,,,,135.565282076648,134.619459754126,132.599242566485,129.441717480468,125.361951563717,120.688311823948,115.97457007012,111.29678572743,106.445441036136,101.286427895129,95.7282260674175,89.7260992278063,83.4105698309498,77.0565747915363,70.905889603657,65.2668261952178,60.2578744797382,55.9364688934814,52.3215485791902,49.2582632207172,46.6301889591603,44.3977086937344,42.4819609548719,40.9555222302915,39.687557574393,38.5657546966391,37.4906879319921,36.5223035800483,35.5485476922092,34.4005974465594,33.2000270678347,31.8234595797243,30.5021232840718,29.237142016246,28.0271272394476,26.8715633142052,25.8156854499551,24.7851276778614,23.8049723735203,22.8103942900858,21.8413011501971,20.8225173246387,19.8201301042773,18.8819302207396,18.0029323754666,17.2110719144944,16.5218459501063,15.912839989822,15.3629491833356,14.886557355669,14.4832780499364,14.1760366024153,13.915915992999,13.7407288111703,13.6157016266603,13.5301213282901,13.4860499346892,13.5080434033031,13.5932221258824,13.7353668449746,13.9665355509422,14.2382457835256,14.5613804185597,14.9168051907038,15.2926880453462,15.645375917278,15.9689275673098,16.2165807585482,16.3554140504993,16.4010428059708,16.2969890290263,16.0481483249412,15.6634836623292,15.1252875232813,14.4281823836541,13.724073841381,12.9944490646599,12.279792957412,11.5389638448254,10.8593127178103,10.1792430304867,9.5334194173313
"Grenada","GRD","Median","Under-five Mortality Rate","Total",,,,,,,,,,,,,,,,,,,154.756447293249,149.400275948782,144.00030502385,138.619029718294,133.342468711359,128.195751933722,123.207677361641,118.093006608231,112.876611013855,107.365128983321,101.364350149256,94.9746683281624,88.3070484910384,81.5516972681124,75.0334924734622,69.1065057921276,63.8892302460727,59.5104544906446,55.8978766457608,52.9844149607787,50.5972084238853,48.7224361657762,47.1764679669014,45.8760150258888,44.6883479215883,43.630149611125,42.5588311904826,41.5098750384966,40.3758881082421,39.10535214445,37.7236933693736,36.2103150715663,34.6555475696427,33.0866667981838,31.512277381224,29.9628887826322,28.5005029832613,27.1087490545415,25.8147171277453,24.6106726464815,23.4655072715513,22.3792822897376,21.3494744028889,20.3787698418743,19.4775360476215,18.6631491576201,17.9342560070424,17.2858307011671,16.7246062281076,16.2428062501754,15.8400840302881,15.5125546930021,15.258088419351,15.0588991321477,14.9249383878966,14.836883359243,14.8077423354836,14.8532074010156,14.9499817775904,15.1211519309829,15.3681371387058,15.6741538484766,16.0297554787402,16.4203037325014,16.8106042056704,17.1743562101293,17.5328491376772,17.8440204482993,18.100915381107,18.3244542580153,18.5154736563752,18.6455656564958,18.6596452948291,18.5494637079371,18.2986005134899,17.9602727919033,17.5787135901928,17.1436569760191,16.6902399650607,16.2269160018968,15.7661792989804,15.3170354397001
"Grenada","GRD","Upper","Under-five Mortality Rate","Total",,,,,,,,,,,,,,,,,,,176.718001486653,165.730352885509,156.289372047691,148.486234023458,141.86568861078,136.002434232316,130.475057097785,125.183853809817,119.508415571774,113.742320557935,107.412486812098,100.620998765492,93.5958601251715,86.3498397003568,79.4665014348375,73.2017330903763,67.8182334920077,63.3513791042998,59.7481287166962,56.9929068232255,54.9033377686948,53.4227468825712,52.1827859889358,51.2382781889219,50.3057920700451,49.338200632987,48.1808936823711,47.0798588092262,45.7137838451092,44.2374969515422,42.6488888602401,40.9139326769585,39.0525823749667,37.1972559275949,35.228684580137,33.301823263274,31.4211771812069,29.6531360226122,28.0406910641701,26.5583142159943,25.2461019842395,24.0597150160691,22.9612606683381,21.9587052055189,21.0398733267055,20.1975287925736,19.4334223100083,18.8101166864489,18.2385087238623,17.7341168245361,17.3036085680938,16.9650031438997,16.6998462284559,16.4661716517061,16.3445265455607,16.271729969212,16.2634597397928,16.3329144132805,16.4454876387918,16.6241810456488,16.8759802714152,17.2069187614975,17.6169459761433,18.0242858200949,18.4460963511124,18.8417237572941,19.2437349494205,19.6195408864056,20.0079843974912,20.5140605685291,21.1073666720131,21.7388377687656,22.2649271287333,22.7298092640608,23.1318502229523,23.4335214062431,23.6996506491266,23.9021585263305,24.1134383107184,24.3039674406866,24.347342691285,24.2702074461836
"Guatemala","GTM","Lower","Under-five Mortality Rate","Total",,,,,,,,,,,,,,,,,,,,,,,,,,,196.679451758104,195.60989347209,194.592122437219,192.820455771751,191.003813107456,188.938936462423,186.36255165951,183.05978041033,179.470365746973,175.705967708459,171.528224607756,167.247726989844,162.900477999344,158.348085402177,153.740112970434,149.139547799362,144.454176093213,139.794144681018,135.204385102757,153.944855273671,126.373659686918,121.990977839784,117.682437628661,113.425953411895,109.231911985127,127.001106483019,101.128899140021,97.1455159558747,93.1414154662813,89.3262724802473,85.5146243200675,81.7825690465212,78.1673991652174,74.7260741766492,71.4054788482907,68.1998326545262,65.0984745778199,62.1854884168078,59.4255271304298,56.7777829429918,54.3094213967984,51.9877947950115,49.7800111019102,47.6755661098016,45.7060456677432,43.8134799306546,41.9860111778837,40.2495494322526,38.5771356853413,36.9544741647962,35.3236291992464,33.7283156487738,32.1867616454509,30.6679163369714,29.185779463004,27.7143181002742,26.3182688850867,24.9994833475155,23.7800805266507,22.5425462174735,21.2955704223806,20.0808522056715,18.9162262446761,17.6415671495876,16.4737672802012,15.4247004309488,14.4413758391633,13.496654549015,12.6624238205361,11.8877547912504,11.1310744974143,10.4827869956959,9.85657250142227,9.27949609742771
"Guatemala","GTM","Median","Under-five Mortality Rate","Total",,,,,,,,,,,,,,,,,,,,,,,,,,,237.585406057517,231.572651860655,225.890704126749,220.480732375531,215.295129935626,210.365629915588,205.357430033191,200.333551521855,195.37886061395,190.450202135516,185.468644092622,180.516886185299,175.518073463621,170.46641113983,165.420700912834,160.282595523988,155.224344630188,150.259703266239,145.339347298878,165.363758627055,135.670652825673,130.959599314766,126.313032590803,121.688625003051,117.158446640317,136.1217262437,108.277888274404,103.919789684854,99.6515326555435,95.4758313035531,91.3962602537207,87.4625183465888,83.6726167997691,79.9934671359933,76.4299695845167,73.0656724186073,69.8715213351747,66.7891568935459,63.90742405498,61.2117393610416,58.6672793795255,56.2544499362963,53.9792779900471,51.7936694195376,49.7328284936994,47.746873240729,45.8907548674818,44.0915815441168,42.362147234078,40.690996404257,39.077084936619,37.5229001296909,36.0070914347201,34.5305156935768,33.1318304205817,31.7753182767058,30.4436129006497,29.203811347622,28.0670137494724,27.0289638991808,26.0798775879288,25.1270496260567,24.2884308043265,23.4679066995445,22.6722802907579,21.8989644989492,21.1714465729337,20.5085343388602,19.8114260567963,19.1796417900492,18.6182904942256,18.0342394922233,17.4013010524212,16.8113038019348
"Guatemala","GTM","Upper","Under-five Mortality Rate","Total",,,,,,,,,,,,,,,,,,,,,,,,,,,281.628843565035,270.742868270587,260.488477125834,250.767698328895,242.093035512559,234.065853477094,226.385417850371,219.203452495209,212.68602522831,206.351966794519,200.567154588965,194.714925702426,189.067687792981,183.406607644608,177.806710115124,172.428915875081,166.990254877443,161.683877622552,156.284171640419,177.866498577509,145.966894905867,140.808648318248,135.744352562192,130.65144924534,125.769130722975,145.940681197988,116.076819140053,111.322054818627,106.735987165599,102.12171430115,97.7012011750564,93.5179574164559,89.392432232946,85.514085491589,81.7416006650141,78.2591890040901,74.8165320853539,71.6731404997213,68.700124167839,65.9621016727447,63.2929235644421,60.7891370415557,58.4153466539199,56.1847361398276,54.0606335651508,52.1076582207423,50.2155705827006,48.4305297776578,46.681282092885,45.0364994305465,43.4023496494512,41.8126174789605,40.3185567968016,38.9293496025668,37.5645526501158,36.2953051877236,35.1899157368956,34.1055044678861,33.1500442211622,32.3879430104115,31.8176721495469,31.5127528054984,31.2899974989973,31.1403601726036,30.9719340586809,30.8810756308396,30.7373601527329,30.7563208047807,30.8481411988398,30.8632438873782,30.8908429471321,30.798507068313,30.616914979137,30.38775089481
"Guinea","GIN","Lower","Under-five Mortality Rate","Total",,,,,,,278.306963395314,285.143045955598,291.860683616921,297.585645020598,302.488064493136,306.219655675865,309.84215600353,312.389496672305,314.294614530645,315.992068142968,316.554039992819,316.986105474108,316.300313357649,315.696222124226,314.753586415743,313.664596084363,312.083291557099,310.759509050812,308.619851995592,306.576393563747,304.46589123861,302.751391932927,300.441505915014,298.205076123319,296.009458037427,293.888751462464,291.833881623124,290.902557817615,289.16513182992,287.874137009237,286.704126016043,285.586263429657,284.60750723286,283.584611000015,282.192308670739,280.748722529011,278.913030348626,276.923435033979,274.129963171259,271.228140081618,268.462054647922,264.792502696105,260.941143979011,257.108653001004,253.121890331314,249.172409999648,245.681879569705,241.60314466481,237.993349601163,234.057576318724,230.011011719508,225.62956841919,221.043609483281,216.158175281862,210.781505959162,205.151107640055,199.041465087945,192.854059974149,186.271250865962,179.709208853619,173.299919485187,166.843855550695,160.217795636164,153.59276398406,147.158614090757,141.081010991479,135.558653742852,130.481136649752,125.980722197201,122.165556922624,119.09536533776,116.399539927013,113.898534645296,111.795289364366,109.677038188083,107.566787301963,105.498297518945,103.855106044907,101.697131130117,98.706036657261,96.1427097148688,93.4183003585576,90.1674101468413,86.3901186782804,82.2580152485722,77.6816093989089,73.2497544151872,68.8369084726324,64.4368939130704,60.7014098990097,56.7179714685949,53.1048506505502,49.7349643704305,46.8671166021436
"Guinea","GIN","Median","Under-five Mortality Rate","Total",,,,,,,348.214370301319,349.033781252063,349.857313267064,350.666447454653,351.159852720715,351.887539651284,352.425837989404,353.243360269601,354.047650085708,354.382249400105,354.621307977197,354.881807738361,355.14443675089,355.435572469394,355.75443906702,355.78971504384,355.774935083913,355.200225096049,354.268438673226,353.220514220282,351.977777637445,350.101735791546,348.372242488466,346.699376176559,344.393020900161,342.158954469668,339.723074113722,337.27235316993,334.863631312332,332.131211415073,329.335740968316,326.587379463605,323.834408996851,320.965623735088,317.66304637798,314.586525326361,311.005660834896,307.654882731913,304.018575390824,299.881178676993,295.447126194498,290.728037473008,285.883159306902,281.032497540934,276.257040389177,271.50480659969,266.891071939658,262.261446711059,257.593049916094,253.013462811816,248.420029992592,243.710378782272,238.709189970108,233.393660547694,227.47020304844,221.085153190696,214.41845340178,207.543271065763,200.532308886909,193.541763347381,186.605566772642,179.655180675543,172.626005888905,165.681395886317,159.00067553987,152.659271743337,146.894501662783,141.602025936857,137.020812386156,133.056133503999,129.732820745232,126.878884417749,124.369717845041,122.195077653516,120.269073367682,118.396541451866,116.55395947205,115.44856684399,113.739017393101,111.380266171324,109.543455743765,107.519296586569,105.364125955406,102.888342351939,100.319426484901,97.6290069310484,94.9500426064148,92.1446034790722,89.4225786311073,86.8299850585927,84.3607717221855,81.9150353031081,79.5919608208547,77.1273270847111
"Guinea","GIN","Upper","Under-five Mortality Rate","Total",,,,,,,438.414225593262,428.61922932589,420.971673116772,414.228451622985,408.512199321854,404.866287131573,401.523587182269,399.196713962958,398.099151576291,398.233747970804,397.72357096529,399.050939602742,400.068676248599,400.771502647034,402.059652810609,403.282490242183,405.051346813484,404.954449434891,405.656696650904,406.262771657239,406.713786134674,406.364443369241,405.818262135716,404.060469054974,402.18132632494,399.730224622502,396.734368071279,393.280263028572,389.521928403268,384.782630595567,379.322483107553,374.852934342343,369.773469906419,364.332662994256,358.912207080307,352.93252611004,347.761855304313,341.8303256394,336.247888398116,330.517752548105,324.792294225344,318.882370555223,312.553503768145,306.30300698035,300.347047206338,294.933456881464,289.717503830342,284.173556883111,278.868605927303,273.523417308451,268.327952643134,263.010201500831,257.333757453686,251.272417209601,244.754008593066,237.810586338142,230.545436257618,223.094691864599,215.608602474686,208.145887400078,200.837683801544,193.403131165163,186.020566029323,178.567644877335,171.6925009619,165.118304607139,159.069855365876,153.693918629065,148.83179635727,144.726947033587,141.111299270354,138.060897939626,135.691942288257,133.560980495379,131.861766705182,130.230008973978,128.899946708325,128.200434245591,127.255559287896,125.642005853199,124.97009719147,124.331563127339,123.650893501024,123.367503137152,123.374383639095,123.556641994544,123.85984400838,124.437276223887,125.082636743023,125.232622609652,126.177099686954,126.566709781688,126.640187692944,126.565303685164
"Guinea-Bissau","GNB","Lower","Under-five Mortality Rate","Total",,,,,,,,,,,,,,,,,,,,,,,,,,,,,,,,,,,,,,,,,,,,,,,,,,,,,,,202.440899569327,204.332895039711,204.749710521233,203.987624984891,202.302742694512,199.36568323491,196.453269560841,192.993908385404,189.222130149417,185.086312624696,180.928415123696,176.401848114432,171.564957637541,166.817146554035,161.737955531016,156.795090336494,151.499631956217,146.016115478177,140.436308480554,134.372906589582,128.079573392305,121.695209098203,115.074086515153,108.239574173724,101.482617775174,94.5208519574299,87.6500847177792,81.3152130342287,75.7027823770119,70.5292590906929,65.6869999255374,61.2988062060156,57.4253534999623,53.5418455106973,50.2076982669236,46.9251631036868,44.2114067503677,41.4510002978437,39.0205068198317,36.7817806831519,34.5395322596363,32.640577784144,31.0467777157525,29.1697484829768,27.6217928654891,26.0093345960508
"Guinea-Bissau","GNB","Median","Under-five Mortality Rate","Total",,,,,,,,,,,,,,,,,,,,,,,,,,,,,,,,,,,,,,,,,,,,,,,,,,,,,,,245.940173493933,241.216696842669,236.742974448444,232.361282139512,228.000203614165,223.696798564111,218.982718063594,214.479062833026,209.868121928414,205.029308678233,200.113646655753,195.03006757952,189.979674994659,184.969883662628,179.881547906709,174.832855781427,169.31889540202,163.566818316076,157.689513738582,151.585259015807,145.329781085407,139.055299376116,132.800429922331,126.462434165059,120.172913877722,114.303398408977,108.591432844012,103.556925885288,99.1117216102778,95.1637433847005,91.6014700659797,88.221124118301,85.1305189238695,82.2184876137811,79.4528780651149,76.7453557431808,74.349986353217,72.0308932266975,69.6960638564149,67.3361328119606,65.1790003803485,62.873826709174,60.8057942242482,58.8398716681005,57.0088767424655,55.1587689328436
"Guinea-Bissau","GNB","Upper","Under-five Mortality Rate","Total",,,,,,,,,,,,,,,,,,,,,,,,,,,,,,,,,,,,,,,,,,,,,,,,,,,,,,,293.101724491378,281.031565912689,271.144933982954,263.165242120581,255.929488294264,249.255379047694,243.339311149327,237.7838541486,232.125045300316,226.765476848208,221.034249637767,215.796122579684,210.557955623184,205.123912609918,199.838803929452,194.580603694263,188.963834832844,183.081961216495,177.46083191162,171.236051421662,164.749597413142,158.581246093657,152.643572304526,147.590179560069,142.849117656691,138.529547493415,134.861937787982,131.294986019505,128.414868191282,126.239343382133,124.130654743913,122.986297271555,121.843744558699,121.134520686842,120.089375986943,119.835426424644,119.377983549311,119.068478210938,118.182516414141,117.540730552884,116.801182351521,116.48682845381,116.576769504447,115.609767460506,115.486946880769,114.370342168117
"Guyana","GUY","Lower","Under-five Mortality Rate","Total",,,,,,,,,,,,,,,,,,,127.028589757822,123.241058781844,119.421652787693,115.022960947984,110.483135043515,105.747195821635,100.722166343812,95.6912995867756,90.85970724232,86.099042065119,81.7344748427049,77.7678078325914,74.5701267684658,71.5807384747935,69.2234038134115,67.3806617635816,65.9706551899594,64.9149161111933,64.2507847741621,63.6250063420001,63.2646900169728,63.1482133827662,63.0829288563718,63.2646488146773,63.2385734109089,63.1612925384198,63.0005924470089,62.6840295676006,62.5255464956909,62.1119413459773,61.825343867661,61.5676084323951,61.2181070182748,60.9133072335387,60.6093317767445,60.2176810110447,59.7975850492238,59.1911015116017,58.4606620348334,57.5487368711051,56.5142457543603,55.3732565953771,54.0354534509955,52.7206439935135,51.2809333138102,49.813848177465,48.3342187590069,47.0271957180635,45.7441160598274,44.4177281567602,43.1307207976321,41.8546510449501,40.6922537394911,39.478113144483,38.3190321489078,37.1572659503563,36.0039541702262,34.8513220852626,33.6239500798257,32.3122355297997,30.9869071289559,29.6524461207007,28.2217002767413,26.8981464879885,25.5751088980694,24.2175584198315,22.9867034379827,21.7575213199105,20.5438941559452,19.4296711888963,18.3581708056913,17.3077078313758,16.346651775618,15.4511373450732,14.6010746059158,13.8654338871846,13.0188013520161,12.28259961509,11.5692963679115,10.9335080653843,10.3567947056238,9.79354160343671
"Guyana","GUY","Median","Under-five Mortality Rate","Total",,,,,,,,,,,,,,,,,,,162.69700818897,155.344959467504,148.123230187778,141.049586329832,133.973635553615,127.094540056732,120.384576537518,114.029431599712,107.898077376943,102.164547927192,97.0914302453569,92.5265214951176,88.533828225633,85.1628896826427,82.4291271369427,80.1132883349337,78.3319460071901,76.8943958844252,75.8433365448508,74.9586352981875,74.3949796634182,73.9783536558158,73.7791010817143,73.5844070661488,73.488539353737,73.3487605793662,73.0543943429699,72.7264502627219,72.3145587799638,71.8864552370803,71.3788105235662,70.8486442234413,70.2885610964397,69.6364163154536,68.989582484885,68.2770164671369,67.4952626980717,66.5857574227928,65.5156478490335,64.3068041719016,62.9161729572675,61.3842395539649,59.7979980788608,58.1262504144483,56.4954160348159,54.9374774547957,53.3899764630205,51.9438308809643,50.5832948626736,49.2461282207769,47.9902877184929,46.7387408309435,45.5848732966172,44.5028889721556,43.426740374063,42.4854426285636,41.5846002860349,40.7295489610188,39.9165558836127,39.1405851127421,38.3303010017473,37.5851625936348,36.843685725425,36.0420963422019,35.2351528935303,34.3312159394817,33.3240177921948,32.3711303042868,31.4477523413595,30.4712825235475,29.5594573934954,28.6410097510037,27.7825695463588,26.9294124201592,26.0178353110141,25.2097594896627,24.4018693386797,23.5539259319308,22.7791993128859,22.0896015262507,21.4541032050731,20.8122859112133
"Guyana","GUY","Upper","Under-five Mortality Rate","Total",,,,,,,,,,,,,,,,,,,209.311801556223,196.177057839698,184.246556732352,173.619226596233,163.523583165437,153.774756608355,145.235371184962,136.813480806252,128.853950330356,121.7198731199,115.49993809988,110.093033610988,105.374306336847,101.434463066774,98.0078150047941,95.0816093409341,92.6544489589325,90.6412095328923,89.099784366175,87.9838081736724,87.1256360280159,86.5960262596558,86.0928626420088,85.7873082391968,85.5296629490427,85.2125019337372,85.0758481527776,84.984339046302,84.6557278829241,84.0137665076877,83.0485122039082,82.2573744075793,81.319181342348,80.3667913332367,79.1321378862304,77.9337891034883,76.7109690465763,75.3633435677627,73.7928712306199,71.960016786891,70.143864276449,68.2442054997217,66.2469069457083,64.202841629114,62.2757990135267,60.604530075653,58.9329944053728,57.4585631117916,55.975172969059,54.6643488188386,53.3958179279695,52.1817283616183,51.0893516984444,50.1942057475301,49.3453095540089,48.5650835081342,47.9222993073983,47.4344284767844,47.2135112042554,47.0680769063146,47.1031996135321,47.3388773131468,47.662026530697,47.8191588532508,48.0680216814887,48.2556482348526,48.2514512362183,47.9426613315384,47.8438132356429,47.56780776338,47.3274940486394,47.347628806339,47.1167155090185,46.8223640465873,46.7291758007124,46.4672758424742,46.399000227723,46.0518243696631,45.6938022814845,45.3915975186138,45.0124968280945,44.5261231916914
"Haiti","HTI","Lower","Under-five Mortality Rate","Total",,,,,,,,,,,,,,,,,,,,,,,,,,260.437197204002,259.932549291886,259.008209205554,257.207377061163,255.573796351462,253.287617758413,251.247837796926,248.363179129303,245.670185366615,242.543506122478,239.299045850344,235.758676538282,232.086736763902,227.857396848825,224.005695498216,219.845549869558,215.202553509897,210.559757808595,205.619821389146,200.63280842089,195.634337501234,190.588367834095,185.665787264141,180.904165008807,176.200545008792,171.563719453523,166.989237165781,162.448731809355,157.977082761782,153.75430246098,149.647119320755,145.680582041473,141.766182433995,137.901362398336,134.07393596362,130.195233352264,126.296491630013,122.367128609633,118.208965144773,114.062029949019,109.956689832897,105.826519847098,101.894822799711,97.9873883939522,94.3441627382643,90.8371755167725,87.7475684971856,84.9918977068813,82.527718604009,80.4070091592669,78.2669941840293,76.2353827960059,74.1094859420207,71.9740715945443,122.60658464621,67.442397520767,65.1315988846186,62.7487580440933,60.3856043516207,57.8394881550779,55.0630882901855,52.2561758202799,49.5655131670818,46.7945430635818,43.9918481929097,41.320108279118,38.6679925952821,36.3318071972043,34.1632651279685,31.820658479662,29.9476376718146,28.1274217650994,26.3549519264944,24.7614633909736,23.2951378365154
"Haiti","HTI","Median","Under-five Mortality Rate","Total",,,,,,,,,,,,,,,,,,,,,,,,,,314.875209413907,309.157381711614,304.060731969836,298.92249327711,293.76114372464,289.076493923603,284.321294266476,279.946624570875,275.294132013691,270.667557461472,265.852365511826,260.85521961052,255.989938233861,250.766491875075,245.601184378187,240.300875007269,234.884731198298,229.180347677477,223.3365093492,217.64310759349,211.839393852644,206.301858013695,200.961581734832,195.649865537445,190.532621174717,185.490427303121,180.501045279517,175.470763095496,170.709512406058,166.037994366621,161.521754840533,157.13513418745,152.879480219946,148.687294670907,144.515173901106,140.326922087213,136.19557094468,131.920633643517,127.66293460887,123.311795721359,118.965717737753,114.71571859836,110.587444478131,106.624019025332,102.88355688164,99.360445187338,96.1849885417434,93.2995878624406,90.7099431215377,88.3521144354999,86.1891318564188,84.1117899460316,82.1684645337247,80.2449572734108,137.696897508543,76.5003800196848,74.6430776461184,72.8053889908097,70.9463898818072,69.1248205240423,67.2409575325478,65.3183502128449,63.4265831262954,61.4728148391178,59.7643501813668,58.0544900712936,56.2208744139419,54.426458198119,52.7528892052613,51.0265725887784,49.4988618234688,47.9635158338018,46.3571168834678,44.752400446304,43.2169327887824
"Haiti","HTI","Upper","Under-five Mortality Rate","Total",,,,,,,,,,,,,,,,,,,,,,,,,,377.754894969915,366.612385529022,355.879775553657,346.681405922003,338.392840137208,330.217629727252,322.888193249906,316.258634092586,309.324182862654,302.413888447764,295.624079127339,289.126988613937,282.555980106266,276.131322564351,269.544832942469,262.876267849454,256.470257949003,249.826276851519,243.395181306278,236.712673655832,230.363510166195,224.241239478591,218.321119796457,212.498480626,206.805147479535,201.221912533214,195.61396864625,190.228920288813,184.854430913953,179.656087636564,174.531892286435,169.681651776558,164.877417636737,160.350175116978,155.981669721186,151.624543772574,147.217959161563,142.75705580816,138.053295014603,133.427539418733,128.776287720062,124.290463721606,119.867829701754,115.768133773852,111.91520589286,108.310952980994,104.961904826561,101.883668256715,99.1610393409717,96.7499214660262,94.7131137339129,92.7907058432331,91.0318032938287,89.5227263805449,155.000388579431,87.0903089568254,86.3347109925891,85.629276353257,84.9999550429158,84.3534869333892,83.7492918125155,83.0346737107098,82.5688456152251,82.3763101805427,82.1282449372423,82.4073140352171,82.7085077828985,82.7738826812499,82.6340368291563,82.2750247053972,82.2845073382767,82.1496109194059,82.0809661001172,81.8548618149782,82.059758973238
"Honduras","HND","Lower","Under-five Mortality Rate","Total",,,,,,,,,,,,,,,,,,,,,,,,,,194.083983924811,192.170467314296,190.024713125006,187.024731788306,183.75136670907,180.259948167523,176.002215287634,171.659080604419,166.746263296092,161.579390509431,156.317359197505,150.917294976996,145.499038523232,139.901770315056,134.496058387287,129.2314451528,124.029329332832,118.930748116878,137.486623231071,109.15490603724,104.504077818799,100.029479624854,95.6473525057679,91.4357176768724,87.2958913735983,83.344231065725,79.4396327475552,75.712994427895,72.1185119950297,68.698471148212,65.325456565001,62.0966556968937,59.1023845668773,56.2605049499945,53.6761350192867,51.1723480402566,48.8873353230784,46.6932238547829,44.624410836112,42.6893783708396,40.8519007767806,39.0973784787406,60.1642128759356,35.7605372536685,34.1605698708198,32.5748262999293,31.0665980934705,29.5921839657959,28.2097602575344,26.9327755302413,25.7764628722266,24.6817376274306,23.6442322964245,22.6886333075216,21.7198788542161,20.8156813393451,19.8812907995286,19.0046397951307,18.1479945414202,17.2691387784909,16.4605900164896,15.6521090824032,14.9251145384085,14.1353016942811,13.3846582420485,12.6120232235231,11.8522419719702,11.0965206949485,10.4306905003619,9.81710663343722,9.20194880691003,8.62874696843597,8.07293136492306,7.55652319607422,7.06051989192846
"Honduras","HND","Median","Under-five Mortality Rate","Total",,,,,,,,,,,,,,,,,,,,,,,,,,235.774955687431,228.150817331573,220.732373364742,213.401223262742,206.44348151225,199.837025834687,193.405415639205,187.201453385338,180.961098069995,174.981834592824,168.97096004863,163.007714549847,157.209651403775,151.526666799605,145.878168695287,140.361796987194,134.903469941697,129.546366921336,149.92026105929,119.139000569952,114.080949552694,109.119005277824,104.334775005564,99.6476028091642,95.0826309457297,90.6659910054272,86.3717231064715,82.2351186144283,78.2849807471096,74.5216483718474,70.9460524242684,67.5043159014648,64.2775591281377,61.2057570939401,58.3152222588439,55.5889940770782,53.0537450934559,50.6994291889999,48.5231460187023,46.4447926459667,44.4733374733957,42.5909603163836,65.5469495645401,38.9976170015605,37.2801106846273,35.6273916944015,34.0423580919353,32.5363546950261,31.1234339214956,29.8022306414835,28.5743736655145,27.4176737890874,26.358290304007,25.371046203582,24.427060786826,23.5302424382691,22.6959963900459,21.8885920179704,21.109336295469,20.3491927026061,19.6202645490394,18.9114984338166,18.2490583110613,17.6559198735691,17.0685185763294,16.5127783410504,15.9808400854395,15.4680118968133,14.9550038083035,14.4840651537228,14.0357171026835,13.5809674274297,13.1726134217583,12.7414453211514,12.3413125064319
"Honduras","HND","Upper","Under-five Mortality Rate","Total",,,,,,,,,,,,,,,,,,,,,,,,,,278.793092354722,265.173263496223,253.101054455994,241.59373414886,231.237831769812,221.193776820745,212.435572714321,204.341633738842,196.845227289433,189.83263342345,183.379208521321,177.162053673587,171.429130306234,165.652280762878,159.934513614135,154.199193035052,148.544949428253,142.762190406012,165.456474279338,131.594981054255,125.800589331,120.181715704579,114.774311107947,109.541921260078,104.236261795193,99.1140564778435,94.2652434498855,89.7285056293862,85.2584525847704,80.958013512983,76.9996608210557,73.2748929444111,69.6429958738601,66.297118983684,63.142705994658,60.245087154922,57.5568595722197,55.0457431334729,52.6838771346711,50.4973633558534,48.3539368356096,46.3329653756467,71.3986232226704,42.5030983782669,40.6591251361595,38.8897023355593,37.2163557073117,35.660084892921,34.2055417147904,32.8257705976654,31.5793771984956,30.4385219537822,29.3852451605485,28.3982194574921,27.5403731273735,26.7259640888229,26.0136949731246,25.3328901547629,24.7182367380471,24.1829918026143,23.667298513749,23.2011444426393,22.7366382320476,22.3670134892018,22.0592745631503,21.8107831413242,21.578158982086,21.4829298405101,21.4618370730706,21.3755108936267,21.3268659936339,21.2129391619862,21.2023481872573,21.1329430484073,21.0780055396547
"India","IND","Lower","Under-five Mortality Rate","Total",,,,,,,,,,,,,,,,,,,,,,,225.863062559817,225.801758204675,225.825185909309,225.502951618572,224.557512180481,223.567578159284,222.027072245261,220.148961209553,218.051213608306,216.29381135345,214.641824613769,213.165636720434,211.729767363928,210.625540343101,209.26646568609,207.789293735412,206.07363275526,203.996025310106,201.509445715362,198.596691552169,195.493296250447,191.895713972346,187.791595955684,183.327287999175,178.521443277258,173.492170086674,168.373526284339,163.266545233125,158.378397184377,153.790324149292,149.470121467529,145.452086472616,141.529522989277,137.707479740354,133.889702693959,129.952108039132,126.157265376598,122.53434350456,119.015320152965,115.721976117786,112.423651118305,109.182587343726,105.831027858658,102.425187587881,98.967402521173,95.4868252587847,91.8820503762752,88.3438016128597,84.7988495377629,81.2585771981399,77.870369581067,74.4800494588825,71.1916805757927,67.9310290944089,64.7432171274456,61.5840158599553,58.5027398078407,55.4745992246612,52.4961793671754,49.6126886653788,46.8215906625314,44.1559684551916,41.6681514220277,39.3043603761195,37.0670418355771,34.9984452785684,33.0137600789162,31.1112704482348,29.2486811190928,27.4382354561149,25.6900798616008,24.0747431084648,22.5986221233526,21.1086367712466,19.6958108532938,18.307969401291,17.0599499597275,15.8855319756703
"India","IND","Median","Under-five Mortality Rate","Total",,,,,,,,,,,,,,,,,,,,,,,268.197021308553,264.183223660329,260.02571413867,256.026190621265,252.202863196264,248.40622783374,244.791681618108,241.34759091221,238.055780521529,235.01031133345,232.190140572611,229.583863731372,226.961520517526,224.480242890756,222.115983782547,219.741822652455,217.074868860093,214.382722442823,211.443321687355,208.171131221355,204.516312304747,200.550085378007,196.084939891017,191.293925532962,186.121196138441,180.709153992349,175.220604222796,169.809905596997,164.639316045117,159.784711089421,155.238273501289,150.975397491005,146.846813415868,142.837742603975,138.817635938168,134.807577267174,130.851543867226,127.042248006197,123.38647271855,119.871700084028,116.462077018552,113.109640237384,109.700295684713,106.215680749347,102.671464225671,99.0678450469407,95.4271575886691,91.7821898851014,88.1395669656089,84.5886668451702,81.1076924908512,77.6932546705841,74.3468963892618,71.0304527173247,67.7516576343231,64.4762509031638,61.2494364146638,58.0665223357263,54.9654415640212,51.9787406068544,49.094389604486,46.3506989656444,43.7444426137096,41.3028032528644,39.0163131558783,36.8698060827583,34.860835653482,32.9770104206312,31.1920110854888,29.5332770967689,27.9935891749794,26.5799002990667,25.3209367557863,24.2295185603479,23.2559659081174,22.3982628682661,21.5765508398634,20.8532006388285
"India","IND","Upper","Under-five Mortality Rate","Total",,,,,,,,,,,,,,,,,,,,,,,317.312709575569,306.805974399131,297.675044337425,289.2357664899,281.492572173832,274.816896076702,268.614754954736,263.385460424145,258.838509813063,254.305325604217,250.188460666568,246.242274977245,242.31402329828,238.7568032828,235.410033815238,232.128723622886,228.910841910012,225.684717649447,222.190913052077,218.551708915182,214.626375832748,210.22288001414,205.364888786867,200.017519746893,194.288569579872,188.295526747853,182.349623695075,176.557942393214,171.044461769531,165.889390770239,161.132165151645,156.605079283052,152.365544820966,148.199704214053,143.941837879333,139.700537996096,135.545196502575,131.575786510605,127.762389916035,124.135063066993,120.62873637602,117.179169108279,113.711897658375,110.164094781975,106.533984703479,102.829017323946,99.1006097112641,95.3659130080133,91.6911291284279,88.1801110734785,84.671490096041,81.2223756926063,77.8422321090731,74.4697703758678,71.1695666785335,67.7274404379101,64.3161664024797,60.8877345357716,57.560511049492,54.3774357078823,51.3531526648268,48.5301154317457,45.8251668396486,43.2682103781082,40.9030832307723,38.7303376545333,36.773209793657,34.9209762339307,33.2726815692963,31.7963864983747,30.4768722030771,29.3798362730498,28.5194687598376,28.0322148795301,27.6657569621705,27.5037032973504,27.4313659444053,27.3955950070049
"Indonesia","IDN","Lower","Under-five Mortality Rate","Total",,,,,,,,,,,,,,,,,,,,,253.440323586045,248.479936678325,243.497374792708,238.053140817968,232.561427378467,227.260876909952,221.880479186466,216.860161147596,211.700944023389,206.56086062333,201.736821797456,196.915581555587,192.010019308936,187.106180282428,214.891924466922,177.072289566863,172.026981541549,166.847426464804,161.603256452959,156.488248873967,151.565370091358,146.722724806728,142.107117780232,137.541077236057,133.227466328787,129.026738286203,125.146142871314,121.436722348093,117.746899160251,114.215826098797,110.695856339961,107.137826846343,103.595263012158,100.109348302638,96.6115329972898,93.1110393613423,89.6634727096196,86.139097374236,82.6407582664935,79.0979659435185,75.6187618638353,72.1962858045698,68.7867835462554,65.4736487947215,62.3352347000837,59.318874862382,56.4467746511363,53.7156249502368,51.1218802831911,48.636508335878,46.3142894508953,44.1080571102426,42.0613271655412,45.7913408438814,38.246703542605,36.5157065479552,34.8721077152288,33.3241326006279,31.8169294388908,30.3886127768129,29.0159357190914,27.6754321907152,26.4092129889936,25.1719789100303,23.9359340433197,22.7467769378698,21.5922654452535,20.4737326271114,19.393924560123,18.3375055726152,17.3616385622376,16.4321874680359,15.5512324979121,14.6210793999949,13.6954841957787,12.8016369077632,11.9593222277237,11.2424779960968,10.5273062849201,9.84479386607802
"Indonesia","IDN","Median","Under-five Mortality Rate","Total",,,,,,,,,,,,,,,,,,,,,293.34850883227,284.650755874442,276.360585095564,268.195002056622,260.153745453258,252.417193406179,244.923846745942,237.848246617091,231.083741866984,224.493836210569,218.225702343344,212.343093689458,206.438875125102,200.656363558478,229.921273174246,189.072979437386,183.321608340778,177.495145794016,171.849011367286,166.324333243485,160.852764204201,155.584406742545,150.460962884058,145.567040012055,140.859752003374,136.406782539531,132.167533991538,128.106743123553,124.161873995617,120.355130625039,116.593528669059,112.83741320272,109.132285521519,105.42812283342,101.776704895013,98.1256233830515,94.4081235561637,90.6907911260612,86.9417973545603,83.1742683065402,79.4426689554677,75.7799128744697,72.2345166076816,68.8173379787845,65.5396440944588,62.4112834090151,59.4236763140843,56.587870636434,53.9083329336637,51.3793551663283,48.9989294393444,46.7457814642038,44.6124229953039,48.6379053089013,40.7124626817745,38.9325852339778,37.2227227590437,35.606910365316,34.0796599388553,32.6083797802507,31.2026049180084,29.8653521064154,28.5813587876146,27.3410051902991,26.1239299766737,24.9673703985287,23.849224612458,22.7938169026461,21.7833957262487,20.8118085790825,19.9126305313938,19.105279270696,18.3623409513804,17.6884463213739,17.0688450225983,16.4772032707382,15.9355503879707,15.4161947201298,14.9323112452844,14.428172287803
"Indonesia","IDN","Upper","Under-five Mortality Rate","Total",,,,,,,,,,,,,,,,,,,,,337.592511210903,324.324650030598,311.804278023386,300.364990848181,289.38244048559,279.10936773498,269.548195071906,260.697067274325,251.965059124625,243.883850198593,236.239125632687,229.197729490149,222.205689131368,215.34658708813,246.193969716293,202.177072173475,195.586697520852,189.139271465624,182.779046692984,176.602443769118,170.613960773901,164.89336090639,159.345615432548,154.064537252188,149.031339476924,144.190046652834,139.654953463367,135.247427409782,131.15148155812,127.099069279953,123.067678471701,119.089079453549,115.105739645783,111.225756960186,107.352048187432,103.490566124088,99.6356283466979,95.7371718323618,91.6967990428925,87.6623812572159,83.6196544356947,79.7041282581029,75.9228526060844,72.2522371149236,68.8052721840436,65.5629428946603,62.4592989829318,59.5614371443955,56.8105031337832,54.2119809442795,51.7549273692155,49.4529827084642,47.2894724012919,51.6417315910239,43.2734844043623,41.4245638435483,39.6888100661387,38.0680852176968,36.540701301308,35.0795926139291,33.6843290228234,32.3597515882339,31.0993097635569,29.9011424146879,28.8152398345974,27.7437526721674,26.7399493482916,25.7893574276934,24.8845603954163,24.0591989567993,23.3206976755399,22.6025902930513,22.1520634126228,21.7854253108918,21.5014831968681,21.3984677956267,21.2821275020817,21.2199414548227,21.1732165017876,21.1748223775483
"Iran","IRN","Lower","Under-five Mortality Rate","Total",,,,,,,,,,,,,,,,,,,,,,,,,,,,,,,,,,,,,,,,,157.022022199912,152.566942199281,148.067606229326,142.540338597028,136.516416919662,129.755797124759,122.313265315576,114.40720946972,106.35702264415,98.6250913323313,91.3005368699411,84.8735955700223,79.305521079974,74.4112471732896,70.2942038136176,66.376976796332,62.7572170929228,59.2276917959658,56.0122609454586,52.9854068073681,50.340091077711,47.9794655505277,45.9171581136777,44.0130969274546,42.267124573868,40.462495923411,38.6568672760219,36.7822756736098,34.861330236181,32.9054394771204,30.9258992582294,28.9761584327205,27.1451979894659,25.443461298499,23.7899569800932,22.234944174664,20.7047862332199,19.1824255098114,17.6974038061487,16.2830093316484,14.9797351604038,13.8095959369753,12.7845553801825,11.8472129802891,11.024172611745,10.2715148774801,9.55440877180999,8.91234464003051,8.31495238134232,7.7793824725925,7.28814745445138,6.83205694791535,6.42658398818826,6.08179093381266,5.74079031855257,5.40476099400984,5.06249875125996,4.78732716694257,4.50098081722201,4.27685722404608
"Iran","IRN","Median","Under-five Mortality Rate","Total",,,,,,,,,,,,,,,,,,,,,,,,,,,,,,,,,,,,,,,,,189.194184058223,180.192378312792,171.658018763738,163.003948629116,154.32093826823,145.436037582368,136.305056095453,127.048440598352,117.914094213,109.198757687326,101.04765533276,93.7859401899081,87.3377811881082,81.7802572526208,76.8715856424111,72.4536161556034,68.4120914512046,64.6137117300824,61.1244176866998,57.9555502474337,55.086646676915,52.5348570361243,50.2915538226384,48.2301599110882,46.2445099158743,44.3403191747744,42.3948030834401,40.4080216904492,38.3953103619315,36.360060833214,34.3256717199405,32.281272690941,30.2525691853691,28.2999973040471,26.4655478025803,24.7448855340757,23.1388224300769,21.677150990483,20.3791785877568,19.2792303297288,18.3428249243399,17.5269985068247,16.7857473368871,16.1395600002454,15.5127168032194,14.9233623560012,14.3794834693739,13.883664384902,13.395333274947,12.9653536787048,12.563891612789,12.1068409357421,11.6924686497726,11.3243310941823,10.9319608195507,10.6050575946298,10.243242474508,9.90376495572842,9.55241777670061,9.26055569682017
"Iran","IRN","Upper","Under-five Mortality Rate","Total",,,,,,,,,,,,,,,,,,,,,,,,,,,,,,,,,,,,,,,,,228.313538293206,213.013747122172,198.97779814785,186.278824597554,174.454661972354,162.991389669023,152.16027575415,141.445846307613,130.97852766085,121.127231724839,112.04137464941,103.728846774114,96.4657280705423,90.1918059190266,84.5007914085887,79.4986794162053,74.9253074804692,70.6442395487799,66.8356001965189,63.3929416001238,60.3596159567753,57.5679264355642,55.2044913347456,53.0118484248459,50.8734956776095,48.8261245598473,46.7483109421674,44.6899619989347,42.661295182506,40.6151087299386,38.4165085121958,36.1777305034012,33.8512678458828,31.6347837060847,29.5044392025203,27.5381308405227,25.8598058643968,24.5371954952431,23.471484495119,22.6989789967912,22.2076578774967,21.9613093722331,21.7657069352074,21.6540699501743,21.6606068157785,21.6757357766077,21.7052127840624,21.5846605448052,21.5304893615643,21.4630135349366,21.4150837733015,21.358529216441,21.2257517380609,20.9408050635058,20.8416067144473,20.6923294071995,20.498386193138,20.4323570226458,20.3536296436889,20.3147358615349
"Iraq","IRQ","Lower","Under-five Mortality Rate","Total",,,,,,,,,,,,454.593276109146,438.051776700327,421.344861965754,403.950900825681,385.675112797853,366.336913000468,347.017227514418,328.001233297633,309.340695800343,291.065449034285,273.782470618637,257.431872261988,241.43774380658,226.368101157554,212.522380841134,199.387530400084,187.596629311769,176.432781820535,166.397799332178,157.214228723264,148.982620697909,141.31264944609,134.376118627387,127.817241972416,121.689884972628,116.010879748594,110.583067735627,105.686909583036,100.988321302138,96.568075472493,92.2709521541261,88.2277833407146,84.4164945487404,80.7272813115535,77.2654872968376,73.9416493323542,70.8344290588844,68.0633013916786,65.5352199902213,63.2018127245158,60.9903690105844,58.9800541244339,57.1177921231221,55.3781047044727,53.7294066040794,52.3420707793709,63.7025855003863,75.2491539869369,74.0198705710321,59.808424779743,47.2761134184835,46.4448969629944,45.5815870558574,44.7759750351317,43.9472937548351,43.0517983694801,42.1396108149292,41.2205324370384,40.2823782972394,39.3946176374366,38.4956824796581,37.5880697109592,36.6886615026874,35.7838683335068,34.8188154009579,33.8187277674244,32.7586995627926,31.6561338688016,30.5282432725059,29.3316792691893,28.1671802004649,27.0189289121507,25.7504809958767,24.5252040274008,23.2668613416049,22.0476554312077,20.9251064991422,19.8135849882328,18.7815586542658,17.7349451529091,16.6483810126345,15.7046137371155,14.7754790862437,13.8442127927826,13.0091474766328,12.1989462267306,11.4784347406143,10.7788961852953,10.1379342491084
"Iraq","IRQ","Median","Under-five Mortality Rate","Total",,,,,,,,,,,,568.627960985053,536.456521719868,506.779136065402,477.783734544409,450.833350151251,425.64880885999,401.126806252211,377.829856291913,355.484914035877,334.047949320412,313.773705696577,294.411262156928,276.471296423015,259.41572949062,243.255803268822,228.290112072182,214.539960869771,201.718436260721,189.887725315182,179.009745959433,168.985529490973,159.828123614202,151.223761140795,143.437666094933,136.17333427578,129.47985405381,123.285582682791,117.552581683354,112.173708731935,107.09395808819,102.268744957595,97.6687182428522,93.3090841717172,89.203667674285,85.3266203064504,81.7124392019152,78.3900907730061,75.2733762979073,72.4109614801058,69.7927392376453,67.3434108207617,65.1082847831603,63.0168264787898,61.1027542860247,59.3740674296604,57.8191497523883,70.1891563544947,82.8700239150216,81.4013539881332,65.7312762640732,51.9070943705207,50.9310833750202,50.0011640515856,49.0614387807042,48.1813976561849,47.233745041059,46.2761531238492,45.3064513688393,44.3359139698632,43.4102460301459,42.4682734590203,41.5625233566794,40.6667552066565,39.7249497630607,38.7506627065997,37.7248566471476,36.6914824032142,35.5911108713708,34.5072215725235,33.4357728096627,32.36010946707,31.3196404219802,30.3063150424757,29.3289123351549,28.3831026649879,27.4587837160489,26.5359573640006,25.6828997365917,24.8620111902362,24.0407861112493,23.2637731678643,22.5297091617667,21.8418470104849,21.1172896125713,20.4386765381691,19.7621332908613,19.1186471572519,18.4818095582301,17.8548960232977
"Iraq","IRQ","Upper","Under-five Mortality Rate","Total",,,,,,,,,,,,727.233604630495,670.642958784125,620.187533462597,574.018013375804,532.233267898775,495.863411137251,462.940317035709,434.091913329524,408.108706945877,383.41018591388,360.622291480211,338.424347407701,317.791216435282,297.921396628953,279.8946456323,262.029847815651,245.764450481382,230.2912149919,216.505347064956,203.400091396871,191.177025445018,180.223710416864,169.930072975668,160.759211787442,152.103660896593,144.461932136339,137.294180827605,130.764437312857,124.586460381086,119.036943875883,113.660129747585,108.343034576172,103.436124809052,98.7045460410242,94.3763758275008,90.3000290315646,86.5152824116219,83.0336035670201,79.8154780921005,76.8067886848246,74.080228859864,71.6304426610881,69.329713117204,67.2643940222792,65.3574916385217,63.6664560365268,77.2943243672484,91.1872710756424,89.4400279532951,72.2090805005808,56.9733604804237,55.9005557206571,54.8952619180686,53.9087793684691,52.8882594041578,51.9144872513494,50.8406861627989,49.8247998213097,48.8528487835954,47.8583699114856,46.868487063478,45.9574843064883,45.0656267323311,44.1364022847194,43.128158263038,42.0854870073481,41.0857907919193,40.0214421136325,39.0161482555581,38.0608285045356,37.1779171152808,36.3684370407267,35.6597054512381,34.9895264820511,34.4873059695443,33.9679292246432,33.3876198089675,32.8989626226171,32.4577598715509,32.1704666055521,32.0080308269227,31.9033310641598,31.9152152158464,31.9143389372177,31.8969104817907,31.9513043008629,31.8868678107679,31.8078551671418,31.481350226013
"Jamaica","JAM","Lower","Under-five Mortality Rate","Total",,,,,,,,,,,,,,,,,,,,,,99.3600532777185,96.645180468264,93.2504883065437,89.9741664120716,86.1558506159711,82.5298512804791,78.7368017213886,75.0035332583812,71.6024755396331,68.3300412309078,65.342257143516,62.7225426345989,60.3459117166093,58.1420464577393,56.1854506114726,54.2644575641805,52.4937408750218,50.6310789079255,48.5354877072798,46.415124918012,44.3379434500244,42.128227645463,40.0357401846383,38.0566984144081,36.3275664481711,34.7583780702762,33.2589957958483,31.9341201134984,30.6912458130707,29.5934086986436,28.6025584765237,27.692922577881,26.825034694907,26.0713580214386,25.3366262937436,24.7211007990837,24.1838955662203,23.6980733707194,23.2580293328375,22.7833767538596,22.3059187047557,21.8196063326928,21.2732367919983,20.665023085973,20.0520679136444,19.4102363314858,18.7965621983477,18.2327559165361,17.6985869931145,17.2309166224824,16.8675502932171,16.6106751304746,16.4947874134471,16.4310880478214,16.4441597448659,16.5238704886582,16.6700101880781,16.8014654751379,16.9619187089161,17.1622371859652,17.3715188228971,17.6175232208247,17.8140735001437,17.9851504135692,18.1056397895427,18.1660659547548,18.2191730022127,18.2062799625504,18.1487797943863,17.9996831474,17.7039603538787,17.2011226763528,16.5391474988277,15.7254399404872,14.8489999105314,13.9450687370514,13.0558064997772,12.1485418661065,11.3486275266392
"Jamaica","JAM","Median","Under-five Mortality Rate","Total",,,,,,,,,,,,,,,,,,,,,,125.627564679304,119.073258032189,112.845832218529,106.890951523852,101.311686642069,95.9505310879571,90.9485270102403,86.2435836832502,82.0086842574417,78.1704647768348,74.7522444606621,71.7776287915327,69.2166246662851,66.9323753199946,64.772486895815,62.685499412553,60.6143480425131,58.4379403077363,56.1498202898778,53.8203604536349,51.40788195537,49.0843074597122,46.9281542358337,44.9655476659996,43.2344799718701,41.6385112999415,40.1144745410154,38.793511871188,37.4603434866022,36.1994710132373,35.035566100609,33.9485954448191,32.8934988724613,31.9585886609758,31.0427429554668,30.225567465294,29.4441471216392,28.68183816467,27.9674715552431,27.2689292807098,26.5288072331239,25.7700533903845,25.0248796307385,24.2527822248677,23.4493661383353,22.6283427012884,21.8681169126451,21.148232881698,20.4984789739849,19.9699152538078,19.5704393691578,19.30118156337,19.1477754932846,19.085256140164,19.0842143511197,19.1017157513653,19.0999138263103,19.0766170939462,19.0437186400919,18.9810673626683,18.926599669692,18.8630956953472,18.7955913929654,18.7258052388786,18.6917822984363,18.7031239413648,18.7411474635255,18.772887476164,18.7286471336984,18.6029624418356,18.3999758196226,18.1270053895226,17.7942155721356,17.4076904547968,17.0039976294802,16.5600363348254,16.1127033540679,15.6444758423671,15.1720430959052
"Jamaica","JAM","Upper","Under-five Mortality Rate","Total",,,,,,,,,,,,,,,,,,,,,,160.333660453888,147.77896696167,137.222967688146,128.274518025827,120.635952308403,113.847684239152,107.428236888631,101.498728062571,96.0980836564388,91.289728388724,87.116752674231,83.4705431384485,80.3993122353504,77.5811484109323,75.1479356066727,72.5791056338845,70.0557107654691,67.4607375224335,64.7347805827984,62.007592874945,59.5201381300235,57.1203928989459,54.9065973749038,53.0695617492224,51.4249943432894,49.8439888413528,48.394498107725,46.9783870421299,45.6404679865615,44.3089734772482,43.0737171548835,41.808546565777,40.5250606796152,39.210454074783,37.9978735917711,36.8004972438916,35.6136971893572,34.5709873413775,33.5586464497104,32.5453984836157,31.5847477404925,30.548358632272,29.5710752170651,28.6194478434202,27.5387061839218,26.6139483664749,25.5968147739075,24.6918739365478,23.9378422724956,23.2852211637394,22.8516224105036,22.5421955759514,22.3556310905636,22.2176818131177,22.1733324885839,22.0656911790093,21.9051719734538,21.6935596967341,21.3742817437489,21.0397182338331,20.6739156556105,20.2407072198901,19.8429108086036,19.5224146253321,19.3109683825776,19.2417581810862,19.2883539448595,19.3642766209407,19.3350276427794,19.2438690167024,19.1364264880774,19.1006736430587,19.1450749496186,19.2601978325557,19.4239215348581,19.6311584271737,19.8252959905703,20.0566562944053,20.2678718162164
"Jordan","JOR","Lower","Under-five Mortality Rate","Total",,,,,,,,,,,,,,,295.141072794591,286.239425408642,275.890322174703,265.410497349272,254.638005620483,243.730436219304,232.671584370692,221.484148150867,210.47139990695,199.761900531502,189.556434612531,179.377256523597,169.621377836387,160.43224445414,151.683010967828,143.263300780469,135.358617132499,127.979758029303,120.966619460995,114.348699398013,108.286380294412,102.686817378647,97.4853796299496,92.5996962528727,88.0628909218025,83.7818817730532,79.7160654513539,75.9286061894202,72.3031980582154,68.8387060506515,65.5469557534445,62.3756267160151,59.4125099645505,56.6309456376553,53.971765868574,51.474362534954,49.0995100240842,46.8388043366284,44.697411920062,42.6617620239342,40.7392513434178,38.9089044065777,37.2362264346843,35.7214734285705,34.3386769029966,33.0929931029903,31.9225674333946,30.8698660646979,29.8657215700201,28.8901972108216,27.9653258313174,27.105980714487,26.2698968495013,25.4533588713569,24.6322710097986,23.8324387808794,23.0663581081446,22.2996875141601,21.5514462505502,20.8173646626511,20.1123426057439,19.4248921019517,18.7578705519649,18.1235966341511,17.499289535009,16.904222459109,16.3360188657526,15.7703068598427,15.2036319778476,14.6350820109744,14.0743016445645,13.5193893443747,12.9723930135603,12.4314005553372,11.886940925354,11.3740945447124,10.9020379556895,10.4179334463265,9.95653029132212,9.45488097054837,8.98867885771978,8.49506826689611,8.03834920705923,7.55871474417874,7.08687555223054,6.65591078886708
"Jordan","JOR","Median","Under-five Mortality Rate","Total",,,,,,,,,,,,,,,358.306290701242,339.729746860316,322.128627324653,305.488585885819,289.513406396909,274.786889157141,260.270420910253,246.29706863138,233.228584423328,220.594292296076,208.278539220152,196.656350810836,185.595348367046,174.957049374531,164.943139789309,155.443046352679,146.538693027989,138.180555880017,130.450164227847,123.219667869781,116.58516893507,110.433498369863,104.680969520752,99.3958196508506,94.451078792286,89.8289747412339,85.4737754997891,81.3179345508211,77.4191611772329,73.7291787769341,70.2089806302021,66.8506763344443,63.6877850172803,60.6896591404383,57.860195476225,55.1893902918749,52.6790454966823,50.2676724368323,47.9782893694495,45.8258608705132,43.7684300378449,41.838328804868,40.0548707537782,38.4472103709679,36.9701131517477,35.5864711792314,34.3453592538447,33.1749533284206,32.1053211358051,31.0843694286224,30.1150257357271,29.2057923535824,28.3166134748773,27.4627979803567,26.6301480926081,25.8141195271384,25.0059360731931,24.22101735759,23.4584524669783,22.7210084884925,22.0123401805484,21.3249232140436,20.6760200632417,20.0561996785821,19.463177900698,18.9092664432968,18.3770461480527,17.8841951661688,17.4175415717093,16.9646961455696,16.5309697087733,16.1148298131692,15.6981793005191,15.2969239836224,14.8980533358852,14.5098686712493,14.1294397534097,13.7157067389197,13.3248178061502,12.9391085196823,12.562772025097,12.1741566084916,11.8352862067029,11.4842187819778,11.1332606926624,10.8057518374366
"Jordan","JOR","Upper","Under-five Mortality Rate","Total",,,,,,,,,,,,,,,438.39914381395,407.861551491496,379.959378626006,355.291847952647,332.038447473364,311.303892667545,291.858861371918,274.782165404271,259.062718437883,244.159203772361,230.032044502977,216.568923076695,203.560499583546,191.460992075234,179.970311352823,168.9424617174,158.82420018561,149.342842548175,140.717122351481,132.795147332929,125.591643487407,118.851391222793,112.540377506161,106.801427958319,101.342025705675,96.3269588065515,91.6896431488633,87.3086928319094,83.1414035487703,79.1806646887654,75.397097616604,71.8119157978041,68.4545319567504,65.2643908740689,62.171732910563,59.3133301787757,56.5701188483555,53.9571734076969,51.4572652486248,49.1438644254501,46.9643920546604,44.9331013108025,43.0132583174507,41.2686569115137,39.669113800838,38.1964558901548,36.8528875543705,35.6108772196054,34.4332092744123,33.3715962298117,32.3472236132051,31.3952270600604,30.487411875807,29.6565348325608,28.8124563538104,27.9670428810915,27.1635715668931,26.3574646755377,25.5646371465171,24.8047280934477,24.0955144287452,23.4020927950735,22.7814544291491,22.2030051936283,21.6825842544964,21.231558811597,20.8285875484741,20.4676991351002,20.1170531613439,19.857302606731,19.6203881766091,19.4280425977737,19.3192660838534,19.2367531047602,19.1679039441664,19.1751133358799,19.1177987651342,19.0578767921862,18.8337036718374,18.6577313088703,18.4696040868154,18.3172587792874,18.1814966481299,18.0575468814268,17.9452152048857,17.8664319916497
"Kazakhstan","KAZ","Lower","Under-five Mortality Rate","Total",,,,,,,,,,,,,,,,,,,,,,,,,,,,,,,,,,,,,,,,,69.3122262364687,69.3234219125166,68.7378520326482,67.9726033642354,67.2533821512865,66.6530114167737,65.9136984846987,65.1137429725621,64.0651169129243,62.6245270832371,60.7697323722931,58.6510356182399,56.5269097466163,54.6059825625362,52.8017401847254,51.0871001852498,49.5496454162567,48.1447868116852,46.9859270830896,46.268707596927,45.9783915064258,46.1269518205224,46.7133335936004,47.1931182551963,47.175701547006,46.4642432207237,45.1279979792066,43.252130551311,40.9905253553591,38.5801853045364,36.1438783364236,33.9132878866501,31.9662290086012,30.2570711403641,28.7281267389772,27.1937411951205,25.6235384509113,23.9234871687653,21.9999907922131,19.9578747336177,17.9289043528476,15.9940012856182,14.2508152344534,12.7479914303058,11.6084034285671,10.803785715894,10.3192917286904,10.1070138080614,9.9855903361612,9.89267452935401,9.76424422066618,9.60151097267335,9.31745346940433,8.89096466384724,8.35751294924977,7.7727645713289,7.19129680119967,6.66040015999319,6.14905925573321,5.72751832726295
"Kazakhstan","KAZ","Median","Under-five Mortality Rate","Total",,,,,,,,,,,,,,,,,,,,,,,,,,,,,,,,,,,,,,,,,85.6242857892022,83.5069518041223,81.5978163755486,79.7498419158685,78.0637115155014,76.5104061491712,75.1714739993269,73.6904070455949,72.1616850274209,70.218843365508,68.100583740662,65.847599414287,63.6321973430433,61.4128813771158,59.1721214353955,56.9704449691075,55.0051877310983,53.2288568008359,51.8593419984845,51.056269518628,50.8176703277564,51.0900740446563,51.6686665450207,52.1085706005403,51.9313134229638,50.9663440319882,49.3226041706334,47.1459529172005,44.6958635365044,42.1254124957732,39.60429701272,37.2276950728169,35.071644322661,33.0074718702397,30.9904120357226,28.9263063234429,26.8256395764484,24.672818073687,22.5025181231536,20.3700963381644,18.3063594413181,16.343242811459,14.5411626045775,13.0256947949116,11.8621169269318,11.045510635506,10.5491660800483,10.3185018144469,10.2119905037229,10.1130425767874,9.98423865315771,9.82693836709679,9.64300749157299,9.43667330829966,9.21093860397549,8.98135969175514,8.74121765506236,8.48817124723453,8.25505560431622,8.0234251469203
"Kazakhstan","KAZ","Upper","Under-five Mortality Rate","Total",,,,,,,,,,,,,,,,,,,,,,,,,,,,,,,,,,,,,,,,,105.758011504919,100.414494328883,96.3388576737454,93.0666537450345,90.1933503066402,87.7091610380345,85.6251781694829,83.593866464596,81.4450607974842,79.1823507353133,76.7458623005147,74.2231616336604,71.7717506904897,69.2981511042348,66.5634099474094,63.8646779861928,61.1757768507398,58.8093806467523,57.0592725351493,56.1773604872363,56.0658298580457,56.5793859249948,57.1904636842378,57.5614021380731,57.131895544528,55.9694205881359,54.1172436652353,51.6876147170808,49.0541757916113,46.187895568517,43.4182892983429,40.8794221283032,38.4140762318947,36.0370772232027,33.4400437986193,30.7851729018529,28.0869452953374,25.4350554619753,23.0252621996979,20.8139402839873,18.7034469363436,16.6986782002465,14.8376782671972,13.3096797852851,12.1174969469925,11.2841054453113,10.7839441771165,10.530038778182,10.4409497311801,10.3464103919563,10.2095587955884,10.0568376284919,9.97632821023123,10.0366842140374,10.1745202087485,10.3895717886891,10.6044994395726,10.8039006477051,11.0341585246332,11.1919693694261
"Kiribati","KIR","Lower","Under-five Mortality Rate","Total",,,,,,,,,,,,,,,,164.365166849265,170.648391982118,176.17052454957,180.971673276726,185.217310708084,188.304176750752,190.42152295649,191.619916169321,192.11115346745,191.852552222777,191.456507811211,189.644945476046,187.344575002065,184.200186271228,180.530169009759,175.762826946762,170.713769357914,164.957043594568,158.888418404188,152.987976796268,147.027244554677,141.231286540903,135.640516871695,130.246521049701,125.214442869559,120.598631310719,116.580394900766,113.591392998791,111.291383514644,109.638724349932,108.453981683626,107.279594888879,106.213404357617,104.997097767637,103.679269425951,102.325563628185,100.761353401858,98.9728364008917,96.8968578191434,94.7643400796464,92.2993174583216,89.5282917668636,86.569923238016,83.659251955295,80.5869993929551,77.4828891579306,74.6716247094353,72.1433203767613,69.8417673682324,67.7904520320909,65.8597856563911,64.0254607993574,62.2096690116815,60.2928238048722,58.3010614283796,56.5642139194351,55.1542912406511,54.0746831491788,53.2781174325433,52.6648716920154,52.0360900601259,51.3836106328685,50.5916194133302,49.6808685341174,48.6631699820624,47.7376668346912,47.1561591723404,46.5749544642231,45.9349988124458,45.3591697057735,44.7986555515568,44.1971348193922,42.9699076717353,41.7074707146364,39.9902069107787,38.3457709823728,36.5415416796081,34.7114150013846,33.0380266582905,31.2819509053732,29.6054332198294,27.8970000072638,26.3388459739118,24.7322922649034,23.3858240184816
"Kiribati","KIR","Median","Under-five Mortality Rate","Total",,,,,,,,,,,,,,,,223.009606962956,222.075766199192,221.126483140649,220.041209642905,219.490981688046,218.729437642228,217.921515575921,217.20525222678,216.070666165765,214.524123274316,212.548334810066,209.912256758144,206.984506672045,203.243017767557,198.999473427027,194.184153815451,188.702693106986,182.722287928577,176.484880764017,169.973241882585,163.645341953637,157.415836004221,151.424681578217,145.834749270047,140.846106266162,136.275050327686,132.337931812391,129.08121286799,126.854555406059,125.001687773407,123.683906876665,122.531831630973,121.392182577344,120.152309822883,118.679163878282,117.159633298508,115.215831268098,113.145011990312,110.872053828222,108.343931863571,105.488606283213,102.226530856708,98.6813638079468,94.8481291940636,91.1542348650231,87.5243531070783,84.2093687503905,81.2051062538877,78.5484844046309,76.0842933699049,73.9110811908825,71.8782092124005,69.8118894851256,67.7882139113059,65.8244498258129,64.0529574601821,62.5301646388244,61.415521672807,60.6580503025836,60.1234997793557,59.6774036049177,59.2011241788887,58.694419903944,58.1519072552559,57.7219220684321,57.4811426584356,57.4156155153518,57.6799676298635,57.9847386624931,58.6162176939463,59.1384855886287,59.5546379404549,59.5634727819973,59.1152983274816,58.3323911447583,57.2263838779347,55.9427410588735,54.5253305904793,53.0938763670392,51.6143611472441,50.1538931531864,48.7364101508421,47.3876026558572,46.0531154226166,44.6217722458822
"Kiribati","KIR","Upper","Under-five Mortality Rate","Total",,,,,,,,,,,,,,,,304.614030647861,290.775637767114,278.432043153033,268.6334550761,261.183236155764,255.212234509326,250.014813138498,246.438253517817,242.818894686106,239.722722339549,236.167227310956,232.594544117345,228.432848270589,223.937690452297,219.372376906997,213.406561483333,207.818814737562,201.635994537844,194.737767829151,188.243045548999,181.463797815272,174.878143873938,168.89017336527,163.148438001196,158.202971372597,153.849465211101,150.042043564153,146.941990225586,144.612715126694,142.652323607023,141.290171225607,140.117629847233,139.04916235745,137.708306213847,136.307258632002,134.215900226408,132.326653797581,129.81743837122,126.980843445692,124.039987689011,120.502684106161,116.574068099293,112.12902098018,107.523216776771,103.10724222824,98.7892661323148,94.7207172760189,91.3284285928442,88.3474507608686,85.5934228414615,83.0927264074664,80.8956378792694,78.5930249360206,76.4417648334346,74.4232885934366,72.5274509050797,70.9698337277779,69.8866711330251,69.2268049315795,68.9287607168313,68.6973336172174,68.5615844171403,68.320995908906,68.1751056687029,68.4944730812272,68.9495261944166,69.811630634251,71.0984096715938,72.8744902073911,74.8236040431054,77.3057667730999,79.7299119230786,81.4828027815987,82.8353360765166,83.4227854945194,84.249965076303,85.030630233517,84.9347434711177,85.2624504109615,85.3278985919638,84.9249441396933,84.5506072195947,84.5095455603588,84.0283046724383,83.4396880003117
"Kuwait","KWT","Lower","Under-five Mortality Rate","Total",,,,,,,,,,,,,,,,,,,,,,,,,,,,,117.155414259191,111.711483529181,106.207163943876,100.686694421933,95.105459665123,89.6566056399213,84.4464454477092,79.3763635415419,74.7816866397803,70.6999740749502,67.0668331355972,63.7271120456598,60.6585013521207,57.8452703110612,55.0918554543118,52.4463265256893,49.7121212076379,46.9034188947095,43.968614162756,41.0520626205703,38.2393607854595,35.3146980114932,32.3361733162956,29.3932385073644,26.686898569648,24.3626670486242,22.4656390030611,21.0951731285224,19.9900047831553,18.9116280306213,17.7853503901897,16.7316257405326,15.8779511207127,15.2350721531205,14.7693304940627,14.4420128862419,14.1332173801204,13.8001006633672,13.4220632902959,13.0265395215156,12.6631544556316,12.3542871380324,12.140325156634,11.9734239604656,11.8018840178363,11.6116080426624,11.416243690837,11.2577867991717,11.113148146953,10.9318697043123,10.7107142601938,10.411549331134,10.0481914408123,9.6725393079432,9.32772834544583,9.06230474581193,8.86406800611677,8.73048287389674,8.64534448579432,8.5845321424452,8.54198778841814,8.4816918406069,8.38069802641637,8.22286511250838,7.98141038093825,7.63428230844857,7.21280114834356,6.77947293771304,6.34301425225749,5.92444340834057,5.51568044617437,5.15961401449817
"Kuwait","KWT","Median","Under-five Mortality Rate","Total",,,,,,,,,,,,,,,,,,,,,,,,,,,,,152.169235197471,141.963900670026,132.207673436298,123.205584281435,114.573499213232,106.43782927527,98.8298704108398,91.8727201137433,85.5669112458549,79.9277008930709,74.7997911359646,70.1335236996302,65.8234774504597,61.8451768196553,58.149626214552,54.594762661877,51.2201207435536,47.9668565634384,44.8373370398564,41.8477616788849,38.9401425622235,35.9999577120365,32.9490289196081,29.9626826893121,27.2239351071852,24.8647406148706,22.9700259989314,21.557789616559,20.4390699124411,19.3767716580035,18.2711979003923,17.2389975499519,16.3778949201002,15.7127133216503,15.2241845666087,14.8687072661344,14.5579086731681,14.2048957280327,13.8097919846172,13.4153917562736,13.0520394159279,12.7430607837139,12.5101790097518,12.3339685149969,12.1549518742874,11.9532378742435,11.7575668789229,11.5855351937371,11.4302433744601,11.2441694247657,11.0090678765967,10.7079546783878,10.3413396749577,9.95471721138064,9.60707532433388,9.33004101266562,9.13123696037385,9.00189857726227,8.93034635238227,8.89204118998307,8.86558511616194,8.81797703675917,8.71890818089852,8.56134801115511,8.35343225040891,8.10382261436074,7.84357108443644,7.59211092872675,7.35053976622974,7.10512156661882,6.86704470631572,6.65070084866899
"Kuwait","KWT","Upper","Under-five Mortality Rate","Total",,,,,,,,,,,,,,,,,,,,,,,,,,,,,195.635370521883,178.14561484409,162.855314674887,149.282423932916,136.787911388782,125.458969492963,114.823064082995,105.342351074148,96.9599274073016,89.459170338154,82.9070212269978,76.8444366258435,71.2002908648081,66.0637253804479,61.2941282018777,56.7697138930845,52.6623160231247,49.0249260121111,45.7252973041541,42.678763523945,39.696323880703,36.6944048505921,33.5848227222681,30.545528139914,27.7751971612434,25.3900961844927,23.4755880048343,22.0237745164371,20.902707570168,19.8527282642944,18.7666501539122,17.7626784355032,16.8978734545869,16.2088993737862,15.6874962055177,15.3021458072412,14.9703371335477,14.6098496124822,14.2164443874161,13.8202553657874,13.4448068925257,13.1351592751531,12.8838220837607,12.6920509019194,12.507350668641,12.2961392341189,12.0990144002973,11.9196717310305,11.752394669264,11.5716489462242,11.3138041098261,11.010875446537,10.6351918778992,10.2352661453869,9.88991936705028,9.60815410350363,9.41524155357773,9.28084930729398,9.21452256536853,9.20072611091846,9.19899002269261,9.17108816687409,9.07122952273612,8.91027773204231,8.74104345242612,8.60702366163799,8.5041800325436,8.45202598806418,8.4420017434623,8.46726979444096,8.51357990171931,8.54865059238811
"Kyrgyzstan","KGZ","Lower","Under-five Mortality Rate","Total",,,,,,,,,,,,,,,,,,,,,,,,,,,,,,,,,,,,,,,,,,,,,86.495745177933,88.5220492542486,88.6147316307841,87.3660332813478,85.2677665345634,83.0186671247984,80.2887892599998,77.4243522106648,74.3129332097803,71.0750512774533,67.8589682608614,64.7166403842041,61.288004488942,58.7547981709738,56.9359650601642,56.2810373655599,56.6844500342606,57.4375770130054,58.0560024711822,57.9675679407495,57.0338772762704,55.3933196333893,53.3298647296554,50.9325041181713,48.3909454322834,45.8709285119948,43.560565123055,41.4805753436856,39.7659554833176,38.329657830076,37.4598789244061,36.5539761119297,34.8815809023176,32.8842705802655,30.704140810854,28.5575213071178,26.6380152546327,25.1247832092542,24.0006210711866,22.875263933106,21.6739631361174,20.4367264095498,19.3038878890388,18.4279191087139,17.7251293410258,17.2871242260933,16.9885656210593,16.6508434321775,16.1416950606682,15.4217475690995,14.5880951652574,13.5923085735365,12.6138708872059,11.6885108327075,10.8417753075509,10.1028538142604
"Kyrgyzstan","KGZ","Median","Under-five Mortality Rate","Total",,,,,,,,,,,,,,,,,,,,,,,,,,,,,,,,,,,,,,,,,,,,,113.452491402518,111.069362298022,108.533922939964,106.104469977259,103.53084946594,100.479527841551,96.8239168196379,92.9867805902813,88.6703166264983,84.0883210849769,79.6171393272921,75.1544799846923,71.1790062699027,67.8629902691243,65.489366060984,64.5491583847097,64.6538874360899,65.1574014512703,65.5321157684399,65.2523004260778,63.9857967310046,61.7906693407612,59.130586417363,56.387456490481,53.5517980025794,50.8076329347685,48.0988089054135,45.4725409196708,42.9915720990887,40.8760519220285,39.17778494397,37.6243034832388,35.8820731629863,33.7998822523113,31.5909640661617,29.4761011134261,27.5779490195009,26.0041208910064,24.7091769981576,23.5169454380871,22.3069033716848,21.0885276876973,19.9689327084252,19.0207551674362,18.3039786673188,17.8145721560973,17.4823114759341,17.2515805778237,17.0301214497739,16.7820696454905,16.471132373704,16.1108138251069,15.7377661870142,15.3440532317743,14.9261438407622,14.5022404303102
"Kyrgyzstan","KGZ","Upper","Under-five Mortality Rate","Total",,,,,,,,,,,,,,,,,,,,,,,,,,,,,,,,,,,,,,,,,,,,,147.893684806397,139.833992205884,134.674745001423,130.920405112893,127.871896793761,124.017388452563,119.7584301897,114.309111937406,108.37934393936,101.562259756039,94.5179545981508,88.0167380344696,82.1997766446516,77.802409348796,74.9833406531352,73.3918527817104,73.0115418194117,73.5009355943698,74.0545722332136,73.9182583384898,72.0875138311735,69.4259626457002,66.2215129017162,62.7714750223119,59.2309022159558,55.6220292483248,52.1018454686941,48.7390091795678,45.5854531821175,42.9111516189636,40.6570841670791,38.8371617877422,37.1978803737871,34.9618527455358,32.5688488425704,30.3173247597162,28.3527294027816,26.754759770153,25.4225935264094,24.311790253268,23.0372437076991,21.7416399429467,20.595117228697,19.6179692495895,18.8802973919431,18.3197630369284,18.0114369246457,17.912714212185,18.0088287097726,18.3631289399464,18.8617655757352,19.4342445633778,20.0009865842547,20.3916670381822,20.8778472578483,21.2301996024999
"Lao PDR","LAO","Lower","Under-five Mortality Rate","Total",,,,,,,,,,,,,,,,,,,,,,,,,,,,,,,,,,,,,,,,,,,,,,,,180.755324368029,178.489805402609,175.559666731649,172.22401704642,168.503730203607,165.092400187653,161.405310297179,157.576366198177,153.650574675263,149.629955188751,145.270045628268,140.873728144976,136.226562441491,131.59620037063,126.889054731433,122.1666138956,117.691083434412,113.145481277384,108.697411113297,104.453522464156,100.258802238351,95.9888240455755,91.6952276488429,87.4989562636672,83.2329149243186,79.0259792309506,74.7889473749291,70.6828737886334,66.6146240900762,62.6805553022036,59.0051640990142,55.379261559621,51.9854531996291,48.8103679444757,45.8486580159614,43.096317712333,40.4220432987142,38.0254265307193,35.8344712136518,33.6065713773762,31.5498026759272,29.5953270470077,27.6609759834865,25.8915172020794,24.3275986139073,22.9149872572094,21.6343668361816,20.3447872569576,19.1968618693276,18.0441080240128,16.9967600371972,15.9916239747392,15.0149527170612
"Lao PDR","LAO","Median","Under-five Mortality Rate","Total",,,,,,,,,,,,,,,,,,,,,,,,,,,,,,,,,,,,,,,,,,,,,,,,212.774552719985,206.829762712863,200.942111570421,195.408876706895,190.025249575083,184.871229219726,179.808225742368,174.78366262067,169.677183508786,164.700267645752,159.493043249311,154.265618951629,148.931156046216,143.56524336546,138.19186090683,132.967310864871,127.804531138298,122.950288267496,118.106510345476,113.479985585257,108.985167665172,104.547251694647,100.123544257877,95.597156294953,91.0782466695601,86.5818243976725,82.1166220026598,77.72503233027,73.5069533353133,69.451247578756,65.516151342079,61.8084019926607,58.3738964407427,55.1476352609725,52.1425208242706,49.377446255645,46.8092290489945,44.4199778572623,42.2106931008809,40.1513465736214,38.2676738488799,36.4962348234433,34.8036470981919,33.2074922852914,31.7827758861718,30.5013883407787,29.3500559642661,28.2623840440899,27.2403154845086,26.2479920979331,25.3365987584963,24.5031500326762,23.7247921909694
"Lao PDR","LAO","Upper","Under-five Mortality Rate","Total",,,,,,,,,,,,,,,,,,,,,,,,,,,,,,,,,,,,,,,,,,,,,,,,248.850512625877,238.697156446485,229.355702321946,221.113038499763,213.475111965323,206.332734892339,199.76586349171,193.299514947863,186.907982327794,180.826040837725,174.949684290537,168.882173258898,162.806943920776,156.746838061714,150.812914634146,145.051794537546,139.452557048049,133.94102850632,128.757428053766,123.745546464396,119.096373105557,114.413917574866,109.690590251809,105.132033158735,100.315368999441,95.553405028105,90.6715262974867,85.9558428487571,81.4390732944911,77.0658687327943,73.0276907488176,69.1299749166496,65.6278043292292,62.3292482862204,59.335641381954,56.573117233826,53.9308951776713,51.5418999207079,49.5237345784288,47.5956963688868,45.841627663175,44.3686998961817,43.0747092483309,41.8782583388592,40.8534110638356,40.0214786894399,39.3679235999391,38.9739468857121,38.7835229596627,38.4651516062884,38.2220794978294,37.9960109562534,38.0471580457243
"Lebanon","LBN","Lower","Under-five Mortality Rate","Total",,,,,,,,,,,,,,,,,,,,,,,,,,62.5336666150911,63.0430386836565,63.1785195342654,62.8447866334582,62.1499150309892,61.0174065368262,59.5780888741524,57.9214791070097,56.2589953671337,54.6542523550216,53.1114917907499,52.0055742598152,51.1718049342382,50.5454097385033,50.0583562576387,49.7782013200889,49.457404817818,49.2057075462311,48.8244700123096,48.3922570081204,178.405337102995,70.09968843522,68.7981663360286,67.4756437323232,65.9460155286775,64.2052033454819,111.127675524011,48.3512728319064,46.508545584201,44.591532933074,42.6531222259376,52.2391865604728,50.160326489163,29.78904171423,28.3129364190949,26.9409270576227,25.5582177370435,24.346347270678,23.1321200885459,21.9657204223705,20.8704105666272,19.8660968634188,18.8638964287679,17.8856483688232,16.9327956681897,15.9697346888572,15.0673595599131,14.1808047342886,13.3630029390336,12.6464521357467,12.002270276439,11.5125364252069,11.1125692819078,10.8619891649098,10.6945365908356,10.6602453891664,10.6970029556457,10.833069202018,11.0905868961484,11.4079301338765,11.8312074393678,12.3380209518955,12.8987349690471,13.5152085655199,14.1271149563017,14.7290835552409,15.2358285914952,15.6085807526517,15.8172583111088,15.8440895867669,15.6345330295877,15.1986198990318,14.6143269062223,13.9473821425523,13.2262648432975
"Lebanon","LBN","Median","Under-five Mortality Rate","Total",,,,,,,,,,,,,,,,,,,,,,,,,,85.4236055746717,82.6113072395788,79.8005403746215,77.1269922728042,74.5380994479871,72.0438442709334,69.799756603567,67.7394280294851,66.00456499448,64.4376206293545,63.191437467581,62.193081429352,61.382321375458,60.7342461029128,60.1125572024248,59.6120357975035,59.1469917569952,58.6324633717798,57.9539864750197,57.1441697746197,209.087905569539,81.4519708789804,79.4897332098404,77.4302485907669,75.2108583165028,72.9063630942345,125.672898221656,54.4815381650397,52.2938850664094,50.0812163813561,47.8681746253412,58.6137683030295,56.374695157805,33.4956022594639,31.8547587669582,30.3497798981589,28.9113415559501,27.6002176290093,26.3509694731426,25.1973429006461,24.1118909409893,23.0613331768698,22.0180654535597,20.9756702572066,19.9514658284614,18.9489419180559,17.9647936930119,17.0192420215892,16.1402211831546,15.3283310068204,14.6334398961097,14.0507241829351,13.5801984565362,13.2132317838909,12.952134453388,12.7823771041865,12.6963857552318,12.6924088303564,12.7731146128949,12.9303370474661,13.1839190317566,13.5334147463236,13.9669362826597,14.4798321948313,15.0597838146133,15.6887325185686,16.3292840259845,16.9865139158175,17.6006070344969,18.098169837288,18.3763049360217,18.4738610108196,18.4036944357628,18.2008799409836,17.9003213079399
"Lebanon","LBN","Upper","Under-five Mortality Rate","Total",,,,,,,,,,,,,,,,,,,,,,,,,,113.534854031396,105.51002118939,98.6259628224318,93.1036695794542,88.7067784844715,85.1213678743718,82.1186810247574,79.7515748697982,78.1077302964675,76.7023948555256,75.5756574302502,74.6930438654212,73.7886987192506,73.2459130957382,72.6243242510199,71.8989636056115,71.0455867152891,69.9230210719483,68.5768124412448,67.3143221950597,244.729745095139,94.7239639550226,91.9664151228961,89.0390212842574,85.9369343253356,82.8143999255361,142.026421935857,61.3806272420601,58.6013564774918,56.1919428073591,53.6444139211072,65.6871952111324,63.1615441664758,37.510241526483,35.7868590417903,34.1451388835818,32.6275756792538,31.2266761339493,29.9649016102639,28.8687411001831,27.6744548012169,26.6001785247187,25.588336741155,24.5742766716382,23.5764803766393,22.5468745759673,21.4931295939018,20.478651095752,19.4607887274591,18.5638762482275,17.7667828436833,17.0834803975383,16.4834674013023,15.9578309596948,15.5559035962782,15.2474571506442,15.0063077036772,14.8322688186031,14.7005313506124,14.6584941521536,14.6934669852283,14.824759830494,15.1150307014606,15.4998589219962,16.0464135633936,16.6983134462001,17.501696146687,18.4516514190081,19.5601396751694,20.6287305573769,21.6150343039397,22.4514853314533,23.1292929320656,23.6689399054778,24.1006589509286
"Liberia","LBR","Lower","Under-five Mortality Rate","Total",,,,,,,,,,,,,,,,,,,,,,,,229.149996714229,240.267686700821,250.937633061713,259.960792660548,267.362153230537,272.418688179506,275.106492304531,276.916138562783,277.309924428648,276.623696519632,275.042940299685,272.869638670065,270.279714046675,267.359610774862,264.107754016213,260.125129909087,256.099152948612,252.243022757485,248.735678985899,244.832723123131,241.410744888183,237.518665091986,233.964783634525,230.5504520735,227.276558712275,224.391707645494,221.868590868055,219.808484035068,218.467967950805,217.858093776148,218.707518997872,221.716488139861,225.754224919416,231.120728084619,237.287496483154,242.354731360892,246.194225846735,248.259995020077,248.125661459363,245.512181793816,240.438647160768,233.345251445433,224.318412907384,214.667992673368,203.803717967672,192.209540034623,180.418309962727,168.046742672168,155.906754032968,144.406694342649,133.801934196636,124.360966491597,116.252934617123,109.793962875919,104.526851541872,100.172985131983,96.4385858327788,93.2317619299376,90.2958244408237,87.6377239523192,87.3750437940152,83.4539267637909,81.6246133806159,80.202466350399,78.7648006027667,77.1251749153227,75.5952963439285,73.7607753697672,71.4950060509521,68.849933534868,66.1146335233724,63.4460043017865,60.3820525654851,56.985592105809,53.7890290673371,50.823953016466,48.0375256998608
"Liberia","LBR","Median","Under-five Mortality Rate","Total",,,,,,,,,,,,,,,,,,,,,,,,302.455808330777,303.277263664685,304.395012384236,306.018006995234,307.662950307905,308.941502174732,309.709789832879,310.122850694661,309.683901221258,308.633699200685,307.031614088312,305.072475586647,302.537555287504,299.15651179597,295.044250370999,290.630406214124,285.871808871261,281.301831786702,276.847642891076,272.55756008184,268.397295859078,264.208909082522,260.244743512762,256.60536195337,253.082715151114,249.720133497537,246.570642629472,244.045889614404,242.126300893266,241.068045104761,241.602261129342,243.923539951453,247.903671018501,253.391774219721,259.540152420166,265.501388132297,270.043246739277,272.333299008891,271.6569875966,268.066447956338,261.915808366836,253.652876185459,243.846157476754,232.669767893586,220.688287567685,208.013493492777,194.857661689603,181.661567833825,168.553969004425,156.167471155665,144.807641723961,134.90002880725,126.491250657315,119.643415445017,114.029742972051,109.480060739549,105.711486421316,102.40344700184,99.5345064113075,96.9965176527624,96.9524058064044,93.2133166285268,91.5098789863343,90.2990454352372,89.3796207945349,88.7369410686744,88.3286938606045,88.0075340735586,87.7786414560066,87.2936049083,86.387671540874,84.986204837326,83.4651758632927,81.6764714679866,79.4933717846248,77.2124830375275,74.8736995186244
"Liberia","LBR","Upper","Under-five Mortality Rate","Total",,,,,,,,,,,,,,,,,,,,,,,,400.728878522047,384.562493465446,371.903006938813,363.034610466845,356.566520545072,352.750158319251,350.221429753034,349.140711085555,348.0942522868,347.615944905008,345.972221304266,343.896765677348,341.029707027748,335.940878856508,330.128562487922,324.305470140006,319.030403779386,313.544687493921,308.272983557899,302.959545077062,298.021119878221,292.904937407441,288.506570636225,284.314641957613,280.797509825238,277.339790709971,273.663439007988,270.396901409184,267.802675859613,266.385277301844,266.305065651484,268.010148663569,271.581721234684,277.147173055641,283.831771601298,289.966944771694,295.008090027346,297.966574336917,296.922335122046,292.775063297517,285.81431918138,276.132524923113,265.110113960919,252.557040004807,238.93074851046,225.176735386372,210.899486797877,196.802288899949,182.659930329224,169.280732254585,157.145775019894,146.343072395225,137.379173126654,130.163231891256,124.280174386529,119.735756380703,115.818880774723,112.618805926542,110.013142532033,107.891068146201,108.369681547581,104.552421163184,103.034462963639,102.172411595872,101.554423038326,101.357020523674,101.497588657461,102.320489846132,103.968350869873,106.116512606826,108.380826557289,109.96351971443,111.662521947313,113.029402143831,113.940978337281,114.6454396595,115.416368420475
"Libya","LBY","Lower","Under-five Mortality Rate","Total",,,,,,,,,,,,,,,,,,,,,,,,,,262.800578855,257.526291400381,249.871995880786,242.408572549081,232.186636474847,221.121409002777,209.059458162708,196.283410972168,183.51910727368,170.755216656872,158.473332753108,146.916974081999,135.654758065056,125.550371987184,115.872221247667,107.063562078307,98.9720537422869,91.9713991959784,85.5528880449724,79.817484582955,74.6282566985061,70.2753232986965,66.4766993275733,62.9889878706052,59.7778365261129,56.8281562146906,53.9716193175048,51.3902834323705,48.7555557652457,46.3643241495485,43.9662949224857,41.7841313536881,39.5644595879815,37.5201138134854,35.6782952424037,34.0560865543809,32.5866321318177,31.3701142160608,30.23351874599,29.332546152848,28.5756230141067,27.8899000208886,27.3770454557429,26.9456017646423,26.6039633542306,26.1899658852336,25.6850927077323,24.944004424055,23.9126450848564,22.6656375279521,21.2012573598041,19.5534866944304,17.8508673641442,16.2872816486064,14.8495071172372,16.9066301375081,12.4308093751822,11.4264613649068,10.5153441234732,9.72678568459135,9.04146446968615,8.40758890462859,7.84864564887297,7.32095897775645,6.82772024904749,6.42829314078911,6.00820049207823,17.7124369950811,5.2878838749032,4.99804884602076,4.71817116362308,4.42177136892654,4.14276839302924,3.9058106020103,3.66994664173942
"Libya","LBY","Median","Under-five Mortality Rate","Total",,,,,,,,,,,,,,,,,,,,,,,,,,358.695476358465,335.899413302034,314.974141077056,295.44644605428,276.763703224024,259.019875041987,242.488412540814,226.48252044524,211.565340038887,197.454335609578,183.688307583375,170.733304970044,158.533199001075,147.19657213731,136.659387055108,126.893497974762,117.845551906166,109.730274555542,102.39597925977,95.8004227945556,89.8830370584442,84.5223923980025,79.7681864845117,75.5453813020783,71.6532921467985,68.0535836506064,64.6451395026838,61.3665520188415,58.1999451721347,55.2050214999981,52.33057313328,49.5896002499816,46.942632833104,44.4685853781783,42.1427653118011,39.9644843468094,38.0000276702679,36.2268264649727,34.6392120828645,33.2161305309227,31.948075340664,30.8640955059058,29.8850260300331,28.9765994169053,28.1018793347174,27.2749174734311,26.4519981595576,25.5215603946813,24.4059138576982,23.1135758793942,21.6808995355699,20.1796748192259,18.7684751805429,17.5761590400236,16.5943338264171,19.6128586041907,15.0496429083478,14.3900242715331,13.8162774853342,13.3036310199707,12.8035309489905,12.3526042606417,11.9400757102851,11.5590940881733,11.1925808749272,10.7965569907863,10.4283389776508,31.6981657654992,9.76476456233634,9.4475759280853,9.14472377364103,8.84922491681037,8.56007906337699,8.27050487714347,8.00306563596912
"Libya","LBY","Upper","Under-five Mortality Rate","Total",,,,,,,,,,,,,,,,,,,,,,,,,,490.999619730757,440.060816692646,397.262082447927,361.814737775908,330.435649189698,303.62721647276,280.78060909853,260.404969265105,242.866382197574,226.927799142513,212.219165293843,198.34828762833,185.271687074819,172.949923458427,160.823843581648,150.238489646274,140.361906120116,131.432109809117,123.069857517429,115.172253356297,108.138731279084,101.769928825317,95.8438205704809,90.7279237884269,85.9673826855099,81.4975478536062,77.2623872104614,73.3481371114882,69.5921677261969,65.7744010051268,62.3553580914496,59.0781580414266,55.7533667089995,52.6793137104196,49.7736673637613,47.028598931019,44.469677526256,42.1817645852193,39.9284098872308,37.9408678171995,36.1085306016255,34.4204769748983,32.7698576878305,31.2502277933857,29.8050118581062,28.4835247396731,27.2457002887359,26.0865373509158,24.8992217661177,23.5757071331313,22.1658245990035,20.844916688636,19.753606668539,19.0160114295484,18.6321555380749,22.8688938751932,18.228811698839,18.1547486420288,18.1155328789395,18.1293673937691,18.1365523857909,18.1679198968195,18.1526261591508,18.0662021960805,18.0731299054877,18.034022029341,17.9309135349024,55.9089435763727,17.6907460166288,17.7414399228756,17.7179633311908,17.6787497093275,17.6792188281656,17.5224949630758,17.2825307502527
"Madagascar","MDG","Lower","Under-five Mortality Rate","Total",,,,,,,,,,,,,,,,,,,,,,,,,,,,,,,,,,,,,,120.739616979281,125.130725921582,128.768417274675,132.207272057588,135.399014494363,138.708944138503,141.769863268021,144.971034884828,147.90679433672,150.301952076093,152.671900142863,154.936360403785,225.027358024627,226.279945337359,281.037360148103,221.057497981526,164.123368252364,163.488271959707,161.415162083236,158.055621889883,153.786755013478,148.766297678521,143.629438489963,138.578159042323,133.940997848118,129.62659455121,125.286567268548,120.953039485845,116.271274228988,111.459663249742,106.500552585134,101.652637817115,97.0172922245437,92.6650330967009,88.5413300227619,84.7021193590253,81.038768538804,77.5325801582306,74.2960336016608,71.2094879210345,68.3262362110684,65.7654597158294,63.594449051597,61.8575954887838,60.473240917839,59.441096232655,58.7095823065824,58.2921590086469,57.9140147400121,57.6407621712785,57.2380161354578,56.5719898803362,55.5004638929515,54.1255656717656,52.3430154828395,50.2573740021077,47.9473936882916,45.6800211926827,43.359856217375,40.9023624401095,38.4199403601156,36.1851224747061,34.0359792195229
"Madagascar","MDG","Median","Under-five Mortality Rate","Total",,,,,,,,,,,,,,,,,,,,,,,,,,,,,,,,,,,,,,145.560762737627,147.502789104344,149.289519468132,151.19637571435,153.249700150077,155.656401566722,158.241675641529,160.659101535896,163.014333141317,165.123848530744,167.116186597925,169.23068424188,245.200388913128,245.907076491434,304.793151218565,239.463354711008,177.545538543871,176.559513025044,174.190086766282,170.492907870467,165.750486125033,160.350441541831,154.835580075831,149.414994048573,144.312649618628,139.462463206193,134.681174611363,129.77888565646,124.79844356871,119.638389417091,114.445587878163,109.273238970082,104.427966424951,99.8062348720987,95.5552224074624,91.5820059873844,87.7953233494504,84.134555645442,80.7564677504221,77.6166559854235,74.79797978408,72.3818523555689,70.3483895430368,68.6279545644107,67.3053088939916,66.3613171154086,65.6913073108404,65.2573585991228,64.924914241352,64.8724280043756,64.9422711264663,65.0115425609742,65.1098487774771,65.025451613786,64.4928557469381,63.6302284299462,62.4018798363122,61.0206239372061,59.5100745211553,57.9883700613863,56.5122878099258,54.8697860615366,53.3130213334755
"Madagascar","MDG","Upper","Under-five Mortality Rate","Total",,,,,,,,,,,,,,,,,,,,,,,,,,,,,,,,,,,,,,175.453160594892,173.647813601171,172.754609217056,172.370945736802,173.322393870838,174.595008244286,176.481086084194,178.285788338935,179.971909218407,181.453161857999,182.968330173593,184.781910623568,267.048431257714,267.571417508959,331.375567141463,260.102923586091,192.680716492497,191.391919931262,188.477150594031,184.173660184822,178.65794776507,172.683172800846,166.526145944447,160.621085081046,155.071551031536,149.765380695823,144.572357559913,139.321818036806,133.924652375189,128.365430576237,122.954373138722,117.549612022638,112.477141577325,107.716203853109,103.268996602112,98.9388386868541,94.9799199273257,91.1573819133492,87.6374304750154,84.5601862836401,81.823927594037,79.5071916725101,77.5503184754103,75.8919984066144,74.6068311981198,73.6000370972044,73.0044871071827,72.6841832755658,72.7316892118777,73.1630981908996,73.9780610920888,75.1559713254146,76.9387543394625,78.8857396347216,80.2103671497397,81.3331554907104,81.969194306184,82.3511051018145,82.8211127148466,83.1044355458717,83.4017435667556,83.7537838659285,84.2352368418256
"Malaysia","MYS","Lower","Under-five Mortality Rate","Total",,,,,,,,,,,,,,,,,,,,141.937270823941,136.701572607315,130.882208839318,125.274476109782,119.535330042199,114.11610351954,108.682058505216,103.165400710792,97.6087709661883,91.8735424501863,86.2590109565221,80.8708190243766,75.6848356015755,71.0325943142901,67.0042258080316,63.5478330090826,60.6204767083415,58.0730120073267,55.9167662011847,53.9833874988819,52.1337022009565,50.0734642513466,47.8021627701166,45.3332933122314,42.7241293812321,40.0898569199524,37.5252445434051,35.0502903591452,32.6966671991369,30.4797143866967,28.423099266687,26.5604774607711,24.8371317207031,23.3096980595817,21.9004102173589,20.6280832779825,19.5026600708867,18.5116652150996,17.6643133540904,16.9078268269495,16.2028789933634,15.5106034835549,14.8264847446936,14.177166871991,13.6008785950648,13.0680532858448,12.6025225027956,12.0712494427811,11.3703597696896,10.52936629824,9.71133404982781,9.09418585774851,8.67144481123941,8.40210448265893,8.25884850752908,8.17993816043353,8.13635085637889,8.10014129944875,8.06118123468918,8.02602943800345,7.9798199164887,7.93376977671109,7.89780640636165,7.89332827430391,7.93658650695888,7.97339622245457,7.98033022811751,7.93937610316813,7.88499371487357,7.81818511430855,7.76988582069018,7.73726954556979,7.69611037153379,7.61731516961836,7.49730763881705,7.31842722618964,7.08064247153913,6.78256571385864,6.44417449161786,6.08456158414435,5.76769883956799
"Malaysia","MYS","Median","Under-five Mortality Rate","Total",,,,,,,,,,,,,,,,,,,,171.425657593823,161.876306103111,152.875485840275,144.386596959732,136.489241001908,129.229004755522,122.241962084022,115.405829333668,108.561540866786,101.786586558345,95.1498928850141,88.865541575268,83.0086470500238,77.7684404157226,73.1496605947065,69.1745060496915,65.8025726289609,62.8767365032913,60.3285746847633,58.015665514003,55.6888918005926,53.2843047937868,50.7043632909505,47.9739659063915,45.18141604805,42.4367172931948,39.7777196561887,37.2345412492877,34.8170382889456,32.5280973185313,30.3873640683534,28.3616340580864,26.4811098938195,24.7543357443623,23.1884242423145,21.7630756399166,20.4943182182252,19.3660635673762,18.3527386117469,17.4429927571088,16.6192735335852,15.8376045570727,15.1112443225101,14.4489464670391,13.855305432863,13.3204340017853,12.8379030491157,12.3025368362716,11.5927424119528,10.7276200681497,9.90008694161834,9.26645210019245,8.83515008172439,8.56420681940322,8.41234686435364,8.33601030804236,8.29124983312702,8.25652591969879,8.22251444076984,8.18303901055609,8.13712223488368,8.08752568067315,8.04840273009718,8.04830278772814,8.09278773488127,8.15082421140115,8.18790872471994,8.20394121442461,8.20187147325857,8.19502915958928,8.18681728255282,8.19838196695209,8.22667120759083,8.26464252466209,8.3086390217922,8.31949559971319,8.2668449655028,8.1740472482918,8.05108511036639,7.8944149072466,7.70717168008359
"Malaysia","MYS","Upper","Under-five Mortality Rate","Total",,,,,,,,,,,,,,,,,,,,207.872787993412,191.620722924721,177.951493155259,166.329090105973,155.758676838129,146.137808922804,137.356937345069,129.219826861667,121.141311456162,113.072975360828,105.197584804105,97.7498895843874,90.9779377733688,85.1451328541423,79.9129049799076,75.3729709533761,71.5165435532646,68.0864049945179,65.0496342977068,62.2335373872198,59.5255208415075,56.6175005370631,53.6805840110558,50.6438417139717,47.6847118784251,44.8150182538066,42.0564926160844,39.4449614238102,36.9650935850269,34.5797465692571,32.3621976096037,30.2261965512492,28.227957289865,26.3631985689381,24.6205879374348,23.040331051559,21.6207477001186,20.326863404173,19.1275342295828,18.0350218255297,17.0531434595926,16.1812128247005,15.4088946569552,14.7330526360139,14.1183573728228,13.5771021151453,13.0735909402572,12.5296928217888,11.8185118593346,10.931595912234,10.09682884713,9.44381607162732,9.00022273203265,8.72642847540579,8.57090013362784,8.49935105607888,8.44969152423116,8.41161959258728,8.38018263794029,8.3389111558613,8.29817743064464,8.2424008164184,8.2038738713684,8.20570268791607,8.24825542975048,8.32817535769353,8.40458698786795,8.48312203154302,8.5433987369183,8.58574470095049,8.63566446953876,8.69013623325367,8.79593316949169,8.95956478859894,9.18676070790208,9.44333473668925,9.67322466052801,9.86000422077078,10.0161546172859,10.1838265623885,10.3139959255137
"Maldives","MDV","Lower","Under-five Mortality Rate","Total",,,,,,,,,,,,,,,,,,,,,,,,,,,,,,,,254.840498975979,253.25384138858,251.086006782146,247.501898630417,242.502484791695,238.044520082234,232.38480392883,226.102791750507,219.090367760783,211.624938985168,203.049111768266,194.372725678843,185.13323732126,175.782102615773,166.514701082808,157.900532957699,149.796412440456,142.158547942174,135.069684652223,127.958165629956,121.52889201276,115.287625845795,109.326204352845,103.765488675841,98.4066934022119,93.3780615811409,88.3380127095595,83.6684187941961,79.1494153279588,74.7029657778523,70.3882162177625,66.1789629444569,61.8553394865614,57.4291597846534,53.0028101389127,48.602942659837,44.1844161996192,39.8456494135614,35.6695382513002,31.800967311915,28.2327970188929,25.0566506818278,25.0191862666515,20.007161373769,18.0905427025769,16.5030712969064,15.1580883928011,14.0218634020573,13.0127747033843,12.1297238899464,11.3268209502791,10.577212039868,9.87238845925777,9.20476185701609,8.56608504759334,7.94417938507233,7.33349201199427,6.71174539411852,6.10773232353207,5.55786061173119,5.07438411296643,4.65040280711068,4.29444907785518,3.97110158303128,3.68073226100224,3.40449313379913,3.1756056197824,2.95406633755115,2.75618096524852
"Maldives","MDV","Median","Under-five Mortality Rate","Total",,,,,,,,,,,,,,,,,,,,,,,,,,,,,,,,334.087193892857,324.961134962082,315.84838062912,306.687827560212,297.445595305684,287.901555219399,278.076860551592,268.384889021359,258.478087183296,248.132625330559,237.00456329787,225.351491615617,213.495875387594,201.698244515629,190.231396328789,179.479970754073,169.531835750503,160.002710417443,151.264448750662,143.126890658202,135.434032109088,128.20624618893,121.34235105285,114.880105310771,108.697196185788,102.790200133515,97.2350445918468,91.9820970137789,86.9556621064697,82.1138917838896,77.3748542443179,72.6818472082601,67.989611188927,63.1486950602314,58.2963038497642,53.5312451248752,48.7799598676092,44.0744340400551,39.4822701907576,35.105058178096,31.0766207467403,27.432516451202,27.2433985539904,21.6407467272231,19.439610389155,17.6275463455957,16.1328923575691,14.888028089521,13.8278524629776,12.893484523323,12.0559551104932,11.2836842815947,10.5535925011065,9.85892276911654,9.19535358473303,8.56035014189767,7.96213593116696,7.40064906233862,6.87945315925711,6.41682460163282,6.03622896874304,5.71288101018904,5.43874067679023,5.20260668402375,4.98294480755328,4.78373772810369,4.59232968923226,4.42264963808486,4.27133866679068
"Maldives","MDV","Upper","Under-five Mortality Rate","Total",,,,,,,,,,,,,,,,,,,,,,,,,,,,,,,,440.022791445986,418.659258381424,398.078501484743,380.369458857386,363.08103370557,347.673195806134,332.591951438548,318.562596051085,304.556164820508,290.358094344491,275.617007337979,260.612827895974,245.50520667381,230.727620161714,216.793645367927,203.272738773038,191.292459581838,179.728103906919,169.091070699773,159.303202733428,150.542980842411,142.148476153682,134.284167552116,126.741333899348,119.732839126338,113.116040598128,106.933144191397,101.179432896244,95.6330358002997,90.1763704575032,84.9699458598134,79.8247318544022,74.7780612055409,69.5744422852168,64.3223516523791,59.0333598842421,53.8210238412278,48.7089199146665,43.6655849307266,38.8052210705746,34.2705914701227,30.1040683936799,29.6871443069342,23.4101359586626,20.8816831253871,18.8054984320973,17.1510544981436,15.7892231215326,14.6529909793697,13.6801720653724,12.8095448620828,12.0092409794666,11.262816245585,10.5426746398765,9.87303550557604,9.24208271102589,8.67246294001052,8.18219521845311,7.76600116105814,7.41881204174559,7.1542803456822,6.98561557918953,6.86147553537729,6.76860405888554,6.6998217428752,6.69902591913326,6.67483622053517,6.63234355045301,6.62229559897203
"Mali","MLI","Lower","Under-five Mortality Rate","Total",,,,,,,,,,,,,,,,,,,,,,,,,,,,,,,,,364.576315505642,364.255846995014,363.322962651379,361.243430745181,358.356547473777,355.055944574269,351.324715314124,347.782695644795,343.306066155888,338.747543737477,332.881331943461,326.723349752749,319.736293097127,312.706151313191,305.442285216467,297.927991945436,290.469936855161,283.052756258332,275.664207429758,268.043495925199,260.578399864914,253.456654047416,246.218642790413,239.69952186527,233.696474225491,227.981291155943,222.951658709532,218.248282260659,214.175681927957,210.452483798467,207.273836063118,204.013444646434,200.735967275168,196.935460966215,192.789131955295,188.439618316196,183.471575366847,178.136298918793,172.447640183815,166.673000049215,160.869501746247,155.380912789168,149.936755443995,144.66275584972,139.398273503897,134.385468716147,129.452570711419,124.469108095305,119.541566812182,114.778888450573,109.939349946832,105.327318373752,100.746117301795,96.2977691039099,91.7608044623061,87.2737267918484,82.7074284630814,78.1947481149334,73.6140431763606,69.1798775106791,65.0355224344914,61.3213170278845,57.6711044872576,53.934026746672,50.5662499157566,47.1907379742901,43.96548628567,41.147204841064
"Mali","MLI","Median","Under-five Mortality Rate","Total",,,,,,,,,,,,,,,,,,,,,,,,,,,,,,,,,432.406378269176,424.80107946268,417.719196432911,411.041916235951,404.382330293226,397.690130789065,391.362701087683,385.123671024578,378.538827218469,371.840517958927,364.569834520933,356.864100588693,348.649901246944,339.998823040732,331.308526153874,322.484127860495,313.710025600253,305.129405995765,296.506619802369,288.01153431243,279.682943388837,271.642974144601,264.038988711262,256.911850296989,250.23543775681,244.063538322825,238.38534155517,233.306898978806,228.666108591859,224.607062191085,220.854554625444,217.314742710371,213.677553329301,209.860105756524,205.60865534598,200.856983693841,195.582300782061,189.930760919439,183.895533835581,177.746448457118,171.699450204846,165.806091710661,160.087799949772,154.612898259463,149.239736756657,143.98163841072,138.864310111906,133.777906111573,128.779317691542,123.874403352889,119.084185425328,114.385175654412,109.724612573219,105.132399445986,100.647420193869,96.2069115873463,91.8900662344017,87.6284631101115,83.6068664851621,79.7216448036851,76.208505926193,72.9812656876394,70.1204131075762,67.4064276866378,64.9891555200139,62.6677751697443,60.5067718592655,58.5002447756643
"Mali","MLI","Upper","Under-five Mortality Rate","Total",,,,,,,,,,,,,,,,,,,,,,,,,,,,,,,,,509.164156899249,493.094328055407,479.406289492878,466.309699545031,454.709103287726,444.018471259319,434.788533734538,425.642411632756,416.742478901155,407.902073252917,399.091725838717,389.34216231596,379.759428163029,369.482830870801,359.198236443682,349.016768915431,339.126021653254,328.956038480098,319.286340136974,309.592954843788,300.641570213309,291.782230401219,283.075992605494,275.134098853018,267.729561808312,260.870106889849,254.610552725179,249.159825195885,244.096387328653,239.485685069415,235.353082358374,231.336919809714,227.426298991378,223.468919254503,219.039428514933,214.129230911356,208.537169621509,202.390037063059,195.964158494787,189.505421722565,183.253242043818,177.175143437763,171.149109038739,165.466242327039,159.882081694527,154.459468143301,149.084864631034,143.885368888095,138.904003254816,133.778165768339,129.0270738775,124.152652432463,119.415595705559,114.830319511666,110.288503932532,106.106317275026,101.979388176526,98.1226293929495,94.6202964531032,91.281523832992,88.3406853908179,85.8294625565983,84.0071189981102,82.8980428602452,81.9700634947717,81.6091114356943,81.2245914276074,81.3035996979908
"Marshall Islands","MHL","Lower","Under-five Mortality Rate","Total",,,,,,,,,,,,,,,,,,,,,,,,,,,,,99.5157952650685,97.9474061035554,96.0777981394145,93.5647547769415,90.5255934157976,87.2352662900681,83.9405095217405,80.5539257877255,77.6198295533641,74.6759728459353,71.716380708029,68.8794046344386,66.2562080978223,63.8308868912008,61.8503989064059,60.3405334537389,59.2670650218471,58.5745843008351,57.923988741951,57.1419699937418,56.2760301024116,55.3321362015874,54.091909366862,52.8445195658611,51.3538333637832,49.8185818215834,48.2978573693632,46.8770474881087,45.3462619497533,43.8439167059216,42.2561048348476,40.7369014641571,39.3716973950915,38.0639328528482,36.9262261466212,36.1100303990469,35.7125050610989,35.5939739451391,35.6321043525897,35.8139598665002,35.9770713456286,36.108561321537,36.1676752224779,36.0659050036688,35.9657582443264,35.7411209558354,35.4317762787769,35.1273181006999,34.7604327386328,34.114522274921,33.2516908966046,32.2482088913925,31.0978792557993,29.7892815070155,28.392487952564,26.9422287580091,25.4678477922889,23.8919464108417,22.5194205462162,21.1622545911746,19.9268343878007,18.7702884421983,17.6922474651714,16.5703895044098,15.6628470149714,14.6188028526993,13.7840528964828,13.085530351285,12.252615569555,11.6008068865182,10.916437347547,10.3176763239954
"Marshall Islands","MHL","Median","Under-five Mortality Rate","Total",,,,,,,,,,,,,,,,,,,,,,,,,,,,,127.318757395626,121.199325067783,115.54333132132,110.211260025642,105.175862040126,100.433065791903,96.1642682468665,92.1831810095235,88.5066566763415,85.0523433474181,81.7484731889998,78.6110428605633,75.7386868384969,73.305123359958,71.2761935272909,69.7235812117023,68.562054592438,67.6990309472905,66.9840830059292,66.1219498063138,65.2357491965044,64.2001984150093,62.9871691432194,61.6308997657192,60.0133326064635,58.3860578247223,56.6842388842573,54.9668194097097,53.2298921851134,51.4229340282386,49.6138220742218,47.8071045008099,46.1145720046807,44.6421192462154,43.3302374980671,42.4161636557299,41.9425662958891,41.8190326556303,41.9904395238335,42.2876778822753,42.5876512242196,42.7461253983638,42.6852749750817,42.5346057867457,42.1871906939215,41.783006394245,41.3319365017177,40.9109524350871,40.4441790628759,39.967021862215,39.493457228358,38.9574307698997,38.3941914058264,37.7592173602432,36.9626462141282,36.1150048938396,35.1823809676886,34.1964545834309,33.2253877186639,32.2288662777729,31.2250923442999,30.2937573192796,29.356569612762,28.50051783953,27.6065358918255,26.7440279847491,25.8651838686097,25.0785554680229,24.2580241403787,23.4711092103037,22.7617216016273,22.0219443431259
"Marshall Islands","MHL","Upper","Under-five Mortality Rate","Total",,,,,,,,,,,,,,,,,,,,,,,,,,,,,158.570006789806,146.209616284756,135.78208996796,127.191871445408,120.405275749272,114.906803264524,109.787167036035,105.18783796886,100.937401522597,96.8481554669728,93.0322724578805,89.3555500981199,86.2452561661994,83.5955868415439,81.6692078807149,80.1380437537434,78.8599763888763,78.0579103574638,77.104175540259,76.352993747589,75.260009829101,74.2767676617411,73.2086864075808,71.8646752126866,70.2217544392306,68.6294676839727,66.6324114431446,64.6024892564334,62.4645540994465,60.2876300765849,58.1722272631145,56.0218526633037,54.0322961001412,52.1376869425497,50.5992847565779,49.5043170173318,48.9263091911278,48.897718888744,49.2578128623295,49.7436545568166,50.1003196917182,50.3334216632109,50.3218407822023,50.108328275521,49.6261453483481,49.091701798655,48.4577700506526,47.8439271720758,47.2707584513862,46.882712328101,46.8215184524584,47.0079785115241,47.4027495787384,47.888247310235,48.3970910891125,48.718192734075,48.8043711174355,48.983474485584,49.0911967058585,49.1563341356531,49.1758459679674,49.0999011618599,48.867609034471,48.7515287040255,48.6371380079859,48.4339948035432,48.1630075552363,47.9863939630763,47.8021640083655,47.507397072291,46.8773353474707,46.8772037312646
"Mauritania","MRT","Lower","Under-five Mortality Rate","Total",,,,,,,,,,254.523452586174,264.991180688233,272.129446311845,276.499386607646,279.447582325962,280.505013741387,279.873735830076,278.288298409045,275.619033316173,272.561316102937,268.554138962964,264.126268206511,259.723665903075,255.153316837972,250.766017066489,246.356658315196,242.212338707307,238.23440660621,234.077484963843,229.630169533232,225.056302814486,220.175400947819,215.046388043496,209.767936397185,204.275811355132,199.063006020095,193.660429873556,187.969161478837,218.039245017532,212.586849498716,208.453179881948,205.978647853502,205.446580979987,205.176883161237,204.000535224236,172.455553621107,170.148463192234,166.63465277117,162.251642470273,157.528839603406,152.730724411672,147.793544200108,142.916550096112,137.981116372545,132.315471828954,126.600493650436,120.396613915162,115.133159319473,110.782647074103,107.500831112338,105.496913042957,104.296516740581,103.550141778463,102.9469922493,102.376896652608,101.58004937527,100.429943578702,98.7144041436156,96.4325725377767,93.3236918996155,89.5604332153189,85.2136631526017,80.2757514753102,75.1631577399994,70.0160120074081,65.0156404705116,60.7685473688669,57.3350811058168,54.5632117579512,52.3656901455843,50.5787198885292,48.9537087009035,47.4894254431258,46.0603972993355,44.5943522910021,43.1249476920748,41.3890983051721,39.5156415742745,37.5354369649847,35.3478851141102,33.2436012697732,31.258169871524,29.4114226379933,27.5695798357959,25.9037312178611,24.297402870365,22.7427539555917,21.2461597268429,19.8621249749115,18.5238919742133,17.3693392866938
"Mauritania","MRT","Median","Under-five Mortality Rate","Total",,,,,,,,,,337.657530264454,334.835966734539,332.540905668039,330.514220230783,328.506225085404,326.135446444618,323.383307605649,320.531127850314,317.608944735762,314.416106929388,310.392579362267,305.996094987254,301.821050666641,297.502535743825,292.70340461125,287.502690539206,282.127955207499,276.429146021518,270.603582360328,264.213436810018,257.766414713037,251.271446325052,244.585980896295,237.646927080757,230.88726193797,223.954468943564,216.762442197066,209.662852208208,242.547381587527,235.815116041969,231.090371104523,227.948297095344,226.369895154383,225.438661382321,224.095175361737,189.110841217645,186.102141120582,181.927372912497,176.925212949759,171.639212622997,166.397091986558,161.292191044432,156.118031133681,150.786120505589,144.966660101659,138.636162543414,132.317562064432,126.850993252655,122.196205139028,118.743074899835,116.485649262189,114.755131852458,113.601653833715,112.638858993211,111.749872433225,110.68396658877,109.42555755882,107.596111737444,105.191248523842,102.00474843062,98.0071169248503,93.3806150822317,88.1746772764853,82.8182273364098,77.5033376549474,72.4950704890961,68.0877137529964,64.348167525798,61.2618339953431,58.8150666461997,56.779846009088,55.1089974614124,53.5442632349811,52.0896806531323,50.5979855287919,49.1419469188355,47.6748384372604,46.1751176441233,44.7479570511789,43.3783302364296,41.9916060484086,40.6633048258733,39.4316374531352,38.1331870110733,36.912905547527,35.7870689781713,34.6443600560736,33.5645986191911,32.5896705073692,31.5500827128707,30.4574081479234
"Mauritania","MRT","Upper","Under-five Mortality Rate","Total",,,,,,,,,,445.786117039073,425.553559967995,409.632007308768,396.484340806162,385.984737063624,378.782774839425,373.241341985086,368.602631500445,365.062299923067,362.203128473873,359.143539472931,355.621181039108,352.892328071573,348.693917395446,343.942121619269,337.84042451517,331.291448769839,322.959445081065,314.370603485405,305.520346666092,296.373560082099,287.474105846615,278.448409155708,269.756632174873,260.496673092627,251.749922886219,242.778582000938,233.887755328831,269.673087072014,261.76080725146,256.113000373604,251.881826097783,249.353040616426,247.660837828508,245.93282054483,207.543138930503,203.993549758728,198.849840505006,192.987440144377,186.99784132098,181.283593084659,176.096281907734,170.517101507,164.953689127236,158.716161477419,151.985923307917,145.528467873805,139.915049131645,135.373995449563,131.576149638351,128.617901955681,126.397456371418,124.847186822088,123.47162026569,122.11493619645,120.851879093854,119.489263725016,117.669187986246,115.332267089375,111.982762952574,107.671948488712,102.531837876787,96.7416892488029,90.8895510024691,85.2711683721846,80.1706581477055,75.7439270111142,71.9059069584956,68.6434758665569,65.7515373175587,63.3943583288615,61.5374690412846,59.8965831360869,58.5170673597158,57.2735893563112,55.9575722191596,54.905616997401,54.2306642837421,53.8579330930651,53.6383086322029,53.5309285650715,53.5190519583761,53.3832859450266,53.3065841151531,53.4585942373828,53.4183093772955,53.4784964280997,53.5568979528976,53.3873189433301,53.0726402282309,53.1460455000754
"Mexico","MEX","Lower","Under-five Mortality Rate","Total",,,,,,,,,,,,,,,,,,,,,200.796691716129,193.05613018612,185.096898262736,177.459370048414,170.255554224964,162.819909896315,155.942783559903,149.251544354533,143.082563990483,137.582873743146,132.396389448132,127.589876315053,123.285662743321,119.265187347411,115.515075163939,111.908035816704,108.325279828841,104.833606973541,101.384654820918,97.9974450358778,94.5375484197911,91.150310246997,87.7772566606659,84.5346587983918,81.4045925044687,78.2496643112755,75.1986587392603,72.1267554266115,69.1307183591723,66.1105774013577,63.2088948526277,60.3401107072219,57.5752469174497,54.9716862156856,52.5015477079877,50.1783634528543,47.9230102336629,45.7404320993191,43.6685401194445,41.6537178157174,39.688653644957,37.808215581599,35.9889023151255,34.2332918299309,32.5876148061113,31.0032104323375,29.5466549544303,28.1560994011163,26.8525047149132,25.6291866723632,24.4897125277187,23.4569215920806,22.520954255302,21.6793226994801,20.9288098936489,20.2701141943564,19.656370795999,19.099313917433,18.5672106331226,18.0662415515536,17.5797523633566,17.1124303479866,16.6518402947461,16.1939847561254,15.7205266895842,15.2281044268325,14.7217976764458,14.2000968057488,13.6660665400179,13.1315580241736,12.5823515374792,12.0070842979977,11.4069245390088,10.7653601918121,10.119888575044,9.4896179283032,8.91282401528976,8.35323427583721,7.79964690664704,7.29635709925282
"Mexico","MEX","Median","Under-five Mortality Rate","Total",,,,,,,,,,,,,,,,,,,,,243.206602043421,230.615200495607,218.69808515798,207.608861264887,197.032259592136,187.062371328513,177.831221392658,169.512935258177,161.695387276123,154.678710354869,148.11476895947,142.26743353298,136.792742804759,131.824254902262,127.162657730712,122.76751444389,118.61435039747,114.644094883422,110.749348788635,106.896317982345,103.122999849907,99.3721776198798,95.7452698921864,92.1090547376357,88.6490624928283,85.2111697746782,81.8295914185524,78.4718101481025,75.1080432593194,71.7658935298252,68.5312562358589,65.3999051399957,62.3807388164,59.5364015877945,56.8536268636536,54.2662265538462,51.7796169610816,49.3800639295594,47.0590974442415,44.8500636821414,42.740361371353,40.693351659252,38.7325630225246,36.8642933473894,35.0753010797279,33.3847949613357,31.755208925282,30.2301101662201,28.7833032986248,27.4190163438521,26.1600285568652,24.9868648791227,23.9193003699653,22.9588912610585,22.1048275520694,21.3367502012442,20.6568448134126,20.0409801377538,19.4805153450221,18.947200802862,18.4423370583694,17.9481859240981,17.4824203090703,17.0271103017921,16.5837458630119,16.1656913872586,15.7598199946926,15.3569407459161,14.9679137268966,14.5947551228594,14.213915769361,13.8190913405411,13.4326998909888,13.0522428741257,12.6619081721208,12.2595788843001,11.876246566338,11.5018860955112,11.1230293828085,10.7734469182595
"Mexico","MEX","Upper","Under-five Mortality Rate","Total",,,,,,,,,,,,,,,,,,,,,298.52080569808,277.80734442128,259.783820971129,243.614484057293,228.898375762816,215.611884042298,203.613413294353,192.562987782145,182.715240870084,173.753804961649,165.664058338611,158.29103231148,151.614581996097,145.477721879728,139.965923217649,134.816171982029,129.853915852404,125.157809415823,120.778389311183,116.43053118509,112.185919107655,108.109896370747,104.089857584111,100.191682273595,96.4572622319497,92.7925225803054,89.157410167916,85.523279042124,81.8439322904052,78.170420169835,74.5671927787043,71.0548928867375,67.748367047206,64.6133691724407,61.5657166829159,58.7201409203889,55.9444358424144,53.2988532389763,50.7845105193769,48.3544903119323,45.9970429911969,43.8010973285934,41.6385326486802,39.6800018107722,37.7667000278618,35.9215101568975,34.1563158332709,32.4999549227471,30.9058021056338,29.4568057571851,28.1304448908049,26.8970509719193,25.7743820353764,24.7496952587553,23.8051522088768,22.9406017828193,22.1582059037137,21.42531829921,20.7455539110246,20.1011264667612,19.5131031337237,18.9618994331991,18.4256990662474,17.9025597603403,17.4106103250522,16.9750629882806,16.5981501688308,16.3292979634242,16.1674785740035,16.0477214628316,15.937490766683,15.8409632338056,15.7818293025492,15.7484401707181,15.7051575342376,15.7385599333865,15.7783188356785,15.8988571298307,15.9827583981901,15.9721396941219
"Federated States of Micronesia","FSM","Lower","Under-five Mortality Rate","Total",,,,,,,,,,,,,,,,,,,,,,,,,,,,103.815017816838,103.686305896039,102.832510991541,100.919600304554,98.2325889880346,94.9884113874995,90.9941168567774,86.7705882506989,82.4643547370319,78.1679429913431,74.0122696342986,70.2284013883758,66.8089703966663,63.7220760254555,60.9227256660293,58.4647561808353,56.1482915052416,54.3138514473026,52.8649308616214,51.6630017368621,50.6364403738944,49.8958858586302,49.1158072942501,48.7521443078528,48.3943895562543,48.020059511896,47.3836411636727,46.683758991893,45.7801872493491,44.6564434551833,43.4663798312539,42.2502600330068,41.1020353939454,40.0840379694429,39.1246464964729,38.2681179089681,37.3763122123831,36.444512284649,35.4632404778171,34.323698141936,33.1120229552688,31.8836219442533,30.7040209032816,29.5967777505894,32.1405749571767,27.5389886626844,26.6294681900693,25.7340910908125,24.8028480955666,23.8042751463766,22.8671380412697,21.8660160342839,20.906987479693,19.9281842989024,18.9833719667015,18.0614067090423,17.0933010882904,16.2360945095965,15.3480155960125,14.5600242465676,13.7252464404659,12.9645932543789,12.2313597562143,11.5789741843552,10.9791653851603,10.3863664660475,9.82305766124708,9.32574643777455,8.76839683380756,8.27576318304406,7.83993864577493,7.46777025981777,7.08909982307342
"Federated States of Micronesia","FSM","Median","Under-five Mortality Rate","Total",,,,,,,,,,,,,,,,,,,,,,,,,,,,136.642638838857,130.738513884048,125.347480628713,120.034012190405,115.247835952384,110.398596337235,105.879845055924,101.527263947762,97.3969915371361,93.3511977426499,89.5677639003283,85.9291483988582,82.6047948774331,79.4796520248454,76.4381271630708,73.6444947674727,71.0713529997335,68.8653659919701,66.8747718189257,64.9940483833649,63.372201570623,62.0060753291263,60.8345601800624,59.9373839782789,59.0591155261216,58.2750603216232,57.4883375665437,56.4481379769176,55.183205298267,53.7858705989905,52.2136618236826,50.6764839267378,49.2451948002109,48.071004383364,47.0438929601166,46.135847137283,45.2491233350231,44.3271910971057,43.2744354776136,42.1056635318591,40.8989410203487,39.7645392719856,38.6023546449506,37.6764114558572,41.5454799772177,36.4194919057209,36.0646223933584,35.9176236085244,35.8612276840716,35.629848903414,35.3432190139609,34.8117805552799,34.1324030422981,33.414626924925,32.5609528419618,31.5817835016221,30.6602083685374,29.8169669139243,28.9263726473479,28.102649270799,27.2525639272141,26.3833032909749,25.5576365544013,24.7199864852517,23.9362471591896,23.1001789832371,22.4222727578112,21.7422308501497,21.0579159126814,20.3886067004976,19.7747581509908,19.1411749743963,18.553245360818
"Federated States of Micronesia","FSM","Upper","Under-five Mortality Rate","Total",,,,,,,,,,,,,,,,,,,,,,,,,,,,180.787730326493,166.177641115247,154.089164727247,143.653639932552,135.357353362518,128.437633285397,122.973592869849,118.348824709927,114.110208445233,110.465721032447,107.014709516189,103.872004331149,100.840844190274,97.8840132925702,95.0331368113117,92.2197647287901,89.6520268062029,86.9223535959301,84.0921602210392,81.8149988193587,79.3386708760791,77.2306034686664,75.2887296818287,73.6785529960654,72.2591621342021,70.8095835467329,69.6358559983092,68.1877665552604,66.4243962385096,64.6506453268195,62.6966587660678,61.0247305847655,59.3751443338348,58.0137984165805,56.7438518303142,55.8216076828716,55.0572883359175,54.1020410862237,52.9997346524096,51.8444528231485,50.7819887814295,49.7514052387425,48.9511650078529,48.4720177542952,54.219887315627,48.3323366071678,48.787086480841,49.5899664842194,50.5844877378681,51.8475470010976,52.8772289303988,53.3795353793806,53.9413452316068,54.1396517718936,54.2487569321782,54.2141583642345,54.1607783299681,54.0373099320258,53.8591326737431,53.4869863303887,53.3181248974728,52.5179314779454,52.2718065409372,51.8877266266121,51.7329199335442,51.5006407789669,51.3825516561735,51.1821490729063,50.2186283874427,49.4689736382883,48.6506806475075,48.1362518941051,47.5615341268799
"Monaco","MCO","Lower","Under-five Mortality Rate","Total",,,,,,,,,,,,,,,,,,,,,,,,,,,,,,,,,,,,,,,,,,,,,,,,,,,,,,,7.19427814486365,7.22591553587442,7.20486065918681,7.18559752643502,7.10971248027996,6.99791475784932,6.83392874495416,6.62008371606574,6.38053533568955,6.1333564449347,5.88850698846752,5.64796110764834,5.42838297772068,5.22914567675733,5.0451649513857,4.87368418636103,4.71737522861386,4.56988625650373,4.44386484618646,4.33035829447486,4.22527660806401,4.12862190371593,4.03014557997357,3.92818731762418,3.81180348733911,3.68070325560397,3.53313756974385,3.36627491554909,3.19378589801401,3.00465925910685,2.8178427675563,2.64814118261762,2.47788342673716,2.32523778430434,2.17683979545072,2.03507849315519,1.90174094652546,1.78852940729417,1.68675218943475,1.58233904512281,1.49044042493133,1.39924839219439,1.31685053028985,1.23791871078342,1.16930561993011,1.09381460451992
"Monaco","MCO","Median","Under-five Mortality Rate","Total",,,,,,,,,,,,,,,,,,,,,,,,,,,,,,,,,,,,,,,,,,,,,,,,,,,,,,,9.71457308014275,9.28520442585726,8.87088881956467,8.48189072514835,8.11095853618052,7.75397192622307,7.41223333213486,7.09555884506017,6.79541064709459,6.51269555871858,6.24431261014415,5.99482106790769,5.75925768333697,5.53885987391345,5.33952670930519,5.15512177116241,4.99417600900984,4.84665497234491,4.71561998711112,4.59386073738615,4.48153323878351,4.37355330408451,4.27428624605748,4.17857200003917,4.08389893049698,3.99155545847617,3.90264432385179,3.81158788791548,3.72097762082487,3.62325086416571,3.51885898806992,3.41542107877239,3.3136004290338,3.20443268471396,3.10548174979794,3.00860067187776,2.91658852319863,2.83190393372034,2.74986211381626,2.66087014851938,2.57573394154164,2.49859673100117,2.42201412573512,2.34050960005454,2.26057046322217,2.17521282934109
"Monaco","MCO","Upper","Under-five Mortality Rate","Total",,,,,,,,,,,,,,,,,,,,,,,,,,,,,,,,,,,,,,,,,,,,,,,,,,,,,,,13.2170231465746,11.9968862245574,10.9625175444795,10.0601256077306,9.26755700689267,8.60425207100545,8.05791316731127,7.59939613711038,7.2278298260994,6.90647181469007,6.62112159142944,6.34991775462109,6.09935672660673,5.86940649068862,5.65475468472652,5.46802704474752,5.29247954571891,5.14139944787224,5.00129141861906,4.87305923500638,4.75832122066933,4.64455061906851,4.53784204691679,4.44712416852418,4.37851084157453,4.33258958031361,4.32966533438863,4.3401698200167,4.35744773922094,4.39842103098307,4.42540676463274,4.44481722362803,4.45660146667524,4.48269055032762,4.51612364601265,4.53353273793422,4.51041138326699,4.52187647318555,4.49831647801316,4.50012543815728,4.47846608000613,4.4655809251348,4.45496774472495,4.45170691533135,4.46375375382891,4.43225757003237
"Mongolia","MNG","Lower","Under-five Mortality Rate","Total",,,,,,,,,,,,,,,,,,,,,,,,,,,,,,,,,,,,,,,,,,,,,,,,133.976910849592,133.572566532007,132.609484260861,130.937825150738,128.731648099755,126.244995489171,123.337752374242,119.674636391775,115.577691830118,111.169655251883,106.578937263086,102.084001252183,97.7423112408131,93.6797040657397,89.9102053902719,86.2837651609926,82.6798938164823,79.0736048088692,75.2181985320131,70.9881166419929,66.5948633389432,62.1463061161502,57.4962332227997,52.9082244773688,48.5593167102413,44.5069067025703,40.7294287180216,37.4010796674345,34.4558593964689,31.8268315465657,29.514273019939,27.3977414613445,25.5244021355508,23.8348493009435,22.3510296384048,21.1265872291653,20.0576153189212,19.0466071648606,18.0486550504462,17.0495805176742,16.0899580960877,15.2167233983679,14.5098425883673,13.9547075936939,13.5094490135918,13.1000005084049,12.6394750129183,12.0792080015801,11.3987468166126,10.6998556759794,10.0286993435505,9.3754770852911,8.75007602746905
"Mongolia","MNG","Median","Under-five Mortality Rate","Total",,,,,,,,,,,,,,,,,,,,,,,,,,,,,,,,,,,,,,,,,,,,,,,,172.605536263259,166.460933591623,160.551561265605,154.854808874473,149.288177160092,143.858909279008,138.506672443336,133.020427730918,127.461088298641,121.795070883264,116.266081461784,110.918958818459,106.083681843599,101.696945828837,97.5838583383012,93.646812503449,89.7480605512129,85.7516297435853,81.5193720181474,77.0562944509003,72.3563575671982,67.4863070614632,62.5364692011659,57.6618271943444,52.9293959251522,48.4576557860302,44.2740995615949,40.4624606827706,36.9955703363543,33.8489188586497,31.0049482594512,28.4722543563276,26.2551202508773,24.3528890615455,22.7942477687651,21.5372102102623,20.446673408248,19.4223205996325,18.4135087366486,17.4128128486053,16.4368316977028,15.5612304375706,14.8439324353762,14.2996526070889,13.9050718312895,13.6342648402381,13.4159479292123,13.1719582992437,12.8894745213761,12.5833647485301,12.252092158879,11.914898633609,11.5487742265986
"Mongolia","MNG","Upper","Under-five Mortality Rate","Total",,,,,,,,,,,,,,,,,,,,,,,,,,,,,,,,,,,,,,,,,,,,,,,,216.249364906251,202.691954272619,191.12881761446,181.125399816902,171.796595847202,163.234616994008,155.194686029269,147.565476917295,140.23431423751,133.51143453026,126.908809194189,120.837769679105,115.164129637115,110.184964729012,105.772399091563,101.514389402339,97.2926575298913,93.0654835740154,88.4801749744439,83.7892290998443,78.6502415350234,73.4571460677713,68.2286068187405,62.9751193962224,57.8822490828818,52.9358944355546,48.2604692229731,43.8399749689109,39.7570591612826,35.9871504116564,32.6088608452947,29.6131823255892,27.0128160848869,24.8876725421569,23.2517839385098,21.9525595012994,20.8517818671741,19.8016968241412,18.7865204804648,17.7822446107786,16.7918966517355,15.9165021695235,15.1959090060465,14.6407629605719,14.3035573296196,14.2031988317475,14.2643984887668,14.393900239173,14.577428255153,14.7607236587391,14.9281153711018,15.1216995179918,15.3046584459406
"Morocco","MAR","Lower","Under-five Mortality Rate","Total",,,,,,,,,,,,,,,,,,,,,,,,,,226.560815345835,225.716513799414,224.201439067558,222.187523040266,219.509840118303,216.481794268317,213.242861178334,209.280403100102,205.278711599502,200.79326868628,196.293354858595,191.530053230837,186.621379526393,182.183202676851,178.251438328687,174.460378133624,170.771939844069,166.92020734757,162.494179603652,157.508661882361,151.85014900688,145.724343369848,139.289134811173,132.772208716049,126.20454520095,119.727113674495,113.450106940316,107.439443741989,101.801260386304,96.3771429173654,91.3513618926378,86.7415263588414,82.4903490010233,78.6418913491505,75.0743109543471,71.8636611117499,68.7055074182915,65.7309674470339,62.8042505193969,59.9208168622599,57.2319483685635,54.6146325870428,52.0975606858765,49.7693107070796,47.5780963354478,45.4355402910772,43.3666955613643,41.2972022946229,39.2196036662715,37.1397610608816,34.986355737594,32.9289206878278,30.8207910327212,28.819943882411,26.9319846844749,25.0428869042368,23.2689113845585,21.6375726300041,20.000623829939,18.4870639543416,17.0895734972113,15.8619348716649,14.7597546943984,13.8325929375359,12.9758986155099,12.0957169284468,11.3662793292444,10.6509537498931,10.0006519248927,9.38320504058371,8.75735967960011,8.20218699560169,7.75491638419954,7.36798418827925,6.94602109104773
"Morocco","MAR","Median","Under-five Mortality Rate","Total",,,,,,,,,,,,,,,,,,,,,,,,,,265.971137431966,260.444133715101,255.069310635564,250.036660170777,245.167477323048,240.263265509766,235.096653326375,229.878944269422,224.499314501872,218.834452081413,213.014260509642,207.298845597482,201.743930941116,196.556643868252,191.905877245745,187.610658239206,183.46782622735,179.293748711693,174.56861963817,169.160231915759,163.11106974741,156.480966101899,149.383698562308,142.199858813742,135.17789887808,128.240440246133,121.608236822794,115.231295739149,109.198398028481,103.494040030459,98.1943126210257,93.3373392656914,88.8529196476413,84.7764188147474,81.0632531233603,77.6136650569811,74.3308763897969,71.1421478976466,68.0846577755047,65.1502010253427,62.306395481068,59.6319940778758,57.0762062115152,54.6852993094008,52.4181424685762,50.198362765422,48.0132004531244,45.8367649470543,43.6299665506393,41.3936053247893,39.1512157788929,36.9394722100412,34.7973366704543,32.7956376619775,30.9124624339446,29.1637186459428,27.5224915689206,25.9505515437546,24.4726959746674,23.128328880512,21.8943045572518,20.819717117869,19.9208689046281,19.0733740565532,18.3278133014936,17.624524939407,16.9797877146966,16.3179754829336,15.7315030404638,15.2171788401167,14.710059500812,14.2220332952484,13.6779292816945,13.2140689226192,12.756087824819
"Morocco","MAR","Upper","Under-five Mortality Rate","Total",,,,,,,,,,,,,,,,,,,,,,,,,,312.991950635832,302.122382390152,292.249994021642,283.627906216668,275.12688472301,267.402300214257,259.889594053148,252.869752714653,245.897385380207,238.859837237226,231.769310017026,225.149624585514,218.440803784508,212.312233663133,206.892876930599,202.051094484638,197.382389183042,192.75579167182,187.899687302017,182.027693466111,175.351378729932,168.09442730288,160.244209810262,152.292235787399,144.742772169761,137.399411982386,130.210471541706,123.415637962952,116.978511539924,111.000469217065,105.509874851723,100.40460590703,95.7369392113447,91.508802196597,87.4575059400849,83.7851018459642,80.2521887153893,76.9505319957577,73.803034801882,70.8167773367224,67.946364948971,65.3440830464971,62.8099230260032,60.3507187600597,58.050802793963,55.8114470685205,53.6146810540287,51.3025727369206,48.9884601945849,46.3310333827346,43.6951720032504,41.1760948145277,38.8045121413974,36.6362101429117,34.8239739587427,33.1783020116975,31.7595274060091,30.4614892366588,29.3361856221748,28.2440446226146,27.2789190240763,26.4765987846414,25.9256518498561,25.428676402558,24.9225830643062,24.6918289174151,24.4746420040683,24.3488269367248,24.1439119541959,23.9062489927184,23.7245345847381,23.7453368598249,23.6074488428712,23.5114251286229,23.3907035697367
"Myanmar","MMR","Lower","Under-five Mortality Rate","Total",,,,,,,,,,,,,,,,,,,,,,,,,,,,,,,,,,,,,,139.007717995041,138.584263321143,137.743552276537,136.878745458316,136.184143391792,135.04857595894,133.573154687213,131.653408067628,129.891621369507,127.675791196784,125.456501795434,123.290354300063,121.309095202975,119.381828110426,117.508947892884,115.894594842752,114.362194671993,112.83568423739,111.308730054183,109.687379429524,107.950101168171,106.018655300663,104.099827054033,101.970449275112,99.7663597971406,97.3905734064206,95.0721793008121,92.8063213184326,90.5351710163356,88.2201834958803,85.9528571433561,83.7853613339882,81.521638618524,79.2403644572407,76.9137571455717,74.3495045000713,71.7493874852761,69.0994151866789,66.2819943811529,63.4227011033131,90.2757054323922,57.1565983522527,53.976891485698,50.6892865458375,47.4150186758292,44.2682398314028,41.5167781744987,38.9603390872592,36.6189599386526,34.3333311771462,32.1999264388189,30.2547509116104,28.3103336276304,26.5327357759956,24.913983670576,23.4420935271455,22.0211634256814,20.8085644861628,19.6201604097873,18.5775478058196,17.4992008747855,16.5976096320683,15.6010581752358
"Myanmar","MMR","Median","Under-five Mortality Rate","Total",,,,,,,,,,,,,,,,,,,,,,,,,,,,,,,,,,,,,,179.900773556927,176.388358920765,173.04854740697,169.614253475585,166.070901615555,162.529904576423,159.106456930212,155.510896181803,151.734196238649,148.324114296971,145.013171546693,141.749159489852,138.72752160239,135.893158921489,133.095602650146,130.501924266051,128.175651929545,126.011545564743,123.856340669666,121.71350262839,119.428755575377,117.036700918597,114.581152831108,112.063820283499,109.401224509255,106.788037908955,104.140395173817,101.476853997993,98.8402107762136,96.28036309059,93.8116692566458,91.3782765892635,88.9313742308325,86.5216727596265,84.1009479137436,81.6207012376735,79.0564405213496,76.3271076328278,73.6108211306115,70.8009604658983,101.72702118693,65.1408774402818,62.3951801362476,59.6691228843551,57.0429800255416,54.5952327119017,52.431879434223,50.4688850310306,48.654538898704,46.8172502400988,45.1982051218321,43.6082831396009,42.1474819276211,40.7712244375653,39.464874478048,38.1425186279506,36.9315379426947,35.5894322366675,34.4016140572634,33.2910516818897,32.1812054756652,31.0914230563035,30.1473036336203
"Myanmar","MMR","Upper","Under-five Mortality Rate","Total",,,,,,,,,,,,,,,,,,,,,,,,,,,,,,,,,,,,,,235.68683515211,227.015052837888,218.122752677433,211.043186997529,204.018871201719,197.049168727007,190.261649860587,183.985903912637,178.141537836907,172.972101366324,167.870136340367,163.175964877233,158.592650844144,154.588684882268,150.702122610511,147.09037370294,143.758381986048,140.891514815024,137.938886950782,135.082753452365,132.302682434651,129.336767986153,126.265437797127,123.303967095472,120.175690050809,117.111924636827,114.083493766319,111.092082989806,108.097792606871,105.370956564977,102.636699540179,100.014996536807,97.3837721487078,94.8416961515189,92.3981609384936,89.7773000347527,87.1650931070157,84.4767703147706,81.8785101576691,79.3294049722695,114.912256906144,74.4618244119362,72.2898984769668,70.1053802450275,68.1109939029762,66.1993411222421,64.6586451810892,63.509062672639,62.359783375442,61.8138694316859,61.269309890965,60.8812609093154,60.6732181245222,60.4756412276179,60.2108039007305,60.0832190979769,60.073477383997,59.6502459105401,59.5885913057165,59.6549504389044,59.4662385100852,59.0002007341235,58.3977324744851
"Nepal","NPL","Lower","Under-five Mortality Rate","Total",,,,,,,,,,,,,,,,,,,,277.467081301053,280.98816578396,283.976478295273,286.257167443667,288.245838151198,290.061457431905,291.20433712467,291.931693507157,291.654849166262,291.01254589768,289.497527312856,287.490166827135,284.176608925977,279.969564365052,275.024153285777,269.899105936831,264.673162150166,258.761369563577,253.10575259874,247.696832202569,242.563173818385,237.859850753812,233.412521237758,228.975362806868,224.500763851557,219.815880942548,214.88238317316,209.892671070913,204.365857288897,198.812841429112,192.921118353029,186.876503983749,181.072269074606,174.941618355599,168.861659160114,162.618459734708,156.152780749805,149.683013162851,143.102001772396,136.324376001871,129.574195681699,123.041344477852,116.646289267052,110.460064210068,104.473447713345,98.7902329893284,93.3655855291856,88.1289876090417,83.0771603400995,78.2559359885927,73.7364039901135,69.4154892058449,65.4351193672012,61.8550838751377,58.6493392549126,55.766166006231,53.1311648725568,50.6873457340375,48.4577780851676,46.2607014846634,44.1445283693642,42.0895394005593,40.06924704778,38.0385012783062,36.0521026306123,34.1591203199094,32.3076983515735,30.4187383764772,28.6066928081975,26.835853172809,25.1955364078467,23.6548741574066,22.2140305444013,20.8140891611286,19.5206412395342,18.2536908051781,17.0402482702111,15.9225526666489,14.9124531674656,13.9241981897484,13.040127063377
"Nepal","NPL","Median","Under-five Mortality Rate","Total",,,,,,,,,,,,,,,,,,,,343.427966143631,342.481775322066,341.642439887193,340.923549193375,340.281486965747,339.436096837431,338.374730099013,337.32044381535,335.42222919563,332.87045018127,329.469682996852,325.393824298882,320.414115607726,314.69228482688,308.213178051334,301.312822756298,294.326315580768,287.370550619608,280.609743499163,274.057066146578,267.812861840977,261.817380729211,255.976701336672,250.276279717041,244.651229958005,238.979726356421,233.255726384715,227.347186901151,221.204201714961,214.708263765853,208.080298490043,201.366703191514,194.692053793091,187.952201311288,181.2737701614,174.463508075094,167.426001540036,160.233372943651,152.976359404457,145.665971559978,138.433819309751,131.27161992227,124.335119400926,117.688610895805,111.363769543381,105.301333171479,99.5116250916092,93.9951043692089,88.6527760853203,83.556141158236,78.7357969985038,74.2922174589157,70.2135010873316,66.450884954753,63.0819418960277,60.0340148151396,57.2844055533497,54.7373479172978,52.365474114042,50.0802276642038,47.8857679427937,45.7557060756791,43.6715026457573,41.6601501636326,39.7073677659964,37.7948298224106,35.9676300611811,34.2278731836915,32.5847011658862,31.0288187359518,29.5830088876444,28.2954579257666,27.1378882997526,26.0875187818162,25.1172864419877,24.2364466958161,23.3909932036889,22.6354583558948,21.8367347590853,21.1279251509258,20.3946796531495
"Nepal","NPL","Upper","Under-five Mortality Rate","Total",,,,,,,,,,,,,,,,,,,,425.024305652462,417.292305726534,411.587278302306,406.634468967983,402.260258324555,397.994028328967,394.502149305345,390.093857885676,386.036258287463,381.337317798197,375.79046565822,369.243400781501,361.959991754557,354.088664067657,345.84993179372,336.786106101396,327.746816718957,319.144146648926,311.256756973574,303.24312083322,295.495622097311,288.07761464759,280.857648570597,273.859354267555,267.00213948165,260.255401943435,253.417692522559,246.405168532729,239.297178449624,231.824936725175,224.447198806207,216.98102525054,209.593959260116,202.292261503038,194.771713651775,187.231449059687,179.742406877576,171.913453427473,163.937619439821,155.838254213041,147.978994413357,140.236974072956,132.754109068022,125.623955829044,118.813880528741,112.389634093618,106.199606838097,100.363195768518,94.7238662588745,89.3059047737462,84.2353399361193,79.552298834451,75.1570159709192,71.2070640206959,67.6095749430681,64.3983509623103,61.4815182514262,58.8379472089473,56.4468227477063,54.1935647073092,51.9994797493796,49.8446740618116,47.6514438544424,45.6410810611013,43.6863366842804,41.9081299412495,40.1735982172593,38.5886227217729,37.1426753184551,35.8768926395657,34.7350482811439,33.850357970282,33.1275570022417,32.5951155573241,32.2781563031396,32.2044047380473,32.0490172562022,32.0558615058946,31.9703387043856,32.0244740029811,32.0917333229248
"Nicaragua","NIC","Lower","Under-five Mortality Rate","Total",,,,,,,,,,,,,,,,,,,,,,,,,139.219704072144,147.734223111496,154.470179251841,159.933080935354,163.697269724809,165.594949318807,165.819083685229,165.211898854094,163.447724011276,161.581407866925,159.69765705459,157.525650208755,156.089069809823,154.522911220298,152.658125876789,151.409086826076,149.984347348069,171.172030620393,146.275341441103,142.729282320921,137.16857826071,130.138375692179,122.451422993884,114.344371396795,106.085932233694,98.4202795691582,91.615189229451,85.403115551118,80.1135572257555,76.267385753266,73.5692944255523,71.4156973013319,69.5153466247573,67.7854725727572,65.7862703607632,62.9239511248445,59.4176168748342,55.9367930253852,52.6482406464537,49.5650427434136,46.6719247601848,43.6245215376233,40.4596696516646,44.1189420785489,35.1605903681837,33.0465701733786,31.3246715190329,29.6989815578159,28.1818487255647,26.6590246320933,25.2282376595712,23.8304338464812,22.5718808999928,21.4594514024109,20.5290293355788,19.6894333681544,19.0213125365756,18.3991408642024,17.7623689671762,17.0353880157325,16.2768470012509,15.4639286150126,14.6825649345082,14.0593772733047,13.651016735603,13.5109268647842,13.5076232194669,13.4483569881547,12.8022223793202,10.7048612242211,6.38152195275102,4.49638109562551,3.53778966110403,2.94021143990457,2.51267345738815,2.16812875854725
"Nicaragua","NIC","Median","Under-five Mortality Rate","Total",,,,,,,,,,,,,,,,,,,,,,,,,199.137643411702,197.744106266774,196.048837196622,194.700910605317,193.279586013948,191.947170915014,190.355251280792,189.017361611458,187.494813565419,185.924465059453,184.453138696112,182.849522510821,181.07342595402,178.76219261088,176.132835102083,173.512135755203,170.76800462464,193.209345166781,163.943265935592,158.81721371002,151.928660562284,144.075472548262,135.393334022542,126.253486964985,116.885980213508,108.292802312447,100.679956230537,93.8592901317347,88.0665331698614,83.6509146276472,80.5042864907433,78.0444833678689,75.8925962887723,73.9373591540942,71.6075394639043,68.6203302461678,64.9397925541591,61.1019266692402,57.4872006772916,54.1791806761561,51.1293520834141,48.0311238226646,44.9994873927939,49.3814732441067,39.4431824811845,37.1278205512503,35.2669972311579,33.7723119012009,32.4036272992166,31.0541843859882,29.692208091715,28.3790211616957,27.0756617876788,25.7678745611597,24.4877900118356,23.1692610805124,21.8909836325982,20.64086174426,19.4315607679324,18.2706796652453,17.1739093645442,16.1442485785783,15.2709997466092,14.6321452210631,14.2708931434278,14.1518972292807,14.1806466845377,14.2843874961334,13.8364655118445,11.2393903939358,8.44050758876103,6.98823025323411,6.10855337522709,5.47562804341012,4.98631588275883,4.55704504426574
"Nicaragua","NIC","Upper","Under-five Mortality Rate","Total",,,,,,,,,,,,,,,,,,,,,,,,,280.482570027236,260.696926615873,246.19877350378,235.113424805566,226.812662476871,222.326978201771,219.233106700231,217.513685267646,216.228548720904,214.622817431833,212.812559854401,211.341672480024,209.11649655121,206.166589160352,202.743039276822,198.785181199769,194.222017419452,218.601556668837,184.126428624194,177.178450113631,169.241787223427,160.035221174957,150.011381012031,139.514546135156,128.989623875114,119.162389862797,110.577368949096,103.056015828476,96.7253496544015,91.7702485648756,88.0722131815811,85.3095943495349,83.1446774857919,80.8689873171504,78.2253251577489,74.9569490293232,70.7876751571692,66.6763389894056,62.7735044672863,59.1599846947828,55.9813220755412,52.9789056218182,50.086880451477,55.3645371003105,44.3510686186671,41.7832904101584,39.8399078410498,38.4270232993301,37.1907513979564,36.0096547430342,34.8157630865967,33.6044799626151,32.273770583521,30.8100553523109,29.2591888394365,27.5544977489612,25.673199486645,23.7700909533874,21.8534963792288,20.0005760742335,18.2800709507163,16.8928656738145,15.8956495878535,15.2374366969117,14.919875100066,14.8189806202427,14.8811690621453,15.1777747305204,14.9786671495504,11.8073454075008,11.1071074980776,10.7231869919379,10.4019594058643,10.1645210714809,9.8824862683684,9.66228289207687
"Niger","NER","Lower","Under-five Mortality Rate","Total",,,,,,,,,,,,,,,,,,,,,,,,,,,,,,,,,,,,,268.397477631538,278.427012825623,286.670658693888,293.418686230022,299.237987645407,304.58808440679,308.436755332225,310.354762317049,310.346427091655,308.965020921462,305.984907252423,302.248057617288,299.653930138653,297.947960231713,298.339072670017,301.082005058333,304.974143267794,309.460835237609,313.94595360755,316.930301755413,317.853962419964,317.033611133619,314.539354990136,309.951860389722,303.666351931382,295.266660922997,285.699013096383,274.238914511974,262.255741509624,250.41115503352,239.753697663562,229.598511635374,220.024190618059,210.508965720938,200.505257242928,190.069640710514,179.095409095857,168.452734863206,158.162931836686,148.6008694804,140.43600304321,133.505053653889,127.856931717909,123.501170267094,119.992405562198,117.271146195163,115.106090614238,113.201639306357,111.350262138446,109.503602029455,107.627471978919,105.684193462949,103.17484812958,99.8124413653101,96.1872447685318,92.0610637542168,87.4210077281984,82.8560451974837,78.1192296480965,73.5050404657341,69.0555326511026,64.7846374084366,60.6403749752725,57.1407240936003
"Niger","NER","Median","Under-five Mortality Rate","Total",,,,,,,,,,,,,,,,,,,,,,,,,,,,,,,,,,,,,321.069186836538,324.773806177754,328.767839969077,332.925907047107,337.077228019701,340.886844308497,343.542619239436,344.608287834991,343.547400962134,340.775853415079,336.5587463073,331.767170815709,327.623092790332,324.950406546186,324.486449171152,326.532275520184,330.188588232905,334.492719589236,338.495676319261,341.265467733707,342.111851684342,340.976207859075,337.660008297437,332.414401066777,325.434274323511,316.67088325344,306.350049082266,294.280705808243,281.812755559638,269.445268577194,257.863792891997,247.178446068546,237.515883444232,227.854691822454,217.415198015794,205.91393703542,194.083037344006,182.358233580891,171.382919288988,161.556191816188,153.090992772177,146.018119380262,140.332968898735,136.007360557459,132.686437482036,130.254637832536,128.338868378213,126.827637261542,125.388056027332,124.283170070239,123.09803606453,121.933635455556,120.762617345605,119.518703988303,118.010016751548,115.987734788178,113.467525618226,110.720344180286,107.913878145294,104.877814039738,101.617785197832,98.3927495506541,95.6278863891662,92.6458918496262
"Niger","NER","Upper","Under-five Mortality Rate","Total",,,,,,,,,,,,,,,,,,,,,,,,,,,,,,,,,,,,,382.745735193408,378.911762430416,377.845990047045,377.747770102155,379.982778497516,381.5611108273,383.65612336267,382.564833868392,379.865925405585,375.309172836807,368.446703554569,362.169247576618,356.747702174102,353.544539539712,352.414288274579,354.266009357848,357.701360910973,361.823005180488,365.976986897081,368.500767707615,368.704371342569,367.164441260722,363.533310528999,357.768478300755,350.15678579914,341.114305975615,329.538327418583,316.596201188679,302.863512406905,289.789791504849,277.527473042583,266.356454544949,256.584748585348,246.895238690615,236.290047211972,223.850938369045,210.983916965298,197.825660035852,185.964309077389,175.595215576774,166.810929975822,159.582830189741,153.863346268171,149.576932220931,146.386781174091,144.203569995964,142.762132989385,141.800986367008,141.202779566754,140.460491276736,140.17581874537,140.056442733091,140.727547679382,141.959107674288,143.600563621573,144.876354281382,146.258692548888,147.564446682599,148.555767760819,150.151538604965,150.579771049117,151.171445477019,151.866456695106,152.309408037908
"Nigeria","NGA","Lower","Under-five Mortality Rate","Total",,,,,,,,,,,,,,,,,,,,,,,,,,,,,,,,,,276.425123117949,275.997487881036,274.344449476363,270.881075782789,362.547490015135,354.126615851671,345.183743350308,246.160977184842,238.809862836086,231.982017699615,225.053894985014,218.600976760525,212.672308368818,206.909512972811,201.664102602384,197.438884792079,194.171276233282,191.699883291815,190.630169551806,190.196047709098,190.593620860755,191.554814611354,192.442615071722,193.220466698662,193.640253967611,193.81278358852,193.517648411537,193.210556741074,192.572216945163,191.79251453099,190.714343889268,189.035080506318,186.285155606677,182.825955062881,178.32256644,172.871087861094,166.965866838768,160.601233062892,154.380720095042,148.395347580632,142.587607540735,137.319874316674,132.465696260364,128.139137465826,124.339103724174,120.948750917186,117.997407436099,115.441343269058,113.21936565293,111.496033140136,110.06583802544,109.072038053627,108.418449626548,107.942166625619,107.654692829253,107.284833736886,106.62443175723,105.446742174643,104.005749030124,101.796288011281,98.8479874283228,94.9152234166037,90.29425915872,85.6367749482962,80.9915010881352,76.261568226297,71.4913166851817
"Nigeria","NGA","Median","Under-five Mortality Rate","Total",,,,,,,,,,,,,,,,,,,,,,,,,,,,,,,,,,325.737796243354,318.802766269489,312.117715847706,305.380141682149,406.763693060872,397.166336584177,387.433102313141,276.316574421663,268.002403343197,259.760012725292,251.537947332862,243.326065346026,235.812248849221,228.771097228316,222.64702231051,217.140731072443,212.936944305764,209.723902175976,207.694947482695,206.70758770518,206.563927463665,206.905526462801,207.54129566896,208.030285022974,208.242290599913,208.016272387303,207.567765384146,206.695730082436,205.686257710033,204.562583242972,203.063729694647,200.99440632592,198.124636386362,194.265797160355,189.404739462029,183.605876045332,177.277882875689,170.544260589948,163.865363088154,157.426218431215,151.38094909268,145.840129317066,140.879342374414,136.461352502799,132.549256856828,129.223994047902,126.33990959224,123.802070265185,121.643842793423,119.932795704944,118.683497154385,117.82143672882,117.354964401929,117.174891115683,117.187172377659,117.36662959195,117.422625557429,117.555869775409,117.455259297469,116.816468972674,115.649433639974,113.946275032679,111.814568928934,109.258939326915,106.54378502089,103.760048147328,100.754782365191
"Nigeria","NGA","Upper","Under-five Mortality Rate","Total",,,,,,,,,,,,,,,,,,,,,,,,,,,,,,,,,,387.528675039406,371.562915887646,357.123789563832,345.729123829452,458.57630294817,447.538793713856,435.891202643394,310.640615978522,300.919932864142,290.67006065837,280.440553834626,270.478725971698,261.024972820895,252.378928045501,244.862838174897,238.071839352854,232.891420583835,228.828341657391,225.843904099106,224.129753354201,223.291018185676,223.267913254253,223.457743758453,223.567058697739,223.328628487746,222.790370294941,221.944692784463,220.849416157944,219.540740236372,218.089155901683,216.340210773347,214.049443966973,211.027413033407,206.845460305601,201.59080230621,195.158525639682,188.018540035572,180.82545530448,173.871874104046,167.245883803162,160.794332694898,154.930339741278,149.68385796904,145.181814343269,141.261902247224,137.735232174736,134.869040996973,132.598413539775,130.596785624806,129.016579800112,127.932521055412,127.311647505954,127.233487438225,127.448313255061,127.900985931466,128.52988218632,129.677920319559,131.052184166124,132.800081288681,134.522310670227,136.188585455153,137.623383271242,138.764264868878,139.868261203919,141.136493069353,141.919039322051,143.141217757465
"Niue","NIU","Lower","Under-five Mortality Rate","Total",,,,,,,,,,,,,105.413832638308,108.556101725107,111.305684082218,113.331704036047,114.674223447266,115.001004669317,114.496914306525,113.180123919689,110.901471954156,108.087084096987,104.6498143078,101.1142455262,97.2421029102614,92.8744423133957,88.6970408287916,84.3303745984809,80.2458819192575,76.2300483183606,72.2748647499449,68.6420159360237,65.2567159697884,61.9181772503207,58.6552964180429,55.6473494932047,52.9308142716994,50.1634745058477,47.3581154202576,44.5543327267014,41.8524285410666,39.173589377659,36.6668171225052,34.1932270780786,31.6773452914117,29.4621978196655,27.4439702383996,25.7643674878873,24.34113123319,23.1776106562103,22.2202712200425,21.4986496369284,21.0084079990248,20.7372638458557,20.6280420913525,20.7238689060368,20.8765663190925,21.0978996821542,21.3149334297291,21.5080170291135,21.7375002720801,22.0135085756386,22.3942644202158,22.721069166845,23.1472229179033,23.6795599208432,24.1951655172809,24.6670881778337,25.1026581604621,25.4721529531242,25.6821642992502,25.6694909192881,25.7465022785723,25.5064913597803,25.0927642533482,24.5330913929291,23.7556093385629,22.9619871833239,22.0398856454137,21.0092969845517,19.9258326565816,18.9413788907651,18.0210842470105,17.0078912134384,16.0362305097708,15.3215581987593,14.4358852146383,13.6472953296687,12.9446005176276,12.2543823287196,11.6484889588416,11.0219600277245,10.5029785328462,10.037598077002,9.50954007349126,9.07071294995033,8.57767615089769,8.20929769362414,7.85278893300379,7.4599826352885
"Niue","NIU","Median","Under-five Mortality Rate","Total",,,,,,,,,,,,,147.086632751762,145.571758986413,143.802796299726,141.944054255949,139.763908677965,137.755425192187,135.55674294803,132.880968523678,130.048989273842,126.899020422231,123.844264599506,120.733004569984,117.363157478188,113.721290182403,110.172026569945,106.379358512386,102.477860701344,98.4401555761619,94.1644690040976,90.0856030584354,85.8396551641617,81.7594019412817,77.4879034631324,73.3299738841223,69.1302007337257,65.1341517970537,61.2056325700937,57.3304653219525,53.5570136663851,50.0097214998358,46.4694848669067,43.0907881134791,39.8695122431289,36.8391299664435,34.0926153801291,31.6799878751182,29.6836235334791,28.1033929832938,26.872088666555,25.9636076150754,25.3405155068112,24.9460950105586,24.760480847634,24.7557176255719,24.842316068585,25.0119378555933,25.23331980185,25.4930547378992,25.8140822039788,26.249936115224,26.75711135618,27.4465644699148,28.2392218859399,29.1205310425001,30.0855079260963,31.1168744703709,32.1328456333753,33.0760467844202,33.9814333068856,34.8750773377389,35.808064048619,36.6326361042031,37.3031665222971,37.624135256298,37.4845827922938,37.1311724652948,36.570318802708,35.8941073690112,35.0474170490847,34.1570972592842,33.2982896363518,32.4509724506741,31.5136297418017,30.4906896948167,29.5956246694198,28.779790200553,27.906284988278,27.0008968468719,26.2275278061373,25.3920580447415,24.5675074514309,23.7932438152336,23.0189835224815,22.3682898396199,21.6417538747605,20.9444658261426,20.2602017208496,19.5824899176619
"Niue","NIU","Upper","Under-five Mortality Rate","Total",,,,,,,,,,,,,208.750741138154,196.762399160483,186.585388725267,177.914293396062,170.691661187316,164.530532960645,159.657162781144,155.865215176934,152.038268388436,149.382778162333,146.527161348545,143.937184742278,141.033907908346,138.729917706555,136.011996613119,133.085773094779,129.940951429135,126.389916282462,122.292421371569,117.574481767123,112.595241259747,107.560296754806,101.733744579203,95.9403084363948,90.5493178434922,85.1207031673107,79.6928711684809,74.2709656270305,69.0348465391346,64.0255730514576,59.1094774837601,54.450778333632,50.054253595811,45.879104012796,42.1804545019672,38.8004491523142,36.0276051236659,33.8445682194784,32.2425597399626,31.0145238480485,30.1946839269861,29.7031586219414,29.4698416944565,29.3399106295863,29.4197284883104,29.5829215895322,29.8446304896559,30.15487018436,30.5479587036594,31.0577641437197,31.8915199857834,32.9791380800244,34.2662202502559,35.7325802465598,37.2345810332891,38.9040467489454,40.5828510359498,42.4844753458159,44.3734924141947,46.6585276748323,49.2957713467783,52.1187805892329,54.8021440863873,57.2885915128013,58.9598607882047,60.1074668944522,60.772253845528,61.2186525717891,61.4872251822971,61.4434051518303,61.5480076211765,60.9143927496235,60.7348036948015,60.4785266040415,60.0708030112623,59.7455977955306,59.3551743253611,58.7914230207837,58.2994531789502,58.071825111007,57.2764002397267,56.6942421412336,56.1701069201117,55.1584973234133,54.7297915958711,53.709746483431,52.6461508640905,52.024003443015
"State of Palestine","PSE","Lower","Under-five Mortality Rate","Total",,,,,,,,,,,,,,,,,,,,,,,,,,,,,,,,,,,,,,,,,,,,,90.4808446288291,86.7796686975574,82.7934833635661,78.8821746066427,75.0526256268468,71.2308618475812,67.5247345854758,63.9484166209363,60.5285408838584,57.2622104034381,54.1698491438706,51.2388376348556,48.4690085520804,45.9045119667993,43.5691451619282,41.4232677550657,39.5248695080729,37.8250316174619,36.2880501221918,34.8185075169366,33.4516879290202,32.2158618799683,31.040582868976,29.9310096079305,28.8997564425646,27.9009110001379,27.0055986802883,26.1245096755459,25.2823496488823,24.4562218547215,23.6202491831103,22.7721680803754,21.9462134266314,21.0803157491529,20.227019262938,19.3635578391,18.5454572001451,17.6840812610643,16.8548944728853,18.600917023713,15.1484488479115,14.2801614405794,13.4742530760026,12.776008484554,12.0149290322163,11.3305867400009,10.668675913286,10.0650091927862,28.9966732279074,25.4698731722199,8.39062628091262,7.87427023753683,7.41629167803415,6.97463186163705,6.5523353564085,6.15850512513058
"State of Palestine","PSE","Median","Under-five Mortality Rate","Total",,,,,,,,,,,,,,,,,,,,,,,,,,,,,,,,,,,,,,,,,,,,,108.97133688744,102.475378999985,96.2669690897979,90.5024876894553,85.0677532741914,80.0929947425475,75.316262610011,70.8643319751908,66.7290498710288,62.8896400033625,59.264440579765,55.9350344003045,52.8545282333855,50.0163315292067,47.4182229326399,45.0695508341729,42.9582172927005,41.0955994917323,39.3868926180308,37.8130425412175,36.3483070531464,34.9457481419172,33.6444716892846,32.4531698513068,31.344738877576,30.3176278970398,29.3876618143492,28.5185961030207,27.6517315622561,26.8365209191703,25.9886707361063,25.1307477935314,24.3017120896586,23.4833606124836,22.6820987899015,21.8827547890631,21.1033427762678,20.3451770638041,19.6019101522127,21.9420288476544,18.1765190565332,17.5167285642352,16.873828692961,16.2546886978135,15.6908237140279,15.1558606731695,14.6478702249511,14.1493096885629,41.9289643515807,37.8539982550034,12.8040929440717,12.4011978752017,12.0253428804412,11.6558799596003,11.268702780252,10.9332613193604
"State of Palestine","PSE","Upper","Under-five Mortality Rate","Total",,,,,,,,,,,,,,,,,,,,,,,,,,,,,,,,,,,,,,,,,,,,,132.189161714271,121.943544514724,112.360679026188,104.042794915417,96.6929910690193,90.1092880240594,84.100686206213,78.6004265741182,73.5669038894509,69.0192023660708,64.8634101771858,61.022580539922,57.4469641707242,54.2916271273076,51.4302069108508,48.8483388652221,46.4948511433709,44.4372363584814,42.5479521106751,40.815601120324,39.2320488795425,37.7321705742591,36.3222437449195,35.0447847669711,33.8900424969491,32.8815934362683,31.936778386082,31.0653823463093,30.2110535635363,29.3702950355949,28.5705118321586,27.780338805372,26.9702319405664,26.2300602056914,25.4715612068655,24.8191288187625,24.1543449324373,23.5371253420301,22.9747403344057,26.1446578555955,22.073612799863,21.6932948665826,21.3250535111042,21.0081335828242,20.6572627209382,20.4231296074865,20.2164229227979,20.099826109386,61.2182966334088,56.8224276467192,19.7251402098346,19.5818741981454,19.6883799954662,19.5914572289623,19.5875523792116,19.5325539664924
"Oman","OMN","Lower","Under-five Mortality Rate","Total",,,,,,,,,,,,,,,,,,,,,,,,,,,,,293.189618027977,288.552708217672,282.186466647167,274.987730643861,267.153457377574,258.170819611044,248.738407667411,238.59331271157,227.988265061887,217.672431881187,207.794192746642,197.663521859928,187.585888497289,177.663961422293,167.9261002465,158.175305149913,148.166894182964,138.243196134692,127.644576967654,117.41823101429,107.45255550204,97.9788379470471,89.014308447515,80.3511595554594,72.2926244192241,64.932112936105,58.2022164773112,52.0544503367749,46.7036389863207,42.0366342394959,38.0011135014323,34.4069670515402,31.1903011055334,28.2485716647969,25.6375506394839,23.3333738703649,21.3149985901651,19.5417950686525,17.9760530243391,16.6148293209061,15.458358683107,14.4417298821183,13.6107523848573,12.9357481008201,12.4163598297025,12.0434535732211,11.8101851692072,11.6545036385896,11.5789317089091,11.5233228084105,11.4687612721516,11.3751689924101,11.2575702682962,11.1261358904267,11.000496215867,10.8774383415887,10.7573587405778,10.6445779280556,10.52815848866,10.3943615822727,10.2532118013392,10.0999790999631,9.96349443737717,9.78935700196789,9.57352521100328,9.28104318663667,8.93601628181793,8.56337384239839,8.12785669316269,7.66684526140135,7.23149669641262,6.7948193097495
"Oman","OMN","Median","Under-five Mortality Rate","Total",,,,,,,,,,,,,,,,,,,,,,,,,,,,,388.500312027621,370.791437630687,354.37495162746,338.979107418989,324.274485816445,309.659221018136,296.206316653068,282.804979966391,269.383811407685,256.447836697304,243.608054728606,230.969810917781,218.307084491357,206.2379566294,194.063101513301,182.233621025405,170.413849563418,158.491074082149,146.591730986463,134.952437407612,123.582168076931,112.659655678184,102.169462481032,92.1860131872182,82.7488102886393,74.1398937207158,66.399914738586,59.5482191407013,53.4751505880615,48.1647772251011,43.5190229011528,39.3595434953649,35.5820396659504,32.2292543454738,29.2152139673833,26.5825865156918,24.2952389605119,22.3300098830348,20.6015764278883,19.0952851755934,17.7412195438868,16.5391946271701,15.5030504390132,14.6223444870058,13.8971660403689,13.3118068639743,12.8534921952629,12.4949978248957,12.2299915646915,12.0284618701906,11.8684939603563,11.7223347549264,11.5736452271995,11.4254108103153,11.2940219329936,11.187050694489,11.1010835421701,11.0294697670196,10.9601313931761,10.8805697596921,10.7795532026573,10.6787327956943,10.575483578337,10.4815517124587,10.3872425692686,10.2836413383736,10.1538134014973,9.9830582655943,9.78541314786486,9.56435982372571,9.3336658015714,9.08111657580864
"Oman","OMN","Upper","Under-five Mortality Rate","Total",,,,,,,,,,,,,,,,,,,,,,,,,,,,,516.865189523922,478.520129284186,445.451295866451,417.586712439205,393.682532980204,372.39325669597,352.565923204989,333.842047045511,316.187724291514,299.729161611087,283.087965578812,267.627465857188,252.538632990174,237.783089204261,222.95250315476,208.706876834342,194.369074452684,180.62448087804,167.326267136897,154.981860965914,142.14981220938,129.744534175702,117.742741793647,106.219777787997,95.2184711714831,85.235371758748,76.3363276517863,68.5971107073293,61.7930073893913,55.6913782361985,50.331331367516,45.5198488718073,41.1148436322082,37.1177311348044,33.6573740247249,30.5913611769536,27.9405822832914,25.6326850799108,23.683151758534,21.8921259664102,20.333711990199,18.9148301858959,17.6653611893954,16.5735423947687,15.5868220827616,14.7453545921416,14.0265074873992,13.4156486385719,12.912274468832,12.5395945635114,12.2589309046675,12.0703433009076,11.885495736841,11.728302939734,11.601184286001,11.5030190511669,11.4497382575823,11.4155239316137,11.396995254659,11.3781522691103,11.3299576708679,11.27904476421,11.2332098879956,11.2083427601367,11.2685304973984,11.3845807781999,11.5616919754076,11.7264497649156,11.8543097408163,11.9551703688539,12.0767687549144,12.1464332410703
"Pakistan","PAK","Lower","Under-five Mortality Rate","Total",,,,,,,,,,,,,,,,,,,,318.182963901718,308.00226206584,298.069191121009,288.051032872176,278.602579838477,269.472192589153,260.371344495991,251.503089468893,243.15763552755,235.029242853257,227.586380742362,220.228823972354,213.075253282969,206.532403188314,200.719819896369,194.895746029551,190.052536934863,186.131127680556,182.510820129057,179.375768628786,176.491668631144,173.81705763131,171.27854710576,169.076279264828,166.825494502664,164.79244769791,163.010749002639,161.364503295644,159.884489517824,158.476052326279,156.866848187119,155.326484653025,153.602209112051,151.698800543585,149.667445962937,147.41045824256,145.169574966716,142.669039764764,140.236927784096,137.773809216595,135.190440193279,132.486993208346,129.706536914985,126.712920721422,123.560127098447,120.280482882713,116.881670911331,113.326561010381,109.858596964541,106.453663502516,103.239721011809,100.369857667837,97.8243385614488,95.5910737885126,93.5407761608776,91.6344325893597,89.6587693709503,87.6621845517477,85.6058103875598,83.5457568641277,81.3898524890214,79.0343484977644,76.5859976293342,74.1317787553283,71.6418565376985,68.9686042010094,66.3191258409712,63.5357693739494,60.6619302142126,57.8243255924082,54.9532830976919,52.2436949817212,49.5309386095904,46.706174194423,44.0175568804272,41.1975525533127,38.6107935047606,36.0600218446232,33.8358580851325,31.7123095392706,29.8163263465274
"Pakistan","PAK","Median","Under-five Mortality Rate","Total",,,,,,,,,,,,,,,,,,,,381.371805523286,365.390621622718,349.848587522159,335.321452160082,321.38172519031,308.073972222956,295.599586270163,283.74416246784,272.697486034088,262.475683803166,252.763298007816,243.549814180163,234.975381607809,226.833959925519,219.543424949824,213.051568339463,207.28381748647,202.424778105865,198.062611339597,194.262685930065,190.767360601492,187.475004553153,184.353695249299,181.521926647697,178.881835358944,176.432420272019,174.0881254268,171.931593372728,169.900312080037,167.783979361816,165.702581018741,163.613515753507,161.429691291429,159.079463435514,156.554838657453,153.936228007817,151.261697889619,148.549058591929,145.833244981233,143.144331620714,140.393157504086,137.572778652113,134.616048650309,131.538584079787,128.323225984882,124.958749970636,121.45825939735,117.940514848933,114.460192449806,111.075536403848,107.922808692138,105.050785663714,102.454132154432,100.133933081883,98.0206771941618,96.0424789121549,94.1596318212324,92.3376549549032,90.4638746596646,88.5101816099843,86.452815614819,84.2718735939087,81.9895758357195,79.6143756324305,77.1938891550664,74.7985485962059,72.4293513140003,70.1374855135958,67.9485211006529,65.8289013778319,63.7492326730984,61.7380934480454,59.7256668080768,57.8004503541492,55.9592821596922,54.2194123009296,52.4566392178787,50.6027905149734,48.9282963898084,47.2858911200139,45.8272485688487
"Pakistan","PAK","Upper","Under-five Mortality Rate","Total",,,,,,,,,,,,,,,,,,,,455.580632908414,430.364054463443,407.605968300595,387.482712394876,367.951109918221,349.968063148722,333.620279260104,318.754213456097,304.856336983331,291.621665308155,279.355757673922,268.09396462245,257.574312529787,248.054985077919,239.596345811622,232.055912523343,225.473516080881,219.640081892569,214.336429434507,209.764336704537,205.68785157929,201.788439766485,197.961558222341,194.561296800447,191.41295188428,188.491578384156,185.664923999668,183.008854016913,180.34137345404,177.926069816291,175.369508542364,172.628353333906,169.890502348615,167.032742197409,163.914340550452,160.794374881183,157.794754747585,154.728146442155,151.743968013084,148.819225692855,146.008016777519,143.061300415915,140.086038422925,136.937172711954,133.627584706225,130.140493113249,126.522154655695,122.890746865699,119.255968774775,115.786437697717,112.617194394371,109.74359888452,107.045078066546,104.740038130774,102.610935634548,100.747680438256,99.0727932962448,97.4436147455536,95.806529277264,94.0014203593742,92.1135819785785,90.0579767972117,87.9683468851056,85.7386931120972,83.5066838252766,81.4193535537154,79.4336222859898,77.6300719890501,76.0087462297011,74.6256173536885,73.2663317247251,72.1319345985585,71.2197541941921,70.7550942551483,70.3604618446783,70.1879912663026,70.2511190392934,70.4059067364199,70.4873004415762,70.4813524035048,70.4355761336118
"Palau","PLW","Lower","Under-five Mortality Rate","Total",,,,,,,,,,,,,,,,,,,,,,,,,,,,,,,,,,,53.6607606862683,55.3169274828921,56.6918688454062,57.4692578352298,57.8579521447746,57.4696065966325,56.0077874912536,54.040243434909,51.5557443209491,48.8490721860662,46.2434923358023,43.7543687442352,41.4357909424703,39.4025906814238,37.6230069553256,36.0846432059867,34.8848499647108,33.8565539125341,32.9652166381085,32.3320044156095,31.8062983187654,31.5155847957346,31.2099800180953,31.0159813096804,30.7814656967822,30.5482594977025,30.1854287763512,29.670533254392,29.0071410174664,28.2781525998001,27.4172359234708,26.4699390905648,25.5829270621427,24.6548114397557,23.7555559445281,22.827252039913,21.9922891389817,21.1458975556224,20.2569607972936,19.3541312164548,18.5197201124891,17.6725360265616,16.8628291341867,16.1113915735885,15.4521416670488,14.8909512447603,14.4096191564792,13.9876451615137,13.6128180069601,13.1531888633086,12.8253488904134,12.4771613682169,11.953351669493,11.4892525620025,11.0372149977896,10.5461988930814,10.0401725239491,9.7402964849681,9.3743045152854,9.03688547959753,8.6293466068976,8.22562452047399,7.8532245129621,7.43458590457346,7.13428582387043,6.8438089235711
"Palau","PLW","Median","Under-five Mortality Rate","Total",,,,,,,,,,,,,,,,,,,,,,,,,,,,,,,,,,,97.0077777611385,93.8911279141519,90.5659234068186,87.3581187265663,84.0637063320984,80.552233820792,76.7597135305926,72.776470915594,68.7251693157966,64.6206640511607,60.7445095188294,57.1247970212314,53.8369923678991,50.962435702487,48.4277275155993,46.2280627027863,44.3291882231519,42.7033955597169,41.2856658294326,40.0256576880737,38.96893343152,38.1039039332919,37.3145734602502,36.6532885764002,36.0582718184269,35.4526167796129,34.8457470997034,34.1048284433519,33.3044794808973,32.3939526766323,31.4645515910874,30.4538277611801,29.4716145765101,28.4563925680275,27.4664340546354,26.4747013843579,25.5234071654976,24.5995026452731,23.7095286384527,22.8646144737876,22.0667164119471,21.3160235342556,20.6426463899911,20.0964687189009,19.7211087109237,19.5227422733574,19.50295437167,19.6938290537539,20.1007171536731,20.6290639436192,21.2659500368636,21.9350252015499,22.5481658258595,22.8777024319604,23.0103351917927,22.948335999041,22.7261609529875,22.4186853568297,21.9303858381587,21.4256952122423,20.8223109025144,20.2241801033789,19.5984490699656,19.0387090210054,18.4367531707983,17.9127927559883
"Palau","PLW","Upper","Under-five Mortality Rate","Total",,,,,,,,,,,,,,,,,,,,,,,,,,,,,,,,,,,153.946510738031,142.147837461869,132.015976288445,123.159797448132,115.622348777391,108.702876614125,102.392999998744,96.2273481005054,90.2205933937332,84.5253193079625,78.912990602476,73.9982590990267,69.5627777860486,65.7469371142939,62.3484275670768,59.1899873091735,56.5196503448282,54.0571907965622,51.6326937960856,49.5958678420207,47.6770164776962,46.0984445788955,44.5959753711659,43.3063830439392,42.1342324561732,41.0423974078017,40.0685697498513,39.0716271051184,38.1088840299029,37.0490488227954,36.0235280541194,34.9569168387966,33.8785047161881,32.8222902202859,31.7584332569194,30.7238361904736,29.6864702563385,28.7676057127821,27.8824131523007,27.0938602851272,26.3162350486109,25.6317880910961,25.0450388778885,24.679239686885,24.4536784344567,24.5094924148999,24.9703520907148,25.6077917751423,26.5056503482627,27.6922222538437,29.0934107550892,30.7606191815289,32.4026749281522,33.6992468643913,34.7582650218129,35.3414455954925,35.8221234368858,36.0339095880971,36.1452556322969,36.3598329116151,36.3013529220691,36.2001636530935,35.9949899164753,35.7530009205026,35.3153971192873,35.1400912323165
"Panama","PAN","Lower","Under-five Mortality Rate","Total",,,,,,,,,,,,,,,,,,,,,96.8168949549623,96.3843828270746,95.3415611175676,94.0430379923752,92.2518752377786,90.5155208955941,88.7023213165635,86.8250850672859,85.0354232941859,83.0502043430551,80.9641374783081,78.9259652183715,76.7479209387436,74.646161806132,72.7651437673597,70.8178120459511,68.9302768648706,66.950488271963,64.5930608786308,61.7944276553094,58.7009742926346,55.467152194794,52.3246487505147,49.3901666591003,46.9491589063557,44.8891243493001,43.1118604153631,41.5986817608535,40.2401127785108,38.8028714648632,37.3092476590823,35.7823873823512,34.2336394483204,32.773621134583,31.4150118792636,30.1313524111635,29.046900119489,28.1007739112554,27.2229497012419,26.4616710873932,25.813656130071,25.3007028292544,24.8731517406469,24.571697201782,24.3064786796507,24.0742869156247,23.8231614923656,23.5157217071574,23.0569344323106,22.4562691234369,21.776282205913,21.0263769301383,20.2769945743984,19.5297984381411,18.8992926030204,18.3143877692735,17.8458381665646,17.396436188001,17.0560260067673,16.8058265373732,16.6275978163416,16.5458844341895,16.5225405296067,16.5491518627397,16.5995824378786,16.5625874664268,16.3377313574703,15.9540964824065,15.5028276408417,15.0994891692344,14.8152993751731,14.6706832833918,14.5997136678637,14.4473647957818,14.0844995505268,13.5124989281052,12.8256514435964,12.1109478687607,11.3796379115233,10.6376806447887
"Panama","PAN","Median","Under-five Mortality Rate","Total",,,,,,,,,,,,,,,,,,,,,121.614761909893,117.967581079943,114.464822187971,111.14530142053,108.033102266825,104.899575099342,102.055458221751,99.3074273678594,96.6222889452707,93.8621651641587,91.2534637917325,88.6662584873547,86.1473186038756,83.7625342734847,81.4496070777264,79.1932153528223,76.9505864843885,74.5472534271503,71.783767834705,68.6241539855733,65.1093439487699,61.5047508654592,57.9579919599839,54.7342020437138,52.0057069890538,49.7743603385873,47.9476152987116,46.4272107520375,45.0288217158352,43.6311364841065,42.1776924785956,40.6299253704231,39.0526924831598,37.4492294563238,35.9717155726681,34.6233122928443,33.3853373114223,32.2702660893176,31.2622020007589,30.3905941146683,29.6867344552946,29.0944876147022,28.6708962168812,28.3193363510653,28.0355370187871,27.7266834389445,27.3576923730011,26.9137484517509,26.3599158249437,25.7140233434347,24.9818007060229,24.2011182951406,23.4236720179647,22.6276007256624,21.8720339972127,21.1532638449873,20.4697671195656,19.8417021550267,19.2404331608355,18.7125127794857,18.2506374474112,17.8652449486829,17.5429130648137,17.3069153245394,17.1354281917449,16.9615542799834,16.6963544992153,16.3047829398464,15.8657240748044,15.4663676227375,15.1799892613482,15.0739850320453,15.147220302879,15.2765687781394,15.3007722388057,15.209551965618,15.0058502341088,14.7458232044396,14.4258401233581,14.0937990347733
"Panama","PAN","Upper","Under-five Mortality Rate","Total",,,,,,,,,,,,,,,,,,,,,152.165388153498,143.658051082455,136.407365647407,130.495663602648,125.221592942711,120.378561990572,115.927124762909,111.94393589347,108.101106400472,104.864494104225,101.529420252609,98.531608114809,95.6782456618636,92.8564456583072,90.2183639228555,87.7702435637671,85.0678116283038,82.2361989185873,79.093069515482,75.6959896748264,71.9782272544847,68.0705882911578,64.3076653906289,60.9121034569734,58.041226465622,55.7170523992113,53.8453536498231,52.2820823504748,50.7994562508307,49.3076014005552,47.7654508933689,46.1961096636158,44.4046381197187,42.6798049196216,40.9710770524991,39.3946662657679,37.9028655593592,36.4430621828288,35.2079483412648,34.2055585345116,33.4217074824072,32.763212338385,32.3180166693157,31.9046885161368,31.5488738308158,31.1854610771747,30.6923806232583,30.1283388176182,29.5670648124274,28.8910639637355,28.2192200175373,27.5865166283085,26.8722229816825,26.0732929026473,25.2371133783461,24.4065006992225,23.5626829508275,22.7180596913865,21.806910625908,20.9053672778215,20.0867760166881,19.3421747149645,18.6859784608434,18.1390777031417,17.7136251102998,17.386057385609,17.0641158255853,16.6542151792298,16.2299366649082,15.8208668683201,15.5377602154943,15.4917269481356,15.7316996095958,16.1776402962021,16.6324096879649,17.1181019139978,17.553182841087,17.9580672997092,18.3222509836179,18.5749305497362
"Papua New Guinea","PNG","Lower","Under-five Mortality Rate","Total",,,,,,,,,,,,,,,,,,222.635347941792,221.588931598099,220.345092846013,241.250093247019,215.576798770241,212.770886135574,209.03508320353,205.090550667135,200.611041945382,196.018656252453,190.943393655147,185.801638518344,180.357675694657,174.73880562422,169.109851374565,163.660767558641,157.989849345317,152.569569153152,146.97150703367,141.503780820216,136.204615692975,131.49612511296,126.707831134108,122.506618016132,118.229670173037,114.20962681633,110.463778671742,106.906936766717,103.628120765295,100.71194561923,97.9619975133524,95.3463553602644,93.0076268910436,90.8722332994828,88.7793376018405,86.9991982942077,85.3912173782546,83.8700387823293,82.3470282826475,81.0314161525247,79.5950384534227,78.207823062075,76.8108530258907,75.3547026212342,74.0378957681657,72.7697966572467,71.4962112717798,70.2160421017796,68.9868041768661,76.7571882446633,66.5709857118013,65.4351665936552,64.2868079732034,63.0479928477818,61.6861832045194,60.3889512867818,58.9631546972565,57.6126739173293,56.1530471841996,54.6194448268632,53.0679322493557,51.4082767062313,49.7943496385728,47.9624361030218,46.0924416015383,44.3043279922514,42.4354343945674,44.7926325631642,38.6890752872128,36.6513278776248,34.6726448964618,32.7238273705944,30.9074296257035,29.1632575744247,27.4534675079727,25.7389041296217,24.1725782657105,22.7434952291458,21.4123286950218,20.0254922828673,18.8561597807021,17.8052787622421,16.7761792242871
"Papua New Guinea","PNG","Median","Under-five Mortality Rate","Total",,,,,,,,,,,,,,,,,,279.581310917376,271.881817961637,264.32510052877,284.201965305622,249.926774869751,243.124195221179,236.336315207302,229.733746635836,223.200149123669,216.858826937607,210.687331122681,204.468449529275,198.407291500092,192.422526220012,186.442775768153,180.600515578656,174.89057501938,169.237042278982,163.765286052498,158.391643304746,153.187486934415,148.032013273556,143.074456330959,138.304240080514,133.835634811655,129.45768660401,125.399619962275,121.471466001505,117.830587784836,114.356940962615,111.157266082465,108.148858431273,105.399285361406,102.738632427985,100.225007258906,97.8935398777065,95.7313784899808,93.694923152586,91.7663799941429,89.9990896178682,88.2686181368308,86.6256558960638,84.9858215716589,83.3954925003098,81.8411751721547,80.3911299979595,78.9959170006774,77.7227377992316,76.4875278417654,85.2751798309496,74.1520307047479,73.0535533044081,71.9523196799765,70.8155237182351,69.6071128982593,68.4365545643,67.222743670334,65.9034707105681,64.5595228819661,63.2084937491219,61.7798862613256,60.3390092807374,58.8957264264214,57.4938788493116,56.0810390003025,54.6988471742852,53.2853155629758,57.3097015278641,50.4156291379291,48.9082990569492,47.546550886184,46.1153872181952,44.6648513761214,43.2460001472266,41.86214081069,40.6125906571965,39.3832731046792,38.1677410992689,36.8881228252531,35.6061659915093,34.4368023078794,33.3489027309265,32.2696005134776
"Papua New Guinea","PNG","Upper","Under-five Mortality Rate","Total",,,,,,,,,,,,,,,,,,348.880442171708,332.304607128498,316.719350580824,333.967361971182,289.003663053746,277.331189821601,266.387319246561,256.520411772009,247.984437150683,239.989985499634,232.596766404766,226.123417233295,219.922957400035,214.147950832763,208.053687215258,202.299316807171,196.247010071529,190.215987324559,184.104665678023,177.98229512626,172.014615792092,166.239418933154,160.654670171234,154.744816231224,149.335802559244,144.43922802845,139.96388854803,135.649941047017,131.551061308046,127.775377052258,124.223792878118,120.7533618702,117.562251801361,114.514438759407,111.602904348333,108.848678834187,106.233050948713,103.890072083452,101.706731495632,99.6329525107062,97.6572611801018,95.8714984521838,94.0483458901578,92.239969465633,90.5916798121038,89.001232128896,87.6145541955476,86.2269773340376,85.0030186756892,94.9859612360361,82.8825263962242,81.951494902732,80.9909801000227,79.9888197110355,79.0222444782131,78.0705183512564,76.9901616353002,75.8556543099117,74.8082328756255,73.5614772763906,72.1750693533768,70.9756917787428,69.9617412281951,69.0282920029823,68.2510247648724,67.5152340608466,66.7121937391879,72.6970135441626,65.067194075235,64.5046766168304,63.8613528835349,63.4238238770551,63.2173087689025,63.3173193013415,63.5005683404994,63.0755913479521,62.9860387431169,62.9175856227195,62.7916020165845,62.4260087361842,61.9708737388814,61.5136208014455,61.2407137587595
"Paraguay","PRY","Lower","Under-five Mortality Rate","Total",,,,,,,,,,,,,,,,,,,,,,,,,,71.4979794697492,72.1261278427192,72.529924130328,72.9197979507018,73.05468921284,73.0142059675841,73.0511301165031,72.9705502650387,72.9351972301972,72.8762360642792,72.7981456974201,72.6138345847119,72.2994965612561,71.8699468257134,71.3654912403686,70.7142323427521,69.8471060962454,68.836631765695,67.668979756708,66.4742001373254,65.1890103548599,63.8057534611666,62.3281291788414,60.7941565571011,59.1731782652428,57.4415226172642,55.5650506520749,53.6304613078558,51.783691780089,49.8624938747974,47.9401739909762,46.118270230251,44.3028736273898,42.5078605925738,40.7891171436783,39.1035677094561,37.4567487477655,35.8783790411606,34.4965810919667,33.2255041062441,32.049598681586,31.0135723730576,29.9731568005876,28.937761717693,27.9189975990862,26.7615947245123,25.6127266318441,24.3890263047128,23.1189325778802,21.9524819887094,20.8672237785549,19.8321340313447,18.7988072294149,17.8711822072201,16.9483574258479,16.0065845536578,15.1030513802515,14.2972026805526,13.5015723038563,12.7364197861498,12.0326810512558,11.4119266880564,10.7502591245264,10.0524534282543,9.54180478646695,9.00705821575087,8.5044682437831,8.03188449666754,7.56771607991083,7.17889214597113,6.80914214802784,6.43584177254499,6.10721898492153,5.80391188796149,5.48466374376657
"Paraguay","PRY","Median","Under-five Mortality Rate","Total",,,,,,,,,,,,,,,,,,,,,,,,,,86.451860630969,85.4027586197827,84.4957975944164,83.6826133353149,82.8372178420582,82.0766468174286,81.4429967100127,80.886835365073,80.4135792079111,80.0264136483358,79.6826037735324,79.3713553532789,78.9416629440269,78.4441498491736,77.9054257246145,77.2629823851489,76.4284378228452,75.482407633053,74.3644542445972,73.1496780375067,71.7858713587364,70.322242937448,68.7082455679387,66.9723028520802,65.1323335614249,63.1922748863377,61.1402017635703,59.0747848127355,57.0286927906711,54.9488651128168,52.9653581001581,51.0518102267959,49.182683373541,47.3473591519826,45.6056444862842,43.9260622873022,42.3714400260437,40.9121670778696,39.5539562376848,38.3729914626334,37.2789400065325,36.2574036725056,35.3492263608322,34.4921946232475,33.6457209029782,32.8164433769826,32.0046169648688,31.2513736653324,30.509827732828,29.7312534285847,28.9479464378662,28.1592666980785,27.3304100045915,26.5133818380287,25.7179332193451,24.9410900189387,24.1655450964486,23.4277484333533,22.7108813624166,21.9143073374344,21.1785961583795,20.5292357143482,19.8515735343629,19.2394628983753,18.6133903342514,18.0288866233421,17.4531635692068,16.8605722249959,16.308197917639,15.7902415923233,15.3275647778078,14.8305728352013,14.3520132631214,13.8584893577454,13.4003258234095
"Paraguay","PRY","Upper","Under-five Mortality Rate","Total",,,,,,,,,,,,,,,,,,,,,,,,,,104.185805165744,100.61969144344,97.6279292900517,95.1955943467334,93.1592356948236,91.503154170468,90.1195490403481,89.0749876454128,88.2727591666752,87.6666244583605,87.091239409172,86.6170337934712,86.2281452750715,85.7678435236527,85.1787022516866,84.5148219955195,83.7753662920078,82.7314121442665,81.6284531947053,80.4284464774108,79.055852791446,77.5604357802906,75.9476712153193,73.9878204734434,71.9780895124551,69.7820565398361,67.4953595566234,65.1695980696463,62.9391584049779,60.64351082915,58.5088050062757,56.4985504697092,54.5398268096522,52.641221251482,50.8366894910841,49.1791013642628,47.6428157924648,46.2917133246494,45.1104797549784,43.9672010443277,43.0112180425796,42.1916841231516,41.5540889054276,40.9886940439492,40.5358602155344,40.1275724853455,40.0070727510694,39.9675172858242,39.9176233519296,40.0343895840132,40.0700269845602,40.0867991006889,39.8169901823742,39.5969180768345,39.2203708947104,38.9089910385603,38.6966207362823,38.5704286432282,38.5255765597157,38.2507512589417,38.1229171006913,37.9326379758442,37.5872478527481,37.4347078702067,37.2716785281564,37.1265325724992,36.6251011927177,36.2730913515534,35.9924077649424,35.6761679715083,35.0039537169502,34.5700526973948,34.0898029251192,33.7261812865018,33.3683835647528
"Peru","PER","Lower","Under-five Mortality Rate","Total",,,,,,,,,,,,,,,,,,,,,,262.999042350267,256.148493654805,248.876843300369,240.684814646985,233.301338865038,226.85463180342,221.151838263263,216.04205929895,211.087990729341,206.271522610303,200.905045261101,195.152481942344,189.302649153969,183.262530150458,177.205220712401,171.675869954276,166.23465339033,161.308963809804,187.343486942088,152.388766880091,147.963099216233,143.682082192343,139.392157712681,135.230894854186,131.764983177156,128.642955759779,125.801441653351,123.098750429889,120.363123355756,117.343459287578,113.83350017438,109.707668540146,105.127313500256,100.135807252863,94.9556455600079,89.7888339802175,84.894417740761,80.5109093648109,76.3192907180487,72.067455954712,67.7958975719109,63.4255710457847,59.0809751244416,54.7884115806681,50.5386427330037,46.4977389549619,42.7365716603156,39.2131026705231,36.0193443331049,33.1695838128995,30.6412591056453,28.4565954241645,26.5875771652808,24.9520684710971,23.4556954684139,22.1524682256348,20.9572350180095,19.8645502466405,18.8610804186297,17.9388118429136,17.1246394754576,16.4246193584912,15.7936462817051,15.1854711844406,14.5735718515138,13.9685830297298,13.3593051804951,12.7380014779897,12.1183648500507,11.5137758267906,10.9150601333438,10.306777721926,9.72471947767686,9.12046170011996,8.54641973745342,8.05247088730403,7.52773874815269,7.0393703301823,6.58592140138489
"Peru","PER","Median","Under-five Mortality Rate","Total",,,,,,,,,,,,,,,,,,,,,,310.13110050771,296.804537030862,283.920645623236,271.626303874603,261.144618643574,252.040242914954,244.369588162017,237.483254887816,231.093423854657,224.611799009901,217.855182514951,210.787531235829,203.639132181672,196.596636331128,189.880361329992,183.602109764747,177.869139433881,172.513571993436,200.130785576066,162.44697601871,157.564252571373,152.799737715742,148.060008044707,143.624926177511,139.817430773455,136.322917145742,133.243957412042,130.347167946932,127.320000785867,124.057470415828,120.309168173687,116.000057858678,111.066142918369,105.707106152602,100.200777188129,94.7952891003566,89.7103907309349,85.074808321949,80.6307130550268,76.2224611739436,71.7819963980369,67.2620459983989,62.663319516012,58.0729267743393,53.5936025387258,49.3336099625397,45.3355348200542,41.6588190321863,38.3085395048271,35.3246893558561,32.6886233612638,30.3848625250859,28.3647172018174,26.600976254254,25.0151339285292,23.5925747467195,22.3321516046246,21.2047164678492,20.1857323889749,19.2716576192565,18.4724852721355,17.7742324256015,17.1630347693042,16.6196733456284,16.1385374661859,15.709854393641,15.2997853975851,14.897572265785,14.511804450558,14.1163074667332,13.7159997995175,13.3018913490395,12.9047620422438,12.4806139315239,12.0859776450241,11.689352568337,11.3372668236033,10.9737392330219,10.6436178455391
"Peru","PER","Upper","Under-five Mortality Rate","Total",,,,,,,,,,,,,,,,,,,,,,365.344889811933,342.393777893367,322.344348426912,306.000876672352,292.324532391921,280.360967441019,270.279566518878,260.9234529145,252.30740170568,244.020955570625,235.619914590639,227.1495118054,218.750811541545,210.807964726778,203.223034814765,196.306300093097,189.959321229249,184.01930946768,213.470910486792,172.970547332345,167.674439764613,162.384915241238,157.237267977064,152.496840145173,148.180779056349,144.4257019228,141.163049344865,138.090755817556,134.867806748671,131.366806034522,127.412509092781,122.738578270341,117.557318216843,111.934560567947,106.116155409681,100.32949661494,94.9792326117179,89.9664331710116,85.2833827695244,80.7191580027819,76.0744968181752,71.3216660612142,66.4766402866217,61.6304844824717,56.8668969885032,52.2576585227354,48.0013753925851,44.142240501305,40.6506449573936,37.5499754802028,34.7866723903436,32.3758654949822,30.240013310787,28.3447327529799,26.6551289562798,25.1609289922063,23.8249251719415,22.6275622566906,21.5768001714608,20.6442855241956,19.858535637183,19.1935480781682,18.6313140235193,18.2029521216675,17.8945812865731,17.7122599624419,17.6099876166298,17.6347947588003,17.6816554044311,17.6952640490744,17.6801256895075,17.6853716671896,17.6470996805871,17.6778766353382,17.632124164516,17.5480777201098,17.4984432888487,17.416449365925,17.4061734086567
"Philippines","PHL","Lower","Under-five Mortality Rate","Total",,,,,,,,,,,,,,,,,,,,,,,109.862766473474,107.42633667111,104.658242082578,101.629727522305,98.4676175174713,95.164925128954,92.1667571222683,89.4280415630225,87.1587349288977,85.2587452142484,83.6037946719454,82.119468558405,80.7723558535519,79.330471605769,78.0394467380427,76.8816712967738,75.8808737834845,75.1745509044254,74.7971010766597,74.7758140644123,74.7712137839704,74.7901973619691,74.8546966401747,74.7857833565192,74.7048261335072,74.2953835521702,73.6634869019378,72.8372445379599,71.9431531366713,70.9742357625964,69.8098453935169,68.4327556860082,66.4994724102728,64.1625511195556,61.3865301538204,58.3277226017904,55.1178076272759,51.8766856463528,48.8620244059628,46.0971538052324,43.6834144056415,41.598167520877,39.7906229579365,38.2412707196576,36.9619219869794,35.8692178595291,34.9441531880708,34.0547615835876,33.2888387461799,32.5488533570079,31.7383234215329,30.9506929344467,30.1773704813284,29.4342759758775,28.7642166816173,28.1009209652085,27.4842658053923,26.8923942764642,26.3824413828239,25.8660135401018,25.395978823475,25.0188949024445,24.774986748242,24.5100958339598,24.2065912669104,23.8869488662517,23.4940023944559,22.9051413780488,22.2264502736028,21.3664433544868,20.4294260779766,19.4044049190599,18.2850078434122,17.2802642281506,16.2513090056761,15.3054172029571,14.4298624336555,13.6487742075401
"Philippines","PHL","Median","Under-five Mortality Rate","Total",,,,,,,,,,,,,,,,,,,,,,,136.06038208801,130.384673831298,125.209281871992,120.166081254619,115.436143069372,110.900974800188,106.624415270793,102.902200151423,99.6820523742791,96.8707397561386,94.5263570560561,92.4892417300364,90.6114120951329,88.7912202841156,87.1259793894707,85.5111320860585,84.2284547333108,83.1874949120589,82.4793703915966,82.1204903338741,81.910667487279,81.8185133384092,81.8179849494031,81.6114212858016,81.2668883599347,80.7508014795262,79.9862966853471,79.1142761023641,78.0881128795658,76.9127620525217,75.5616048662491,73.9846444308649,71.9358305894505,69.4086866843949,66.3700319116536,62.9409394290014,59.337980999377,55.8029021371545,52.5558378543527,49.6715675466586,47.1108760674422,44.8857496506072,42.9564980256996,41.300568030789,39.8859737889573,38.6806021458869,37.6812330840191,36.7943902365696,35.9880329465787,35.19829692284,34.4028142418424,33.5971927464499,32.8000284468132,32.0434235818371,31.3237782590767,30.6572261133594,30.0553377418489,29.5228906444367,29.0097059773339,28.5855838599192,28.2516504162929,28.0113401621251,27.8578776138135,27.8014164082716,27.8259170505665,27.9481718557534,28.0402580626031,28.0463306660391,27.8503428219552,27.4593520330919,26.9815487478835,26.4555976778758,25.8548390330298,25.2132783706077,24.5083615939716,23.8149760252168,23.1521460748726,22.4681671137584
"Philippines","PHL","Upper","Under-five Mortality Rate","Total",,,,,,,,,,,,,,,,,,,,,,,168.876705447177,158.512602597888,149.595727934025,141.954535182949,135.127982098248,129.018749800494,123.33930210282,118.328625496016,113.852367109573,110.187052291564,107.06560996632,104.097792746232,101.523362159344,99.0448321580292,96.8111225458058,94.9790676972848,93.2890235763975,91.8930581391294,90.8742931276061,90.1116993885922,89.7065799795806,89.3663949103664,88.9877413706267,88.6719762208064,88.0809261490511,87.4640195733861,86.5843187758729,85.675687638069,84.4973283600052,83.2131333065915,81.7050276028252,80.0255524732921,77.9256954240579,75.1953483951981,71.7971272349898,68.0576700151855,63.9758857046223,60.1438914280097,56.668313415668,53.5811031672172,50.8614376704207,48.4574937075485,46.3899154850864,44.5720102225726,43.0619179331041,41.7475757524742,40.6738272338848,39.7218751924697,38.8882131893682,38.0829985514965,37.287571237806,36.4764725770429,35.6418326492325,34.8647602151945,34.1666869610341,33.5198448761867,32.9506945062485,32.4651556998416,32.0493761922512,31.6949854691876,31.4350535974145,31.3010342258819,31.3974265460314,31.6610775491967,32.0953046393566,32.8187364071013,33.7347454827164,34.6633611332857,35.4316814975507,36.022592370861,36.4078892316242,36.4940533331781,36.8877707774745,37.0095600526283,37.1668505154247,37.1214434702839,37.1571502418728,37.3063273036304
"Qatar","QAT","Lower","Under-five Mortality Rate","Total",,,,,,,,,,,,,,,,,,,,,,,,,,,,,,,,,,,,,,,52.8117729131858,50.6576686581864,48.2999810660619,45.7362285688623,43.3787439997309,40.9737159087875,38.8170588157116,36.7191964192122,34.8090411099125,32.993675087052,31.5037944696908,30.137952467791,28.8579766441519,27.7211931903835,26.6357276443097,25.6350591502488,24.640521220641,23.6346388712426,22.6385301081967,21.616873333421,20.5858805389034,19.5225354257095,18.4201655656034,17.3146828382387,16.2884415191306,15.3618296964996,14.540640821634,13.8726644017757,13.309295405577,12.8089970316508,12.3319217462675,11.8682349681999,11.4329074405542,11.015962820764,10.627603365459,10.2544691928684,9.91666037368821,9.61709873264646,9.34365572243926,9.10428697021308,8.88703219860814,8.68575798063588,8.48445361521053,8.27063128038619,8.02748904215047,7.75570656583257,7.45589194939059,7.13290754765764,6.80971988245204,6.50715930939265,6.24845179018411,6.03839386609555,5.87716057303979,5.73793747903916,5.5948297258313,5.4259544561168,5.23044250496007,4.99394413961897,4.71549471889773,4.44689503944346,4.19609242298652,3.92926862597435
"Qatar","QAT","Median","Under-five Mortality Rate","Total",,,,,,,,,,,,,,,,,,,,,,,,,,,,,,,,,,,,,,,70.333606538908,65.7176492572535,61.4149606615794,57.4130199003101,53.7610276545938,50.464706686514,47.4487836832866,44.6711059786998,42.1732975388054,39.9242015981629,37.9168582261672,36.0996619283262,34.3982409852763,32.7997522206893,31.2560168194126,29.7130038558799,28.2297000848946,26.7231816278558,25.2200278041258,23.7134596811788,22.2558185879842,20.8154201257875,19.4682217312755,18.210064561694,17.0852804452403,16.1057796101771,15.2693843565391,14.5706156473536,13.9765107924558,13.4373935746571,12.9431051043734,12.4726015663401,12.0137473838595,11.5774622061025,11.1663708200354,10.7851764472495,10.4353548227844,10.1150369597716,9.82733480007446,9.56645966944241,9.32806826219823,9.10414723980422,8.882279252588,8.65006767317992,8.39185103237862,8.10617938244528,7.79057661463913,7.4570650096047,7.12496295325205,6.821030374704,6.55546865954646,6.33850786389295,6.17631365322213,6.05708422986804,5.96664460195822,5.88542766737099,5.80329242035282,5.6974977609138,5.57647125520594,5.44726621609058,5.30085345951355,5.16011590663128
"Qatar","QAT","Upper","Under-five Mortality Rate","Total",,,,,,,,,,,,,,,,,,,,,,,,,,,,,,,,,,,,,,,92.4649699909699,84.4813188622779,77.5123583202792,71.6290684080524,66.5891471368028,62.1879629758589,58.1683915649887,54.6352276585777,51.4151799355407,48.6384320888967,45.9828717396777,43.4628068894523,41.0842342835634,38.7836205098042,36.6512881843283,34.553006065987,32.4356614044352,30.2266232908285,28.09756136017,26.0459638678527,24.0505990154272,22.2076666704852,20.5673986135339,19.1499466442854,17.9445159671366,16.904198863776,16.0495193184224,15.316749651603,14.6952935487754,14.1360352000665,13.6096182940639,13.1149131113684,12.6232007817211,12.1681929262537,11.7356148484011,11.344451933304,10.9805040531549,10.6366469070645,10.3222716529786,10.0414339503063,9.78046747430658,9.5447016063924,9.29619700442129,9.05367015112515,8.78194772481724,8.46837570788867,8.14119479903023,7.79616366734471,7.45313738362069,7.13880560464155,6.86549771451643,6.64821188961072,6.48671165878116,6.38593982685654,6.35376828228539,6.38435097249117,6.44414046698437,6.49575409514024,6.57853303890023,6.66981577476533,6.72481147482611,6.77392433570067
"Korea Rep","KOR","Lower","Under-five Mortality Rate","Total",,,,,,,,,,,,,,,,,,,,306.201727782959,263.915274223507,227.059924993014,195.891696588878,170.027615208521,149.815055345448,134.203944078844,122.336962016131,113.467491267416,106.699254135276,101.280275340461,96.8713021442403,92.6958677685194,88.4863533537657,84.1716486323393,79.8200336123595,75.1237902528594,70.3985616422339,65.6870207991884,61.2418576667128,57.2082630520476,53.6432466146464,50.5579308445932,47.9745226820734,45.7887125768611,43.8125561487711,41.9191774626127,40.0958727136564,38.241037553989,36.2917477559256,34.2428473028003,32.0511828474917,29.8307034894889,27.5748869747142,25.3868297316613,23.2578427081468,21.2233101617147,19.3688826799563,17.701652711923,16.2079973247236,14.8569327291998,13.6724602296319,12.6199343846583,11.6541044324388,10.7713899475777,9.99220422324945,9.2968678385097,8.68475051063072,8.15038640406832,7.69133718001458,7.31651667786692,6.97532297143532,6.62733845222048,6.25823841798617,5.86424490146068,5.46812243548766,5.08294447712622,4.73901702542869,4.45797315025415,4.22740339078,4.04813801326376,3.90362196206412,3.77565122122379,3.65743168912292,3.54469356252112,3.44183931214571,3.34211703230037,3.24542517810641,3.15324350955992,3.06216398295265,2.97615018252238,2.89648283202036,2.81280659597836,2.72254980990219,2.61878794088115,2.49235410524871,2.35149227505269,2.21132213699165,2.06984419777399,1.93403662411932,1.81152539135856
"Korea Rep","KOR","Median","Under-five Mortality Rate","Total",,,,,,,,,,,,,,,,,,,,369.444753422715,312.943033982825,266.077081426349,227.558345582063,196.566953441574,172.339093626601,153.663162156051,139.209947792404,128.21065404785,119.6817044501,112.894380897687,107.249156856334,102.251345398807,97.3931213551562,92.4180710023603,87.2572529433492,81.9426147802679,76.4775368014399,71.1454068343133,66.0338805289759,61.3648224351676,57.2155220324363,53.684067506715,50.7701358815782,48.3199895563919,46.1847371194497,44.2493292594221,42.35912916908,40.4490504030335,38.4514974260489,36.2746455557264,33.9861717909394,31.6341444503888,29.2629687796178,26.9084208557858,24.6161575042369,22.449298698079,20.4701981342,18.6972760435048,17.1048631454506,15.7095788812731,14.4627944433632,13.3344921511689,12.3101994583753,11.3786158807027,10.5386604049244,9.78458477530179,9.10899019666883,8.51463408467479,7.99949129228321,7.55289251999742,7.1562188720544,6.77218130884759,6.38113137482558,5.98078179783621,5.57193958272322,5.17981633867827,4.83213524587256,4.54252155848042,4.30742129470132,4.12409815264601,3.97625853635017,3.84776894837478,3.72822014774998,3.6158839549098,3.5120208438168,3.41342303184142,3.31856087879916,3.22543468606337,3.13572286326827,3.05075544205498,2.97329022479347,2.90638390561358,2.85041027864515,2.79596063783888,2.73788501346183,2.67058575406549,2.60403966587903,2.536118993511,2.46362092392405,2.38979267030557
"Korea Rep","KOR","Upper","Under-five Mortality Rate","Total",,,,,,,,,,,,,,,,,,,,446.870140102305,371.509936905676,312.437392841652,265.087184876792,227.601026300144,198.504092970307,176.140419925806,158.381038330442,144.758506149036,134.166909957001,125.90573687376,118.874137838036,112.902315892808,107.274666470643,101.570945817425,95.7327341864629,89.6293389950447,83.4794816571981,77.4439135354844,71.6677002481311,66.2129306305948,61.4187129885269,57.3495923777955,53.9563147862095,51.1541759310493,48.7675121531994,46.6487731911849,44.6970744716254,42.6597884834618,40.5506720253889,38.2744036561203,35.8842284984935,33.4482887650605,30.9503949963086,28.4672145745327,26.0005607632718,23.6895779251134,21.5741793224403,19.686894012312,18.0421043828485,16.5552762231676,15.2613753264738,14.0909442706446,13.0019566758313,12.0187929824378,11.1089623075342,10.2915555260605,9.55551832505556,8.89827319482826,8.32107954312462,7.80258671702768,7.34231858550616,6.9199753226997,6.50704071959746,6.10095669459885,5.68222422638703,5.2813096945445,4.92605465965729,4.62850534983658,4.39275783302101,4.20359592833962,4.05203693760569,3.92255006271224,3.80035625390889,3.69001284065344,3.58348372146524,3.48507819857877,3.39101432367457,3.29777121231833,3.21125858282774,3.12667872592496,3.05481647540263,3.00235850188981,2.9838392727745,2.99036176155967,3.00586496851598,3.03935750429168,3.07786711304418,3.11357879939965,3.1370021421698,3.16914778944398
"Moldova","MDA","Lower","Under-five Mortality Rate","Total",,,,,,,,,,,,,,,,,,,,,,,,,,,,,,,,,,,,,,,,,44.6062192899461,44.597898105305,44.3057956628762,44.1103025345525,43.5405499466466,43.0842459238188,42.6092082381074,42.0838865271689,41.4374654402182,40.597550743428,39.5614187531917,38.3669254257703,36.9118327375183,35.4682104056112,33.9507322876007,32.6069164390576,31.2767163594766,30.1419762938802,29.2529436239895,28.617391581929,28.5192937198346,29.2444094413735,30.5666343576628,32.1068906996766,33.0585010417288,33.2418646407165,32.3746523836645,30.7240267407405,28.4047820442433,25.8326938284878,23.3581920932777,20.9945164729878,19.0104923784015,17.630821533362,16.6318487144895,16.0519410740947,15.7196380800308,15.4862859221522,15.2238701085062,14.7967064414493,14.2851313650149,13.7725238302138,13.2872634183246,12.8972550102832,12.5937515327013,12.3887147028009,12.259659163796,12.2502835776176,12.3128309126751,12.4858665877698,12.7272134288879,13.0347211073391,13.2732845487747,13.2939660082247,12.9279770136053,12.3761325144803,11.6458753467047,10.9459274631945,10.2411318448319,9.60788904392707
"Moldova","MDA","Median","Under-five Mortality Rate","Total",,,,,,,,,,,,,,,,,,,,,,,,,,,,,,,,,,,,,,,,,63.7777460918067,61.9134418665618,60.2721267482469,58.6219827639059,56.9881649259975,55.3675263199314,53.8797386913705,52.349156702451,51.0201451018641,49.650934137483,48.1669637260989,46.4489247978808,44.5236322409114,42.3786168925044,40.2437507120191,38.2391235146645,36.4589697713255,34.9825423107781,33.9495651995186,33.5000907812104,33.8702745204325,34.8898224226615,36.2103619524994,37.504686246154,38.44258874382,38.6167569625597,37.8730086586351,36.3013893035371,34.0572291693388,31.3581371850562,28.5044395977885,25.8021623236175,23.4419760104157,21.5397617683712,20.0721158815755,18.9780401028154,18.2170239471474,17.6671706928379,17.2175937101133,16.8258745542477,16.4897146899262,16.1977397106241,15.9564222100921,15.758365904169,15.5950574528319,15.474884254329,15.3918923063832,15.4256696254421,15.5031747866316,15.6451161036528,15.818755187469,16.0332195681414,16.1995594248931,16.4596408451166,16.7254693632625,16.8859729764408,16.8607680500316,16.7583139699574,16.5804934376541,16.2640802274207
"Moldova","MDA","Upper","Under-five Mortality Rate","Total",,,,,,,,,,,,,,,,,,,,,,,,,,,,,,,,,,,,,,,,,91.4910007896091,86.2098196260435,81.9492563690919,78.0680526929238,74.5215676013307,71.1355092213336,67.9823454707433,65.078617469081,62.6044634200611,60.4562260242321,58.3207895104934,56.2311868671518,54.0065768760195,51.3139714892705,48.4626163114232,45.6402090745667,42.7500596483889,40.5286210595618,39.3006868149393,39.1958407675063,40.0431337883866,41.3659121005484,42.7289829295354,43.8738007597311,44.743187079654,45.0514365504018,44.6989678895714,43.1854404101113,40.509854972425,37.6551057646963,34.5548364429078,31.8096360495738,29.2753555188826,27.0364118900551,25.2080425613078,23.70740927899,22.4980191166201,21.4961632659548,20.7053408604222,20.2465999885428,20.0092410010843,19.8726117903137,19.7404314808526,19.4830387104724,19.2973780949384,19.0698092471853,18.806420237522,18.6000265971335,18.4343241000985,18.4379484263005,18.6836671145673,19.3296633698941,20.5230617900335,22.1941553329133,24.1868400086386,26.1235496380616,27.8110064855683,29.1331003500992,30.4474071960917,31.3199838626382
"Russian Federation","RUS","Lower","Under-five Mortality Rate","Total",,,,,,,,,,,,,,,,,,,,,,,,,,,,45.7953382751482,43.9384048199155,41.9655401847544,39.7737361542503,37.5753016126567,35.4456823891599,33.5206210360081,31.889220466581,30.5112463785951,29.3897952208571,28.4875938781484,27.7466974465787,27.1716435391601,26.8014823061105,26.4895236873303,26.3065644839433,26.1960321775975,26.1834120974326,26.2247570302135,26.3470756565975,26.5265559712174,26.633661406371,26.6161848247966,26.4115781451964,26.0828319238773,25.6970118835985,25.1893283864404,24.5482963462891,23.7889193626083,22.9587392197751,22.1884156900623,21.5708371465134,21.2545059421081,21.1831198668686,21.2928068749838,21.5131258328336,21.6404411601162,21.5733447876112,21.2860100879472,20.882783614388,20.4211806478745,19.7908253752829,19.0060987331855,18.0651086514501,16.9830933193477,15.8445784468394,14.6827763693379,13.594205977529,12.6065560397951,11.7453594838959,11.0571579025333,10.5366765768103,10.2150580540518,9.97675982293024,9.68693588756319,9.27781244596764,8.71861944576692,8.05392294824705,7.36066363641522,6.73993067804392,6.24760549581915,5.87220645640125,5.61248441302309,5.43941281325598,5.29395913571982,5.12469478054849,4.91955738008725,4.66898792569966,4.38439058682772,4.10090612200234,3.82384427200625,3.57406523009656,3.3189843164534
"Russian Federation","RUS","Median","Under-five Mortality Rate","Total",,,,,,,,,,,,,,,,,,,,,,,,,,,,52.3859772248173,48.8627008890563,45.6123625380724,42.6021701000842,39.9435361149674,37.5801531787654,35.5485798398868,33.8092603892064,32.3616850409838,31.1722094504065,30.1976796639234,29.4493548216522,28.8607582662816,28.403985411177,28.0792639420753,27.8325331661624,27.6808239497845,27.6164410234763,27.6136835360562,27.6134048155055,27.5822503367872,27.4747148337851,27.2619630327139,26.9514865636328,26.5837002373956,26.1777855026085,25.6747353051078,25.0141672636323,24.2378898593881,23.4064554644008,22.5997815737872,21.9792535545502,21.6453173194307,21.5816321792382,21.7122640940829,21.9179728134498,22.0538744000845,21.9744590979817,21.6889684293649,21.2850536723001,20.7973957418161,20.1743185470715,19.3800818397765,18.4076449007514,17.3121533850094,16.1409086537777,14.9717940757084,13.8575402807961,12.8469082338581,11.9784870565187,11.2708122196282,10.7447195822092,10.4080715106873,10.1638692048516,9.87464400026096,9.45116832012868,8.88999501157035,8.2089892787579,7.50357831333328,6.87262031682284,6.36947447454014,5.99016356136617,5.72866379812952,5.54874841995298,5.41258796246922,5.29070955444332,5.17296098356004,5.0465149152211,4.91521807972126,4.78051941350543,4.64318809141939,4.50702705752222,4.37799482056782
"Russian Federation","RUS","Upper","Under-five Mortality Rate","Total",,,,,,,,,,,,,,,,,,,,,,,,,,,,59.8548042711539,54.2239868239032,49.4721960285465,45.5542860585261,42.4682757261367,39.8791856527168,37.6972894765194,35.8144180331028,34.2793816981554,32.9953790040111,31.9763258322643,31.1496081487677,30.4787270076347,29.9959254207571,29.6459102257958,29.4181164083189,29.2517201443921,29.1431953990473,29.0589858790424,28.9121790627776,28.6881104905427,28.3573817896535,27.9410621605936,27.5023198154091,27.1016200644601,26.677451047865,26.1810392914522,25.4984229666967,24.698184770917,23.8505725699252,23.0212324168051,22.3893122415254,22.0503207183164,21.9994152159411,22.1408981160949,22.334730326193,22.475890183851,22.3895545582179,22.1000862560999,21.6938966860034,21.1827030581832,20.5686085004106,19.7416394768773,18.7582860369076,17.6495558455238,16.4449833720029,15.2593021236926,14.1240274446249,13.0926813399939,12.2070274780396,11.479726120971,10.9566976859027,10.6079700605694,10.3587636959471,10.0687848776189,9.63017626897254,9.06470516758196,8.36559852497409,7.64706753980028,7.00850822678773,6.49011116636791,6.1085649318338,5.84028773699564,5.6577269464906,5.5331483737891,5.45975766739772,5.43849680007201,5.45364274166811,5.50415545486649,5.56215037726233,5.63522068775042,5.69541127977725,5.74189371437705
"Saint Kitts & Nevis","KNA","Lower","Under-five Mortality Rate","Total",,,,,,,,,,,,,,,,,,,,,,,,,,,,,,,,,,,,,,,,,,,54.7412577174334,54.8512463518561,54.5022385792528,53.7985964119304,52.5895774111718,51.1662028197633,49.2912838049214,47.0710510352383,44.634615968637,42.0186437389409,39.3769021195464,36.8338103120182,34.5779790988763,32.6193494359749,30.9297965928106,29.5688184408243,28.4383905800865,27.5737572588678,26.8769037634619,26.3566158383643,25.8995125287438,25.4885194338886,25.0167213868898,24.471817875151,23.8754815816202,23.1507141670403,22.3157077599317,21.4030437345438,20.4680724652943,19.5407241860055,18.7103286723981,17.9958423066217,17.4322735139088,16.9807015824073,16.6741633743194,16.501809790607,16.4405464527648,16.4934434521308,16.5592310925557,16.5716076943787,16.4969689449103,16.2690630922386,15.8565456147159,15.3000421505088,14.608732415583,13.8379044255398,13.1093471548833,12.3731277413315,11.6498949135494,10.9564765120256,10.2988300052169,9.71863263908889,9.16003694696761,8.60867908106891,8.05648861409149,7.60483188290796,7.20351865248089,6.78477649795208
"Saint Kitts & Nevis","KNA","Median","Under-five Mortality Rate","Total",,,,,,,,,,,,,,,,,,,,,,,,,,,,,,,,,,,,,,,,,,,61.6794520238084,60.4063204521852,59.1553555648665,57.8447929860611,56.4437504591044,54.8414851205561,52.9169780255097,50.5962908240312,48.0030576358384,45.274576611882,42.5438210683417,39.9441900338945,37.5982912636509,35.5678511332709,33.8065605666602,32.3802928521066,31.1993207620327,30.2874666398406,29.5570885029679,28.9674103786737,28.4855176960653,28.0375678159152,27.5489123657102,27.0256256278009,26.3818610277486,25.631285626502,24.8060589416641,23.892364779035,22.9413864360827,22.0023377453226,21.1032730331615,20.3393946106664,19.7200017486738,19.2438302294333,18.9183306292301,18.7520397848752,18.722356425987,18.77150971261,18.9000085996833,19.0869305608296,19.300732331965,19.4424180451305,19.4399426770702,19.2619671988671,18.9678957593008,18.6107141028691,18.2233216029671,17.7721788897308,17.3200545318683,16.8265361854066,16.3665133301992,15.8542868025519,15.3755579678604,14.8782579681621,14.4274564938949,13.9865385319855,13.5818126289792,13.1474989424587
"Saint Kitts & Nevis","KNA","Upper","Under-five Mortality Rate","Total",,,,,,,,,,,,,,,,,,,,,,,,,,,,,,,,,,,,,,,,,,,69.4021701163674,66.3894798375785,64.1620786084857,62.3496897689619,60.6102738657484,58.8573935223117,56.7903605071643,54.3670140696124,51.6523986451419,48.8362615268873,46.0320396205895,43.3546291568174,40.9637392818932,38.8267856671151,36.9650694428709,35.4616568167958,34.2416173953498,33.2791823084214,32.496653624053,31.9201794548306,31.4328441752777,30.9421045913537,30.4519426394412,29.9042324554267,29.2671627966905,28.4152157139509,27.5460944350515,26.6335903919913,25.7163784701751,24.7648126794665,23.8374237889287,23.0053335733413,22.3521712261908,21.8450754267964,21.5301828063848,21.3626299504152,21.3438107224114,21.408671618474,21.6451430675817,22.0173705618648,22.5722655873286,23.1576040291641,23.7193781726779,24.2149641374305,24.5317971072636,24.8607714432862,25.100341821946,25.2451748205814,25.3886317620398,25.3394910610216,25.3674870583933,25.3752382352609,25.404999887917,25.4939673406721,25.4345991673057,25.4034985858193,25.3510145226201,25.2345868894226
"Samoa","WSM","Lower","Under-five Mortality Rate","Total",,,,,,,,,,144.530121845264,147.354368966316,149.708061027742,151.232784033831,152.169088011022,151.788676656194,150.321170683067,148.487661129249,146.023193421257,142.804950991096,139.117965293287,135.179432554144,130.942032043651,126.549257200158,121.923222645878,116.947579785483,112.244950866564,107.357803084523,102.498561934111,97.9587750288321,93.5001177904155,89.3553705787776,85.5041116585686,82.0522867645178,95.4440615284579,75.5975490645118,72.4536254141232,69.3808807248776,66.1729954239904,62.9498506512054,59.7858939674903,56.9103603914375,53.9433167512297,51.2230700695057,48.6410868453562,46.0699755904569,43.806678047109,41.6051694197973,39.6616344314844,37.8928927672834,36.3205107296192,34.9307890376667,33.6067605217273,32.4568740425875,31.3229166192202,30.2879478388917,29.3475153175506,28.4320845446596,27.5423372924306,26.7417075336534,26.0069885096829,25.2340143047075,24.469520053681,23.69355188344,22.8925418039927,22.1536939347701,21.3619023522386,20.6196214955137,19.8498995236831,19.1139999570461,18.4193990991289,17.8346183206932,17.3630572749447,17.0442356896232,16.8735937484439,16.7573941625926,16.7307890627836,16.7559653651272,16.8050046634686,22.2951001741064,16.6929348814189,16.5373815260476,16.3051759951835,16.0125202043967,15.5911916299889,15.1640929781198,14.5833497693308,13.9700528921224,13.3580791404863,14.8586888266709,12.0245787109214,11.3694151278016,10.7200280321794,10.1107403916764,9.53968040020052,9.01473422205358,8.49219383746206,8.0367305831866,7.5739640650758,7.13505819996952,6.7465507640838
"Samoa","WSM","Median","Under-five Mortality Rate","Total",,,,,,,,,,193.147756650824,189.441503284794,185.61968614951,181.792226022267,178.091731571719,174.21071290516,170.437359286783,166.746590038386,162.945630777732,158.962249428603,154.931129691497,150.499052082359,145.86859549352,141.06157478045,136.122316317504,131.060920865462,125.966964194353,120.883925191712,115.952806806528,111.176863432673,106.805113447923,102.685993888236,98.7262675934731,95.0972030013677,110.983152248242,88.4953507703378,85.2328057970485,81.8864743879791,78.4949807756452,74.9388933054644,71.606650772511,68.2416292146955,64.9954622209915,61.8683499037306,58.911045150014,56.0929385979843,53.3354227373783,50.6823844524727,48.1453789463139,45.7656534731935,43.6340769416821,41.689367477596,39.9363971791061,38.3144194275628,36.7701415422384,35.3451501597507,33.9611194899125,32.7234803601173,31.5800976563228,30.5514934240112,29.6093080104943,28.732203578253,27.8024722042918,26.8845779168684,25.9554552188884,25.0408995996965,24.1989036873663,23.3551889111532,22.5146756782829,21.7132912709326,20.958373678554,20.3028222725378,19.7830891684841,19.4055322356209,19.1492894482119,19.0128219198653,18.9648889106176,18.9867174857662,19.0285668921938,25.3280958877905,19.0528065655115,18.9688886036844,18.8472571059777,18.6614261170694,18.4667659239121,18.2734700983008,18.0667573604945,17.8191109045945,17.4892492189623,20.0038119666542,16.6860660713641,16.2279613456832,15.7841231270244,15.331290842438,14.8619196390258,14.4222550280862,13.9955042395786,13.5765151608881,13.1468706595531,12.7687013210163,12.4185319558983
"Samoa","WSM","Upper","Under-five Mortality Rate","Total",,,,,,,,,,261.28730496607,245.604137740392,231.48683174803,219.165181287886,208.519303739332,200.445501715758,193.679870871296,187.625492107354,182.021767524361,176.952509749431,172.137854285508,167.298695550511,162.257197770379,157.0050310293,151.842444760124,146.43120865299,140.889057077276,135.524268755423,130.584332154716,125.926128793891,121.350130315104,117.366425476351,113.372764640081,109.76447482058,129.059079009289,103.280732921773,100.006432051232,96.5898032610095,92.8191717638562,88.9995035931429,85.05178823674,81.2673911012691,77.6204088216678,73.9850801495598,70.7781935579702,67.6316763328923,64.4638445228892,61.3802075931847,58.2757632311072,55.2071247179434,52.4245406159466,49.785598987034,47.4026129121153,45.1651635083627,43.0789270360466,41.1710648035586,39.3880556269795,37.7661062760658,36.2630605975236,34.9620657136263,33.7611590504666,32.6377663031545,31.4875897270114,30.3818708815477,29.2301241896818,28.1489257968004,27.1314874284724,26.1774600808723,25.2733817130177,24.4030311975919,23.6120687930917,22.962102809402,22.4349612015776,22.0129876963527,21.7192737020034,21.55711157011,21.4844118456262,21.5018603774337,21.5585244274975,28.7292842778567,21.6967552013556,21.6985314319426,21.6795553591297,21.6988664430686,21.8234621207237,22.0264353156688,22.3199309379679,22.7120757784729,22.8916612191722,27.0067067242822,23.1680630923383,23.2701623792328,23.3010977019269,23.3753897460529,23.4248619663979,23.5675990694285,23.4932656483997,23.3050194774176,23.3428318196839,23.3350203801946,23.1225011446711
"Sao Tome & Principe","STP","Lower","Under-five Mortality Rate","Total",,,,,,,,,,,,,,,,,,,,,,,,,,,,,,,,,,,69.118285724342,68.7559328581268,68.3955947270948,68.4358672614443,68.2639381160839,68.6018139921636,69.3822567049015,70.3314159371931,71.3050977907793,72.1207972469542,72.8849033044535,73.5660476884278,74.2583865271556,75.2230241452727,76.2552876168233,77.3884139455336,78.8711588991345,80.6561574581664,83.0275986138652,85.1427684001577,87.4111455281153,99.9954821791779,91.4174645416778,93.172907708628,94.7320950405956,95.7773517967085,96.68368000354,96.6648384001217,96.0064867370431,94.7410245058983,92.5507744483545,89.6071595002217,85.9942295256683,81.8646446815885,77.2640354443818,72.3971185351128,67.2411253050036,62.0869209954477,57.0953473260137,52.3274618333086,47.8377465956158,43.5718235103933,39.5419719407049,35.7979557653497,32.3336073254544,29.1386542826346,26.1691077444083,23.4449742664016,20.8952653903369,18.5592601529112,16.3754007053859,14.360348334912,12.6959415211752,11.352851078256,10.3046176454748,9.45176365688652,8.75864297577092,8.17649266125569,7.63676065545201,7.17379573178286,6.76746572995433,6.43787505329481,6.05222291627311,5.70303170850189,5.39588542592067,5.0892937762356
"Sao Tome & Principe","STP","Median","Under-five Mortality Rate","Total",,,,,,,,,,,,,,,,,,,,,,,,,,,,,,,,,,,95.3952269684558,92.5592872559015,90.0777394680652,88.0236024316337,86.8161718738694,86.143383128733,86.243909096024,86.6521740910244,87.280598507977,87.956212598408,88.6071323028023,89.1516281795483,89.617609765386,90.1213821120417,90.7236359130215,91.4744520432009,92.8204215350406,94.3824806854524,96.2401978099666,98.467408833503,100.652807127074,114.750461133196,104.768617938009,106.356519435548,107.715285285358,108.709854839975,109.435291948725,109.409507848958,108.729290238069,107.150273404007,104.659749575323,101.395268045028,97.3825659409159,92.7191365662603,87.6314322098464,82.1672030781171,76.6659900349496,71.0633394644925,65.6640553112091,60.5044813804104,55.6621587388818,51.0976049027762,46.8760730485759,43.0560260473232,39.5260514394342,36.2371938527659,33.2253904316259,30.4232145998881,27.894073464009,25.5156228604634,23.3399873776089,21.3307089481453,19.6069387344966,18.2058139232395,17.0542809296226,16.1268210897593,15.3331917693376,14.7198863870961,14.0960982769183,13.554487684926,13.0349563356587,12.5295294515825,12.1147332782624,11.6810604739029,11.2831666678781,10.8917492499736
"Sao Tome & Principe","STP","Upper","Under-five Mortality Rate","Total",,,,,,,,,,,,,,,,,,,,,,,,,,,,,,,,,,,131.264969824286,124.511115603005,118.899947383105,114.41445915651,111.327507995821,109.117106813541,107.998822100692,107.423183886843,107.737591283004,107.891887358591,108.062448196077,107.914012142488,107.878611834688,107.699460936475,107.560175521102,107.826103084606,108.647425274641,109.80749279261,111.602168599491,113.560860495124,115.611433981479,131.390676044774,119.388694989808,120.898603096696,122.116071413897,123.004273621598,123.548557422764,123.562831212086,122.627248501902,120.72601076731,118.031683272472,114.230215605459,109.978899917944,104.90680696693,99.4370674137666,93.4192825951392,87.5315913776578,81.5016541381993,75.6190532185911,70.0902507389217,64.8344713073135,59.9321847177706,55.5369944879459,51.5264477802157,47.8885678591112,44.6704556687277,41.7056990687096,39.1173870493839,36.9074699491794,34.9286203086701,33.15796610919,31.6745208553325,30.4098611096696,29.3779828745745,28.4343734823652,27.8079816696749,27.0540383874314,26.3795909038926,25.9762745453665,25.5281182115556,25.128003322896,24.9019384721595,24.4980491765847,24.0399154089012,23.7023476712097,23.5061965182461
"Saudi Arabia","SAU","Lower","Under-five Mortality Rate","Total",,,,,,,,,,,,,,,,,,,,,,,,,,,,,,,,,,,,,,,,,,119.606009203406,114.175838312305,108.361554941895,102.681006234882,96.9197723642816,91.0765868455475,85.479468963781,80.278455177601,75.3219664782441,70.6443707980281,66.2412469375832,61.9754854168738,58.0291272394533,54.058427730982,50.4043627221381,46.8131460819926,43.4722648937087,40.2225824744338,37.1093494790882,34.2635314733977,31.709522838606,29.4257375269838,27.4435784774944,25.8303245377201,24.3930224694909,23.1089834316856,21.8708677230231,20.6849582390583,19.5865511315051,18.5001277771112,17.4357394584602,16.4104398212049,15.4618379590156,14.5335702732843,13.6438322206141,12.795974821219,12.0100180090065,11.2718434635411,10.615218719229,9.96576531703972,9.35794494256237,8.8020536942694,8.25691327757238,7.70047954004504,7.15574820578418,6.61970799275797,6.15830904939511,5.72978059375097,5.32783826132495,4.95740997683805,4.64233373131759,4.32519200358511,4.05294666669513,3.75769065091802,3.52761768839308,3.30320019144829,3.09081002664336,2.90536959579702,2.73534421587308
"Saudi Arabia","SAU","Median","Under-five Mortality Rate","Total",,,,,,,,,,,,,,,,,,,,,,,,,,,,,,,,,,,,,,,,,,159.421940401586,148.887331190691,139.203806979336,130.392670631698,122.033575849311,113.991485532491,106.621811522246,99.6069308604195,93.0504718952837,86.8230843649471,80.8681631024575,75.2390814190282,69.9736880491453,64.9683667656096,60.3329530082202,55.880618221343,51.6873837288549,47.7445522295308,44.1249049617387,40.7994210077198,37.7657262384238,35.05279961636,32.5924127809306,30.3372715669724,28.2960857586563,26.468321781379,24.7875396406104,23.2777254574534,21.8975848631924,20.6242249457225,19.4396484133368,18.3582681289872,17.3193087602116,16.33870205677,15.4192996939813,14.5400078326956,13.7030406521356,12.8969069035746,12.1444026466483,11.4349505987935,10.7619602727204,10.1396694954176,9.55297021273311,9.01241520392439,8.50447103561959,8.03629158255568,7.6135280300661,7.24870051620097,6.93511622885157,6.66412303376781,6.41568585332258,6.18005003752575,5.95790666436949,5.73393927478133,5.53952097752948,5.36079786877588,5.19423311638655,5.01362523817334,4.83884105102106
"Saudi Arabia","SAU","Upper","Under-five Mortality Rate","Total",,,,,,,,,,,,,,,,,,,,,,,,,,,,,,,,,,,,,,,,,,214.201905192387,195.635626069388,180.521892214285,167.002055065112,155.259613870484,145.062171559068,135.787257122735,126.931838345809,118.993955474927,111.636252590014,104.113861953705,96.7657012482395,89.555644310164,82.6505160866163,75.9577611989699,69.573206890089,63.5459642737306,57.7842834329798,52.6897207569528,48.193136114591,44.1870710369791,40.6308063304563,37.4638825922617,34.6595025997184,32.1317811745255,29.8986075592699,27.9128049455481,26.1649673777766,24.5516992447583,23.1424101416965,21.8916564519468,20.7421122495798,19.736847147829,18.7902802362202,17.8429737652974,16.8948212847035,15.9823348440875,15.0642419919095,14.13810807106,13.2593398004798,12.4356606130726,11.6885404943136,11.0594311123573,10.543718817709,10.1311545714662,9.78343613979424,9.50628541840868,9.31462523822345,9.15545652737372,9.049247178972,8.96853322127734,8.93336452585883,8.91223488240677,8.84639029346505,8.803305858509,8.74881319994498,8.75113516433215,8.72767531327871,8.68943163370647
"Senegal","SEN","Lower","Under-five Mortality Rate","Total",,,,,,,,,,,,,,274.329145407435,283.331669060216,291.438511594843,296.909257723224,298.674104082789,299.316484005652,297.769868582229,295.747899618762,292.674403110908,288.353972139135,283.696915863464,278.786992977792,274.471835791023,270.810730835537,268.414358698026,267.877447953256,268.304543112193,269.710100237401,271.812468222809,273.428887049931,274.906301207673,276.128897197524,276.24011656951,275.591765929837,274.664681948075,272.964677158426,270.244218057348,265.808590438589,260.239717981402,253.397372253039,245.709556609437,237.231705960121,227.736529162806,217.844381187044,208.294596543266,199.822314229369,192.573108822274,186.594511083028,181.103386579134,175.311941977748,169.104141216718,161.767626869864,153.924614806807,146.08865853452,139.010060883492,133.610261207985,129.800814657479,127.950949214201,127.49096186735,127.852119300862,128.723140162332,129.673899215914,130.467457501177,130.366001261736,128.979496164102,126.005538072421,121.1609125645,114.494803618241,106.386394628998,97.8219106665404,89.7507244745665,82.3896611829535,75.8947996500608,70.3685874840311,65.5954454664165,61.7771809165856,58.614438011045,55.937747212677,53.6052687820299,51.5540488694965,49.8568291756385,48.2653108293977,46.7628047983032,45.1164281772637,43.3328136235596,41.2702833726858,38.9113238340701,36.2507352962325,33.4394913109095,30.8094012696707,28.5242018136756,26.4513004820001,24.5784571577881,22.863459613327,21.3436711584554,19.9472820370911,18.6118373237267
"Senegal","SEN","Median","Under-five Mortality Rate","Total",,,,,,,,,,,,,,370.586458793556,365.464461362113,359.62117957617,354.03267759312,348.813654826802,343.209387476083,337.445583309272,331.769669537895,326.3335933393,320.531317471629,315.183950973307,310.017501539342,305.301263888845,301.179583520144,298.158642527883,296.220910321374,295.260675180832,295.363224395863,296.006225554347,296.80331742302,297.277403770888,297.421216838291,296.912555132429,295.905359678165,294.252997327688,291.870155393989,288.316293561067,283.494187630635,277.344022401919,270.140967852356,261.943902883755,252.708060236095,242.186479812042,231.3020288826,221.067363589688,212.012192979283,204.19806669203,197.628719480372,191.712440689496,185.65150058431,178.855599911346,171.128306995165,162.629414473762,154.283286169765,146.905262785873,141.205967191856,137.247908905694,135.20165624411,134.639121008592,135.025031454934,135.958493911919,136.964500800137,137.753322207936,137.87402132429,136.701438606482,133.836669417759,128.869828152752,121.72378157381,113.153179587523,104.15809724396,95.5058530599287,87.6040445134934,80.7661548885673,74.9671857219946,70.1015932232617,66.1143618818666,62.7614702780806,59.9598115142807,57.5524256784621,55.4929962631217,53.7428749721894,52.211836554006,50.8186956835138,49.4425207023928,47.9204933218443,46.1603393953986,44.2422429033386,42.1676593885117,40.0953102158391,38.2419515907875,36.5298021848993,34.988764698982,33.617929373598,32.4034821136593,31.1747907619201,30.1283657155557,29.1043679234085
"Senegal","SEN","Upper","Under-five Mortality Rate","Total",,,,,,,,,,,,,,500.359045638041,470.637582387057,446.528093097515,425.739416693747,409.329001124173,395.509322270937,383.370825431895,373.196115357043,365.426962863657,358.270072509788,351.633278393876,345.705378933433,340.213123326115,335.113403499075,331.461215104689,327.573327487067,325.263074545953,323.498923257718,322.623683801537,322.1825424428,321.619856955683,320.638784730244,319.359216397041,317.373684965905,314.805544727394,311.70041810883,307.305514524751,301.657404598709,295.161901208179,287.354262071207,278.376787769226,268.193459612716,256.747719807636,244.939741010913,233.711416628193,223.895765013386,215.813435042016,208.830799188408,202.604051700749,196.258019767094,189.085725025075,180.926120571488,171.867647177219,162.86890338831,155.133229950734,148.95939968197,144.841667882927,142.630283685389,142.150361206028,142.742392256719,143.583913841742,144.803099136712,145.749569410881,146.050141128981,144.945515285918,141.963914677754,136.957899950816,129.199493848693,120.099381762735,110.656571112101,101.50248116149,93.276898113244,86.062109677551,80.040342325796,74.977618757131,70.8797633907135,67.3570390187767,64.37980543651,61.8978625969355,59.7667641032515,58.0096154088796,56.6090807415725,55.4189029399434,54.320117973642,53.2209038878969,51.7368664183003,50.3205893985272,49.0279467370279,47.8624240619191,47.0668599316625,46.627567751764,46.3342256666345,46.0948965368791,45.8332668288069,45.5933003995516,45.3998471831933,45.4719878150886
"Seychelles","SYC","Lower","Under-five Mortality Rate","Total",,,,,,,,,,,,,87.9682210368527,91.3466404021905,94.6373786345209,97.0687135481978,98.9042266268032,100.112334980952,100.298945877151,100.270238534902,99.6526225948391,98.9671318306477,98.1584377048523,97.3759889535645,96.1738146433113,95.1881454419941,94.2673651613765,93.2362910086589,92.2896567107783,91.2929509870206,90.5225512500879,89.609391556657,88.5156599249475,87.4590868120714,86.2306795697756,84.4422755572091,82.2465828546403,79.3764858432924,75.7453819796895,71.5378035435713,67.0367819746901,62.2616797052085,57.4248031422604,52.6465013835394,47.8842994202515,43.2093905969902,38.7398848800433,34.6969857904731,31.1089153026918,27.9764491931016,25.3312589132676,23.1431082751337,21.3369072823451,19.8666830279479,18.6599851308204,17.6667731225428,16.8268411164523,16.1040010291696,15.4462781088734,14.8611386280252,14.3683843180031,13.9341405276904,13.5612673136396,13.2536632938652,12.9917660964327,12.7934116933317,12.6493956331194,12.5233919626797,12.4528428099879,12.4024283660996,12.370447211841,12.3583353708305,12.3483483771335,12.3891018426924,12.4189734201398,12.4748324644544,12.5300243283377,12.580773615761,12.6527945598123,12.7244241415129,12.8049022128602,12.8946582571845,12.9823638816579,13.0706966808851,13.0999874696662,13.120047301963,13.0873953815835,12.9789591625003,12.7864736734077,12.4957675585558,12.0930172685568,11.613185038106,11.05249885954,10.4452794078954,9.86689033077226,9.29028459881094,8.7114325998691,8.20528689143192,7.71967704161025,7.25859473308013
"Seychelles","SYC","Median","Under-five Mortality Rate","Total",,,,,,,,,,,,,119.129458459431,118.902924315707,118.541122604877,118.403340011353,118.087907850553,117.77079062458,117.10763913012,116.24640506271,115.294398079931,114.104619533703,113.025681566474,111.78657952436,110.55713612333,109.252784697748,108.033551008103,106.852957577703,105.614351083761,104.25266807771,102.815240472203,101.181199528122,99.5636264534269,97.5977593416233,95.2178458454084,92.4032018010534,89.0112832216499,85.0770125952498,80.6075420145824,75.8056199604454,70.8722295528647,65.9042742646853,60.8567795965349,55.811131274187,50.8543658169651,45.9905138989509,41.4072407199947,37.1717679113808,33.3771370342719,30.1338828879672,27.3745313329625,25.0741663314315,23.1789821262727,21.6186987032375,20.3455834220723,19.2889625087563,18.3948185099145,17.5968033567622,16.9105029782114,16.3046227293095,15.7704596139032,15.3041483673452,14.9188183648685,14.6012223573074,14.3398033159845,14.1320282848407,13.9908723556497,13.8807563365661,13.8113912781994,13.7760691586776,13.7562866468844,13.7460922403969,13.7568534452781,13.7755165150068,13.8050679111513,13.8408554500311,13.8935023970906,13.9487797283596,14.0112689400366,14.0886757127954,14.1851531909817,14.2806303259883,14.378807267763,14.4750311545278,14.5643296190636,14.6502906580725,14.7144186845017,14.7867453583006,14.8332192485233,14.8289871327045,14.7223123000781,14.5335561557156,14.2632974991298,13.9585637027311,13.6106932296274,13.2826550306762,12.9120299506308,12.5692509587581,12.1881820962973,11.8274604145993
"Seychelles","SYC","Upper","Under-five Mortality Rate","Total",,,,,,,,,,,,,164.904579770726,157.373899635234,151.703971920626,146.357212601934,141.993252542667,138.295417218768,135.799093232783,133.920259141655,132.508781120979,130.694236330099,129.442384359732,128.355714851381,126.937748959714,125.575942350938,124.315490704475,122.965779896676,121.256996243221,119.367906071205,117.22846084448,114.862374223112,112.342172039439,109.19208426192,105.474389233996,101.102906990647,96.3644333053081,91.264650702772,85.8614022439837,80.4798077438391,74.9793774205731,69.6544825176311,64.4236562282681,59.2629040067628,54.1262722120233,49.0198718657287,44.2042534030051,39.7890717835742,35.8650550384302,32.4811168597213,29.5614341108118,27.1484684621155,25.1436594806147,23.48309989593,22.1239338264678,21.0012065926081,20.0394089570812,19.2317513802693,18.5002138154635,17.8831212230907,17.3201695148135,16.8254809650511,16.4251995428526,16.0945271984843,15.8389921887453,15.6521919321951,15.5092578223758,15.4002966669132,15.3319945521475,15.2880766629152,15.262730164654,15.2289498777875,15.2314357569026,15.2664268196016,15.2805005394988,15.3250288471013,15.4078477015234,15.4848206274507,15.5563035206438,15.6564214079149,15.7440985156535,15.8578749873909,15.9729737616017,16.0711684175899,16.1747241898513,16.3374984814409,16.5449113577007,16.8327513764404,17.2066176534068,17.6431926816984,18.015490062499,18.2629577777826,18.4497421198769,18.6421124975233,18.7868591404028,18.9482014199665,19.1020036423946,19.1420620609224,19.3373562750122,19.4077500234373
"Sierra Leone","SLE","Lower","Under-five Mortality Rate","Total",,,,,,,,,,,,,,,,,,,,,,,,,,341.077095105651,344.469240407577,346.5584264767,347.762925835833,348.06575850936,346.693089698998,344.104151167241,340.748262833903,336.000217722858,330.730725062334,324.63510356327,318.683160893698,312.470845364674,306.610458948757,301.147139427564,296.197898969529,291.32686703141,286.450892097885,281.745131453053,277.562886829621,273.601366897487,269.565700428655,265.553122351978,262.239368051577,258.561827044213,255.472233986264,252.617798983614,250.078267506698,247.969679828327,245.753830731263,244.122849417645,242.351737836435,240.732707916264,239.594095682761,238.50659103749,237.2416406544,235.715534958613,234.245459348274,231.984440932465,229.078920384597,225.724123276896,221.979114021837,217.671470725746,212.922788444785,208.016791907597,202.733400198945,197.35429425596,191.749491602532,185.99556984007,180.041079539936,173.719987145767,167.198631469367,160.351139904996,153.400023507645,146.390237029375,139.521488027962,133.006688638948,126.885799648879,124.280666364598,124.045432292333,109.384450741201,103.599233515686,97.9727123589785,92.7648641301511,87.7062064243827,82.6506093648416,77.7165170182538,72.7986687044818,68.0246307175651,63.55743575572,59.4884700777139,55.519559017473,52.0428935146901,48.614183187846,45.5044300044649
"Sierra Leone","SLE","Median","Under-five Mortality Rate","Total",,,,,,,,,,,,,,,,,,,,,,,,,,413.826767395742,407.702789112923,401.36558883272,395.82865544196,390.005590131977,384.379122147876,378.687703775134,372.92045874034,367.164655864514,361.121564568565,355.061800917422,349.037504872207,343.212568007282,337.500616479751,332.072667726062,326.635997491885,321.466266892276,316.463735552027,311.915622588989,307.151149214515,302.666094634558,298.245473065209,294.032064209438,289.966419220531,286.070350351462,282.58101748467,279.188198428943,276.05101800215,273.12370684953,270.304954977106,267.519784098299,264.815056750242,262.191368830102,260.105566216394,258.017741542485,255.955589834648,253.840949465001,251.741119493116,249.050094039936,245.902760886414,242.154588065859,237.877840704533,233.124330831151,228.197676469951,222.837455356141,217.264331288859,211.648098903328,205.72523961093,199.560072921573,193.221435289521,186.5355784534,179.555143169647,172.435337210868,165.152813523385,157.879742444529,150.771566236077,144.092524837473,137.925093259028,135.927727173624,136.75172725116,121.753700370396,116.974797589572,112.44414614033,108.269022800188,104.354311285817,100.631692020638,97.0946855093239,93.7724386602517,90.4995856673996,87.4849180345179,84.5476703389608,81.9173858221551,79.3729927048392,76.6873033838779,74.0029699863157
"Sierra Leone","SLE","Upper","Under-five Mortality Rate","Total",,,,,,,,,,,,,,,,,,,,,,,,,,504.675224706731,485.159978022182,467.479796071937,451.716865057774,438.991068086831,426.926670475245,417.945407597617,408.279849831628,400.653388073423,394.263253660066,387.95964294987,382.346424213783,376.540178354745,371.022884609549,365.536468058388,359.930377958139,354.04554045842,348.710882629761,343.272641333623,338.601081725218,333.610882952211,328.847596170421,324.273057999899,320.246321527724,316.116587234844,311.720379658513,307.492252371002,303.18512723453,299.396644392841,295.701138299228,291.940622369336,288.109028702993,284.651466721456,281.42216159567,278.524613575507,275.908269893824,273.177829282104,270.263499124684,267.441522401597,263.915512165384,259.698405242076,255.115927081088,249.783896024579,244.26421474365,238.561422129282,232.78196632175,226.643696662121,220.326170369414,213.777672700742,207.082961926853,200.040057323762,192.64780810382,185.20728681933,177.838071239489,170.228059611572,163.141564418049,156.594529808133,150.581207178855,149.16590741538,151.107015293034,136.024732485327,132.340938185214,129.08742237774,126.226908730082,123.910114225334,122.753621893829,121.673085295826,121.133175356409,120.184272516703,120.085746915931,119.917634080534,119.810105739652,120.121120719679,119.84697211512,120.088304713328
"Solomon Islands","SLB","Lower","Under-five Mortality Rate","Total",,,,,,,,,,,,,212.767672651022,214.153048650553,214.7561734791,215.043830193866,213.800303762862,211.459446533155,208.523058764103,204.755464822886,200.657528797738,195.702495277479,190.291608678809,184.878648695136,179.351373423239,173.579747512675,167.446972328315,161.015157461941,154.949428993136,148.88760468221,142.726896606202,136.431908636703,130.119984921942,123.730950182572,117.353097604749,111.111754951761,104.894473667458,98.4908745190052,92.2642992026373,86.1109586126374,80.1171130781523,74.3732614759304,69.1359156022506,64.2513644494062,66.3214921585334,55.8387464274583,52.404096336953,49.2440178840333,46.5667621904996,44.2526074435246,42.2372641853638,40.5856176202207,39.2260210268181,38.0912531274885,37.0804287600603,36.2339536573724,35.4400388163023,34.7225070413152,34.0305027036776,33.3055139288417,32.5299295241584,31.710482272062,30.9382329761444,30.2339798370099,29.5905343396353,28.9942301760057,28.4943121839425,28.0200449093207,27.594595573866,27.2297333014043,26.8536390416709,26.5716874923547,26.3280684829762,26.0660358933387,25.772008476631,25.4344568881837,25.0211801884752,24.5707601184286,24.0224590849294,23.4716576740118,22.8698946989831,22.2416092547036,21.5700908994435,20.9053346672981,20.2145808093306,19.528242012821,18.8319600985236,18.1175098333312,17.2852703821234,16.4454748845227,15.5795272477417,14.720371492369,13.8923716462448,13.1057541663516,12.338789809962,11.6224217332209,10.890991402039,10.263588918617,9.64697260869911,9.09564507455174
"Solomon Islands","SLB","Median","Under-five Mortality Rate","Total",,,,,,,,,,,,,280.614003202176,273.091436920872,265.853851245607,258.643065979291,251.773281639794,245.165892972581,238.446024052537,232.084811523149,225.673893119777,219.368554024446,212.820817738592,206.439949398587,199.879722978545,193.300245093925,186.77947963702,180.294487633509,173.726304193103,167.074021921384,160.426558990716,153.691025628205,147.014657439588,140.399615561765,133.787310409049,127.075376293749,120.260074477109,113.264507077919,106.339531928774,99.6251732495827,93.099123651435,87.0281737988909,81.2338180648715,75.8964498711378,78.7810949552145,66.5652060715258,62.634564820276,59.150595287294,56.1176719417421,53.4394439330862,51.0663341188421,48.997849764727,47.1294547427216,45.4954663227875,43.9950960246305,42.6225826680269,41.4142273355857,40.2397367575815,39.1287494023409,38.08795915262,37.0715234806118,36.0975767756292,35.1546374793877,34.2786767356519,33.4921678728097,32.7600875165543,32.1006861753502,31.5326643664119,31.0323048153127,30.5460059045763,30.1749482698706,29.8466608436137,29.5658928179482,29.3242909003168,29.0547053569194,28.7548517926581,28.4056885647004,28.0175727597484,27.6000119692619,27.150555800304,26.6847014768608,26.229180405297,25.7841881119834,25.3679248033271,24.9617238860038,24.5598269702063,24.1284203483825,23.6264003047584,23.1060359055536,22.507051144577,21.9075543318007,21.2817241558681,20.6484714137433,20.013382947046,19.3896599369979,18.784841186438,18.1808856520987,17.5736168254667,17.038563891136,16.4568724683677
"Solomon Islands","SLB","Upper","Under-five Mortality Rate","Total",,,,,,,,,,,,,368.931068065261,347.494697805982,329.771327875142,313.338726569808,298.98483523066,285.627414230165,274.379582898723,264.414129054352,254.568205037786,246.150304802473,238.368440005057,230.98000039093,223.782258321738,216.409758795021,209.487384329978,202.465664288135,195.076900117121,187.638286229848,180.441613413817,173.32782351869,166.558630776367,159.653621949995,152.690219368332,145.48823646865,138.105492314083,130.602912534604,123.083195176352,115.431668774997,108.02540783574,101.294957756351,94.799668509575,88.6895318795761,92.4724171758504,78.4901803997827,74.1790159357425,70.2499299754893,66.7655170279635,63.6797696038188,60.8743537819332,58.3592014912379,56.0647997330409,53.9244142295158,51.9243408539319,50.0827196627359,48.2631979846093,46.6398662014226,45.065102881018,43.6402785298575,42.2656719142649,41.0294910728225,39.7767126836571,38.668465679783,37.6913247305595,36.8509433729105,36.0740039871349,35.3687368302674,34.7616235481239,34.2460822061005,33.8176547321361,33.5102965910236,33.2645159984489,33.0417511413206,32.8416390341633,32.6309127006218,32.3549242616341,32.0235095213134,31.7147225721659,31.4587942873612,31.1904287886715,30.9663940768385,30.8285159928851,30.7938264430025,30.8425280821139,30.9811240802856,30.9804883226362,30.9123979053493,30.7437128732684,30.7634551523258,30.5746179713732,30.5114539678264,30.4813219044034,30.3834890379761,30.3332408854543,30.3289991643854,30.3146433857862,30.2992575030343,30.2252255295451,30.2532181620125
"Sri Lanka","LKA","Lower","Under-five Mortality Rate","Total",,,,,,,,,,,,,,,,,,,,,114.585085138637,116.60129134648,117.888007085009,118.295541011844,117.418560301408,114.662194994139,110.06373301572,104.137288481374,97.9520080684004,92.3871050221257,87.9070898498872,85.1213147504093,83.2948946187159,81.4796742602385,79.2514410777625,76.6217645375965,73.9299496570156,71.321503036453,69.0235183776531,67.331589391835,66.0440008831772,64.9806076446831,64.0354471793413,62.7741713490735,61.0961427529079,58.7445589239269,55.7224333622109,52.1918357842172,48.5907634337433,45.2156267974772,42.0361658231717,39.0601119502461,36.0398317943168,32.8342627209216,29.6156597116725,26.8203606231751,24.8352554613447,23.5723316321182,27.2519213838175,22.8298275601789,22.7495817914791,22.4243047286642,21.7857595711922,20.975773460842,20.0982630716839,19.1522742917598,18.2057151029984,17.3152864842984,16.5437621380153,15.9680591960918,15.5192547456179,15.1988339380132,14.8519095752381,28.3811247588992,13.7460932918012,13.0353540305328,12.368105875978,11.7821386659204,20.9982399118786,10.9478594836271,10.5775881740764,10.1279654704015,9.59541073152494,9.04686199554537,8.5192878817557,8.04758553593488,7.6550561600099,7.31354057128324,6.96021586251748,6.56754860280017,6.14226753203346,5.71677713946709,5.30217485683384,4.9285064004175,4.58339794853834,4.24905890411685,3.96525828988717,3.7030018702653,3.4355589433469,3.19757674737538
"Sri Lanka","LKA","Median","Under-five Mortality Rate","Total",,,,,,,,,,,,,,,,,,,,,132.024300649511,130.226556962979,128.188284587363,125.630627273302,122.329613017699,118.04529350931,112.495613688709,106.187918796289,99.8609855396486,94.1312882909492,89.6195624631988,86.7279693237837,84.8471818326218,83.0079446326309,80.6816837485581,78.0870806670237,75.4940536129818,73.1408278476987,71.3178317243223,70.0707838605071,69.140281333137,68.3153496595055,67.3382162425968,65.9189927263118,63.8474147857827,61.0687442795015,57.5776372493498,53.7238116910988,49.886344057225,46.289538253921,42.9492557495909,39.8254618960015,36.7365410976779,33.4793944453027,30.183151400821,27.3539496152665,25.3329186009113,24.0802661443911,27.8524535139495,23.3043960774548,23.223280017459,22.8686237831021,22.2138112956384,21.3880915766218,20.483320109775,19.5301025816805,18.5544853416643,17.636343439028,16.8631943173329,16.2705935073668,15.8316174117106,15.5005329908646,15.1684496432165,29.009107403296,14.036114509175,13.3109036761251,12.6254364863519,12.031678294227,21.4574907027195,11.178034029149,10.7950297413095,10.3218353622465,9.78348278777454,9.24379585568457,8.74179018861627,8.29445836677631,7.90505042143008,7.56085677116882,7.2346761390736,6.91905465835941,6.6223784439279,6.34852315990392,6.10182004220306,5.88051434471828,5.6773538811843,5.48114555555476,5.29819320460818,5.12539230734643,4.96011148971165,4.80463053228528
"Sri Lanka","LKA","Upper","Under-five Mortality Rate","Total",,,,,,,,,,,,,,,,,,,,,151.987163419032,145.129237613666,139.1419583901,133.342824667018,127.493470758507,121.397107751969,114.898389869841,108.252664969524,101.796648885006,95.9188666642134,91.3762761267117,88.3410281538982,86.4052331808372,84.5956038743153,82.1893101152366,79.588615219766,77.0854795390112,75.0745719770128,73.680903213914,72.8919746758723,72.381279208607,71.7865761660342,70.793621373347,69.1486335810716,66.6240753464258,63.4511312375296,59.5252197410219,55.3508990687171,51.267932310461,47.384571521733,43.8699140656835,40.6090602580397,37.4457974268942,34.1407767041349,30.7727692050173,27.8950392497412,25.8323699970866,24.5874108993305,28.4783307522377,23.7962774370627,23.693446660126,23.306198906885,22.6318962885784,21.7970986052156,20.8654367325454,19.9056325286047,18.908420684489,17.9688519081004,17.190322595278,16.5818670346487,16.1379123347901,15.8072085817086,15.4877785283231,29.6432783244597,14.3319281829587,13.5878326887474,12.8860511540531,12.2881946102787,21.9345252112241,11.4094784654916,11.0108273998141,10.5205218561153,9.97666115091383,9.44558885359895,8.96421082476513,8.54845630404933,8.1647991217334,7.81802182476414,7.51461137825574,7.2970654756603,7.15065460348582,7.0625887717384,7.02090048314406,7.0184579259943,7.01105232894098,7.03078948962872,7.07246749681458,7.12733935371953,7.14710028776509,7.17886800378781
"Sudan","SDN","Lower","Under-five Mortality Rate","Total",,,,,,,,,,,,,,,,,,,,,,,170.736741680238,170.315855048773,169.927964022127,168.913810042632,167.51101991143,166.24704159555,164.709257950192,162.956127827157,161.139306702511,159.048666834286,157.222443838849,155.316878022928,153.53303152091,151.865392659078,150.259693296179,148.986232552578,147.816888345126,146.977140754059,145.994361428726,145.188460149825,144.383582720627,143.527989812291,142.636409541682,141.529140534778,140.429460491823,139.229205623777,137.995522917252,137.095412115173,136.139745565512,135.090573942081,169.671061987439,167.44723691355,165.283341767256,129.170110023999,127.251867737868,274.391490777997,122.995887893293,120.698352076993,118.450307867368,116.166682786771,113.526122498844,110.856514390559,108.046182505998,105.263447407547,102.363199164724,135.774351477926,96.3584746765866,93.1903644287038,89.9984194974983,86.702619697769,83.4971276585164,91.5589060343529,89.1408571021927,74.6719654874807,71.9903225935713,69.4589104842711,66.9676279986325,64.5006080587151,62.0497492245659,59.6343115206317,57.2638997470234,54.9013583822857,52.4207922879859,49.8200788017643,47.1848587841636,44.6050169180663,41.7882244790861,39.2103531008374,36.7314471359316,34.5179596502703,41.2456323869064,39.0243251684026,28.2990961010362,26.5841775749605,24.970676328074,23.4649245154888,22.019413012825,20.7597462850345
"Sudan","SDN","Median","Under-five Mortality Rate","Total",,,,,,,,,,,,,,,,,,,,,,,200.099894744199,197.118009658604,194.14130189599,190.953820377727,187.844089805473,184.702290158383,181.790998738073,178.877333033184,176.261564047638,173.589119191112,170.999506890094,168.685638670084,166.501585546998,164.621995837349,162.892851088803,161.445046909446,160.128386450705,159.018483036699,158.025506480653,157.032035499725,156.055450218707,155.024225837591,153.874714819673,152.64525956966,151.371414697782,150.140898736621,148.951443433792,147.74077583107,146.618326892086,145.445846700219,182.658821176589,180.486063814952,178.323898647761,139.445398712762,137.521193958377,297.043395414058,133.237996102519,130.868391638123,128.419385900754,125.91486600053,123.333642630128,120.643794180556,117.809734705813,114.877403930369,111.809131954692,148.348799787674,105.326780102941,101.981091376915,98.6406520207079,95.242282863272,91.9316044688488,101.14711536252,98.7935329542254,83.0119304029926,80.3955767872437,77.9155504878828,75.5398050042394,73.3759325619013,71.2813472313172,69.2856830355836,67.3499537886283,65.4272239865577,63.4731890265534,61.5726537537292,59.6772297709582,57.8096577189169,56.065624564146,54.3093618149863,52.6662486312746,50.9517803711511,63.0881272641427,61.6023223076518,46.1551612901581,44.6037903721693,43.0476209524451,41.7239981240882,40.3780665038705,38.9627447018796
"Sudan","SDN","Upper","Under-five Mortality Rate","Total",,,,,,,,,,,,,,,,,,,,,,,233.179630232591,225.730086046213,218.929351597864,213.377233245128,208.378679482816,203.70299525421,199.448223834473,195.647347619786,192.12582762896,188.845362593812,185.950264871004,183.076944203847,180.675250755061,178.481936459688,176.418228045254,174.544306012999,172.978978990978,171.744486189423,170.545387603879,169.32269133259,168.169483215885,167.043192828381,165.940990549869,164.717252668964,163.298868404888,161.945087172594,160.516040667109,159.171822509464,157.907153558834,156.705101227198,196.993748160925,194.779216863907,192.621058599215,150.870100276822,148.896296654808,321.765423789875,144.259446641431,141.899798295161,139.482355081737,137.115683768072,134.448788661946,131.711039830793,128.733114337132,125.52298331599,122.27384498897,162.393035938706,115.339776087441,111.820709698287,108.14845041597,104.555131768645,101.117037213361,111.477986774063,109.054157289077,91.9560245723535,89.3629569504994,86.9884701709444,84.8170600044018,82.8467325476756,81.2169423635483,79.9472405211795,78.6513020342034,77.4618617267966,76.5013028023226,75.7178038408215,75.4008638831451,75.1498228586731,74.8348425004517,74.8529067402693,74.988309299195,74.8773829053253,96.0037805728394,96.3261094142863,74.5146133465174,74.2991242396463,74.0543807886106,73.8499739641596,73.4592085153727,73.1243733008994
"South Sudan","SSD","Lower","Under-five Mortality Rate","Total",,,,,,,,,,,,,,,,,,,,,,,,289.021873449183,291.95372774338,290.596985206812,286.397926904799,279.94282067419,272.918454928011,266.154720862843,259.045612198693,253.055581606608,279.054858188157,243.657794922086,238.688578658576,289.637350900284,285.023633028905,282.629620434457,287.538323084786,285.5218570401,226.005363759009,225.351384506804,225.373678069976,224.890130574584,225.564629559517,225.387471119006,225.520020805825,225.71961148664,225.765207612051,224.95515629977,223.579158792336,222.774148919942,220.434290110596,218.095269451681,216.010743848604,214.223689419289,290.001520182253,634.070431101599,249.293898161539,246.738676299045,243.202189774631,277.017361562411,272.048498571035,187.940285281546,222.002706352494,215.92659451298,209.188614170166,361.190179119802,158.85536723744,151.729449049682,144.673119426129,137.301697615316,129.956871200718,122.253778023252,114.697283726228,106.85040458086,98.7147844229282,91.039039364131,82.872185170927,74.9987807316858,67.8724841117037,62.0571540841492,57.5911380081467,102.009829339214,125.77540621665,132.796053401848,130.992348313035,56.0664845824338,37.6634434817018,34.7512599159791,32.0653850224088,29.2605162668611,26.7644343101449,24.9357255702743,22.6503528303891,20.7219629814181,18.9811673609233,17.1741549935786,15.7641397261782,14.3248972720577
"South Sudan","SSD","Median","Under-five Mortality Rate","Total",,,,,,,,,,,,,,,,,,,,,,,,368.357767669886,365.609540375855,362.939853117277,360.30770636532,357.436840952444,355.132415950401,352.618267138681,349.950207751645,347.189358165742,388.327778066617,341.17753605683,338.307103061164,410.861189764782,407.030991202935,403.469651066884,409.385016594667,405.247915284842,317.695641441214,314.277608877874,311.002083728497,307.23070075001,303.85443195237,300.593715203144,297.082418039046,293.149535561293,289.439531019033,286.009414772487,282.590572947193,279.207449433074,275.947005009109,272.471297986414,268.719781001013,264.973908215039,357.83388052822,780.939112097282,305.680045269644,301.29588535821,295.618451614581,337.126203706012,330.591472295225,227.620768818905,267.971721456676,259.713655443234,250.900610762265,430.79926201744,189.029150408225,180.053267615633,171.069203955223,162.240064014894,153.731067710236,145.814385610304,138.401326188802,131.4513711495,124.856733173974,118.680714114682,112.671616402585,107.157830454908,102.332033838313,98.9155725383923,97.1788795469032,182.629180937717,240.791417637226,272.880542214183,292.048258375538,133.715441744417,96.7113347494942,96.7113347494942,96.7113347494943,96.7113347494942,96.7113347494943,96.7113347494942,96.7113347494942,96.7113347494943,96.7113347494942,96.7113347494943,96.7113347494942,96.7113347494942
"South Sudan","SSD","Upper","Under-five Mortality Rate","Total",,,,,,,,,,,,,,,,,,,,,,,,481.115122206215,470.759441649359,465.303200712998,466.577845911831,469.688713662258,473.550039008556,477.013129431678,482.859151196092,487.632259856488,550.892681411208,487.251729740324,484.08996747349,591.306634504551,587.310835941335,583.171892335387,586.739896359143,576.148319889226,448.879438710308,440.23199630058,430.33334427847,420.273631503513,411.013479781889,401.123178570697,391.868594006903,381.694804218103,371.47358246982,362.946134763427,355.325910102746,348.691870970682,341.8768897474,335.38314048498,328.855780926871,322.54382677229,431.940892028929,934.764213860963,362.600638373653,355.14027735603,346.943310592309,394.160391367984,386.165198604673,266.522265256413,315.437471718152,306.585814373984,297.260344706235,510.476471694701,223.728184196432,212.690364733799,201.711181927653,190.819958017446,181.019156067751,172.505097725454,165.475381085468,159.674805983438,154.869579994606,151.298347061084,148.708189841161,147.118019631523,146.193776269193,146.824749970697,151.285543185677,297.536469508427,409.690574542411,490.408149700603,552.206786349825,266.152895235957,206.668069796347,219.547891900684,233.955691832308,249.088640672523,265.633640805336,283.180989501414,306.441748333815,329.594260145246,356.464868847796,382.904159293756,414.197510239944,454.281416463206
"Suriname","SUR","Lower","Under-five Mortality Rate","Total",,,,,,,,,,,,,,,,,,,,,,,,,,,,,,,,,,,,,,,,,,,,,,,,,,,,,43.1938096641582,43.1081325421452,42.7145505215421,41.9267856296273,41.1647960880893,40.3435068167966,39.4357685213905,38.3966405557357,37.2680448992016,36.0572689596181,34.7887761743211,33.4860552380956,32.2453232961854,30.8615455103392,29.6026818775716,28.3913934852482,27.2396829941702,26.1508274947799,25.1316866536947,24.1419990732871,23.2372830408891,22.4393984269342,21.6711949909377,20.9701362954988,20.3579318768414,19.6704006821409,18.9995865155482,18.3257388443378,17.651068369794,16.951353986797,16.2076812422885,15.5101732563857,14.8293171728286,14.1571269598716,13.4382138307118,12.7660537286138,12.1326576055571,11.4460445140888,10.7984850125088,10.198251189941,9.64698358463173,9.12425074052267,8.66663304091289,8.18657580262305,7.72080368326526,7.27873369559643,6.90076055570415,6.50557480711365
"Suriname","SUR","Median","Under-five Mortality Rate","Total",,,,,,,,,,,,,,,,,,,,,,,,,,,,,,,,,,,,,,,,,,,,,,,,,,,,,56.6469930498627,54.7862463216004,52.9510326332277,51.2517246289026,49.6057032108388,47.956910993377,46.3700245305387,44.8107115173704,43.3148695169109,41.8141231339162,40.2702480972655,38.7954332709313,37.3786455892599,35.984093351929,34.6470762449208,33.386497406977,32.1580563283529,31.0479931842013,29.9720052019139,28.9949200457866,28.0821018906988,27.2384348745356,26.4676262826369,25.7404396101512,25.0520455549948,24.4150659257724,23.8060791285111,23.244787314377,22.6960450651307,22.1682102934367,21.645900195453,21.1246032479042,20.5939004292906,20.07266886703,19.4713958548419,18.9396791184287,18.4040540045722,17.8826519352805,17.3500747846343,16.7706100200041,16.2665911746124,15.7925946921918,15.2989333774918,14.8234239855852,14.355261204533,13.8785473169805,13.4508442506499,13.043526902569
"Suriname","SUR","Upper","Under-five Mortality Rate","Total",,,,,,,,,,,,,,,,,,,,,,,,,,,,,,,,,,,,,,,,,,,,,,,,,,,,,73.9897701308775,69.556077274243,65.6666415953979,62.4257569299667,59.6516215526097,57.1256746708156,54.8845969919842,52.7142856119716,50.6741382454419,48.7063128734496,46.8114159365124,45.0159349907691,43.3308815804403,41.685669846516,40.2481283010838,38.8839474724656,37.6561913889019,36.5185676893822,35.4130604210595,34.4287987532241,33.5701396136623,32.8107158299396,32.0505979149192,31.3575747234392,30.7607543510949,30.2425416549652,29.7283007308916,29.2943917985631,28.9550996692302,28.7810851653319,28.6587621522322,28.6447650339717,28.5595664647006,28.6565617732564,28.7984382342749,28.8753725914271,28.9306130282724,28.8110244087599,28.8323930867466,28.6505433708587,28.4543373389191,28.2825846659297,28.0553112033458,27.941631491793,27.8537932833511,27.5873994851959,27.3489353037398,27.2589712758606
"Syria","SYR","Lower","Under-five Mortality Rate","Total",,,,,,,,,,,,,,,,,,,,,,,219.610118748752,210.337860844835,200.596155937863,191.214686921166,181.729007216207,172.615408216696,163.637553008482,155.522669694048,147.995247867101,141.394907969217,135.236721194577,129.535485459708,123.725766702571,118.063861265867,112.369700693161,106.667237195189,101.070908407985,95.6511204175121,90.5580450012024,85.7501930877824,81.236849791512,76.9779363724367,72.8645663224051,68.9358195547754,65.2097431332067,61.4797367622553,57.9928444905868,54.6963770313293,57.491438341207,64.3069162902895,46.0747842478865,43.7204895606514,41.579603132786,39.6786238023761,37.9297374787805,36.3114964989662,34.760289173258,33.3298300578942,31.908250410191,30.5185705280248,29.1603249616307,27.7753850497242,26.4342680990307,25.1113605334571,23.9112624219491,22.7613787740773,21.722036535938,20.7616666391331,19.9421383788533,19.2220922505651,18.6017209026647,18.0603643049057,17.5925121684996,17.1421061003118,16.7480951377907,16.2930637885641,15.8372370653248,15.3853802608289,17.0869096975559,26.0247868234952,26.8145567635826,24.6096802567004,24.4402305822292,20.1020910996229,19.5015419781293,18.409775159887,13.3996736797807,11.5813678037982,10.6504601442764,10.5638509655563,10.1675847214197,9.20858760586808,8.82992993099238,8.44482075235021,8.10852414858332,7.71245273320762,7.31256246652422,6.91969408910526
"Syria","SYR","Median","Under-five Mortality Rate","Total",,,,,,,,,,,,,,,,,,,,,,,262.988909678669,246.784615761452,231.612412979,217.752269107229,204.952599420626,193.341130444405,182.571407517482,172.812094899099,163.864809139253,155.901367949464,148.759157256474,142.126751555917,135.717203076131,129.547094035037,123.233123799566,116.930372431183,110.783633485816,104.829488029209,99.1244172024514,93.8628746415908,88.9396002076184,84.3297073529801,79.9328833717835,75.6842499316377,71.501026337386,67.5029924357144,63.700059050094,60.1419587009197,63.3810353919987,71.0183008201569,50.9309778959582,48.3650001925415,46.0323942792059,43.8844551803784,41.9458322584879,40.1620586991014,38.4890281104789,36.9154764426082,35.3351376002212,33.7728395569365,32.2282629302548,30.7127693613362,29.2214386002927,27.7943856579166,26.4610916441235,25.2441781999423,24.1377627837847,23.1346402406895,22.2315097859493,21.4319583431675,20.7723259673473,20.2197032838694,19.7574049139497,19.3937625268586,19.092117887531,18.9148406894631,18.8033877822392,18.8176970912757,21.5932853305662,34.1598755705847,36.8724103827889,35.5076504263507,37.1325813805805,32.1734911574667,32.8757991777834,32.4556276528696,24.5580386066836,21.88800109024,20.456324594368,20.6866110799669,20.1149812589206,18.4432727344428,17.8783319025463,17.3012300992294,16.7427654800962,16.2225561039142,15.6862574989282,15.1339623404948
"Syria","SYR","Upper","Under-five Mortality Rate","Total",,,,,,,,,,,,,,,,,,,,,,,316.017092742315,289.162904214018,265.689940441568,245.916156466688,229.552061221618,214.948497311321,201.822772282052,190.299031371062,180.162678757903,171.068128666667,163.008308966014,155.432370513228,148.390237663682,141.455197584071,134.549585219936,127.659674856649,120.824987685635,114.390819981233,108.369837730926,102.598077531181,97.3471447340196,92.2605427534471,87.6340968351673,82.997761639898,78.4670724869785,74.0309642730435,69.8781577645534,66.0502437947683,69.6846530132001,78.2021983139243,56.1221547522967,53.2816687720975,50.7205447862736,48.4290089597779,46.3334296311334,44.4186437285651,42.6109329149841,40.8390199480913,39.1567715566665,37.4514618402267,35.7851884533491,34.1145624049523,32.4263976573781,30.8351370160931,29.3542892522689,28.0024641985939,26.7788795935106,25.7311557751628,24.8141665857685,24.0184718617371,23.3909171729214,22.8720228883717,22.4874977241664,22.2085793758294,22.0815326192455,22.0205603889759,22.0630153481513,22.2302217277303,25.6573675591228,40.8273600965308,44.3091433128815,42.8523971955326,45.2562032947397,39.7159003330309,41.219094443885,41.7290975960883,32.5267790663342,29.9264653996879,28.9225028202969,30.1984358022037,30.3638356267107,28.8495526459582,28.9497419331195,28.9653143034103,28.9574042187084,28.8992358826759,28.9159344818272,28.7078770492534
"Tajikistan","TJK","Lower","Under-five Mortality Rate","Total",,,,,,,,,,,,,,,,,,,,,,,,,,,,,,,,,,,,,,,,,,115.505725433626,115.324734559285,114.117032787452,112.213154420114,110.661697674937,109.249313043823,108.314938230521,107.92852827777,107.96740221313,107.407534971174,106.221160985331,104.36784972697,101.929868851576,99.231385599458,96.4027002364426,93.6213946144221,91.0267473743619,89.8743782733756,90.3889970963561,92.4884981958808,95.8964348238083,99.0257476458621,100.277575736609,98.6539849371393,94.7306130124773,89.5143613244906,83.5128643487776,77.1849703341625,70.7573309239639,64.3088617641356,58.4352309032792,53.2255867037681,48.5162858855541,44.4697624289711,41.1641409414258,38.5109299165729,36.441190068943,34.764334366522,33.1775227516798,31.8332166447022,30.6911264908026,29.6847550063299,28.6784447784938,27.7924633187272,26.9315039904362,26.19249200294,25.5911910234204,24.8968044792857,23.9608618489367,22.7297162663029,21.4123064297429,20.0730731503137,18.7427961075332,17.5687356074549,16.4236935066404,15.4467838886717,14.5059269297105,13.5513337673636,12.7043726868025
"Tajikistan","TJK","Median","Under-five Mortality Rate","Total",,,,,,,,,,,,,,,,,,,,,,,,,,,,,,,,,,,,,,,,,,153.736136025771,148.333752910965,143.112689162707,138.582127535943,134.574031041154,131.434320898788,128.765404297145,127.141086125426,126.002692358988,125.065006488949,123.462494586993,121.118896872675,117.895025728937,113.900511994136,109.487740701757,104.760689774302,100.687574374702,98.652488402542,99.2408379200201,101.549071222201,105.094499558751,108.250860663727,109.441422297449,107.647273417992,103.429507872159,97.9588030152442,91.735141961441,85.0371476128495,78.372307237531,71.8056532026745,65.5648120932225,59.7763246728147,54.6181692076256,50.3031247880507,46.59357616907,43.603442136209,41.234193798505,39.2829362033096,37.6350537639531,36.231097003004,35.0421039033707,33.9689520625327,33.0150515020226,32.2140674844265,31.5374355550252,31.0245093569692,30.6841463940065,30.3706050536241,30.095915128443,29.7748617667044,29.3566733854952,28.7569950508052,28.1262415854691,27.3981552067963,26.6115947941896,25.8390942917875,25.0750492524001,24.2926272093192,23.6009021557095
"Tajikistan","TJK","Upper","Under-five Mortality Rate","Total",,,,,,,,,,,,,,,,,,,,,,,,,,,,,,,,,,,,,,,,,,203.785924882153,188.950336487647,178.210107674976,169.477076234869,161.96863593891,155.875810954427,151.867476328383,149.124159947273,147.219312253561,145.989835280391,144.312503071492,142.489190968652,138.560904403716,132.351835726994,125.038596492031,117.272988611139,111.131135837745,108.256583232708,108.692611199728,111.335534974273,114.976413394972,118.3667371217,119.470080573796,117.301216045985,112.976235172737,107.194859422023,100.621253778111,93.8280874867188,86.8591727656981,80.1145930844933,73.3249724823296,67.0658566754849,61.5997437096801,56.7701347759983,52.8497575438726,49.4870806446937,46.7451007419171,44.5142708903023,42.6870924153702,41.2626357334251,40.0024102782399,38.9241615042519,38.0267930768597,37.3013715621657,36.9669482001535,36.766505355871,36.7292763364895,37.0902496155104,37.8619347140251,38.9719507124506,40.2726683553084,41.5761511802251,42.501355141807,43.2281723183938,43.8632490314108,44.1050964409376,44.6814213927161,45.1410120215693,45.2525052367585
"Macedonia","MKD","Lower","Under-five Mortality Rate","Total",,,,,,,,,,,,,,,,,,,,,,,,,,,,,,,,,,,,,,,,,,,,,,,,,,,51.2329049600651,53.0853404169617,51.5554328162982,49.4914951757866,48.1357046095783,47.766818557157,46.1360721101878,42.8560935700463,38.5279263955406,35.3064011991641,34.0389668259596,32.5716334898009,30.1978085000658,26.9881683849354,23.703342802586,20.983955691583,18.7843190629918,17.3603915903391,16.256428638739,15.3038866424825,14.5019057164029,13.792444299542,13.5478726238009,13.4124813250466,13.0650459781948,12.4921103336235,11.7043103933594,10.9471757359932,10.2782561817733,9.81298362377296,9.67866337925643,9.77055709780209,10.1537666011798,10.5152615567549,10.5048966521243,10.0232120500665,9.05252566292009,7.84199370845604,6.60942429268343,5.53758290882224,4.65879237020209,3.84650717959995,3.06485072198266,2.33336244246739,1.7615035181464,1.36495503523001,1.0855165709871,0.89536729028638,0.745599563801703,0.647044621942982
"Macedonia","MKD","Median","Under-five Mortality Rate","Total",,,,,,,,,,,,,,,,,,,,,,,,,,,,,,,,,,,,,,,,,,,,,,,,,,,56.7626448226053,55.0976079169173,52.9315656102888,50.7686694153872,49.4391212784755,48.8701048136809,47.448669152053,43.9195600192271,39.5916616743474,36.4503962892097,34.9394899526256,33.5769816072263,31.1294381216747,27.8460178882192,24.5632481005672,21.744914439046,19.5464861161711,18.0237578492666,16.9385877388846,16.006331482584,15.1272625852284,14.4838439630856,14.1735326595026,14.0348193042113,13.7298306209617,13.1166538005445,12.3254004812783,11.5213338285904,10.8401845199197,10.3935846942669,10.2393123377954,10.3618469970809,10.7236538654885,11.1009076602679,11.1281094953851,10.5949891009793,9.61805973162292,8.38516067355015,7.10975532145965,5.98818929337565,5.05554210803735,4.2202224308804,3.44950405259934,2.80313937696152,2.3243089445651,1.99801997347371,1.77120946351231,1.59860420374407,1.47120625765722,1.37025149405614
"Macedonia","MKD","Upper","Under-five Mortality Rate","Total",,,,,,,,,,,,,,,,,,,,,,,,,,,,,,,,,,,,,,,,,,,,,,,,,,,62.5619029835742,57.1495615945933,54.3552673266053,52.0779945002029,50.7307486020162,49.9819761879987,48.8611593734925,45.0576697149504,40.6495346565391,37.575354779941,35.8494560898027,34.6822550350633,32.1167980604573,28.7190200138025,25.4255995726548,22.5028855135772,20.3224403426112,18.7181372924137,17.6390278971446,16.7170668488948,15.779037361232,15.1695995366496,14.8363956189379,14.7175521736603,14.4733080897592,13.8079640536021,13.0135085396625,12.1314661908995,11.4274505146778,10.9832279632081,10.8259454288753,10.9695731187361,11.3123139362211,11.7213101750826,11.813543661023,11.2200657115636,10.2212146582488,8.9311061558057,7.63501275519786,6.47636835573206,5.47074595094498,4.62815480563848,3.89369751768663,3.36759951192618,3.03905840857724,2.85890200499095,2.78610997310887,2.74905653218373,2.75114713261293,2.74918045344159
"Thailand","THA","Lower","Under-five Mortality Rate","Total",,,,,,,,,,,,,,,,,,,176.512421482665,173.885663212599,170.550258982684,166.915285337344,163.18582219839,159.13822047448,155.235071820514,151.37559440599,147.278314087326,142.98717741712,139.039882755283,134.900183543863,130.827532607802,126.697216650047,122.594424635722,118.438805033715,114.211251778306,109.866356183207,105.655636469791,101.501381969934,97.2773172611222,92.9966070422165,88.6991498872317,84.4377316869914,80.284009959239,76.2675749103032,72.4250673862924,68.7553495068223,65.4335238220917,62.3374881525846,59.4623527568499,56.8067301072856,54.3150015222099,51.8873660566431,49.6147286928708,47.3700502661012,45.1593795680841,42.9654279073591,40.7824111505461,38.6515467501151,36.5158603487133,34.3963636853039,32.3312141002014,30.3873758967769,28.58259571331,26.9294595518888,25.3996420201959,23.9614143251792,22.6092322690547,21.3094443771819,20.133936354638,19.0163749011234,18.0017244466703,17.0835493883457,16.2227692973612,15.4576243123623,14.7052134852536,14.0580310579773,13.4473429516311,12.8998353208384,12.3934167342448,11.9168347451766,11.5015251561232,11.1301093335835,10.7936664791656,10.4866199316722,10.232234739986,9.97596078540992,9.76280152057713,9.55605665447052,9.33543908330181,9.09524037270567,8.85247833084943,8.57553617547128,8.25715413407706,7.91670112320355,7.552927396413,7.16233839511316,6.7745897423797,6.3706071168675,5.99142938990807,5.59160825092871
"Thailand","THA","Median","Under-five Mortality Rate","Total",,,,,,,,,,,,,,,,,,,214.570716057612,207.376767788781,200.309120164487,193.454251379577,186.862941293833,180.623362727961,174.572943908316,168.763571301647,163.208326162247,157.776959408721,152.546194325839,147.483952079354,142.464588303434,137.530860010414,132.657500893661,127.980982128792,123.354668427251,118.751677896006,114.032600832334,109.32619108032,104.577229328403,99.7547711814611,94.988615685975,90.3727226134925,85.8445827017557,81.5559710287648,77.5256334311358,73.7569036148608,70.2284352176786,66.9060128453044,63.7720982297491,60.8298421430281,58.039948045411,55.414281686713,52.8534113683402,50.393475021915,48.0184785601626,45.7012420898324,43.4276247473172,41.2028718596261,39.0045105936722,36.8734294519651,34.8185649470779,32.9134859369525,31.1496651033027,29.5116105983281,27.9943724940292,26.5802151423381,25.2482521645499,23.9899936061271,22.8116338321982,21.7142976113583,20.6910516261614,19.7418813300076,18.8592728700244,18.0245918477508,17.2484595707126,16.5247359082877,15.8521188383714,15.2263788664251,14.6567904460497,14.1166518086788,13.6141509298953,13.1400611082915,12.6887144183187,12.2668184095174,11.8595604338765,11.4802231226591,11.1075512190968,10.7612892517508,10.4167581374017,10.0856859467178,9.78913785754076,9.49879659411115,9.22134563656785,8.9629664449528,8.71742341053902,8.47160612278394,8.23363582811395,8.00842520300743,7.79196450116833,7.57470687550111
"Thailand","THA","Upper","Under-five Mortality Rate","Total",,,,,,,,,,,,,,,,,,,258.469972580078,245.917809917547,234.515234468435,223.488551910162,213.730350699512,204.882175410021,196.196675804848,188.420761083202,181.007721231258,174.083094356003,167.425645566958,161.349229029114,155.275178172996,149.538675005546,143.997256176475,138.632183725598,133.648129695809,128.635497902936,123.554996018865,118.269211016835,112.92116000766,107.562488865027,102.135338647376,96.9616227797571,92.0258388173186,87.380591033046,83.0435032140642,78.9638943888936,75.2034567768093,71.6380945511639,68.3646055918608,65.1443770760259,62.1343395562699,59.2897286893836,56.5229774542216,53.8766319923335,51.2820490357067,48.8158252766511,46.4061163944744,44.0390137626216,41.6434384825778,39.3806587269794,37.2497941225338,35.2719686397421,33.4710446172276,31.8059736830135,30.2500405660114,28.8245555902072,27.4810411369412,26.2379168614152,25.0620083190185,23.9372615282594,22.8694380847908,21.8634066714116,20.9374267110088,20.0276079958179,19.1837286508092,18.3799178614163,17.6063005207985,16.8853339682695,16.2065534410988,15.5679766982183,14.9819631267194,14.4413940494401,13.9533683068618,13.4957212764475,13.0866605280911,12.7490501478222,12.4363388597174,12.1820702642275,11.9865331180439,11.8147949195371,11.6877689277986,11.6183983260603,11.5626493419969,11.4902674567463,11.4133054725247,11.3403493540218,11.2641710321748,11.1848802150897,11.1281164659774,11.0588892892209
"Timor Leste","TLS","Lower","Under-five Mortality Rate","Total",,,,,,,,,,,,,,,,,,,,,,,,,,,,,,,,,,,,,,,,,,,,,,,,,,,,,,,229.42069568787,227.47262821358,215.175460338494,215.37369536109,207.343031325978,204.747836942922,202.14910167037,192.435120768536,182.467385564545,175.392055761315,175.890583460641,167.910907515996,159.982511105896,161.180788078162,181.457319832341,100.885004649054,96.2646808602688,91.7165750304552,87.1577968644504,82.6928930223501,78.4434704557966,74.562675087532,70.8069911583823,67.4237862292485,64.1711343053126,61.2112892436215,58.4818264544124,55.9270950198337,53.4316859710388,51.1762655663184,49.0052865346963,47.0740767531412,45.1354823631136,43.2473943220473,41.4226500300878,39.5799940900488,37.8796291656552,36.1401043058343,34.3963580152198,32.4884045822073,30.7442706993213,28.9784327793259,27.3930213859149,25.9761129850483,24.496280235889,23.0429545251794
"Timor Leste","TLS","Median","Under-five Mortality Rate","Total",,,,,,,,,,,,,,,,,,,,,,,,,,,,,,,,,,,,,,,,,,,,,,,,,,,,,,,271.750188009062,264.02956227385,245.462313660805,243.033717834611,232.071047282998,227.999678690387,224.337186397047,212.781250934345,201.537761839048,193.053562998175,193.6100649548,184.77381300441,176.352762400149,178.015354203566,200.593978867321,111.503528145378,106.437732281897,101.494640560016,96.7626298228574,92.2515020984949,88.0018362662411,84.0100039707521,80.3532685203719,76.9387869819824,73.8523380876388,70.9912062738142,68.3769529053359,65.9234231121699,63.8852355145419,61.9391362428568,60.2042907856403,58.6661807255561,57.2597245621681,56.0278107825476,54.7630390697242,53.4079070938842,52.0453734884559,50.6746212308686,49.1504679221778,47.6216817605975,46.1247388364571,44.698054578697,43.3593233570514,42.0044849944788,40.7664053906054,39.4715969543687
"Timor Leste","TLS","Upper","Under-five Mortality Rate","Total",,,,,,,,,,,,,,,,,,,,,,,,,,,,,,,,,,,,,,,,,,,,,,,,,,,,,,,324.706669894025,308.03860262248,281.471201009103,274.774239190446,260.393582597609,254.442373369152,249.154810607411,235.495875631606,222.593261522993,212.79529839679,213.071470321324,203.244787651013,193.990111443331,195.932954191237,220.790563985935,122.664296266186,117.24120046521,112.091787349006,107.115112076049,102.421460151817,98.0460888481081,93.8692978744956,90.0159671723262,86.476408536327,83.2951939605889,80.2366299242396,77.6079496078701,75.3166932951617,73.3109016232214,71.7666308048463,70.6560489845567,70.1587295812683,70.1274174964481,70.7193433133109,71.2430813866152,71.9387769629656,72.5650576142924,72.8825051131519,72.8089594546372,72.3873811690731,72.3431266007153,72.1189971083357,71.7817874597248,71.4167216357211,71.5244664640159,71.3274228550425
"Togo","TGO","Lower","Under-five Mortality Rate","Total",,,,,,,,,,,,,,238.516230519466,241.656898844318,244.872196488303,247.322847906718,248.971758705413,250.866434483935,251.551472401398,251.70747544785,251.274405235566,250.551952221469,249.437379640096,247.919759319628,246.276462344791,244.388990641352,242.261988268566,240.132501864638,237.675567286004,235.275334401119,232.591402416279,229.634382545659,226.485259479079,223.396734987503,219.941060049374,216.295109973762,212.298952337836,208.438718860628,204.508417490142,200.562556413386,196.561140879701,192.471537268701,188.180857607299,184.006473818192,179.691825240555,175.568185240379,171.338031541233,167.322358864748,163.346414480206,159.641209066299,156.148792864887,152.845328000506,149.5689327256,146.72028302255,144.110749643199,141.621578311838,139.528847460233,137.585532064945,135.939094230896,134.202057231743,132.515569137815,130.491828722533,128.417216330798,125.896205489681,123.329473541366,120.420319206468,117.364133254972,114.059950376423,110.670370647055,107.249407512824,103.875977115285,100.502137321818,97.3156911432116,94.2538101400396,91.3471495732984,88.5357731751592,85.7292334974962,82.9368265823121,80.1311685160925,77.2053684391217,74.3742282893707,71.4596291448227,68.5837714507919,65.6415531458572,62.6088106451784,59.5170306343134,56.5529910958482,53.3631486794708,50.2909481871917,47.208955652765,44.1493933634932,41.4044313358301,38.6841969723951,36.2447039100794,33.8881197646101,31.8677209331966,29.9024489005023,28.0290632154782,26.3541596008381
"Togo","TGO","Median","Under-five Mortality Rate","Total",,,,,,,,,,,,,,290.582303955473,288.965593106273,287.127313792793,285.435559044577,283.529951827971,281.628645555315,279.823590763376,278.152062675818,276.300120176867,274.3935324583,272.627019226101,270.733183841255,268.66331764199,266.554271424307,264.325512819523,262.061700106802,259.722349122001,257.02770968304,254.39076779723,251.395461315093,248.337127221889,244.948741686591,241.348349465654,237.595619041347,233.609003292105,229.442097084252,225.05641639306,220.514700598938,215.991701085824,211.368193027841,206.667878512696,202.053874914152,197.366947426335,192.766426629374,188.156014004972,183.710269944563,179.341297930751,175.206645928505,171.1362399,167.281042446879,163.657325173629,160.233750841754,157.171796541766,154.363836260638,151.826296678162,149.465840498539,147.333895241065,145.227447579675,143.087127762734,140.844991093854,138.46288952311,135.746775685081,132.772606775254,129.580184502976,126.215320471612,122.761549706267,119.236720357462,115.721130448809,112.164983681927,108.786520237673,105.467500828478,102.363154177706,99.328300891683,96.47057442675,93.6661188658262,90.9341742533767,88.259162526417,85.5612148380242,82.8706092727912,80.2090763200805,77.6711978345041,75.188676644847,72.7936326971489,70.4279195902579,68.1307291070544,65.9614480856859,63.9422372697389,61.9707042871944,60.0341646696069,58.0686935906097,56.1280177235099,54.3649833453461,52.6372853893732,50.9025458628053,49.3023566466842,47.7160929417833,46.1666151870696
"Togo","TGO","Upper","Under-five Mortality Rate","Total",,,,,,,,,,,,,,347.855101728238,339.934591051618,332.350794852582,325.581105168999,319.961572616701,314.530238500598,310.187095474709,306.349956654737,303.213491287786,300.484238843219,297.883380710761,295.442879724458,293.348659565881,291.08443360591,289.125174524657,287.332274959852,285.04621363145,282.814507915653,280.508918132042,277.545910685338,274.523422548865,271.262233004221,267.550371584093,263.432241549864,258.87997168021,253.962161559635,248.689998568829,243.56491039154,238.801374413472,233.392322542486,227.951518505861,222.453677558613,216.972161910341,211.739429524034,206.540767268107,201.392983600048,196.358717786663,191.609330358224,187.049812373662,182.765036021024,178.796397106225,174.966481286365,171.38995287776,167.982099271728,164.962070585597,162.168867240948,159.517385827382,157.095919631243,154.644318196618,152.494973766508,149.89127981497,146.901260982237,143.707551985798,140.267729511327,136.531812774994,132.61859070787,128.762324552645,124.946747304982,121.122044010399,117.566532342855,114.186264364984,111.076883507358,108.22265728814,105.390204838897,102.507554688111,99.8287097845606,97.2982054730592,94.7740950519615,92.3703568271095,90.2274862732585,88.0966516308368,86.2570457141798,84.6418082115993,83.216576699246,82.3573034001557,81.8129209077688,81.4399068837604,81.404505808231,81.4168489842549,81.3606575269775,81.0039527661032,80.6443668338809,81.0683854565162,81.1413825874642,80.6957811171864,80.8595694689993,80.9840011261959
"Tonga","TON","Lower","Under-five Mortality Rate","Total",,,,,,,,,,,,,,,,,,,,,,,,,,,,,,,,,59.0920610542189,56.5236312968141,53.754144613746,50.8612157640461,48.0344845422147,45.2499305048962,42.6311113329326,40.1115699192524,37.7987726009737,35.6256126806982,33.7696133227395,32.1196753279323,30.6057990991794,29.2210695788944,27.9004162604524,26.6702578408468,25.5565725702468,24.5698617459363,23.6639793903192,22.9092452232874,22.2401807591988,21.7253957676009,21.2601562206386,20.8123914156375,20.3455700292213,19.8157948940418,19.2237664849455,18.5678681410428,17.9235763045342,17.2886155737705,16.7484057442151,16.3263652505592,16.014841729047,15.7430589865337,15.4605640951454,15.1971624961006,14.9067099646577,14.5601559365432,14.193840641684,13.851205705176,13.4749300574556,13.1054401707887,12.7920117859097,12.4479681401266,12.1058783195197,11.7815955479067,11.4690734533366,11.1114394733905,10.7890762525978,10.4537524506638,10.0842260980047,9.74533172024317,9.38493402322616,9.01353839624482,8.63978959552511,8.26965283329449,7.90923670492958,7.51430606122869,7.1664744476123,6.82063960884462,6.45950413566746,6.09502015683805,5.78961286851274,5.46047856191096,5.14618677829377,4.8590628320053,4.59381620358545,4.34083397320708
"Tonga","TON","Median","Under-five Mortality Rate","Total",,,,,,,,,,,,,,,,,,,,,,,,,,,,,,,,,78.6796677284419,73.7562537841508,68.9546183634525,64.6782981521735,60.4460166701794,56.4224356672068,52.6667249651427,49.2695524652563,46.244495271387,43.5006055287161,41.1232902768506,38.975815675311,37.0067633028993,35.2435344941037,33.6156543340097,32.1798064663076,30.8422637093202,29.6344667710134,28.6366845811357,27.7598599065268,27.0239676076472,26.3342452938957,25.7012348403935,25.0851731383362,24.4196566981268,23.7025548874072,22.918779957644,22.1104757015993,21.3071642928176,20.5480158398819,19.8864674598302,19.3155729199448,18.834597842223,18.4260966278935,18.060414089792,17.7056948996358,17.3168782664447,16.9122019529783,16.4809805954145,16.0180958491877,15.5696778724443,15.1544547606281,14.7543959552064,14.3777266001376,14.0175029711092,13.6740851890996,13.3568794969178,13.0644388714674,12.7985645362003,12.5559857446704,12.327064513823,12.0883396746965,11.8636634287603,11.6090066404924,11.371613170378,11.1369284160629,10.8826158668583,10.6378725075174,10.3754275569912,10.0883975814443,9.78917571540182,9.51310026164437,9.23018489781204,8.961273121923,8.70267608133291,8.43356593983645,8.16664145278605,7.92005178802709
"Tonga","TON","Upper","Under-five Mortality Rate","Total",,,,,,,,,,,,,,,,,,,,,,,,,,,,,,,,,105.756416592999,96.9897234909506,89.5972153542129,82.6432924115822,76.2914964468617,70.5860924362935,65.524321457417,60.9889787476727,56.8739682154434,53.3487350379807,50.242328357598,47.4819501236947,45.1129561905096,42.8806898237535,40.8702561339468,39.0934730893868,37.4532117164844,36.0181365874373,34.7377534986399,33.6257796743494,32.6285552307096,31.7610797466792,30.9039699086913,30.0320666845219,29.2123713663555,28.3001390178927,27.2895290267477,26.2988115741022,25.3049153163084,24.4058680182219,23.5138455728128,22.7788310407731,22.1020673379457,21.5003358377266,20.9694930725826,20.5394456343082,20.1090933245687,19.6324613047928,19.1125020999297,18.5790227418564,18.0483487539753,17.5518460860332,17.0557272254291,16.6364270371901,16.2389098612464,15.8953498804443,15.5755661319993,15.3471609456657,15.166965736075,15.0430572795491,14.9525810423368,14.9094366334264,14.8944177019478,14.8594233765697,14.8483276943994,14.8268420096884,14.8429465961129,14.8731535653048,14.8670127261592,14.9038582814721,14.8226989068626,14.7811504916068,14.7214660562085,14.6953150843163,14.6677987290019,14.5644178516408,14.4350858269578,14.3063497161154
"Trinidad & Tobago","TTO","Lower","Under-five Mortality Rate","Total",,,,,,,,,,,,,,,,,,,,,,,68.1645674598484,67.1129437342285,65.7260160952061,64.3107990639296,62.8612431375476,61.2060360652372,59.672385015347,58.1071586354972,56.3264975744632,54.6685083222431,53.1802404188461,51.816790307242,50.4647375531914,49.2723930169788,48.210578353191,47.1996707839451,46.3008602171761,45.3626982594585,44.4413922025341,43.4471704435157,42.4601125473954,41.4429078317885,40.4095334449192,39.3652087794343,38.2048402025762,37.0072200997276,35.9117278356202,34.837221815171,33.6974271278267,32.7052089027206,31.7572617100469,30.8986719346914,30.0704769023959,29.3616903113772,28.7415258229333,28.2508433677992,27.8590976475336,27.607534841043,27.3450310259544,27.1676252391578,26.9274436620592,26.7206363082878,26.4621740360701,26.1862872409368,25.9028968808071,25.5971258281767,25.2901709347731,24.8793096484066,24.4359476829539,23.9610257333528,23.5264663316939,23.0569089023107,22.564706999914,22.0692473737754,21.5773340689903,21.0588209144382,20.5165441408408,19.9686286687077,19.4291699027895,18.8722944236127,18.309320170443,17.7515907789424,17.2062067369805,16.5709836221459,15.9588219078957,15.3810609433977,14.7898396866616,14.1584246164366,13.5195757139362,12.9260231860909,12.3042393270632,11.69581065886,11.1352897453253,10.5331743480997,9.93101019459112,9.38786964330413,8.85514177432635,8.39659600800121
"Trinidad & Tobago","TTO","Median","Under-five Mortality Rate","Total",,,,,,,,,,,,,,,,,,,,,,,86.1327547165282,83.4015901416687,80.6291679357273,77.992800727927,75.4359520960514,72.9614876039653,70.4558967228628,68.1395534553779,65.9070816184636,63.844046670477,61.8526252258314,60.0456675361219,58.3970667466026,56.9042624814402,55.524076085004,54.2525260026345,53.0411927289959,51.8928282398393,50.7575843830132,49.6089557148093,48.4508856592701,47.2608514477752,46.0399505390294,44.8377044728577,43.633414726222,42.4394059116493,41.2516891073636,40.1107329006914,39.0390406654519,38.0180868241055,37.0666323194221,36.206304384509,35.3785930561019,34.6271557745311,33.9581365030769,33.3312266072392,32.7627212468838,32.2748665678815,31.8494985985982,31.4265320825762,31.0756305145755,30.7461212894023,30.4452114436304,30.1405969430312,29.8347449707744,29.531773023748,29.2007438555546,28.8451692720475,28.4926720285197,28.1236569698852,27.7157821521419,27.3226455497242,26.9243999524344,26.5016738974612,26.0689282283772,25.6536809066697,25.2563454168797,24.815438718839,24.3757260438985,23.9441744375018,23.5366662726401,23.1280221501054,22.7240494843448,22.3453755273901,21.964350980982,21.5743554613204,21.1758481757697,20.8045689180366,20.3586981292749,19.8720917055199,19.3412249343958,18.7791051063516,18.2170850974939,17.7207172634772,17.1750318098845,16.632368831087,16.1179423480269,15.6078606476992
"Trinidad & Tobago","TTO","Upper","Under-five Mortality Rate","Total",,,,,,,,,,,,,,,,,,,,,,,111.694405019038,105.771324491079,100.689768084251,95.7258335936517,91.2959474928945,87.4630840959703,83.7210627862294,80.3009610395811,77.2765264396575,74.4304793021859,71.9212383759387,69.5559908180601,67.4153955745218,65.4497670801451,63.7050752226946,62.1379315244913,60.7348808779778,59.4502133793971,58.0561920108329,56.721016677071,55.4132897870669,54.0960344509872,52.6887835737255,51.3428328607124,49.8968315724002,48.4838452874339,47.1472543622202,45.8069639999589,44.6069152304457,43.4633302424872,42.3715541845133,41.3697922028403,40.4400429051391,39.6076374613109,38.8128774411493,38.1002832717998,37.5463459011499,37.0089934660804,36.5383001427527,36.0427599417481,35.6175845156466,35.2182994683917,35.0378820563336,34.8219088860361,34.5996420330131,34.3293588810414,34.1265820543168,33.9127197907049,33.6473694972791,33.3728414522309,33.032226640349,32.6928605963049,32.4390606406948,32.1801309299765,31.9679500192321,31.7016164323301,31.4463932198749,31.2059017774107,31.0261535864825,30.8117909210258,30.6092916060833,30.5716427360442,30.5125281024263,30.5332312453633,30.5698060816678,30.6800564861723,30.8332425477339,30.8562865025913,30.7875134740239,30.577382428321,30.4190220953826,30.2503872773446,29.9478327006647,29.6173931176913,29.3477401489791,29.2568614045897,29.0489922625703,28.8922515600502
"Tunisia","TUN","Lower","Under-five Mortality Rate","Total",,,,,,,,,,,,,,,,,,,,,,,,,,,,,,,,228.022754217336,222.342759016743,215.878365954356,208.018865746725,199.476014259397,190.950489576361,181.964366833749,172.812152991105,163.753329887606,155.005560047201,146.568497538597,138.167698398432,129.925670837275,121.88004460853,113.865711900038,106.082432843071,98.7288024455033,92.0195608451287,86.0189055677531,80.5745574417265,75.7055139170635,71.2125145887986,66.9369245036473,62.9634908868192,59.3775431974249,56.1548620497533,53.0481576683843,50.3975829133311,47.9995709798672,45.7186229570678,43.5423658580156,41.2115576114911,38.9505107990147,36.6008205539577,34.1559874306795,31.7466895678413,29.4999157734381,27.4487284759382,25.6241828561086,24.0268007942938,22.6830625112585,21.6093223521715,20.7183377726481,20.0121022794688,19.4957317939332,19.0696987250264,18.6782253171816,18.2755749072849,17.9214770794425,17.685689121029,17.5847855935575,17.5767221217153,17.6526204335001,17.7305044098479,17.7221087802638,17.5663621733286,17.1694283569582,16.5340367948262,15.6733169270247,14.6360658504274,13.4707231410295,12.2695181042244,11.1589123855429,10.1679915954894,9.29262690498603,8.52414762852182,7.8631298022546,7.24015763683977,6.66735053290667
"Tunisia","TUN","Median","Under-five Mortality Rate","Total",,,,,,,,,,,,,,,,,,,,,,,,,,,,,,,,272.518711253418,260.209487162217,248.108023086775,236.171631632647,224.577950464701,212.965826565967,201.810729844684,191.118342032142,180.940517213187,171.237592439506,161.886828226301,152.697844636652,143.583520020603,134.507461169041,125.814390074456,117.371106049081,109.475535280872,102.257207528526,95.7846115812646,89.8526852051336,84.4892766073101,79.5705364564671,75.0354528882828,70.801333594116,66.9383215971312,63.4463596959575,60.2752777142227,57.4841083298989,54.8817430684551,52.4282522026937,49.9009694652663,47.3949002689624,44.7781972342562,42.0245255135118,39.2303282303745,36.4637195497834,33.8278253672535,31.3667383460393,29.1521669089389,27.1853730459454,25.4658813497391,23.9649136970722,22.6802168295411,21.5935233137757,20.6913213829699,19.9699177820341,19.4094293919117,18.9959788785452,18.7095060813538,18.5270925788065,18.4029775965931,18.3284982394066,18.2779470571622,18.2182009276157,18.1164822594235,17.913728230336,17.5226102700684,16.8710709999668,15.9891439220132,14.9653491130441,13.8971340754204,12.9077160406345,12.0713197219513,11.3774735475232,10.7952979281238,10.282554047315,9.86143891186976,9.46768863280001,9.11032411044242
"Tunisia","TUN","Upper","Under-five Mortality Rate","Total",,,,,,,,,,,,,,,,,,,,,,,,,,,,,,,,326.997765978672,304.720895096442,285.31081613569,267.571140467178,251.680456380013,236.971349969708,223.591162077108,211.107056830532,199.683687627245,189.013998687242,178.714377451327,168.495868162202,158.459190455855,148.656024298616,138.861450636386,129.608533426286,121.053177392761,113.090628586977,105.994671420741,99.7727437835259,94.1251222596311,88.8525268781,84.0043197976245,79.5084950102908,75.4865120400391,71.9059567776125,68.4842587706568,65.5248769213697,62.690002994104,60.0632826584129,57.2217354405266,54.3837069090779,51.3569080191517,48.2668393517478,44.9910517821653,41.6616184849544,38.5345292901792,35.6818199049527,33.0866050746554,30.7025100507885,28.5512456957351,26.5865496455483,24.8199116326304,23.2862572629759,21.9789372262841,20.9236554044598,20.190442861174,19.7762235661935,19.5557420848257,19.4149811559592,19.2826366614807,19.1319087643349,18.9421603770705,18.7258131539672,18.5294656737252,18.2769233495662,17.8746057487365,17.2073193516579,16.3113909264203,15.3026630426049,14.3538539552604,13.580389268235,13.0648492344503,12.7549023585502,12.5831173972219,12.4759825854118,12.4377096568749,12.4404276256898,12.3889293349451
"Turkey","TUR","Lower","Under-five Mortality Rate","Total",,,,,,,,,,,,,,,,,,,,,,,244.280251185334,246.770644427352,247.479961784691,247.110481942481,245.427419656292,242.270967811666,237.72509620624,232.242795934647,226.00548448186,219.361467173579,212.616720694678,205.898522215825,199.375310627416,193.504749350759,188.198587660958,183.145853197233,178.307628658081,173.496910614123,168.807465824703,163.701165075424,158.701116821103,153.404887874805,147.938494479975,142.374961685844,136.624624487836,130.875221791382,125.208118467889,119.483478853584,113.651382934541,107.934941228288,102.263990236725,96.7669754257924,91.4931586564132,86.5221902774928,81.7916226341459,77.2453983395718,72.9012688148594,68.6541743350355,64.5120537759679,60.4739077935687,56.5982298225235,52.8693879091556,49.2947665959145,45.9831709991401,42.7575957766354,39.6210908476537,36.71324364459,33.992994494577,31.4554881299164,29.0808675517069,26.8921677814057,24.8440224413915,22.9985675798712,21.3412901425186,19.8149469691268,18.4423773808111,17.2296384275684,16.1654720571123,15.180243819984,14.3026259988306,13.5446610563926,12.8918134820695,12.2852511096214,11.7476285638561,11.2873582825539,10.8373874447902,10.410344382075,9.98512412365166,9.5601584241473,9.12443523044066,12.1082319284625,8.27276566436865,7.84761335762304,7.43713260922954,7.02675132116091,6.62011113582998,6.25479286615208,5.844539402939
"Turkey","TUR","Median","Under-five Mortality Rate","Total",,,,,,,,,,,,,,,,,,,,,,,290.343758394408,286.249543346857,281.998459596788,277.86478698627,273.206788801425,267.73426973668,261.666740706876,254.703424500135,246.917038098584,238.787238467892,230.638044739846,222.793822049525,215.301212642932,208.488540900562,202.296001099181,196.57588546049,191.020635978741,185.640607995388,180.432531609178,175.047219680519,169.506928983963,163.855483145719,158.010244793081,152.113480838009,146.165592829726,140.173388824073,134.106727645137,127.992071579176,121.858453067693,115.792512478142,109.738929507507,103.905503735528,98.3040155898381,93.001684282427,87.9505836675859,83.0665343361153,78.4262949745839,73.859401008345,69.4443551493497,65.1789974125587,61.0606908460018,57.131377419497,53.3563799599798,49.809578937761,46.3884759979902,43.1149674972466,40.0743814757783,37.1931484148101,34.5007620332701,31.9550283309886,29.5717991180962,27.3662492846632,25.3308612449035,23.4797766524259,21.7939657974547,20.2640314335479,18.8786329585788,17.6433794452066,16.5554930802605,15.5820442763699,14.729517970288,13.9740585221947,13.296696248432,12.702142249823,12.1694293860662,11.6990789176085,11.2830875658724,10.9039875299071,10.5549097085914,10.222159637685,13.8039099451341,9.60697197535864,9.30283127654902,8.99692723331962,8.71851940324336,8.44400399758563,8.17482567750621,7.92312114370137
"Turkey","TUR","Upper","Under-five Mortality Rate","Total",,,,,,,,,,,,,,,,,,,,,,,342.206756210884,332.421760989703,323.324119219989,314.873105651721,306.712351859234,298.55143419526,290.124277251617,280.632351558829,270.952027749478,260.939933505857,250.989691091502,241.621914979203,233.178851334626,224.99420521184,217.357689495953,210.921014371785,204.595836919658,198.774113887826,193.07842964236,187.147960620195,181.173240820301,174.938762869012,168.666176273012,162.365212100252,156.033004732729,149.677423474922,143.258522467572,136.841097596631,130.292942342778,123.835941124477,117.491095773554,111.334970733961,105.4825370979,99.8375197601114,94.4529742841837,89.4245795383723,84.4829056505353,79.7249528391006,75.0289124526348,70.3949049790764,66.0500971843972,61.905541240881,57.9683436433669,54.2182201026309,50.6091950064814,47.2029599486674,43.9449529301463,40.8507901603443,37.9187139179322,35.1426867928966,32.5486701037413,30.0309063227995,27.7772786570369,25.7200723599335,23.8337127655373,22.1222151653584,20.5791179686127,19.201635668878,17.9847230605426,16.8955052097756,15.9453213968875,15.0843270754083,14.3246990388673,13.6649502887128,13.1072767996889,12.6089857496086,12.2106137149032,11.8814203748258,11.6396316618851,11.4883405483201,15.8311029593903,11.2933806750728,11.2616689210752,11.2043616768918,11.1473269845668,11.1132745411283,11.0379756265352,11.0783931695898
"Turkmenistan","TKM","Lower","Under-five Mortality Rate","Total",,,,,,,,,,,,,,,,,,,,,,,,,,,,,,,,,,,,,,,,,,,,,,,103.467311168997,101.984624628657,99.0550280933303,95.863622045064,92.757502575428,89.6787131807266,86.2562975585047,83.0442617969087,79.9963917315682,77.2149857565067,74.7200360500901,72.3693999109905,70.3283696122928,68.655234974443,67.8005804621338,67.8502344406723,68.4002481797914,69.1336614007891,69.3591244883045,69.0164413195918,67.7291267101751,65.6737688203227,63.0176638432113,59.8119551354281,56.3157657928464,52.5144886072735,48.7712182535934,45.2644295539314,42.1414715728078,39.6106055239008,37.6112523595847,36.0940960912104,34.9696843270236,34.2374988082831,33.8311250729172,33.7924788921124,33.9063563614358,34.007053945372,33.8881554918844,33.5156845263422,32.8168375724301,31.6235380180785,30.3532763500765,28.8922698548609,27.4670660321551,26.1230221237493,24.5601628786049,23.1387810920288,21.8214590245018,20.6592191943833,19.4657862430421,18.389522932147,17.3942503418281,16.4855213559033
"Turkmenistan","TKM","Median","Under-five Mortality Rate","Total",,,,,,,,,,,,,,,,,,,,,,,,,,,,,,,,,,,,,,,,,,,,,,,130.318357562385,125.713660754131,121.108704168852,116.568581576597,112.081023643037,107.354237117578,102.63672165577,98.0200261968104,93.5544392119901,89.2982559069554,85.5393019020207,82.2955577566004,79.7022974976,77.8597647358046,77.1646963750915,77.1514712645659,77.4926182903655,77.947954540485,78.0110600218729,77.6834698112729,76.4746255176585,74.5468001760965,71.8775735793807,68.736292475515,65.379357332703,61.8989279342542,58.603594924691,55.4331168472645,52.558239349355,50.1296810682989,48.0586584994248,46.3731367390657,45.0206603826967,44.0307205361646,43.4016806488163,42.9471106134049,42.8258567512941,42.935182129393,43.16330215197,43.5480342776714,43.8299335134153,43.821279420358,43.5194116005442,42.8781676356522,42.0688618209862,41.1390434164027,40.156358629465,39.0047649276246,37.8209861574867,36.8643110657014,35.7014563788302,34.6378716555572,33.4991083983467,32.4624991592615
"Turkmenistan","TKM","Upper","Under-five Mortality Rate","Total",,,,,,,,,,,,,,,,,,,,,,,,,,,,,,,,,,,,,,,,,,,,,,,166.318540542994,156.460745836529,148.846682260086,142.412996485745,136.537704111885,130.509956961208,123.900901171184,117.375596220495,110.979827975593,105.039562365209,99.4284346722117,94.5965943524598,91.3266898678404,89.5423546480936,88.8138994577318,88.9745309019234,89.1751724869069,89.2284468565161,89.2344303049901,88.645143932719,87.5156130052205,85.5799098045755,82.8427963788424,79.7569236901736,76.3235214512386,73.1872943149988,70.1457537146799,67.46862846428,65.1241431093651,62.8235300174445,60.6309291276177,58.7731616048959,57.1486815109104,55.9395957066696,54.8309090212937,54.1936891331721,53.8928005026566,53.9282228877696,54.3337710772014,55.4230952652722,56.9782560200696,58.7881913309279,60.5464475564477,61.9266833328687,63.284829480732,63.8709318343773,65.0324612171423,65.6863099239199,65.781043537035,66.0542815502996,66.4680770944473,66.2273683530363,66.0332750134631,65.924898226751
"Tuvalu","TUV","Lower","Under-five Mortality Rate","Total",,,,,,,,,,,,,,,,,,,,,,,,174.217898057073,173.512397039872,172.319284868756,169.863652924757,166.759585393853,162.49958767781,157.712429144676,151.904322164193,145.653646326987,139.097277782149,132.567223032412,125.925448803837,119.470734272998,113.415672199322,107.503683658695,101.629278708789,95.8327669262129,90.2852973235678,84.8432164221202,79.3833053812569,74.187659810734,69.4776637292384,65.3496311744908,61.730078705418,58.5334931935934,55.8724031649824,53.5084547603582,51.3832378943111,49.5609511377555,48.1027964551505,47.0018822627637,46.1609945174462,45.6577013375442,45.428793201207,45.3567885127823,45.4826837944155,45.5367032359585,45.5109088935122,45.397248545837,45.2291503135684,44.8894927981054,44.3052204323934,43.4399598767327,42.361690459697,41.1996958978815,39.9430772554592,38.7118493989962,37.6368151371026,36.6978009704407,35.773253698372,34.7549891310523,33.5866752436845,32.1613595183488,30.6294944959981,28.9880945388515,27.2711335443686,25.6091013491629,24.0627581394747,22.4350833990309,20.8895751269964,19.4289816483808,18.0004658225996,16.6942810429579,15.4582117692369,14.383223221012,13.5237931315923,12.6888198498402,11.9258162159479,11.2537737291938,10.6601020065406,10.0375929329236,9.45493745123504,8.95044016063846,8.42030931075357,7.96584132916726,7.52711601159266,7.17857863537392
"Tuvalu","TUV","Median","Under-five Mortality Rate","Total",,,,,,,,,,,,,,,,,,,,,,,,225.050024124325,216.008610070111,207.321879787013,199.314659890955,191.459504159784,183.976678688975,176.673131845903,169.503730253366,162.28319648709,155.344710225352,148.465972514019,141.821789831712,135.204248025413,128.785341886644,122.627172700963,116.574221563794,110.535590042448,104.721068468961,98.9917518457006,93.3165413462993,87.8759836705151,82.9039771755652,78.3783810368351,74.3441913895422,70.7746477194643,67.6793738556619,64.9536413260531,62.6510355178893,60.5959988558542,58.964967278768,57.7071689627205,56.7002923744254,55.991362032045,55.4569169959653,54.9558047911954,54.5300248526449,53.9757901915243,53.422438459568,52.7152388131928,51.8848389976366,50.8708135538847,49.7164480705778,48.4034304547216,46.9705988912378,45.5160115625877,44.0959703993039,42.8202525403281,41.7556286727817,40.8388121902936,39.9704196068338,39.0837126251625,38.1036884458261,36.9422736698427,35.6114828459287,34.2022248040614,32.8011028777662,31.447503850092,30.1991374065809,29.019164037521,27.9687343366503,26.9460062005249,26.0261345402409,25.1582502638389,24.3223048035916,23.5303900103466,22.7250836049482,21.8835414745839,21.1897568375953,20.5008122644091,19.8069117000168,19.1736895373325,18.4846431865604,17.8984768618926,17.3304899522618,16.7859142143577,16.2350701878592,15.7271319610596
"Tuvalu","TUV","Upper","Under-five Mortality Rate","Total",,,,,,,,,,,,,,,,,,,,,,,,294.246652055023,270.855958090323,251.663909977439,234.49740005276,220.762337234745,208.291902544526,197.942885437615,188.736646485056,180.474259527813,172.891226038195,165.759185030746,158.980238163381,151.951654488014,145.615526749461,139.293919686356,133.211456384155,127.103927712593,121.194933019344,115.173806166392,109.241449955858,103.617778254611,98.2940474736737,93.1571553056767,88.7317166654613,84.9748319954788,81.604021379624,78.7323985782249,76.2920041560454,74.1374876197446,72.2559944736488,70.6549730516406,69.3786372114102,68.4917363316231,67.5640611849671,66.537257725195,65.4521833993806,64.1570034970237,62.7027045588734,61.1336921242418,59.4294397521945,57.6428579519577,55.8053945357634,53.9544762377611,52.1628120107926,50.4490792608883,48.834217682291,47.4402411528346,46.4030114459559,45.5194842845717,44.7912782014034,44.0638795549975,43.2177466204754,42.2725434855214,41.2799482039415,40.3377214243383,39.4512056664342,38.6914848547437,38.037293100536,37.6522365930139,37.4464845139594,37.4430036657686,37.3702414603049,37.5535327305875,37.7349587140083,37.6277295896787,37.4802951332998,37.2434313544671,37.1441326405037,36.8969583024251,36.6352244125896,36.2594999548582,35.9315870059162,35.7397660608593,35.4469415369074,35.0399580857815,34.7482282106774,34.3381030873786
"Ukraine","UKR","Lower","Under-five Mortality Rate","Total",,,,,,,,,,,,,,,,,,,,,,,,,,,,,,,,,,,,,,,,,22.8125502142898,22.6425305578606,22.4768022807197,22.3742002264358,22.2697020711231,22.2231572828925,22.2046132447072,22.1583233798132,21.9882022482439,21.7346829805419,21.4024117133936,20.9155516203521,20.3513639603329,19.7655963451425,19.1837859275972,18.6530641306724,18.1661082635919,17.7665523074445,17.4700658669254,17.3156633746613,17.322077578828,17.4560190382963,17.69924431494,17.9700228167983,18.1634533225426,18.1911092133913,18.0660186889052,17.7628832365733,17.2703539964933,16.6692590947232,16.0036868599443,15.3617455147593,14.8019986884432,14.3579843147217,13.9538033759589,13.5570287385259,13.0793586988426,12.527469797596,11.9446424402849,11.3673238929133,10.8389129807928,10.3386434227741,9.89893702626399,9.5020813347768,9.15407174989923,8.86619754311419,8.61007448068777,8.40866661074718,8.23310111215896,8.06637401338844,7.86424986824186,7.95566283431867,7.31257076904412,6.89710266164416,6.38120157303555,5.9651300949059,5.5865672895987,5.22261262445596,4.87464038890517,4.55487289676917
"Ukraine","UKR","Median","Under-five Mortality Rate","Total",,,,,,,,,,,,,,,,,,,,,,,,,,,,,,,,,,,,,,,,,32.8256410596575,31.7385919219885,30.7827438707505,29.8985317316472,29.1434776332445,28.5373803374101,27.9582144164396,27.4208579536558,26.8244934895818,26.1330196814011,25.3816067554496,24.5636921817702,23.7065953651299,22.8034291042929,21.9344500003696,21.0735757219635,20.3621383810531,19.7840091944178,19.3915908679386,19.2046047505809,19.2222303136108,19.3832193296779,19.6588269735528,19.9320271300267,20.1190491395153,20.1279472799677,19.9233125684708,19.5139193730343,18.9198927026625,18.1866768190546,17.3896468594038,16.5767934288552,15.8224651302343,15.1241952402617,14.5104339690521,13.960765556043,13.4243153194782,12.8654573476602,12.2838548519446,11.7118614769593,11.1623508664187,10.6562586566422,10.2030910514764,9.79990600909976,9.45131756290236,9.14960566018829,8.89787829206047,8.68357258116337,8.50287080131383,8.35214205321016,8.21809625275543,8.49394500061857,8.04714372807913,7.88811901162288,7.59163440225039,7.38732767196964,7.18119525141362,6.97596248365388,6.77783001865448,6.58809583073533
"Ukraine","UKR","Upper","Under-five Mortality Rate","Total",,,,,,,,,,,,,,,,,,,,,,,,,,,,,,,,,,,,,,,,,47.6622978486324,44.8790831919409,42.520014368043,40.4741785715178,38.5455948638954,37.0276749163593,35.6753583688257,34.5056802187072,33.3538344461202,32.1760294886772,31.031737748814,29.7360708577531,28.3573352415486,26.9610792390311,25.6857640551233,24.4636771856297,23.444972734968,22.6578246624752,22.1025450928759,21.8606142131338,21.9151292703036,22.1698334023549,22.5283419790065,22.8361392291113,22.9587765480352,22.8603262513026,22.5290289574437,21.9232940083004,21.1509817323393,20.1641505726871,19.0225476899224,17.8550966929824,16.7679955981419,15.8205974464033,15.0163290129904,14.3458136581586,13.7870420155395,13.225165484892,12.6529752716686,12.0814769322427,11.5115403357716,10.9896626827796,10.5141159188308,10.1097917168936,9.75715931170858,9.45243727358934,9.19374297837059,8.9585646056441,8.76405904753761,8.64724897312155,8.64839016392776,9.16159549003992,8.96294741138573,9.13562174258167,9.15084155078163,9.29336067104236,9.43354236065103,9.53273860121495,9.62602616207544,9.71224501768932
"United Arab Emirates","ARE","Lower","Under-five Mortality Rate","Total",,,,,,,,,,,,,,,,,,,,,,,,,,,,,,157.149716125214,151.658665368113,145.688210769519,138.950793127368,131.712818786283,123.740069378135,115.623525008382,107.541255687791,99.3175309827276,91.1533867969697,83.2511901605584,75.7629897848076,68.6262795577262,61.9810595496408,55.8993382403023,50.4346721631833,45.4905414969259,40.9622931662163,36.7847116432018,33.0597977251863,29.7378184762297,26.8301109925263,24.2729900736486,22.1629355634892,20.393460223498,18.8957737487115,17.5963341116449,16.4941742323724,15.5426331836136,14.7260651771811,13.9963838048795,13.3761330323665,12.8098397782988,12.3034307215266,11.8691897787345,11.4763383643876,11.136959378348,10.8362227927581,10.5752229577393,10.3532291086513,10.1513386399919,9.95774247964284,9.76847967095905,9.57707034425638,9.39775307210397,9.21432232884303,9.03387149279245,8.86631781162874,8.68735066362692,8.509977618062,8.31540385183307,8.12374056512807,7.91993303245899,7.71205235805542,7.47410615396279,7.21655947720315,6.92443868396092,6.6074684123469,6.2656095808057,5.91197514243242,5.54647828551513,5.16414987356396,4.77791977060786,4.41680729545108,4.08263101297527,3.78651183822464,3.51043530292563,3.25336796067323,3.02102681520665,2.80388077764348,2.61288894724941
"United Arab Emirates","ARE","Median","Under-five Mortality Rate","Total",,,,,,,,,,,,,,,,,,,,,,,,,,,,,,201.290758002355,190.720217488496,180.254223489568,169.688543156212,158.953773655585,148.006435454922,137.198937509879,126.578018035963,116.162091157763,106.116696081304,96.480703346364,87.4027156407214,79.0907311822084,71.4936435253434,64.560168179384,58.2593031943953,52.4581659545529,47.133059526823,42.3176600924369,37.9281116207381,34.0430123317812,30.6645388864574,27.74054145537,25.2357281679703,23.1119655001803,21.2767267847019,19.6922427203969,18.3137159005778,17.1067624921086,16.0634378053726,15.1398789191248,14.3494909768963,13.6604619839086,13.0710461504499,12.5720798852067,12.1402636797388,11.7751490540785,11.4655904078783,11.1953751738814,10.9567053018329,10.7429170057739,10.5399449725408,10.3390215490421,10.1510996409196,9.96189582929415,9.77448244869273,9.58479785468652,9.39187580913946,9.19994791987648,9.00488305777781,8.80491121861337,8.60106068164823,8.39011236854295,8.16733711504675,7.91973200900735,7.64452556721828,7.33892720268054,7.00455932460607,6.65398973805431,6.29846384462352,5.94755559889471,5.6123439468875,5.30518120406865,5.03272162208363,4.78920132042751,4.57909494895913,4.38434046124488,4.20451644655452,4.04550734066473,3.89431873592642,3.75577961842405
"United Arab Emirates","ARE","Upper","Under-five Mortality Rate","Total",,,,,,,,,,,,,,,,,,,,,,,,,,,,,,262.011077530063,241.99184841093,224.452581059883,208.502902424399,192.910234841178,177.697035519231,163.018775941013,149.177291443043,136.13670313239,123.59622101041,111.789199704228,101.035914409959,91.1431383807092,82.3067184177523,74.3182212788545,66.9792922104461,60.4575512042323,54.2255090259131,48.6215904287685,43.5424099016812,39.0648558305543,35.1548759957854,31.8264619718507,28.9057693447674,26.3249044707105,24.11370670154,22.1518594535465,20.4107834795382,18.8907081871613,17.5402671084478,16.3837272521301,15.3813384206531,14.5511709866237,13.8685292634214,13.3052446477188,12.8485903455056,12.4526796757289,12.118369470608,11.8370988905741,11.5869642589705,11.3646620104572,11.1464730448448,10.9362142785237,10.7298745509972,10.528401294272,10.3307556313057,10.1408994540367,9.94115038506359,9.74463846976757,9.53284106041116,9.32991109501728,9.11608451723496,8.89504157287892,8.65829028893472,8.40301261574421,8.1095292283118,7.78868035605589,7.43130560157128,7.05353213947577,6.69117871050498,6.36067125546795,6.08662583513712,5.87702792570625,5.73047635808325,5.61111909816096,5.53193485611281,5.47336354573394,5.44917085086018,5.41975781281111,5.41593528758594,5.40643077187904
"Uruguay","URY","Lower","Under-five Mortality Rate","Total",,,,,,,,,,,,,,,,,,,55.8229464010205,56.6583651177827,57.0856443622189,57.3968629092035,57.8466048098099,58.5220765680069,59.5377363103323,60.7981930446409,61.9038387249267,62.6828354183799,62.7468015507967,61.9725727182559,60.5343344089671,59.0731901033693,57.9571198288094,57.1384933327157,56.7180519007792,56.3977278241987,55.9238774196805,55.2111314344703,54.2245678895401,53.1631642919487,52.3520331300735,52.2641116836743,52.975317873358,53.7385938733084,53.9141502197358,53.05709624626,50.8192749191893,47.3181327268578,43.1388865576135,38.9455569864856,35.2007361686123,32.3115719163578,30.42255819809,29.047600778126,27.889833008563,26.7776780858347,25.6750203235991,24.6179447884638,23.7295035924341,23.1297613408804,22.7268705423436,22.3970303777117,22.0343824091138,21.5064442716988,20.7966972966887,19.9195133215468,18.9515825194771,17.9967590348158,17.1701370079751,16.5959723917843,16.1763415522914,15.7779109168278,15.3515768671741,14.7877950846511,14.0540615103025,13.2123230827272,12.3649946698251,11.6006725853876,10.9376690613137,10.4361821328247,10.045591666991,9.70525563094659,9.37463636053538,8.99882772730962,8.58680569446162,8.16342998880225,7.75605902245237,7.41736201172485,7.17068683301131,7.0291776313225,6.96606525234177,6.9358483275772,6.88491633771331,6.78405941127713,6.60403480072977,6.33030260032491,6.03136457962709,5.70274408400611,5.37634345790847,5.04729083136945
"Uruguay","URY","Median","Under-five Mortality Rate","Total",,,,,,,,,,,,,,,,,,,63.6768826239181,62.537044121683,61.5715473616469,60.853912013491,60.4539284038152,60.5082030232163,61.1131487584413,62.0701083902479,63.1066010137906,63.8914224227036,64.0849587470278,63.3805284831927,62.0197131002891,60.5365266751561,59.2544534944554,58.3122877383893,57.769887319494,57.4342139525246,56.9794905762462,56.2141845978162,55.2282290284823,54.1400850633424,53.3161933308577,53.2104488141107,53.9093370162052,54.737011263054,54.9552619211996,54.0979457373065,51.8598121630998,48.3522926020309,44.1374050204795,39.7965308156608,35.9304207795185,32.9870236475838,31.0236717180738,29.6157346977416,28.4268961268089,27.2924916951585,26.1866469839061,25.1198076607681,24.2232490551304,23.6011823866769,23.1954120372893,22.8641694609567,22.4903430579634,21.9797965513525,21.252953841219,20.345684069089,19.3576002425425,18.3989173297708,17.579700209852,16.983885984885,16.5596138038206,16.1804575185183,15.74193758425,15.1738659330147,14.4318391346193,13.579416732375,12.7231279171482,11.9439185696172,11.2896767039368,10.784275341206,10.3866482444434,10.0346288429356,9.67999157478173,9.29430568696626,8.87357028962123,8.44327225191829,8.04445679653134,7.70754037443212,7.46118807204668,7.32566329815241,7.28650611519515,7.32088536450846,7.38797089342997,7.44674699716131,7.45490149393901,7.40298706241382,7.30060498357413,7.1725043533369,7.01127630105774,6.84349624048899
"Uruguay","URY","Upper","Under-five Mortality Rate","Total",,,,,,,,,,,,,,,,,,,72.6766826076195,69.2695240026023,66.4914845324988,64.5101220817957,63.1726710791818,62.59990800386,62.732674228073,63.4042294924382,64.3706298486038,65.137611442414,65.4507505489685,64.8522652144549,63.5910029333929,62.0884646457086,60.591176068521,59.5071048864888,58.8775387588771,58.5218271950435,58.097396163505,57.2752498854923,56.2729979906773,55.139488713484,54.308439197304,54.2266483764523,54.8732036941793,55.792161908271,56.035013113096,55.1781925060866,52.9362933572657,49.365719473793,45.1291037270217,40.6696403440977,36.6671073271519,33.6523528006704,31.6265238628826,30.1998871061493,28.970692793794,27.8093755559586,26.7013411879272,25.6200039558368,24.7194717826017,24.0874463321907,23.6615310398863,23.3315056067849,22.9546622168337,22.4529555314051,21.7082830351768,20.7953690472627,19.8084615459899,18.8322192336579,18.0014181091583,17.4015634942549,16.9720826332733,16.5845458107196,16.1396076013842,15.5749718454138,14.8189017980706,13.9567738950832,13.0950834458545,12.3090597376427,11.6613320143353,11.1594781311155,10.7511984967964,10.3859869062426,10.0026249757219,9.6098210148031,9.17907567607248,8.73733318825981,8.33936005545202,8.0090227664989,7.76474820459312,7.63615995975236,7.61516935612575,7.71337186371077,7.91146368807017,8.14633703608816,8.36758653241265,8.56538577544399,8.72184447794461,8.87043001156283,9.02592309460862,9.13261565030414
"Uzbekistan","UZB","Lower","Under-five Mortality Rate","Total",,,,,,,,,,,,,,,,,,,,,,,,,,,,,,,,,,,,,,,,,,,,,,,,,99.1267468491089,95.6241844940601,91.262062645358,86.5635146860735,81.76981548625,77.5096093678578,73.4662538008035,69.8108573311437,66.6596564203795,64.2881440363759,62.7374128447419,61.8002394026155,61.5635443920509,61.6687190131021,61.6894400537072,61.4968808810582,60.8909174347662,60.0386022044254,59.0155508423493,57.5953123067464,55.7601606123191,53.4432658515681,50.8867676484833,48.0139038470408,44.8527746784301,41.6371044530632,38.5123595796849,35.5392646801732,32.7175822103947,30.1198108762618,27.6713007761883,25.5172910077715,23.6188867381912,21.9652973864717,20.4910167515209,19.2035371161463,18.0342987861194,17.0247715511925,16.0757480679171,15.2153319969914,14.4810911570367,13.8740820706304,13.4153312422343,13.0275492367491,12.64391100397,12.1741059113757,11.5326121064086,10.8463362566813,10.1403258630742,9.44561535844171,8.8134555069195,8.19581800029623
"Uzbekistan","UZB","Median","Under-five Mortality Rate","Total",,,,,,,,,,,,,,,,,,,,,,,,,,,,,,,,,,,,,,,,,,,,,,,,,125.809311848387,117.138104931292,109.076577226808,101.659666148764,94.979282491429,89.0286504194601,83.7660857347111,79.281673211357,75.6055732266677,72.7800075310587,70.8539334429501,69.7629940008716,69.34194463039,69.3581358749411,69.357889319609,69.0567982156362,68.45677074242,67.617416103641,66.559853735125,65.0407256611395,63.0471000300604,60.7303070288813,58.0438957055834,55.0422816574638,51.8999203447192,48.5680565624762,45.1771734783727,41.8651547608053,38.6323491283803,35.5148439681126,32.5630691780558,29.8354199699342,27.3433172761581,25.0482355771745,23.0244989690695,21.255254333527,19.7150535108486,18.3986277474626,17.3077989663084,16.4125074997133,15.6869151498898,15.0933224663093,14.5943883303089,14.1427434410613,13.7303708244386,13.3548367819199,13.025079911003,12.6833081175358,12.3446924226772,12.028053519157,11.7106228917067,11.3357684034534
"Uzbekistan","UZB","Upper","Under-five Mortality Rate","Total",,,,,,,,,,,,,,,,,,,,,,,,,,,,,,,,,,,,,,,,,,,,,,,,,161.029968612471,145.324109926585,131.848715408431,120.939935884886,111.296840025392,102.968397595657,95.8870590259677,90.0763251726363,85.5445097861717,82.1827538406802,79.7243657818725,78.4078273192789,78.0869832048015,78.1623971576621,78.0199964931173,77.54728590826,76.6983567714934,75.8304271512657,74.7965265646013,73.3425769016303,71.5496948024731,69.1480193036408,66.4771635843787,63.6810271576077,60.6804641094268,57.3324084494337,53.8664482321522,50.135917397019,46.1843884565449,42.2631494320536,38.4444914478822,34.8380673448156,31.3852026330385,28.1751741136275,25.31436972957,22.8203446840754,20.8319466564512,19.3641902269278,18.2803277784543,17.4289454343033,16.7228475741753,16.1328313263461,15.653045540756,15.3485963777803,15.2437914271569,15.3688014756578,15.6020051729198,15.8736762327212,16.0939469369381,16.3044717146699,16.4990616593745,16.5722552387694
"Vanuatu","VUT","Lower","Under-five Mortality Rate","Total",,,,,,,,,,,,,,,,,,,,,,136.777391109668,139.993531281137,141.936497172595,143.211001047976,142.575029570177,140.692904464605,137.693388435707,134.102136473971,129.781477910224,125.216802555481,120.441616451167,115.811757351546,111.001404535407,106.29112682351,101.63844676289,97.2554373921412,92.8966052002109,88.8763506701205,85.3992751197435,81.9594136614914,78.7489501813873,75.845103915094,72.9353100767597,70.4548651901418,67.5612909796444,64.596970381629,61.6973314185272,58.4903269590398,55.216770489226,51.7013101813671,48.1999297396866,44.8757847933082,41.846138393493,39.037914443573,36.5529765517091,34.3242604335739,32.4553158239459,30.9135945796897,29.4834200851425,28.2439083873918,27.1625017732502,26.2698230387751,25.5090256635334,24.9056059386169,24.4002400826558,23.9701551469263,23.5749833267181,23.2176486196616,22.8537644965086,22.4908269323616,22.0906711495776,21.7386197914749,21.3674816642203,20.9939350785956,20.5601258798389,20.0346093026823,19.384809932116,18.7101016850559,18.0273998346607,17.3515391153608,16.7451635842785,16.2011842923775,15.7812811973061,15.440675906057,15.1245516443226,14.8232762061665,14.4668023113757,14.0943887742655,13.6195765723196,13.0943239101601,12.5823618379726,12.0433084602387,11.4812513715331,10.8641221950174,10.250920614343,9.68333212128668,9.1606645392417,8.64355903522172,8.14677435851626
"Vanuatu","VUT","Median","Under-five Mortality Rate","Total",,,,,,,,,,,,,,,,,,,,,,178.81127534453,175.781028954534,172.829459864615,169.641160740429,166.501671898991,163.299642191156,160.063935044492,156.544048032866,152.996321192706,149.177985174976,145.017370340235,140.732333942192,136.283923235188,131.63452060154,126.723264010005,122.087297020696,117.243155720583,112.496394214796,108.019384046143,103.637098850509,99.3786512444027,95.2907200806177,91.4378850663032,87.7541084255791,84.0866572002464,80.196136986209,76.269579750966,72.1317668127538,67.9087129434705,63.6061698876683,59.2526472437141,55.0012056795767,51.0291736718682,47.3980665073621,44.1647887447789,41.3422619314804,38.9324069317779,36.8891575449746,35.1031697076278,33.5931505398728,32.2708824553634,31.1425146522743,30.2215748280423,29.4082555363968,28.7005113752486,28.0921116650746,27.5758182998701,27.0820301824396,26.6037965891427,26.1481910920782,25.7262412020947,25.3240910021441,24.9588740943135,24.5477825761655,24.0594521309544,23.4515946623549,22.6961146033174,21.9009435278011,21.0998500938118,20.3489569642812,19.694582292665,19.2063118598057,18.846339216753,18.593639747782,18.4295393690846,18.3008794063984,18.2261510527549,18.1479041000976,18.0842450187633,17.9954624370282,17.7874134624335,17.5025856265427,17.1444522417471,16.7375815144872,16.3068163922021,15.8302019562554,15.3667657293893,14.9138846356517,14.4705814070135
"Vanuatu","VUT","Upper","Under-five Mortality Rate","Total",,,,,,,,,,,,,,,,,,,,,,237.593521158672,224.123959785797,212.853229144743,202.91776054425,195.031642565625,189.592669801058,185.725306434135,182.387791350128,179.329156623319,176.84355125476,173.576175830722,170.334219085714,166.92916368243,162.771079722529,158.335108003174,153.449953601287,148.015449381264,142.729575965409,136.853681447765,131.399376760866,126.170222674168,120.704190892627,115.419265504932,110.27562762009,104.877317800384,99.7374726891368,94.5804531600644,89.1674807719639,83.8699804008318,78.4546033005161,72.8309355743326,67.6186938510241,62.5083601190459,57.7131720228316,53.4954451869978,49.8328648708476,46.7034443444838,43.9894266977756,41.656789991762,39.7706567652628,38.2038258509659,36.8326069082263,35.7043499559358,34.7199137573702,33.8170091716948,33.0407197553154,32.2299838328348,31.5299133395292,30.8713887986338,30.3681739481223,29.8804597681226,29.474675803538,29.1337474024345,28.7136632482174,28.0865375409565,27.3826790815154,26.5590397835297,25.6706132192168,24.7430367603947,23.9821768106261,23.3300815653157,22.8396783207234,22.5334392901608,22.4175428883869,22.3648899940392,22.4326241952971,22.6803968981715,23.0536011287245,23.5768328424955,24.1307291668798,24.4280559553985,24.7237618944024,24.7743328009346,24.7695230532167,24.7877840904179,24.7587589255805,24.8034202602031,24.7973608005104,24.9163404737833
"Venezuela","VEN","Lower","Under-five Mortality Rate","Total",,,,,,,,,,,,,,,,,,,,,80.586151236726,80.6827801693002,80.3701817705059,79.7266838340449,78.7382728896148,77.5417904571663,76.1352449377218,74.4416490066528,72.6857759935989,70.842847253462,68.8104376870483,66.9738337520244,65.296117109979,63.6409722681388,62.1938196467813,60.9498625094466,59.7363913857681,58.6808552063448,57.5462172363863,56.247219515641,54.8045038645334,53.1520342342571,51.471944920882,49.8608935054575,48.2557447417718,46.6443435802063,44.9872360644244,43.3919818959416,41.8412028580075,40.2270101265845,38.6961957644729,37.1935955408065,35.8073721023624,34.6419214871413,33.544513567784,32.5750360598574,31.5989549692029,30.6209529930359,29.7092945605368,28.7961463328137,27.9931538068776,27.3080808623821,26.7563421084507,26.3069638609303,25.7490990499458,24.9712782559232,23.9953485755416,22.9490220003769,21.978056083503,21.1191801150487,20.490346397083,19.9683843013,19.4192424658773,18.8006606810365,18.1475506959257,17.5692629768228,17.1173972178463,16.8431635911277,16.7852703514914,16.8542153121325,17.0172589795484,17.2498555458251,17.5215810320342,17.7079140152614,18.1610741358842,22.3510587303129,21.561999829012,20.6901799288723,19.7768683782684,18.8362350538398,17.9253260925544,16.9929702458323,16.0355342690189,15.0692505730879,11.0102937521901,10.3126030307508,9.63650226035176,8.93643113485981,8.32889527048078,7.66297355596197
"Venezuela","VEN","Median","Under-five Mortality Rate","Total",,,,,,,,,,,,,,,,,,,,,118.832630223926,113.447308038474,108.162398175327,103.30760976052,98.7589703038758,94.4508222355828,90.3746443296419,86.6303526233759,83.2212905404629,80.2317197555711,77.5594034688707,75.2938154913747,73.3376034420552,71.6277163733605,70.1708917325515,68.820014781278,67.5094487472122,66.1764360535077,64.6705155600993,63.0320135999601,61.2387111547249,59.3513219834928,57.4877366805571,55.6612280033044,53.8159076646799,51.9526420801601,50.0463382576651,48.1255785253743,46.166807751618,44.196621892923,42.3212328409816,40.581851939889,39.0355651157304,37.6350975698851,36.2984291536629,34.9710011937581,33.5964958771382,32.2192508959509,30.8345212198574,29.5828945309135,28.5893045460392,27.8374385668292,27.2719897382337,26.8194539027049,26.2712016911486,25.4617411583251,24.4557725513311,23.3893157254436,22.3807411368611,21.5203484751175,20.8713910491225,20.3416903955127,19.791642342112,19.1546152852396,18.4979802717705,17.9065397278825,17.4457431760677,17.1704982643725,17.1039381809499,17.1846838272972,17.3542281364123,17.597049907805,17.9118029071624,18.2854716073864,19.1199999996953,24.1999999999644,24.2000000004448,24.2000000000828,24.2000000000829,24.2000000000828,24.2000000000829,24.2000000000829,24.2000000000828,24.2000000000829,18.8661175050828,18.8661175050829,18.8661175050828,18.8661175050828,18.8661175050828,18.8661175050828
"Venezuela","VEN","Upper","Under-five Mortality Rate","Total",,,,,,,,,,,,,,,,,,,,,176.117230667256,161.12900497863,147.81322622107,135.298555985666,125.238438795722,116.042108499023,108.278745334965,101.568684317773,95.9973376206174,91.2869519395756,87.6789204744543,84.5963179486978,82.3363956925203,80.3181206445242,78.6280818713179,77.0506406233853,75.3248262795245,73.5927498164898,71.6308545799085,69.6639788771296,67.4951725479797,65.4469970230421,63.524451649569,61.621652075044,59.6220232674569,57.6573445099777,55.5131148023836,53.2438802353879,50.925380845813,48.672993823353,46.5606991108698,44.5843339783628,42.7344763839992,40.9846452630685,39.247783039866,37.4653065272779,35.6562193613786,33.8546724617728,32.0259527132273,30.4360405322637,29.22980955746,28.3711794131025,27.7807058209918,27.3105842894542,26.772433747381,25.9416763987545,24.9128885228095,23.830886418904,22.7968010541229,21.9405900666966,21.2682043645058,20.7167524803069,20.1605683096999,19.4973620418034,18.8447937159295,18.2459064921023,17.7691032853185,17.5046824005869,17.4367378625892,17.5343787728121,17.7017358816661,17.9510103199066,18.3184056275336,18.9003583252,20.1800384891073,26.2943961995229,27.2576061193562,28.3633926893098,29.6643777692922,31.157540277787,32.7918825248781,34.6320909930348,36.6242921328385,38.8291547855077,32.3664316957665,34.6597220846157,37.2916654121621,40.1186833175413,43.4418398232645,47.045381249032
"Vietnam","VNM","Lower","Under-five Mortality Rate","Total",,,,,,,,,,,,,,,,,,,,,,,,,,,,,,,,,,75.8312827127671,81.3420971995433,83.4897490646433,85.7939086364677,101.040361107349,95.1585278583707,95.86982601692,94.5732626391032,108.362690307626,95.0878491525579,98.4603910495175,70.6615880289658,69.5379658587498,68.1043847191148,66.6792102246986,65.2351733814363,63.7839796399594,62.3750297263986,61.0032084203317,59.6681016656861,58.2388666512897,56.8444570696034,55.1837476745387,53.4048450518204,51.480665293874,49.4277394875804,47.2390461857653,45.0154862364267,42.6336087906516,40.2485589926695,37.7465069740946,35.336094056901,32.9133555669432,30.7197281055331,28.7658526057157,27.0086327064134,25.4702867818927,24.2376292234655,23.1833577516317,22.346269091339,21.7032518540175,21.2693325026399,21.0355347405305,20.9174363366067,20.9043642984732,20.9661299692795,21.0465122787135,21.0854074319525,21.050135646576,20.9180388871815,20.7113493977944,20.4070702051896,20.0706581555316,19.6731434422107,19.247196703818,18.7767026980725,18.2227967158171,17.597399287587,16.8956239562637,16.0903981274847,15.2095886386158,14.3299719080744,13.5023443119286,12.6468071720212,11.8335682247208,11.0479348797848,10.3372253815688
"Vietnam","VNM","Median","Under-five Mortality Rate","Total",,,,,,,,,,,,,,,,,,,,,,,,,,,,,,,,,,99.3788529514256,102.947244741293,103.281804663095,103.880035475906,120.134418687877,111.271000818055,110.418324355863,107.626400116722,122.391406825842,106.589383135949,109.883550979567,78.5225301102875,76.8736600681131,75.1647658376883,73.3753739953963,71.628935900695,69.9162594227234,68.2452944035936,66.711337987425,65.2447366806179,63.7634718672507,62.177691642272,60.4215038926581,58.5028998702086,56.3330665281377,54.0192833929065,51.5732638150304,49.0862336166323,46.5568258307987,44.068478528163,41.6722485337934,39.3635706235963,37.1978990997424,35.219347835788,33.39660961964,31.7648252312405,30.2792792669367,29.010297960513,27.9009660315277,26.9209226512861,26.0860780102424,25.374618724925,24.7770542799282,24.2768725428076,23.8281147951731,23.4489665815079,23.1132061563376,22.8128893145914,22.5458670964228,22.2511611904014,21.9513436279984,21.6353418435007,21.2856544852439,20.8883354901083,20.4683413349111,20.0095218998592,19.4923458401006,18.9441965733775,18.3795651154614,17.8253910243433,17.2729699881185,16.7519685301161,16.2228311933883,15.7255585776168,15.2458084131439,14.7570144830136,14.3010699590307
"Vietnam","VNM","Upper","Under-five Mortality Rate","Total",,,,,,,,,,,,,,,,,,,,,,,,,,,,,,,,,,126.99119376038,128.501255082742,126.077160394968,124.693206164986,141.75281620369,129.498553315841,127.13259333002,122.672758463651,138.319254669371,119.899072399071,122.74132923579,87.320279659719,85.2784907250448,83.1648779310603,80.9109049680852,78.6927620438411,76.5654072720639,74.6951349935043,72.9345205487452,71.3453840511952,69.7578863152806,67.9204539002165,66.0449638089832,63.9588623411179,61.6915832875769,59.0926748104753,56.4073811921973,53.6286915413157,50.906903893922,48.1322922551443,45.6939691145074,43.4848925826124,41.4447227148857,39.5713132501661,37.8938459100023,36.2797926621128,34.8465152263774,33.5180190160464,32.2567115657992,31.1101037517533,30.0597550572316,29.0716835115951,28.1443522760081,27.3372534432095,26.5958850789838,25.8589676540747,25.1895476855358,24.5783628765918,24.0678567730135,23.6448778874604,23.2937801818883,22.9780578415916,22.6058416040797,22.256706144169,21.8571619493352,21.3834520611613,20.8949101219408,20.4569411558499,20.1477850989131,19.9314537251069,19.7422963858545,19.6280229863486,19.5389195555977,19.4913784961594,19.4428633208036,19.4174998399904,19.4160647909855
"Yemen","YEM","Lower","Under-five Mortality Rate","Total",,,,,,,,,,,,,,,,,,,,,,,,,,,370.171095225497,372.108064481514,372.369333890291,371.608498833024,369.547992347764,366.655001719048,362.910067914274,357.956068295361,351.769528912805,344.33088459595,335.041289936846,324.703133954255,314.343249645704,303.542732493987,292.899348546249,282.322670693416,272.284311628759,262.569436127094,252.196909295133,241.457721077573,229.80820902693,217.917538258855,205.904538462825,193.984281312061,182.391210345901,171.234464399627,160.799554863821,151.448586282031,143.302320752001,136.336483079888,130.34483207869,125.142754285617,120.654874326626,116.725332139324,113.231212574218,110.129552784751,107.42030368488,104.861352424019,102.386042279302,99.7082536886958,96.7338999577955,93.2330194033097,89.5195195545384,85.3897558502555,81.1156901989504,76.733994093386,72.4178413374846,68.3260192065928,64.4158116820864,60.7129375346063,57.2880918461726,54.3773758387147,51.7079810697352,49.4232819723699,47.5035102735489,45.96792703603,44.087262085442,42.978196755999,43.3010803317661,41.8260365055703,41.0824541796796,40.6039908094823,39.2958694952591,36.5047575554607,35.2741236069549,33.2915753199088,31.2815745035715,29.5338607562644,27.9778824604063,26.4021627153749,24.8948063100767,23.3232191678839,21.9751399800253,20.6966112795312
"Yemen","YEM","Median","Under-five Mortality Rate","Total",,,,,,,,,,,,,,,,,,,,,,,,,,,456.32249482892,449.16536345596,441.973371630708,434.445491084745,427.294382809367,420.126160755151,412.273203919427,403.812045280278,394.379762424228,383.674545622389,371.88480266837,359.320210522007,346.477231726648,333.463652696181,320.951626420347,308.992455795379,297.463951575709,285.691040909879,273.760856360072,261.383332437762,248.577778286911,235.570404500235,222.41578137735,209.394269336116,196.643993102919,184.566585894118,173.189004545419,162.969655796601,154.105104906107,146.502722344638,139.913909509185,134.291851483026,129.409500613005,125.230624492988,121.561942373737,118.369146490474,115.500670717097,112.893534811441,110.454430829788,107.898286571958,104.97193562473,101.463494185243,97.4179166450364,92.9092530076976,88.2033436282345,83.4977339430944,78.9625070631194,74.6565549681484,70.6094041856609,66.8546044124318,63.403245627408,60.2168110293068,57.4592881438143,55.0107554867517,53.1036955477223,51.5752888017566,49.6447180152419,48.6561983950177,49.2785873304699,47.9452750705279,47.4658868661102,47.2517570807029,46.1224812101634,43.398084181442,42.6361010391544,41.0881718745755,39.4851087238631,38.1429738055437,36.9702061495352,35.9244651986904,34.7864025685093,33.5698023661973,32.525461412027,31.4680752139852
"Yemen","YEM","Upper","Under-five Mortality Rate","Total",,,,,,,,,,,,,,,,,,,,,,,,,,,560.871442481978,540.526211899399,523.115269132406,507.885678656371,493.991662881707,480.753391684194,467.27338980351,454.487331571077,440.877093610238,426.74922031532,411.694850779122,396.526751055376,381.104257067404,366.003474448472,351.352219971242,337.538054912335,324.074840456839,311.018180179759,297.363804543895,283.72484082402,269.69815092279,255.061070287723,240.763946457325,226.359918004647,212.444646521996,198.909261479748,186.549693536569,175.197663650272,165.56180294976,157.29673068873,150.173112410183,143.952786029434,138.855180738642,134.289524287815,130.382511688712,127.004750304161,124.062621871093,121.566647968181,119.161422621724,116.754871871703,114.023637389006,110.374094107989,106.039407640323,101.028858083081,95.8731026272273,90.6989422889728,85.7929058057834,81.4059674790906,77.2067977314333,73.3781587813502,69.9090859494471,66.7210061962749,63.9270118019498,61.4612350762718,59.4583785091114,57.9487671243588,56.0648920655703,55.2734596223146,56.3168590652941,55.1499796383342,54.9957683384552,55.1970652976296,54.4639202281399,51.9971083147883,51.9494399014022,51.0691035505182,50.1942261179392,49.5926612031797,49.5421921762817,49.5065328435625,49.205949201563,49.157907975885,49.0221082390858,48.9342786172304
"Argentina","ARG","Lower","Under-five Mortality Rate","Total",,,,,,,,,,,,,,,,,,,,,,,,,,,,,,,,,,,,,,,68.4612589073274,68.890584080343,67.9785040110266,66.4483191601892,64.7594530936179,62.7764635922463,60.4926293615417,57.6775843424844,54.1573730688813,50.0782499976403,45.8685242473129,42.0311311783366,38.6897475867526,35.8315099040088,33.4409999053357,31.4691063214019,30.0313358107041,29.0528436947956,28.5395328802176,28.4209148781731,28.3878390190865,28.2300577883874,27.7998240327203,27.0730682632463,26.0850257957217,24.9301005374235,23.7545962807849,22.5982579956441,21.4936833768767,20.5063714264944,19.6490767310653,18.9982096407425,18.4744842748682,17.9752827543791,17.471235290365,16.9414447023192,16.4333011114648,15.9466103211447,15.4944364537279,15.0967669413067,14.6675246856442,14.1656815170276,13.6011191650421,13.0147506707228,12.4450024292844,11.8797679018121,11.3609456773963,10.9056720915732,10.5200640285696,10.2022045317921,9.92502972833939,9.6663487668174,9.40423739073452,9.10903306580365,8.75524165740054,8.37552896456166,7.96318703112246,7.52823717962204,7.09550670677506,6.65035895461929,6.24286028418789,5.84075954215981
"Argentina","ARG","Median","Under-five Mortality Rate","Total",,,,,,,,,,,,,,,,,,,,,,,,,,,,,,,,,,,,,,,72.5619052881705,71.7692676669017,70.8293003919457,69.6665237775129,68.1369085517875,66.0744630293601,63.3015448151542,59.8314647168935,55.7049543486414,51.1710628909614,46.7540143711361,42.8247687816005,39.4396751129322,36.5343839802257,34.0709359416791,32.0926025176028,30.6106592748042,29.6134021008053,29.0960562021738,28.9686998522232,28.9522545475723,28.7789477790951,28.331463585484,27.5871374252796,26.5801603710057,25.4143055195754,24.2095326092159,23.029995552374,21.9091345997615,20.8894131334818,20.0241829226532,19.3555612998849,18.8175981592127,18.3180453613753,17.8018136099002,17.2701058205786,16.7483530424204,16.247232656432,15.7976822124536,15.3866198134394,14.9511357214379,14.4395501753611,13.8675435854131,13.2800552660187,12.7099689299134,12.1915836250055,11.7436589248918,11.3604227739595,11.031092637922,10.7453058500818,10.4917033539271,10.2721819861452,10.0704012712793,9.88351208127563,9.71162993955087,9.51413446862168,9.3036067121292,9.08300585722952,8.83719295820355,8.60717390654769,8.3527545672991,8.1147358007218
"Argentina","ARG","Upper","Under-five Mortality Rate","Total",,,,,,,,,,,,,,,,,,,,,,,,,,,,,,,,,,,,,,,76.7373672666048,74.720878692402,73.8416590084135,73.1201024384956,71.8181086857516,69.567403903275,66.2582777446541,62.050159649163,57.294306307467,52.3001901775814,47.7212422122821,43.6549265661551,40.2241986625197,37.2668580674284,34.735233703739,32.720532784379,31.1934169353758,30.1759184629813,29.6597881563426,29.5239692230058,29.5220945581176,29.3403949375322,28.8854093361898,28.1318085744222,27.084705727391,25.9168545181521,24.6847374597107,23.469045401483,22.3282612399823,21.2801999747022,20.4190223949678,19.7284162154526,19.188987322617,18.681384486369,18.1450959638478,17.6110926246775,17.0748448896937,16.5653733608739,16.1038219769241,15.6733005871032,15.2399371943818,14.7125389138949,14.1272679575462,13.5383620049273,12.9794881643592,12.5107086710504,12.1278498572749,11.8272521690077,11.5722024947021,11.3223901523983,11.118895298603,10.9446791559657,10.8081058502137,10.739533960708,10.7680774720887,10.832677657023,10.8949232506763,10.9760528181025,11.046706278857,11.0772751626787,11.1852641037835,11.2738313931204
"Australia","AUS","Lower","Under-five Mortality Rate","Total",,,,,,,,,,,,,,,,,,,30.4775887487961,30.580258876713,30.2872915208794,29.6624307020498,28.9279359202124,28.1451842065951,27.4314149286715,26.7586290123486,26.1070223582491,25.5356536721907,24.9568547714356,24.3935414427614,23.8390377716577,23.2792076750898,22.7520373720458,22.2639336122048,21.9087342372346,21.6683503898205,21.5281975466044,21.4655664547409,21.3341759491793,21.0611063828686,20.5833907174226,19.9039368741319,19.0551780541057,18.0572120191548,16.9897810200386,15.9256917306569,14.9391741997622,14.0879690743448,13.3613611326433,12.7799566100808,12.3126868783814,11.935957551185,11.6419644293357,11.3596810504567,11.078855665427,10.7599182468691,10.396157230788,9.99145069189952,9.52429787752596,9.02058676051845,8.49705502482684,7.99523572123375,7.55011426170179,7.16989019271452,6.87387900712129,6.64482183956229,6.46651098679735,6.32356692211996,6.1917755855003,6.07140592451819,5.95523443880186,5.86108469764626,5.79369093428191,5.71548062089378,5.61348812599611,5.47549052746577,5.3065212771052,5.11812003540975,4.90421597412255,4.67414440436772,4.44103940733485,4.22292126932513,4.03883491370071,3.89206225658797,3.797036720396,3.74375877229055,3.7175777688106,3.70999630026339,3.70067843010424,3.68893109528412,3.66403414006245,3.61663344294066,3.52658266028183,3.39756143061256,3.23992769637377,3.05957883771548,2.86845118285585,2.6838187004367,2.50341099986472,2.34186202802084
"Australia","AUS","Median","Under-five Mortality Rate","Total",,,,,,,,,,,,,,,,,,,32.1584709514331,31.5830863971148,30.969156988647,30.2735127711121,29.4999133897525,28.713561015024,27.9611707276431,27.2626028977332,26.6177277396497,26.0147967492591,25.4370231265148,24.8548035814066,24.27876522048,23.7122346853268,23.1715013944336,22.702988936647,22.3420552314379,22.104781545143,21.9654246270851,21.8778315658251,21.7450973003603,21.4578496917108,20.9788252056202,20.2917228391051,19.4203279808696,18.4070612635253,17.3199841698762,16.2278545944738,15.2286342065555,14.3607579752924,13.6272174461761,13.0279346890041,12.5456867161405,12.166614015579,11.8623621629022,11.5835588662957,11.2937103992044,10.9718280908494,10.6021101281044,10.1834693380327,9.71385851311198,9.19453715109243,8.66153102519599,8.15225753334308,7.69801339977185,7.31407986487438,7.00907293155415,6.77576115436765,6.59344661688016,6.44597688157118,6.3174026562652,6.1918804402362,6.07745781031997,5.98302660820947,5.90892864900803,5.83102705587521,5.72394093218346,5.58240247213512,5.41201948188009,5.21577344698063,5.00008753882618,4.76618165635029,4.53205121780473,4.3147557767845,4.12733571853738,3.98089800108369,3.88315209932639,3.82795709007159,3.80162482270962,3.79209472888102,3.7860115714764,3.77320648407372,3.74797322178845,3.71163414520567,3.66421101428569,3.60660143105608,3.53536961538977,3.45652221439125,3.36932999553886,3.28101611655216,3.19106016991684,3.09512679857323
"Australia","AUS","Upper","Under-five Mortality Rate","Total",,,,,,,,,,,,,,,,,,,33.910374392364,32.6516302460404,31.6719984392633,30.8843816705861,30.0874610057418,29.2943976205015,28.5130333484279,27.7964600103073,27.1464416570578,26.503149544654,25.9311109810358,25.3411971831343,24.7558204858535,24.1814358512402,23.6159797245179,23.1571879800272,22.7802150999032,22.5335864697478,22.3917640283395,22.2985642279244,22.1759800667523,21.8838164444563,21.3949298289407,20.6983980723412,19.7926967722319,18.7755106277364,17.6520296247039,16.5373122985339,15.5299866010114,14.62905074534,13.8925179082295,13.2764231146456,12.7837777263958,12.3992932947742,12.0883501302831,11.8138612040562,11.5160849579378,11.189352781013,10.8204786747002,10.3896481256224,9.91064113779839,9.37542277986748,8.82841635010748,8.31055976728706,7.84383449903549,7.45679071508029,7.14342742954504,6.90578834895779,6.72423573787558,6.56995416908763,6.44232409640432,6.31312290804558,6.19745165616801,6.10396303592301,6.0259668549712,5.95084135539575,5.83966123071751,5.69624925284204,5.52378329079711,5.32331030764292,5.10406260886092,4.86403917811255,4.62372243875264,4.40503079034823,4.2135496315469,4.07011824061097,3.96925998043658,3.91044951282231,3.88423803720524,3.8740868783659,3.87499765751499,3.86278763492457,3.83754205478983,3.81205380147781,3.80696400219647,3.82153641103136,3.84760336828104,3.9021464855881,3.9556511748358,4.01167208407838,4.07168019671985,4.11249811534581
"Austria","AUT","Lower","Under-five Mortality Rate","Total",,,,,,,,,,,,,,,,,,,66.0600636094488,64.1436501825964,61.7130240806037,58.9765815952635,56.3528386828117,54.1964648183192,52.3150676813239,50.6202344595167,48.7962801821244,46.7042007571815,44.4047232218591,41.9045818449293,39.4728936448294,37.203786610712,35.179397581805,33.5181613653832,32.0627351839926,30.8752195382674,29.8841462476038,29.1625465113185,28.7875327702831,28.4633520023101,28.0785670772462,27.3585778545698,26.1426522964796,24.502215336471,22.5965279833112,20.7114506111167,19.0226858227287,17.6922705331464,16.7417857723034,15.9156013388859,15.1615592868769,14.4193727251148,13.6974857771036,13.0192403264931,12.3111541262631,11.5933446245353,10.8665274536276,10.2332105083616,9.73707530371567,9.27168171083934,8.79486733566626,8.27944253474174,7.72599257672654,7.15504928643357,6.60730762034462,6.1589245108995,5.8144519531344,5.57158557713076,5.42062407665088,5.30961684758449,5.21549332758166,5.11966950589128,5.00107236365087,4.8686104529034,4.72475665468734,4.59121074017685,4.47540238463205,4.37158039180265,4.27745031883459,4.16249823289258,4.03150353262137,3.88607499981003,3.75325002861192,3.64882066312342,3.55950856693075,3.49187222489382,3.4332185657428,3.38094734522486,3.33653070355805,3.28729058206946,3.23948193642155,3.19567614220872,3.14576469384157,3.08553213998741,2.99180224033139,2.86463396602625,2.71843627901964,2.55923245462788,2.39885187593433,2.24461099659886
"Austria","AUT","Median","Under-five Mortality Rate","Total",,,,,,,,,,,,,,,,,,,76.6057363659986,71.5535747727432,66.9690687407888,62.8234306794558,59.2715547830362,56.3059768076135,53.8303607461913,51.7446430036462,49.7973514542107,47.6915808617044,45.3097932404172,42.7903856814361,40.2965082925499,37.9632260091673,35.9111217356166,34.1948220964728,32.742621671034,31.5064177821881,30.5093798442128,29.8207241126204,29.4015084279702,29.0777618928285,28.6649674789361,27.9490391613703,26.7400757885684,25.018602573621,23.073358555224,21.1578578042302,19.4584875367313,18.1054550946114,17.0906654336351,16.2657744136316,15.487739930611,14.7330576015575,14.0122905565833,13.3184385193101,12.6155569982883,11.8740477234164,11.1523112890775,10.5205535232307,9.99535204870746,9.51822641272144,9.03162020198551,8.51161177072388,7.94554673365831,7.36242185890253,6.82233322968066,6.37155426163928,6.02717656241912,5.77948606950639,5.61571723602281,5.50138610525278,5.40317805619301,5.30412780012063,5.18473982867983,5.04704997372489,4.90327259679554,4.77119739213117,4.64953901461272,4.54014467264619,4.4399169703461,4.3276114518416,4.19324810679471,4.04759235296749,3.90967531872947,3.79715571601423,3.70386265854974,3.6312241466087,3.57080378263555,3.52007357581943,3.47186894741297,3.42624734530657,3.38174691424095,3.34416666462028,3.3255216578402,3.32220073645817,3.31645652444648,3.29411209842093,3.24946536738545,3.19242788151058,3.12386767608659,3.04532907840504
"Austria","AUT","Upper","Under-five Mortality Rate","Total",,,,,,,,,,,,,,,,,,,90.1998867368205,80.4450857347666,72.8783241986212,66.9073283808871,62.2034423825086,58.3822670996273,55.3424821278339,52.9111836995317,50.8646057290999,48.7521904120782,46.2745913189069,43.7139052409203,41.1136447696275,38.7468942281324,36.6747014027258,34.8888176739855,33.4306140824454,32.1483769713585,31.1368309433755,30.4448969149578,29.9908402233115,29.6853028960037,29.2803310470949,28.5960039980661,27.3918800453084,25.5611094174753,23.5586247863201,21.5960635852449,19.8828529725136,18.5100153961293,17.4473601271754,16.6252472864229,15.832227738379,15.0608461967099,14.3296344293081,13.6209675933161,12.9212126840229,12.1626595643775,11.4372723040814,10.8011560667785,10.2536826965243,9.78045692843244,9.2864190101098,8.76315172186067,8.18421253814623,7.57322286196404,7.03261593668952,6.58059357978147,6.23466707950061,5.98275942086279,5.81008673672722,5.6979375143861,5.60301214224735,5.50387626639294,5.38081126116132,5.23210887348009,5.08669411288464,4.94836046066853,4.82617684802404,4.71782224938834,4.60981795363622,4.50138017402859,4.36073047445204,4.21023911416383,4.07018845763597,3.94949998073423,3.85505464723613,3.77763409936329,3.71601867942492,3.66473585761776,3.61407202639462,3.57141410342946,3.5277405244924,3.49773974361224,3.50653209959924,3.56929667730017,3.68398235338954,3.79285022217995,3.89416371617539,4.00621883829073,4.10192984882399,4.16881887206889
"Belgium","BEL","Lower","Under-five Mortality Rate","Total",,,,,,,,,,,,,,,,,,,56.400419919852,54.8514761797635,53.1173729290492,51.1768604492202,49.0905098508633,46.860482351509,44.4162680219902,41.8628898898082,39.3429383281933,37.027074629757,35.0321986628964,33.3025554525192,31.8542424903505,30.5957271167458,29.4457421750707,28.3931801764033,27.4014842711957,26.540534839226,25.7624298769283,25.0379519252807,24.315053391317,23.4823132710208,22.5349250459133,21.4780223598677,20.3747367504278,19.2907475492243,18.2479612884295,17.2982015936884,16.427065115325,15.6441832309407,14.9424251876954,14.2767309659225,13.6382803998911,13.027379754992,12.4639010608575,11.966237143816,11.5252150037244,11.1470903042772,10.8020854754587,10.4668793582817,10.1368949937905,9.7837584042967,9.403054057796,8.98281294884168,8.50948251805261,7.99864365480923,7.47062351494418,6.98008306941805,6.55305965410845,6.20800295191512,5.9442769991835,5.72114482969502,5.52456489440661,5.3440083813356,5.18290576808849,5.03326214114463,4.89733133017009,4.77401341764763,4.65676183816094,4.54559042560838,4.4397306190412,4.34054003646196,4.25117619063392,4.1688538225554,4.09214571427385,4.02715868455219,3.97264401432236,3.93049757239663,3.89535655157843,3.8512361798938,3.8018746682469,3.74771800126235,3.69507851396861,3.64964677079118,3.59492020621061,3.52449765767464,3.43654726101574,3.3126107827258,3.15121827158621,2.97254849470709,2.79598989761366,2.62349629024602
"Belgium","BEL","Median","Under-five Mortality Rate","Total",,,,,,,,,,,,,,,,,,,63.5326007932461,60.0834785853102,56.8571603070297,53.7722733635215,50.8893289542498,48.0969767496092,45.3758600275461,42.6766465958268,40.0930618870901,37.7480254164097,35.7081937093222,33.9496357594246,32.4539060153627,31.1597269233782,29.9898096053767,28.9025022380989,27.9176509817474,27.0391995251135,26.2503728522858,25.4996583623425,24.7577291270634,23.9249467597471,22.9537636984393,21.8732059418186,20.7505029357121,19.6478460536485,18.5982962029139,17.6226582366995,16.7318853259278,15.9334313750206,15.211539712239,14.5362570856421,13.8845992653625,13.2647938585551,12.7016407637928,12.2007627437022,11.7616630908085,11.3732936896914,11.0204647310905,10.6809829337094,10.3406645930768,9.98866294624266,9.61093310903129,9.19014704791099,8.70944114668968,8.178390535147,7.6466977237974,7.15869342873756,6.73873336355476,6.38876418217047,6.10849671444887,5.87576477645863,5.67129264561937,5.48675144247343,5.31926750608663,5.16741432557075,5.02906439061395,4.90148297351878,4.78210254870462,4.66895462913053,4.56052710926465,4.46014369137025,4.36882327468123,4.28743529931365,4.21414212433005,4.14938682754622,4.09426694238687,4.05156842483972,4.01254364065876,3.97153148748694,3.92139695025279,3.8678585967826,3.81793264448638,3.77618629867792,3.74541514961605,3.72136814853851,3.69482242913806,3.64644316881592,3.58062794773803,3.50555461772818,3.42562861840339,3.33366402018557
"Belgium","BEL","Upper","Under-five Mortality Rate","Total",,,,,,,,,,,,,,,,,,,71.0109502898481,65.3801236326364,60.5578770357362,56.3792609619475,52.6775890228573,49.3865905989196,46.4065267393098,43.5381026887914,40.8485654032664,38.4554802633485,36.3576828433475,34.5889712887033,33.0440985904919,31.7271730756067,30.5426424732571,29.4242037596133,28.4271104217652,27.5287952399285,26.7208563455651,25.9767365085976,25.2215814227245,24.4100525378592,23.4159700862181,22.2987748392517,21.146605112844,20.0038711284034,18.945166637713,17.9479121940783,17.0385501695833,16.2248728958359,15.4898911135232,14.8158077511307,14.1486350633354,13.5186928067419,12.9400173412594,12.4319363869274,11.9940964642176,11.5972812438151,11.2366681382805,10.8927276108924,10.5518980335834,10.2030054979652,9.83056563253969,9.42754760893139,8.93614673034635,8.36749694333923,7.81989583697129,7.3330336954538,6.91102365357717,6.55791176111758,6.2638670827623,6.02492856995153,5.81672482950548,5.63135209893016,5.46258348986351,5.30685069970409,5.16796655055262,5.03572687142347,4.91395195005808,4.80003967682125,4.68696525422539,4.5871912769567,4.49151913538184,4.40607196435174,4.33480276709297,4.26627756313634,4.21464127199252,4.17154825799369,4.1361638889319,4.09567999161789,4.04144283194845,3.98881683943779,3.94293463397379,3.90807602323238,3.90201424464169,3.92919486057518,3.97517122913614,4.03178248934518,4.09244508772072,4.15418632257891,4.20700612676775,4.26731943353287
"Bulgaria","BGR","Lower","Under-five Mortality Rate","Total",,,,,,,,,,,,,,,,,,,125.835337090666,124.086003827809,119.466896052313,112.583657493065,104.697115753921,96.7710234463971,88.4973889775078,80.3295023923388,72.356261694315,64.6298052958717,57.5482353550929,51.2561262796812,46.1538805608366,42.1675940710161,39.2748988421291,37.5434159854188,36.4594624488024,36.011935790837,35.5964485881705,34.7161598923314,33.3025885686762,31.585340643052,30.3538657479519,29.5616298260629,28.9636765323984,28.5219331269028,27.9453987509811,27.3404138768573,26.5584598844009,25.5355635294944,24.4303000949892,23.3064078797768,22.459222257681,21.7314391918428,20.9730484824739,20.1747493066267,19.2727658988909,18.3944691551255,17.6360827531155,17.3105319645615,17.5687295304738,17.9907478034252,18.411517921474,18.7138368151431,18.8330579712922,18.8177772790991,18.7427639441152,18.8217166506797,18.8188462106692,18.5180600123039,17.8889469181187,17.0414450574814,16.3043958731415,15.5723531870527,14.7261784051948,13.8320079127421,12.8995755065724,12.1218818080745,11.5042556194471,11.087937938155,10.8495312295242,10.54051533345,10.1256335060236,9.58900477160379,8.98987732317469,8.40951849890038,7.87333548858371,7.43235283453209,7.05992023055225,6.73676646411993,6.46810369834231,6.2265429262267,6.03488633134782,5.86024679909877,5.64497829356877,5.34203587638329,4.95467480316628,4.57270298960914,4.1959359152607,3.84444732980919,3.54941232008662,3.26309535067883
"Bulgaria","BGR","Median","Under-five Mortality Rate","Total",,,,,,,,,,,,,,,,,,,149.165262377876,139.284445059551,129.981444874205,120.937847247056,112.180483555511,103.570852815869,94.8879759871254,86.1373117291591,77.4468786860813,69.1372608687915,61.4287066878611,54.6048055328282,48.8872245626685,44.3220551818852,40.9539054190414,38.6950365972745,37.3717254583222,36.8072054380015,36.4468129390533,35.587080867192,34.0128844126966,32.3326713261847,31.0687306194086,30.2376161122072,29.639324219701,29.111888916677,28.5833451186973,27.9323921660306,27.1276263671786,26.1168999942295,24.9550099624041,23.8483125378795,22.9540600488262,22.2075201532219,21.4536602830748,20.6124021952021,19.706774398247,18.7817888695696,18.041430224726,17.7395698698066,17.941514876734,18.3869751358085,18.824074026896,19.1225056824027,19.2550351108436,19.2458998650958,19.2177557380703,19.2705810649236,19.2695260645721,18.9661141978317,18.2941116202198,17.4741169118082,16.7013217964003,15.9636692808876,15.1335801693751,14.1920748428883,13.2639969320626,12.4711954715249,11.8525943913623,11.4255338750784,11.1468502727636,10.8634521318943,10.4417659908663,9.88962080909655,9.28556488149143,8.69051310845879,8.15373643482973,7.69662336599136,7.31985067511189,6.9999574004793,6.72187725760548,6.48461737346591,6.28630836552736,6.10859911896356,5.92730800149839,5.73551962191664,5.53158467981666,5.33819437200755,5.15987836465523,4.99326565714968,4.82235199211041,4.66394710478462
"Bulgaria","BGR","Upper","Under-five Mortality Rate","Total",,,,,,,,,,,,,,,,,,,177.14673920336,156.917517036646,141.810993365157,130.027845052516,120.197151905928,110.84961797698,101.80064798091,92.3040928987361,83.1245881273057,74.1763336392411,65.6993816846964,58.2750934765708,51.8235682011615,46.572249935238,42.6434730681035,39.8961735923222,38.3135301199654,37.6018722061182,37.3173380422297,36.4971404595404,34.7507188676919,33.0662904435948,31.7598504911263,30.8871444861617,30.2985190286721,29.7373547416716,29.2297156773868,28.5489269465858,27.7293378400016,26.7175624413133,25.4820018778572,24.3869974210681,23.4354876852428,22.6711338376619,21.9497081805264,21.0802060339911,20.1736914361168,19.1918546363265,18.4582290470154,18.1664111972277,18.3251218282858,18.8166893263234,19.2610913773538,19.5611826826594,19.6914540354057,19.6734224824185,19.6820596357606,19.709757645091,19.7237766623897,19.4598099032369,18.7304264210023,17.9156608366349,17.1146892409478,16.3725768798894,15.5523829426683,14.5594468276334,13.6301494228311,12.8145545282651,12.1880356447699,11.759908969005,11.4607858509798,11.2188230999187,10.7819738289636,10.2220264293974,9.59953127835712,8.97821102389307,8.44093450375715,7.96942837223562,7.58913741668209,7.27368361541976,6.98891146761303,6.75626549000038,6.55627750767353,6.38050690689082,6.23180940275649,6.15692596462936,6.16307818424343,6.22435220665261,6.31479607492676,6.42938060716518,6.5382640657792,6.62688279780267
"Canada","CAN","Lower","Under-five Mortality Rate","Total",,,,,,,,,,,,,,,,,,,48.994060604073,47.1676927709326,45.1694402842218,43.0570569123237,40.9937965160141,39.1420609734526,37.6321829910914,36.3490046338346,35.1873314135854,34.1098478227868,33.057546073896,32.0700840934357,31.0431098947806,29.9750535370282,28.8721654624178,27.7462245601555,26.6433364593012,25.5662440750848,24.5284784986458,23.5429186290566,22.5631969758779,21.5893874516755,20.601504169351,19.604035285397,18.6260742572226,17.6373933788232,16.6763807415146,15.730812249995,14.8080802832495,13.9318620159523,13.0913239923934,12.3089195632691,11.587582017915,10.9462635674386,10.404057821609,9.94346235044065,9.56902770444119,9.25450221981345,8.96558863435843,8.68736118435137,8.40246686875396,8.11627404790103,7.82602722216626,7.54367526771034,7.28627153719228,7.04152373008088,6.81035689434632,6.59411712204813,6.40885512174707,6.26500568493675,6.1623695715535,6.11066136119801,6.08963590493889,6.07706669417212,6.06798405173681,6.04234030801264,5.9979625771093,5.9356072081771,5.86260994976403,5.78545171866092,5.70374573772902,5.62739893632826,5.55179252045427,5.47589362009347,5.4008673342777,5.32165794676655,5.25043956100796,5.18536553027694,5.1316625782503,5.09731917005533,5.0831416950222,5.09947464502161,5.13784226677388,5.18184009845368,5.21076049580954,5.19391309723343,5.08074237379169,4.88518076634816,4.65274955267686,4.40629509237324,4.14608520000476,3.89819756873587
"Canada","CAN","Median","Under-five Mortality Rate","Total",,,,,,,,,,,,,,,,,,,51.2532445556269,48.6361171522522,46.1499450383486,43.8443930467924,41.7471484930677,39.9023405040955,38.3377571069739,37.0102400125932,35.8255962623152,34.7084440467869,33.6486543288615,32.6190878237076,31.5817801082358,30.5078499878542,29.3767363591573,28.2318607494812,27.099054591071,26.0054154602173,24.9529463905791,23.942622681513,22.9481072690551,21.9530662456327,20.9502760482548,19.942144047581,18.9392443206204,17.9452487889527,16.9647125433136,16.0037587137534,15.0728906092491,14.1789263969173,13.325628599688,12.527864113786,11.799175063884,11.1515910467563,10.5978850048121,10.130439513332,9.74417449808969,9.41816169363319,9.12387993844276,8.84151546818407,8.55707067893625,8.26086025436402,7.96315654226914,7.6775724453016,7.41449320332819,7.16665002380099,6.92941523578395,6.71181922687824,6.52597172250874,6.37950004529291,6.27761922502107,6.22088041504537,6.19576495948649,6.18411596280573,6.17097963578683,6.14741444203654,6.10323789290428,6.04050610604466,5.96668452692663,5.88546592830914,5.80373849294138,5.72583880130468,5.64965664604736,5.57241311324022,5.4939092801692,5.41568808571699,5.34295126957914,5.27714818530116,5.22502848252251,5.19138091225575,5.17965908373511,5.19424789987348,5.23414006642873,5.2982371378419,5.37095036564594,5.42692590637853,5.441269657446,5.40870185415609,5.34484318287853,5.25154708104418,5.14744688493308,5.02350645290166
"Canada","CAN","Upper","Under-five Mortality Rate","Total",,,,,,,,,,,,,,,,,,,53.653134550924,50.1895350249545,47.1967776362005,44.6964351875516,42.5144444308096,40.6439738863761,39.0428961448304,37.6798376211951,36.4692202451304,35.318703986896,34.2453102201201,33.1985469440144,32.1495502847119,31.054014564881,29.8914324209583,28.7310879685473,27.5826372800255,26.4736615057764,25.3983220273688,24.3553082752632,23.3476419856209,22.335136121329,21.3247100734321,20.3006664866835,19.2781399680148,18.2673865380105,17.2612772967465,16.2848478530126,15.3376775231603,14.4219174682131,13.5583699498954,12.7452175986871,12.0038241081928,11.3550272366932,10.7854604837086,10.311450307196,9.91446317188249,9.58211502627501,9.28625104857182,8.99602840786509,8.71145397123237,8.40578563769078,8.10035816848836,7.81332435634298,7.54264201556609,7.29457331398198,7.05174469950865,6.8306387884999,6.64410978677255,6.4955790452697,6.39272345785427,6.33070063868652,6.30266380293397,6.29605361115025,6.28532911744289,6.26352674386413,6.21614638661946,6.15035131954297,6.07350918816772,5.98705351619869,5.90352973873987,5.82318079253261,5.74871074849258,5.67241734820546,5.5906363248452,5.51268933006636,5.43667481897521,5.37125584631488,5.31925033323528,5.2842203672686,5.27368743920767,5.2873721809833,5.33070996427636,5.41436069103018,5.54029241984254,5.68925389524493,5.84711000446566,6.00818549791117,6.16165326527437,6.30098019336552,6.43421513340544,6.52513071637219
"Croatia","HRV","Lower","Under-five Mortality Rate","Total",,,,,,,,,,,,,,,,,,,,,,,,,,,,,,,,,,,,,,,,,,,,,,,,,,,20.5131462825687,20.177095007749,19.5455540855491,18.6396952513286,17.6095829835455,16.5469560950875,15.4787948301708,14.4053519573637,13.3972423116353,12.4803152935503,13.8182188887496,11.0787574941823,10.5472154477451,10.0933881482891,9.6911293207625,9.32755730499593,8.99903646939694,8.6797345809954,8.36856966685258,8.05416613751962,7.73914673121426,7.42240609116491,7.86065344104302,6.78982974116705,6.48784201804015,6.19077457099364,5.91580301834475,5.65706401723555,5.42820076380113,5.22035640985719,5.05213440299874,4.92724303413851,4.8276234398577,4.75878829434557,4.70143061252519,4.65043036880837,4.59935454673117,4.54540456194458,4.48684812902727,4.41523046644631,4.32987868087215,4.2265936914038,4.5898473274487,4.95330136161231,3.7353596589311,3.52972826450152,3.32002983077966,3.11488837786617,2.92396986720439,2.74170956465758
"Croatia","HRV","Median","Under-five Mortality Rate","Total",,,,,,,,,,,,,,,,,,,,,,,,,,,,,,,,,,,,,,,,,,,,,,,,,,,21.8765248279,20.9528570860476,20.0299779076492,19.0615223551422,18.032790892293,16.9550897887816,15.8459113747161,14.7705348229923,13.7749032852557,12.8837089665786,14.301741878374,11.4600471189648,10.8992872318539,10.4159973258093,9.99079071626083,9.61324627028835,9.27090834402221,8.95307808131179,8.64064581227967,8.33599477558798,8.02578445883833,7.7079587898094,8.17032370522748,7.05830075965534,6.73899982783306,6.43628161219468,6.15158548525467,5.89224774783849,5.65894817530229,5.45381132348212,5.28668465765901,5.156956344047,5.05621622729362,4.97579043029682,4.91250519182795,4.86082663695725,4.81321349547625,4.76717620347204,4.72379657520466,4.68295801367969,4.64158977198503,4.59809672445802,5.09126015849746,5.64638373254878,4.38866381698026,4.29531581749809,4.18926199818856,4.07831230007202,3.95782170787972,3.8397799705571
"Croatia","HRV","Upper","Under-five Mortality Rate","Total",,,,,,,,,,,,,,,,,,,,,,,,,,,,,,,,,,,,,,,,,,,,,,,,,,,23.0346068091415,21.6782158966347,20.5119296706057,19.5052847599422,18.496101530201,17.3899432216932,16.2311105565459,15.1333603972241,14.1369779481174,13.2638563790702,14.7494120033284,11.8264492981082,11.2477856957459,10.7360957438705,10.2910026435,9.9021369751457,9.55527049665036,9.24770869776239,8.94382977044251,8.65346729858064,8.3538677395987,8.0360746273208,8.52275685503467,7.35161228155499,7.00998002728045,6.6922636312661,6.39400926638597,6.12441676286875,5.88372062598954,5.6825356083968,5.51501531016645,5.37505424592741,5.27013896488613,5.19153092611567,5.13339578138299,5.09039671568735,5.04690252648406,5.01844473552642,4.99007875555361,4.97838785279957,4.9873931996499,5.02483452552156,5.69054215669857,6.45951258344461,5.1629894495926,5.20803928677137,5.26017746961,5.32895537891175,5.3702418090312,5.40020401027471
"Cyprus","CYP","Lower","Under-five Mortality Rate","Total",,,,,,,,,,,,,,,,,,,,,,,,,,,,,,,,,,,,,,,,,29.8817608793181,31.9683641495691,33.0139078635084,32.7270339960184,31.651685558382,29.7904940298485,27.4646737276236,24.8655086859162,22.3712522602639,20.4046442785088,18.626512938763,16.9611315755023,15.3533805381047,13.8163965727822,12.3891715204549,11.2010939376837,10.6240390739146,10.4866513365151,10.5297371505972,10.5682956099348,10.4433046830055,10.1369447399239,9.63149616496343,9.039658395522,8.49033139802926,7.94142103986256,7.43264519553538,6.9291195691646,6.46234956602822,6.05187993904638,5.66788291779706,5.30840583443931,4.97470658216616,4.63581010198512,4.29270651046306,3.9499122914524,3.64440085501507,3.36412273584606,3.11348945093451,2.88883392495484,2.68701454444509,2.50635520110167,2.34817956375153,2.23307632138394,2.18714186894473,2.19012076293989,2.25971786144881,2.40093300979166,2.61200215828073,2.90517574047823,3.23948785112896,3.5732265115877,3.81926562873091,3.94797936420822,3.92649976122843,3.81984400729029,3.67388242161173,3.51298912338952,3.33027167386503,3.15265779321863
"Cyprus","CYP","Median","Under-five Mortality Rate","Total",,,,,,,,,,,,,,,,,,,,,,,,,,,,,,,,,,,,,,,,,36.8912496737024,36.5293470661011,36.0993454316989,35.3422583946074,34.0980967025249,32.1533863127513,29.4981661057329,26.5600518575983,23.8584172918498,21.5912890086819,19.6269857912717,17.8358432996139,16.1701501052972,14.5641973725259,13.1150343672781,12.0219767238992,11.4196091236961,11.1910529284307,11.1724574553522,11.1965159102201,11.1069660077774,10.7786565549534,10.2547594353612,9.66568006491756,9.08960852411662,8.52772592082995,7.98788734893527,7.47258494314899,7.00100143556672,6.5600064952866,6.16049114898936,5.78753335132467,5.43696391784185,5.08306137317703,4.73445754433448,4.38617052258481,4.05964972546964,3.7563266824037,3.47973085963589,3.23340896555835,3.01316545500054,2.82427415068416,2.66998278320693,2.56062297528355,2.50373575236414,2.51073469650521,2.5941213022122,2.74801210687454,2.97344896595269,3.2783909075371,3.65551430759443,4.09334732023761,4.56158880781499,4.9791870584878,5.28149612399655,5.47907233089327,5.59306630488515,5.62613339573349,5.60351891234752,5.54468331888868
"Cyprus","CYP","Upper","Under-five Mortality Rate","Total",,,,,,,,,,,,,,,,,,,,,,,,,,,,,,,,,,,,,,,,,44.3690083115298,41.2914845709645,39.3798501151106,38.1995551344318,36.8913016115133,34.8935280734458,31.7951175576149,28.4040327556817,25.4277644214463,22.8297032912692,20.666096335025,18.7812373818979,17.0580947493424,15.3785066500286,13.8596847011677,12.8086696137702,12.1623425652732,11.8751265549446,11.8375939091575,11.899643358639,11.8487689875483,11.4841546674784,10.9114684339392,10.3219031924246,9.69010638628546,9.12875810576573,8.5629930798783,8.03493850409836,7.552064610165,7.09793467767854,6.6965001788511,6.31274301965257,5.95492273494971,5.5994320493241,5.23195790927434,4.87791348571525,4.53543127432111,4.21707774316392,3.91304451921826,3.62308852042253,3.37757524135623,3.17650050530664,3.02609060153645,2.91361377390945,2.85415597582838,2.87232219150253,2.95843412516734,3.12946281281986,3.3738858875018,3.68975103511116,4.10482577240658,4.6888249559231,5.45874321153732,6.34579917475488,7.23933282069039,8.04252577409907,8.75665101364248,9.37121446404402,9.86471256625075,10.2692369004856
"Czech Republic","CZE","Lower","Under-five Mortality Rate","Total",,,,,,,,,,,,,,,,,,,71.7832129413982,63.4749928126178,55.3772040263317,47.7960197057122,41.2206772436987,35.9068468981543,31.8175016340114,28.837172386998,26.6396552937755,25.0154216647909,23.9334438535498,23.203637076412,22.8225256552788,22.6928477363217,22.6996945719619,22.8890126653346,23.0296603656814,23.1680893375693,23.2214877341476,23.1876512791805,23.0323317865358,22.746312586469,22.3907274146184,21.9401488929148,21.4085721046925,20.9033767200807,20.2367369144605,19.4955643706088,18.6274718838386,17.7728530230367,16.9368842308714,16.0862374386203,15.3596060465002,14.7504771260855,14.2711987738943,14.0240332902947,13.804839798687,13.5157392128993,13.1162714978937,12.6775323380812,12.3120037370048,11.8986382392859,11.4023408012685,10.7722902436175,10.0008138452336,9.14700979418,8.26072287138749,7.44692822348031,6.72950239287797,6.1188748349488,5.63869819902016,5.26398674395233,5.00510029690926,4.80371914113271,4.61847858268869,4.41979642986859,4.20380364755769,3.99322907737661,3.78259408688678,3.58357454286123,3.40770824307112,3.25056460975409,3.13159028999188,3.04745620876523,3.01237464041922,3.02412631320991,3.04414608445753,3.05941262990733,3.04510735463262,2.98810170476499,2.89605002222436,2.77790258228235,2.6735139635042,2.58519132114689,2.50108581196211,2.39942210176559,2.27402907275097,2.13543657146918,1.99566608514089,1.86025065559758,1.73667743150544,1.61382177248783
"Czech Republic","CZE","Median","Under-five Mortality Rate","Total",,,,,,,,,,,,,,,,,,,84.9699269766438,71.6251533432846,60.4440712485396,51.3050357831433,44.0844539566646,38.4661045145558,34.1269692110637,30.8864835716741,28.4997420366735,26.7739830967026,25.5659432502586,24.7886470833683,24.3555611780524,24.2136617081929,24.2703443421545,24.426984607181,24.6040291996286,24.7263842637355,24.7682009466442,24.6994218509903,24.5344557461275,24.2517065547265,23.8928938956367,23.4365601139209,22.895530447836,22.2826329003556,21.5946461172713,20.7928557646179,19.8968611271558,18.9066362139322,17.8894621257147,16.8849350218364,15.9590193426995,15.1825932780081,14.6644388916763,14.3837206578567,14.1595238071164,13.8248084990572,13.3938159208862,12.9693818439638,12.5793385325125,12.1621016924102,11.6548282964187,11.0230493014213,10.2553033238188,9.38484867378755,8.49959822533007,7.67442129251052,6.94555030054688,6.33003570451101,5.8337147226554,5.45416199329286,5.18231330144244,4.97409169811544,4.78152449547842,4.5755617148182,4.35958425859675,4.1402162533347,3.92294535363882,3.71907253563821,3.53579287229021,3.3805375151036,3.25984857040247,3.17944596055923,3.14307811605297,3.14756758536909,3.16994906775303,3.18434528129504,3.17265985567885,3.11514297407179,3.01623158169587,2.9033327247513,2.79776538696505,2.71077460815017,2.64379794398825,2.59385147283446,2.54810832662422,2.49985076712014,2.44213137140491,2.3827499844944,2.31726498531602,2.2583537526066
"Czech Republic","CZE","Upper","Under-five Mortality Rate","Total",,,,,,,,,,,,,,,,,,,100.960364069211,80.8504051304771,66.1416198216176,55.2927839617832,47.2908015364092,41.159458892718,36.5443327141018,33.0260306763722,30.4890652234391,28.6166979734838,27.2760886300016,26.4669588603783,26.01393404763,25.8640331949475,25.927950982123,26.1087377790137,26.3411530794278,26.4591153266906,26.4978641056878,26.4061607147111,26.1744619703596,25.9007997563631,25.4964932253285,25.026651555904,24.4544742847371,23.7835396234265,23.1020078365357,22.2069675943611,21.2555477686148,20.1908136026786,18.979002960313,17.7710785835455,16.5981535067106,15.6364707210545,15.0493487429297,14.7408560448594,14.5246141294573,14.1533370723681,13.6885788993471,13.2614706100284,12.8475398080208,12.437730523154,11.9141284432338,11.2801205084676,10.5141974365496,9.63018070948015,8.75291923822564,7.90235991874,7.16200139864739,6.54103028015749,6.03462741596699,5.65486830960154,5.36907660472534,5.15451900884113,4.96111805789251,4.74550109090364,4.52373693589014,4.29187496524254,4.06634432279323,3.86082694388268,3.6682365706102,3.5135658738315,3.38873905231658,3.30995196848821,3.2754422585672,3.2741944525658,3.29986474197279,3.31373870529353,3.305452238868,3.24901188635873,3.14192480131548,3.03111510565719,2.9239958842984,2.84078201578929,2.79378155269444,2.80496517678806,2.8648351023161,2.9391503427545,3.01337994056802,3.0823773693107,3.15227524788196,3.20835657025365
"Denmark","DNK","Lower","Under-five Mortality Rate","Total",,,,,,,,,,,,,,,,,,,,31.8880651042443,32.2239299441951,31.8934340451993,30.9822889216051,29.885545520532,28.6517420444807,27.4882020222818,26.4458763652619,25.601631863885,25.036276544238,24.5069327311856,23.9676532004802,23.3263001291303,22.5514812536426,21.6969592172689,20.6971649791035,19.6373364128697,18.5735494025283,17.674486078005,16.9934450956053,16.2581324114188,15.4307303814875,14.5120718294388,13.5821324822072,12.7456482094344,11.9840528410504,11.3285987826651,10.7739423953202,10.309605561487,9.95246053483009,9.65729304624097,9.4473444128901,9.29208762866499,9.22079234617102,9.26318060363387,9.33977812494242,9.41653742190928,9.42202862499347,9.29958374453951,9.05010250688369,8.65921602373636,8.16765152881478,7.62002348312004,7.09713609971314,6.66228622468903,6.29634207354475,6.02141041573095,5.81019880950256,5.65488293601703,5.53827851592083,5.43139752103661,5.3184716542641,5.18725815900109,5.02822279828074,4.85263365106423,4.65276106247721,4.46303380614087,4.28689316771507,4.12870490315153,4.00574412487247,3.92267250118624,3.89192688191422,3.89158848080222,3.89693739093068,3.89380349734912,3.87297636555834,3.83079575177308,3.76692515622893,3.68410688752117,3.60387538742369,3.54796412686736,3.53945783819926,3.56229371202888,3.57886448690447,3.5690537063083,3.53054704851996,3.44769390204686,3.33198561960463,3.18339326045283,3.01896544049113,2.84854621416816
"Denmark","DNK","Median","Under-five Mortality Rate","Total",,,,,,,,,,,,,,,,,,,,33.9929994483006,33.3744990421178,32.6233138731083,31.6691117505216,30.505517360154,29.2624868574437,28.0700647556206,27.005662891565,26.1671803758028,25.5471445306119,25.0177810376659,24.4506503520244,23.7885604957154,23.0176214145885,22.1278005091959,21.1300830871873,20.0492458894275,18.9952685368863,18.0942100024603,17.361198787558,16.6399181533737,15.7939999914957,14.8571760630929,13.9276504047975,13.0710440367312,12.3067411311109,11.6451036959608,11.0841768302086,10.6234938267392,10.2551979905753,9.96626048710583,9.74675436468684,9.60260145691234,9.54946966578884,9.57589275441514,9.6448325223682,9.71181151994935,9.72508180340602,9.61437943474315,9.3503438077268,8.94714894760439,8.42890185902021,7.86837727227599,7.34521175287034,6.8982559108344,6.53466034966502,6.24729482283845,6.02754871907615,5.8669591856898,5.74813653667013,5.64301955879228,5.52535825679923,5.38781191207062,5.22500471751031,5.0393846171117,4.84414977329357,4.64951958704614,4.47065872238654,4.31630531221094,4.19289551916248,4.11027386193547,4.07207213013569,4.06875314115673,4.07377965182084,4.07365460738092,4.05377987810108,4.00386091792791,3.93092039470149,3.85141833659581,3.77971784898117,3.73417869657717,3.73150054378713,3.77353136622609,3.85595724908545,3.95456714832354,4.04329097074544,4.09931973805513,4.10627534319153,4.07796855542642,4.03372673340803,3.97015051743527
"Denmark","DNK","Upper","Under-five Mortality Rate","Total",,,,,,,,,,,,,,,,,,,,36.0969933929812,34.5216871299324,33.3767948835455,32.395527101651,31.1761150599213,29.9004603375959,28.6370347951197,27.559616584829,26.725209755504,26.0580044855778,25.5437886000591,24.9631547846062,24.2808725987734,23.5131928155463,22.5763403845697,21.578922952725,20.4637450900537,19.4098463317821,18.5008136090852,17.7421079735386,17.0449505788679,16.1842339369784,15.2157068472941,14.2844024596823,13.4027323711053,12.6414446555024,11.9688508362118,11.4085935973366,10.9489146020475,10.5659079774999,10.2809337673633,10.0641241718777,9.92140463774014,9.86790284210883,9.89454610727853,9.96995344884692,10.0316763841765,10.0518900922232,9.95434492363251,9.67973430583648,9.25942242233487,8.70738066411176,8.12893480041627,7.59961657403447,7.14162147771756,6.77380389722147,6.47750754127695,6.24939223148507,6.08446742179692,5.95892219128562,5.85901721246911,5.74539992598213,5.60671679440238,5.43806763476096,5.24087724656495,5.03697854069516,4.83883236227441,4.6541269991265,4.50138208433816,4.37917733653693,4.29526790123247,4.25529969086978,4.24971433299743,4.2629109666314,4.26232045834874,4.25046934334783,4.19423894401129,4.11160335753814,4.03373056668426,3.9587940530742,3.92053224178493,3.92571371167025,4.00236581043743,4.1634439879427,4.43402339182207,4.7542298374998,5.04133225896819,5.28713074035803,5.46997394699557,5.65152460623955,5.76657975989361
"Dominica","DMA","Lower","Under-five Mortality Rate","Total",,,,,,,,,,,,,,,,,,,,,,,,,,,,,,127.324605573835,116.831186607845,107.045542156859,98.181663046323,89.919443018503,82.2623186314258,75.1972461045084,68.7657718032395,62.8699200209774,57.5094262857659,52.6295153083784,48.1955615844584,44.1905295643405,40.6148764927105,37.4074102490855,34.5329564927672,31.9751612332325,29.7188298995698,27.7489656157335,31.6485749537994,24.5054969051748,23.1867870745558,22.0410020497556,21.0344584147243,20.1953314141702,19.4831741061962,18.879556787889,18.3894923787124,17.9992779187482,17.6857345781967,17.4439831743686,17.2747605408307,17.1675887338565,17.1081060629224,17.1174868829935,17.169628530068,17.281283694711,17.4282520793872,17.6502770321244,17.8931610228121,18.1765631102776,18.4995176400513,18.8803568888995,19.296082443389,19.7387471057459,20.2281852103166,20.7565740784922,21.324732895567,21.9324549350263,22.579066089044,23.2435168556518,23.9318560812743,24.625358463573,25.3559153071018,26.0720027318373,26.8145654906201,27.5431114360342,28.2249174355629,28.8693454517015,29.4475453862147,29.9536443466065,30.3761096611113,30.6540654062372,30.8055711392165,30.7799885570173,30.5988723800255,30.292748262188,29.9050405358949,29.4712491776957,29.0005018542997,28.5692392644305
"Dominica","DMA","Median","Under-five Mortality Rate","Total",,,,,,,,,,,,,,,,,,,,,,,,,,,,,,136.398007864942,124.329197670518,113.255225757535,103.234586426921,94.1399975248221,85.8952340793395,78.395571332525,71.617676283603,65.458691831702,59.8789072028485,54.8167988633063,50.2504843666489,46.1268641583747,42.433876893706,39.1376108264911,36.1824388443485,33.556878101239,31.2445679282783,29.2040741979123,33.360265028996,25.8465878264136,24.4786992857814,23.2871577432822,22.2561791949854,21.3764933657529,20.6308802891431,20.0100076147856,19.4946398527119,19.0833032200308,18.763772372604,18.5235605396116,18.3516587898427,18.2478719254266,18.2064483551234,18.2205912845303,18.2850539113622,18.4025926677906,18.5685015712762,18.7893440437519,19.0558850454322,19.3708112677441,19.7333175609241,20.1397453093041,20.5896480725199,21.0747583957941,21.615872913941,22.1870161503071,22.8088834792712,23.4711065313582,24.1724123139181,24.9307726641899,25.7207834411332,26.5482325376238,27.3987606690549,28.2879414527896,29.2181279717968,30.1747861239931,31.1350869015807,32.0636221155443,32.9612895998287,33.7510669834169,34.4480606686016,35.0110656227837,35.4111035540481,35.6584624465793,35.7715243705377,35.7569794880196,35.6313834384556,35.4201186225422,35.1374692598818,34.8026097020619
"Dominica","DMA","Upper","Under-five Mortality Rate","Total",,,,,,,,,,,,,,,,,,,,,,,,,,,,,,146.058916098173,132.125277476935,119.644090641172,108.541467991416,98.5361408039661,89.6367386275007,81.6958796542857,74.5357839601972,68.0979495058537,62.2869154675675,57.064050090435,52.3425356185306,48.0951865607871,44.2973899190947,40.9143821462266,37.8903383479198,35.2075371471463,32.8298867892896,30.7288505930742,35.1301059443063,27.2643795471379,25.8418259872219,24.6013730801772,23.5507730818808,22.6335225006139,21.8684744720621,21.2236083732754,20.686644956958,20.2465501828298,19.9242352828214,19.6824232055963,19.5173645918475,19.4183395882063,19.3800522698985,19.4012107473294,19.4793568726861,19.6185250867317,19.8107546679484,20.0555262612052,20.3464275201168,20.67977058945,21.069721983944,21.5025247822181,21.9865835345407,22.4987144771342,23.039935687302,23.6715594838606,24.3487757151836,25.1016424100261,25.8792967464414,26.6944521949759,27.584481077601,28.5524478659956,29.5896501454449,30.6884568566816,31.8719118227011,33.0839749171921,34.343984107426,35.6650742755748,36.8981602339037,38.1232566416302,39.2023969082044,40.1220500155821,40.8923350022046,41.4427322399287,41.8769682042013,42.2259917155616,42.4524059617455,42.5512903160252,42.5951306279196,42.5349019955979
"Estonia","EST","Lower","Under-five Mortality Rate","Total",,,,,,,,,,,,,,,,,,,,,,,,,,,,34.5669431426418,33.5453871945792,32.2175729269127,30.7350811434335,29.1913016513022,27.6294941876029,26.1790043753686,24.8465756076263,23.7114625854008,22.7261329438214,21.9523411037123,21.3589704838985,20.9382529919267,20.6429161357622,20.4836709663008,20.4385977531339,20.4836873952357,20.5685460022802,20.6789588358111,20.7644518045392,20.8223988713747,20.8075639282723,20.6641206370836,20.4024029744318,20.0364511373902,19.5641741136228,19.0727104439075,18.5801504463397,18.1611708208269,17.81377622044,17.5201821583742,17.2900937648777,17.0738794127864,16.8978181020984,16.6461464444398,16.259226197403,15.7128926181565,14.9927476602792,14.1443474779256,13.2313906912682,12.2901697672118,11.3845964583249,10.4885774346532,9.62774056736786,8.80677315028227,8.04862477578118,7.35807103384211,6.71210887342509,6.11966474848975,5.5810398096646,5.0920040662251,4.65081352751611,4.25604779100403,3.91038907105511,3.61755673389057,3.35589486615022,3.12284504611386,2.92048604864586,2.74495849005618,2.58766694777922,2.44194048483919,2.30458425979424,2.17082144393223,2.03409518641173,1.89893662651307,1.77041300577028,1.65239773235522,1.53609050857286,1.43457031483799,1.34074078970319,1.25319193953664,1.17572384103472,1.09836544549109
"Estonia","EST","Median","Under-five Mortality Rate","Total",,,,,,,,,,,,,,,,,,,,,,,,,,,,39.5439936533411,37.2241817143397,35.0371247481441,32.9783766417291,31.0588190909207,29.3045449474953,27.7237109010786,26.3262403611598,25.1011266103638,24.0921786572859,23.2665096864295,22.6304458856792,22.1700202508635,21.8555537434128,21.6810163422136,21.6142376016435,21.6494343684254,21.7350536915598,21.8280037774938,21.9024751264411,21.9033847337094,21.7855944137041,21.5589506377786,21.1990763081853,20.7353806496927,20.2061857004729,19.677335041879,19.1691102576078,18.7446337451667,18.3905498332065,18.1067232283656,17.8804374603128,17.7013981929898,17.5179952983664,17.2817529538085,16.9096994393302,16.3627070703952,15.6525126808466,14.80486132982,13.8784512209985,12.9171715034773,11.9653902236952,11.031846755037,10.1445094744822,9.29809136486034,8.50746716982117,7.78247052128521,7.11115397873909,6.49460932567762,5.92924251907523,5.4207837630629,4.96103214606741,4.55425561335758,4.19996470375529,3.88943366819097,3.6178581001171,3.38106445776088,3.17018290353067,2.98518877720808,2.81953562879864,2.67144139149305,2.53814657045259,2.41481301314155,2.30046587156754,2.1947657141079,2.09999676273222,2.01561255849062,1.93919082306741,1.86698516645909,1.80280437336294,1.73953278391579,1.68043597185991,1.62195144889929
"Estonia","EST","Upper","Under-five Mortality Rate","Total",,,,,,,,,,,,,,,,,,,,,,,,,,,,45.2793134177779,41.3818629965639,38.0696448047697,35.308222778179,33.0633893298398,31.1302450983672,29.3804658128247,27.8943071559865,26.5984167056509,25.5137649351498,24.6294767428077,23.9529008206712,23.457473710563,23.1294620987916,22.957631706945,22.8995844498903,22.9292269309982,23.0106248405856,23.0741233770119,23.1156421631529,23.05106973331,22.832926938295,22.4952627268814,22.0230020657015,21.4744161077076,20.9010522831845,20.305977175014,19.8027891113681,19.3535985443083,18.9936015278482,18.7138674885697,18.4906905516286,18.3151339788694,18.1432687994745,17.9252710411427,17.5757642092799,17.0343397462337,16.3243158593163,15.4686488625699,14.5326141552141,13.5484243946092,12.5701892240318,11.620922516716,10.6841403319963,9.79804113761729,8.97558325186626,8.21361990674019,7.51482311918292,6.87220479607892,6.293068049409,5.7703490788334,5.29648019280502,4.87448889899694,4.50567155410943,4.18264797654136,3.9050538152644,3.65541603885232,3.43619132504222,3.2423991286893,3.07044114720151,2.91833661229031,2.7935005421091,2.68800293877066,2.60080337983131,2.53918396489273,2.48677600088581,2.45616777124586,2.4360491999577,2.42737527954016,2.42456204754385,2.42047380152679,2.42259503105423,2.4171661369611
"Finland","FIN","Lower","Under-five Mortality Rate","Total",,,,,,,,,,,,,,,,,,,42.8634928447057,42.0690198706023,41.0736378929155,39.8075392148761,38.2747967707433,36.5881458306853,34.8952682450865,33.266090875527,31.6009489747292,29.846402314791,28.0532757905574,26.2843500221412,24.7337790591198,23.3401540489624,22.0592401618685,20.8956580197417,19.8200424889878,18.8736206102517,18.0095667342222,17.2142549122912,16.4712232404249,15.7320273401132,15.0064479850458,14.2603589505119,13.5032748037302,12.7443038726609,11.9571578886431,11.1530081774772,10.3471466380129,9.59715232542657,8.94315804091447,8.38462722863807,7.94605393595757,7.60923784185719,7.36598359292538,7.2105566964608,7.10264368488618,7.04315217432557,6.97537806249402,6.86790314147541,6.71524410462017,6.49505915952664,6.22377478674884,5.90997532794088,5.57362997006941,5.2558665642963,4.97020469178875,4.73713091697736,4.54171486303921,4.37425440937612,4.23230267012961,4.10218526925585,3.99762194406591,3.89820717696693,3.7995043290133,3.69902358030189,3.58545158039623,3.45613300462131,3.31764099171865,3.17072550165988,3.02359498261919,2.88103446047745,2.7472028267066,2.622930271525,2.51378299045128,2.42225872812979,2.35393550339763,2.30733128480355,2.27657691361345,2.25482667390491,2.24226129349562,2.23059924367993,2.22119897723361,2.20431766595184,2.17531057466573,2.12986259153828,2.06575491018163,1.98902677052326,1.89940104829634,1.79502538693879,1.6898604827118,1.5842717173169
"Finland","FIN","Median","Under-five Mortality Rate","Total",,,,,,,,,,,,,,,,,,,47.5947684211957,45.2075578505556,43.0215862098617,40.9884278150232,39.0962836635291,37.3172042021533,35.6069354677866,33.9157195087857,32.2120653058567,30.4251522519384,28.5888073828758,26.8233955285545,25.2251314483608,23.7952302809792,22.4958425784001,21.3012795471045,20.2159922019165,19.24832362755,18.3766284816405,17.5808343957915,16.8314789629575,16.1069850887245,15.3730003551825,14.6212735680981,13.8535920220357,13.0745208935716,12.2695733711535,11.4434815616622,10.6312815523406,9.88040074552378,9.21908620134747,8.66199165562221,8.20985719459553,7.86340808339743,7.61245258264375,7.4450424521079,7.33751190002685,7.26442764927667,7.19551285099923,7.09945373100678,6.94645248273604,6.72781478456223,6.44298265400709,6.1137122184747,5.77651978841577,5.45861032670481,5.17372237969712,4.93211917351779,4.73002374046244,4.55752726170491,4.40743300075357,4.27681707629783,4.16251571173478,4.06274350576795,3.96592568460398,3.86158323431183,3.74563408796221,3.61183343737737,3.46561650674047,3.31422265726949,3.16296608932337,3.01771467447238,2.88096223247074,2.75708524330594,2.64755518911999,2.55865778447192,2.48787115873131,2.43877022751883,2.40640799756845,2.38378743458686,2.36969101589249,2.3608282386736,2.35625973881937,2.35536856700484,2.35543013008973,2.35249699375983,2.34264276369275,2.3217086213082,2.28541549740067,2.23998305927582,2.18865704151012,2.13750380579662
"Finland","FIN","Upper","Under-five Mortality Rate","Total",,,,,,,,,,,,,,,,,,,52.9145748533124,48.5778613411731,45.0393690285694,42.2039595719078,39.9645545406114,38.0617752371593,36.3144891984044,34.6047958860533,32.8531723152555,31.0424421907956,29.1441026359799,27.3536491060554,25.7164401326896,24.2642070462353,22.948635355868,21.7131509108961,20.6189406572042,19.6279224450131,18.7443757888289,17.9571177142427,17.1988616375646,16.484089767655,15.738078546219,14.9830287066537,14.2129308531249,13.4189757227855,12.6133213753071,11.7536526012317,10.9171474133245,10.1554723215312,9.47839480050552,8.92231638340295,8.46479428678632,8.11672600225828,7.86365829539676,7.68363019598819,7.57297278572325,7.49744167114498,7.44133350962654,7.35682905247867,7.20092924891801,6.98173233012396,6.67719368163669,6.32863739256216,5.98051982706557,5.65647325675907,5.37228659982256,5.12610506769412,4.92099375681836,4.7451768868317,4.58943580043802,4.45727494448537,4.33907908572049,4.2360716655951,4.13970257119464,4.03203594067478,3.91873188703821,3.78179115762422,3.63031319739791,3.46962025335698,3.31086574003066,3.15918704643805,3.0171038469186,2.89441281470918,2.78717778172708,2.69532147998208,2.62374509940078,2.57156457380294,2.5377206090579,2.51685972660903,2.50255447635406,2.49758546219704,2.4988257672751,2.51237217823403,2.55305607077352,2.60740774221314,2.66789552233753,2.72502607738582,2.77187791293825,2.82551214726398,2.86842751094489,2.91412567410309
"France","FRA","Lower","Under-five Mortality Rate","Total",,,,,,,,,,,,,,,,,,,57.9659585000166,55.2779990989092,52.134189222318,48.7505763025868,45.4388216208227,42.2898058733433,39.3995916754291,36.6963003449513,34.1500837827301,31.8294577395829,29.7304731162651,27.9806221933051,26.4986157426244,25.1822266925961,24.0042733123858,22.9047347596062,21.9365225392009,21.0500227376263,20.2311708807035,19.4879962162905,18.7025434441739,17.8867520380973,17.0441790018056,16.277271460398,15.6689922127937,15.1357441304073,14.6558216006603,14.163028920952,13.6441750155469,13.1188312778382,12.5885238468094,12.1215166307513,11.6978661361828,11.2810690727128,10.8823212566873,10.4913367655817,10.1566841265245,9.8723404701668,9.62403487252073,9.39812259822581,9.12656066725454,8.79374057212221,8.38992501962826,7.91298905751731,7.39147755616275,6.85564334513793,6.38186665330051,5.99785254996515,5.71872770315337,5.53964908094363,5.40236046677733,5.27824875852816,5.1450257365218,4.99828596125346,4.83771953921967,4.6748206369945,4.54220266401519,4.43988135207964,4.35313036334673,4.28080563268218,4.20751767936125,4.13820311112539,4.07390718724373,4.03262088083906,4.03262700013123,4.05314005058223,4.08986815984405,4.12509364859356,4.14736171958116,4.15823941505482,4.15507586568709,4.16219175068617,4.17671323360382,4.19384202699203,4.18892893241683,4.13229094802662,4.01370496891884,3.82941494790668,3.62767427598837,3.41622365476076,3.19685001669019,2.99241823262796
"France","FRA","Median","Under-five Mortality Rate","Total",,,,,,,,,,,,,,,,,,,61.1001533585833,57.1151804537694,53.3030120983981,49.7073975944902,46.2993054404992,43.1139342223256,40.1361556900806,37.3819566246378,34.811507444512,32.4346819348038,30.3232389327448,28.5338153700936,27.0175093930064,25.6691110578079,24.4621156976075,23.3580354202058,22.357657957042,21.4485485532884,20.6203628407578,19.8528641772018,19.0683361450493,18.2255206864411,17.379108089156,16.6214672485102,15.9856133312229,15.4372463007168,14.9336848023331,14.4355903986209,13.9184203296163,13.3677440178573,12.8336254101582,12.3514981449478,11.9159961614477,11.4980268991101,11.087384536411,10.701137366097,10.3669227263093,10.0762552308182,9.81866464244933,9.57375757253916,9.30553600519258,8.97741023085101,8.57134676246015,8.08116836319737,7.53497139606619,6.99771348405274,6.5222767900545,6.13428817702031,5.84620240166856,5.65220381713032,5.50868338694311,5.37933102202935,5.24514368740131,5.09458034175412,4.92639840679662,4.76526227784034,4.63140250763927,4.52456220913683,4.43669728322632,4.35999110859826,4.28829969789415,4.2166973669826,4.15355780677884,4.11586233494788,4.11249820810133,4.13287556221647,4.16725657691591,4.20303741620204,4.22743930825453,4.2355223693087,4.23760591819024,4.24429975584345,4.2608129154761,4.28961184492408,4.322175803325,4.34251513025836,4.33383516321029,4.29391337683834,4.22676488827744,4.1452921406414,4.04777655133733,3.94629666849343
"France","FRA","Upper","Under-five Mortality Rate","Total",,,,,,,,,,,,,,,,,,,64.4147168258732,59.0168633782829,54.5112246775683,50.7172160405891,47.2224102057629,43.9901976551273,40.9417618356106,38.1116029364434,35.478308866604,33.0362521780511,30.9095825956336,29.0702428469821,27.5265229091085,26.1759040122409,24.9277875543627,23.8095580195398,22.7826188288069,21.8542339317614,21.0223126279536,20.2370453122301,19.4558912339686,18.5764741269213,17.6993740543974,16.9407674502273,16.2827684349522,15.7328174581691,15.2246358572277,14.7257893205582,14.199180037483,13.6204864903443,13.0828127845309,12.5907645849271,12.1431532635442,11.7215207798836,11.2898997089583,10.9043534802109,10.5642956420028,10.2724796165649,10.0112337524105,9.75733881245755,9.4950700313265,9.17150975834977,8.76434605700235,8.26201251457958,7.68208238633289,7.13084743459421,6.65410106310487,6.27056476341802,5.97627905485137,5.76080189208372,5.61543940332261,5.49121777444132,5.35981155348199,5.20225469315722,5.02023751805429,4.8573690185558,4.7179985967584,4.60884972453871,4.52340956026255,4.44624474590697,4.37431539582826,4.29690262407226,4.23328943623166,4.1992372469588,4.19193358908796,4.2135646547024,4.25026061921369,4.28947554984805,4.31466655466505,4.31688258652945,4.31948154284784,4.32626366620078,4.34497645406694,4.38503678547615,4.46459398214735,4.5768237202585,4.69803557908312,4.82808483947972,4.94959951198765,5.05452695826847,5.13925106891746,5.21763120820528
"Germany","DEU","Lower","Under-five Mortality Rate","Total",,,,,,,,,,,,,,,,,,,,,,,,,,,,,,,,,,,,,,25.7786944814127,25.5452435705008,25.0818015137256,24.4155310085774,23.5824375565498,22.6465316940216,21.5890684648721,20.4298262719624,19.1941379651661,17.9551818454277,16.7832562340859,15.6892231038316,14.7014820912917,13.7998726190299,12.9712834932772,12.2280412098837,11.5491902272456,10.9522105064468,10.4035677250208,9.87402501386646,9.36909591324111,8.86427121693686,8.37524823264814,7.90243747903093,7.45206131524483,7.04204001253879,6.66696687548868,6.34147777253413,6.05622126947697,5.80704357365037,5.59833087093659,5.41306913771725,5.26199553310466,5.12850069612258,5.00445604522251,4.88932507758852,4.76828151016371,4.64951319959849,4.52764837755851,4.40863396208069,4.29743172607291,4.19342542171656,4.10098060416312,4.02209486195672,3.9601341703713,3.91734296973764,3.88119439704532,3.85008581474797,3.81612215712103,3.77461004995197,3.72691491468929,3.6751733137334,3.63904786793575,3.62579204797793,3.6263280166901,3.61744490060777,3.57171852804061,3.47142172243139,3.3186197753642,3.14179930574321,2.96405458195077,2.7886745397301,2.60984189761917
"Germany","DEU","Median","Under-five Mortality Rate","Total",,,,,,,,,,,,,,,,,,,,,,,,,,,,,,,,,,,,,,27.1257533065563,26.3823800903625,25.6386262638805,24.8651355427533,24.0199634070134,23.073970455496,22.0112863509785,20.8175803897871,19.5532668516704,18.3014813970947,17.1180275591036,16.0158648842429,14.9949142028191,14.0626360139019,13.2176365345273,12.4504267814084,11.7616691431874,11.1453418766989,10.5823494052928,10.0534311405293,9.53613938650765,9.03075919158138,8.52985543459566,8.0427808686463,7.58640288057738,7.16641481134998,6.78937074553194,6.4593711896534,6.1705902018782,5.91932994767609,5.70261900081806,5.51548320671126,5.35774673957559,5.21998619592261,5.09319312715187,4.97275313529529,4.85354417788428,4.73159048972925,4.6087740725408,4.48803594075621,4.37319550283658,4.26833429967732,4.17554368298842,4.09730697111241,4.03454923657165,3.98754473973006,3.95064269420368,3.9185713864612,3.8853938632492,3.84360351408742,3.79365783655078,3.74567675561127,3.71157087860398,3.69519219479788,3.69480319203857,3.70656558159219,3.71122243056873,3.69072500507196,3.64933896502419,3.59188581810114,3.51509169831742,3.43540734000279,3.34889258717506
"Germany","DEU","Upper","Under-five Mortality Rate","Total",,,,,,,,,,,,,,,,,,,,,,,,,,,,,,,,,,,,,,28.4314142162737,27.2236209163592,26.2054294995284,25.3325064293661,24.4812067225858,23.5449823156927,22.4578580259311,21.2090524134298,19.9043818079028,18.6440171889893,17.4454809843367,16.3375268666839,15.2961204425291,14.3342015167884,13.4619476062017,12.671748165275,11.9760254339859,11.3431866887451,10.7756471924151,10.2438787122325,9.71677173488423,9.20477475989859,8.6918133723513,8.19037217203262,7.72382970864691,7.29513053548434,6.91385741653976,6.5747572045976,6.28021168172279,6.02648889815993,5.80025375490279,5.61335411550086,5.45231028906958,5.31313210452043,5.18721817477052,5.06425557932802,4.94397776519583,4.81721894669827,4.6911395908994,4.57019410239682,4.45216077062835,4.34478516898212,4.25049561032658,4.16982969484368,4.10738026406453,4.05815547789144,4.02319818577766,3.99396042717221,3.96238930976883,3.91922414571055,3.86241184303637,3.81424157059333,3.77949618755186,3.76154996982054,3.76456279851432,3.79887461938026,3.86353856366641,3.94845389019348,4.03837451632284,4.1270748852088,4.20403757389589,4.27955961159547,4.34811919148139
"Greece","GRC","Lower","Under-five Mortality Rate","Total",,,,,,,,,,,,,,,,,,,,,50.0620625353935,50.4503241568892,50.4269036731878,49.9986794025259,49.4987996548884,48.9139912268815,48.1380181979611,47.232679624238,46.2404958762647,45.3009980312523,44.256757036268,43.0172422152242,41.6623017836659,40.2436928996927,39.0390182624268,37.8313952330086,36.3474297827618,34.6079341022658,32.6773846678673,30.7250139616165,28.965614731394,27.709867936375,27.0604165667854,26.4292928933013,25.5915188902874,24.5190060674412,23.2677171750182,21.9358551957766,20.5245035951712,19.1646053883926,17.8847060998265,16.7871382072707,15.9188821334023,15.0822560255216,14.2302438405164,13.3549729212824,12.4726761987167,11.6386424302253,10.8658669774745,10.215814708031,9.6745534304094,9.23731679415943,8.89301219985922,8.56227272769454,8.23517757159275,7.87799152000601,7.49207284598791,7.08444332898498,6.65531591674296,6.23002534212339,5.80576644021173,5.40199280581456,5.0374841369356,4.7053806088125,4.42200687887651,4.18522520365801,4.00374314362559,3.88903442237266,3.82141135524416,3.80956087417542,3.83867730185354,3.90336916420321,3.99366685740549,4.07482388904815,4.12992645681005,4.1458792060245,4.12175546889964,4.06474866517179,3.990298676495,3.92017355135454,3.84955853021484,3.75885131608692,3.62935253596337,3.46022434177653,3.27626959617181,3.07576400985139,2.87955043085691,2.68947095613485,2.50225661864734,2.33043106203693
"Greece","GRC","Median","Under-five Mortality Rate","Total",,,,,,,,,,,,,,,,,,,,,57.7256901218024,55.9756586697153,54.3031557348445,52.7455905714647,51.4444930500924,50.2874257585242,49.2330815930905,48.222563780277,47.2254559031431,46.2238251978716,45.1476781285735,43.8992928066707,42.4790721267527,41.0860627066455,39.8392383073149,38.5997174495505,37.1260151891799,35.3112675874148,33.3330594313561,31.3652815691855,29.6392129803033,28.3859559088217,27.6184976030703,26.9784887295879,26.133677750476,25.0347801224786,23.7549966555678,22.3690200851297,20.9461809615844,19.552153439046,18.2577613268673,17.1556691682024,16.2411164725492,15.3968176047319,14.5308144005187,13.6377552388882,12.7486594273636,11.8957629859284,11.1264778376042,10.4683600453108,9.92426584328298,9.48233104247471,9.11894853233562,8.78884523193894,8.45189154704939,8.08948009288682,7.70017481330214,7.28408332974376,6.85070418815096,6.40968693394841,5.97929386114791,5.57164330873015,5.19664823696275,4.86041696230542,4.5684981246004,4.32694485517995,4.14504199609668,4.02476002256745,3.96116040562223,3.94701532525713,3.97626058487044,4.04281605709876,4.13498857918963,4.22666545793017,4.28384868076626,4.30061100719357,4.27697017539652,4.2206039248502,4.1478393252908,4.07786874730968,4.01363352644015,3.95151483011244,3.89076064007742,3.82397167704258,3.74749812936664,3.65704565901052,3.56131896827603,3.466429845128,3.36404949262872,3.26394060159056
"Greece","GRC","Upper","Under-five Mortality Rate","Total",,,,,,,,,,,,,,,,,,,,,66.8864056649428,62.2696458393313,58.4567297753193,55.6585517726767,53.4424230445115,51.6781246544259,50.3712034948483,49.2259040890963,48.2348713496391,47.1861607956294,46.0641981856316,44.8070607980312,43.3168537945297,41.9259213286334,40.627224688497,39.3941569945979,37.9485012137648,36.0893509466556,34.0624420677498,32.0121926044997,30.2884292054816,29.0312068349106,28.1690878134097,27.5656627566118,26.7099844185773,25.5707482150166,24.2533814417029,22.8182487646693,21.3883550734308,19.9526140176218,18.6422861411433,17.5150514137457,16.5600853885725,15.7226788110398,14.8445151784586,13.9344746894363,13.0292091620184,12.1539808914442,11.3914384937435,10.7230005431266,10.1708446556301,9.72127688243002,9.34264853075444,9.02049037116388,8.67765260446476,8.31847586803925,7.92366843447646,7.49102960949494,7.05030143724843,6.59944439150252,6.15688534550448,5.74112737816538,5.35355665721421,5.01861189287253,4.71619073081178,4.47090758926416,4.28827475647954,4.16307332637784,4.09940628338783,4.08441093918754,4.11672172230252,4.18965075832639,4.28916046992475,4.38878401897397,4.45350862732437,4.4670222303747,4.44511734396579,4.38398395182711,4.31370919507842,4.23939363763972,4.18622085764776,4.15615585886173,4.1721715320391,4.22478491141915,4.28817379315991,4.33681110475225,4.38607936021744,4.44030967681437,4.50039955529463,4.53617143267084
"Hungary","HUN","Lower","Under-five Mortality Rate","Total",,,,,,,,,,,,,,,,,,,92.552208702003,88.8285679258864,83.1167571028855,77.0712146964434,71.6027820096092,67.4384034692285,65.3860199475011,64.0264105318891,61.8721958846279,59.0680092895632,55.8118794343255,52.931801480958,50.3937734524236,48.2161822491724,46.5216464277146,44.8730901517505,43.5612205311326,42.2929303537194,41.0539038018694,39.9436014538486,38.8367673671767,38.0099660401104,37.3849918461873,37.3047679856637,37.5216469456803,36.7146777144002,34.6321142691943,31.5555040458185,28.5401493046809,26.4231246113665,24.6281606577645,23.178836944675,22.0485869728189,21.4458570439967,21.485613534675,21.4120063140855,21.0010647619479,20.2089384012408,19.2055005619231,18.2471987959464,17.3960224468915,16.7995588628411,16.1636776281374,15.2797206066978,14.1890871166,13.0390443374301,12.2179905380772,11.6567451204724,11.1947300281547,10.7980222190051,10.3379344866334,9.83889202296061,9.26899889594055,8.69392663073613,8.18781267102199,7.70708942004254,7.31542389707732,6.95676957108685,6.61357351551359,6.30531877342067,6.01561088402626,5.82186151586821,5.67790916427977,5.53449317893335,5.3709084741915,5.14357650588886,4.8708833814206,4.56227346260543,4.28807205414414,4.1019734783856,3.96003176843217,3.87110200695251,3.79591976401595,3.70411423475218,3.53983827241834,3.30605384403951,3.05090177224672,2.78325426676403,2.5353847227802,2.3266184050275,2.14232897678537,1.97450790301044
"Hungary","HUN","Median","Under-five Mortality Rate","Total",,,,,,,,,,,,,,,,,,,110.904323985034,100.232049180189,90.7207731035864,82.454011742392,75.6165162926424,70.6103489486057,67.5485776321566,65.591340863107,63.3755396027055,60.398710191838,57.1246502651291,54.1326608032151,51.5683036508871,49.3746469421878,47.5289570471635,45.9340927423873,44.5234937929524,43.2352172613757,41.9998994265375,40.8209726031411,39.7510506941268,38.8699010995242,38.3190975719615,38.2205960592603,38.3494398967268,37.7012988356951,35.4632223139994,32.2729105329907,29.2934652883891,27.0046512792473,25.205528148359,23.698635382501,22.5634634163859,22.0017517394104,21.9497644758408,21.9433834676537,21.5117913052078,20.6677161322695,19.6615338183599,18.6753464845684,17.8299426812536,17.1796147916071,16.5457682861004,15.6611711336463,14.4975764807179,13.3731448222604,12.5312470384611,11.9458330237887,11.4920670073775,11.0794241693876,10.634657884134,10.1129348104166,9.53605915580762,8.96111260831939,8.42575116987193,7.95378446981128,7.54433768837964,7.18192045995925,6.84147214633006,6.51538473345875,6.23796907217952,6.0346000450462,5.88160095506246,5.73593775499848,5.56579032038182,5.34273236647933,5.05407825017462,4.74251308312547,4.47255019652182,4.2763945584887,4.1363400073239,4.0392770270544,3.96437414748865,3.89084783145074,3.80280402222326,3.70685668282217,3.60739041139178,3.50690683982999,3.40295255986151,3.29845331115581,3.20266292543509,3.10082967506727
"Hungary","HUN","Upper","Under-five Mortality Rate","Total",,,,,,,,,,,,,,,,,,,133.390452174704,113.534587101928,98.861347453514,88.2585007518094,79.7545709709266,73.5995685359125,69.6430404467096,67.1795252348642,65.101294697724,61.8150817650741,58.4513335648507,55.3451352830599,52.7324493981068,50.5420221486453,48.554845762466,47.0062627108451,45.5096892145028,44.2007200582062,42.9945831421805,41.708741217576,40.6707809054581,39.7314420807815,39.1894633522982,39.1242423400764,39.214291918704,38.7833050458947,36.3509794624546,32.978886360483,29.9830126519045,27.5818539996949,25.8134811830359,24.2409295551415,23.0818684729381,22.5305769545596,22.4250334927277,22.5120982951802,22.0554502276839,21.1394033122727,20.1071051666753,19.0861711357557,18.2523405308022,17.5694729503023,16.9534212810749,16.0799206277346,14.8201988075395,13.7067378986698,12.8477859554661,12.2441723210469,11.8070171550532,11.3755272355613,10.9462870369397,10.3967076613079,9.80505605745245,9.22989887029362,8.6719633769391,8.20462796723357,7.78236128086798,7.41140426144675,7.07080794607201,6.72734010513529,6.45610913451601,6.2437912906751,6.0901762733532,5.95186939016889,5.77436028698285,5.55830472700067,5.24678844370478,4.92649924949657,4.66195843989049,4.45061921886551,4.31373718714006,4.21249672552024,4.14153726797137,4.09052473915639,4.09355989950736,4.17204563837192,4.28556789705661,4.41442704526225,4.54567200623413,4.68177197305528,4.78749339167675,4.87045460258179
"Iceland","ISL","Lower","Under-five Mortality Rate","Total",,,,,,,,,,,,,,,,,,,28.2782091654239,27.6798373798027,26.9097660138637,25.9634892329202,24.9382091062633,23.9537420236334,23.044979131642,22.2288119289077,21.585111974072,21.0535004981645,20.6017826987731,20.2336158538349,19.8900380476488,19.5429972151749,19.1259951788393,18.6107752712295,18.0481239729675,17.4138140274985,16.7678897680698,16.1452695357104,15.5251152002371,14.9284943276357,14.3506340148957,13.7831883449433,13.1875323860166,12.5818581678846,11.9527391302917,11.3220392752147,10.7072297041578,10.0879402154315,9.50217407097177,8.9492212540035,8.44573211000309,8.00759779333882,7.61626631564008,7.27276682523339,6.98358734724001,6.7291720121495,6.50970428932674,6.29628418956207,6.08483382797124,5.86795306965355,5.64501346392301,5.4268679744923,5.18570777445723,4.92964332424195,4.67378383837279,4.41633220386789,4.16065242325817,3.92709226433422,3.70554018500124,3.49875048964277,3.30135003098989,3.12606086814266,2.96909834435756,2.82387638579398,2.69634842656466,2.58932853800409,2.49649857354926,2.42155247447247,2.36628616292188,2.3240548405963,2.30079912609785,2.2817287649323,2.27744670311791,2.27994946239029,2.29556175268286,2.31839314078148,2.35168478412994,2.37435421970836,2.39747480612395,2.39571469447262,2.3753823642465,2.32487354427873,2.24097398452256,2.15066563740125,2.04910083415465,1.94513504310198,1.84577770050462,1.73552484493434,1.63012298491218,1.53994011736049
"Iceland","ISL","Median","Under-five Mortality Rate","Total",,,,,,,,,,,,,,,,,,,32.199194768551,30.5970065805274,29.1003543924212,27.71136746856,26.4426818276276,25.3323722677055,24.3700676852971,23.5446310116591,22.853566338161,22.2876063281046,21.8175047779896,21.4317808115174,21.0687598679881,20.683038589864,20.2441630272522,19.7304438251161,19.1424234689084,18.5128287341778,17.8561154295324,17.2019685281001,16.5685872265177,15.9620246499714,15.3568371856827,14.7536045437705,14.1371299358146,13.5045967370098,12.8497538906136,12.1823449797101,11.5239859739434,10.8826675109275,10.2685151733778,9.69195234387134,9.1702320959967,8.70918549689063,8.30156665990812,7.94497404011338,7.63129493732186,7.35576851125961,7.10461176967455,6.87646530832827,6.64909007985651,6.42198044522251,6.18944206941548,5.94493130767545,5.69240671536715,5.4345327890558,5.16653377810615,4.90113548150667,4.63854893542512,4.38622028047191,4.14352577641666,3.91630040655401,3.70639842877904,3.51760100559134,3.34581080850418,3.19116096788483,3.05859650869087,2.94715900909116,2.84818447612374,2.76657845443173,2.70024612036535,2.65263210417242,2.61752946057447,2.5983071639648,2.59017173627804,2.59780594066019,2.61495921099532,2.64499241741048,2.67996504494539,2.72257550153831,2.76978242623445,2.81971034465277,2.85620569998687,2.86687048194399,2.85645064378802,2.81971175775118,2.77319389354829,2.71119851150927,2.64662466146434,2.57480385964466,2.50302551425363,2.43240777717724
"Iceland","ISL","Upper","Under-five Mortality Rate","Total",,,,,,,,,,,,,,,,,,,36.5769858580437,33.7703662927527,31.4323617508086,29.55473444973,28.0429484764025,26.8229498243539,25.7998926405578,24.9702311792077,24.2447117739429,23.6492486782739,23.1473518957481,22.7260843988414,22.3267917946808,21.9249007726977,21.4904632321785,20.9536484355579,20.343742358118,19.6940349004997,19.0244718108815,18.3641487045947,17.7076844550599,17.0632086538892,16.4336735827242,15.7721003105361,15.1250923641626,14.4686417301207,13.7838130228076,13.1018843615798,12.4177658353904,11.7490506681513,11.1136792741001,10.5294026899623,9.99313030165209,9.49916512369008,9.07884844336209,8.70204486764113,8.35557643001965,8.0610166165055,7.79985686009266,7.54515071126233,7.30153910121936,7.05676834642289,6.80155666586691,6.54661151671363,6.27448237974027,6.01020542627593,5.7255123921541,5.44905825449873,5.16935672355571,4.8944249616449,4.63372004023823,4.39975930362934,4.17995140803817,3.97314578775797,3.78551029696578,3.61811741985307,3.4718764501277,3.3532634438159,3.24366369456811,3.15161365260482,3.07621828011135,3.019333071005,2.97606028346262,2.95368096970617,2.95001530296137,2.9646442771667,2.98809742558213,3.02910595811498,3.07571969952894,3.1346682832346,3.21641873046503,3.31537914884209,3.42642125582347,3.52150272420147,3.6020158025209,3.68163602785833,3.72670010518449,3.77528188035077,3.81786902790749,3.84524556731349,3.85656025147707,3.86917270928274
"Ireland","IRL","Lower","Under-five Mortality Rate","Total",,,,,,,,,,,,,,,,,,,52.5602640838218,52.4073288338758,50.7741585400235,48.4898771517211,46.0969283134867,43.9467314096471,41.9932364711125,40.2916486890109,38.9356989244865,37.5136959338876,36.0538081880244,34.5103957220255,33.0607494873782,31.865047518811,30.6511737335318,29.4358816591958,28.053281503676,26.5287142646401,24.9823548872264,23.5147608017206,22.4436330527621,21.7315682034968,21.2461117781193,20.9592863947049,20.6130922626839,20.1630920830429,19.5053993802261,18.6474912665492,17.6408099023986,16.4487759203485,15.1695430906282,13.9039758640345,12.8265749228576,12.0146922240473,11.3502882249355,10.8203366071964,10.3785340198287,10.0516053494445,9.84226938596365,9.60750084308711,9.28746452946762,8.85863876420125,8.34603736639082,7.80392540370493,7.31319026073278,7.06010359120863,6.98203581839787,6.9989194786729,7.0520761749509,7.06648976710311,7.0343913129865,6.89459376337477,6.62762839777884,6.25715608379115,5.81408032563738,5.36822688851417,4.95760803582668,4.63367718777659,4.41730105495902,4.24698358304939,4.11481443903027,3.99869068343544,3.89282674986962,3.80146417986459,3.70107590048995,3.60409382733864,3.49609917068727,3.39516307862633,3.30794110540305,3.24851826344564,3.2559960087226,3.31087422547418,3.37401616569401,3.40130245828073,3.37236832936247,3.29644389704993,3.16237988646996,2.99799975488157,2.83452064103289,2.66849963885782,2.51101917257686,2.35542945167384
"Ireland","IRL","Median","Under-five Mortality Rate","Total",,,,,,,,,,,,,,,,,,,56.3563676940096,54.2025012290096,51.9553016095601,49.5525091929636,47.1506471268573,44.9068080093156,42.9153794215841,41.2060368644717,39.750348532837,38.3339517049836,36.8158808688007,35.2460635415257,33.8054475795413,32.5342623973666,31.3278155181313,30.057547193204,28.6736828414873,27.1316139492432,25.5113688391617,24.0614909030539,22.9647411991507,22.2143047162515,21.7378314117478,21.4118261625281,21.0850078853089,20.617767429548,19.9529220700275,19.0932877756525,18.0530693067195,16.8573348160514,15.5518198744255,14.2736568908307,13.1904025937942,12.3531947304399,11.6950267625306,11.1489398487969,10.7115571722924,10.3946635328082,10.1674389786226,9.93455522955701,9.60926169984448,9.17685158847139,8.65325879213745,8.10963479029491,7.65839122769865,7.38915529374779,7.28733581113919,7.28070253533134,7.31107812577001,7.33630077133214,7.30035070184325,7.16590726622977,6.90055245314799,6.50520566784009,6.05019439100689,5.58895762084231,5.17790051193423,4.84799147520029,4.6082433404962,4.43283543551193,4.28892294136562,4.16608278311175,4.06001465259524,3.96503906281653,3.86851103170282,3.76766445786454,3.66453155342804,3.56351337944055,3.47681768869549,3.42833767531462,3.43445111777496,3.48925468255786,3.58446794662641,3.70030128534414,3.80212889004918,3.86271908502654,3.87886313866209,3.86218301169991,3.81271553973083,3.74941156213902,3.67625310080164,3.59176581804629
"Ireland","IRL","Upper","Under-five Mortality Rate","Total",,,,,,,,,,,,,,,,,,,60.2057191943539,56.1189218578515,53.2088680742528,50.6258859215777,48.19776586839,45.8493367425143,43.8132467907102,42.1177679980827,40.5773314296461,39.1819857965823,37.5863591296113,35.9797317939964,34.5226645444193,33.1971980953324,32.0217868810341,30.7049961019574,29.3192794893971,27.7408690437572,26.0466547217603,24.6042434198949,23.4777536607401,22.7122876360034,22.2347818444253,21.8837347641143,21.5807229217023,21.092105676784,20.4159581102073,19.549681196347,18.4759314162709,17.2957234866244,15.9388874828142,14.636314662042,13.5583420682298,12.6896566649397,12.0326806764427,11.4691203740747,11.0310029873341,10.7219112503805,10.4886767191704,10.2957304952751,9.97393188176854,9.52926688228759,8.97826508910854,8.41716153858074,7.98129934401522,7.71181435447691,7.58987239364273,7.57180561968001,7.59346740299485,7.63305437077893,7.59889493873525,7.46375444872222,7.19181334345911,6.76941358010788,6.29823083282831,5.81809218342038,5.39749698297877,5.05805386895697,4.80309988665067,4.61788231710612,4.46847851360404,4.34390462024224,4.24121228457783,4.1413569315387,4.05054825280995,3.94300793297314,3.8381617415345,3.73599047317521,3.6523527452526,3.61219356329417,3.61702856642437,3.67671728247968,3.81296603807552,4.03288446456522,4.31433694320883,4.58850852609114,4.8326891843636,5.03523619432172,5.18950134314804,5.34313711086116,5.45018738480328,5.5098663615913
"Israel","ISR","Lower","Under-five Mortality Rate","Total",,,,,,,,,,,,,,,,,,,,,,58.3319846124323,57.8797786645391,56.8493954532897,55.3519252155082,53.4427733386728,51.3114527926946,49.0253706550776,46.7247098423216,44.4860390761299,42.32559693223,40.2430870534649,38.2479240380766,36.3918288543402,34.5882484723135,32.9196452789837,31.3790959795038,30.070560122134,29.0032880395766,28.1992991665375,27.5967549853293,27.0008562328249,26.2285296455921,25.2129246985866,24.043652239479,22.795493443831,21.4388071329263,20.056860792965,18.7990578947048,17.8324573688089,17.0311318062123,16.2787705341399,15.5655106700028,14.8556043135934,14.1559958818652,13.4545642380993,12.815811170172,12.3055020492177,11.8108518184917,11.2982060642944,10.7608421467299,10.2024577532712,9.62847524026869,9.0309088858792,8.48433373741165,8.01713095247473,7.62788868001604,7.29826270587598,7.00405363239951,6.73381787910885,6.46869035583914,6.20675256635485,5.95095097878868,5.69071981274357,5.4430275041478,5.20519094005832,4.98671411010392,4.79233666913546,4.61236263406965,4.44938859606841,4.30073392843423,4.16138360250948,4.03786814002273,3.92134277874474,3.82296923685502,3.73238078182497,3.64306608074278,3.55777227161283,3.47792461326158,3.41352206279556,3.3607539494177,3.30507020868292,3.23212530545143,3.13568529757082,3.01410737672148,2.8562029863319,2.69064622518227,2.53134851920947,2.37063112953168,2.21702636516849
"Israel","ISR","Median","Under-five Mortality Rate","Total",,,,,,,,,,,,,,,,,,,,,,66.5417882453665,64.0315335130523,61.5589398399231,59.1883451475408,56.8046790257505,54.3388110554319,51.9035852725128,49.4698300946798,47.069197651345,44.7826539454199,42.6120889528015,40.5512244381455,38.6065803631372,36.7848070279828,35.1009223014947,33.5832150906134,32.2514454446554,31.0857652653507,30.0478150230612,29.0986025287286,28.1790474444945,27.2269920732067,26.127800909167,24.8085941893247,23.3405952460026,21.8538607154388,20.4792101685282,19.261591230797,18.2342560566797,17.3711540578214,16.5957020470115,15.8649205312722,15.1472646960572,14.4310487836324,13.7379850022391,13.1127536913811,12.5615996223017,12.0494773054751,11.5420767711845,11.0088550728733,10.4331428726277,9.82487330216479,9.23677571033953,8.70385881285071,8.2354795175758,7.83107282633872,7.48098620020692,7.16920163202583,6.88531296710009,6.61606766564654,6.35100483087628,6.08555148478289,5.82464420563508,5.57250716331145,5.33254942612764,5.11055534767141,4.90920991926316,4.72704561945927,4.56218590635575,4.40919375285416,4.26896411426845,4.14137367105941,4.02597756258513,3.92240911497786,3.82785403956726,3.73765302733192,3.65233624245916,3.57628642200716,3.51397131585225,3.4642313080084,3.42229709369086,3.38359521252864,3.33963090653347,3.28641900005419,3.22200317512669,3.14653573172726,3.0643431305948,2.97800756875229,2.89323664724221
"Israel","ISR","Upper","Under-five Mortality Rate","Total",,,,,,,,,,,,,,,,,,,,,,75.0948129387757,70.4997650623413,66.5773250160524,63.2286133025592,60.3306277013516,57.6332612282553,54.9093006088124,52.3118464550871,49.741810811811,47.3104204143624,44.9704841947456,42.7465778868474,40.7563963729367,38.8466393495788,37.0976430343065,35.4920360150106,34.048763483663,32.7470058606059,31.5765355238217,30.4736511923358,29.4508652303972,28.4198967464329,27.2740647559693,25.7073290407642,23.9086469390684,22.2846268535942,20.8781313921589,19.6659187863602,18.6164256020904,17.7042390996219,16.9083519221735,16.1709971849871,15.4559548878869,14.7103939933455,14.0082553118283,13.3823841975035,12.8197209570939,12.3082195108403,11.8200853161926,11.3073292001712,10.7122174873098,10.0488460109638,9.43748847967207,8.90067236137296,8.43185577858396,8.0159038612606,7.64899432442236,7.33092673570262,7.04451016167554,6.7751363270492,6.51208771566669,6.24019602878907,5.97683957435007,5.71211403684271,5.4617248915339,5.23523132070091,5.02892339268811,4.84373779268966,4.67253820191031,4.51683468892118,4.37758948979613,4.24459338577611,4.12847427612086,4.02355682076793,3.92854937950532,3.84023626760428,3.74738875622921,3.67339695563102,3.61017994299992,3.56485204841479,3.54544737791651,3.55915324316295,3.59623779981288,3.6346941703129,3.68523315717374,3.73445312832975,3.78580942331555,3.84014688831268,3.87848831914665
"Italy","ITA","Lower","Under-five Mortality Rate","Total",,,,,,,,,,,,,,,,,,,,83.9210017139922,78.9302487382394,73.6327518945871,68.3786768137487,63.8838580532668,60.6519758260326,58.302042711089,56.3625752642359,54.6300878464172,52.8285455533756,50.9432381275062,48.890927548444,46.6860591241017,44.4666834735338,42.2581633746146,40.2953469872346,38.5436498425683,37.0451780434485,35.7467667674155,34.4024657792237,32.9179010556173,31.2010905391487,29.2113492996808,27.0392886226961,24.7863702703513,22.6480377093975,20.7061847793407,19.0731397923574,17.7726954702038,16.6803799906444,15.7500871202512,14.8871728868535,14.0485756474113,13.2357110975639,12.4530713176933,11.7565538696236,11.1417159192392,10.6088784047117,10.1740358924252,9.79402629082202,9.4718002551549,9.13872933493903,8.74986305067998,8.29950354601831,7.8065125648943,7.33583813752052,6.89541358980593,6.48070093054838,6.10409691639993,5.75649059441635,5.46527576259339,5.20010752753642,4.95786557306168,4.74045488793549,4.54251853788296,4.38468401993309,4.25626921794418,4.15183470108257,4.06499074963519,3.97878311603615,3.89051197902253,3.79625968737753,3.70145171059933,3.61429093790325,3.52745954027972,3.44370999806044,3.35176052142819,3.24732242193685,3.13252732880671,3.01387504002311,2.90821546747141,2.81803615964516,2.74005991464634,2.65510596170958,2.54961244018095,2.42360339604812,2.28134026264791,2.13784808158582,1.99181430335786,1.85967382431066,1.73875403125654
"Italy","ITA","Median","Under-five Mortality Rate","Total",,,,,,,,,,,,,,,,,,,,88.6527215537277,81.6408829839783,75.3149284898878,69.8106024426434,65.3206224079787,61.9554033806172,59.4675130573101,57.4642328854804,55.6809523567353,53.8879823013998,51.9498178512855,49.8442705575442,47.607880047472,45.3218336324396,43.115116776267,41.1121916642495,39.3410490697706,37.7985356474571,36.4323622988365,35.0790370464139,33.5723002222405,31.8306447007509,29.8072202167147,27.5610634494517,25.2612180655076,23.0835565269563,21.1318633559344,19.4839482785957,18.1341738145942,17.0191257124929,16.0551946315845,15.1766344033286,14.3279891529696,13.4885946209966,12.6953375415174,11.9844767401873,11.3615962090704,10.8277567220528,10.3725284973352,9.98751610045658,9.65676910612573,9.32234999532277,8.93036645900254,8.45920477202778,7.96162245855807,7.48161236424904,7.03130650855714,6.61101283518602,6.22064431965309,5.87134716389616,5.56791681204167,5.30017252484739,5.0567993426869,4.83208601462293,4.63515073147852,4.47240487963767,4.34132006741389,4.23464556261195,4.14219228846319,4.05536955046737,3.96393132143736,3.86853396860989,3.77446749951408,3.68433078714096,3.59700264871183,3.51108687033446,3.41927224685039,3.31451408983716,3.19676699279526,3.07906790749809,2.9741272253699,2.88641554573185,2.81430275779797,2.75664078072234,2.7015485271575,2.64041268946253,2.57626376447754,2.50837549892052,2.44121870904999,2.37275761143277,2.29887664889712
"Italy","ITA","Upper","Under-five Mortality Rate","Total",,,,,,,,,,,,,,,,,,,,93.9049520476367,84.4386101647633,77.0613028567271,71.1945786997035,66.7166710950336,63.2398474960565,60.6449045014159,58.6279230045814,56.7722442408131,54.9853634266441,52.9966750743492,50.8659156799616,48.5850493468948,46.2012599586791,43.9629290831408,41.9325962883596,40.1505063646096,38.5683653174191,37.1301499243774,35.7599712223684,34.2385095146421,32.5021919189917,30.4514473833772,28.1160245920494,25.7798109185473,23.5400026935607,21.5642296002398,19.8877761455318,18.4894549366508,17.3570246736486,16.3618781230916,15.475909571235,14.6214850414789,13.7536216358073,12.9455830570284,12.2128897957169,11.5783050403347,11.0364141715157,10.5758712120944,10.1879032726147,9.84296272177046,9.5164259905452,9.12321416351431,8.62727186842495,8.11945011518353,7.62535855494261,7.16749232347564,6.74017826628509,6.33761014514114,5.98362142563018,5.67087527953901,5.40160660654559,5.15699049048533,4.92489589934568,4.72740127142495,4.55967048554295,4.42564493754257,4.31772811509792,4.22162222331409,4.13727579779802,4.04111522102375,3.9430972761496,3.84866621393229,3.75541083511708,3.66841364528976,3.57928889851449,3.48799972617723,3.38366746325368,3.26214900812193,3.14749297874564,3.04086229482941,2.95067666708037,2.88920282250731,2.86355686673542,2.87506516232238,2.90221520117964,2.93860214265822,2.98084475100002,3.01424483395254,3.05403078121366,3.09003186320242
"Japan","JPN","Lower","Under-five Mortality Rate","Total",,,,,,,,,,,,,,,,,,,96.444823281377,88.5607180452506,80.8151667788227,73.4358753818258,66.9309738171985,61.4699616105339,56.8214004579263,52.930847559783,49.4064310404847,45.9679196066109,42.517528991245,39.0179706864473,35.5738789264992,32.2527815923284,29.1867175294896,26.4689647486512,24.1223677271991,22.1820930226461,20.5833109326139,19.2491567028324,18.1265862402625,17.1333715141738,16.2409394421568,15.3991214736046,14.5872825567412,13.8033856146069,13.0259600224985,12.2814365577215,11.5625085124425,10.8937436263103,10.285479013786,9.70820951492398,9.17415662360408,8.66151595869832,8.17801219899487,7.73744305208852,7.33411420968497,6.989071373724,6.6993135709503,6.47429797816519,6.31944018965059,6.2006960211668,6.11123778637686,6.02263034463396,5.90931229241209,5.7613517972682,5.5753632228321,5.35962295203997,5.12276888224095,4.87613070354895,4.63781068926097,4.41416529533912,4.22040612626255,4.05201844463096,3.90666236946138,3.78608532292604,3.67309823689418,3.57114814537909,3.47287055193006,3.38047679539527,3.29596079199651,3.20643197356142,3.2168611180799,3.0086990705775,2.90476106806087,2.80501777491424,2.70826943601079,2.6244714173091,2.54534915407403,2.47436947691783,2.40940647961545,2.35915953954546,2.33442303646207,2.33420245751392,2.34820066838678,2.35589502662419,2.34157683543764,2.29250483281142,2.20599969102763,2.10317921295053,1.99108409566884,1.86781227697611
"Japan","JPN","Median","Under-five Mortality Rate","Total",,,,,,,,,,,,,,,,,,,101.376842843563,91.4711253292898,82.6508184560447,74.9084205442775,68.2773426294144,62.6910172816493,57.9871591192768,53.9549320318815,50.3403683805934,46.8455157850495,43.3227924496146,39.7807269486885,36.2511995276671,32.8658170247656,29.74905770164,26.9816866527456,24.6022566090915,22.6188926614609,20.9796824879168,19.6160794629128,18.4608694806516,17.4523406333407,16.5403329267743,15.688632254835,14.8650089180692,14.0562141613229,13.2683734229984,12.5095205352062,11.7847591019762,11.1081313760377,10.482492445193,9.89647484631962,9.34431541202651,8.82372561293704,8.33519421295797,7.88032979046034,7.47366970699238,7.12207784824404,6.83167509913808,6.60669789796528,6.44130013025998,6.32174426468011,6.2269271472822,6.1366113471451,6.02349767016107,5.87396939105132,5.68704838968753,5.46347463294639,5.21914581798874,4.96874756602862,4.72581285801384,4.49989193558041,4.30001297242258,4.12715860953227,3.98094978314461,3.85540119901855,3.74372746463646,3.63805504393183,3.53701287653133,3.44464850811413,3.35803488418509,3.26909117811683,3.27765137789947,3.06552230228586,2.95950158231139,2.85619780022479,2.75953996503357,2.67300648809199,2.59406186981944,2.5213848676791,2.4563277682134,2.40737115120671,2.38228177671991,2.38055880552568,2.40058582700913,2.43375404904177,2.46425596395828,2.47336289670311,2.46262880883462,2.43613101715802,2.40037327997242,2.35433968673736
"Japan","JPN","Upper","Under-five Mortality Rate","Total",,,,,,,,,,,,,,,,,,,106.74022770774,94.4568537072093,84.4354413684611,76.3766535202023,69.6583650244301,63.9302808689067,59.1241961974508,54.9687560979627,51.2696296606811,47.7665313510816,44.1708032066599,40.5751715080852,36.9478757611828,33.4838935405213,30.3054187467787,27.473718894952,25.0695250446072,23.0450073226067,21.3700611786445,19.9859610990702,18.8047732510667,17.7864517187203,16.8575540699182,15.986682634232,15.1580240687404,14.3228875994823,13.5267420904794,12.7456078808969,12.006075452494,11.3221881792971,10.6812782568691,10.0868853549779,9.52090465833531,8.9946024044008,8.49710280232379,8.03060765543468,7.61736712791191,7.25766799149942,6.96281999981061,6.73609671292249,6.56420127981008,6.4434752442431,6.34563203063942,6.25436468134465,6.14288327717351,5.98979167108754,5.80009268067204,5.5690555117823,5.31771240074372,5.06318783805328,4.81206950561801,4.5843882337631,4.38037839021935,4.20450010691858,4.05581323675885,3.92673934875256,3.81458817069805,3.70616950373593,3.60373597961224,3.51050493034659,3.42101916640909,3.33086911191251,3.34051194696349,3.1245141807158,3.01651225249298,2.90993103610109,2.81307100390447,2.72355833806066,2.64431103832344,2.57027892724943,2.50410195169794,2.45658809095309,2.43026845721692,2.42749995941887,2.45273605928016,2.51466262254924,2.59793919583668,2.68068639176006,2.76498141622272,2.84312294662384,2.90842118743262,2.96264421021677
"Latvia","LVA","Lower","Under-five Mortality Rate","Total",,,,,,,,,,,,,,,,,,,,,,,,,,,,31.4086158300329,31.2679316206771,30.4991318318424,29.1139791098541,27.5265839080499,26.0727886109314,24.6494749435413,23.4627552683309,22.4295945678801,21.5417199581798,20.8888848779861,20.3355460057623,19.9581923125692,19.7110719091579,19.6759779219966,20.0144666791997,20.3568458231914,20.6975938762813,20.9031401032511,20.9449582079027,20.8699531401154,20.6450749926862,20.4113148326106,20.1155248109376,19.5749334965907,18.8759108910977,17.9248523305055,16.8647378356147,15.8502078152571,15.1387283370045,14.9789725062783,15.3456344048021,16.352737764243,17.585752985238,18.6104552718245,19.1908403417724,19.2312734173701,18.9168325537672,18.2373273853519,17.1944721974276,15.9576242127734,14.680384605038,13.6418937883634,12.7894562071935,12.0002352592839,11.2855965861791,10.5969842425962,9.97486064182352,9.39938297107612,8.86090309013305,8.35428252569673,7.83305076308449,7.3152810053764,6.77066070127694,6.22488169457843,5.7005414526323,5.20157789745327,4.7935170154156,4.45108265250418,4.14857480518786,3.87820653469245,3.60019733842995,3.32808609046475,3.03979987601569,2.73646934459518,2.39779589266189,2.06892245879819,1.79657548958037,1.57485841239718,1.39774355561067,1.25522120676471,1.13434835034798,1.0358757440939
"Latvia","LVA","Median","Under-five Mortality Rate","Total",,,,,,,,,,,,,,,,,,,,,,,,,,,,37.6512111612944,35.3127731751521,33.2376731476808,31.3715015088038,29.6124863491621,27.9890032934319,26.4939483643658,25.1619042961004,24.0303910450965,23.0967433172052,22.3645708038902,21.8151486342929,21.3868135047094,21.1464778751948,21.1575448978311,21.4273218426762,21.8267331745724,22.1607896968977,22.3512257732851,22.3164844796145,22.044802756965,21.6477537514989,21.2271350252959,20.7759576119761,20.1999039898838,19.4531656834709,18.5061666017214,17.3895328044446,16.3537903223307,15.6784328144319,15.5407600855589,15.9444098223222,16.9075658285562,18.1771885836843,19.2944979762561,19.8932271586552,19.9882825141819,19.6795824408378,19.0004394313132,17.9555704125986,16.6672282745399,15.3859144938976,14.2983718454122,13.3977595525829,12.6027488678501,11.8510827971892,11.1457674448252,10.4949645651485,9.89380471390011,9.33907003479483,8.80396388979547,8.27840190037272,7.74623592044224,7.19677751662942,6.6311466581804,6.07400827585041,5.57125220138568,5.14519616773429,4.78693162005187,4.47339038338123,4.18710348757103,3.91045419084761,3.6257759435517,3.33348172715006,3.03900529492992,2.75216806877343,2.500961374622,2.30089221177489,2.14563420445206,2.01528330996094,1.90531775014935,1.82074036558596,1.74085749021064
"Latvia","LVA","Upper","Under-five Mortality Rate","Total",,,,,,,,,,,,,,,,,,,,,,,,,,,,44.9844443230554,39.8641719931258,36.2053055791082,33.7688267625015,31.874666888029,30.043164458749,28.4421721713418,27.0020858687634,25.7274287476425,24.7699497583587,23.9803123369145,23.377960295211,22.9025798080877,22.6472562809267,22.679033866647,22.9411802760998,23.4132032063587,23.7672736792881,23.9593536557452,23.8277853459927,23.3199694104245,22.6935268667331,22.065026461448,21.4501992718346,20.8380900303761,20.0723391137466,19.1458470367355,17.9557293629802,16.8806645173431,16.2322632438133,16.0864963278148,16.5180176301409,17.4645127895323,18.8130206477973,20.0542158018752,20.6371381676119,20.7712882871381,20.4608759568323,19.7944078936318,18.7448945965671,17.3889400706627,16.1157822336455,14.9799476683818,14.0331632078898,13.2154513269649,12.4237402602508,11.7135465115238,11.038533178409,10.4128020185824,9.82598000497527,9.26841232046959,8.7540054589842,8.20249093448359,7.63912234386515,7.05406508243423,6.4660679315446,5.95252802230772,5.50572009820984,5.13329944380345,4.81775405255035,4.51761158299492,4.24335322952389,3.95477712360431,3.65183484474396,3.37545390209316,3.15214482405631,2.99500438408246,2.90565419181409,2.8542931394816,2.82717008899373,2.8259269995904,2.82381960060544,2.82371729209652
"Lithuania","LTU","Lower","Under-five Mortality Rate","Total",,,,,,,,,,,,,,,,,,,,,,,,,,,,51.0384551948391,48.6814249384306,44.804093046634,40.6042436369583,36.7489691927097,33.6529624585925,30.966770301509,28.8466144280728,27.6431562216556,26.5864568169544,25.3575671608535,23.9180151709791,22.3342162316693,21.1104724819462,20.3945797902649,20.660353945276,21.4457468925406,22.0435173207196,22.1786283208541,21.7340618235113,21.1841270378746,20.5045212026348,19.8126375779483,19.2748930586966,18.7015233325112,18.2520638486846,17.6822487738483,16.8259491807842,15.7883359873838,14.7214382624822,13.9960104141871,13.7556991874307,14.4133983278994,16.0646739331942,17.3744820601112,17.4320479605278,16.1996510326224,14.4716017013366,13.0131196304317,11.8366590168623,11.1375438858329,10.6486400701655,10.209763684827,9.79798083049062,9.38372902746588,9.12027111489914,8.89037708170657,8.57028331156628,8.13912154106691,7.55514864888929,6.94647699520133,6.32151076436962,5.72053123480494,5.24368317473528,4.90606453120792,4.80147283002708,4.77314892519192,4.68285654108211,4.4966108922225,4.19777234906911,3.90505312373774,3.63214652443474,3.42517375634328,3.30259257745735,3.20921918449468,3.09477695125174,2.88381417765714,2.60499222376817,2.31892805981731,2.05226027813377,1.82152973950697,1.62781785346163,1.46263959166833
"Lithuania","LTU","Median","Under-five Mortality Rate","Total",,,,,,,,,,,,,,,,,,,,,,,,,,,,63.4814975253016,55.4502908032273,49.0646826122289,44.1010862248831,40.0008355096662,36.4688354130467,33.4728961992462,31.1631480411634,29.4199574730408,27.8654163855555,26.2404904928876,24.564586617316,22.9801731823621,21.6826117230816,21.0225397228959,21.2519890220824,22.0447159644244,22.6965717734369,22.7536967003413,22.3602945670895,21.7564479416117,21.0888553752314,20.4242141017694,19.8255439310014,19.2896870252012,18.7895239801286,18.2010215929059,17.3537297182653,16.2583519499497,15.2092625523922,14.4536059639484,14.2670816385329,14.9662933443556,16.5416957852344,18.0141301496049,18.0531125176911,16.7644202033521,15.0653366166359,13.53793749283,12.3695126577003,11.6084857637512,11.1206019406851,10.7013424541397,10.2607336073914,9.87734543136864,9.58819372001642,9.34606417488541,9.0273565138784,8.5683130036206,7.9904848986542,7.34415580041439,6.68157879861243,6.08016338288316,5.58577590953396,5.25842954560316,5.13006008716107,5.10555895947366,5.02517908762419,4.81077764316123,4.51891308053666,4.21408539214893,3.94229794143539,3.73383639380661,3.60097685852461,3.51587373699926,3.44569120929583,3.37654427780439,3.31603443560622,3.23979033235404,3.15555101968419,3.06876138486204,2.97970189528984,2.89331548905952
"Lithuania","LTU","Upper","Under-five Mortality Rate","Total",,,,,,,,,,,,,,,,,,,,,,,,,,,,79.7734811200359,63.2894039680774,53.7181555037448,47.7145889606051,43.4517437437676,39.4919647740186,36.1774899773912,33.5713767917249,31.2438286001733,29.2094108890983,27.1507394740276,25.2105922763006,23.6227414364166,22.256995927028,21.6434776966217,21.8448612402474,22.6704442243702,23.383330832849,23.3661687322357,23.0143464886028,22.3636362375278,21.6879413973242,21.055208108027,20.3729324985676,19.87999480086,19.3358858815027,18.7320001847078,17.9002261093963,16.7308254642821,15.704839751829,14.9153437390189,14.7730960733222,15.5101465874322,17.0441824702137,18.669287295803,18.6896511114726,17.3393986681858,15.6474994254443,14.0742031076016,12.9098869298957,12.098449259325,11.6170104834059,11.234337218249,10.743404585547,10.3764542978161,10.0792695942288,9.83455535336429,9.52292876254413,9.03024691302349,8.46595499417503,7.76483931042975,7.07363959392948,6.45617180503175,5.94118047424752,5.6299227429869,5.47880413656556,5.45663460493455,5.39019100458023,5.15337797049426,4.86921513519883,4.53811595952922,4.260639340438,4.05402648571169,3.91617571181761,3.84416045879186,3.8292945887773,3.96065381794302,4.20525166885938,4.49978551241746,4.83979831559453,5.12455646372181,5.41797982857109,5.66021655033487
"Luxembourg","LUX","Lower","Under-five Mortality Rate","Total",,,,,,,,,,,,,,,,,,,50.6790275340696,50.3271586732824,49.6078463589183,48.5406879964087,47.0945762833257,45.4070950201134,43.709692757092,41.9930142843535,40.2867235966195,38.5145191315601,36.7207321909387,34.9210629424467,33.1406777187524,31.4148289411018,29.8106196384628,28.3578897905338,27.0810592203144,25.8629332634159,24.6626705405193,23.4662891843107,22.2545971039474,21.0632571085931,19.8750542315809,18.7069265889318,17.5951230678268,16.5411521880409,15.607998661889,14.7767966638539,14.0555040180501,13.4507179150141,12.9163895844773,12.4527539896199,12.0176183809171,11.6096797519212,11.1918444995906,10.7865459509109,10.3695966439796,9.91567067172019,9.4749269333878,9.01786109911465,8.54566551047042,8.07830848113129,7.60165409814588,7.12779744386299,6.66974343723573,6.23903856540795,5.83882951995535,5.46162446466856,5.13212104747558,4.81628300554689,4.52537913367121,4.25834534021056,3.99783633343928,3.75216225163595,3.51849047056448,3.30425340745179,3.11470047891948,2.9472354998855,2.80074204357834,2.68092280204214,2.58070097685494,2.49508715891414,2.42628738161669,2.37715192693258,2.32877381827811,2.2948170300462,2.25948286156976,2.22241739137644,2.18326764803505,2.14937571114559,2.10190185077423,2.04371548756276,1.97195758881801,1.89090034440156,1.79928751680161,1.70178190483462,1.60638224084668,1.51573847344476,1.4285257097496,1.33829073179749,1.25013248547913,1.17121187543525
"Luxembourg","LUX","Median","Under-five Mortality Rate","Total",,,,,,,,,,,,,,,,,,,57.7671493216405,55.7723963896265,53.8009392267965,51.9033542800841,50.0251812553849,48.2114420931666,46.3929978292616,44.5608497886998,42.7614951013569,40.9495004300202,39.0899479698539,37.2371977496602,35.4249295783865,33.6539463045485,31.9537736448027,30.3539792469731,28.8568894239216,27.4624610853194,26.1322440207899,24.8389747282893,23.5828830055703,22.3499722270094,21.1243111455392,19.9186052636215,18.7583647483178,17.6697202923092,16.6895541810506,15.8216155202154,15.0706851882308,14.4212297584324,13.8638737919373,13.3760351474791,12.9306090954022,12.4986028293557,12.0626700623634,11.6261283641017,11.1721864498215,10.7109894737495,10.233317148444,9.75203406137931,9.25965394189904,8.76393527691605,8.2617196304915,7.76314686978635,7.27787548619524,6.80960144652525,6.38459552444418,5.99245637673279,5.62612390993322,5.29124197345723,4.98445093677806,4.69263221910005,4.41805853547221,4.15467148986147,3.90692035361635,3.67798271153199,3.47198398833171,3.28944840071968,3.13461314188213,3.00521803475178,2.89646041648011,2.80856458221675,2.73604242719019,2.67457610288342,2.62230413702373,2.58006467548841,2.53796920370203,2.50117020941515,2.46635139149229,2.43566025574399,2.403050998302,2.37028074325956,2.33360922246398,2.28955776587045,2.2368360318481,2.18157378003687,2.12337290055553,2.06608753599851,2.00655788392633,1.94862385370216,1.89164591409603,1.83257073139924
"Luxembourg","LUX","Upper","Under-five Mortality Rate","Total",,,,,,,,,,,,,,,,,,,65.8559817758991,61.7657655560074,58.3548726301686,55.5374949253725,53.2445195105634,51.1845334517442,49.2560881214807,47.3108440285633,45.3738164632708,43.4920775448315,41.6198590666018,39.739225137589,37.8533921852725,36.0172133190523,34.1857244458064,32.4363330868362,30.7711468552491,29.1770458834155,27.6828831294973,26.305449559568,24.9788432347569,23.6791211952525,22.4408135369693,21.183285790953,19.9781486369819,18.8726703259662,17.8526069386779,16.9430949465816,16.1478768694318,15.4684200480395,14.8746329408377,14.3458164191809,13.8703409289749,13.424599064036,12.984605111889,12.5413637944613,12.0502999021707,11.5515862888978,11.0526809549763,10.5532264961827,10.0318686056959,9.50243864005225,8.9686683129077,8.43666205672868,7.92980610186499,7.44148448965683,6.98182224576261,6.55782011811993,6.16488339490863,5.81216078542172,5.46968065048529,5.16539579550073,4.87777715088473,4.60187290460866,4.33742895093854,4.09596946868261,3.87177068910045,3.67354479041885,3.5073311506033,3.36688850820858,3.25491931775418,3.15649958027148,3.07462107979039,3.01071737925021,2.95069999618589,2.90356045866356,2.85588103009706,2.81698053252969,2.7807775201343,2.75410054518697,2.74615975469668,2.75679739630922,2.77567564366597,2.79728718962996,2.81843431370573,2.83044923064736,2.85543148598117,2.87414209554679,2.88641672785289,2.88514875459244,2.89099029111112,2.89445821954761
"Malta","MLT","Lower","Under-five Mortality Rate","Total",,,,,,,,,,,,,,,,,,,,94.5644269244949,85.0937560972019,76.4131781185645,68.5226837317242,61.5531647721188,55.5566549432301,50.4860623299862,46.3561681851996,43.0920324670397,40.5195908724925,38.579231227685,37.0933476838446,35.8909965531779,34.8808597345139,33.8740492418087,32.8375557517916,31.7179695296794,30.488198374949,29.2217610801908,27.9013232327063,26.5845051276323,25.2874787702168,23.9847109309201,22.7343156646076,21.4972563711929,20.305458987116,19.204776334094,18.2297766133512,17.3627205175033,16.5792044002103,15.9216155600171,15.3106144304976,14.7247458747772,14.1659321501491,13.6045057964416,13.0436656098759,12.4940746702836,11.951246374708,11.4637555631106,11.0132979839757,10.6128351494099,10.2256530249971,9.84319248389701,9.45882112405488,9.08526156002513,8.70200972614288,8.31157816725012,7.92575764806125,7.57293700822825,7.24209165756011,6.96091884119347,6.72792197618275,6.54361733151345,6.40786898365606,6.32031374381561,6.26919847567601,6.24568170289462,6.24360755225265,6.25037750084209,6.2460293886946,6.24009333257561,6.20920467057331,6.16535054966398,6.11611102532227,6.05181619749637,5.98951118158869,5.9000286560071,5.79040357303697,5.64158165375466,5.44775044072279,5.22041049298331,4.96785301508743,4.70479334111342,4.44276483058021,4.17396992547258,3.92405142082999,3.67156543717206,3.42422986534295,3.2127568710445,3.02318412767354,2.82946971677728
"Malta","MLT","Median","Under-five Mortality Rate","Total",,,,,,,,,,,,,,,,,,,,109.413201826994,95.3316421422254,83.367234643588,73.1823674016271,64.7115590330379,57.8263040727941,52.3067545214135,47.9571681734301,44.5733664059384,41.9591695317028,39.9905621053882,38.4965662082479,37.2921115371048,36.2871617871207,35.3113122196318,34.2745852340658,33.1329902080978,31.9200439663672,30.6166982412873,29.2695252813255,27.9121725133809,26.5686357431969,25.2262347534283,23.9072282219438,22.6266362187622,21.4007706130292,20.2615507203866,19.2425808834938,18.3337223221398,17.5466789484444,16.848326664551,16.2284755736177,15.6421120412806,15.0616727276101,14.4804387559093,13.8897389977687,13.3075711541174,12.7569561515532,12.2514632745117,11.7762440607972,11.3501644811713,10.9605599123331,10.5739095630532,10.1869773192796,9.79305081627924,9.39388567300568,8.99329141004613,8.60592455186299,8.23866992566385,7.90475850013167,7.61655820979732,7.38282101668566,7.19425428938495,7.05824204816759,6.96383821571581,6.90678842375397,6.88007862531481,6.87077096688525,6.86958200956528,6.86846562244866,6.86106313035502,6.83678713061266,6.80092509090456,6.74824058645828,6.68056288704668,6.59565305520228,6.49832970021507,6.388067090683,6.25080496266741,6.11439567028526,5.96405845668655,5.80557876351881,5.64755966601939,5.49639526712803,5.33484378809315,5.17799780418118,5.02742096810558,4.86686889065373,4.70400032085302,4.55600401698338,4.4083707458496
"Malta","MLT","Upper","Under-five Mortality Rate","Total",,,,,,,,,,,,,,,,,,,,126.213952030573,106.565621716178,90.8054831615687,78.0662964129805,68.0015361561899,60.2189105308025,54.2759589946843,49.6820694087042,46.1147790776717,43.4797711361928,41.4464350788055,39.9368273093412,38.765432450941,37.7395884293297,36.7828332093973,35.7775596201289,34.6586796686045,33.443072751889,32.0898256482485,30.7168294614551,29.3412856707159,27.9314762475713,26.5533189963341,25.1471745720294,23.8298273781563,22.5851232995594,21.4024132267067,20.3454615730003,19.4108371557946,18.5967739130433,17.8718628323563,17.2096942354364,16.6010826282509,15.9995756599018,15.3943395542145,14.801192881122,14.2107918572921,13.6449084698237,13.1053081738332,12.6200860394338,12.1647015637863,11.7430387166818,11.3369103467953,10.93416432317,10.5362933466393,10.1411163262289,9.74279274136473,9.34070527535045,8.9522982534613,8.63090487949533,8.33209042554851,8.08253353468113,7.8820007046121,7.74717170915257,7.6399371905759,7.59305242809151,7.56461196242091,7.55424661697393,7.55716630285884,7.56294759479971,7.5478166280921,7.53873232691959,7.48707453139026,7.42489601560431,7.35680899549448,7.26337335562909,7.16496235438207,7.05463361096447,6.94725282300565,6.85873092109889,6.80130085673799,6.77840286845514,6.76493283793417,6.77845113553678,6.77797582624447,6.77037299450359,6.80466563299642,6.83325676123738,6.82994905514661,6.8570538609444,6.8652878418037
"Mauritius","MUS","Lower","Under-five Mortality Rate","Total",,,,,,,,,,,,,,,,,,,,,,,,,,129.213808583823,117.400364934806,106.521766552676,102.877207076539,100.976402915941,96.6602478345264,90.3195192314126,84.6435132818675,82.1999203589735,82.9188474625654,88.8264297677665,95.0206439595058,94.2253945655887,85.4933480775019,76.7316830549457,76.2073835660134,79.6323885351198,79.0150137079455,71.6726442231541,61.5677692950765,54.0761650567083,48.9421355085993,45.2410773717525,42.609504537963,39.576295267802,36.2290546460044,32.6653085831289,29.9227125271644,28.4885775661481,27.6781994750754,27.5641856238154,27.2451894752759,26.0613487030186,24.1932820137132,22.0516951828769,20.8058128909021,20.2629181710977,20.2473256078496,20.7879642789475,21.3023766241025,21.7373076302598,21.587728068309,20.7390929707526,19.4539340239571,17.8699221931367,16.6787191764244,15.7907697177888,15.1962383789733,14.9696838694094,14.7180826863949,14.5863646385211,14.384593329841,14.1264482738674,14.0249600481149,13.9000210671334,14.0277600426541,14.10708669978,14.0075681761762,13.8512253925859,13.578879926989,13.7421836714393,14.1050966678605,14.4625984573358,14.8011106482343,14.8324364599673,14.7468532956922,14.5279751575758,14.364509331968,13.9318321636506,12.7432838488265,11.2619944022218,9.68247364385398,8.2696423103807,7.12507463627195,6.21769843908103
"Mauritius","MUS","Median","Under-five Mortality Rate","Total",,,,,,,,,,,,,,,,,,,,,,,,,,144.282241751768,122.104775385519,109.798165998641,105.57876960124,103.687930192735,99.1122251712146,92.5467523833656,86.9155383185369,84.1241914692537,85.2140876701593,91.0070238508907,97.4856570855573,96.8707352364069,87.5544920212779,79.0187591551539,78.1671104784501,81.6704940098676,81.3137441274816,73.3934106101303,63.3810530361078,55.5998811428311,50.315299818331,46.637028349934,43.7942048428025,40.9151515452269,37.3973966616054,33.8513572914353,31.144193279506,29.5892497314477,28.8659133171027,28.6546732889807,28.3439081305639,27.215830639565,25.1448186568315,23.0807795041931,21.7268189348649,21.1363332765747,21.1889495157635,21.6832582324081,22.2911874724955,22.6749199525986,22.5637944526914,21.7550035934407,20.3431786845772,18.7987881748117,17.5178003963462,16.59534110613,16.0196941683974,15.7421478501539,15.5873099701055,15.4035694415197,15.1832284895243,14.9909939843559,14.8626281845535,14.8268336880681,14.8981358955919,14.9902573936648,14.9411315882105,14.7137982088614,14.5339642871289,14.6475454678767,15.0060372330388,15.4039459734872,15.7005406291824,15.8198723269967,15.7407547008439,15.5334509984951,15.3917706495115,15.3669901737552,15.4098904165985,15.3482269044486,15.2207359058387,15.0310641558794,14.7257938659668,14.3713979014422
"Mauritius","MUS","Upper","Under-five Mortality Rate","Total",,,,,,,,,,,,,,,,,,,,,,,,,,161.482327389552,126.975653831508,113.025555148301,108.391999623626,106.467314982772,101.697420432589,94.8885700689534,89.3185175274586,86.1493412953917,87.5468701575429,93.2268491982021,100.035074618322,99.6220375514989,89.6104629036163,81.3965402290816,80.2213012719394,83.6579842421706,83.5681195039412,75.200278012511,65.2443352552301,57.149576336261,51.7682695092767,48.14816361091,45.0710831074467,42.2486723226768,38.5707593319213,35.068184983813,32.4303649694995,30.7209114172863,30.1023453156508,29.8117800569069,29.5218110868933,28.3789367737713,26.1679849018473,24.161564547054,22.6769784847823,22.0672240649219,22.1412209630678,22.6013997213137,23.3553836387206,23.7012864508271,23.5848886385151,22.7917519791084,21.2537190809782,19.7639075892968,18.3805646579887,17.4688681340666,16.9022192042998,16.551683344968,16.4878030565862,16.2524155007208,16.048028056916,15.9111658304354,15.7181851354785,15.7936501043646,15.8307128289801,15.9356269487,15.9200316215648,15.6236937704646,15.5306553868106,15.6038828449744,15.9475054751529,16.408088033924,16.6650284217736,16.8894778238817,16.7707185451858,16.6214540651986,16.4917338537753,17.0160604716053,18.5824982715884,20.7773765463388,23.5547607895824,26.7140429710116,29.952325834029,32.8517488863604
"Montenegro","MNE","Lower","Under-five Mortality Rate","Total",,,,,,,,,,,,,,,,,,,,,,,,,,,,,,,,,,,,,,,,,,,,,,,,,,,,,,24.7458383604054,23.0851474198636,21.3371257511003,19.5997821388027,18.0060006634464,16.7023673909884,15.7119448221738,15.037878909146,14.6480304976226,14.445260509777,14.3841002929867,14.3772075553155,14.3635254692486,14.310099030498,14.1496696617569,13.8773329415015,13.4831947383895,12.9485605609995,12.2939041756652,11.5530110597259,10.7692679366599,9.96538376775582,9.14802071260401,8.34073227929168,7.57150972197398,6.85836234500848,6.18886671576316,5.59075738826347,5.05977838129913,4.59577904936952,4.18000620620791,3.82183173960512,3.50571302716786,3.23704702623347,3.00668478117289,2.80534626985145,2.62103735989401,2.44567866357842,2.27297853556075,2.10539666198001,1.95667937016194,1.82226660204656,1.70242176942557,1.58898401496097,1.47510286316657,1.3751889277968,1.28298860495754
"Montenegro","MNE","Median","Under-five Mortality Rate","Total",,,,,,,,,,,,,,,,,,,,,,,,,,,,,,,,,,,,,,,,,,,,,,,,,,,,,,27.2530394076481,24.7839842950029,22.5441843432817,20.5513911339939,18.8680830459534,17.5139433021577,16.4969982676871,15.8043736174397,15.3895096652687,15.1799486634421,15.0993245443429,15.0802084351224,15.0713740443782,15.022691623619,14.8819835366883,14.6118812074008,14.2037692899383,13.65730756136,12.9843905594129,12.2257965641617,11.4154147536755,10.5837406048204,9.74235872228252,8.90898060717228,8.11453782871395,7.36667114919985,6.68022578678677,6.0575608040891,5.50467151181788,5.00975321650921,4.56691490852938,4.18424824885657,3.85374631799088,3.57125585856746,3.32875550706064,3.12065174687389,2.94071847134587,2.77661345716595,2.62831619955979,2.49686796043665,2.38329634313363,2.28017159948462,2.18827254246768,2.10539835148361,2.02765023152113,1.95795760678392,1.88889809446569
"Montenegro","MNE","Upper","Under-five Mortality Rate","Total",,,,,,,,,,,,,,,,,,,,,,,,,,,,,,,,,,,,,,,,,,,,,,,,,,,,,,29.9832577960496,26.5768034812032,23.8012434511616,21.5566904460727,19.7879141801531,18.3859328993548,17.3428010883185,16.6279002571035,16.1675667779009,15.9447295321489,15.8619114473689,15.8499968224459,15.8531813487564,15.8028523864388,15.6621042313848,15.3907091375955,14.9635313070879,14.4082300306895,13.7221582389431,12.9452071634625,12.1081070299868,11.2522563496722,10.3729919168982,9.50476464698092,8.68616078010313,7.92260939235532,7.20146254332823,6.55109419697629,5.97618339480957,5.46038154741433,4.99708594802521,4.59659980667743,4.24888200712445,3.94239369501955,3.68405376787296,3.46950557290409,3.29759441115861,3.15568070976459,3.04405202372714,2.95678234218477,2.89620099339449,2.85109713241925,2.81528619952174,2.79728681097647,2.78953759257363,2.77597021609912,2.76862787144941
"Netherlands","NLD","Lower","Under-five Mortality Rate","Total",,,,,,,,,,,,,,,,,,,31.9462266269039,30.9387695397857,29.7893357439446,28.4955041042759,27.1722850290483,25.8825970239545,24.6707517572402,23.5941223922169,22.6440300386209,21.8115854765299,21.1090504041727,20.4762792192945,19.916720911967,19.4066046866764,18.9184380828575,18.468171610728,18.0197190601385,17.5723426370931,17.112340181239,16.6173608426258,16.0983084222607,15.5517445859972,15.0051934523968,14.4448049082991,13.8942932133814,13.3743812051551,12.8614932431726,12.3652161365568,11.883469153811,11.4358267333958,11.0387653051242,10.6923998989767,10.4146778241836,10.1847356316961,9.97672443737182,9.77038487700701,9.54410473929368,9.2974488954832,9.02750935587675,8.7496280495945,8.46974519889896,8.17949716424244,7.87897222972408,7.57728924693351,7.28315600706184,7.01286546065976,6.76940591340038,6.57364098698469,6.41885669249176,6.29404605846636,6.18775008478104,6.0696746118137,5.93587023793955,5.77702208741612,5.6016554297626,5.4111014306784,5.20836339997638,5.00485101675464,4.80925236144864,4.63024741002059,4.47408872186768,4.33927081021457,4.22919440605672,4.13997229297093,4.06881243143242,4.01791468066686,3.9819005957981,3.95878222758834,3.94611903687099,3.93639575689408,3.92430713640686,3.9082675123516,3.88481784502247,3.84816993508617,3.79481424077003,3.72134478671951,3.62171101698011,3.4877349442315,3.31832535934815,3.13907029431719,2.94880685470799,2.75932335523117
"Netherlands","NLD","Median","Under-five Mortality Rate","Total",,,,,,,,,,,,,,,,,,,33.3871952056163,31.8899187134323,30.4352346547065,29.0186516084453,27.6509971577732,26.3440458775245,25.1256643846379,24.0237738649555,23.0512135404225,22.2073733678187,21.4779350048152,20.8377711063176,20.2627799392708,19.7351994936704,19.246301069088,18.7791098711451,18.324457825033,17.8677029251748,17.4001680264346,16.9040553382936,16.3756936072726,15.8199758461279,15.256133089877,14.6902765111811,14.1381747729929,13.6019957700287,13.0804471377365,12.5703083754046,12.083559133892,11.6352125323986,11.2362515384548,10.8925267015303,10.6087189312648,10.3675157291053,10.1499816310077,9.93851151074466,9.71276091279557,9.45966315415935,9.1865853588077,8.90230156295516,8.61447218357635,8.32095690297476,8.01668242663177,7.71141199946715,7.41612419769681,7.1451472152156,6.90632663009912,6.7098145333099,6.55066727515172,6.41967276946791,6.30354743248237,6.18489010461166,6.0492475696572,5.89162089559092,5.71541341614892,5.52033851348236,5.31722407641491,5.11396249976382,4.91718949637767,4.73713683711667,4.57942877362094,4.44420980403088,4.33283306800231,4.24276887019185,4.17134696919852,4.11679593859081,4.07845452861461,4.05501536869679,4.04214087679336,4.0320575716657,4.02094569147653,4.00480093523329,3.98203342680776,3.95323619368518,3.92015381409788,3.8851310792395,3.84028279921401,3.77930379908101,3.70239848250092,3.61885799447978,3.5296996894017,3.43613739151554
"Netherlands","NLD","Upper","Under-five Mortality Rate","Total",,,,,,,,,,,,,,,,,,,34.8764740798425,32.859413114337,31.0937927551791,29.5758270370912,28.1636848632132,26.806526212835,25.5588640453458,24.4404163383229,23.4553666136505,22.6000091405558,21.8456352439242,21.1960548690169,20.6052248409807,20.0682700701869,19.5812092688428,19.1022654544628,18.6420264068154,18.1801589830621,17.7056609603876,17.2000800316198,16.6594264634615,16.1022191418562,15.5300583956598,14.9499433213741,14.3863908701275,13.8331614697235,13.3106611998222,12.7855216112124,12.2912264890502,11.8360521604479,11.4330151359062,11.0847871419367,10.7906459115059,10.5497056111201,10.3331350597157,10.1126664588734,9.88756493910077,9.62751721141448,9.34716303363041,9.05987589456864,8.76830855551683,8.47274727327984,8.16099985103859,7.84746953149855,7.55357200731562,7.2803874372327,7.04441284492744,6.84424562954053,6.67746230799318,6.54143774959161,6.42073702985948,6.30846907856831,6.17327920865657,6.01451733255024,5.83539629268663,5.63739879965457,5.43081635965856,5.22094154069953,5.02429314086399,4.84397433249483,4.68539484998206,4.54963019073741,4.43535995971676,4.34365588955106,4.27081761672743,4.21641288299252,4.17838137442584,4.15339674114926,4.1395613265177,4.1332230955817,4.12362950165707,4.1108416122672,4.08845064380529,4.06681202634942,4.05461264090466,4.05823870611398,4.06828582204403,4.09244087421751,4.13283519110496,4.18295958329515,4.23073101523587,4.27952099339278
"New Zealand","NZL","Lower","Under-five Mortality Rate","Total",,,,,,,,,,,,,,,,,,,34.617131061281,34.4446321789018,33.9700717194173,33.2487148381445,32.4145199424923,31.532146010777,30.7214928640634,30.1079223631938,29.5314019029434,28.9003763219019,28.1580078483876,27.3081278887797,26.3486623163317,25.3043440491554,24.2800709739565,23.3487174122005,22.6046255929086,22.0637268090399,21.6086080129846,21.2006953999019,20.7887258090185,20.3689610128259,19.9232538146395,19.4481552544737,18.9686021324105,18.457845472842,17.915714955771,17.348670986019,16.7566757259025,16.1992622818735,15.6793917140761,15.2237689009502,14.8336199811617,14.4780515164561,14.1467179508817,13.8116254174448,13.442024666272,13.0241134584101,12.5514330267682,12.031289908859,11.4745262895738,10.8808572517362,10.2875358745395,9.72120157582668,9.25117383676906,8.84379521411537,8.48134296526029,8.16302773538908,7.86949250863185,7.60816459267642,7.36854157096448,7.16001242796079,6.98041360737427,6.82017301893124,6.67119158073338,6.53678104958571,6.42045195637023,6.32695121390672,6.25095445080542,6.18403039843486,6.10974440713925,6.02007189093142,5.91972696811718,5.80512061059043,5.68629204607001,5.56279885342851,5.43522153499396,5.31661381623916,5.19909066177568,5.09079485011438,4.96708511241062,4.82274237952212,4.65551439413426,4.47331646881796,4.28076681313731,4.05299524858118,3.82146145914207,3.60703206980882,3.37649569990425,3.15609855885179,2.94218573977026,2.75484927365408
"New Zealand","NZL","Median","Under-five Mortality Rate","Total",,,,,,,,,,,,,,,,,,,36.2729852258171,35.5143533078816,34.722967235696,33.884578905909,32.9996812051107,32.1293035125431,31.3479642851933,30.6814624887704,30.0574966254254,29.4177458503845,28.6910041854097,27.8217760651257,26.8122659585277,25.7594132160747,24.7566672434941,23.8657061333949,23.1189145726717,22.5221808860732,22.0400277722967,21.6052179276562,21.183777740546,20.7589522084237,20.3112531519156,19.8413708652821,19.3562840602006,18.8445504544232,18.2978040420907,17.7251395798826,17.14924236258,16.5959202402169,16.0791456629592,15.6204238614702,15.2129118898183,14.8455488607985,14.4964353327249,14.1485067709892,13.7769356698079,13.365478976175,12.8935607872835,12.3536850803554,11.7634364564177,11.1572693633313,10.5646955964718,10.0157379399518,9.53284243533346,9.11214527404455,8.74049415144287,8.40337201944725,8.10455323486066,7.83607636769325,7.59866246134949,7.38790889104244,7.20289350433276,7.03548615094604,6.88221670864604,6.74404564047403,6.6271678383259,6.53161991667516,6.44777288896386,6.37438930266188,6.29782464524502,6.21086821518946,6.11347045737419,5.99909947219908,5.87751906963717,5.75336731682314,5.63011351657341,5.51196389051244,5.40290438825317,5.30436022230652,5.21546624715676,5.13026027804251,5.04705036277357,4.95352582800766,4.85307547793419,4.73838501633088,4.61489618305818,4.49244184924206,4.37017511375081,4.24124936730161,4.11825961466125,3.99398448449677
"New Zealand","NZL","Upper","Under-five Mortality Rate","Total",,,,,,,,,,,,,,,,,,,37.9673376233905,36.6028038771657,35.4920974138838,34.5561452843626,33.6022662702715,32.7197286929708,31.9325331836774,31.2314946512302,30.6175528733849,29.9918967658385,29.3050168838748,28.4403447109666,27.3391271353263,26.2380519080983,25.2232317389092,24.3368829021406,23.591539767258,22.9689799718498,22.4621808643258,22.0114437825985,21.5922387133784,21.1701267898447,20.7104610636052,20.2429566340625,19.7581267783604,19.245489656606,18.6971896403831,18.105437927824,17.5286412638545,16.968826162853,16.460966780311,15.9965709776806,15.5752895459041,15.1963822345742,14.8438682191949,14.4965161955753,14.1436688960633,13.7452886813872,13.2704911243116,12.7111812373392,12.0865524500918,11.4560478650179,10.8454768180094,10.2930175071766,9.80185356259623,9.36938797559808,8.98499904993239,8.63935121767042,8.33364909560717,8.06310827701254,7.82974806924169,7.6146527367418,7.4217883435994,7.25477755035732,7.09417926118577,6.95561544214695,6.83675016017477,6.73277349697565,6.65259965525912,6.57825384974901,6.50612378833794,6.42271117609488,6.31529837193018,6.20233516684406,6.0790172652993,5.94886906920721,5.82483020084561,5.70421664803258,5.60449603159597,5.52074282498887,5.46776640787957,5.45777876702073,5.47035237281939,5.49540722230177,5.52030445204383,5.54927229766603,5.57226755342477,5.60509652870325,5.61859680942718,5.64404277701795,5.68100212699734,5.73508816851422
"Norway","NOR","Lower","Under-five Mortality Rate","Total",,,,,,,,,,,,,,,,,,,,30.960752978965,29.845131048662,28.452950433208,27.0655387781706,26.0466541507996,25.2555079710362,24.629798321166,24.0364145106726,23.4072325694326,22.7705149283348,22.1103188012613,21.5752285364666,21.0819787597047,20.5516390729706,19.97297086545,19.2937543203242,18.567794419234,17.8261920135156,17.1057747446442,16.4872305700799,15.8451777634802,15.22568868594,14.5821777536155,13.924528025449,13.2626767504768,12.5613440103498,11.8525500475105,11.1646956610665,10.5533380245403,10.0740705575477,9.7188422614406,9.55353618220401,9.54254555489756,9.63695876890391,9.77850404185256,9.88375747052976,9.91558769328235,9.79950530579541,9.49717444219639,9.00907941779603,8.37958373394461,7.6839429689984,6.99176610989421,6.36997713954056,5.86227575273102,5.47390290617522,5.22014859526547,5.04744671360206,4.91006081622583,4.79348727551866,4.66246342121193,4.52292746874211,4.37063587375276,4.2006989817471,4.03420756414869,3.87083577250894,3.71722725453894,3.56384800718066,3.41253264620397,3.26156228275214,3.11092763415123,2.97885545776804,2.85735937438748,2.74664105632767,2.64944693773538,2.55728354444494,2.47427486187033,2.39718829775449,2.32649885606441,2.27271614939994,2.2379760325931,2.23487466840697,2.2502672643656,2.26377211481048,2.25758825521316,2.22017156513883,2.16075234129492,2.06984332796542,1.96455490113678,1.85657915635475,1.7501134860403
"Norway","NOR","Median","Under-five Mortality Rate","Total",,,,,,,,,,,,,,,,,,,,32.8827048659022,30.8915061613803,29.1068797041755,27.681788343923,26.619849454887,25.8157830309372,25.151737068501,24.5431038453422,23.9170265546331,23.2546970797915,22.6139751208229,22.0550236760637,21.5513242757297,21.0127293094995,20.4072942103898,19.7272577178629,18.9912769524958,18.2418089231452,17.5293140539229,16.8677969320026,16.2328552971295,15.6034107351393,14.962267098671,14.3023400651912,13.6278457863863,12.9298972178782,12.2098616243747,11.5166302359442,10.902144439513,10.4061651830464,10.0680162223927,9.90155562342099,9.88234325781452,9.96901260737331,10.1028422973275,10.218538194861,10.2474090596086,10.136056823886,9.82630281466999,9.3155992503435,8.66757739369445,7.95041362164202,7.24210054497514,6.61585784287351,6.10375673509014,5.7101126260755,5.43427815056635,5.24841199136536,5.10927063536714,4.9868062767605,4.86108281061269,4.71659968571445,4.56063040394957,4.391915402419,4.22154182247146,4.05244228355309,3.8911016670866,3.73387291070515,3.57491808759863,3.4166097542359,3.26438913840558,3.12678192911545,3.00148593347035,2.88998359454368,2.78833812231626,2.69460976850314,2.60792856574057,2.52942640392353,2.46274658009302,2.40962647318291,2.37812569315607,2.37455834388237,2.39612631049797,2.43770983984375,2.48741448089752,2.53072336192489,2.55049875743937,2.54515583934626,2.52375947410151,2.48619355684376,2.43928438403367
"Norway","NOR","Upper","Under-five Mortality Rate","Total",,,,,,,,,,,,,,,,,,,,35.0695327828622,31.9776164284136,29.7735337963348,28.2959666608564,27.1943361474552,26.3796329708025,25.6831836176791,25.0734482306802,24.4436108510216,23.7417824028666,23.121700069718,22.5448891668757,22.0358162399568,21.5000952291943,20.8587623565795,20.191025563823,19.4266161955066,18.6680762099809,17.9541624909699,17.2678998351661,16.6472458224113,15.9959213479133,15.3425597800372,14.6894797759216,14.0027996466716,13.3141374908109,12.5795615993514,11.8648533226734,11.2469416478337,10.7401651736337,10.4154422230906,10.2426137330157,10.2236924508314,10.307993236849,10.4276807856136,10.5603945085029,10.5973794993432,10.4847230308112,10.1765611021994,9.63428812965954,8.96745807751079,8.21858107946081,7.503783106693,6.86877185664776,6.34744356111648,5.94709751275542,5.66048370123538,5.46301266380955,5.32568769403696,5.19643489451795,5.07408413562043,4.9249251367983,4.76171540068372,4.59231366987492,4.40901170151197,4.24007141565626,4.07144174860952,3.91061991233445,3.74700622291549,3.58022332060122,3.42478638148318,3.2825872533034,3.1552211644662,3.04267325014718,2.93527812101544,2.84086659180543,2.75142561798417,2.66970775877665,2.60348619040674,2.54672330953943,2.51805808266851,2.51632137205617,2.54949648375016,2.62546357392219,2.7549256131705,2.91060142258533,3.05918962520169,3.19171119313142,3.30419419958329,3.39353088584844,3.47638569381639
"Poland","POL","Lower","Under-five Mortality Rate","Total",,,,,,,,,,,,,,,,,,,,117.67076124693,113.608472584331,108.105791321957,101.947523736263,95.8557944502321,90.0578307223366,84.7975985758876,79.6777244156124,74.280127475343,68.8071114008297,63.4475755293676,58.8115855699835,54.9496879504303,51.3183102542924,47.9503744726989,44.7360977275953,41.986100998127,39.7112305933807,37.9946301077791,36.7064489981909,35.2503222586001,33.5635388374912,31.695127105068,29.8599020377931,28.4441671156022,27.2954250407147,26.4217724956292,25.6687389056349,24.9280503171618,24.2149246323861,23.4645331936591,22.826867344452,22.1852806702166,21.475798285626,20.7240637506288,19.9268057772504,19.2102076412072,18.5524135808887,17.9653894793485,17.4915034870602,17.0312792791516,16.588880521534,16.1234309840397,15.5970574811043,14.9573622521525,14.0642738824832,12.9742238399242,11.7635776999166,10.6310164699488,9.77629371824399,9.11235244532716,8.63067713381919,8.25759734900824,7.94064896935203,7.66719868680799,7.39258101545217,7.14138138393915,6.86436213682937,6.54605363171031,6.19539155700447,5.83863124656832,5.54821204531988,5.31177409705783,5.10844239742828,4.93992629389335,4.78574537310709,4.66516175320423,4.5561487851651,4.45472853832746,4.36752392115963,4.29721715240328,4.26644001483024,4.24207434349207,4.18416857020248,4.05252427510472,3.84516171101958,3.60481919500067,3.35536619319897,3.10595245363292,2.87545985539903,2.6624568938165
"Poland","POL","Median","Under-five Mortality Rate","Total",,,,,,,,,,,,,,,,,,,,137.068700394384,126.791565538916,117.573037421886,109.459135167053,102.183787819364,95.5549401643245,89.4139717292207,83.3433134435111,77.0783352746342,70.7335129117487,64.8894595715642,60.0969616218095,56.1003012142357,52.4242651487729,48.8927503017352,45.6683615501446,42.8777016866482,40.597904970568,38.8363182668117,37.4642694024235,36.0519784444966,34.2947780049175,32.3295711578389,30.5318429759614,29.0636250070274,27.8911282551371,26.9737273563263,26.196466146781,25.4526764829685,24.6994519291237,23.9673814131962,23.2888200209857,22.6358405958399,21.9265944898257,21.1407275487243,20.340274958646,19.5942566808572,18.9301265924555,18.3493925738254,17.8503384028799,17.3936826261417,16.9418602903391,16.4687571322034,15.9324110923177,15.2821271151583,14.4031726030953,13.2483005273343,12.0014009381632,10.8884863581102,10.0062690247701,9.3264766863801,8.81556870002294,8.42459672088632,8.10501460418431,7.82050437381475,7.5537822044561,7.29097836255372,7.01002343094106,6.6840174561309,6.32001421749056,5.96845805505233,5.66965046767107,5.42431050762782,5.21709017823357,5.03751879828264,4.88527805758847,4.75569849439053,4.64573873892426,4.5481092241737,4.46168562169149,4.39591144430539,4.36130783034764,4.33842189107082,4.29798213931409,4.22104651093961,4.1251588047533,4.01870939653293,3.91041594209915,3.79931749007769,3.6920388755014,3.5822202352735
"Poland","POL","Upper","Under-five Mortality Rate","Total",,,,,,,,,,,,,,,,,,,,158.478135078625,141.198023335276,127.79689900236,117.514635069546,108.971213030231,101.527486020059,94.6321816146262,87.8036769405687,80.4083572578811,72.7259929085384,66.3854293179106,61.3704153995824,57.2694795725483,53.5911956994062,49.917144936351,46.6429908076559,43.7699453299499,41.4437844433903,39.6541659464149,38.2394905514125,36.9508569286821,35.0741495999634,33.003259506882,31.1792768480216,29.6536067852649,28.4800126564004,27.52153106431,26.7549386276594,26.0164401653391,25.1968693194928,24.4808756496848,23.7725772406611,23.1095331888867,22.3913092515286,21.5643246980442,20.7670308902152,20.0006930509456,19.3206690351795,18.7384704720753,18.2104547270212,17.7615134929214,17.2865746386794,16.8142960144624,16.2831285288901,15.6310874643266,14.7887099811801,13.5658327816186,12.2490705080161,11.1304074860227,10.2220457219479,9.52627282315561,8.996077124715,8.60026208324311,8.2750554391213,7.97351136701977,7.71336247093687,7.44297075264785,7.16204375636469,6.83321484160417,6.44569112685109,6.09196229200804,5.78543970311652,5.53591263275972,5.32876405732881,5.1393571144208,4.98887530419303,4.85521727700622,4.74420667225449,4.64626946067129,4.55513090018741,4.49528770821734,4.4586521085723,4.443134109669,4.41524841320982,4.39296531855202,4.4016194610142,4.43518271682202,4.50081141535811,4.58742016682843,4.66362231436563,4.73260466445041
"Portugal","PRT","Lower","Under-five Mortality Rate","Total",,,,,,,,,,,,,,,,,,,133.651742364329,134.151379334873,133.178992104902,131.308118634076,128.579061363547,126.217172601761,123.810249346107,121.500961664049,119.252120513306,117.084809671612,115.062944422882,111.887559926593,107.517608677499,101.963680326546,95.6199158828136,89.2805008346129,83.4592929103458,79.2215568932732,76.0623688714764,73.3231768632886,70.4732658052564,66.7557237895219,62.0794690655101,56.7013848160386,51.4411997120055,46.9207784037516,42.6427687248815,38.596069457088,34.876089261792,31.6934349570904,29.1758871209703,27.0560560891568,25.2756130286537,23.716299043595,22.3445818947194,21.1610381019904,20.01494825995,18.9180377626509,17.7943996218884,16.6760841432665,15.5720968220949,14.4206464845912,13.2912127077084,12.1868753616334,11.165190581373,10.2786967822247,9.51246234954449,8.92163422686872,8.42395445970544,7.95095276188449,7.47290228326587,6.95661925581201,6.41968422333666,5.87123056952801,5.34556594834888,4.88679757971813,4.50299415410598,4.22854600491935,4.03094831806135,3.87792475885936,3.7588640436161,3.66120354437684,3.59096733476214,3.53937634903158,3.50907692759261,3.49553547764955,3.48138593190641,3.46665093398274,3.43552753958591,3.38407776013213,3.30882447008296,3.2246470599869,3.1625738076987,3.11975119722511,3.07678712551575,3.01259172362026,2.90814247912735,2.77869557355895,2.62936962112357,2.47354911547403,2.32209266969413,2.16135066785827
"Portugal","PRT","Median","Under-five Mortality Rate","Total",,,,,,,,,,,,,,,,,,,155.638009059209,149.931787190826,144.646385495725,139.614103965718,135.08947495358,130.903075892221,127.277007975303,124.26770832095,121.785425610012,119.582774071722,117.330131391413,114.26708594611,109.799463790573,104.075271800142,97.661907025208,91.1264620611668,85.3713188233093,80.9632495410149,77.6800303384905,74.866590678536,71.9294104482485,68.2188948114913,63.3369831769088,57.8478359957573,52.58464636203,47.8667952604668,43.5209485478541,39.3810044617171,35.5888866576758,32.3741128250565,29.7735058916863,27.6145278086625,25.7854898920322,24.2040824015065,22.8243250547264,21.5889598491865,20.4345305225227,19.3049037407506,18.1703778828135,17.0276385965085,15.8756784542378,14.7225200367432,13.5669456065749,12.4527578165086,11.4263352041534,10.5238800374243,9.76217512561285,9.15006175335761,8.63555941374733,8.15820320134459,7.67137569122127,7.1599098333083,6.60626274555802,6.04484713231002,5.5173263358908,5.04955573150018,4.6680835052538,4.38269332492342,4.17607295297781,4.01913616586939,3.89581022524562,3.80045444506662,3.72856675847944,3.67915939199388,3.64926039311286,3.63530716183093,3.62523746727852,3.60978944131065,3.57830508156619,3.52670107075639,3.45044333672549,3.37221331677635,3.3108171713756,3.26788048107434,3.24161794224968,3.22843040426057,3.20803628934301,3.17365054330184,3.12105299602946,3.05787112706622,2.99124961509117,2.91655871425542
"Portugal","PRT","Upper","Under-five Mortality Rate","Total",,,,,,,,,,,,,,,,,,,181.485156333024,167.699105213482,157.086972182481,148.670685448666,141.930392977562,135.817052081984,130.855454079491,127.129890768889,124.371404674884,122.188944846573,119.707906164981,116.809873141115,112.248831702514,106.409590559635,99.7689821269988,92.9708513528033,87.2878486956815,82.7781801517478,79.2893939910106,76.4587555562238,73.4722996099526,69.851066216528,64.7264517064308,59.036593261502,53.7052104937634,48.8418884832743,44.4608577524106,40.1900409245488,36.3225928254278,33.0630574274836,30.3668432397897,28.2064284371762,26.3224068131968,24.703160376628,23.3071384225665,22.0218918214819,20.8715825641265,19.6992730680602,18.5360932174192,17.3826881907979,16.2038890666142,15.0428516236445,13.8588887769562,12.7222581964984,11.6857610339461,10.7677078186378,10.0093443418682,9.37661153306628,8.85435016742111,8.37705241986051,7.88856935147701,7.37101183650126,6.79771734113602,6.22711645289055,5.68610856442228,5.21098841871729,4.82909632298025,4.53695097435557,4.32734543610019,4.16938404730873,4.03843360666548,3.94468383200323,3.87081704278378,3.82558955319116,3.80125481393404,3.78115115069138,3.7758866450741,3.76044378027785,3.73086353875089,3.67483450282683,3.59075488740492,3.51757211140168,3.45376575689247,3.41521135442164,3.41654644957972,3.47009917546844,3.55717486220781,3.66668109299071,3.7671709327949,3.8568634852258,3.92363425830533,3.98377973685133
"Romania","ROU","Lower","Under-five Mortality Rate","Total",,,,,,,,,,,,,,,,,,,,,,,,,80.9778743451533,87.5822144366889,91.230557475952,91.637026305747,90.4439101164374,85.7082194902474,77.670462561847,68.33805475504,59.6921307069036,53.7006614304995,51.4978595220844,55.370162597869,62.0888178732851,65.0206205638688,60.9656033530735,53.8276610524247,48.872239081529,45.9895218058022,44.1337161983693,42.9444329802175,41.4336541977556,39.7314104333554,37.8267575342523,36.350254711291,35.7071335947908,34.860905105063,33.5493758216529,31.868712934435,30.5180900455459,30.2389569774837,30.7112869043026,32.2523201105268,33.8084445439212,33.9078266922172,32.3809071239623,30.1038696934976,28.7513782277622,28.0418535740026,27.4800642984564,26.9779261019112,26.3025002086942,25.8837710210183,25.2317800055086,24.0104196713751,22.4106503443762,20.8488452901952,20.0679791982721,19.7437006210995,19.4047281421024,18.8289711535761,17.7345252288766,16.3327312094476,14.8092191963782,13.5361847377023,12.7236726166444,12.0548731763672,11.5320843869113,10.9674794923754,10.3162695514176,9.64784838327818,8.91083969963674,8.28580451703911,7.69492049736024,7.12845550006673,6.66492569567165,6.3151366419275,6.23997956853851,6.3580280655717,6.65866223671751,6.96843390630663,6.99141522351808,6.6717289695086,6.06668992104438,5.44113925616066,4.89627195879388,4.40396195889203
"Romania","ROU","Median","Under-five Mortality Rate","Total",,,,,,,,,,,,,,,,,,,,,,,,,101.374852350803,99.8488136458541,98.5015545543978,96.5846753808329,93.4721392469669,87.9853546384271,79.6461157902985,70.0921023571923,61.309020387976,54.9825992323769,52.9244609750675,56.72544984768,63.6760954842878,66.8741650960814,62.4061045336926,55.31017476929,50.1004093847569,47.0917799107438,45.2839600003818,43.9280616841097,42.5219366893805,40.6896108139844,38.7797767381511,37.4244279148586,36.7032103109831,35.9083208542466,34.423532892139,32.6292918890758,31.3223867806278,30.9496019678728,31.5223392017428,33.0409040792918,34.634415685786,34.8348931596538,33.1172225085798,30.9061547716025,29.4573016459394,28.7254134827234,28.2047714432106,27.6043204391594,27.022398863267,26.5189788844322,25.8497233282069,24.6436565187665,22.9343609313956,21.3976931300286,20.5631301207243,20.2234720914975,19.900961332957,19.265933800029,18.2058302010577,16.7303486169699,15.1670014180284,13.8922093661181,13.0170074149432,12.3757660512703,11.8111488247556,11.2361171730084,10.5889955292113,9.87015329766846,9.15054750091143,8.48767735709272,7.88515270958867,7.32234754963466,6.83098906695404,6.5036099704179,6.4143784845248,6.55567009715624,6.87330806379116,7.31087180411797,7.7685634767888,8.11487074021645,8.31571324873071,8.41978980662609,8.39907839524123,8.30929671875496
"Romania","ROU","Upper","Under-five Mortality Rate","Total",,,,,,,,,,,,,,,,,,,,,,,,,127.496143146248,113.960988050115,106.478108144171,101.893343402894,96.573867676956,90.3451762929648,81.710201016734,71.8290469786016,62.9286388115016,56.2493735488545,54.3606860390622,58.1546731585722,65.3033474608609,68.7552590248542,63.8430397748655,56.7552699131184,51.3427609341678,48.2543147511475,46.5192916967461,44.9680253837049,43.6482728628691,41.6607382389784,39.7661922051071,38.5167653684141,37.7064135509467,36.9837598447572,35.3201377436403,33.4504962949751,32.1618139485019,31.6690956013521,32.3685821996857,33.8501098153018,35.4742384188457,35.7664295753514,33.873892794401,31.7481922306805,30.1771178570966,29.4333397334654,28.9581131646361,28.2332569434745,27.7239760416806,27.1516063123262,26.4710748446472,25.3059539431401,23.4556355350823,21.9742281464636,21.0669590452774,20.7135185862798,20.4325446811412,19.704962769792,18.6741698836598,17.1241792635779,15.5338117474014,14.2582560074377,13.3128435470296,12.7003392462542,12.0927299831952,11.5069455940271,10.8663758945694,10.0980177004657,9.38880275185579,8.69717843806698,8.07952209481861,7.52031985008956,6.99459658054788,6.68916074240409,6.59297400173661,6.76451457799333,7.09662304152735,7.66303904375168,8.60617897107344,9.85203102504347,11.4344672084695,13.0696466953689,14.5422597741889,15.850698578117
"Saint Lucia","LCA","Lower","Under-five Mortality Rate","Total",,,,,,,,,,,,,,,,,,,,158.14365338699,157.195707706712,155.606970941063,153.90227848743,151.636994904063,148.908328898544,145.750950595896,141.964266689914,137.65552177621,132.786531747561,127.600618760205,122.058844827199,116.166592824772,110.016389998958,103.786395191591,97.5423607571905,91.220662308089,85.0800138050967,79.10840370823,73.3637169226042,67.8805541706859,62.6799781796281,57.7709475203093,53.174411321044,48.9091357626713,45.0212489840451,41.4659432696575,38.278346888762,35.4279077711923,32.9143040695684,30.7162708021479,28.7964477440292,27.1234035480954,25.6758142043429,24.4237210287966,23.3447176764322,22.4324248067776,21.6436117401829,20.962127980757,20.3859593867826,19.8909759859142,19.4587558902288,19.0859789993617,18.7616093950424,18.4828400698813,18.2310084373421,18.0175434208781,17.8286455487324,17.6675117674151,17.5445435460111,17.4533105142307,17.396743864199,17.3548812737075,17.3560008816967,17.3749425388256,17.4107416582859,17.4623114510611,17.5252621369456,17.5595351511563,17.6048464654031,17.6404783812647,17.6585778395553,17.6631178361776,17.6467023168933,17.5995882903667,17.5226011748001,17.3882490261834,17.201912511158,16.9775433409608,16.708602920142,16.3970958569493,16.0530413250039,15.6722158245408,15.2839341579341,14.8825034783039,14.4848716343371,14.0897381413956,13.6691020134876,13.2326490624258,12.8389192366967,12.4193346164532
"Saint Lucia","LCA","Median","Under-five Mortality Rate","Total",,,,,,,,,,,,,,,,,,,,174.477838029708,170.913663082162,167.425840980498,163.862102867569,160.264018753022,156.609948291499,152.791603467077,148.699990503588,144.328934023943,139.479918849443,134.228567027904,128.497883147155,122.415212466652,116.115789844436,109.585519124423,102.886826731465,96.2286676886299,89.6134148836606,83.1740622678603,76.9470415219286,71.015211364972,65.3928531069768,60.1408738994206,55.2877538951974,50.8123593628308,46.7206659514351,43.0322188385323,39.7301207165016,36.7950947493135,34.2097455552798,31.9528776652673,29.990153929529,28.2859481049299,26.8058185598573,25.5262896349602,24.4267183839082,23.4716693792773,22.6484100560208,21.9471263222316,21.3497347831969,20.8340417523887,20.3948669241645,20.0221233933866,19.6998117284789,19.4235283399789,19.1781158253486,18.9721786093281,18.7925254830436,18.6581344210672,18.5495504573558,18.4871658886919,18.4403518226331,18.4252043795812,18.4406210957014,18.4693736335511,18.5161698700966,18.5782169398657,18.6331520741809,18.7004380387004,18.758824068526,18.8009780468667,18.8273931905275,18.838750637938,18.82322812762,18.7887420343863,18.7290411844673,18.6372119474106,18.5191992689935,18.3911906578525,18.2297907722348,18.0579321763877,17.8589094167868,17.6639704262191,17.4514818314513,17.2351560094953,17.0045489248054,16.7759920351615,16.5536929402297,16.3293780788339,16.1085393783646,15.8779392478404
"Saint Lucia","LCA","Upper","Under-five Mortality Rate","Total",,,,,,,,,,,,,,,,,,,,192.289708943218,185.948588406462,179.840471945041,174.377344390245,169.475297252792,164.962333400937,160.585036960033,156.192069356079,151.634682449507,146.714766844387,141.262139534264,135.350443676056,129.104262275053,122.534768272021,115.685911265155,108.598209278242,101.482259515693,94.3733795951178,87.4161640236749,80.7335252866339,74.3258745045654,68.1943583207508,62.551307777604,57.4225899290609,52.730936886194,48.4788512310601,44.648939195558,41.2519074266774,38.2553555687555,35.6092652402053,33.2849396833129,31.2636047668165,29.5047492866902,27.974666136891,26.6500448312485,25.5161123886447,24.5349852722448,23.694642731289,22.9815936580082,22.3757656175032,21.8444101095927,21.3952459943651,21.0166348428085,20.7132051301706,20.4388952338217,20.1943491095307,19.9871794852244,19.827087409089,19.6973172823435,19.6094236258198,19.5641708992163,19.53259565929,19.5465556167446,19.5865734503394,19.6574918667005,19.7186039657128,19.7813327883406,19.8649492047557,19.9443375074006,20.0139624354993,20.0694809617562,20.0975400235278,20.117465229003,20.1287107565084,20.0968067935088,20.0609421109652,20.0087499880589,19.9900620662356,19.9548460004068,19.9315243712948,19.9073030375126,19.918362939603,19.9129426451916,19.9612495116588,19.9703792389066,19.9991028169169,20.0254979049737,20.0758826643918,20.1226580261144,20.1338483167825,20.1619806019491
"St Vincent & the Grenadines","VCT","Lower","Under-five Mortality Rate","Total",,,,,,,,,,,,,,,,,,,,,,,,,,,,,,,,,,,,,,,54.4175369543692,59.549251700544,64.5304201315636,68.8841937263938,72.2166045877472,74.1095667450686,74.0095156807815,71.6755992495108,67.4106854606746,62.1053742366322,56.5665876664975,51.0530226289452,45.9380735297099,41.3034267434861,37.1254295456431,33.4645063264151,30.3654930367187,27.8357858325933,25.8216231490298,24.2896534060354,23.1158024446334,22.2162546243553,21.5525623935792,21.0703563576949,20.7969271758473,20.680769995965,20.6848063774154,20.746516724942,20.8317704108167,20.8853745222072,20.9213390869999,20.8907176817549,20.8873103177642,20.8909448971664,20.9050344776719,20.9709721946937,20.997033100441,21.0348090534269,20.9153034965502,20.6917053424994,20.2546690899806,19.6668458005772,18.9606884071619,18.1882143173121,17.3748973934697,16.5582576627072,15.7403113318551,14.9477111629757,14.1771702144297,13.4305346578284,12.7277294726853,11.9728244903255,11.2328021685913,10.4808364042485,9.76892625484438,9.09680643256755,8.49709610917585,7.91715929680275,7.4014043390441,6.92434791287323,6.47631396450723,6.07276951440525
"St Vincent & the Grenadines","VCT","Median","Under-five Mortality Rate","Total",,,,,,,,,,,,,,,,,,,,,,,,,,,,,,,,,,,,,,,60.3126031918938,64.2128495752333,68.2177052948846,72.035071851224,75.1927535831369,77.0469146834922,76.9902615715818,74.58952216967,70.2839141349191,64.9054123465912,59.1556182204039,53.5105613838377,48.2194070341661,43.4248029461682,39.1470322626298,35.3695114005246,32.1850875189659,29.6139892672901,27.5449534647101,25.9229037020067,24.6886904659125,23.7724532147086,23.0847022468218,22.6121461809841,22.3528161830273,22.2560784647552,22.2631321913157,22.3352422820844,22.4317891836783,22.5111342236423,22.547379979391,22.5603037062144,22.5697902354035,22.5782977026122,22.6190662842841,22.6870631873508,22.7538718667416,22.7761061164782,22.6994988158452,22.4452241572181,22.0062494771943,21.4049919958767,20.7014236146347,19.9027711316624,19.0609852115984,18.209945388849,17.3740400089045,16.5628000818861,15.7669863389706,15.000741471757,14.2708508889379,13.5852127227592,12.9220057738957,12.296114394645,11.7602756091979,11.277381013336,10.8318980012332,10.4263808596349,10.0462663853632,9.70725721616169,9.37768301821543,9.07031959948037
"St Vincent & the Grenadines","VCT","Upper","Under-five Mortality Rate","Total",,,,,,,,,,,,,,,,,,,,,,,,,,,,,,,,,,,,,,,66.65538659777,69.1131095620904,72.1432632785005,75.4262515218003,78.3036761245988,80.1107087902707,80.137836844012,77.6447769473503,73.3074355454989,67.8417309704351,61.9897698286835,56.1257734057979,50.6408921011242,45.7080138336829,41.3197683215031,37.4357316344676,34.1677665000176,31.4850572876404,29.3486219313041,27.6978189361161,26.4067996988656,25.4639563259228,24.7354217476114,24.268156105689,23.9932410043541,23.8962269711163,23.9105259571423,24.0297449151619,24.1354341503432,24.2418697093357,24.3095258647234,24.3595143255501,24.4138209419779,24.4206204235282,24.4862678947843,24.566784292663,24.6502601432289,24.6591324479402,24.5635877793403,24.3098378675097,23.8432586460358,23.2311281391242,22.5202625473539,21.7166926621675,20.882899033597,20.0089496770884,19.128120844593,18.2710670745595,17.4673515217082,16.6967378010738,16.0123407267013,15.4038720075816,14.8979912001823,14.5055123696096,14.1728196226695,13.9682726824998,13.8074939553324,13.6901930302768,13.6484832597563,13.5196029619144,13.487800506301,13.4419898675474
"San Marino","SMR","Lower","Under-five Mortality Rate","Total",,,,,,,,,,,,,,,,,,,,,,,,,,,,,,,,,,,,,,,,,,,,,,,,,,,,,,,8.61166326160858,8.41047303483646,8.25256873185561,8.04300580259683,7.81007614267228,7.50636932557966,7.23196482437516,6.86805882694336,6.48658961007567,6.09487190591433,5.68099471414383,5.28703881090545,4.8794863571224,4.47880731450973,4.11154784095775,3.74287306218905,3.43521804021087,3.15263035143318,2.90205178164672,2.66454808466786,2.44901539889254,2.26523517125222,2.09008859854565,1.93924108053121,1.80108980830876,1.67048853257833,1.54804315490055,1.4347379282469,1.3293894735324,1.23209300186943,1.12957508248898,1.03768499256754,0.94813627514069,0.867794937238053,0.800635435659032,0.746650785348562,0.700458459456355,0.659072281317045,0.622684168536756,0.589875577687381,0.556766387538703,0.525435951693664,0.50008650995128,0.472087763427759,0.446748461008458,0.422538961524302
"San Marino","SMR","Median","Under-five Mortality Rate","Total",,,,,,,,,,,,,,,,,,,,,,,,,,,,,,,,,,,,,,,,,,,,,,,,,,,,,,,20.2106661283607,18.4065205961319,16.7834920658615,15.2496016582392,13.9163242269645,12.6863935045574,11.5714088348782,10.5693337875127,9.65581860765242,8.84183681810788,8.11248886934437,7.42187557870212,6.78929388381149,6.22807365609589,5.71373216621393,5.24969568239266,4.83750129058399,4.46971591116993,4.13877146465454,3.83465497770235,3.56449679683391,3.32495396370444,3.10708965292193,2.9120077261496,2.72867355381865,2.56157621283774,2.41743131088214,2.26910248986902,2.13687264506171,2.01687438627712,1.90532712628886,1.80243361951522,1.70222205357273,1.61515702969524,1.53758303701705,1.46943254349736,1.40898315041989,1.35952785791621,1.30670461045991,1.25951779206628,1.21700977368811,1.17010869938541,1.12999049062256,1.09144766472104,1.05540835108766,1.02213452325094
"San Marino","SMR","Upper","Under-five Mortality Rate","Total",,,,,,,,,,,,,,,,,,,,,,,,,,,,,,,,,,,,,,,,,,,,,,,,,,,,,,,46.8354019405849,39.5950350854802,33.8686582771122,29.0323719920001,24.940346234285,21.5318431864723,18.7265120946359,16.4318773789939,14.5285174879596,12.9131818787687,11.5894931294941,10.4513641509943,9.4616808482193,8.62247829503544,7.90556560572874,7.2806575178846,6.73899750931772,6.25790022475398,5.82087247398528,5.44185583252112,5.12171522746217,4.82429789969334,4.56221682768232,4.32838768875389,4.12053284032062,3.92421864184024,3.75134536152319,3.5808693082902,3.43864332826574,3.29832913261063,3.19009540410527,3.10497283773248,3.06149843142648,2.9847041269946,2.93948498819609,2.87524073314494,2.83538029306861,2.80021042984349,2.76883904112508,2.71819197869689,2.67044950544134,2.63339481368724,2.56960155959603,2.51828766309996,2.48320307174117,2.45376176892475
"Serbia","SRB","Lower","Under-five Mortality Rate","Total",,,,,,,,,,,,,,,,,,,,,,,,,,,,,,,,,,,,,,,,,,,,,,,,,,,,,,37.4923044165662,37.6371990636656,36.8123902699135,35.3711360289163,33.0761176892955,30.2339882458524,27.189951521207,25.2594473026838,23.9955647482151,22.5721767486652,20.8922849705831,18.9911472721737,16.9690998234379,15.0148429704941,13.6146044179022,12.8703068755121,12.3071437438849,11.7057066690186,11.0056282281316,10.2263737273026,9.40470790376441,8.6348995623441,8.14384886944711,7.85483301469529,7.64920349479515,7.50404140999835,7.31240510225071,7.10703914443108,6.85161347059749,6.56861476785634,6.30233048872764,6.03455174065324,5.83342479674412,5.66435460372064,5.51352843842677,5.39210058964315,5.27056143256093,5.17650193523691,5.10583989433723,5.08819910979503,5.03153718376842,4.86285731830968,4.60582225384989,4.29901211659409,3.96941709527538,3.66373466324542,3.37872487679485
"Serbia","SRB","Median","Under-five Mortality Rate","Total",,,,,,,,,,,,,,,,,,,,,,,,,,,,,,,,,,,,,,,,,,,,,,,,,,,,,,40.7377817548779,39.0501402766911,37.7577563820383,36.300933605143,34.0034010844569,30.8982745699966,27.9852114966017,25.9594842658173,24.5489712340648,23.1535534010165,21.4591133987149,19.4885155103615,17.3884787125593,15.4845435809052,14.0959798132908,13.2554910767496,12.6594449690615,12.0609652726903,11.3684525015199,10.5552876923871,9.71102162683456,8.97464842404409,8.46513392764846,8.14392066772291,7.93372391694406,7.76369695012788,7.59092814707986,7.37445541717187,7.11741251159045,6.83894739597579,6.5546932945602,6.29491583890408,6.08150135127412,5.90658055670682,5.76057306202869,5.63021454957852,5.51628524432971,5.41754803433529,5.35718435987256,5.35544785046743,5.40782959154052,5.46629028824536,5.47893252019349,5.44709520338457,5.3790511606928,5.28361263393818,5.17504012902863
"Serbia","SRB","Upper","Under-five Mortality Rate","Total",,,,,,,,,,,,,,,,,,,,,,,,,,,,,,,,,,,,,,,,,,,,,,,,,,,,,,44.2645948575898,40.5013578927622,38.66519202657,37.2724891323832,34.9796248045422,31.5752349974782,28.7620023522599,26.6581852033429,25.1156667585953,23.7646870153656,22.0226894861627,20.0137390855621,17.7969190489813,15.9517433788182,14.5877058985196,13.6385825821752,13.058255027181,12.4558122838547,11.7397829226474,10.9142284310886,10.0157488523818,9.30793570876722,8.7793285355363,8.4415542800435,8.23154735101639,8.0493986578767,7.89023025524212,7.6619742628428,7.39400589634117,7.114212323074,6.80943983563558,6.55903404769017,6.33268227256678,6.15864359586961,6.02051217812262,5.87548911984461,5.76251870373736,5.66086589073367,5.60505775009564,5.62540938584532,5.82394423926632,6.21487874785734,6.65197656937511,7.12320196731197,7.56186892243749,7.92337489932324,8.20475477929851
"Singapore","SGP","Lower","Under-five Mortality Rate","Total",,,,,,,,,,,,,,,,,,,,,,,,72.7829497085199,69.3558033412127,64.9501474359074,60.1078647640755,55.470181900256,50.9498641718815,46.6192119712906,42.8208543975739,39.5598665493147,37.3494751797374,35.6682872670789,34.1536876232098,32.6751072063535,31.045416045633,29.4711867726608,27.8803971783018,26.4324854922502,25.0502982274537,23.2612023348719,21.1842351112011,18.9266974703487,16.9070584575077,15.5450877531862,14.7685912956611,14.577029656806,14.4667955750659,14.1077015133457,13.5233325080398,12.7174992729582,11.8856222895836,11.1384122596578,10.4914151735412,9.9581242381519,9.38185728733166,8.7666797062951,8.08651225786203,7.38017347333897,6.67227010238643,6.02025241784197,5.51098798549967,5.11747002670593,4.81222880160953,4.57589327032845,4.35506807559109,4.1266764538791,3.88685547382322,3.64371667945036,3.40998253279064,3.18515072486026,3.00430458451433,2.86665214931531,2.76921071330162,2.71290081153317,2.68008153883983,2.66501540789967,2.65487455412209,2.64292326436889,2.62956024857824,2.60188772413332,2.57441483700394,2.54186563821055,2.50752613017736,2.46575933185474,2.41182645816892,2.34583573603323,2.27861767893812,2.23169563332538,2.24123690397006,2.29119976845852,2.34712318127175,2.35799861853482,2.31925292308874,2.24084081295385,2.13749188525889,2.02228628739474,1.91182318194565,1.79566079895248
"Singapore","SGP","Median","Under-five Mortality Rate","Total",,,,,,,,,,,,,,,,,,,,,,,,77.9721546009852,71.8267142625963,66.4800056592355,61.5464770882081,56.7452066491623,52.0941967191802,47.6917323229787,43.7364739840831,40.5221914457823,38.1902926491853,36.4587374057662,34.9350096206751,33.37702923007,31.7796624275759,30.1697415863369,28.5881244166638,27.1155089959209,25.6783120990654,23.9562538064446,21.7718130627226,19.4928041545854,17.5664040945259,16.2082579658666,15.3959747972551,15.0705001464003,14.9590369350031,14.6637167667427,14.009243796,13.1679773431185,12.337920196995,11.5841384120928,10.9191766146088,10.3242374534637,9.73358485751235,9.09612877444092,8.40106670159567,7.67120120143589,6.94780801307702,6.30694201810183,5.78123398003489,5.37238978198409,5.05599683611702,4.80423033244258,4.57776157743417,4.34493545146247,4.10045737759255,3.85027795126365,3.61030451880168,3.39188263303162,3.20814653787807,3.06534145779118,2.96396619009519,2.8977989279016,2.86054698205924,2.84108039146161,2.82970255294658,2.81926915263903,2.80177958358757,2.77893276530817,2.75227060031882,2.718718005091,2.68253968206048,2.63968877400719,2.58960376505476,2.52555497019651,2.46635051447456,2.4338004437864,2.44102519334382,2.48937088574187,2.57507618919767,2.68017429416858,2.76349561925635,2.80753983942879,2.82267264112098,2.81019300888431,2.773311318466,2.72336156907365
"Singapore","SGP","Upper","Under-five Mortality Rate","Total",,,,,,,,,,,,,,,,,,,,,,,,83.8250383795525,74.4087593131053,68.0596763015005,63.014001084296,58.0525501418778,53.2499686725262,48.7690318287748,44.6758315380973,41.4624060909845,39.0361282970327,37.2540501524131,35.7713395373972,34.1287955517746,32.5454462165288,30.8792101929626,29.2842180991446,27.8100587093449,26.3449033074369,24.7153140511665,22.4126395687354,20.0551986975496,18.2007700456166,16.8733357528588,16.01642897275,15.5750773369123,15.512299785582,15.2831572202823,14.5307113061152,13.6404004822467,12.7812017055983,12.0172190631691,11.3478749394484,10.7099969920424,10.1315397651704,9.46779550622575,8.74298766988012,7.98794126894713,7.23020069867296,6.58794888162967,6.05625860085871,5.62941958563029,5.30072378352921,5.04348022486008,4.83006977462198,4.59165077751443,4.33909730700671,4.08335765978074,3.82683847983195,3.60122586143496,3.41099086207111,3.26458256489475,3.1666469536795,3.09142021836151,3.05368662668693,3.03505790578417,3.02614457845894,3.01554790395755,2.99343333629611,2.97016844169448,2.9397270457257,2.90910860490191,2.87791120261191,2.83753734991114,2.78251510223535,2.71384032381137,2.66048558577592,2.63167749537315,2.64314801603868,2.69923389563886,2.83272764218475,3.07215737259684,3.35940435986133,3.63161401158124,3.89004076785652,4.08978303528282,4.28521252714686,4.44724976799964
"Slovakia","SVK","Lower","Under-five Mortality Rate","Total",,,,,,,,,,,,,,,,,,,123.653481690002,108.754981291738,95.0603560179728,82.5923251055648,71.5599117342689,62.2686612578073,54.6279250814362,48.5615633063324,43.7484137585896,39.8993586358466,36.854116881108,34.3991314045667,32.5462217939668,31.1913329289923,30.2011115300849,29.5401197933285,29.0523285634123,28.7584472642843,28.5060621397698,28.2753059853427,28.0704346207404,27.8247105242118,27.5549338623375,27.2479222900816,26.7973541624344,26.244118805435,25.6258873821227,24.9310515013719,24.1482464279381,23.3309830501567,22.5279726746337,21.7311284998278,21.0020833396502,20.2898001795416,19.5054318050551,18.6886031308705,17.8243584329412,16.9940410375633,16.2045060896211,15.5197381738456,14.9544840748548,14.4131459367036,13.8830971343615,13.3315556520819,12.7709168209773,12.2199803797809,11.6623550865129,11.1353726743253,10.6304025441557,10.1497490830827,9.72012703613174,9.33827549666123,9.04003443160481,8.78496937320389,8.55205753798273,8.30895726009246,8.03479842845832,7.74162911174822,7.43929067537092,7.13828809950681,6.8710604666084,6.64403132676964,6.47357015251312,6.3334186465672,6.20910206297534,6.10014135175412,5.99137762883031,5.89017346071731,5.79791596042898,5.72720480225863,5.7014002566992,5.70876274478238,5.75504845334556,5.82581158858909,5.87599479049233,5.88838306022848,5.82729259035075,5.67068985583614,5.44082593006796,5.18334571059018,4.90848741657153,4.61636839195075
"Slovakia","SVK","Median","Under-five Mortality Rate","Total",,,,,,,,,,,,,,,,,,,142.817323578573,121.698383216404,103.633232758161,88.5791128132341,76.244476982839,66.2422251915625,58.1655034058964,51.7290696340232,46.5850524666332,42.4414222632119,39.1522024208022,36.5564897317137,34.5769521397849,33.1091946792618,32.0767555474466,31.3567782391789,30.8481064360575,30.4774041530442,30.1838359433692,29.9507565441119,29.737518565953,29.5201384299568,29.2244427572914,28.8628710491633,28.399546915907,27.8384253557584,27.1597903937365,26.3732513649259,25.5053245371045,24.5758012897846,23.6196179046596,22.6558600136155,21.7264934508167,20.8221406430075,19.93715662289,19.0516998535863,18.1835762856292,17.3376262162314,16.5493737819464,15.862732699224,15.2768311796074,14.7414525978629,14.2025110172234,13.650286128901,13.0913700798754,12.5356355078027,11.9885688450493,11.4544878172931,10.9391792326565,10.4594934628739,10.0178642586145,9.63702068809653,9.3304776935824,9.07553828141423,8.83420276888353,8.58403277664677,8.30913793083341,8.00538914302624,7.68945086736241,7.38818876555387,7.11441522134944,6.88205550580832,6.69809022104334,6.55387918858254,6.43135741836045,6.31730939361799,6.21036898329414,6.10544252713701,6.01428908959097,5.94906429843703,5.92238178556569,5.93289095224042,5.9824348645551,6.06324476270755,6.16794610510715,6.28617313122864,6.372123377599,6.40776944281306,6.383211526739,6.31677357563999,6.21047430508478,6.0944972805624
"Slovakia","SVK","Upper","Under-five Mortality Rate","Total",,,,,,,,,,,,,,,,,,,165.822754690057,135.952706553519,112.938006194558,95.0685326238881,81.2611199054505,70.3537158187333,61.8228141959691,54.9844103457258,49.5272246566004,45.1641761440047,41.5898362948738,38.806905701567,36.6881899379598,35.1146090074078,33.9765308345568,33.2196859445359,32.7284391795405,32.3297280663532,32.0114590832323,31.7521181790027,31.5366575305904,31.3311854879583,31.0255673875517,30.665564432254,30.1463656607198,29.5538574435566,28.8215204103601,27.971032981014,26.9992410175461,25.941128468208,24.7831781196994,23.6336383221062,22.4738928784941,21.3856065497563,20.3758659987412,19.4258666832098,18.5494586033561,17.6876870198618,16.8936499038486,16.203724846559,15.6036970491577,15.0825146958356,14.537716382525,13.9862672294652,13.424948937891,12.8553005921412,12.3121570163893,11.7687296132873,11.246187999903,10.7666751475557,10.3176793687532,9.94120141443289,9.6283107786621,9.37103810073501,9.13266579938402,8.87195337874734,8.59450931866663,8.27586509027354,7.94686701306706,7.63386229316256,7.35109188685102,7.12086745505555,6.92923058196472,6.79009255435315,6.66792131971443,6.55301549967986,6.4437938134328,6.33537438570794,6.23649936187916,6.17588742385509,6.14728160402505,6.16534774338867,6.22073424651035,6.3228105203721,6.48615609406669,6.72053899310821,7.00335458551438,7.25850156192857,7.49986559117089,7.71413340302878,7.88976779812484,8.01085260256809
"Slovenia","SVN","Lower","Under-five Mortality Rate","Total",,,,,,,,,,,,,,,,,,,,,,,,,,,,,,,,,,,,,,,,,,,,,,,,,,,16.2588198375364,15.9409331425575,15.443376352339,14.7379021411669,13.9451272502356,13.1141384837484,12.2891176221677,11.4724620592239,10.6930037587152,9.96916546511133,9.29891899631506,8.6616442488363,8.06552681486397,7.49997662346934,6.98628226033443,6.51734647743317,6.11283395660816,5.75567695850366,5.43885757585753,5.15569749900716,4.88779882893403,4.63951809128077,4.4049838894267,4.18215115311908,3.96429549092805,3.75133932472194,3.54859610973002,3.35133114999752,3.16882874394407,2.99839868681303,2.84986568060721,2.71223992011752,2.59637362529182,2.49835524912007,2.41796111808089,2.35033256871824,2.29836772169237,2.25926049207164,2.21880612508393,2.1821880325432,2.1388330677722,2.08436456705213,2.02226863152569,1.95429062538922,1.87597022412568,1.78740578328324,1.6941273833123,1.60326125353799,1.51108960418755,1.42189242199373
"Slovenia","SVN","Median","Under-five Mortality Rate","Total",,,,,,,,,,,,,,,,,,,,,,,,,,,,,,,,,,,,,,,,,,,,,,,,,,,17.7685381629416,16.9120511602666,16.0999049162802,15.275884697002,14.4328965297507,13.5766128841586,12.7300823881596,11.8988911359501,11.1087964609761,10.3717967564843,9.68312261666584,9.03620795520145,8.42654744001178,7.86406119483808,7.34860946933721,6.88141642196594,6.461927281752,6.08967851620706,5.7528771887545,5.44594399038954,5.16320318205719,4.90320844695197,4.65639931839914,4.42144276252565,4.19332867860706,3.97196808993106,3.76147831317355,3.56116353319729,3.37613686461985,3.20752596599494,3.05673176118069,2.92317890327663,2.80574835868416,2.70391000863435,2.61700173975139,2.54546551280508,2.48754701319758,2.43985062155586,2.40130879342466,2.36842223761981,2.34121565137211,2.31395266600769,2.28971001158664,2.25897485615847,2.22155005116432,2.17532726687872,2.12356216877475,2.07060855553757,2.01361669277022,1.95802406434332
"Slovenia","SVN","Upper","Under-five Mortality Rate","Total",,,,,,,,,,,,,,,,,,,,,,,,,,,,,,,,,,,,,,,,,,,,,,,,,,,19.13077108445,17.8566462933563,16.7633466472332,15.8378021979114,14.9729808765973,14.1026607729446,13.2214446611433,12.3568706995976,11.5371599104693,10.776872901813,10.0823913521276,9.42566224039183,8.79766673853791,8.22327060961138,7.69958072606736,7.21994566068366,6.79103023126045,6.40415197937769,6.05433983991486,5.73973809804972,5.45513192404358,5.19869875718906,4.94772421922908,4.7094925492184,4.46932150561656,4.23345784480771,4.00499541310442,3.78642436816546,3.59167930050873,3.41619730452608,3.26119601411721,3.12471092207932,3.00548679842042,2.8991902500938,2.80772737875968,2.73260065051141,2.67232945614341,2.62583217770614,2.59288040796608,2.57528830496054,2.56646336493034,2.5783940003301,2.61008234549953,2.64440280011744,2.66738646035911,2.69386150281519,2.71576682092271,2.73538530141252,2.74992035705911,2.76954500561484
"Spain","ESP","Lower","Under-five Mortality Rate","Total",,,,,,,,,,,,,,,,,,,110.084138976936,99.8693627118252,90.2615592417455,81.6986880090243,75.1674490944968,70.2476474029758,66.6684376532479,63.7797596589862,61.1656464283615,58.6794614179367,56.1648764323485,53.6187565814511,51.0257292184805,48.4403379667994,45.9936148264093,43.648276066693,41.5445966115653,39.563811220176,37.5392086543118,35.4750093376304,33.2893164984431,31.044686014186,28.7856136141371,26.6259073985749,24.6846252958169,22.8985901034564,21.2803870646881,19.7832002577235,18.3493431748439,17.0037882045119,15.7400400121608,14.597241763782,13.5811235623609,12.7129688533053,12.013830871929,11.4201030022779,10.9302277471507,10.5009735964857,10.1020050525096,9.73123239528558,9.35142045227696,8.98801704225493,8.5955730771943,8.16584045162311,7.70639745543559,7.22632744703706,6.7716281057019,6.35734104328196,6.00325874509976,5.72647765300285,5.5017460274998,5.32533719269012,5.18144882600873,5.05047940050791,4.92330190274717,4.7816940153306,4.63034070166335,4.4611784430511,4.28059173769815,4.10518599320789,3.93132977591256,3.77226267147174,3.62599469362041,3.49774383195219,3.39122917898778,3.30268825111097,3.2419556153608,3.19796022879984,3.16220494465459,3.13431483844571,3.10886413046925,3.09298561886843,3.08684274663708,3.08113843657401,3.06329568709344,3.01202909288289,2.91751748059648,2.78347677094371,2.62908840449662,2.47381883746454,2.32065360534086,2.17316599964282
"Spain","ESP","Median","Under-five Mortality Rate","Total",,,,,,,,,,,,,,,,,,,116.584195086489,103.392744583021,92.2716609407646,83.4791024942035,76.7863088759242,71.7678283877294,67.9822184772906,65.0013149552304,62.380640912701,59.8413772204671,57.2945370831931,54.6716373943035,52.0090866783806,49.3853338229687,46.866767978813,44.5038608987847,42.33761432872,40.2790114642504,38.2436138904234,36.12888844666,33.9239443922674,31.6311462327466,29.3336333823864,27.1634555949047,25.1662626082674,23.3506710713964,21.6993609100985,20.1630124429113,18.7159243774761,17.335429075514,16.0504000607695,14.8791833743336,13.8475513967195,12.9713330238155,12.2496425978148,11.6508922162047,11.1445103883311,10.7030709576932,10.2990220879613,9.9139550757128,9.53821578132612,9.1612917489226,8.76245334761463,8.32712081208835,7.85258998037049,7.36746317254901,6.90388777218753,6.48261197447699,6.1255213256902,5.83857852658058,5.61028161385522,5.42809760778719,5.27811931890453,5.14438002699011,5.01407724085406,4.87524641462552,4.71842140483118,4.54435257636776,4.36379118372368,4.1833755317465,4.00945784451095,3.84549598598585,3.69660271532458,3.56656551684966,3.45783374700784,3.37156309989429,3.30884227003324,3.26472171616392,3.23095001641983,3.20202330041032,3.1800327655617,3.16535751632883,3.16086736618705,3.16775696237283,3.18448070480669,3.19282685217039,3.17778313038271,3.14327908645394,3.09184363287043,3.03030580461241,2.95898715346165,2.88401025569444
"Spain","ESP","Upper","Under-five Mortality Rate","Total",,,,,,,,,,,,,,,,,,,123.797349480937,107.102066603008,94.3517643648645,85.2413069216765,78.4262976832525,73.2825625379581,69.3088118115275,66.2377036262205,63.6357938743308,61.037532451655,58.4521347493966,55.7508416633287,53.0142383406297,50.3421517557772,47.7413776728843,45.3603839141761,43.1316766111712,41.0443965464234,38.9814608464112,36.8298026953831,34.6061378332723,32.2398048706717,29.8937467905768,27.6981618141405,25.6541144282245,23.8164925999076,22.1179956846293,20.5579219594398,19.0908708618934,17.6623139881841,16.3608651507519,15.1639904933529,14.116298474681,13.2289750826714,12.4824495175098,11.8810403859426,11.3618751976943,10.9105216318502,10.5053325009185,10.0999360004915,9.72244993689645,9.33523839248752,8.93658192785968,8.4977002900694,8.0035502793897,7.5082136862827,7.03267523247828,6.60533026326554,6.24611194508032,5.94985286223263,5.71664128284219,5.53000430113805,5.37704935866801,5.24421257391241,5.10897006698711,4.96911079750202,4.80674337907484,4.63021076928326,4.4496503830118,4.26254701554529,4.08675980036611,3.91953218516217,3.76855979872975,3.63677960983034,3.52529297326276,3.43944702184003,3.37608712353418,3.33293276362931,3.30176331602381,3.27121372253787,3.25265399158597,3.2377773967359,3.23579011165175,3.25560850947767,3.30892467482275,3.38801712060186,3.47375616396852,3.56327891257371,3.63345415901363,3.70312295871033,3.77266147859825,3.8314835057789
"Sweden","SWE","Lower","Under-five Mortality Rate","Total",,,,,,,,,,,,,,,,,,,,25.6212494535616,24.8115738397098,23.802129657713,22.7396759114515,21.8890868749928,21.1999893564383,20.6686921304887,20.2249345948437,19.8474611661469,19.528929517382,19.1638190939415,18.7551751755574,18.2369124791257,17.5613348420125,16.7730232423746,15.9439573761742,15.2294663140854,14.6189884143509,14.0844733886129,13.6119541363638,13.1084900800125,12.5860585096027,11.9935607982206,11.3518670056451,10.7120019336434,10.092651848559,9.58769565940714,9.17088377182215,8.81158743802161,8.50538615739088,8.21808650807119,7.98372457242157,7.78454351728894,7.61987018157088,7.49853708590954,7.39678177658777,7.30917793157888,7.23075511650831,7.13480409889388,7.00201206060666,6.76940512251271,6.42436549887737,5.99176446379343,5.51677031605838,5.06256614083511,4.6628818023863,4.37513463550279,4.18513081415759,4.06837234011093,4.00208371519072,3.95248722648073,3.89948418776866,3.82878656037422,3.73117803464681,3.60626904029387,3.46420147548425,3.32362271204469,3.1960899328654,3.08892176890578,3.00758849990888,2.94256907601398,2.89875030969909,2.86248756842983,2.83158499423366,2.79946067223385,2.75958613475362,2.71164777672392,2.65433629918693,2.59330330937706,2.53716385055866,2.48068295387544,2.43341011439638,2.38272636653562,2.31893095728928,2.23348406811083,2.12935096257554,2.01085709114577,1.8908818428819,1.77197148003674,1.65196988682632,1.5494349101569
"Sweden","SWE","Median","Under-five Mortality Rate","Total",,,,,,,,,,,,,,,,,,,,27.1125961013364,25.6514092212755,24.3421008824555,23.2340249683469,22.3485618752513,21.6456511742192,21.0833766478723,20.6232338636175,20.2431902537037,19.9108686407256,19.5601876777112,19.1430343923529,18.6049625642879,17.9195748930084,17.1061250101046,16.2784369739772,15.5462277427082,14.9217092632753,14.3807750780283,13.8842612814918,13.3876283795614,12.8451683446438,12.2487031080301,11.6065931796234,10.9511196613538,10.3449581864121,9.83087690700578,9.40617866990063,9.04229986498979,8.72275534831085,8.44443526474854,8.20334693742085,8.00118306238189,7.83653496579779,7.70896290800087,7.60424379976194,7.51421982307876,7.42591870638283,7.32615185863439,7.19253855951723,6.96912925130642,6.6131825916546,6.16447882182512,5.68572889895765,5.23038007070579,4.84413695404243,4.55430331098365,4.35479173657239,4.22796080045997,4.15058633316752,4.09880541795513,4.04686625969486,3.97711366184414,3.87539753845791,3.74173675842413,3.59444984000436,3.45213775080715,3.32288290771535,3.21312738700066,3.12786596941198,3.06230141372944,3.0120130913269,2.97265726336393,2.93877745166268,2.90481746439052,2.8651992370366,2.81723160304333,2.76000862095885,2.70061571310609,2.64219600344118,2.58836546878641,2.53844762071836,2.49361279263726,2.44981602900651,2.40611778078004,2.35894648739989,2.30815419327012,2.25273653557968,2.19046385304659,2.12761774071693,2.06623290250263
"Sweden","SWE","Upper","Under-five Mortality Rate","Total",,,,,,,,,,,,,,,,,,,,28.7670224756283,26.5504215796543,24.8872440222019,23.716287788276,22.8070210022513,22.0967794942953,21.5099763854331,21.0378258260332,20.6614235742413,20.3021328567838,19.9690543858507,19.5362767753296,19.002262457958,18.3014990930846,17.4400673374042,16.6182510825111,15.8613390558202,15.2227156828496,14.6783418132281,14.1662838691912,13.6794853306722,13.1214610346487,12.518289652472,11.8771506269676,11.1991968363033,10.5971501317464,10.0730076783184,9.64362795502861,9.28067354853886,8.95025440496292,8.67751777880846,8.42948146613432,8.22179016107866,8.05936486867674,7.91825474122572,7.82083932952167,7.72487161081592,7.62848553285642,7.52807236792399,7.39654033595541,7.18569604278035,6.81746076382114,6.34535259433522,5.85543926852702,5.39733551330283,5.0248683840732,4.73226238126652,4.52145113755571,4.38527746787754,4.3014958336451,4.25241024553978,4.20269455433482,4.13315587752601,4.02890854641143,3.88575374944592,3.73222283322082,3.58272229085543,3.44858256568043,3.33620424744062,3.24840257371743,3.18206809003007,3.12688456575287,3.08619970555425,3.05340340647579,3.01816237316789,2.97727851451607,2.92695045012584,2.86805252338237,2.81107149263854,2.75329845452757,2.70090572016565,2.65215469479609,2.61252996330014,2.59003833194686,2.59345658326509,2.61020252066365,2.64230791121596,2.6757854928348,2.70831424891112,2.73773425345412,2.77213115370858
"Switzerland","CHE","Lower","Under-five Mortality Rate","Total",,,,,,,,,,,,,,,,,,,,36.6052851099189,36.0145808112202,35.0532218995825,33.7769813573923,32.4300153890747,31.0443406124418,29.6997729403516,28.4017002867254,27.3434679658952,26.6122595000167,26.0205285707909,25.4809715697962,24.8421395568528,24.0597110679553,23.1383071001105,22.1042281654673,21.1641485743803,20.3272577702376,19.5565558336822,18.8194721964971,18.0318683706228,17.2165640847082,16.3427862645037,15.421843294785,14.4738628897127,13.5198897608601,12.6213398775972,11.8155250000032,11.1266795584405,10.5743095595577,10.1153187312342,9.73834570566954,9.42105136374044,9.1567573767755,8.9467421121057,8.77780755571271,8.65124073377605,8.53259617375088,8.38561730443888,8.187826430507,7.93370356062774,7.62313662588655,7.26545865404996,6.88033458381254,6.5113164191571,6.18681085777994,5.94284653713917,5.7712199946972,5.64661855182755,5.55522454946985,5.46030362304922,5.36294647415292,5.25644861004676,5.14121905537316,5.02047842850587,4.89573138224102,4.77954983760141,4.66798362710681,4.56399770739553,4.47959902135367,4.40416367867866,4.34458990386687,4.29132343089196,4.2409747827699,4.19114852549843,4.13130106634099,4.06939023787689,4.00408575252366,3.94252611014581,3.89766157517811,3.85831455472154,3.82412559564473,3.78369070324021,3.71955479255246,3.62750148814411,3.50210096725806,3.35332600118867,3.17810130295632,2.98806202805132,2.80459644293982,2.63119090410087
"Switzerland","CHE","Median","Under-five Mortality Rate","Total",,,,,,,,,,,,,,,,,,,,38.5762822251898,37.1846149964208,35.8283016359183,34.4532719900081,33.0543584315396,31.6472757275728,30.2567455672541,28.9814240320371,27.9360442065913,27.1540613287975,26.5314866573281,25.9652562818948,25.3441137832096,24.5459933416028,23.5718675528967,22.5510555172552,21.6011238523513,20.7444695064757,19.9432317643981,19.1667922413128,18.3790870815165,17.5540624686756,16.6749678645627,15.7413907486474,14.7746922277592,13.8243352911899,12.9302818735481,12.1202780736838,11.4284606034908,10.8586705341057,10.3878362666976,9.99650866130174,9.67242996683368,9.40621222107765,9.18966964514567,9.01864542149458,8.88332890540482,8.75948122770362,8.61735723007275,8.42805048826042,8.17207721336568,7.84318180730046,7.46519011012746,7.07839359057275,6.7143726772358,6.40155088996577,6.15497798120054,5.97023806867914,5.83301829099222,5.72735388514157,5.63353834060463,5.53529715967438,5.42687798714202,5.30995124390868,5.18752304206493,5.06451121658299,4.9425764538529,4.8310828046174,4.72765746829994,4.63899417574883,4.5608499542802,4.49670575016795,4.44073362355954,4.38937243374204,4.336558471545,4.27763456038542,4.21323324877519,4.14679094493775,4.08605489040492,4.03847265375944,3.99989625482647,3.96646814945443,3.93611216770186,3.90200640135149,3.86560898497642,3.81329003633391,3.75037218199972,3.67401047182693,3.5844616464184,3.49053554789643,3.40060353621393
"Switzerland","CHE","Upper","Under-five Mortality Rate","Total",,,,,,,,,,,,,,,,,,,,40.5967267990259,38.413648864289,36.6346835507435,35.1680934347099,33.715927486666,32.2905454515531,30.8314015120182,29.537025984614,28.5054360786557,27.6802637106094,27.0593825068118,26.4924442483165,25.8919254241339,25.0806258943776,24.023584890105,22.9837882789518,22.0139946725448,21.1314715162779,20.3148642220113,19.519120436841,18.7436028037649,17.90220782735,17.0295960438002,16.0871340850832,15.0961459199173,14.1380358155361,13.2247098044421,12.4141829483431,11.7166548624112,11.1320378645441,10.6581335110475,10.2563146847228,9.92441624922942,9.65586591356155,9.43574029319877,9.2603451730483,9.12318809261986,8.99876711612468,8.86576864418036,8.68057789127467,8.4286620894057,8.07476511666128,7.67745086481999,7.27830362747054,6.91723977984138,6.61274752211319,6.35770058713241,6.16319507435574,6.01597702114602,5.90802754886732,5.82367504572058,5.72775776573061,5.61947248578418,5.49759628867509,5.36632789589765,5.23812910905659,5.11349737034448,5.00004217920006,4.89457491443785,4.79704995946541,4.71942749998167,4.65130255755559,4.59241146583604,4.53925770562537,4.48268582891038,4.4276934004995,4.35845213980733,4.29477948557318,4.23618948101959,4.18633229712919,4.14813271839835,4.11295881004777,4.09140543256858,4.09121779125054,4.11944029335241,4.15798811819934,4.20000345573974,4.25157330490949,4.31536036119881,4.3683923016873,4.41248074187099
"United Kingdom","GBR","Lower","Under-five Mortality Rate","Total",,,,,,,,,,,,,,,,,,,36.2133509596179,35.4526013721514,34.3053515945705,32.9084913984157,31.4927080505724,30.1649254522569,29.0497175455293,28.1305513026924,27.4030246917874,26.9040588255715,26.4535170410422,26.0654354298806,25.6417188379234,25.1017527228329,24.4525136108361,23.7094706676587,22.9991560459064,22.3317472621695,21.7897739335227,21.3896550141659,21.0117650386851,20.63446299859,20.1821018920272,19.6500990241039,19.0573143015262,18.3604544689564,17.6408415227647,16.890796628545,16.1303011493874,15.3870323265324,14.6286293103961,13.8652416807402,13.1229361241116,12.4522490264026,11.9126494521055,11.4816649944852,11.1642531499936,10.8828822341367,10.5567369888333,10.1587674887142,9.67734332789119,9.12701634816128,8.54328867915827,8.00404306576339,7.58014759585504,7.26245966860766,7.04449181999485,6.88938707918639,6.75820827879025,6.64024677728647,6.52761389816212,6.42577665422867,6.3223043925952,6.22325862878708,6.13355227791036,6.02967968427338,5.92341164474107,5.79557710398271,5.64245298727564,5.46788125808302,5.27377321762426,5.07424124742074,4.87650462045299,4.69808513802158,4.55801806716928,4.44572945707514,4.37659047812553,4.32960585191167,4.29900968587633,4.28462407853739,4.28201450849387,4.30711505986306,4.35769214524022,4.42030396833149,4.4599108231061,4.44873629147729,4.35402569447701,4.18216595887897,3.9802238024957,3.76294612117278,3.54154089311874,3.32711532880998
"United Kingdom","GBR","Median","Under-five Mortality Rate","Total",,,,,,,,,,,,,,,,,,,38.1494811468272,36.5924064386232,35.0725780745252,33.5685098645489,32.1083105929476,30.7647059166685,29.6301254943405,28.7010249699794,27.9687112843435,27.4056860140297,26.9564441410494,26.5614887006941,26.1309615268984,25.5941688260897,24.9164693091078,24.1718278860274,23.4352465737049,22.7706920062613,22.2224544920563,21.7941171144499,21.4179837776405,21.0276672610528,20.5739429504162,20.0399984469869,19.409975813459,18.7193860361388,17.978079232176,17.2090174160476,16.4429966133355,15.6798992914316,14.9116843472274,14.1308396748842,13.376245872044,12.7079906663671,12.1573239344548,11.7141679994728,11.3785259244297,11.0926129100193,10.7741868619566,10.3750627449624,9.88134434269787,9.30436234957165,8.70512730401392,8.17124461226199,7.7439261439182,7.4164195224258,7.18444817695877,7.01987528232198,6.88799706004268,6.76949121190788,6.65592618099461,6.54942616836985,6.4470143285641,6.34780894077796,6.24943768094484,6.14775858154193,6.03487367466753,5.90554733945956,5.75143500421032,5.57134426930798,5.37482345846516,5.168310757432,4.96876972094556,4.79072256907361,4.64531431689483,4.53341851136905,4.45797267400544,4.4108905262638,4.38243435176067,4.36687100125507,4.36915241236746,4.39395412167767,4.4444534672431,4.51844976619719,4.60601679385148,4.67995627032345,4.71237646362637,4.70219114039453,4.65220825149921,4.58004374101977,4.48896819573483,4.37849089865166
"United Kingdom","GBR","Upper","Under-five Mortality Rate","Total",,,,,,,,,,,,,,,,,,,40.1664832338216,37.7733541412747,35.8695676996271,34.264086789019,32.7337814372994,31.3851819984395,30.2055676428011,29.2487550523265,28.5106000750752,27.933468041152,27.482544872385,27.0696602451347,26.6583694733421,26.1320273062481,25.4092814399884,24.6446760857582,23.8804832986062,23.2115500850342,22.6694176541667,22.2127973111132,21.8374619145056,21.4346358036787,20.9698495487624,20.4377331009455,19.7858836870086,19.0852131254195,18.3143316032778,17.5354381950112,16.7640204911581,15.9855132461398,15.21828405323,14.4093873460824,13.637888206472,12.9618499545176,12.389743591088,11.9454681198811,11.5974878490955,11.3105516877812,11.0005631038423,10.6010805114275,10.0986011665678,9.48729030065806,8.8697720008243,8.336741007769,7.89757383382385,7.5661702082415,7.32137869372499,7.15307892264184,7.02570034534176,6.90115123565022,6.7871851680012,6.6734706403695,6.56909913987022,6.47050213962989,6.36821602552345,6.26742560448307,6.15064919104633,6.0210959866329,5.86904270304472,5.68240961211596,5.48147265957575,5.26710491374653,5.06174711378377,4.88095481689962,4.73114008095024,4.62109396581297,4.54359083056509,4.49624626106675,4.46836574110833,4.44977961105956,4.45599048779161,4.47956817264199,4.53263624791214,4.61864618039874,4.76128260388148,4.93626098553455,5.11021903428767,5.2825990255167,5.43940928479694,5.57459230999789,5.68203471140132,5.76194519979705
"United States of America","USA","Lower","Under-five Mortality Rate","Total",,,,,,,,,,,,,,,,,,,37.1085114074459,36.5570470993139,35.8379873210903,34.9864902972207,34.0884291836437,33.2048315233283,32.4368334658898,31.7690054596584,31.1710097728214,30.6375139637387,30.1026631113073,29.5576890484097,29.004852888527,28.4297519019653,27.8699536650225,27.2726287369511,26.6488022948116,25.977391687942,25.2728494586998,24.5142002429754,23.71483965613,22.8788302095605,22.0121721942083,21.1179812715342,20.2363714751241,19.3464840627564,18.4785727343697,17.6273476365278,16.8192710961937,16.0645448279922,15.3604407802535,14.713652671345,14.1379459089355,13.6246591229412,13.1862992781113,12.8093372730899,12.4946978792317,12.2167224799491,11.9453190473271,11.6729457092834,11.3720521239442,11.0421435219212,10.6923402279475,10.3283541895207,9.96867339432416,9.61927567252108,9.30389077536769,9.0254072435355,8.78835941911107,8.5992713264848,8.4401104471283,8.31069441116624,8.19401163497978,8.09657098664936,8.0104012197961,7.92578740009499,7.83390531428096,7.72933932245896,7.60972573040969,7.4797669154829,7.34208834322191,7.20452628145041,7.07315216965345,6.94967271924941,6.84296912546466,6.74360328307939,6.65323955715304,6.5704329392525,6.4959747362333,6.42860547414428,6.379489360461,6.35657739654432,6.3504851028697,6.337211418888,6.2984971704191,6.20993870498193,6.03716518909562,5.76273291466626,5.46524786750749,5.15974353389722,4.84799552476073,4.54286720752242
"United States of America","USA","Median","Under-five Mortality Rate","Total",,,,,,,,,,,,,,,,,,,38.6580178005537,37.6224828639926,36.6134119245797,35.6234574430229,34.6728033059264,33.7906165481127,33.0036762559338,32.3185473068481,31.7057493398994,31.1441777542491,30.6053312154468,30.0560244679691,29.491959849362,28.9177195398057,28.3323589771341,27.7232874859387,27.0825930237313,26.4007279325057,25.6767391199924,24.9137637846375,24.1018214191411,23.2515979538988,22.3688561462159,21.4721476143003,20.5682790372139,19.6684218777524,18.7784880413592,17.9187677269675,17.0971063766023,16.3303650274632,15.6215460694148,14.972345675028,14.3845712430057,13.8620735563611,13.4143786540564,13.0315883591134,12.7039428068764,12.4158463334565,12.1444423141654,11.8675122431396,11.5673791983759,11.2343122428857,10.8750591619205,10.5021320396522,10.132219767783,9.78141682346848,9.46307694889261,9.18238339578871,8.94379360369275,8.74813726764021,8.5852462818105,8.44740447336224,8.32997885465578,8.23107612996532,8.14222119670228,8.05556778248213,7.96283376659027,7.85646319427065,7.73532694653821,7.59816971344435,7.45134652378144,7.30591063825749,7.16650617220722,7.0422600643856,6.93452710639178,6.83903491221447,6.75285479806709,6.67410969202736,6.6023192512897,6.53996017259774,6.49393778445327,6.46987056849818,6.46496759019063,6.4733187742378,6.48259227152789,6.47246274379297,6.42201998181586,6.33589664305073,6.22198619602253,6.09777643384183,5.95054216860639,5.79849645321216
"United States of America","USA","Upper","Under-five Mortality Rate","Total",,,,,,,,,,,,,,,,,,,40.3228369010857,38.7610265061662,37.4048759112181,36.2665518976086,35.2630295290922,34.371807106861,33.5581398248514,32.8577793971388,32.236543507971,31.6562304757976,31.1105951270793,30.5417929561704,29.9664978171313,29.3900865026848,28.7961856223949,28.1938340347112,27.5409248987066,26.8445726203772,26.1053451969385,25.3149866592556,24.5025244135727,23.6358869171464,22.7374872689934,21.8368050456038,20.9123515529307,20.0025939903432,19.0933186894402,18.2116470988527,17.3815021666894,16.5996985440052,15.879457961679,15.2169112618396,14.6204185855783,14.0987335612685,13.6401157713676,13.2515438389261,12.9142437737467,12.6202262548039,12.3541611617834,12.0771392479554,11.7802532326016,11.4421751725254,11.0697736461078,10.6830914258129,10.3002411245602,9.9415271104414,9.61831726865326,9.33406756053174,9.09552252431657,8.89445587454387,8.72803632563251,8.58643748168348,8.46684115097856,8.36592345681438,8.27403820028412,8.1899805703605,8.0989934519824,7.99411336166953,7.87097760306664,7.72159764914643,7.56247363308734,7.40570741072551,7.26093267935644,7.13472332499353,7.02429865967974,6.93410641541173,6.85318069383372,6.77939039137734,6.7103730453203,6.64898690986291,6.6060427467331,6.58098172859913,6.57989684716313,6.61267282224775,6.67075062386984,6.74732137619906,6.84317764330141,6.96536398796764,7.08969722367008,7.19238107561478,7.29839573062411,7.39364643034869
"Botswana","BWA","Lower","Under-five Mortality Rate","Total",,,,,,,,,,,,,,,,,,,,,,,,131.026525018038,138.757092964178,143.422077564389,144.134579218556,143.300024343697,141.587348174848,139.095306248009,136.9705605467,134.469700017673,132.120200380827,128.809983739004,125.688935539223,122.918843184526,119.794302428805,117.141162950092,113.863259972674,110.196434396402,106.035671563401,101.847043477796,97.2308200527129,92.2215373057521,86.9738094528238,81.6956562275561,76.7491735527005,71.9435125544748,67.278868305591,63.0193504008679,59.0971213438328,55.8983479469571,53.2968598149831,50.9246756971165,48.6660547905021,46.3274662520873,44.0819305259261,42.5004892775911,41.7231882441954,42.0666091286465,43.3485387690325,45.9617767379393,49.2701755583989,52.9968505858298,52.8237681732661,55.2093885563339,56.3372164685458,57.163481487433,58.0847849372158,58.5188415074467,58.2353103813968,58.4874934009492,59.3683790832832,59.0951732096208,54.4776039049715,49.1978720876251,46.6220371624106,45.4348998627963,43.1494953618285,41.7729160198181,41.9660469630204,38.0567381674193,33.900125023019,30.0194898459385,25.4622299253433,22.0357979497212,18.5670256391149,16.5986695432533,14.8092460370258,13.4660823888161,12.1113526669917,11.0451794874674,10.3114038689509,9.59121526948998,9.04151597925701,8.47128522224884,8.0069518451238,7.54373264249722,7.11608379634108,6.74689919084191
"Botswana","BWA","Median","Under-five Mortality Rate","Total",,,,,,,,,,,,,,,,,,,,,,,,201.44694581585,195.206062349981,188.927352668623,183.430991124572,178.323088242153,172.776400162221,167.760188554395,162.7003243159,158.234437461506,153.87624301346,149.515468734428,145.544815128822,141.92582381929,138.059522601159,133.930572748815,129.691509891613,125.323023450072,120.657672444547,115.941028864407,111.080524501066,105.827108084247,100.378281213347,94.7680451422634,88.9216957000417,83.3287666423954,78.118168483803,73.3288723762152,69.0406232099541,65.1533667619156,61.9089456958178,59.1289810862115,56.5895237203907,54.1619456907434,52.0877253689263,50.7047566261491,50.4873882194159,51.4697208559277,53.6062526077108,57.1150803779499,61.4622708450859,66.2367419258062,66.401877257628,70.3713997712628,73.438986669694,75.4162178409922,78.5127712182517,79.8400799999861,79.3029257702909,77.8741930725473,76.7368588600615,75.6745473203033,70.8280985802632,66.0153154970955,64.3325244760624,63.7478194722243,60.6149155332617,58.4235332627443,58.8208074659155,53.8662350293899,50.2998905217598,48.9668919834504,46.7255752588115,45.1353305079552,42.1222784949161,41.1708909829091,39.9787790651293,38.8832829923505,37.0691291479525,35.6672624836745,34.5706820193209,33.3114651319399,32.3056869120868,31.1513342023854,30.2070387708113,29.2862746867507,28.4538205149127,27.5028686634724
"Botswana","BWA","Upper","Under-five Mortality Rate","Total",,,,,,,,,,,,,,,,,,,,,,,,318.185528219589,278.682198745347,251.97200508747,234.183166507332,221.047944774675,211.397611711335,202.694612063117,194.457638747846,186.334013664629,178.954918430134,173.671901838486,168.949579751336,163.933241496805,158.746707376934,152.919120986964,147.269828460853,142.032487570824,136.456408030073,131.298468965965,126.388887075424,121.440711948144,116.017406643342,109.679168989316,103.054363855588,96.628186435285,90.7245011425326,85.2834557733725,80.3675521100395,76.1291654931634,72.2985532540258,69.0967749605862,66.1277423996228,63.777651858917,62.4379577992726,61.8341371231323,62.6389536359375,64.6055763461597,67.7822824950843,71.7674886688315,76.13510297063,80.7265740331669,81.954713035382,91.5295235956549,102.2721385403,110.934355879204,117.881418153866,118.150347124666,111.413535309367,102.507360789856,96.2861694513606,93.7536726563914,89.8425284152458,88.0426386751252,89.8542420932418,92.7479853035646,90.9348605422803,89.5126378550236,92.5360614104255,89.9704689689747,91.6113066400466,97.3424517206155,100.219006907005,104.412963676941,105.696259506974,108.9158418036,111.00616187352,112.794046449104,111.23437684485,110.066493046846,111.069121275725,110.953518694926,109.33321546595,108.677228860153,106.954059524266,104.195960367092,101.847879179071,101.314609996521
"Cameroon","CMR","Lower","Under-five Mortality Rate","Total",,,,,,,,,,,,,,,,,,,,,,,291.660672095023,286.559567230071,280.596112138091,273.569798598426,265.372028201838,258.061071876114,251.067923972623,245.532034581943,241.356051768523,237.908037297372,235.035882479077,231.766881181231,227.454404202364,222.248269892728,215.609911053631,208.302323709352,200.230140657136,192.526769454571,185.777847537742,180.913835233838,177.637522108394,175.912677962936,175.290901120583,174.646597781205,173.293031188355,171.196928308008,168.228482594132,164.506837090489,160.102065279508,155.150372855418,149.806038553669,144.225606992971,138.559794323608,133.730049487916,129.937809069325,127.601400014574,126.663765887481,127.335170547217,128.831786342583,130.681923249739,132.898749832108,134.785393381223,136.280113754285,137.033761219803,137.140984650862,136.52546868254,135.09582630767,132.920795208602,129.989053247829,126.693525972234,123.394857268755,119.993423058734,116.672949380703,113.263586662929,110.156184054227,106.785980902712,103.516304057458,99.4894079196083,95.4805732099163,91.225911624024,87.0712422605386,83.2291580074945,79.4091860865495,75.808356080965,71.8537855103836,67.805262082984,64.125032789683,60.2116642218403,56.4362566942184,52.8187684433947,49.1074277737161,46.0767077850406,43.0722662636307,40.4218209717026,37.9694293916862,35.4811412726822,33.3634845775855,31.4381110005115
"Cameroon","CMR","Median","Under-five Mortality Rate","Total",,,,,,,,,,,,,,,,,,,,,,,358.708319719752,345.802271767602,333.460173596621,321.635880582128,310.705391279414,300.350445117498,291.264425691129,283.36282304948,276.860815040845,271.264351579457,266.447643947597,261.384157057866,255.446931711194,248.454766225157,240.50488328014,231.755731336284,222.753133001024,214.163263661329,206.825502588004,201.016054902464,196.730442050372,193.991256086908,192.229550508404,190.935224053945,189.584234113355,187.494895739463,184.297608203979,180.027343615415,174.918674954097,168.979798996266,162.611198414935,156.241374687701,150.334078339929,145.057725902013,140.981298794279,138.366603359888,137.196471403935,137.433102177383,138.785699706623,140.880468847701,143.112565120816,145.370798597925,147.083504744442,148.169872282027,148.415296491292,147.796109559018,146.350960998943,143.926197917726,141.000783176583,137.603999778341,134.280782170777,130.881794293349,127.614725416628,124.197253156459,120.844257512546,117.211014344835,113.70823909016,109.453341952405,105.163529263862,100.790402451019,96.4567264404596,92.3591118537566,88.4996529205111,85.0798755294862,81.8696645604259,78.9252356930963,76.6216001094497,74.3543421357596,71.9217303572208,69.4258731636488,66.9760341433521,64.8378791901584,62.7948555384294,60.9210697923399,58.9573694598116,57.0394253815969,55.2840018545128,53.5645193769668
"Cameroon","CMR","Upper","Under-five Mortality Rate","Total",,,,,,,,,,,,,,,,,,,,,,,440.232254222873,414.610885737557,394.006762894206,376.592985185363,361.378052236723,348.036990482476,336.774743242086,326.048075866292,317.028208844747,308.902678954249,301.647724797082,294.889650746622,287.036356943618,278.169984310611,268.16352846259,257.707263201218,247.336101998209,237.412987807456,229.47046265101,222.732675252911,217.478281799251,213.929183957349,211.288585700956,209.526936650841,208.151067712429,205.685295399541,202.293701627368,197.520277159321,191.530167472696,184.632682802202,177.263509590927,170.055214302878,163.262313227762,157.498518667928,153.054830874469,150.033999153957,148.669932453208,148.768787186196,149.981814724835,152.046202824863,154.380995251831,156.955061199266,159.065904084594,160.476553045672,160.967386425734,160.522482077839,158.940051316541,156.34808728128,153.005213861182,149.500868418021,146.093256062171,142.671921578225,139.642315816307,136.276905380079,132.741045842732,128.956443600411,125.219423655441,120.652084383071,116.033968639385,111.321240748129,106.817229923499,102.797500643166,99.0602030302662,96.1109350872959,93.9071623178822,92.359594897883,91.7203287031762,91.3496113000914,90.9532198993872,90.1315721778074,89.6247306494574,89.7950624893515,89.7469468648691,89.3630587291951,89.8747157694746,90.2023420679515,90.1976380832694,90.1193699045378
"Central African Republic","CAF","Lower","Under-five Mortality Rate","Total",,,,,,,,,,,,,,,,,,,,,,,,,,,,,224.77892545862,223.22705808038,222.157368643196,220.527347344147,218.737055305587,216.236656742935,213.785263653194,211.193412198146,207.816739753309,204.515730107446,200.752951012909,197.506830828422,193.883396523101,190.532632693711,187.325424700103,184.263782303344,180.971573107751,177.873600781396,175.080362720955,172.435924402176,169.774268283746,167.430125811489,165.38098759357,163.798497377451,162.706070764879,161.909367788734,161.386071760741,160.971427963914,160.615048110108,160.341131857039,160.232001942263,160.071741924499,159.862509037007,159.574646021206,159.275907763668,158.625337854114,158.057781364549,157.157515592032,156.131792852354,154.28718717698,152.429024868102,149.898479972944,147.062822862988,143.768910378288,140.177967600472,136.59291902561,132.673360407358,128.202226056839,124.176445536561,120.285258653776,432.602656462574,132.582185289791,109.540334159349,106.092974314091,116.1778077282,160.737029677261,97.1465172407403,107.213793354631,129.932721960581,99.6306967362936,208.646615584552,100.092128196479,141.320200964936,327.997553289066,69.1808615955461,64.8443350595541,61.1737646906659,57.6424014847156,54.4016979358072,51.2768619228082,47.9696870713664,45.149152660973
"Central African Republic","CAF","Median","Under-five Mortality Rate","Total",,,,,,,,,,,,,,,,,,,,,,,,,,,,,290.594274769504,285.061865532771,279.535811054964,274.072503986437,268.52571193759,262.508853932072,256.690465924431,250.594429514368,244.563257926418,238.649770672126,233.167394064326,227.834089838495,222.822188598108,218.287392724439,214.02858689215,209.950630805081,206.185201925135,202.463115007381,198.89502530581,195.526321839639,192.404908326204,189.738021519562,187.284087091214,185.280335814206,183.640583675778,182.356004428164,181.365281805959,180.59850111255,180.007179321749,179.433817752062,179.043948913084,178.610244194788,178.097087241278,177.445352572554,176.714118801957,175.878122602928,175.002497277678,173.699053983495,172.099581039425,170.13852232533,167.98387151522,165.457867681709,162.486669333879,159.047119631176,155.590402786042,151.825308752156,147.910171740256,143.480960757692,139.312008593441,135.465913119195,489.290961311267,150.740632178403,125.090355723804,121.940492792421,134.211372264786,186.847163506313,113.706548131951,126.768881866546,155.207764928732,120.233071331939,254.691597697322,124.187852358338,178.700096791505,424.579201665498,92.6056815279805,89.7277827228626,87.0872603049829,84.5510429559728,81.9412286983799,79.2936173361825,76.8221137443925,74.3623242257454
"Central African Republic","CAF","Upper","Under-five Mortality Rate","Total",,,,,,,,,,,,,,,,,,,,,,,,,,,,,384.485913532519,370.822147346287,357.72463364439,345.478867157645,333.285299700065,321.583057960313,310.845059713422,300.43436563936,290.400834321776,281.346824875824,272.42739881161,264.3737314192,257.415343338181,250.858256433137,245.113333920621,239.830024116205,234.851315027698,230.312758152075,225.697682414671,221.49500497675,217.73071291388,214.30950198917,211.363262232821,208.801851936484,206.782065239219,205.004547897238,203.605223158066,202.385159031815,201.483368481061,200.812085357519,200.137924528172,199.213516423787,198.2744003106,197.041749989166,195.886741832133,194.520578098532,193.325927655179,191.705971235968,189.914440901731,188.276603379766,186.271359001835,184.10721329504,181.177967242341,177.807233340482,174.163524711012,169.743479051478,165.407764758055,160.313545271096,155.9265584673,152.210451613248,552.556373313823,171.122670854336,142.661273432014,139.760237581753,154.486187323821,216.486374150319,132.874511334478,149.442452494783,185.120184507291,145.02133117729,311.332166768102,154.727226953679,227.502463345257,553.130444091525,123.706807401971,123.053450767606,123.374482762755,123.313091082882,123.161260490278,123.546547185699,123.608850130377,122.932945380314
"Cote d Ivoire","CIV","Lower","Under-five Mortality Rate","Total",,,,,,,,,,,,,,,,,,,,,,,,,299.819680198097,296.496646470012,291.942437338687,287.117838439576,281.733264592166,276.199657182878,270.675232832273,265.350872439724,260.290918193142,255.040128390561,249.58661427045,244.237679007561,238.919870187007,233.37177729797,227.904808863416,221.972777640202,215.60534919383,208.849872531661,201.886386113972,194.426172446194,186.871156952673,179.532100786601,172.607005832325,166.123872901464,160.556534945562,155.954133561636,152.074400580795,148.716362306004,146.069489070252,144.273149316327,142.752926146753,141.721135535814,141.46601484738,141.555906984003,141.99150192482,142.454151721199,142.939908144482,143.350502332812,143.328493528037,142.828357658939,141.728647911399,140.297221694598,138.417273946233,136.069045525478,133.459082761959,130.411810291752,126.89163653001,123.302848062666,119.416664899651,115.683068437978,111.847607396306,108.177742034519,104.407665572346,100.054340180845,96.4337452291117,92.82061831211,89.6374068302191,86.5813099526073,83.2841742161105,79.9613252704182,76.9955083327432,74.2939776244981,71.6240844924667,68.5231445393124,65.3406088100131,62.4910172342672,59.7129544986238,56.6457237932272,53.7092026360396,50.5528254099347,47.7993764737141,44.9665577501305,42.1790101235966,39.6561386783576,37.0708993700127,34.702076196452
"Cote d Ivoire","CIV","Median","Under-five Mortality Rate","Total",,,,,,,,,,,,,,,,,,,,,,,,,361.963011690008,353.011052921094,344.496978556571,335.962832597646,327.583320285381,319.301332735171,311.205693944987,303.518023632096,295.796206288817,288.339262237462,281.084923991313,274.005479949018,266.938220809765,259.93101978079,252.776343598752,245.573415057896,238.052440836631,230.074968328268,221.75999053516,213.201877471113,204.501465805801,196.155051695814,188.352096536614,181.293451021129,175.130192290319,169.962780012382,165.472207481752,161.806444002212,158.818398352746,156.460368446058,154.744888839324,153.581921234173,152.934457618369,152.859209571326,153.194630562875,153.648054597752,154.050037488437,154.200477096334,154.066617566329,153.466360709106,152.434464105527,150.926723476542,148.905879416362,146.362926148447,143.587789903085,140.435093227129,136.910751954744,133.13875739116,129.227325200665,125.283414242147,121.185991168464,117.385613267817,113.531967882878,108.98781227946,105.209883013661,101.574223919733,98.4340311546622,95.3453627452649,91.9971489599895,88.619755202886,85.4823544028228,82.9817638483916,80.5291592957843,77.8963298034264,75.2996540943492,73.0413651557674,70.8010280043287,68.6941392520608,66.5433459864149,64.471332067145,62.4137170277585,60.4881519492288,58.586734834467,56.7559821413237,54.930935215466,53.1023890356941
"Cote d Ivoire","CIV","Upper","Under-five Mortality Rate","Total",,,,,,,,,,,,,,,,,,,,,,,,,438.794511340687,422.172337051985,407.527847715397,394.133114292743,381.223432121784,368.450209474142,356.94909467317,346.04436786559,335.762768583928,325.714156314118,316.169787703539,306.778086934489,297.697206115718,288.845798930728,280.142313904415,271.528511046775,262.846404638193,253.745666336787,243.927992756655,233.88131608497,224.010043912424,214.666342071987,205.962811876529,197.829054932151,190.849916399185,185.419545244041,180.522557562008,176.431979388758,173.009022313269,170.252549315968,168.195563323346,166.735891649351,165.813727511428,165.568583939446,165.72961819617,165.965690376688,166.332110681275,166.38889771594,166.101138782247,165.445834798179,164.418625318372,162.883160914949,160.724415644332,158.140326515612,155.180841934461,151.959545677229,148.327858393498,144.253439349754,140.128201899125,135.890433608021,131.620158332321,127.53221485354,123.399370801486,118.609892154402,114.687815910837,110.91838343939,107.716281050866,104.679629645807,101.310275680823,97.8969587853322,94.9766331384798,92.6382393618794,90.7082814963975,88.5982758812027,86.794007405935,85.4989447068672,84.1924021501334,83.0752008032837,82.3835347173287,81.753605303102,81.3947823406144,81.532435464853,81.3556273490708,81.6020144856524,81.5476315378171,81.3815803492767
"Gabon","GAB","Lower","Under-five Mortality Rate","Total",,,,,,,,,,,,,,281.965354311693,281.387784462146,279.572717358982,276.617984570134,272.685805430273,267.65802152327,261.522900558979,254.085311421143,246.242090636606,238.482613463115,230.087182554078,221.485029989275,212.921818365433,204.719574440493,196.998172279286,189.678454887516,183.041856244296,175.751228439949,169.278026947936,163.103338439703,157.21560106319,151.448892472059,146.315329344182,141.281625315574,136.71045001992,132.152348175385,127.837106863026,123.987348874845,120.338180249151,116.651739973962,113.128954895065,109.845021985662,106.668150654992,103.445327061778,100.34863118222,97.2923110127661,94.4263888104744,91.4132520329247,88.4820994582981,85.8580779320584,83.2025893402489,80.951417983179,78.9024440287958,76.9652067722592,75.3358615547939,73.9369428447902,72.8179661264889,71.931708583605,71.2419035625641,70.5481931285865,70.0197831478915,69.5126111544792,68.8920347705103,68.2338859295049,67.2865992448924,66.1352977337872,64.761294798039,63.0703693228479,61.3606580509094,59.4721984500711,57.5508003624525,55.6740584867523,54.0343231977158,52.2293859204743,50.3476799551562,48.5478486141614,46.4583347459904,44.5076025457748,42.523070092111,40.4639409589033,38.8058174213152,37.1631976930764,35.3718114710802,33.8404505127713,32.2377369123019,30.5194665543146,28.5823125146628,26.9887223409257,25.4589376342625,24.100820856526,22.5045131941112,21.2301485786197,19.957684275694,18.7977071733364,17.7231014002359,16.6993280409876,15.7661894024066
"Gabon","GAB","Median","Under-five Mortality Rate","Total",,,,,,,,,,,,,,357.965410028245,347.278688735515,337.036248002079,327.311074809903,317.920361645707,308.646415971116,299.632883197954,290.826005209928,282.218981063744,273.45031308481,265.135966405684,257.093754292284,248.877025393209,240.886321985888,233.344518612852,225.82308315866,218.763376643605,211.597186705156,204.683704524432,197.996430843733,191.494961198709,185.183900310016,179.244413166462,173.419503827595,167.690612330785,162.151953101229,156.901803522506,151.802147420199,146.72110703528,141.883272084175,137.024528628636,132.461794097548,128.004639065804,123.688692858136,119.4561535419,115.313938402418,111.488316904876,107.680591179737,104.039840519659,100.62659798346,97.4664504103638,94.6698734833933,92.0433239664755,89.6414009480597,87.6412140791399,85.8574034171367,84.2673575415775,82.9055351558672,81.7892575312619,80.7976052283177,79.9373148770101,79.1860522687516,78.3473890254732,77.4012552442372,76.2580469131636,74.8601791599515,73.2616335996967,71.466356372726,69.6267739904934,67.6610744527947,65.606321396391,63.5890171393725,61.773167527283,59.6702009297338,57.5793259541352,55.5662739407286,53.3734500875187,51.3441741301987,49.3690846381758,47.3253983648121,45.7837847739343,44.3724257614702,42.7466500223909,41.3981234962001,39.9390756647433,38.4618286977889,36.7786433253844,35.8083286062042,34.6721286194129,33.7822953189997,32.6268686709949,31.7132468219418,30.7942988102008,29.8837303108547,29.0927605570377,28.3004768114571,27.6403259647542
"Gabon","GAB","Upper","Under-five Mortality Rate","Total",,,,,,,,,,,,,,446.379959808386,424.114837897134,404.840489168836,386.667590814689,370.510178012896,356.22344437036,344.212854898858,333.457610836162,324.551186868986,317.006868910222,310.070520488414,303.047576835212,297.348397984698,290.914519366501,284.957277686002,278.887404755974,272.506721279215,266.824517393256,260.355025496975,253.059392419741,246.308553096935,239.7198774259,232.426867694794,224.628129350119,216.544924239332,208.601520647504,201.161961244993,192.870187480414,184.982462842381,177.175420818442,169.945330393277,162.829875766638,155.829888647139,149.274326579183,142.740677698119,136.937498667016,131.841449540843,126.618035562752,121.948825960686,117.7263001572,113.55289596047,109.903231522096,106.656628296877,103.632747831303,101.03685819683,98.8678992194725,96.9628759134776,95.3544466275401,93.9740936257818,92.8446332183345,91.775612009979,90.8691145726883,89.6074089709255,88.2409689327808,86.8257617467911,85.1606266468214,83.1685119387994,81.0739043589633,78.93365834054,76.757955451828,74.3180925238849,72.0854585006399,70.1242566116429,67.862113302351,65.6378397221214,63.4495416222679,61.1165174539641,59.1153265808733,57.2475453133318,55.4618509465728,54.2978063457833,53.5443058040767,52.5318247960722,51.9969163197968,51.2146499915893,50.2884240535062,49.2625651383429,49.1569243137688,49.0706143089855,49.1297664864195,48.8920705182845,48.8800153674783,49.0794866908458,49.0273972172559,49.0781466747015,48.9368142607322,48.6480940278451
"Kenya","KEN","Lower","Under-five Mortality Rate","Total",,,,,,,,,,,,,,,,,,,,,,255.479619830522,245.741278618282,235.898191519706,225.703382782851,215.600570712689,205.627841152009,196.360584495428,187.864598957885,180.185324843217,173.576186493314,167.62196325532,162.625494524026,158.121345012129,154.588850095105,151.655238473855,148.810922943035,146.178967179602,143.125878895083,140.057703521298,136.752414785346,133.34141897421,129.754330689148,125.925664360779,122.130023257294,118.10571578798,114.040765725093,109.956989711893,105.997017025492,102.38308004454,98.7513635613041,95.6643188848197,92.8495315403102,90.7011242202429,89.2501499181341,88.5893197162184,88.6785200933092,89.8584180944238,91.9177533407866,94.5438616832085,97.4494292394906,99.910631136383,101.822054909761,102.60234730583,102.222731816647,100.983897362432,98.9018877478807,96.0411262470883,92.568111835111,88.4800671627943,84.0799214636097,79.3877218198876,74.7616268533345,70.1203356203525,65.3936807185521,61.1545086844694,57.5136550860751,53.0314248620779,50.5436708083074,48.6901452942157,47.301095886474,46.3402731908056,45.1383948701466,44.0143918021766,42.6020440629926,41.344291461888,40.5898999905981,39.5297496992432,38.3751953805835,37.3482470745308,36.107026724937,34.6914127116152,33.0890006392543,31.6640602492245,29.9375145440667,28.1804175491909,26.4952917757729,24.8708016565626,23.4075644293569,21.9318625431941
"Kenya","KEN","Median","Under-five Mortality Rate","Total",,,,,,,,,,,,,,,,,,,,,,300.241650030885,283.619094373252,267.877143832695,253.504342041948,240.039257002327,227.750537557763,216.567568885385,206.414541409248,197.210856185236,189.073879313949,181.953922054733,175.83665276161,170.707134814913,166.587511026855,163.188999339625,160.006564172827,156.842787258345,153.568710988537,150.221703301133,146.753276025541,143.155541820106,139.280688229869,135.168557001108,130.988095027271,126.616111029545,122.210993762852,117.790168356032,113.541516906099,109.65651187944,105.96774689823,102.71308786601,99.8335804526522,97.4769020729848,95.8504080949994,95.0804849126308,95.2147450872398,96.4442684373474,98.5903099641944,101.405275724281,104.414756017636,107.096309207924,108.984266827407,109.73434145436,109.331831625506,108.00763033018,105.885521311813,102.994071756244,99.4654927063162,95.1924314854561,90.5210485551854,85.6429100914994,80.8348054491132,76.0986975845741,71.1950081510042,66.8490613687806,62.9070174115926,57.9710513364059,55.1950328672191,53.1431571286458,51.6712701617331,50.6640407717839,49.441511434197,48.2829488390016,46.7863148455816,45.4617909232215,44.7229595487061,43.6767751864687,42.7081113843593,42.0949258488572,41.2970168549546,40.5444868307221,39.6248653186726,38.8478101451668,37.9264103607296,36.9657981530083,35.9719324506665,34.9249867500984,33.9283594228133,32.9034639778476
"Kenya","KEN","Upper","Under-five Mortality Rate","Total",,,,,,,,,,,,,,,,,,,,,,353.850713948233,327.967438218954,304.952568442812,285.300283270393,267.526187660425,252.691513886378,239.142838852419,227.01199249708,215.838996887403,206.048472729749,197.630950928874,190.650846296254,184.636565493063,179.825232109395,175.627535886327,171.995179334389,168.468448224292,164.970610457035,161.341985487127,157.5172425815,153.569277585376,149.405107703271,145.138370949549,140.598160810598,135.928127467524,131.093106984165,126.280104232377,121.719638507921,117.592340489178,113.810573908368,110.391802434145,107.336343537775,104.794144007914,102.936012569527,102.07582204186,102.131917653364,103.292157434526,105.556304190891,108.512170650952,111.692113919624,114.606700745477,116.604624384193,117.410185539512,117.069418088791,115.598277464638,113.505065730411,110.616452153793,106.968340426019,102.538723045682,97.4680329428414,92.1443643689731,87.0860169248624,82.258046659616,77.2340183423191,72.6704607642065,68.5090856904731,63.1644121562415,60.1625301781333,57.9473697713154,56.4385906181381,55.4969204547564,54.3396330183645,53.1147048461698,51.544208790775,50.2742724652546,49.5520416424737,48.5939985348294,47.8848623203936,47.7312889156489,47.5171763111194,47.4848311725148,47.4766103251272,47.6434511301657,47.8193924827198,48.0621376971637,48.1211535976309,48.373125820569,48.5658258448686,48.3987186472416
"Lesotho","LSO","Lower","Under-five Mortality Rate","Total",,,,,,,,,,,,,,,,,,,,,,192.564879372679,191.092872967757,189.325497981113,185.91610864985,182.318116442628,178.17996391215,174.215721043534,171.131374484683,169.242562239871,168.800214901226,169.243379742653,170.391809426925,171.396650075328,171.627103193401,170.821968417926,169.234266072647,166.605097453357,163.215898266443,159.310844708,155.588418253416,151.797005069083,147.981890282171,143.480131319778,138.672621528924,133.237362441708,127.405672806128,121.236635811769,114.895537202005,108.753408985995,103.136840764419,97.8550560028139,93.2583290459684,89.1638791513134,85.73848140085,82.7061891097403,80.339559085619,78.3389560208552,76.7715523439549,76.0712544307541,76.2138780362363,77.4682598449484,79.7816102484228,83.0639185496614,87.0212424193722,90.5963095085201,93.4812037181816,95.4612525941875,97.2546416954159,99.2405472840304,101.12999926426,102.528519824896,103.494707360968,104.040199232085,104.74033818402,104.589701717462,101.79726182594,101.254821092073,89.7337848270101,82.0701432386052,76.7117953610152,73.2038778871948,71.2590165307063,69.7863686895417,67.4059796180151,63.3958333226988,61.4485933436362,59.1392925139999,57.0485468754017,53.8374822939852,50.0547662675764,46.8667279402167,44.7311412222875,42.3061534326992,39.824095827028,37.5284909981363,35.5254799177377,33.6500768519253,31.9466423303328,30.1452022163285
"Lesotho","LSO","Median","Under-five Mortality Rate","Total",,,,,,,,,,,,,,,,,,,,,,232.562799093836,224.158388868742,216.24108417564,208.555221152857,201.343525591094,195.450609419583,190.761715363112,187.48636452994,185.331954181685,184.312638423449,184.354357243544,185.056318802424,185.860837070046,186.216741011017,185.811014057583,184.49533548015,182.228645383902,179.235579941913,175.538934173099,171.557020065002,167.621436203112,163.331221757259,158.659388688212,153.316404220177,147.35169128093,141.092280154588,134.84906641183,128.564131091703,122.40819114241,116.396408870888,110.713873962358,105.660769987659,101.116437482555,96.9153933437304,93.3287425663007,90.2325244226805,87.6945357149087,85.7156102645792,84.5287329003762,84.3722126293879,85.3797093417382,87.6433808098579,91.056184968594,95.0848745736239,98.9000356486605,102.062041446809,104.242307754764,106.285594298615,108.299227056109,110.316415289645,112.087103761306,113.230674408124,113.872373948547,114.634674857619,114.671956152124,111.859636662101,111.616309258707,99.0679612885161,90.8737782625561,85.1966344521334,81.3591952031408,79.263958632339,77.5990437761402,75.1128610445185,71.3903943407601,70.1006427365294,68.8177475146124,68.1140516487506,66.2691638812362,64.0124200308288,62.0399404572646,61.3121534202979,59.9572488383015,58.2851973267977,56.6797559117411,55.1861243959954,53.6697150060111,52.0527063854557,50.6190372827584
"Lesotho","LSO","Upper","Under-five Mortality Rate","Total",,,,,,,,,,,,,,,,,,,,,,290.979347725512,268.192693660255,250.13990758913,235.866229120047,224.923035296925,215.558827057755,208.664111457323,204.068671961563,201.436188911303,200.304350476478,200.112373597058,200.692188124513,201.531576624629,202.205611185878,202.357516612489,201.475633179564,199.633674445502,197.044930858869,193.6658856798,189.653963483221,185.341196405179,180.901345272282,175.468754360757,169.690910718886,163.432302367206,157.254320588557,150.650947544219,144.19488672095,137.464284049126,131.241114085693,125.199628405821,119.55451938092,114.315947831433,109.420330111872,104.936021003887,101.267217382011,98.0944022632378,95.6824038154647,94.070425784265,93.7230746451581,94.360174787996,96.3881591054108,99.6818057947081,103.848415653009,108.005413219982,111.6022245262,114.153866232315,116.440202031181,118.539995972236,120.707450853515,122.39358609301,123.55015645886,124.264718810045,125.282281042975,125.870815825315,123.083238200366,123.192842686809,109.696747329822,100.97936637276,94.962746916036,90.7696837619968,88.4451441689819,86.8888225799133,84.4067910362217,80.6330626564482,79.981971993596,80.0891897105504,80.9089007829416,81.1625348958763,80.7111017744282,80.7157243128454,82.4516691740071,82.9422900053031,83.3440208652413,83.6834796764744,84.1377524683257,84.373350045555,84.7505774278101,85.0047111210717
"Malawi","MWI","Lower","Under-five Mortality Rate","Total",,,,,,,,,,,,,,,,,,,,,,,,,,,,,,,278.989539750476,286.067932499685,291.140297203735,295.91166274084,299.988807734887,304.163927915091,307.902609847253,311.379102087327,312.709603980863,311.656656520004,308.221581070321,302.468365820321,295.844158933383,289.057900044892,281.131537809128,273.222011912866,264.95822072431,255.885270096976,247.03917352161,238.989367332094,232.976267802054,229.48967717908,229.168181490827,231.940346439518,235.368273185668,237.993497927076,238.83762323061,237.631409772065,234.279434939454,229.005757086836,222.646604451605,215.379478265025,208.456575945001,202.066094964051,195.180467276535,190.525750458824,186.101224928192,180.054704467398,171.428571481707,160.365359987521,223.919702582627,134.165216855479,121.510427791608,110.780666117014,102.133571559289,95.7744448646434,90.3008751565144,84.427784453747,78.9697908312335,74.1619974950992,68.3715207264262,62.4443600256876,57.3009582297485,54.2406834718367,51.2530846152723,49.2612892317831,46.9171605914503,44.8862483195296,43.8189932389628,42.5345858285037,41.2629386199349,40.221992068393,38.5719087245074,36.5664391145447,34.607407924247,32.7141465431891,30.7566476042325,28.7627506918347,27.009567936571,25.279071537535
"Malawi","MWI","Median","Under-five Mortality Rate","Total",,,,,,,,,,,,,,,,,,,,,,,,,,,,,,,358.468237602853,356.8622203004,355.277129673978,353.491470474039,352.400122382968,350.634674335718,349.022435539269,347.029320285727,345.109876298806,341.706892173656,336.590544559898,330.071931107043,322.423475641926,313.714694988776,304.452594605364,294.983872096659,285.255570201769,275.334253455211,265.420557360242,256.903495573037,250.171217630306,246.195982472821,245.463060348091,247.701423488957,251.202310398568,254.013883180114,254.710009930551,253.2419806203,249.274682190662,243.483922186145,236.497645798473,228.751086626168,221.481640959634,214.705617871439,207.73047124536,202.557785497291,197.534904092081,191.167912659642,182.290718213969,170.984425434164,238.99345463641,143.24276903845,130.007806581783,118.748602455559,109.686588624471,102.726080488589,96.8984556543118,91.0459467433391,85.3468046775058,80.1306339610071,74.019626915761,67.8828480900788,62.8586822995853,60.034010232756,57.3939491098124,55.8271802126769,53.8020320415328,52.0266274244189,51.2938479303391,50.4241467507674,49.9787308562768,50.0865127758908,49.6349790948417,48.7827316524982,47.977800886057,46.9570560310079,45.7528577765057,44.5057913587746,43.3409056897031,42.1625688546641
"Malawi","MWI","Upper","Under-five Mortality Rate","Total",,,,,,,,,,,,,,,,,,,,,,,,,,,,,,,460.607969969712,445.841948642552,433.187022077143,422.896416170071,413.766706535042,404.301019535968,397.108789179357,389.515593297098,382.550954649366,375.761223005583,368.729201750659,361.202495285096,351.799620005229,341.043388416246,330.14838189098,318.967656190597,307.821435600811,296.713824627932,285.749162853579,276.68452965342,269.314070037347,264.731310118438,263.470439766634,265.302976858779,268.724571017085,271.504172348805,271.987564382554,269.937360511173,265.430464678032,259.188064567023,251.595515720444,243.020346732228,235.566170236307,228.431303990564,221.075998694644,215.440440909956,209.923361284479,203.443374933369,194.061932310664,182.242442336593,254.628455070401,152.661882740932,138.878793635624,127.29280460374,117.662888101498,110.058494869057,104.092191940952,98.4395168339053,92.5727336223638,87.1887573431394,80.4683450207723,73.9446958884263,68.8804851815113,66.3088279859228,63.924945982004,62.8632485286586,61.2543677748157,59.929230566974,59.6837965943666,59.5512207817044,60.2843121142698,62.2404524386798,64.0150276584767,65.4910052399888,67.226425844987,68.4677303836964,69.7636990507092,70.8094863545454,71.7104751513829,71.8590599470569
"Mozambique","MOZ","Lower","Under-five Mortality Rate","Total",,,,,,,,,,,,,,,,,,,,,,,,,,,,,,,,,191.329500712705,196.984093662892,202.816998993823,207.499724480787,211.713857222612,215.843009907225,219.211104440394,221.398613795428,223.233809416216,224.286712513006,225.269861823582,225.840391080679,226.617936515324,227.602952881505,228.615898699996,229.918335786669,231.26999454235,232.275162706431,275.891303651075,232.893860119749,231.470689900387,229.695824108474,227.464967415558,225.01404342639,222.743335054203,220.313129983152,217.945202247297,215.416072552748,212.627598156817,209.337275559942,205.443280171868,200.107315461182,194.232739018581,187.01457228176,178.79832628724,169.91740061759,160.938034374322,152.148056137698,143.844275987349,136.074153276405,128.900490943666,122.036977454124,115.739012801017,109.270123540147,101.756578115721,95.7736821076375,90.0709241887158,87.380441490875,83.1031147049548,78.7083558947129,75.2489702471496,72.0074201516173,68.117875778051,65.4405500418068,63.8381554470181,61.7413692968,59.7419209150713,57.911090427292,55.202339878827,52.7019768528724,49.4472765329346,46.3113527018822,43.966360814622,41.572325255655,39.078151952653,36.8743340771474,34.6857526960021,32.6482517638647
"Mozambique","MOZ","Median","Under-five Mortality Rate","Total",,,,,,,,,,,,,,,,,,,,,,,,,,,,,,,,,269.60042872854,270.969628995809,272.090003350146,273.255403499212,274.08445981065,274.131190816255,273.603465564562,273.287426321874,272.714904309409,271.450054245526,270.065153407582,268.647220109836,267.019042449955,265.703622737258,264.512631790408,263.586249141457,262.719636918117,262.204355681659,309.415081476555,260.185786310009,257.923514888622,254.717969697153,251.355317034858,247.815483712901,244.445368251023,241.285059929648,238.146461629105,235.054936548115,231.756382680774,227.921699249864,223.125005806533,217.147422512826,210.585367920728,202.462559422227,193.647004072634,183.918712764406,174.080836002347,164.620952364678,155.73963394985,147.459273552944,139.768468235553,132.539296695402,125.74704883511,118.771397146868,110.673424503047,104.393714127787,98.2692519755913,95.6198802500808,91.1344107059059,86.4750551724983,82.9002591679162,79.7138281931561,75.8066145538534,73.2635736227917,71.9671354615627,70.1521430830678,68.607696374709,67.5654552049307,65.5233469282418,63.9277148718714,61.6510879640598,59.4183251290932,57.9855335440928,56.6071911733057,55.0391137833813,53.5667906230837,52.2782010127532,50.8541765532644
"Mozambique","MOZ","Upper","Under-five Mortality Rate","Total",,,,,,,,,,,,,,,,,,,,,,,,,,,,,,,,,376.581888189675,368.962722335721,362.271263428844,357.02995676896,352.84510545847,348.233463802525,343.856069810534,339.355348825072,333.813185087006,329.456316465672,324.995518987777,320.582945919163,315.591947964482,310.893478377987,306.605731360004,302.289694361222,298.873082293701,296.018106447244,347.642190402723,291.014974644102,287.578587095149,283.430803543439,278.352398816435,273.381596775833,268.508148627492,264.21610625013,260.299390967485,256.520638535225,252.935758595706,248.287995402868,242.727924967891,236.013478981238,228.557333814882,219.872539245489,209.997551883769,198.962167069076,188.359217038079,178.000726096025,168.43704486976,159.645213219572,151.279429760338,143.623072654216,136.343602551572,128.923193903864,120.384750829088,113.562808779884,107.049331384932,104.2775217658,99.6789693231088,94.9981599929239,91.3360006199735,88.3791035015165,84.5187771638734,82.2333659603141,81.3461385848307,79.8761247563689,79.1123569907171,79.2155463668546,78.316905197056,78.2667907985735,77.1177759028096,76.2561982117029,76.7646943913407,76.9842763704542,77.3833455585772,77.5581956666061,77.528900387062,77.7321088083058
"Namibia","NAM","Lower","Under-five Mortality Rate","Total",,,,,,,,,,,,,,,,,,,,,,,,,,,,,,,,,,,,,71.536316582568,74.9061348493911,77.3433701712673,78.9981067528939,80.2807920640293,81.1858134871219,82.5618362943026,83.8296849054658,85.2040049753821,86.5919990802339,88.2852173502643,89.746750104965,90.4110163656438,90.3130016810087,89.1860918687816,87.2443226380423,84.7554209546307,81.6458758210924,78.3334588315885,75.1965895795896,72.2207010482819,69.8764942680744,67.6342913259711,66.1107738403955,64.72338074529,63.6775056068061,63.1203210808402,63.0057091824655,63.5792614639722,64.6829753298773,66.2010938391252,67.5288168715981,68.5148716728604,68.794124805346,68.2175263245772,67.0920267165908,66.3268939397973,65.3341111258748,62.4802509142658,57.8478426891141,53.9197621404991,49.6691036171186,45.3895720068286,42.4221825645092,41.5177375429929,43.0814439428368,40.9965145874252,39.7706761947109,40.8574594160275,40.5221916660832,39.322524853293,38.7600194199369,37.6385733095441,36.7728599576643,35.8363605889781,34.4567095686711,33.1452349220887,30.456135796868,27.8653223830988,25.6889212424754,23.7709868360414,22.0400638134204,20.5762578867704,19.1736496195238
"Namibia","NAM","Median","Under-five Mortality Rate","Total",,,,,,,,,,,,,,,,,,,,,,,,,,,,,,,,,,,,,96.3376753782854,96.4733501579777,96.6782776388515,96.9912299717512,97.2834486894005,97.7137596047035,98.2408581588485,98.8818466962346,99.889757768085,101.015615224973,102.128186522627,102.908022643188,103.132539845922,102.652197752653,101.099843862022,98.7801151750755,95.7138900548438,92.0877128687308,88.1190577825039,84.3420609017457,80.8960212753632,77.99419187017,75.4438830171155,73.5820482843918,72.266425656631,71.4845819450299,71.2022344150369,71.6167255859377,72.6356090755352,74.0123603732751,75.6321633793082,77.0357147764967,78.0642405860869,78.239125415528,77.5867042664173,76.5556787922345,75.557299491185,74.3835361600638,70.9818017570793,65.9723709907358,61.9647096085422,57.4962727784019,53.243990930777,50.2817269711759,49.9743784379438,52.5690162084179,50.7952346915119,49.9563961715346,51.8264834714575,51.3961530724525,49.7557915019481,48.4765566801151,46.5654236149715,44.7796848163822,43.2199060963021,41.5845565573464,41.0691352832714,39.4611324259644,38.2712804008266,37.2366510481705,36.1607821741434,35.1559457299111,34.122776337227,33.1368112146695
"Namibia","NAM","Upper","Under-five Mortality Rate","Total",,,,,,,,,,,,,,,,,,,,,,,,,,,,,,,,,,,,,129.818735130169,124.557641011043,121.420518513443,119.506728102331,117.932037720094,117.431259631899,116.910010372034,116.867728795994,116.97317366761,117.440106852861,117.60713131437,117.752151382178,117.619601927002,116.555083125273,114.712425889647,111.76066940841,107.77977904375,103.477035335488,98.9256999922765,94.5100822941139,90.3569191414578,86.8686627448981,84.0526087208248,82.0679812516676,80.6275483744272,80.1675115418955,80.3872417526764,81.4723907852354,82.8843860636431,84.7596132351111,86.6942028577871,88.3912702590188,89.3311855906212,89.4523215219455,88.6467975036678,87.5806825038039,86.4788220035185,84.9547153594497,80.9173608660234,75.2700218169117,71.3121732540179,66.879197791279,62.8234692572464,60.21860118491,60.307151479634,63.8721057829977,61.9391669442612,60.7025700023398,62.5701175376259,62.1390586627784,60.7723497132394,60.1086460383398,58.4409597671514,57.0493662269155,56.2326203649962,55.9226302035705,57.5581344682183,57.8392733110869,58.6037373181954,59.4944544217532,59.9019739726043,60.042450404157,60.3168212242904,60.3984124833764
"Rwanda","RWA","Lower","Under-five Mortality Rate","Total",,,,,,,,,,,,,,,,,,,,,,,,,,192.650438997535,198.594763007555,200.38179375867,197.304506511735,192.721298199306,188.951164856732,186.811807205975,185.885524740614,186.584438501642,187.74328393228,189.699813911772,192.302731114234,195.242230302667,198.848045706849,202.670345878693,206.205358436207,210.094348287526,214.878274827799,221.124332242482,227.232991048294,232.264408042621,232.945485588976,228.17294769607,217.735341931379,203.07602976672,187.816813898781,173.13027304555,161.896058117193,154.74723150686,149.590564922005,144.929623885008,141.014450802749,138.111225469348,137.459517650997,140.712491623538,150.103982361397,164.484372244198,180.139787548194,363.589517514949,204.345756375114,208.377026831638,207.61924278503,200.23608994084,187.834306973905,172.095399894053,155.195325773331,138.537171542639,122.980531555331,108.720927864573,96.0982945713428,85.5755421427748,76.7770988803967,69.0141954637528,62.5610064232351,56.7386388535567,51.2741822350995,47.1406156864671,43.9141999817685,41.5317619025092,39.5515466751064,38.098458719934,36.9264185859863,35.9053849562102,35.2321903096213,34.3219626706311,33.0567517784237,31.2168044338438,28.994378092126,26.6767885173562,24.6915119470173,22.6855619290839,20.8418879165375,19.3125631222378,17.8997060197854,16.5757086097278
"Rwanda","RWA","Median","Under-five Mortality Rate","Total",,,,,,,,,,,,,,,,,,,,,,,,,,245.483996984067,238.000650516419,230.799351525434,223.94895404671,217.668682910662,212.987363765525,209.583295375822,207.625272050294,206.988716365118,207.437696338249,208.770811220455,210.957891387155,213.58208187665,216.806062996471,220.282145223882,223.985364697931,227.842772615816,232.997554947794,239.014755586447,245.415092206266,250.180071001169,251.290674391217,246.220985424992,234.595487274894,218.964319972839,202.000095933452,186.580310506912,174.543408578134,166.610976796293,160.927713261072,155.73018800489,151.263528271049,148.062821596036,147.299232844514,150.709696875939,160.397580329104,175.636718122475,192.816957907642,388.954389405893,218.427873852964,222.342778473144,221.444430062609,213.873021870136,200.585913477695,184.158111363021,166.51378663123,149.091253978856,132.690762310541,117.548260059302,104.469112120624,93.3676103779496,84.1093488500845,76.0304972686832,69.1181262306295,63.261204875449,58.0787636068264,54.2437666790573,51.4186628377436,49.1731627584274,47.297747475403,45.7949697923589,44.6932864910337,43.682221573058,42.6613820211005,41.5780891941825,40.5813660223506,39.6543074223434,38.8091079994808,37.7365445998216,36.7180262009705,35.7267218564134,34.7732154418521,33.7957005451826,32.840914894455,31.8182266048114
"Rwanda","RWA","Upper","Under-five Mortality Rate","Total",,,,,,,,,,,,,,,,,,,,,,,,,,320.055023381422,290.004736282838,269.43873756276,255.848678731403,246.8368750119,240.983629821374,236.880699337061,233.365989341554,230.321553679608,229.54172325152,230.124708781286,231.691349905156,233.901294577352,237.029969600628,240.631744953631,244.08956437339,247.801036347683,253.077337463901,258.904576262739,265.236718641881,270.181423232429,271.780738988388,266.95568923922,253.797669937858,236.213928562794,217.743661457199,201.114713376455,188.257780412443,179.525360860032,173.47599049607,167.585788118894,162.054101389499,158.561086019778,157.596718747253,161.298113395227,171.456620377632,187.80848026003,206.72595055559,416.64582809072,233.774738391621,237.590885523386,236.623469922953,228.483090623207,214.330284569594,197.199311226613,178.650018976483,160.381225284733,143.36850121146,127.141916152219,113.179566164449,101.648168042324,92.0648213047396,83.5617612985222,76.3574974506925,70.4812334424248,65.4580589922904,62.3407467159869,59.934704031307,57.8520453369677,56.1587785091025,54.9124425643801,53.8094263766807,52.9618585771152,51.8185677215469,50.7392434553315,49.8490242868574,50.4174896440309,51.6418370432108,53.2274729543606,55.0967615781488,56.6127728152473,58.190365928452,59.3305337965783,60.0911571059542,60.970918346482
"South Africa","ZAF","Lower","Under-five Mortality Rate","Total",,,,,,,,,,,,,,,,,,,,,,,,,,,,,,,,,,,,,,,,,,,,104.867256051685,102.773512151039,99.2400394919796,94.9451103770336,90.1457351698212,85.429923871118,80.8448743693779,76.6895671890234,72.6163690412928,69.164609113718,65.8797823071618,62.9304678737293,60.085243414372,57.3649099358715,54.738310246842,52.4067478254861,50.6853088801707,49.6300168409858,49.169604436643,49.5875703622792,50.785418051028,52.3368590833472,54.2646539840827,56.3298431859898,59.6067178136142,62.7726034014668,65.8610824095437,69.3637307597108,71.7638118268587,74.0328440659265,75.4465231873666,74.7888998407826,72.2882113904979,66.9834232687107,59.8089897848003,53.2456148787155,47.0614880231409,42.6275669282018,40.3568830478711,38.8604212688175,37.3369176421485,35.8552965326531,34.4655551037296,33.2299984859868,32.3918769503077,31.8145099161248,31.5532311046029,31.6442230756263,31.5086829206027,30.997895467976,30.1089642825237,29.0244472760969,27.7523964637765,26.225283593962,24.7216143221534,23.2072010265158,21.7927653110707
"South Africa","ZAF","Median","Under-five Mortality Rate","Total",,,,,,,,,,,,,,,,,,,,,,,,,,,,,,,,,,,,,,,,,,,,132.257435692192,124.859669341201,117.754587551202,111.068415229903,104.717639534784,98.7821046646675,93.4523618199749,88.4968859788588,83.7893606603297,79.6288301543082,75.899472258269,72.3067809797343,68.8929854529199,65.6666199774161,62.6708513750491,60.0802243008734,58.0997720090795,56.772580725532,56.2435924751905,56.619148151328,57.7795796477716,59.186490751637,60.8950570257372,62.8927397425491,65.8019768822702,68.7248934922047,71.3688671022346,74.5479828094361,76.9691082143774,79.2017107669235,80.68987161896,79.7517422821837,76.8732168216673,71.2270837417845,63.7416241391218,56.8532987205893,50.2535791646988,45.5758952069485,43.0515247405051,41.3907350112107,39.7487406780576,38.1998799610377,36.8384763807184,35.7052441990868,34.8892385728702,34.3295766293555,33.8910777953079,33.9699047100541,34.3058389865701,34.7582181546649,35.0646906268431,35.1653476932121,35.0293478726526,34.6563364256433,34.0464939557568,33.4130180571863,32.6794130749676
"South Africa","ZAF","Upper","Under-five Mortality Rate","Total",,,,,,,,,,,,,,,,,,,,,,,,,,,,,,,,,,,,,,,,,,,,167.552943534999,151.925174912837,140.026052296303,130.018069215494,121.903862307618,114.582272764817,107.838177241491,101.836412143383,96.3671610617,91.3688263285943,87.1324877317065,83.0697381156185,79.2236796988155,75.6998048780566,72.2855923801315,69.3364143189261,66.9977516444137,65.415632988303,64.725791526364,65.1652600525573,66.3899413054078,67.7778886340918,69.2439975764169,70.559822809977,72.7136231685718,74.881648267812,76.9416849668066,79.8849357233752,82.3203578767487,84.4959013861081,85.9407336006807,84.78833367156,81.9246535411221,76.0958963097141,68.2320719045566,61.0328417769913,53.9460074179358,48.8302364509023,46.0970117430012,44.1571525007034,42.3612928247071,40.7040554391235,39.2483120725307,38.1189055758904,37.2672739984711,36.7274388886004,36.2573029109409,36.4514504478501,37.4670391414603,39.1406587436422,41.3218182248946,43.5490086538379,45.4120638849853,47.1336108928903,48.6283651132647,49.7933422080948,50.8298327909743
"Swaziland","SWZ","Lower","Under-five Mortality Rate","Total",,,,,,,,,,,,,,,,,,,183.825771503287,188.227452184453,191.865153827517,194.393347210611,195.972997815593,196.61251714279,196.088850198513,194.669012568795,192.233808636054,189.117420831362,185.902299703301,182.186451428563,178.73667272567,174.902591735164,171.394472869586,167.721425592337,164.028049418158,160.105035961664,156.202778071844,152.057952355434,147.870704781362,144.006339080435,139.67857902791,135.164179263224,130.354623061587,125.61217202601,120.778870972475,115.739937604723,111.065169583732,106.508254986953,101.99278696554,97.4290268166315,92.7331059363345,88.1728599445426,93.0271766443,78.985986859949,74.4492403078001,70.2663979314928,66.5309560750512,63.1781283169028,60.3855761150358,58.5983706992322,58.1607681025776,59.3869448608611,62.4531733653945,67.3348046384666,72.8740376579956,79.3640515685226,85.561454873273,91.1986693340272,96.1791800945892,100.26207822311,103.146035611049,104.159253827062,105.165401880562,105.320661806808,104.370671441608,94.7921970831818,88.9859086188585,86.2577206006279,81.0216297355884,71.27606863506,57.8472897973258,52.9119964517532,49.7543067628709,49.1631667910959,46.4195301749551,43.063920767946,41.4218214978525,37.8002300551198,37.563508160899,35.8765436466401,33.1129986037873,31.7373614070591,30.0895608824144,28.5410066981259,27.1681512590095,25.752443991153,24.4415732064358,23.1680491636765,21.924792938569,20.8749996046323
"Swaziland","SWZ","Median","Under-five Mortality Rate","Total",,,,,,,,,,,,,,,,,,,243.226802465286,239.936426905031,236.617593827291,233.421396371973,230.55136696472,227.354359634244,224.433911609065,221.344731730811,218.376852897078,215.23253817972,212.03226660376,208.926675648735,205.765109791625,202.296287326047,198.609299451127,194.876393359112,190.917760813845,186.934501255025,182.951178348138,178.841907725851,174.480440791897,169.926091615662,164.987733916687,159.694970807953,154.08831006164,148.096569905063,142.085259327165,135.982285295504,130.165279031183,124.602894827972,118.940162423366,113.346241882263,107.760582525649,102.029918906559,107.031381707699,90.6233961410492,85.188482862116,80.1855271504929,75.6953716390812,71.7453373047468,68.5357551257558,66.2715841544034,65.5331538435105,66.6686703406226,69.9784582468994,75.2546273996865,81.265664398662,88.4384446367513,95.4360543207176,101.883585143882,107.614022227038,112.49701162763,115.67700420182,116.971715791316,117.920660140892,118.028523120577,116.994219671469,106.387428386752,100.323547264795,97.8810401525268,92.4372364959325,82.133466969943,67.5629444520968,62.669821085643,59.6639441032788,59.9679716725893,57.5116005375532,54.360152957062,53.5844035376235,50.3567970394074,51.4906690098233,50.4979127506558,47.8746136908952,47.2828014982111,46.2137957286919,45.1180312015767,43.8545793686906,42.7184742226036,41.5612896410397,40.3611999729756,39.2142821787184,38.0501327756853
"Swaziland","SWZ","Upper","Under-five Mortality Rate","Total",,,,,,,,,,,,,,,,,,,318.093798374926,303.75909101837,291.185138259819,279.112599638909,269.680288088144,262.087283908664,256.318057524001,252.26815894858,248.503730871789,245.933552584858,243.29149764868,240.623509471655,238.068538531268,234.811989163975,231.43747814866,227.848887449604,223.914469454651,219.435288067814,215.647335138101,211.80744299607,207.582850106841,202.998084226078,197.501395966914,190.989649850026,183.897071377802,176.402273838046,168.916211870499,161.167976814602,153.976191605697,147.112887955605,140.482909465947,133.721557918581,126.68458792275,119.745021497081,125.177779685114,105.524465797461,98.7680518770385,92.3071400048867,86.6157500249592,81.6162756823177,77.5731390194238,74.753763425297,73.7142279409135,74.7983971572591,78.3189293320132,84.1465735946958,90.8619993834444,98.8600329135512,106.617379949346,113.960110992309,120.442458067271,126.001003862934,129.61480814564,130.987442386464,132.093890636532,132.217002610447,131.090942949319,119.528500361105,113.082357496355,110.837136230135,105.405632495946,94.3987290947258,78.5735008352281,73.925270481112,71.6613268219888,73.6282375981975,72.332036859378,70.2548598320221,71.3680562164177,69.3092529981313,73.255044070107,73.642325910504,71.255161140674,72.2385782944117,72.3560358329592,72.6817292487095,72.3482021540231,72.1851880292988,72.2339854016874,71.5990193400841,71.4202729909288,71.5017083515107
"Uganda","UGA","Lower","Under-five Mortality Rate","Total",,,,,,,,,,,,,,,,,,,,,,,188.012398600086,192.908499583422,197.457613032557,199.533317424644,199.608164911362,198.557053917536,196.628787049304,194.091423344334,191.350788788899,188.634629660901,185.465962225401,183.211936101921,180.812841807704,178.423559266318,176.000299493229,173.840256318957,172.693194029872,172.260937197479,172.80663627027,174.429480851818,177.048017348163,180.77552148101,185.036735300251,190.019391289358,194.949547845886,198.972712867904,201.164979540943,203.106042218525,202.061277327716,199.176490624141,194.880525016692,190.013523595948,185.279644535982,182.23995191576,179.66757211339,176.919337930618,173.953358898802,170.322956665792,166.260128077171,161.960965073716,158.156618596721,155.030240175653,152.474171984874,150.35476838532,147.949544837535,144.629184340906,140.150956158309,134.687473463176,128.333518840102,121.46237869202,114.074757310117,106.619073488112,99.3026771891199,92.4547511566996,86.1336853648074,80.3410325280956,75.3953722362557,70.385617293314,65.2132958405262,60.9150063639563,57.3516454444727,54.4879282325259,52.0904390836431,49.7914258658024,48.007669410371,46.5784653928622,45.3327385650901,44.4775325093936,43.4671143865503,42.8013634744179,41.5253385509866,40.0236793357579,38.2742780941493,36.5863053404868,34.8125850005494,32.9314845572538,30.9856791625609,29.2391855757299
"Uganda","UGA","Median","Under-five Mortality Rate","Total",,,,,,,,,,,,,,,,,,,,,,,253.908511820628,249.099057200599,244.596798823753,239.698495499059,234.95583376309,230.709438291427,226.477462947431,222.497092728012,218.991545076107,215.346308752956,212.287481886896,209.545060809424,206.587763826893,203.659966143945,200.600391905684,198.042428975028,195.859756672874,194.522713832623,194.287933359227,195.048679319794,197.146220408874,200.109880254941,203.980615957345,208.451099533993,212.777118145807,216.468301995081,218.706868362548,220.464683010772,218.870386518023,215.330200128362,210.205598477345,204.390085376981,199.352459247173,195.683634423533,192.635419961812,189.365126104686,186.133650519728,182.184566974939,177.727548558367,173.122349584498,168.950641097207,165.483688206231,162.657478884326,160.302615155949,157.748371156991,154.204561870764,149.578255332121,143.851523614041,137.204927891661,129.878383732964,122.117397048833,114.200984357631,106.492176277597,99.2417485637489,92.4923097290186,86.4480272476041,81.1837740578763,76.0204209551341,70.856017391806,66.5076660782421,62.8462156206634,60.2011965685269,57.8824216845764,55.6291401222935,54.0314879457638,52.7362999243581,51.6439129500205,50.8632666103609,50.1623461064375,49.9818899248666,49.3762862972195,48.7104683468247,48.2497866245486,47.4821565510709,46.5831648120784,45.5898324663022,44.4628830466579,43.3022813204826
"Uganda","UGA","Upper","Under-five Mortality Rate","Total",,,,,,,,,,,,,,,,,,,,,,,341.524315485172,318.876390862989,301.711830005929,286.815986774197,275.331013541898,267.187726680297,261.182472919989,255.757880715595,251.630573183522,247.480443100721,243.88743179236,239.799052104581,235.494862630234,231.192260308355,227.688174891204,223.993041024384,221.045687646157,218.854782988875,217.997296185384,217.793153150208,219.073119973336,221.064835618658,224.171538463759,227.976931101874,231.953716746355,235.859675153129,238.068541628485,239.892240655542,237.448154510436,232.91796920199,226.562364120417,219.82860056172,214.354157059335,209.890552460038,206.115557473318,202.516352778267,199.039489964472,194.804420580448,190.04393604379,184.783027557143,180.282336362707,176.454722434414,173.414793025641,170.696890659206,167.990495649414,164.380476767992,159.31823937161,153.300402467835,146.426259444807,138.791524205411,130.713932019517,122.279413685873,114.0603209825,106.44231789041,99.3673387968389,92.9907722036773,87.4635714668008,82.1343722094823,76.8473756319719,72.5286399143307,68.9410348624468,66.333982560297,64.1504882007659,62.0525923083457,60.7265225648641,59.5706720490017,58.6764897660097,58.054712641258,57.5253231278097,57.6562481680995,57.7481363882609,58.4798162273967,59.8082084934213,60.8828958512512,61.6159209492674,62.5168812619036,63.1535529056105,63.6832475857311
"Tanzania","TZA","Lower","Under-five Mortality Rate","Total",,,,,,,,,,,,,,,,,,,,,199.554935376197,205.255046173736,210.00326100219,213.36879560911,215.475167597892,216.012297142586,215.904541568374,215.75662272046,214.825500558822,213.689338692131,212.635685340623,210.643278585955,208.915423799644,207.352536496096,205.741956904895,203.915398107715,202.219553832994,200.181921116513,198.189073919314,195.752417655004,193.10910087159,190.388546002235,187.147997791176,183.776895682015,180.396166985732,176.938534879448,173.506513049848,170.509554224068,168.311587403164,167.022495171973,166.276360284627,166.257030770144,166.400182716154,166.394147184429,166.044672187012,164.960529331623,163.372329701908,161.364049397527,159.109177066479,156.939545982757,154.817211195452,152.998955765531,151.168512509378,149.044350248065,146.419238289795,142.82077889099,138.431395202181,132.949728391399,126.720429999945,119.767554742472,112.421942375987,104.924699808371,97.854212033731,91.3923787903421,85.5893739716447,80.2945463840203,75.1332004125748,70.7624940060223,66.3246055627715,62.6824699578034,59.2656036747126,56.4708843795753,53.897992295241,51.1706020561139,49.0786417872017,46.7695230883748,44.4219269121787,41.9798267055668,39.7083298659679,37.3843176135849,34.8632695926964,32.8010385117451,30.6131511390751,28.5333438579522,26.7663279552982,24.9989268518112,23.5120156424928,22.0491679192169,20.5722131545382,19.3006254297006
"Tanzania","TZA","Median","Under-five Mortality Rate","Total",,,,,,,,,,,,,,,,,,,,,256.746333191767,255.180803776517,253.308136704804,251.68340330122,249.804053330922,247.945071581447,246.022160972486,244.353928363986,242.638660484026,241.141273614836,239.391566198591,237.34235593308,235.132042423041,232.715219469872,230.029740662066,227.20390312651,224.359233853683,221.277484110906,218.208565983943,215.001570343007,211.768696188451,208.244963988755,204.602399299672,200.744252077365,196.559424293576,192.484106769619,188.40854788832,184.69148459752,181.686893118518,179.939452460212,179.006817937545,178.646547346271,178.683366013221,178.471687644944,177.7566497559,176.506573672502,174.728094964645,172.427029867111,170.024882339842,167.87272627842,165.652886261105,163.55436736727,161.418012745296,158.911848748292,155.987504319037,152.29460169344,147.655076792702,142.129506909939,135.501028961373,128.047520623727,120.253661773664,112.393630248833,104.997068154974,98.3449585880403,92.1863088382476,86.6965863244271,81.2618323397221,76.6199161313901,71.9853535370122,68.1593662080343,64.5894106459427,61.6668726665163,59.0314662127604,56.3268518413118,54.2903383074874,52.0156690374835,49.8002533152712,47.5926490255822,45.5594092580402,43.7567893555985,41.724268454026,40.1144965414977,38.4865016891488,36.9992502667486,35.7648421056085,34.5956829175478,33.398553068705,32.3799631119594,31.3409350496762,30.3219952004389
"Tanzania","TZA","Upper","Under-five Mortality Rate","Total",,,,,,,,,,,,,,,,,,,,,328.680999978739,316.195018430606,305.685431579253,296.453601852256,289.178704576207,284.104783749503,280.118440903508,276.827330997142,274.735116096064,272.549308336546,270.474331403007,267.902735505143,265.319398075025,261.237774316413,257.35639131731,253.358966079817,249.026330673463,244.7733496349,240.641650758271,236.595997724834,232.699608297029,228.404254466908,223.842639995089,219.055922113951,214.018745926658,209.067103728891,204.017268632018,199.555940005799,195.972773195418,193.664492424658,192.095843016481,191.436963810636,191.189842341476,190.805907574251,189.897759645783,188.505705700371,186.348483704412,183.811128192469,181.405566805155,179.0783986569,176.690158648012,174.311486508676,171.808566093865,169.226914107416,166.11630766971,162.365439986221,157.710081743485,151.893131775032,144.832391794275,136.776214115177,128.418142075074,120.059366159522,112.369813471073,105.534006247427,99.212890227403,93.5747458201372,87.7991595215143,82.7684107811217,77.9951027330158,73.9768083338687,70.4272972971606,67.4115362827954,64.8109535857425,62.1474970776095,60.1212875205432,57.8273406378365,55.821279700785,53.9438584636963,52.3655303263204,51.3657050863557,50.0692016250868,49.3607694363627,48.5246714405026,47.7520093661898,47.4778744886303,47.3387037268658,47.230113831681,47.418783134963,47.5466723206852,47.5337684240732
"Zambia","ZMB","Lower","Under-five Mortality Rate","Total",,,,,,,,,,,,,,,,,,,,,,168.707944297569,175.740350961088,180.767803770257,184.193852877276,185.587607199122,186.274117694809,185.42477381842,184.215887938312,182.361888342745,179.758995612289,177.5286764405,175.165856567748,173.256414631886,171.699679308575,170.271582509517,169.801522163862,168.867556512515,167.112132653751,164.253558665697,160.074320604747,155.213775195354,150.130853602272,145.909430404409,142.775242087538,140.956475396801,140.568402729528,141.360439203119,142.277397562215,143.179177569428,144.030166435406,145.506074143304,147.641397245002,150.476990915248,154.414248127219,158.240023320683,162.044538950473,164.987969006823,167.369114718909,168.720210331044,169.060779287362,168.313551392866,166.864873083294,164.092144570147,160.863001491203,157.320398105184,154.608673886604,151.64308551038,147.227961470301,141.134107118474,133.176211907832,123.79104580095,113.859492805524,103.62570330448,94.8652598866735,87.4274497741158,82.3401174386305,77.8409056306532,72.318129610958,68.4152876924231,65.9907789404995,63.4380465239067,60.2267903757387,56.8340914275139,54.387096973179,51.4156490724808,49.3427880503359,48.6188058516907,47.3198455335745,46.1686533798554,43.7940132772784,42.272243387447,40.8490504503651,38.9583365721191,37.0420263199302,35.0260400150029,33.0458556032339,31.1180711729259,29.2592464358218,27.539694424601
"Zambia","ZMB","Median","Under-five Mortality Rate","Total",,,,,,,,,,,,,,,,,,,,,,237.546212369568,233.800317728489,229.200522473118,225.200489636172,221.072930978452,216.92484595424,213.046816428539,209.005856934733,205.037260516495,201.276695232917,197.837079095686,194.756698359802,192.207307115406,190.324053491478,188.849198645941,187.799045750849,186.285200862176,183.879898029092,180.179142971896,175.410264342998,169.973064854883,164.649396376434,159.820356550776,156.21385062633,154.014394338506,153.51762879276,153.877032304787,154.325612186777,154.949131106234,155.588937620106,156.825642308178,158.993981088435,162.099428228391,165.762630147856,169.798138112645,173.679132621665,176.888253021634,179.363337662134,180.650273051686,180.869451141483,180.237253912885,178.50104025665,175.784902021121,172.204710156938,168.682819415287,165.572031578176,162.450670648331,158.051960442289,151.756215776661,143.188146340069,132.8554195954,122.091023919134,111.714075449583,102.65943263002,94.7682778865784,89.0728148697362,84.23194306372,78.4234013469032,74.3343646479696,71.8395522398654,69.2150778102739,65.9835589149996,62.5756431916158,60.1602562723903,57.1379844688831,55.1533513970925,54.6752453823209,53.4757184145862,52.4710956050654,50.3543903938898,49.4846083677702,49.133866067513,48.3652143961706,47.7707714040031,46.9064834405798,45.9277939863518,44.8630280914873,43.8042579958763,42.7330658932147
"Zambia","ZMB","Upper","Under-five Mortality Rate","Total",,,,,,,,,,,,,,,,,,,,,,337.083125939261,312.563083368652,293.099669029045,277.138433198163,263.857291110689,253.405505953369,244.412413531491,236.957920133542,230.484153438551,225.298435653329,220.465304570291,215.907436326961,212.850284524208,210.623064410658,209.035089235287,207.649708574952,205.386088158843,201.909739120726,196.860629221493,191.702169733155,185.808835259035,179.84542101429,174.57131494224,170.368987938951,167.934527983248,166.897122818128,166.679710380856,167.071917185307,167.405766409277,167.862049426956,169.123086788945,171.110651943464,174.107551334476,177.897029746947,182.481182131083,186.360304218855,189.816782673092,192.365444688023,193.640286993256,193.780744844557,192.792782370601,190.872965296374,187.794760653306,184.139204011293,180.439493096562,177.219913333606,174.016991882001,169.558784108327,163.181825948506,154.163911581211,142.884752656541,131.214373749779,120.452741692966,110.869443481969,102.448317228036,96.2107510118751,91.0251108800941,85.0939046684637,80.8086247073018,78.3648682756825,75.7263747793669,72.3177440203436,68.7989749521413,66.3242614900205,63.3457883954915,61.5433874496822,61.3507745908276,60.433655812062,59.7046796942366,58.040510865288,58.0558036048216,59.4343392222359,60.6620837107477,62.3559688032085,63.6990691196255,64.7374844866088,65.6720762900388,66.4268135003875,67.0506279630154
"Zimbabwe","ZWE","Lower","Under-five Mortality Rate","Total",,,,,,,,,,,,,,,,,,,,,,,,116.740564117276,125.051126273401,129.674752885247,132.062662324159,132.034350075959,130.423178129804,127.570394682032,124.767796130811,121.531578527663,119.152005883846,117.524085605818,115.572006011371,114.343710632469,112.573872325894,110.880266688677,109.680657501745,108.989437753744,108.739233451257,108.573837922614,108.982726016823,109.373636401678,109.658159878515,110.099995886463,110.54853983269,111.251321273044,111.122434978104,109.32641968975,105.471678493067,99.7695507161799,93.313809729916,87.0128515271865,81.2832655110438,76.9680364617816,73.9043424213887,72.6776028937356,73.6339514691693,75.7683575139053,78.9948418302604,82.6690687508166,87.5650504405473,92.8172419276827,94.4889601311587,97.8393153850462,90.8456106871223,88.0251101178801,90.6715794270868,89.8385630176975,87.1617590488331,84.8567386828763,83.2571035905834,82.8533305642801,83.4158276775354,80.1646754287604,82.8138441132517,83.267747428164,82.1038930642808,77.8466050869772,70.2868073938814,61.4623237195685,56.2304254626607,53.3086910066022,52.5030432121023,50.6567509241726,49.3686293717019,48.5247453545448,50.0958500851471,51.9632009992135,51.3844541854641,50.0183763543678,46.962692815715,43.9718954819574,40.4713138470143,37.6260078930607,34.6375313986461,32.2118387502932,29.8670156278444,27.9502422657874
"Zimbabwe","ZWE","Median","Under-five Mortality Rate","Total",,,,,,,,,,,,,,,,,,,,,,,,166.914618191194,164.823510464968,162.69045625162,160.554373800258,158.300581334234,155.948547175344,153.453268852698,150.3790145187,147.080053877172,143.579354404553,139.892110943576,135.847794953247,132.066554267135,128.539860805607,125.781449190102,123.855713060137,122.274840305592,120.952175621657,120.177973730347,119.906459714733,120.264999244432,120.86876284932,121.2342170957,121.485565076352,121.830314816852,121.624769850351,120.024797030144,115.80604657419,109.750480098519,102.756798396533,95.756842815245,89.354173244961,84.4569233752492,81.3474872935066,80.1596666968231,81.21912356462,84.0135675735662,87.9432658280576,92.3460794886389,97.4708417468358,102.735241477231,104.224541096476,108.050301235095,100.729807538644,97.1075548337848,99.6908729819305,99.3915301445375,96.3132963134474,93.838278633494,91.8763047257522,91.2020869929241,91.6338079831938,87.6404988903655,90.5822502330026,91.1197725052774,89.8193965756948,85.248894516181,77.16454991843,67.9914595324995,62.6336128671135,59.8241554344364,59.2367851618715,57.5174706409323,56.7406461343733,56.337864347128,58.640052915412,61.6544348776705,62.3747669805675,64.0362832172506,64.1975290255617,64.6609056221108,64.5278876786156,63.9610488877106,62.8421807091271,61.4166452402863,60.0738829103255,58.6889768077899
"Zimbabwe","ZWE","Upper","Under-five Mortality Rate","Total",,,,,,,,,,,,,,,,,,,,,,,,238.307347749561,217.674321404086,204.173629064615,196.156955670022,190.832072447042,187.640793821546,185.585468120948,182.916538847458,179.032288953263,173.678377945553,167.33819399655,160.114961259541,152.505568274865,146.937671987678,143.395328992871,140.539833864935,137.635451620039,134.677014963804,132.937998591809,132.065114069869,132.077980394281,132.735489868349,132.932643039171,133.251684867637,133.562320698199,133.326254369651,131.952885517928,127.106225792784,120.84202303277,113.136652611693,104.941307624395,97.8483381863917,92.5332054026629,90.033367506268,88.9550870668543,89.932332252518,93.1145745381714,97.4414552943256,102.817973220778,108.202616450456,113.18364379702,114.59151071232,119.554484357997,112.243264203642,107.877491734583,110.219112228451,109.960126800406,106.546081305537,103.568367832463,101.067684452436,100.160092769339,100.398083455454,95.8028553368671,99.2717836278541,99.934496341609,98.3609732827,93.5895420935169,84.5567517338608,74.9848349582784,69.6205243487339,66.8091769972983,66.7464100251076,65.3089852043997,65.2971675529141,65.7270951891532,69.2261098800426,73.478607015889,75.8959885027891,81.2121559043739,86.1738082736008,93.2338737810354,99.6887028930527,105.540896214195,111.025695237617,115.305694306425,118.806421572577,122.003566814711
"Congo DR","COD","Lower","Under-five Mortality Rate","Total",,,,,,,,,,,,,,,,,,,,,,,,,,,,,,,,,,,,,,,183.782367745554,185.303181493149,185.900321939501,186.257515372967,186.137705474937,185.527366686206,184.388613982597,183.228500485038,181.789240874385,179.813730378801,177.804844721655,176.09257806702,174.536886288066,172.808211944688,171.656008985991,170.432657307288,169.381956457966,168.051223572834,166.804279248806,165.472299832054,163.874353619047,162.125690861705,160.273016268359,158.475539146462,156.8412477789,155.476811362963,153.941513091763,191.342902240855,187.960545915362,177.761340594622,172.888540378893,167.569151534841,161.929508175423,156.22005699889,150.42969087109,144.577706336418,112.600121849992,107.450481501482,102.40128426555,97.4673295577601,93.1902924014672,89.3279996944799,86.1262351136971,83.7801738339951,81.8503568469779,80.5779522175566,79.8455607993067,79.5001120722423,79.4389478505978,79.5217547411346,79.3364156667145,78.8052581589882,77.7325472206149,75.9883066765014,73.3559144141065,70.3737837858338,67.3329890692189,63.9423276577998,60.3259363403752,56.825519822717,53.4012142703139,50.0922038449285
"Congo DR","COD","Median","Under-five Mortality Rate","Total",,,,,,,,,,,,,,,,,,,,,,,,,,,,,,,,,,,,,,,247.839717767936,244.758927760799,241.367186058981,237.677411646598,233.794694151838,229.806091557427,225.975527993759,221.993884998632,218.164969320593,213.94334352118,210.159363314135,206.621555066909,203.196169725545,199.951621042231,196.944129922371,194.340387960974,191.759070046354,189.426518097702,187.098309601496,184.768374545776,182.380110857927,179.952852425157,177.65704675339,175.386941928724,173.388418020313,171.438990323854,169.434674693693,210.446866431543,206.812658555654,195.549900223694,190.357851817857,184.570516429234,178.449798167476,172.188731546788,165.872487973561,159.438158135697,124.395257769997,118.907928869935,113.79167304589,109.152635341078,104.95327138054,101.386620475737,98.3429911347261,95.9156189428694,94.0606074771601,92.7321896205669,91.9225318925488,91.5183250973584,91.4546444672548,91.7119814442977,92.2324870168861,92.7341609773476,92.9133288140811,92.4828269938522,91.3143265805965,89.6781339947253,87.9445439380549,85.9235424016798,83.7401907298426,81.4932308474563,79.2098377036952,76.8359198153664
"Congo DR","COD","Upper","Under-five Mortality Rate","Total",,,,,,,,,,,,,,,,,,,,,,,,,,,,,,,,,,,,,,,330.864246855426,320.171051978648,309.273150645784,299.339472583329,290.873940491401,282.339541933757,274.194746743702,266.539590339155,259.302640164647,252.877335265534,246.870821032844,241.223520711923,235.696854448158,230.478646997986,225.666411996734,221.28655070706,217.433697804873,213.69967289207,209.8154163743,206.615560280911,203.482245243378,200.338447836903,197.052394568791,194.540161548635,192.028088193604,189.621427089827,187.181531727353,232.333422245578,228.436787919678,215.627047613969,209.955713097956,203.496029112947,196.947013854734,189.97384221125,182.679223842234,175.715614942977,137.291429736196,131.787583629493,126.721173499435,122.12024512828,118.060268113481,114.549374277744,111.651640013661,109.308970508276,107.447566605751,106.054732963564,105.211428260506,104.945199797897,105.129402098709,105.838577063724,107.255535669482,109.14230671859,111.633992222487,113.485502160591,115.206812021532,116.736211280192,118.095868048531,119.312157304579,120.266855936811,120.644726677923,120.935381983578,121.208086531834
"Korea DPR","PRK","Lower","Under-five Mortality Rate","Total",,,,,,,,,,,,,,,,,,,,362.734757935738,317.095951889073,207.831656856673,170.735903531609,132.384944187971,121.705790793437,112.626331467594,105.187901416896,99.212240468006,94.4727176854083,90.6553787186517,87.3752790156452,84.2862426233308,81.1173698091661,77.7253015912169,74.0673826541859,70.1765159409658,66.164675168088,62.1758710446477,58.3479015302307,54.7738250648982,51.5051316303245,48.5524518398745,45.8931316480982,43.5055558966241,41.3481305006231,39.3875711940907,37.5980201945265,35.9521993755563,34.4315883735686,33.0285853671467,31.7527653445195,30.6327816310995,29.7231731234568,29.0865638899009,28.7813874451168,28.8460434451089,29.5631475362511,30.0188572643313,30.9467389120302,31.9060250200728,32.7245986189402,33.2583287794582,33.4457128869292,33.2890553561885,84.3264060827102,83.1594095454396,81.9189132969808,80.7927192601636,79.6062412611501,78.4965498737984,77.5422221702123,76.5521982064456,27.0386792686959,26.4683147746764,26.0791557961247,25.6616688324398,25.3749255499123,24.3001974712434,23.4651369942391,22.4461135390336,21.3283244060353,20.1391046604223,18.8838915846629,17.7208268772839,16.722017050629,16.1364918469972,14.9723309509784,14.4223847561004,13.8615323434947,13.6639366048865,13.6612254031468,13.8799294061949,14.0937581589118,13.0512212135204,12.7956446547893,12.5709562839652,12.3522869599682,12.1126046992827,11.8940260063508,11.6466129547404
"Korea DPR","PRK","Median","Under-five Mortality Rate","Total",,,,,,,,,,,,,,,,,,,,463.18710723681,404.909519859199,265.386599507319,218.017897452991,169.046384441041,155.4098468324,143.816007509296,134.317648661159,126.687144420275,120.635102813214,115.760625927082,111.572166289164,107.627681236649,103.581250615147,99.24981495576,94.5789063817041,89.6105396671482,84.4876974756282,79.3942714863883,74.5062201287965,69.9423725713099,65.7684779464326,61.9981108095247,58.6023435170406,55.5535750121212,52.7986925356259,50.2951943902405,48.0100619825882,45.9084630387561,43.9667483399736,42.1752108879596,40.5460772780501,39.1159358178726,37.9544288926177,37.1415230905681,36.7518339539087,36.8343951779068,37.7500873256736,38.3319970160776,39.5168374727837,40.7417792454589,41.7870409112489,42.4685772782136,42.707853776489,42.5078129838625,107.678967186394,106.188793613479,104.60476601124,103.166694399164,101.651644351877,100.234645477663,99.0160352432993,97.751843362483,34.5265165798914,33.7982007119582,33.3012717091894,32.7681698357468,32.4020185677809,31.0296654118338,29.963351147073,28.6621289286423,27.2347897953301,25.7162387279494,24.1134187587921,22.6282658597266,21.3528550418586,20.6051800001066,19.1186273442382,18.4163842270056,17.7002146267721,17.4478985843584,17.4444365679304,17.7237063988379,17.99675087348,16.6655035602327,16.339150035167,16.0522385820049,15.7730130338385,15.4669554240999,15.1878456055127,14.8719163123835
"Korea DPR","PRK","Upper","Under-five Mortality Rate","Total",,,,,,,,,,,,,,,,,,,,593.045357922044,518.429177710623,339.789878503821,279.140977821555,216.43990516992,198.98025398235,184.135988061223,171.974687509553,162.204909707109,154.456129300785,148.215053406285,142.852325242434,137.801971911699,132.621091747415,127.075303078422,121.094867518272,114.733579022789,108.174506601339,101.653097452327,95.3946413735352,89.551282251608,84.2072025199721,79.3797824703423,75.0319843604057,71.1284689538402,67.6012329000287,64.3958588071609,61.4700710522298,58.7792718516893,56.2931817370669,53.9993722746261,51.9134978845653,50.0824047023958,48.5952599191009,47.5544494025703,47.0555077655563,47.1612156962639,48.3336295416285,49.0786823188584,50.5957023778139,52.1640664809158,53.5023757063358,54.3749863044474,54.6813459037216,54.4252220574214,137.867636292136,135.959680509024,133.931557960595,132.090311344322,130.150504766105,128.336238800141,126.775981333311,125.157363036888,44.2063046725836,43.2737995621641,42.6375524954723,41.954991201332,41.4861864648188,39.729083005227,38.3638189144907,36.6977885258883,34.8702833255795,32.9259941879779,30.8738106806172,28.9722831578639,27.339300604674,26.3820088195241,24.4786891068302,23.5795664535855,22.6626129152258,22.3395580301809,22.3351254094547,22.6926907955368,23.0422854963883,21.337812234865,20.9199628602648,20.5526134613415,20.1951047730252,19.80324143772,19.445880924706,19.0413782997525
"Nauru","NRU","Lower","Under-five Mortality Rate","Total",,,,,,,,,,,,,,,,,,,,,,,,,,,,,,,,,,,,,,,,,,,,,,,,,,,,,,,58.3075919557943,57.8158769279418,56.8898035098846,55.6939291176763,54.4232542534731,52.8772368114035,51.0470847548723,49.3269820410311,47.5339301610485,45.637354443145,43.9411750384203,42.1326487646138,40.4459706374927,38.8703608447647,37.3443445345469,35.8494375734108,34.4222196665911,33.1805736564448,31.9279016969136,30.7235639944404,29.5310484048337,28.176067306994,26.7487145061333,25.2071986420423,23.5714766329398,21.8431675411478,20.0610629926934,18.3572548871595,16.6176322324399,14.9490847708118,13.3363700413742,11.7819641165186,10.4562698821662,9.23659620191315,8.10502021125283,7.12139983177362,6.31020079524154,5.65822379149811,5.12175731285021,4.68489456310103,4.35191727126049,4.03839575449233,3.77234424877611,3.55000137055636,3.34195059635362,3.13837076231265
"Nauru","NRU","Median","Under-five Mortality Rate","Total",,,,,,,,,,,,,,,,,,,,,,,,,,,,,,,,,,,,,,,,,,,,,,,,,,,,,,,85.7513489618896,81.6127482573664,77.7614474571044,73.9259707562137,70.3975943860032,66.893066886874,63.564280679858,60.290262998666,57.2398499736938,54.4235557221727,51.788986566859,49.3847166759442,47.0796474071942,44.9670799093028,42.9734896068757,41.1346370517705,39.4288285820972,37.8853288574241,36.4978811457601,35.1974498348413,33.9661115127215,32.7145967557154,31.3690437886,29.8456701771024,28.2002152460335,26.4141087570792,24.5791947266814,22.7477075395926,20.9237002682646,19.1703224950892,17.4879323807241,15.8923407481326,14.4493303846813,13.1412145758942,11.9632889732076,10.92703541806,10.036807346003,9.31298628609609,8.7450131607061,8.26140574125859,7.84029058769708,7.49513658381131,7.17865781847062,6.8826451648112,6.62985879558418,6.41106178121976
"Nauru","NRU","Upper","Under-five Mortality Rate","Total",,,,,,,,,,,,,,,,,,,,,,,,,,,,,,,,,,,,,,,,,,,,,,,,,,,,,,,125.293756321851,114.698982450481,105.36196411768,97.700279394258,90.6758345017699,84.2956760178368,78.7798662121854,73.7005164361404,68.9312802816059,64.8335164218877,61.1495038623311,57.9092199485615,54.9112636697102,52.0813490516904,49.6398895049172,47.3917178184607,45.3345144895893,43.4698973196945,41.8040625199582,40.3093433742648,39.0206789792517,37.8964946267402,36.6273679273619,35.2176840412378,33.6261988675924,31.8581637993509,30.0450665596303,28.1702978915687,26.2863715443513,24.5265760285694,22.9779483900591,21.4948881419917,20.1820634695474,19.1404477100083,18.218509308505,17.4920259338798,16.8463375478393,16.2718523797911,15.7386214563829,15.3740184636563,15.0652093567642,14.7049755691539,14.4668345667225,14.2284809014123,13.9941774243683,13.7283347354221
"Somalia","SOM","Lower","Under-five Mortality Rate","Total",,,,,,,,,,,,,,,,,,,,,,,,,,,,,,,,,,,,,,,,,,,,,,,,,,,,142.972427340749,147.242830691133,150.539636075294,152.192280716284,153.294027560464,153.817371083723,153.488401119543,151.692090317184,148.399029586298,297.211943971928,299.750799283445,289.949846899916,136.030986284959,136.028404879654,136.028404879654,136.028404879654,136.028404879654,136.028404879654,136.028404879654,136.028404879654,136.028404879654,136.028404879654,136.028404879654,135.991392091979,135.14021867314,132.183051418188,125.995148403403,118.976721167661,131.455596967695,246.793194147675,122.193744024913,90.6407217606159,84.2575994559262,79.2416803486416,74.566004969527,87.1770438941541,73.6131301618259,61.9143850297549,58.1329986559452,54.7807380536663,69.0851998157199,48.8071224428877,46.4061703437511,43.7339072239644,41.2677822197259,39.4075320409519,37.6182209535249,35.6309465665454,33.6624844042978
"Somalia","SOM","Median","Under-five Mortality Rate","Total",,,,,,,,,,,,,,,,,,,,,,,,,,,,,,,,,,,,,,,,,,,,,,,,,,,,203.8124295722,200.069417836603,196.630661235568,193.89613621357,191.65996017188,189.555933807516,187.043858798207,184.048760174506,180.439123469831,366.547216397754,376.5716773819,368.270688282091,173.231281433406,173.230022603383,173.230022603383,173.230022603383,173.230022603383,173.230022603383,173.230022603383,173.230022603383,173.230022603383,173.230022603383,173.230022603383,173.184454991385,172.576250048682,170.532034992997,166.715361735147,162.388588302669,186.715345310816,363.090594734054,185.369253790552,143.219346192362,138.621298583555,134.311528516251,130.196336412399,156.438544451755,136.366087623134,118.368122698499,114.701221421191,110.999844985271,143.063153865958,104.290355579674,101.065720782696,97.6808534430399,94.6667130824381,91.8600106482932,89.2390894205909,86.5756729521505,83.5153391723102
"Somalia","SOM","Upper","Under-five Mortality Rate","Total",,,,,,,,,,,,,,,,,,,,,,,,,,,,,,,,,,,,,,,,,,,,,,,,,,,,294.833215770858,276.179784942986,262.14059858018,250.819794653948,241.932200143077,234.281647709755,228.588041672171,223.677044458625,221.823790598829,461.22704988459,484.800516339327,479.481934971168,226.057109529843,226.057910889384,226.057910889384,226.057910889383,226.057910889384,226.057910889384,226.057910889384,226.057910889384,226.057910889383,226.057910889384,226.057910889384,225.990492981308,225.513018371759,225.368874371373,226.464831689833,227.857880017489,272.424494646824,553.134151395357,292.737444613562,234.347180595809,234.597860332797,234.597604431973,234.748615344936,290.122887518322,261.605286664748,233.623686503646,232.836799802899,229.552052782271,302.151309166959,225.404719625663,222.820225890742,219.000090965302,217.789405181484,214.965253269147,213.061098410985,211.444703471782,208.158243160856
"Kosovo","RKS","Lower","Under-five Mortality Rate","Total",,,,,,,,,,,,,,,,,,,,,,,,,,,,,,,,,,,,,,,,,,,,,,,,,,,,,,,92.2429032290374,90.414161304045,88.7335643412776,86.4656560415014,83.4858781396952,80.1004371783903,76.5369180273784,72.7063372684393,68.7734616138948,64.6095698617943,60.4282965240245,56.2067935370772,51.9077258817271,47.7677516776877,43.8506319550493,40.0450663713504,36.4764548357517,33.2309706165606,30.2809834775099,27.6056168888073,25.1559837187633,22.9871714440754,21.0902004209712,19.4539574729158,17.9766581711439,16.6960145466337,15.5752145746985,14.6620034606692,13.889787652,13.2222872016589,12.6419766811668,12.1108502793752,11.6095506302719,11.0509227549496,10.3210353405826,9.49504236194273,8.70935321770423,7.99927252241523,7.34968533871761,6.81189746226763,6.29743381406149,5.85343315129222,5.44252315131861,5.075596249678,4.73558643464262,4.42673816184813
"Kosovo","RKS","Median","Under-five Mortality Rate","Total",,,,,,,,,,,,,,,,,,,,,,,,,,,,,,,,,,,,,,,,,,,,,,,,,,,,,,,147.936065403229,137.820468999952,128.531024208997,119.967639893044,111.885243497307,104.425101257189,97.537408259572,91.0409149198506,84.7724458325771,78.861256317688,73.1632662552575,67.7248458897599,62.5772840755338,57.5618674261757,52.8086105257922,48.358146601126,44.1557618475766,40.2877010446503,36.7315542180875,33.4748593308296,30.5692140624419,27.982573688386,25.6678735496888,23.5771642655609,21.7452237010705,20.0999536432932,18.6703932867145,17.3867997810265,16.2583541733772,15.2387228421453,14.3028373983892,13.4363402625287,12.6261449904388,11.8578953845631,11.1515232886946,10.5196675837859,9.97179986272494,9.498840881602,9.09256418531692,8.72329940665855,8.38142576124455,8.07204748039531,7.79621635741341,7.50781941758364,7.24931311650933,7.00630538637738
"Kosovo","RKS","Upper","Under-five Mortality Rate","Total",,,,,,,,,,,,,,,,,,,,,,,,,,,,,,,,,,,,,,,,,,,,,,,,,,,,,,,248.648468042582,220.097996147872,195.290206760622,173.867566791726,155.742971830954,139.812618644109,126.707136390928,115.497627747033,105.566801991016,96.7910011227152,89.2634848363984,82.0294486604851,75.3465785096256,69.1015927151869,63.505417932139,58.1651395035636,53.0780327329355,48.4069172184257,44.1360302551951,40.3159012396235,36.9042403475114,33.7859571217799,30.9339229483642,28.4173718293442,26.1880231539767,24.0858952141314,22.2270732006962,20.5371848094039,19.0119827238573,17.5466602424846,16.1724416645634,14.8584407899125,13.699844250008,12.7304185012091,12.0514548143746,11.6529238139937,11.4019167006237,11.2941378770194,11.208724418636,11.150665184083,11.1323920303085,11.0922157019789,11.1075536521239,11.1068388196933,11.1264317062092,11.1331374188624
"British Virgin Islands","VGB","Lower","Under-five Mortality Rate","Total",,,,,,,,,,,,,,,,,,,,,,,,,98.7636933825971,95.9865314333187,92.3609807495967,88.1519632680263,83.3390491769969,78.2367477111658,73.0371426899909,68.004502574589,63.2795961793851,59.1391442000686,55.1112603178768,51.4702695708617,48.0816439832391,45.1349749666716,42.5398547151726,40.218233109778,38.0951558749032,36.38621611816,35.0324962502187,33.8740633452887,32.9570313891265,32.1857759135489,31.4739902903225,30.7390226120281,30.0556729807121,29.3071299678583,28.4700149872163,27.4880428858493,26.5255417550683,25.4878645071411,24.469208260042,23.3591753539973,22.2907944440753,21.2604251659756,20.2642372765758,19.3204901263733,18.4744148566024,17.6887782895587,16.9684577269003,16.3383363744822,15.7621190958527,15.2815469269389,14.8119682485602,14.4513478124142,14.1190022960216,13.835845288711,13.5742118285494,13.3794900884742,13.1952956686811,13.0115569951582,12.8612092836162,12.7181758856636,12.6084103496581,12.4535297313102,12.3023757891091,12.091546835734,11.8330874931935,11.5724500753363,11.206947066039,10.7892106755614,10.3754556322514,9.91149626605654,9.44624667183234,8.99444950892519,8.51808643292821,8.06149681054863,7.64529951653975,7.20833028838392,6.82426279717133,6.46304913892983,6.16676994042337,5.84011391425289,5.49250213683838,5.2012992087934,4.91859301906636,4.66996821415229
"British Virgin Islands","VGB","Median","Under-five Mortality Rate","Total",,,,,,,,,,,,,,,,,,,,,,,,,122.123732325801,115.141594477678,108.320936239301,102.039404947257,96.0947717851587,90.455212296376,85.0311739125233,79.9284583474907,75.0284080540625,70.3348426627178,65.992520628853,61.907985019047,58.1106115383939,54.6060822518482,51.3790870717399,48.5640201224362,46.0120993546822,43.8249943289997,42.0067948757353,40.4381863401539,39.1305609442194,38.0397306903744,37.0902542161013,36.2244947217648,35.3880920397824,34.5253366268764,33.5944514381391,32.5349306711788,31.4108162024342,30.2568348422472,29.0614552215597,27.8014657553624,26.5492748995223,25.3055055829164,24.1007389824262,22.9489914279885,21.8982694396651,20.9724815801759,20.1621648759951,19.4293469229612,18.8508479879338,18.3253811162243,17.8653218290583,17.485836835536,17.1482881708158,16.8389214580849,16.5785385164912,16.3508687111534,16.1453968243028,15.9919782145987,15.855099609066,15.7594093051062,15.7027897809225,15.6638091999479,15.6440918178443,15.6351456719788,15.6309463824695,15.6349799062024,15.6238860849033,15.6040422728084,15.4729291468822,15.2307534950447,14.9247058749045,14.594670644162,14.212986240665,13.84403252976,13.5203335418846,13.124528151947,12.7378171354666,12.3761591779234,11.9918076496395,11.6082646081809,11.2419360549843,10.886226400449,10.5106683919682,10.183030353494
"British Virgin Islands","VGB","Upper","Under-five Mortality Rate","Total",,,,,,,,,,,,,,,,,,,,,,,,,152.270748333109,138.757042911472,127.383028981412,118.110425520437,110.672965659057,104.342316077501,98.7234200959909,93.5261568605114,88.3565333151703,83.5037088713253,78.8023062082457,74.3507944963857,70.0788214769159,65.9360180929052,62.3360684127493,58.8140709948339,55.6666168181087,52.8128050165261,50.3554706328753,48.234522509621,46.4655214249846,44.9861272505296,43.7362320016748,42.6464631728521,41.542534205579,40.5396829205273,39.4866918528775,38.3435649540492,37.1442040037775,35.8498045881945,34.5020396616423,33.117270296025,31.6003070784336,30.1777011464457,28.7711243965955,27.4626266803943,26.1861571288564,25.1059987906123,24.1227873761236,23.208712690927,22.5259107510299,21.9265818020835,21.4496959516214,21.0203647552265,20.6634205524547,20.3787770488739,20.0998355498711,19.8849867351271,19.7643650649665,19.687667574849,19.62984493264,19.541546201033,19.5992666560058,19.756125496336,19.9997293786159,20.3337381328879,20.768457749346,21.3117204111815,22.1581726281123,22.880874175198,23.408576808746,23.7207372960375,23.8207056158511,23.8545138829108,23.8439570060036,23.773992304367,23.629493899814,23.5232615952957,23.4821133858372,23.3890197116025,23.2727690367433,23.0278677983554,22.6616365777945,22.38283924326,22.1686359763266,21.9772941915456
"Montserrat","MSR","Lower","Under-five Mortality Rate","Total",,,,,,,,,,,,,,,,,,,,,,,,,,,,126.318449534909,118.581299136037,110.628066460703,102.301880157473,94.0876528021205,86.3969624506026,79.2402283992411,72.9964094709521,67.5097444879394,62.6764158055466,58.4415891825878,54.5597067312831,51.0542848731078,47.8531206176385,44.9025346343522,42.0609570945695,39.4409070964925,37.1274870688948,34.890061511938,32.7374324190252,30.7673623118657,28.858990329155,27.1075205373852,25.4320732378758,23.8626862252534,22.452485500613,21.1042424294967,19.8099586816416,18.652067978373,17.5803855215468,16.6482478259101,15.7697307002437,14.9711104551526,14.2028302736377,13.5107514246736,12.8661557390734,12.2866515122504,11.7204076809508,11.1695596751319,10.6177737132528,10.0261138717874,9.43978569178975,8.85342813961699,8.33659749502331,7.81027465466358,7.36733872435087,6.91866986693808,6.54261337382773,6.18812640342601,5.8269754914807,5.49029687347273,5.19455054183413,4.89566175701887,4.62447898498401,4.37606008411222,4.14034933028681,3.95372288257761,3.77011375331662,3.5879023041815,3.40471231763504,3.22929201704636,3.05892593086557,2.89942788215435,2.76194054317675,2.64138930143184,2.50988781165048,2.36329564357839,2.23296044312147,2.11607185617656,2.0019794216672,1.92013442123513,1.82718814654746,1.75167855836438
"Montserrat","MSR","Median","Under-five Mortality Rate","Total",,,,,,,,,,,,,,,,,,,,,,,,,,,,149.160186106117,135.836731197065,123.716111391492,112.73998042639,102.968430662843,94.4455037209606,86.9392005759532,80.3750233326359,74.7150024695058,69.721110837816,65.3088464120052,61.3518213470633,57.7447100629575,54.4589340970305,51.5185828613497,48.770676701066,46.2061693579818,43.7969399838798,41.5040033154193,39.3510149155845,37.2404463950074,35.3153950254666,33.4542002118099,31.7303483979655,30.0884245061053,28.5506873104837,27.1181104755215,25.7772933131287,24.5426841259268,23.4188313186937,22.3607891043636,21.3898933842339,20.4681719662795,19.6335351981867,18.8533702962134,18.1212335823079,17.4478887681199,16.8007116758963,16.17977429147,15.6079446184731,15.0473736915531,14.4976100458009,13.9714836218007,13.4983032146405,13.0483718058799,12.5853165660972,12.1542850384619,11.721927714519,11.3495644030024,10.9533544982084,10.6181524216092,10.2638640842169,9.93950046871655,9.67498492212601,9.34835102051242,9.04505570680011,8.75170860274041,8.45927626291455,8.19743591537413,7.93370730535194,7.70285233789573,7.46352312636887,7.22465835188819,6.99525690864082,6.76461642698136,6.55803189527788,6.35408257674938,6.15386075819664,5.95179152631875,5.76111217188867,5.57911571693746,5.38658429555437,5.18809557784644
"Montserrat","MSR","Upper","Under-five Mortality Rate","Total",,,,,,,,,,,,,,,,,,,,,,,,,,,,177.289335129466,156.040765206014,138.872794745724,124.573429810691,113.059136042057,103.48344565178,95.5127601391092,88.6295991660078,82.5752694169328,77.3258563372392,72.7415376188642,68.7501902083225,65.1701491085771,61.8561163331808,59.0296128691306,56.3663500444227,53.8295455640942,51.4732267732696,49.1484967872892,47.0788075151977,44.9438542475526,42.9868901346259,41.1302018220531,39.3417052542423,37.6672782036334,36.1741394678735,34.7278948329033,33.3831990007011,32.172314103875,30.9553429871141,29.9107402262725,28.941962557586,27.971468387484,27.1160565808745,26.1718537579403,25.3824878070194,24.6037103484777,23.7722856594307,23.1353551715262,22.6695113538073,22.3025749443099,22.1408355231913,21.9274688893882,21.8687469317318,21.6115292287049,21.451695853635,21.2114753996952,21.0093801778028,20.7626624758957,20.5228775469652,20.3639422629435,20.0370065952807,19.8920126327158,19.7422214058738,19.4338383117585,19.1445560420096,18.9364630313184,18.6161485904444,18.5321643086251,18.2616427108334,17.8983229437225,17.678459410101,17.4942310876836,17.3488514911656,17.0360711545135,16.8961259576465,16.5802302888796,16.3277745952263,16.1283456031362,15.8936044051944,15.6596483637411,15.4353819129587,15.1993231568978
"Anguilla","AIA","Lower","Under-five Mortality Rate","Total",,,,,,,,,,,,,,,,,,,,,,,,,,,,,,,,,,,,,,,,,,,,,,,,,,,,,,,15.7421053936075,15.4036862158444,14.8743516437517,14.4064627415684,13.8894010620619,13.2840410269807,12.6575763521541,12.0812933390278,11.488056037902,10.9092423999797,10.4231665277347,9.9483903936475,9.49588428606108,9.03539489417577,8.60598717878804,8.22363706823276,7.87852377546386,7.54195317358169,7.23333171319416,6.99585039365025,6.78107654509353,6.55686776154569,6.30270886766409,6.08552375393193,5.88425576242333,5.66650259804896,5.43379403940744,5.16107281315848,4.90130249554573,4.62059039783058,4.36468103198394,4.14785666023783,3.92162494689543,3.70575606468568,3.50026182097897,3.31984425868846,3.14569236438396,2.98472002594837,2.81080399242967,2.67128029146111,2.54444334573861,2.41688723908041,2.28791355346475,2.17640876234576,2.0792430050551,1.9703699742173
"Anguilla","AIA","Median","Under-five Mortality Rate","Total",,,,,,,,,,,,,,,,,,,,,,,,,,,,,,,,,,,,,,,,,,,,,,,,,,,,,,,25.2052551266104,23.811015114121,22.5200664852735,21.3229806261898,20.1928726376747,19.1623738955664,18.1783337061377,17.244761029185,16.4074335511699,15.6462283869757,14.8645358430512,14.173848280701,13.5391532398066,12.9552923850344,12.4268694774329,11.9527037961856,11.5173149431791,11.1329475459631,10.7485642838666,10.3947129123855,10.0456161308125,9.72829985538734,9.42882485924829,9.14260343470334,8.88682962340887,8.61951151979567,8.36379478228645,8.13644449603493,7.88844869027568,7.66129038303186,7.44768446997344,7.22781530612679,7.0082771071243,6.78746961274679,6.58936051618736,6.3870757394028,6.18407569450271,5.97878356954487,5.78181602976017,5.60772946262427,5.42976031005557,5.25274189390046,5.0979621392975,4.94460682592504,4.79470774867335,4.63911515825153
"Anguilla","AIA","Upper","Under-five Mortality Rate","Total",,,,,,,,,,,,,,,,,,,,,,,,,,,,,,,,,,,,,,,,,,,,,,,,,,,,,,,39.8904314594585,36.6752181380889,33.8351301405227,31.4510028478661,29.3668538606331,27.556165495174,25.8457305184302,24.4663632428068,23.1652885545181,22.0841615545578,21.0344675597686,20.1445938055596,19.2992637434407,18.6262507872602,17.9050012119906,17.3055356532967,16.6642155266817,16.120228830712,15.6621181160146,15.1760533952869,14.8147449079861,14.4403092787781,14.0955089623804,13.6903971769607,13.3240321219513,13.1291539286593,12.9285460404822,12.8037223090917,12.8158521764376,12.8268723158797,12.8749166062578,12.8583917382497,12.7366995674396,12.6409339089007,12.4917692128455,12.3952121288516,12.2822481639168,12.1689513456586,12.0676041069901,11.9615936020287,11.8413932821827,11.7528403227072,11.6685524250054,11.5017769293707,11.3748547506462,11.2282859461318
"Turks and Caicos Islands","TCA","Lower","Under-five Mortality Rate","Total",,,,,,,,,,,,,,,,,,,,,,,,,,,,,124.631314271187,117.452528314626,109.233135383711,101.220568985191,93.2373702658678,86.0713132813483,79.6157020854554,74.0724425506229,69.0382341755306,64.5776016031441,60.6717869663438,57.2363453611336,54.1141014951485,51.0915591387727,48.1489456340198,45.3149300298853,42.2895351208712,39.3692711643522,36.4042349908478,33.5811459186604,30.9115774896587,28.4663977755363,26.1700234197355,24.1520356302204,22.3001900749624,20.6880941939955,19.2014723170429,17.907200464225,16.729330755913,15.7106652847582,14.7771303599779,13.9945534389603,13.2466929500474,12.5844387957441,11.9921356281944,11.4564191262545,10.9809286851574,10.5666398422088,10.1932052143022,9.87433802629088,9.57000022226818,9.28686381623678,9.01467550607101,8.73275024845128,8.3891663509103,7.94046332630851,7.42999081196961,6.8836570591939,6.30396247007772,5.73257608324784,5.19544432810154,4.69997241897732,4.26267842914499,3.85754411543981,3.48437206526615,3.15904996719792,2.85061617049377,2.55262450562146,2.31047780692245,2.11865058665964,1.95660604150701,1.8189652107859,1.71665230411578,1.6013869824618,1.51815812728725,1.44248217214263,1.36796718125409,1.30374796369816,1.24334851068526,1.18286132940978,1.13539412496077,1.08898061645913
"Turks and Caicos Islands","TCA","Median","Under-five Mortality Rate","Total",,,,,,,,,,,,,,,,,,,,,,,,,,,,,147.266373347836,137.247571993017,128.038444872281,119.431040646598,111.387830759161,103.860521468552,96.9986518438732,90.5993217120348,84.5650756820994,79.0625908828023,73.937512143118,69.2287354273999,64.8381927044143,60.7294560034056,56.9123430441527,53.3620364668633,50.0702564967566,47.0878510947455,44.2974590110497,41.6447401765349,39.2152271176933,36.9547989513632,34.7777408628843,32.7940309164163,30.9772243430223,29.2893161979558,27.6171980976777,26.1195656185745,24.6520790660491,23.2841985030418,22.0135814775787,20.797844577167,19.6738827968646,18.5858859756509,17.5782130478057,16.6208796971037,15.690234442252,14.8012450481899,13.9784555365225,13.2009566523461,12.4644372098093,11.7418160253202,11.0830008214428,10.4588340878828,9.88402250024138,9.36183080757902,8.90424906724807,8.504296884937,8.13380513341178,7.80305839135589,7.51384662821113,7.2571633245506,7.00573216171092,6.79272313854883,6.58113136123819,6.38653998132196,6.20995225849268,6.01277578417577,5.82572870661547,5.64149887674788,5.47460273136748,5.29913534370769,5.12975244488229,4.95916063802976,4.80519013005581,4.65251043444404,4.49068470265673,4.33832197887774,4.19297582730566,4.06148237373315,3.93048200437509,3.79062428632556
"Turks and Caicos Islands","TCA","Upper","Under-five Mortality Rate","Total",,,,,,,,,,,,,,,,,,,,,,,,,,,,,175.0130708858,161.355606593036,150.479074219523,141.230884656313,133.106020264797,125.654388479327,118.185008296637,111.099629273934,103.787625311128,96.7413209021199,89.7787470691229,83.4424625192004,77.2196501330953,71.7516791656921,66.9776047890023,62.7757949176153,59.2090628661103,56.3834092112095,53.9592266271454,51.9990722552307,50.0368033521412,48.4665715223839,46.8361859659222,45.2236912119675,43.6534113988493,42.0869961791754,40.2654502743881,38.4394074154906,36.5860300528793,34.6496004485544,32.8663012828529,31.1704607785998,29.4351594479385,27.556477809466,25.7294077725386,23.9902604983023,22.3144902174242,20.6812752645418,19.0578529832043,17.4956272226586,16.0882037503351,14.7818297877763,13.5544187390138,12.5419829121883,11.7023125489932,11.1211210744244,10.7336894329008,10.5196241476393,10.4783631971135,10.5500077144547,10.6903206079095,10.9017789858706,11.1395271745194,11.4913283342197,11.8251098152176,12.260651443905,12.6953897823009,13.2494654947423,13.6764125223628,14.0538605634518,14.3104687939565,14.4093434304164,14.3812528475215,14.2682145192542,14.1289136071217,13.9571765065691,13.7440913244505,13.4936326553987,13.2938080914689,13.0260903793838,12.8439431213234,12.7254333529445
