CountryName,OfficialName,Code,ISO3Code,UNCode,UNICEFCode,MDGRegion1,MDGRegion1excl,MDGRegion3,MDGRegion4,MDGRegion5,MDGRegion6,UNICEFProgRegion1,UNICEFProgRegion2,MENAEMRORegion,ECACountries,WHORegion1,WBRegion1,WBRegion2,WBRegion3,WBRegion4,WBRegion5,UNPDRegion1,UNPDRegion2,UNPDRegion4,UNPDRegion5,OICRegion1,OICRegion2,OICRegion3,OICRegion4,Countdown.and.COIA.75.Priority.Countries,ECAAfrica,AURegion1,AURegion2,FragileCountries2013,FragileCountries2014,FragileCountries2015,FragileCountries2017,FragileCountries2018,FragileCountries2018OECD1,FragileCountries2018OECD2,FragileCountries2019,FCSCountries2020,FCSCountries20211,FCSCountries20212,FCSCountries20221,FCSCountries20222,USAIDcountry,M49Region1,M49Region2,M49Region3,SDGSimpleRegion1,SDGSimpleRegion2,SDGSimpleRegion3,SDGSimpleRegion4,SDGSimpleRegion5,SDGSimpleRegion6,SDGRegion1,SDGRegion2,SDGRegion3,SDGRegion4,SDGRegion5,SDGRegion6,HAC2020,HAC2019,GlobalStrategy,Conflict,UNICEFReportRegion1,UNICEFReportRegion2,Wealthdata1,Wealthdata2,Wealthdata3,WealthdataGlobal,Wealthall1,Wealthall2,Wealthall3,WealthallGlobal,UNRegion,AfricanEconomicCommunity,GAVICountries,JHURegion,SPhumanitarian,SPhighburden,JHUFragile2021,LiST_UNICEFProgramm,LiST_UNICEFReport,LiST_all,ListSBRESCAP,ListSBR,EAPRORegion1,EAPRORegion2,EAPRORegion3,EAPRORegion4,EAPRORegion5,EAPRORegion6,EAPRORegion7,EAPRORegion8,EAPRORegion9,EECA,SDGRCRegion1,SDGRCRegion2,SDGRCRegion3,SDGRCRegion4,SDGRCRegion5,SDGRCRegion6,SDGRCRegion7,SDGRCRegion8,SDGRCRegion9,SDGRCRegion10,SDGRCRegion11,SDGRCRegion12,SDGRCRegion13,SDGRCRegion14,SDGRCRegion15,SDGRCRegion16,SDGRCRegion17,SDGRCRegion18,SDGRCRegion19,SDGRCRegion20,SDGRCRegion21,SDGRCRegion22,SDGRCRegion23,SDGRCRegion24,SDGRCRegion25,SDGRCRegion26,SDGRCRegion27,SDGRCRegion28,SDGRCRegion29,SDGRCRegion30,SDGRCRegion31,pop01950,pop01951,pop01952,pop01953,pop01954,pop01955,pop01956,pop01957,pop01958,pop01959,pop01960,pop01961,pop01962,pop01963,pop01964,pop01965,pop01966,pop01967,pop01968,pop01969,pop01970,pop01971,pop01972,pop01973,pop01974,pop01975,pop01976,pop01977,pop01978,pop01979,pop01980,pop01981,pop01982,pop01983,pop01984,pop01985,pop01986,pop01987,pop01988,pop01989,pop01990,pop01991,pop01992,pop01993,pop01994,pop01995,pop01996,pop01997,pop01998,pop01999,pop02000,pop02001,pop02002,pop02003,pop02004,pop02005,pop02006,pop02007,pop02008,pop02009,pop02010,pop02011,pop02012,pop02013,pop02014,pop02015,pop02016,pop02017,pop02018,pop02019,pop02020,pop02021,pop02022,pop02023,pop02024,pop02025,pop02026,pop02027,pop02028,pop02029,pop02030,pop02031,pop02032,pop02033,pop02034,pop02035,pop02036,pop02037,pop02038,pop02039,pop02040,pop02041,pop02042,pop02043,pop02044,pop02045,pop02046,pop02047,pop02048,pop02049,pop02050,pop02051,pop02052,pop02053,pop02054,pop02055,pop02056,pop02057,pop02058,pop02059,pop02060,pop02061,pop02062,pop02063,pop02064,pop02065,pop02066,pop02067,pop02068,pop02069,pop02070,pop02071,pop02072,pop02073,pop02074,pop02075,pop02076,pop02077,pop02078,pop02079,pop02080,pop02081,pop02082,pop02083,pop02084,pop02085,pop02086,pop02087,pop02088,pop02089,pop02090,pop02091,pop02092,pop02093,pop02094,pop02095,pop02096,pop02097,pop02098,pop02099,pop1to41950,pop1to41951,pop1to41952,pop1to41953,pop1to41954,pop1to41955,pop1to41956,pop1to41957,pop1to41958,pop1to41959,pop1to41960,pop1to41961,pop1to41962,pop1to41963,pop1to41964,pop1to41965,pop1to41966,pop1to41967,pop1to41968,pop1to41969,pop1to41970,pop1to41971,pop1to41972,pop1to41973,pop1to41974,pop1to41975,pop1to41976,pop1to41977,pop1to41978,pop1to41979,pop1to41980,pop1to41981,pop1to41982,pop1to41983,pop1to41984,pop1to41985,pop1to41986,pop1to41987,pop1to41988,pop1to41989,pop1to41990,pop1to41991,pop1to41992,pop1to41993,pop1to41994,pop1to41995,pop1to41996,pop1to41997,pop1to41998,pop1to41999,pop1to42000,pop1to42001,pop1to42002,pop1to42003,pop1to42004,pop1to42005,pop1to42006,pop1to42007,pop1to42008,pop1to42009,pop1to42010,pop1to42011,pop1to42012,pop1to42013,pop1to42014,pop1to42015,pop1to42016,pop1to42017,pop1to42018,pop1to42019,pop1to42020,pop1to42021,pop1to42022,pop1to42023,pop1to42024,pop1to42025,pop1to42026,pop1to42027,pop1to42028,pop1to42029,pop1to42030,pop1to42031,pop1to42032,pop1to42033,pop1to42034,pop1to42035,pop1to42036,pop1to42037,pop1to42038,pop1to42039,pop1to42040,pop1to42041,pop1to42042,pop1to42043,pop1to42044,pop1to42045,pop1to42046,pop1to42047,pop1to42048,pop1to42049,pop1to42050,pop1to42051,pop1to42052,pop1to42053,pop1to42054,pop1to42055,pop1to42056,pop1to42057,pop1to42058,pop1to42059,pop1to42060,pop1to42061,pop1to42062,pop1to42063,pop1to42064,pop1to42065,pop1to42066,pop1to42067,pop1to42068,pop1to42069,pop1to42070,pop1to42071,pop1to42072,pop1to42073,pop1to42074,pop1to42075,pop1to42076,pop1to42077,pop1to42078,pop1to42079,pop1to42080,pop1to42081,pop1to42082,pop1to42083,pop1to42084,pop1to42085,pop1to42086,pop1to42087,pop1to42088,pop1to42089,pop1to42090,pop1to42091,pop1to42092,pop1to42093,pop1to42094,pop1to42095,pop1to42096,pop1to42097,pop1to42098,pop1to42099
Afghanistan,Afghanistan,67,AFG,4,AFG,Southern Asia,Southern Asia excluding India,"",Least developed countries,"",LLDC,South Asia,Programme countries,MENAEMRO,"",Eastern Mediterranean,South Asia,South Asia (excluding high-income),Low income,Low income,Low and middle income,Asia,"",Least developed countries,Excluding China,OIC,Asia/other,OIC Low income,"",Countdown,"","","",Fragile,Fragile,Fragile,Fragile,Fragile,Fragile,Extremely Fragile,Fragile,Fragile and Conflict-affected Situation,Fragile and Conflict-affected Situation,High-intensity Conflict,Fragile and Conflict-affected Situation,Conflict,USAID,Asia,Southern Asia,"",Central and Southern Asia,Southern Asia,Least developed countries,Landlocked developing countries,"","",Central and Southern Asia,Asia,Southern Asia,Southern Asia,Least Developed Countries (LDCs),Landlocked developing countries (LLDCs),HAC,HAC,Global Strategy,Conflict,South Asia,"",South Asia,"",Low income,Low and middle income,South Asia,"",Low income,Low and middle income,Asia-Pacific Group,"",GAVI,South Asia,Humanitarian,High burden,Fragile,South Asia,South Asia,LiST,LiSTSBR,LiSTSBR,"","","","","","","","","","","","","","","",ESCAP_ADB Group A (ADB_DMC_A),ESCAP_SAARC (SAARC),ESCAP_ECO (ECO),"",ESCAP_LDC (LDC_E),ESCAP_LLDC (LLDC_E),ESCAP_South and South-West Asia (SSWA),ESCAP_All countries,ESCAP_ADB Developing member countries (ADB_DMC),"","","","","","","","","","","","",ESCAP_Countries with Special Needs,"",ESCAP_WB Low Income Economies,"","",150157,151289,154441,157768,160813,164179,167776,171376,175106,178739,183005,187604,192509,197681,203113,208560,214429,220445,226725,233149,239440,246248,252845,260038,267752,274947,281772,288353,294593,299647,296111,276038,233995,226765,227264,240610,244773,243513,243353,251050,261512,256816,268801,325882,369495,401193,418403,433289,446824,461378,476024,463938,470477,511445,528956,530912,547184,559735,537509,545844,557293,563605,588904,607342,621130,640664,644630,652515,664216,675507,687760,706256,713091,720618,725816,729402,737075,741393,744786,748712,753513,755216,760481,761895,764837,767000,772935,779156,782312,786069,790926,793961,799349,801482,807115,809742,813833,814619,816023,816908,818477,819052,819569,818957,819357,822055,818275,820223,817241,814853,813927,810857,805080,803996,804072,799629,798653,800802,799136,792271,787385,784895,784694,782799,780570,777605,776901,774813,770604,772281,768427,764177,763974,760502,757213,750382,745695,742184,738477,735697,730790,723623,722578,719160,717240,714826,711800,705339,704409,699632,467532,467496,466995,470484,476903,486606,499052,512163,525736,539090,554146,570110,586958,604562,622937,642180,662405,682892,704498,726720,749823,773861,797324,822305,848347,874588,900164,923495,947433,967741,960419,898880,764874,740374,742357,780506,784833,780161,781692,810485,848334,834693,876090,1065072,1212567,1327126,1396998,1462992,1525099,1586976,1651719,1623035,1658057,1817994,1900792,1928328,1976980,2022160,2046596,2079763,2096600,2113361,2138727,2180730,2244305,2312421,2375248,2436621,2485610,2531423,2573584,2620318,2668193,2719820,2766700,2807359,2836379,2859451,2881824,2901890,2921941,2940519,2956122,2971801,2987034,2999728,3012003,3024974,3040979,3059376,3078399,3097604,3114330,3130888,3147802,3164140,3180758,3196352,3210575,3221814,3230079,3236334,3241298,3245804,3249019,3250893,3253457,3254705,3255121,3255172,3250535,3245201,3238750,3228083,3217074,3207365,3197297,3189154,3185203,3181622,3175716,3166539,3152971,3138089,3126851,3119404,3112756,3105484,3097894,3089146,3081951,3075426,3065946,3057733,3048777,3037393,3025133,3009113,2990955,2972708,2956408,2941999,2925330,2908301,2892392,2877651,2866981,2857478,2845176,2831986
Albania,Albania,146,ALB,8,ALB,"","","","","","",Europe and Central Asia,Programme countries,"","",Europe,Europe and Central Asia,Europe and Central Asia (excluding high-income),Middle income,Upper middle income,Low and middle income,Europe,"","","",OIC,Asia/other,OIC Lower middle income,OIC Middle income,"","","","",Non-fragile,Non-fragile,Non-fragile,Non-fragile,Non-fragile,Non-fragile,"",Non-fragile,non-FCS,non-FCS,"",non-FCS,"","",Europe,Southern Europe,"",Europe and Northern America,Europe,"","","North America, Europe, Australia and New Zealand","Australia and New Zealand, Central Asia, Europe and North America",Europe and Northern America,Europe,Southern Europe,"","","","","","",Non conflict,Europe and Central Asia,Eastern Europe and Central Asia,Europe and Central Asia,Eastern Europe and Central Asia,Upper middle income,Low and middle income,Europe and Central Asia,Eastern Europe and Central Asia,Upper middle income,Low and middle income,Eastern European Group,"","",Eastern Europe and Central Asia,Non-humanitarian,Non-high burden,"",Europe and Central Asia,Eastern Europe and Central Asia,LiST,"",LiSTSBR,"","","","","","","","","",EECA,"",ECE_All countries,"",ECE_West Balkans (ST7),"","","","","","","","",ESCAP_Europe (Europe),"","","","","","","","","","","","","","","","","","",21033,21974,22947,24289,25599,26801,27942,28997,30211,31399,32294,33024,33486,33840,33981,33904,33999,34537,35287,36032,36409,36940,37489,37986,38517,39109,39371,39355,39281,39213,39409,39908,40711,41348,41745,41849,41838,41882,41767,41307,40812,39940,38947,37808,37268,36530,35197,33224,31418,29874,28229,26532,24893,23800,22535,21176,19890,18934,18400,18178,18135,18161,18332,18377,18177,17551,16864,16212,15643,15308,15147,14998,14757,14655,14546,14446,14330,14134,13924,13658,13435,13143,12850,12557,12262,11989,11676,11418,11131,10888,10653,10449,10232,10061,9893,9725,9558,9416,9280,9130,8983,8858,8691,8566,8439,8363,8231,8088,7984,7880,7759,7631,7507,7371,7236,7068,6893,6756,6604,6434,6270,6092,5925,5780,5662,5527,5399,5271,5153,5025,4921,4801,4699,4608,4496,4417,4318,4241,4137,4048,3936,3841,3745,3655,3561,3455,3358,3239,3136,3024,73986,76996,80353,83971,87909,92254,96997,102007,106937,111798,116732,121533,126040,129892,132867,134955,136168,136786,137438,138585,140473,142721,144934,146933,148601,150222,151907,153326,154206,154480,154249,153865,153942,154845,156480,158363,160000,160959,161366,161360,160736,159487,157350,154278,150503,146432,142554,138516,133750,128072,121754,115319,109081,103083,97463,92215,87469,83056,78816,75150,72375,70663,69797,69487,69512,69542,69130,67850,65693,62977,60456,58699,57400,57484,57720,57816,57776,57456,56964,56384,55663,54806,53853,52810,51721,50579,49415,48255,47103,45973,44862,43811,42825,41902,41050,40268,39534,38842,38189,37565,36966,36384,35822,35247,34671,34122,33608,33139,32671,32205,31736,31256,30797,30329,29833,29314,28768,28173,27555,26932,26298,25671,25026,24349,23686,23061,22480,21942,21427,20919,20413,19927,19455,18998,18566,18148,17744,17366,16992,16630,16267,15890,15497,15100,14710,14327,13947,13559,13156,12733
Algeria,Algeria,50,DZA,12,ALG,Northern Africa,Northern Africa,North Africa,"","","",Middle East and North Africa,Programme countries,MENAEMRO,"",Africa,Middle East and North Africa,Middle East and North Africa (excluding high-income),Middle income,Lower middle income,Low and middle income,Africa,"",Excluding least developed countries,Excluding China,OIC,Arab,OIC Upper middle income,OIC Middle income,Countdown,North Africa,Africa,Northern Africa,Non-fragile,Non-fragile,Non-fragile,Non-fragile,Non-fragile,Non-fragile,"",Non-fragile,non-FCS,non-FCS,"",non-FCS,"","",Africa,Northern Africa,"",Northern Africa and Western Asia,Northern Africa,"","","","",Northern Africa and Western Asia,Northern Africa,Northern Africa,Northern Africa (exc. Sudan),"","","","","",Non conflict,Middle East and North Africa,"",Middle East and North Africa,"",Lower middle income,Low and middle income,Middle East and North Africa,"",Lower middle income,Low and middle income,African Group,"","",Middle East and North Africa,Non-humanitarian,High burden,"",Middle East and North Africa,Middle East and North Africa,LiST,"",LiSTSBR,"","","","","","","","","","",ECA_North Africa,ECA_All countries,"","","","","","","","","","",ESCAP_Africa (AFR),ECA_African Union Commission,ECA_AMU,"","","","","",ECA_Oil producing economies,"",ECA_Mineral-rich countries,"","","","","","",ESCWA_Arab countries,ESCWA_Maghreb subregion,198035,209560,213840,218480,223419,228328,232927,237349,242223,246243,250409,254993,263224,268195,272565,274940,271813,274889,279679,285344,291250,296873,302352,308381,315491,323037,342381,352444,358777,368590,381869,393081,401789,407984,412041,415705,412781,408541,402371,397438,388267,386738,388951,384680,376746,352428,329073,311854,300784,296169,298324,301093,305231,317351,331615,347306,363295,383157,403397,422295,437921,452839,472017,479974,492158,502275,508004,510131,506572,499977,490278,478775,465978,452205,439299,427439,416581,407949,399871,394037,390256,388126,387573,388928,392587,395702,401070,405913,411442,416978,423814,430413,434503,439385,443145,446908,448274,448516,445789,442389,440132,434379,430294,424129,417659,413060,407725,402119,395649,390526,386679,382770,379606,377214,376338,376046,375593,376161,376563,378232,379428,379920,380880,381164,382584,382738,383102,382113,381762,380197,376691,373333,370228,367248,364805,359872,355769,353191,349144,345547,342393,339276,336915,335493,333054,331163,329529,328751,328416,327432,564268,600731,648354,694163,735151,762566,779815,797196,814242,831030,847156,862536,872911,897138,928195,962291,980091,982526,979632,977504,984425,1002128,1023887,1047238,1071925,1098340,1194034,1280280,1293695,1307681,1326688,1358627,1404984,1456104,1505887,1548787,1583200,1606942,1615817,1612924,1599663,1578904,1557352,1542241,1530837,1519514,1495481,1431490,1376410,1321694,1264102,1220484,1190778,1183787,1199975,1229088,1268983,1323128,1386748,1456764,1531113,1606160,1677710,1746282,1808521,1863476,1914698,1956236,1988232,2009427,2013887,2002839,1977467,1941156,1896881,1847577,1796724,1746854,1700804,1659864,1624371,1595551,1573514,1558500,1550869,1550533,1556388,1567729,1583654,1601977,1622406,1644756,1668671,1692532,1715199,1735902,1753503,1768370,1779411,1784627,1782868,1775966,1764303,1749131,1732120,1711359,1689419,1667602,1645359,1623497,1601269,1579656,1559787,1542534,1528357,1516988,1508988,1504110,1502017,1501930,1503396,1506704,1510621,1514718,1518302,1521294,1524314,1526784,1528254,1528117,1526212,1521341,1513324,1502845,1490345,1477976,1465285,1451144,1436902,1421971,1407000,1393368,1379749,1366796,1355988,1346504,1337928,1330341,1323387,1317932
Andorra,Andorra,167,AND,20,AND,"","","","","","",Non-programme countries,"","","",Europe,Europe and Central Asia,"",High income,High income,"",Europe,"","","","","","","","","","","","","","","","",Non-fragile,"","",non-FCS,non-FCS,"",non-FCS,"","",Europe,Southern Europe,"",Europe and Northern America,Europe,"","","North America, Europe, Australia and New Zealand","Australia and New Zealand, Central Asia, Europe and North America",Europe and Northern America,Europe,Southern Europe,"","","","","","","",Europe and Central Asia,Western Europe,"","","","","","","","",Western European and Others Group (WEOG),"","",High Income Countries,Non-humanitarian,Non-high burden,"","","","","","","","","","","","","","","","","",ECE_All countries,"","","","","","","","","","",ESCAP_Europe (Europe),"","","","","","","","","","","","","","","","","","",47,49,46,42,41,47,56,64,73,83,93,104,114,125,136,147,158,167,177,189,202,216,234,249,264,274,254,249,241,234,295,283,318,301,253,272,283,283,306,318,305,329,358,348,349,353,372,386,382,413,372,382,407,379,417,439,456,431,464,435,439,408,387,347,349,362,342,319,292,296,295,284,288,292,289,287,284,282,283,283,282,282,282,282,283,283,284,286,287,287,288,287,284,283,279,276,272,268,263,257,252,247,242,240,237,234,232,232,231,233,234,235,236,238,240,239,240,240,241,242,243,242,242,242,242,241,240,239,238,235,234,233,231,230,227,227,225,224,224,222,221,222,222,222,223,223,224,224,225,225,208,209,188,178,177,206,231,264,306,353,398,444,489,530,570,605,636,669,704,739,782,836,904,977,1053,1127,1189,1228,1232,1196,1119,995,845,892,986,1012,931,969,1056,1126,1162,1138,1194,1273,1339,1386,1402,1423,1444,1450,1439,1403,1488,1584,1651,1670,1615,1602,1642,1672,1636,1501,1484,1503,1485,1426,1276,1239,1165,1082,1066,1048,1069,973,972,1030,1121,1172,1163,1154,1149,1146,1145,1145,1145,1146,1146,1147,1150,1154,1158,1161,1163,1162,1159,1152,1143,1131,1118,1104,1085,1066,1044,1023,1005,989,975,963,954,948,943,944,948,951,957,962,967,971,973,976,978,980,983,985,986,985,984,983,979,976,971,965,958,952,945,940,933,928,923,918,913,908,905,903,902,902,904,906,908,910
Angola,Angola,1,AGO,24,ANG,Sub-Saharan Africa,Sub-Saharan Africa,South Africa,Least developed countries,"","",Eastern and Southern Africa,Programme countries,"","",Africa,Sub-Saharan Africa,Sub-Saharan Africa (excluding high-income),Middle income,Lower middle income,Low and middle income,Africa,Sub-Saharan Africa,Least developed countries,Excluding China,"","","","",Countdown,Southern Africa,Africa,Southern Africa,Fragile,Non-fragile,Non-fragile,Non-fragile,Non-fragile,Fragile,Other Fragile,Non-fragile,non-FCS,non-FCS,"",non-FCS,"","",Africa,Middle Africa,"",Sub-Saharan Africa,"",Least developed countries,"","","",Sub-Saharan Africa,Sub-Saharan Africa,Middle Africa,Sub-Saharan Africa (inc. Sudan),Least Developed Countries (LDCs),"",HAC,HAC,"",Non conflict,Sub-Saharan Africa,Eastern and Southern Africa,Sub-Saharan Africa,Eastern and Southern Africa,Lower middle income,Low and middle income,Sub-Saharan Africa,Eastern and Southern Africa,Lower middle income,Low and middle income,African Group,Economic Community of Central African States,GAVI,Eastern and Southern Africa,Non-humanitarian,High burden,"",Eastern and Southern Africa,Eastern and Southern Africa,LiST,"",LiSTSBR,"","","","","","","","","","",ECA_Southern Africa,ECA_All countries,"","","","","","","","","","",ESCAP_Africa (AFR),ECA_African Union Commission,ECA_ECCAS,ECA_SADC,"","","","",ECA_Oil producing economies,ECA_Least developed countries,"","",ECA_Oil LDCs,ECA_Sub-Saharan Africa,"","","","","",88707,92692,95872,99238,102599,105869,109053,112136,115138,118097,120974,123764,126051,128120,130063,131909,133560,134932,136156,137427,139106,140735,143771,148431,153713,159039,164628,170370,176690,183458,190689,198576,206851,215535,225019,234597,243857,252009,259996,267822,275286,283142,289288,296024,303850,311945,320368,328619,336643,346299,357015,369105,381482,394608,408731,423621,438027,452464,467090,482124,496591,510285,524711,539067,552841,565925,578638,592289,605809,619605,634150,647784,658642,669324,680564,691955,704124,715858,728211,739806,752295,764861,775445,786723,797733,809432,821234,831590,840335,849428,860658,870055,875194,886155,892960,898397,906375,912486,918925,926087,931266,937301,943820,949493,954948,957667,963689,971149,971540,969729,972817,976773,978532,985144,987216,987419,993958,991298,991776,996939,1000787,1002602,1000193,1002460,1002025,1005165,999189,998500,1001915,1000624,1003887,1004119,1005846,1004666,1003695,1006756,1005691,1002376,1003115,999008,997741,998813,997849,998274,995503,994447,991953,987005,983539,982957,273562,277441,284262,293269,305996,319170,331464,344015,356242,368175,379440,390617,398419,406603,414961,423347,431380,438842,445781,452226,458437,464267,471417,480528,492183,506369,522912,541481,561539,582620,605058,629039,654703,681828,710353,740818,773017,805148,836416,866902,896185,925258,953259,979928,1006567,1033776,1061187,1090044,1119865,1150339,1182864,1218534,1258480,1303857,1354237,1408641,1466257,1526386,1588444,1651552,1715181,1779280,1843173,1906727,1969470,2030824,2090587,2148719,2204913,2260027,2315195,2370933,2426921,2479486,2528534,2574713,2618833,2663633,2710075,2757458,2805455,2853656,2902513,2950636,2997653,3043844,3088830,3134306,3179866,3223519,3264682,3304490,3343680,3380279,3416358,3451057,3481115,3511417,3540526,3566821,3594396,3621080,3646223,3671644,3696255,3720354,3742792,3763314,3784907,3804421,3818728,3829560,3837318,3844409,3857210,3873325,3886141,3900009,3911167,3916538,3924664,3933703,3943641,3954315,3961583,3965305,3967870,3969299,3967169,3966000,3964381,3965521,3971964,3977257,3981821,3984165,3986014,3987962,3987131,3986376,3982583,3975047,3970232,3966533,3964242,3963455,3960481,3955711,3947252,3935802
Antigua & Barbuda,Antigua and Barbuda,105,ATG,28,ANT,Latin America and the Caribbean,Latin America and the Caribbean,"","",Caribbean,SIDS,Latin America and Caribbean,Programme countries,"",Eastern Caribbean Area,Americas,Latin America and the Caribbean,"",High income,High income,"",Latin America and the Caribbean,"",Excluding least developed countries,Excluding China,"","","","","","","","","","","","","",Non-fragile,"","",non-FCS,non-FCS,"",non-FCS,"","",Americas,Latin America and the Caribbean,Caribbean,Latin America and the Caribbean,"","",Small island developing States,"","",Latin America and the Caribbean,Latin America and the Caribbean,Caribbean,Latin America and the Caribbean,"",Small island developing States (SIDS),"","","",Non conflict,Latin America and Caribbean,"","","","","","","","","",Latin American and Caribbean Group (GRULAC),"","",Latin America and Caribbean,Non-humanitarian,Non-high burden,"","","","","","","","","","","","","","","","","",ECLAC_All countries,"","",ECLAC_Carribean,"","","","","","","",ESCAP_Latin America (LAC),"","","","","","","","","","","","","","","","","","",778,806,817,829,843,858,873,888,903,918,932,947,959,972,976,968,950,925,899,872,845,815,791,769,741,721,741,770,751,793,739,703,690,703,689,716,671,667,670,672,669,596,618,614,637,677,724,715,675,659,735,697,669,650,636,629,630,642,704,708,644,626,600,562,555,569,538,541,506,530,565,571,568,565,560,558,553,550,546,542,538,532,525,520,514,507,498,492,487,482,477,470,464,459,455,452,449,444,439,436,434,431,430,428,427,425,423,421,420,418,414,411,406,402,400,397,393,389,384,381,377,374,371,368,365,362,359,355,354,351,349,346,344,341,339,338,337,335,334,332,330,326,323,322,321,319,317,314,309,307,2770,2800,2864,2938,3025,3098,3150,3205,3263,3323,3387,3452,3500,3551,3604,3713,3774,3795,3798,3799,3817,3696,3501,3293,3084,2935,2847,2794,2793,2819,2877,2919,2880,2817,2745,2685,2661,2637,2598,2566,2566,2586,2578,2563,2571,2595,2673,2772,2851,2886,2851,2825,2811,2774,2755,2691,2608,2566,2552,2596,2676,2716,2703,2632,2495,2376,2307,2248,2206,2171,2126,2127,2158,2206,2255,2263,2252,2238,2223,2209,2194,2179,2163,2142,2120,2097,2073,2047,2020,1993,1967,1944,1921,1899,1876,1854,1834,1819,1804,1789,1773,1757,1744,1733,1725,1718,1712,1706,1698,1690,1683,1674,1665,1653,1639,1625,1611,1598,1583,1568,1552,1536,1521,1507,1494,1482,1470,1458,1445,1433,1422,1411,1402,1392,1382,1373,1364,1357,1351,1345,1340,1334,1326,1316,1305,1295,1286,1279,1272,1262
Azerbaijan,Azerbaijan,138,AZE,31,AZE,Caucasus and Central Asia,Caucasus and Central Asia,"","","",LLDC,Europe and Central Asia,Programme countries,"","",Europe,Europe and Central Asia,Europe and Central Asia (excluding high-income),Middle income,Upper middle income,Low and middle income,Asia,"",Excluding least developed countries,Excluding China,OIC,Asia/other,OIC Upper middle income,OIC Middle income,Countdown,"","","",Non-fragile,Non-fragile,Non-fragile,Non-fragile,Non-fragile,Non-fragile,"",Non-fragile,non-FCS,Fragile and Conflict-affected Situation,High-intensity Conflict (International),non-FCS,"","",Asia,Western Asia,"",Northern Africa and Western Asia,Western Asia,"",Landlocked developing countries,"","",Northern Africa and Western Asia,Asia,Western Asia,Caucasus and Central Asia,"",Landlocked developing countries (LLDCs),"","","",Non conflict,Europe and Central Asia,Eastern Europe and Central Asia,Europe and Central Asia,Eastern Europe and Central Asia,Upper middle income,Low and middle income,Europe and Central Asia,Eastern Europe and Central Asia,Upper middle income,Low and middle income,Eastern European Group,"",GAVI,Eastern Europe and Central Asia,Non-humanitarian,Non-high burden,"",Europe and Central Asia,Eastern Europe and Central Asia,LiST,LiSTSBR,LiSTSBR,"","","","","","","","","",EECA,"",ECE_All countries,"ECE_Eastern Europe, Caucasus and Central Asia (CIS)",ECE_CIS (CWG),"",ESCAP_ADB Group C (ADB_DMC_C),"",ESCAP_ECO (ECO),"","",ESCAP_LLDC (LLDC_E),ESCAP_North and Central Asia (NCA),ESCAP_All countries,ESCAP_ADB Developing member countries (ADB_DMC),"","","","","","","","","","","","",ESCAP_Countries with Special Needs,"",ESCAP_WB Upper Middle Income Economies,"","",53743,56919,59873,63245,66980,71043,75407,79880,84371,88598,92436,95554,97349,98124,97459,95403,93065,89285,86273,83945,82075,80616,79186,78054,78044,78244,78369,78808,79440,81418,84384,87602,90956,94538,98290,101463,103482,106645,108353,107032,103667,101602,98749,95082,91291,88288,84007,79828,76326,73617,72033,70596,70209,71635,74582,77563,81463,85872,90115,93555,95594,98481,100467,100930,99967,96403,90412,78621,74919,76531,69686,66532,64607,62844,61516,60589,60196,60252,60271,60799,61508,62122,63017,63570,64086,64130,64138,63854,63157,62084,61099,59910,58529,57316,56141,55039,54145,53153,52281,51353,50633,49926,49432,49085,48847,48532,48458,48521,48332,48113,48058,47967,47879,47461,47253,47216,46948,46799,46241,45959,45579,45219,44706,44272,43790,43348,42828,42330,41714,41299,40875,40555,40149,39814,39489,39260,38879,38587,38402,38220,37948,37749,37594,37397,37157,36982,36884,36482,36390,36171,138066,163326,184657,200999,215027,227783,240963,255573,271307,287846,304694,321206,336638,349837,359879,365903,367079,364002,356836,346757,336170,325924,317372,310662,304981,300892,298483,291957,288315,287066,293601,301925,312866,325281,337869,351369,365121,377868,389830,400195,404766,406100,402643,394713,384165,371930,360071,346856,332278,315185,302444,293290,286366,281522,279552,279583,285889,298312,314940,332032,347089,360005,371545,381901,390297,396020,396762,390064,373007,348822,326780,306840,290934,280328,268207,257477,250910,245939,242657,240939,240596,241517,243208,245608,248423,251084,253336,254815,255424,254987,253371,250718,247130,242769,238048,233190,228292,223728,219520,215558,211833,208272,204950,201971,199493,197547,196024,194904,194198,193693,193239,192845,192363,191865,191314,190566,189791,188947,188166,187327,186155,184829,183340,181781,180168,178416,176582,174707,172799,170781,168717,166733,164896,163259,161758,160338,159014,157743,156502,155364,154317,153343,152477,151665,150852,150049,149277,148547,147723,146882
Argentina,Argentina,106,ARG,32,ARG,Latin America and the Caribbean,Latin America and the Caribbean,"","",Latin America,"",Latin America and Caribbean,Programme countries,"","",Americas,Latin America and the Caribbean,Latin America and the Caribbean (excluding high-income),Middle income,Upper middle income,Low and middle income,Latin America and the Caribbean,"",Excluding least developed countries,Excluding China,"","","","","","","","",Non-fragile,Non-fragile,Non-fragile,Non-fragile,"",Non-fragile,"",Non-fragile,non-FCS,non-FCS,"",non-FCS,"","",Americas,Latin America and the Caribbean,South America,Latin America and the Caribbean,"","","","","",Latin America and the Caribbean,Latin America and the Caribbean,South America,Latin America and the Caribbean,"","","","","",Non conflict,Latin America and Caribbean,"","","","","",Latin America and Caribbean,"",Upper middle income,Low and middle income,Latin American and Caribbean Group (GRULAC),"","",Latin America and Caribbean,Non-humanitarian,Non-high burden,"",Latin America and the Caribbean,Latin America and Caribbean,LiST,"",LiSTSBR,"","","","","","","","","","","",ECLAC_All countries,"","",ECLAC_Latin America,"","","","","","","",ESCAP_Latin America (LAC),"","","","","","","","","","","","","","","","","","",213048,216858,220252,223177,225459,227748,230649,234644,233889,234014,234974,236931,241678,244813,246560,248503,251041,253999,257098,262637,270272,277515,286158,296323,307088,317905,326752,333977,339030,341144,340986,339895,338326,338130,339036,340754,343188,346054,349130,352158,358582,362144,364810,368037,370932,368763,364391,360615,360348,363240,362265,359291,358795,357121,358730,362883,364541,364946,364606,368521,372993,375914,378332,380144,381252,381573,374508,363976,345095,336842,324797,320258,319180,317839,317149,316899,316929,316980,316635,316322,316191,315315,315768,315654,315746,315115,314574,314194,312490,310493,308934,307102,304661,303376,301205,299086,297011,295563,292596,289691,287367,284670,282351,279071,277242,273865,272288,269927,267838,265888,264843,263213,262201,261415,260704,260316,258518,258075,256409,254946,253277,252110,250590,249325,247181,244975,243723,243017,240847,240172,237439,235854,233834,232341,230536,228558,227464,225485,223779,222476,221284,219566,218436,217268,215819,214782,213810,212524,211460,210421,787492,802878,817128,830587,844429,857701,869285,880062,891375,901168,908034,913123,916552,922772,933403,944928,956593,966841,976216,986883,1000526,1018929,1042033,1070430,1103934,1141114,1180033,1219726,1257531,1290755,1317232,1335432,1345422,1348352,1347372,1346116,1346825,1350861,1358206,1367854,1378864,1392313,1407767,1423340,1439040,1453057,1462254,1464939,1460534,1451302,1443682,1440510,1439111,1437478,1433179,1428190,1428844,1434164,1441374,1448535,1454588,1462258,1472714,1485780,1498823,1508681,1515488,1515745,1504425,1476275,1434233,1386405,1340012,1307094,1286343,1274252,1269824,1267339,1265991,1265467,1264977,1264353,1263120,1261907,1261264,1260773,1260527,1259808,1258434,1255972,1251850,1246610,1240118,1232557,1225151,1217780,1209880,1202108,1194433,1186184,1177105,1167559,1157216,1146652,1136278,1125943,1115490,1105093,1095651,1086436,1077861,1070319,1063342,1057322,1052447,1048254,1044868,1041612,1038075,1034228,1029248,1023905,1018275,1012356,1006686,1000812,994090,987057,980560,974282,968847,963298,956392,949287,941825,934488,927441,920656,914085,907251,900911,894825,888793,883240,878022,872675,867597,862963,858279,853757
Australia,Australia,169,AUS,36,AUS,"","","","","","",Non-programme countries,"","","",Western Pacific,East Asia and Pacific,"",High income,High income,"",Oceania,"","","","","","","","","","","","","","","","",Non-fragile,"","",non-FCS,non-FCS,"",non-FCS,"","",Oceania,Australia and New Zealand,"",Oceania,Australia and New Zealand,"","","North America, Europe, Australia and New Zealand","Australia and New Zealand, Central Asia, Europe and North America",Australia and New Zealand,Oceania,Australia and New Zealand,"","","","","","","",East Asia and Pacific,"","","","","","","","","",Western European and Others Group (WEOG),"","",High Income Countries,Non-humanitarian,Non-high burden,"","","","","","","","","","",EAPR Countries,EAPR Countries (excluding China),Pacific Countries,Pacific Countries (excluding PNG),"","","","","","","","","","","","","",ESCAP_PACIFIC (PAC),ESCAP_All countries,"","","","","","","","","","","","","","","",ESCAP_WB High Income Economies,"","",94161,96136,100174,100843,100828,103258,105759,109153,110415,112201,114480,119239,118114,117650,114586,111602,111992,114452,119639,124338,128478,138912,137122,129341,124174,118583,115531,114961,113921,113440,114514,118884,121386,123027,119860,124472,123283,123534,124726,127020,132658,131465,134056,132834,131859,130696,129455,128206,127213,126637,127113,125905,127584,127793,129401,133810,137437,146632,151587,151953,153275,153160,156357,156817,154040,156603,159007,160053,163202,156378,152857,152962,153852,154636,155328,155857,156150,156555,156589,155989,155735,155373,154877,154926,155457,155573,156012,157060,157515,158213,159095,159808,161010,161941,162688,163055,163353,163470,163295,163075,162770,162514,162661,163209,163079,162844,162814,163602,163364,163429,163329,163891,163985,164281,164475,164907,165329,165257,166274,167096,167240,167140,167439,168215,168986,169536,169915,169979,170539,170900,171760,171798,171744,171790,172214,173060,172505,172485,172184,172106,172552,172899,172830,173678,173676,173666,174635,174462,174115,175100,357023,372890,380275,386220,394366,401814,408873,415888,423449,432545,442639,452764,462394,470328,476104,478303,476793,472431,468045,469672,478951,497293,516137,527146,531897,528224,514066,495255,480378,470387,464614,464022,468410,475581,482939,489137,493792,497128,500817,505866,511633,517983,524378,528981,531128,531535,531084,530629,529315,526226,523042,521690,521166,520488,520177,521572,526483,538297,557056,576677,591303,598246,606196,619044,629416,635823,641693,647371,648938,646748,643394,635593,628902,626570,624709,625362,628681,631270,633307,634833,635400,635149,634269,632737,631385,630839,630895,631675,633460,635615,638003,640950,643867,647028,650722,654381,657765,660464,662278,663226,663438,663078,662246,661464,661310,661600,661929,662161,662446,662800,663254,663826,664205,664679,665465,666504,667598,668797,669954,671384,673478,675525,677401,678867,679958,681454,683628,686112,688171,689765,691204,692841,694711,696165,697144,697768,698669,699703,700382,700658,700037,699616,699963,700528,701734,703109,703984,705343,706630,707127
Austria,Austria,168,AUT,40,ATR,"","","","","","",Non-programme countries,"","","",Europe,Europe and Central Asia,"",High income,High income,"",Europe,"","","","","","","","","","","","","","","","",Non-fragile,"","",non-FCS,non-FCS,"",non-FCS,"","",Europe,Western Europe,"",Europe and Northern America,Europe,"","","North America, Europe, Australia and New Zealand","Australia and New Zealand, Central Asia, Europe and North America",Europe and Northern America,Europe,Western Europe,"","","","","","","",Europe and Central Asia,Western Europe,"","","","","","","","",Western European and Others Group (WEOG),"","",High Income Countries,Non-humanitarian,Non-high burden,"","","","","","","","","","","","","","","","","",ECE_All countries,ECE_European Union (E25),ECE_Euro area (EMU),"","","","","","","","",ESCAP_Europe (Europe),"","","","","","","","","","","","","","","","","","",52839,50762,50423,50684,51153,53126,56335,58332,59671,61569,62536,65013,66111,66897,66597,65015,64099,63620,63220,60923,56774,54387,52179,49447,48885,47355,44494,43321,43113,43706,45634,47356,47816,45944,45172,44498,44178,44092,44692,44987,45763,47557,48543,48352,47169,45723,45282,43244,41636,40132,39754,38678,39339,39165,39810,39681,39515,38874,39382,39116,39772,40004,40322,40547,41498,42762,44350,44728,43779,43329,42666,43256,43266,43142,42799,42665,42340,41892,41429,40899,40396,39921,39501,39010,38684,38361,38072,37775,37601,37510,37439,37454,37463,37516,37675,37837,37956,38058,38150,38247,38345,38257,38175,38156,38005,37901,37860,37653,37438,37209,37064,36741,36575,36316,36038,35788,35547,35357,35109,35041,34946,34769,34771,34789,34676,34676,34657,34653,34725,34813,34830,34960,34905,34924,34777,34766,34630,34550,34373,34328,34226,34017,33937,33859,33687,33532,33476,33295,33234,33249,210609,214293,211856,203736,199209,197742,199476,204669,212391,220796,229281,236844,243462,250530,256769,261245,263037,262008,259972,256418,252544,246833,239098,229264,218292,207731,198463,190953,184639,178905,174845,174904,179203,182930,186402,187012,185333,182788,180783,180416,181932,184528,189054,193116,194975,194929,192810,188770,184068,178953,174289,169165,164685,162725,162452,163193,164044,163715,162733,162071,161229,160951,162083,163475,165194,167492,171988,175545,178757,180240,180253,177864,175269,173710,173518,173814,173501,172673,171546,170210,168607,166715,164750,162808,160908,159129,157520,156049,154743,153613,152678,151972,151535,151343,151299,151450,151789,152245,152773,153280,153713,154108,154386,154470,154418,154177,153812,153483,153061,152508,151866,151105,150237,149348,148473,147499,146507,145519,144525,143592,142772,142124,141540,141098,140830,140569,140403,140312,140181,140154,140268,140431,140684,140926,141056,141068,140920,140671,140334,139936,139513,139093,138616,138131,137684,137172,136661,136196,135674,135170
Bahamas,Bahamas,107,BHS,44,BAH,Latin America and the Caribbean,Latin America and the Caribbean,"","",Caribbean,SIDS,Non-programme countries,"","","",Americas,Latin America and the Caribbean,"",High income,High income,"",Latin America and the Caribbean,"",Excluding least developed countries,Excluding China,"","","","","","","","","","","","","",Non-fragile,"","",non-FCS,Fragile and Conflict-affected Situation,Medium-intensity Conflict,non-FCS,"","",Americas,Latin America and the Caribbean,Caribbean,Latin America and the Caribbean,"","",Small island developing States,"","",Latin America and the Caribbean,Latin America and the Caribbean,Caribbean,Latin America and the Caribbean,"",Small island developing States (SIDS),"","","",Non conflict,Latin America and Caribbean,"","","","","","","","","",Latin American and Caribbean Group (GRULAC),"","",High Income Countries,Non-humanitarian,Non-high burden,"","","","","","","","","","","","","","","","","",ECLAC_All countries,"","",ECLAC_Carribean,"","","","","","","",ESCAP_Latin America (LAC),"","","","","","","","","","","","","","","","","","",1504,1534,1549,1572,1608,1658,1718,1777,1846,1921,2007,2110,2181,2246,2306,2375,2437,2505,2563,2612,2609,2623,2653,2636,2573,2465,2499,2553,2572,2603,2633,2684,2749,2802,2858,2909,2967,2989,3011,3111,3249,3391,3678,3677,3411,3430,3281,3322,3265,3017,2948,2954,2870,2794,2827,2999,2679,2783,2979,3024,2826,2669,2691,2402,2611,2534,2430,2341,2330,2323,2342,2343,2340,2346,2369,2386,2401,2423,2427,2431,2438,2433,2422,2414,2398,2382,2351,2326,2297,2275,2244,2221,2193,2164,2132,2116,2096,2071,2054,2038,2030,2022,2016,2007,2001,2002,2005,2002,2002,2004,2011,2011,2007,2007,2003,1991,1988,1982,1975,1967,1960,1950,1935,1922,1911,1897,1883,1876,1872,1863,1852,1848,1841,1837,1836,1834,1833,1834,1842,1839,1826,1825,1826,1829,1828,1833,1834,1832,1829,1828,4796,5008,5308,5607,5891,6110,6310,6556,6830,7129,7452,7798,8179,8570,8936,9331,9819,10339,10842,11270,11473,11211,10930,10655,10478,10425,10320,10160,10058,10036,10122,10264,10429,10624,10869,11122,11372,11603,11749,11889,12094,12394,12793,13340,13822,14073,14154,13945,13553,13323,13037,12661,12410,12235,12224,12329,12439,12555,12671,12772,12912,12740,12264,11750,11031,10495,10362,10154,10000,9820,9560,9400,9359,9381,9412,9451,9498,9555,9626,9693,9742,9782,9803,9803,9791,9762,9714,9651,9569,9472,9370,9262,9158,9054,8946,8834,8727,8629,8534,8450,8373,8303,8248,8206,8173,8145,8120,8107,8099,8100,8100,8106,8113,8121,8125,8122,8106,8085,8063,8037,8009,7984,7955,7918,7874,7828,7776,7725,7674,7634,7599,7567,7538,7508,7480,7461,7447,7435,7430,7434,7441,7438,7429,7415,7403,7400,7406,7414,7420,7421
Bahrain,Bahrain,51,BHR,48,BRN,Western Asia,Western Asia,"","","",SIDS,Middle East and North Africa,Programme countries,MENAEMRO,"",Eastern Mediterranean,Middle East and North Africa,"",High income,High income,"",Asia,"",Excluding least developed countries,Excluding China,OIC,Arab,OIC High income: nonOECD,OIC High income,"","","","","","","","","",Non-fragile,"","",non-FCS,non-FCS,"",non-FCS,"","",Asia,Western Asia,"",Northern Africa and Western Asia,Western Asia,"","","","",Northern Africa and Western Asia,Asia,Western Asia,"Western Asia (exc. Armenia, Azerbaijan, Cyprus, Israel and Georgia)","","","","","",Non conflict,Middle East and North Africa,"","","","","","","","","",Asia-Pacific Group,"","",Middle East and North Africa,Non-humanitarian,Non-high burden,"","","","","","","","","","","","","","","","","","","","","","","","","","","","",ESCAP_Other Area (OTH_REGION),"","","","","","","","","","","","","","","","",ESCWA_Arab countries,ESCWA_Gulf Cooperation Council (GCC),2392,2503,2577,2662,2754,2851,2977,3105,3256,3393,3514,3633,3718,3797,3906,3969,4055,4062,4051,4044,4052,4041,4123,4258,4395,4546,4702,4859,5002,5149,5282,5399,5589,5815,6043,6351,6586,6733,6855,7059,7072,7035,7081,7094,7022,7000,7006,7104,7234,7419,7435,7403,7660,7919,8301,8763,8907,8987,9186,9386,9658,9704,9761,9985,10457,10818,10763,10629,10470,10129,9691,8938,8587,8455,8367,8329,8315,8335,8378,8419,8483,8562,8655,8768,8854,8981,9101,9235,9390,9497,9612,9725,9770,9822,9840,9832,9822,9802,9738,9686,9626,9559,9480,9394,9327,9304,9237,9189,9144,9129,9139,9152,9162,9207,9255,9316,9390,9448,9481,9510,9576,9637,9685,9700,9775,9806,9799,9794,9794,9769,9757,9717,9709,9674,9640,9592,9581,9580,9583,9585,9574,9586,9605,9597,9680,9710,9705,9732,9751,9775,8021,8012,8125,8343,8699,9105,9545,10065,10668,11326,11996,12638,13181,13565,13825,13987,14273,14639,14910,15067,15123,15123,15201,15453,15953,16717,17631,18517,19256,19831,20261,20565,20695,21046,21766,22840,24168,25482,26617,27550,28217,28568,28426,28425,28620,28952,29371,29781,30110,30325,30384,30256,29914,29318,29247,30455,32220,34031,35513,36394,36476,37161,37427,37086,39048,41444,42589,43470,43657,43076,42574,40733,39105,37433,35815,34591,33872,33507,33341,33306,33372,33513,33721,33981,34303,34670,35071,35510,35970,36480,37009,37521,38020,38446,38787,39054,39206,39274,39282,39210,39079,38901,38675,38422,38144,37846,37575,37331,37110,36920,36743,36614,36558,36558,36613,36719,36865,37068,37309,37541,37748,37936,38122,38322,38518,38713,38894,39030,39129,39179,39159,39118,39055,38971,38880,38770,38648,38521,38413,38345,38318,38315,38317,38333,38350,38415,38540,38649,38768,38869
Bangladesh,Bangladesh,68,BGD,50,BAN,Southern Asia,Southern Asia excluding India,"",Least developed countries,"","",South Asia,Programme countries,"","",South-East Asia,South Asia,South Asia (excluding high-income),Middle income,Lower middle income,Low and middle income,Asia,"",Least developed countries,Excluding China,OIC,Asia/other,OIC Low income,"",Countdown,"","","",Non-fragile,Non-fragile,Non-fragile,Non-fragile,Non-fragile,Fragile,Other Fragile,Non-fragile,non-FCS,non-FCS,"",non-FCS,"",USAID,Asia,Southern Asia,"",Central and Southern Asia,Southern Asia,Least developed countries,"","","",Central and Southern Asia,Asia,Southern Asia,Southern Asia,Least Developed Countries (LDCs),"",HAC,"",Global Strategy,Non conflict,South Asia,"",South Asia,"",Lower middle income,Low and middle income,South Asia,"",Lower middle income,Low and middle income,Asia-Pacific Group,"",GAVI,South Asia,Non-humanitarian,High burden,"",South Asia,South Asia,LiST,LiSTSBR,LiSTSBR,"","","","","","","","","","","","","","","",ESCAP_ADB Group B (ADB_DMC_B),ESCAP_SAARC (SAARC),"","",ESCAP_LDC (LDC_E),"",ESCAP_South and South-West Asia (SSWA),ESCAP_All countries,ESCAP_ADB Developing member countries (ADB_DMC),"","","","","","","","","","","","",ESCAP_Countries with Special Needs,"",ESCAP_WB Lower Middle Income Economies,"","",785818,818035,845580,873117,903584,934468,963966,995579,1028495,1064339,1104689,1145844,1185036,1214958,1243445,1270058,1301484,1340035,1378450,1418325,1443653,1436380,1484475,1523380,1549230,1576219,1611470,1647261,1676799,1711629,1744419,1775619,1807187,1812530,1818616,1825034,1821638,1817546,1802303,1797578,1784681,1747818,1721929,1711016,1726445,1724562,1723306,1761165,1786383,1797661,1811647,1821560,1826121,1820387,1804776,1766747,1731316,1701754,1663191,1614459,1568053,1528799,1514120,1518693,1515090,1507191,1512735,1496818,1509651,1520075,1514246,1513055,1503928,1500525,1496756,1489775,1478361,1468381,1454581,1442535,1423252,1408295,1392134,1375586,1361247,1343930,1324853,1309944,1294256,1281368,1268799,1257784,1248659,1245253,1238983,1232393,1227748,1222186,1214462,1208771,1200900,1191093,1187477,1175804,1168694,1162454,1150496,1137411,1126045,1114247,1103439,1092469,1080690,1067322,1055212,1042688,1036054,1026421,1015774,1007035,999380,989606,981872,975397,968313,963621,955775,946050,938918,930431,925191,917023,910740,903636,895240,885446,874688,869057,862395,853920,847553,836316,826026,816711,813009,804948,798604,790719,783734,776227,2526382,2536256,2575487,2650514,2759397,2876907,2991623,3109347,3230972,3353767,3481712,3618973,3767547,3920777,4069877,4204795,4326946,4442878,4562676,4689406,4799456,4835148,4872927,4994942,5139495,5286628,5437808,5568518,5692900,5822889,5957647,6097317,6235246,6375036,6496956,6588247,6658639,6699840,6724738,6737023,6734461,6716826,6673690,6622786,6569223,6533734,6529642,6546155,6602119,6682685,6769841,6873848,6958376,7015402,7056896,7071923,7042512,6962808,6859655,6729281,6595601,6458507,6310066,6170304,6070190,6013098,5986999,5986758,5979484,5967191,5974726,5988364,6002099,6008247,5992994,5973030,5952404,5928497,5900368,5863449,5819117,5768376,5711173,5650638,5586619,5523278,5461254,5395996,5330392,5264929,5201130,5143270,5090454,5042861,5003671,4972258,4945815,4923720,4902286,4878658,4855018,4830022,4800914,4772347,4742594,4709993,4680322,4647414,4609360,4568823,4522989,4475428,4430013,4385223,4339162,4291626,4242659,4195996,4154105,4114438,4077445,4041613,4004905,3969941,3937694,3906643,3878681,3853095,3825149,3795668,3764197,3732362,3703007,3674635,3647398,3618931,3587879,3553696,3518284,3484944,3453033,3424212,3394158,3358920,3321944,3286325,3253887,3225068,3198776,3170974
Armenia,Armenia,137,ARM,51,ARM,Caucasus and Central Asia,Caucasus and Central Asia,"","","",LLDC,Europe and Central Asia,Programme countries,"","",Europe,Europe and Central Asia,Europe and Central Asia (excluding high-income),Middle income,Upper middle income,Low and middle income,Asia,"",Excluding least developed countries,Excluding China,"","","","","","","","",Non-fragile,Non-fragile,Non-fragile,Non-fragile,Non-fragile,Non-fragile,"",Non-fragile,non-FCS,Fragile and Conflict-affected Situation,High-intensity Conflict (International),non-FCS,"","",Asia,Western Asia,"",Northern Africa and Western Asia,Western Asia,"",Landlocked developing countries,"","",Northern Africa and Western Asia,Asia,Western Asia,Caucasus and Central Asia,"",Landlocked developing countries (LLDCs),"","","",Non conflict,Europe and Central Asia,Eastern Europe and Central Asia,Europe and Central Asia,Eastern Europe and Central Asia,Upper middle income,Low and middle income,Europe and Central Asia,Eastern Europe and Central Asia,Upper middle income,Low and middle income,Eastern European Group,"",GAVI,Eastern Europe and Central Asia,Non-humanitarian,Non-high burden,"",Europe and Central Asia,Eastern Europe and Central Asia,LiST,LiSTSBR,LiSTSBR,"","","","","","","","","",EECA,"",ECE_All countries,"ECE_Eastern Europe, Caucasus and Central Asia (CIS)",ECE_CIS (CWG),"",ESCAP_ADB Group C (ADB_DMC_C),"","","","",ESCAP_LLDC (LLDC_E),ESCAP_North and Central Asia (NCA),ESCAP_All countries,ESCAP_ADB Developing member countries (ADB_DMC),"","","","","","","","","","","","",ESCAP_Countries with Special Needs,"",ESCAP_WB Upper Middle Income Economies,"","",22446,23740,24795,25969,27292,28721,30610,32480,34112,35685,36838,37115,36524,35294,33654,32073,30658,29769,29367,29056,29009,29337,29764,30323,31113,32053,33074,34702,35979,37119,38363,39515,40544,42006,43105,43304,42640,41944,41204,40765,42465,41391,39068,34352,30810,28266,26681,25381,23910,22652,21197,20287,20058,20342,20767,20999,19049,19867,20508,22146,21712,21702,23026,23026,23956,22361,21828,20476,19791,19068,18269,17550,16932,16396,15894,15430,15014,14605,14305,14044,13810,13588,13483,13409,13346,13340,13335,13331,13338,13377,13386,13381,13316,13271,13235,13160,13064,12972,12820,12654,12451,12208,11952,11713,11445,11136,10883,10628,10405,10193,10007,9872,9720,9613,9500,9370,9278,9209,9115,9032,8979,8936,8929,8866,8820,8786,8697,8600,8489,8411,8312,8185,8020,7886,7756,7592,7444,7281,7134,6971,6833,6701,6584,6477,6362,6268,6160,6049,5980,5918,64232,73434,80714,86079,90900,95692,100465,105921,112131,118704,125430,132363,137768,141046,141606,139429,135267,130114,125030,120961,118013,116091,114522,114134,114860,116729,119394,124051,129508,134440,137264,140494,144481,149109,154017,156057,157725,158838,159066,158774,161803,163670,164900,157219,149833,139242,128943,118282,109082,102011,96091,90756,85845,82548,80481,79817,80317,80151,79364,79061,79607,81677,83990,86208,87891,89480,90938,90467,88437,84935,81214,78066,74998,72335,69643,67156,64924,62927,61101,59438,57981,56716,55634,54745,54046,53522,53195,53020,52920,52888,52913,52963,53015,53026,52953,52819,52626,52383,52105,51736,51264,50692,49987,49155,48240,47261,46214,45141,44066,43007,42029,41132,40331,39624,39005,38475,37976,37511,37095,36705,36348,36037,35756,35534,35367,35206,35053,34856,34598,34294,33933,33549,33148,32700,32195,31651,31072,30486,29895,29278,28655,28042,27450,26889,26375,25899,25450,25027,24600,24200
Barbados,Barbados,108,BRB,52,BAR,Latin America and the Caribbean,Latin America and the Caribbean,"","",Caribbean,SIDS,Latin America and Caribbean,Programme countries,"",Eastern Caribbean Area,Americas,Latin America and the Caribbean,"",High income,High income,"",Latin America and the Caribbean,"",Excluding least developed countries,Excluding China,"","","","","","","","","","","","","",Non-fragile,"","",non-FCS,Fragile and Conflict-affected Situation,Medium-intensity Conflict,non-FCS,"","",Americas,Latin America and the Caribbean,Caribbean,Latin America and the Caribbean,"","",Small island developing States,"","",Latin America and the Caribbean,Latin America and the Caribbean,Caribbean,Latin America and the Caribbean,"",Small island developing States (SIDS),"","","",Non conflict,Latin America and Caribbean,"","","","","","","","","",Latin American and Caribbean Group (GRULAC),"","",Latin America and Caribbean,Non-humanitarian,Non-high burden,"","","","","","","","","","","","","","","","","",ECLAC_All countries,"","",ECLAC_Carribean,"","","","","","","",ESCAP_Latin America (LAC),"","","","","","","","","","","","","","","","","","",3287,3369,3383,3393,3409,3428,3447,3452,3453,3454,3450,3429,3346,3235,3110,2979,2856,2728,2610,2511,2430,2366,2332,2314,2297,2282,2262,2258,2294,2311,2321,2321,2307,2277,2245,2205,2159,2119,2084,2051,2029,2010,1998,1982,1962,1941,1918,1898,1883,1876,1876,1846,1848,1841,1829,1811,1790,1767,1752,1736,1687,1644,1614,1588,1567,1552,1543,1538,1536,1535,1534,1533,1530,1518,1512,1508,1498,1494,1485,1474,1463,1456,1442,1437,1425,1413,1405,1398,1383,1369,1357,1340,1321,1306,1292,1275,1261,1249,1240,1232,1221,1213,1203,1199,1192,1183,1181,1175,1169,1164,1156,1148,1145,1135,1126,1121,1113,1102,1091,1085,1071,1064,1058,1044,1031,1021,1011,998,990,984,975,966,963,956,950,943,935,928,926,921,917,912,905,899,892,886,878,873,868,859,11717,11872,12039,12167,12341,12500,12600,12717,12850,12973,13076,13150,13290,13330,13226,12971,12586,12137,11664,11186,10726,10302,9947,9657,9447,9304,9213,9147,9093,9074,9101,9061,9004,8920,8830,8746,8652,8529,8365,8171,8006,7952,7984,8055,8074,7998,7843,7648,7476,7393,7443,7546,7590,7605,7542,7459,7361,7243,7199,7293,7425,7391,7210,6891,6595,6436,6339,6260,6203,6164,6143,6129,6125,6118,6105,6086,6061,6032,6004,5979,5947,5912,5877,5836,5796,5760,5719,5679,5643,5601,5559,5512,5458,5398,5335,5272,5207,5144,5087,5033,4987,4946,4909,4874,4838,4809,4780,4755,4731,4709,4687,4666,4639,4614,4586,4557,4528,4499,4466,4432,4397,4357,4317,4282,4244,4204,4161,4117,4071,4027,3989,3953,3919,3890,3863,3838,3815,3789,3760,3734,3712,3692,3675,3657,3634,3612,3585,3559,3532,3507
Belgium,Belgium,170,BEL,56,BEL,"","","","","","",Non-programme countries,"","","",Europe,Europe and Central Asia,"",High income,High income,"",Europe,"","","","","","","","","","","","","","","","",Non-fragile,"","",non-FCS,non-FCS,"",non-FCS,"","",Europe,Western Europe,"",Europe and Northern America,Europe,"","","North America, Europe, Australia and New Zealand","Australia and New Zealand, Central Asia, Europe and North America",Europe and Northern America,Europe,Western Europe,"","","","","","","",Europe and Central Asia,Western Europe,"","","","","","","","",Western European and Others Group (WEOG),"","",High Income Countries,Non-humanitarian,Non-high burden,"","","","","","","","","","","","","","","","","",ECE_All countries,ECE_European Union (E25),ECE_Euro area (EMU),"","","","","","","","",ESCAP_Europe (Europe),"","","","","","","","","","","","","","","","","","",71169,69950,71063,72179,73156,73381,73879,75474,77032,78570,77566,79245,78212,79454,80350,78149,75602,73166,70815,70758,71215,71069,68755,65580,62637,60497,60595,60867,61268,62076,62360,62495,61539,60133,59232,58706,59846,60140,60904,61382,62635,63644,63193,61254,59259,58469,58691,58672,57968,57924,58956,58814,57933,58122,59693,61092,62365,63183,64635,64737,65474,64715,64197,63403,63144,62130,61810,60977,60244,59342,58720,59312,59712,59678,59672,59357,59112,58898,58773,58580,58400,58423,58372,58491,58681,58835,59003,59096,59337,59495,59662,59664,59561,59373,59043,58896,58431,57923,57363,57044,56584,56322,55966,55626,55423,55144,54980,54813,54626,54446,54278,54091,54245,54143,54115,54174,54169,54119,54222,54172,54154,54087,54078,53938,53975,53881,53642,53518,53462,53173,52992,52779,52540,52246,52014,51698,51482,51524,51433,51378,51310,51167,51145,51290,51136,50863,51027,50986,50933,50836,281765,285695,283748,282787,283298,285403,288907,292376,295752,299914,304966,309636,313369,315716,316686,318802,319620,317518,312757,304365,295853,290311,287356,285290,281363,274073,264272,255067,249002,246328,246768,248584,250210,250934,249662,246698,242956,240222,239621,240745,243217,246172,249513,252470,253337,251186,246587,241744,238498,236899,236206,236236,236487,236479,236594,237215,239076,242959,248150,253454,257962,261596,264138,264752,263924,262175,259792,257382,254957,252143,249107,245983,243530,241084,239960,239985,240130,239684,238960,238109,237278,236554,235988,235576,235363,235516,235900,236447,237081,237712,238378,239039,239647,240009,240011,239580,238844,237860,236520,234920,233127,231272,229573,228110,226715,225446,224296,223229,222360,221568,220829,220137,219423,218902,218591,218373,218365,218372,218313,218373,218425,218407,218384,218286,218083,217878,217689,217345,216904,216434,215800,215114,214420,213567,212631,211678,210637,209564,208705,208092,207670,207454,207183,206852,206689,206565,206307,206106,205894,205633
Bhutan,Bhutan,69,BTN,64,BTN,Southern Asia,Southern Asia excluding India,"",Least developed countries,"",LLDC,South Asia,Programme countries,"","",South-East Asia,South Asia,South Asia (excluding high-income),Middle income,Lower middle income,Low and middle income,Asia,"",Least developed countries,Excluding China,"","","","",Countdown,"","","",Non-fragile,Non-fragile,Non-fragile,Non-fragile,Non-fragile,Non-fragile,"",Non-fragile,non-FCS,non-FCS,"",non-FCS,"","",Asia,Southern Asia,"",Central and Southern Asia,Southern Asia,Least developed countries,Landlocked developing countries,"","",Central and Southern Asia,Asia,Southern Asia,Southern Asia,Least Developed Countries (LDCs),Landlocked developing countries (LLDCs),"","","",Non conflict,South Asia,"",South Asia,"",Lower middle income,Low and middle income,South Asia,"",Lower middle income,Low and middle income,Asia-Pacific Group,"","",South Asia,Non-humanitarian,Non-high burden,"",South Asia,South Asia,LiST,LiSTSBR,LiSTSBR,"","","","","","","","","","","","","","","",ESCAP_ADB Group A (ADB_DMC_A),ESCAP_SAARC (SAARC),"","",ESCAP_LDC (LDC_E),ESCAP_LLDC (LLDC_E),ESCAP_South and South-West Asia (SSWA),ESCAP_All countries,ESCAP_ADB Developing member countries (ADB_DMC),"","","","","","","","","","","","",ESCAP_Countries with Special Needs,"",ESCAP_WB Lower Middle Income Economies,"","",3591,3529,3621,3719,3824,3932,4045,4161,4279,4403,4537,4677,4824,4987,5155,5329,5504,5680,5856,6039,6222,6407,6598,6792,6984,7191,7408,7625,7840,8052,8255,8450,8638,8820,8998,9167,9348,9510,9651,9781,9871,9906,9764,8693,8430,8181,8025,7808,7627,7459,7323,7215,7112,6984,7130,7142,7096,7102,7039,6908,6832,6731,6657,6618,6514,6352,6007,5667,5294,4973,4893,4860,4838,4833,4832,4845,4837,4847,4839,4847,4835,4826,4806,4777,4734,4707,4665,4617,4578,4515,4459,4385,4319,4222,4136,4066,3999,3925,3864,3798,3751,3714,3678,3661,3647,3619,3597,3589,3571,3558,3548,3533,3513,3510,3482,3454,3433,3408,3372,3344,3305,3259,3215,3188,3161,3119,3085,3036,3002,2981,2948,2910,2893,2873,2849,2828,2808,2796,2791,2771,2767,2757,2738,2719,2706,2687,2671,2645,2638,2617,12175,12026,11713,11557,11542,11713,12075,12457,12860,13276,13710,14166,14648,15168,15724,16317,16943,17601,18280,18977,19695,20426,21173,21937,22718,23509,24321,25159,26024,26916,27818,28713,29590,30444,31276,32087,32875,33652,34418,35153,35855,36409,36353,32752,32122,31650,31589,31366,30976,30560,30035,29549,29098,28702,28287,27784,27604,27774,27859,27734,27405,27008,26734,26607,26510,26259,25685,24901,24029,23065,22106,21122,20220,19638,19389,19316,19288,19288,19300,19315,19322,19324,19315,19290,19239,19154,19045,18917,18766,18611,18438,18240,18022,17777,17500,17193,16874,16556,16250,15969,15701,15446,15221,15026,14867,14749,14654,14565,14491,14418,14351,14297,14244,14188,14137,14078,14005,13926,13835,13729,13618,13500,13362,13208,13052,12902,12760,12626,12486,12331,12184,12047,11915,11798,11689,11587,11497,11415,11334,11267,11209,11162,11124,11077,11023,10968,10902,10832,10764,10691
Bolivia,Bolivia (Plurinational State of),109,BOL,68,BOL,Latin America and the Caribbean,Latin America and the Caribbean,"","",Latin America,LLDC,Latin America and Caribbean,Programme countries,"","",Americas,Latin America and the Caribbean,Latin America and the Caribbean (excluding high-income),Middle income,Lower middle income,Low and middle income,Latin America and the Caribbean,"",Excluding least developed countries,Excluding China,"","","","",Countdown,"","","",Non-fragile,Non-fragile,Non-fragile,Non-fragile,Non-fragile,Non-fragile,"",Non-fragile,non-FCS,non-FCS,"",non-FCS,"","",Americas,Latin America and the Caribbean,South America,Latin America and the Caribbean,"","",Landlocked developing countries,"","",Latin America and the Caribbean,Latin America and the Caribbean,South America,Latin America and the Caribbean,"",Landlocked developing countries (LLDCs),"","","",Non conflict,Latin America and Caribbean,"",Latin America and Caribbean,"",Lower middle income,Low and middle income,Latin America and Caribbean,"",Lower middle income,Low and middle income,Latin American and Caribbean Group (GRULAC),"",GAVI,Latin America and Caribbean,Non-humanitarian,Non-high burden,"",Latin America and the Caribbean,Latin America and Caribbean,LiST,"",LiSTSBR,"","","","","","","","","","","",ECLAC_All countries,"","",ECLAC_Latin America,"","","","","","","",ESCAP_Latin America (LAC),"","","","","","","","","","","","","","","","","","",58786,59882,60938,62166,63483,64858,66340,67896,70024,71713,73128,74596,76053,77469,78871,80281,81711,83265,84904,86503,88056,89759,91345,93031,94792,96402,98250,100150,101911,103547,105132,106645,108004,109323,110836,112569,114343,116272,117909,119311,120736,121811,122577,122911,122733,122670,122972,122724,123165,124271,124321,123935,124057,124611,125108,125910,128061,128816,129134,129504,129956,130248,130453,130630,130675,130634,130579,130519,130495,130633,130869,131193,131535,131538,132192,132785,133261,133247,133098,133172,133459,133506,133835,133667,133305,132842,133064,132540,132353,131765,131685,131254,131294,130705,130507,130124,129969,129102,128761,128856,128172,127441,127184,127370,126859,126560,126178,125727,125227,124898,124505,124393,123928,123565,123072,122243,121415,120913,120167,119671,119076,118441,118314,117776,117068,116497,115917,115375,114427,114083,113577,113028,112680,112102,111870,111395,110740,110059,109776,109516,108813,108201,107610,106974,106521,105972,105099,104374,103864,103445,194062,194999,196314,198621,202449,206975,211678,216768,222175,228186,234658,241081,247440,253415,259059,264734,270413,276104,281921,287989,294281,300726,307327,313976,320679,327559,334435,341474,348844,356308,363804,371154,378181,384875,391312,397709,404315,411318,418886,426729,434343,441644,448300,454097,458943,462460,464848,466867,468502,470368,473296,476296,478890,481109,482694,484252,486712,490805,495769,500488,504861,507993,510064,511948,513579,514805,515589,516039,516213,516230,516333,516803,517655,518896,520134,521469,523124,524938,526798,528181,528868,529232,529550,530163,530868,531060,530665,529997,529103,528133,527196,526013,524743,523664,522684,521623,520529,519351,517911,516264,514834,513344,511638,510085,508613,507279,506267,505381,504045,502417,500819,499197,497763,496515,495236,493881,492067,489702,487131,484364,481672,479294,476922,474832,473028,471089,469141,466971,464573,462064,459562,457231,454911,452929,451105,449282,447658,445869,443867,441811,439857,437983,436110,434094,431705,429302,427081,424702,422135,419511
Bosnia & Herzegovina,Bosnia and Herzegovina,147,BIH,70,BHG,"","","","","","",Europe and Central Asia,Programme countries,"","",Europe,Europe and Central Asia,Europe and Central Asia (excluding high-income),Middle income,Upper middle income,Low and middle income,Europe,"","","","","","","","","","","",Fragile,Fragile,Fragile,Non-fragile,Non-fragile,Non-fragile,"",Non-fragile,non-FCS,non-FCS,"",non-FCS,"","",Europe,Southern Europe,"",Europe and Northern America,Europe,"","","North America, Europe, Australia and New Zealand","Australia and New Zealand, Central Asia, Europe and North America",Europe and Northern America,Europe,Southern Europe,"","","",HAC,HAC,"",Non conflict,Europe and Central Asia,Eastern Europe and Central Asia,"","","","",Europe and Central Asia,Eastern Europe and Central Asia,Upper middle income,Low and middle income,Eastern European Group,"","",Eastern Europe and Central Asia,Non-humanitarian,Non-high burden,"",Europe and Central Asia,Eastern Europe and Central Asia,LiST,"",LiSTSBR,"","","","","","","","","",EECA,"",ECE_All countries,"",ECE_West Balkans (ST7),"","","","","","","","",ESCAP_Europe (Europe),"","","","","","","","","","","","","","","","","","",45405,46482,48109,49540,50545,50692,50486,50005,50069,50317,50465,50322,49841,49084,48095,47076,45830,44527,43374,42555,41691,41337,41040,40326,39601,38984,38336,37488,36819,36447,36950,38232,39305,39606,39411,38758,37908,37110,36268,35035,34162,33828,32607,25820,22791,20262,21850,25028,24926,22674,21629,21105,21283,21202,21046,20224,19625,20164,20076,19747,18773,17384,17601,16831,16259,16116,16109,16048,15947,15397,14837,14300,13833,13540,13393,13224,13091,12930,12781,12668,12576,12469,12368,12288,12179,12092,12023,11962,11918,11883,11816,11786,11722,11661,11587,11473,11348,11235,11089,10879,10687,10512,10406,10196,10028,9863,9701,9551,9427,9300,9199,9087,9027,8908,8867,8805,8740,8706,8669,8621,8572,8559,8493,8409,8349,8293,8239,8187,8101,8018,7947,7843,7756,7662,7539,7460,7359,7248,7186,7101,7024,6933,6841,6786,6715,6640,6580,6506,6479,6439,146968,154316,160935,166961,173171,179305,184594,188325,190163,190812,191304,192039,192979,193555,193144,191633,189204,186039,182296,178308,174397,170805,167909,165864,164107,162324,160334,158009,155485,152921,150452,148634,148445,150122,152814,155273,156279,155367,153078,150058,146507,142728,138686,124556,114024,102667,97546,95270,95349,97116,98075,96717,93018,88156,84842,82324,80974,79396,78150,77221,76302,75620,74732,73605,72362,70640,68957,67480,66380,65837,65256,64139,62502,60088,57660,55702,54296,53398,52760,52156,51577,51051,50570,50142,49753,49367,48981,48624,48293,48008,47783,47580,47393,47209,46997,46770,46492,46139,45732,45261,44705,44066,43366,42664,41985,41316,40666,39986,39312,38697,38122,37597,37122,36698,36308,35952,35653,35372,35135,34940,34750,34576,34421,34260,34060,33839,33592,33331,33096,32860,32595,32309,31986,31637,31287,30900,30503,30116,29707,29329,28977,28631,28310,27977,27648,27339,27040,26768,26497,26240
Botswana,Botswana,15,BWA,72,BTW,Sub-Saharan Africa,Sub-Saharan Africa,South Africa,"","",LLDC,Eastern and Southern Africa,Programme countries,"","",Africa,Sub-Saharan Africa,Sub-Saharan Africa (excluding high-income),Middle income,Upper middle income,Low and middle income,Africa,Sub-Saharan Africa,Excluding least developed countries,Excluding China,"","","","",Countdown,Southern Africa,Africa,Southern Africa,Non-fragile,Non-fragile,Non-fragile,Non-fragile,Non-fragile,Non-fragile,"",Non-fragile,non-FCS,non-FCS,"",non-FCS,"","",Africa,Southern Africa,"",Sub-Saharan Africa,"","",Landlocked developing countries,"","",Sub-Saharan Africa,Sub-Saharan Africa,Southern Africa,Sub-Saharan Africa (inc. Sudan),"",Landlocked developing countries (LLDCs),"","","",Non conflict,Sub-Saharan Africa,Eastern and Southern Africa,"","","","",Sub-Saharan Africa,Eastern and Southern Africa,Upper middle income,Low and middle income,African Group,"","",Eastern and Southern Africa,Non-humanitarian,Non-high burden,"",Eastern and Southern Africa,Eastern and Southern Africa,LiST,"",LiSTSBR,"","","","","","","","","","",ECA_Southern Africa,ECA_All countries,"","","","","","","","","","",ESCAP_Africa (AFR),ECA_African Union Commission,"",ECA_SADC,"","",ECA_Land-locked countries,ECA_Land-locked LDCs,ECA_Non-Oil Producing,"",ECA_Mineral-rich countries,"","",ECA_Sub-Saharan Africa,"","","","","",8482,8756,9029,9356,9698,10016,10325,10630,10880,11107,11291,11448,11606,11879,12205,12471,12582,12657,12751,12852,12978,13167,13582,14242,15053,15917,16818,17640,18468,19264,20016,20680,21115,21389,21719,22095,22454,22576,22573,22534,22576,22645,22964,23340,23577,23355,23005,22867,23139,23541,24055,24531,24734,24911,25300,26008,26777,27339,27778,28170,28539,28822,29186,29451,29659,29839,30111,30253,30461,30562,30344,30076,29845,29668,29521,29379,29267,29202,29119,29128,29114,29089,29138,29264,29347,29502,29543,29507,29603,29682,29819,29800,29829,29836,29841,29836,29683,29636,29567,29363,29194,29030,28840,28744,28648,28492,28315,28245,28092,27957,27704,27611,27556,27466,27302,27300,27272,27334,27284,27242,27257,27148,27072,27064,26919,26822,26753,26678,26503,26391,26243,26097,25904,25768,25704,25530,25458,25288,25123,24923,24877,24822,24709,24596,24495,24393,24331,24142,24125,24071,24932,26431,28136,30003,31555,32736,33945,35192,36443,37641,38768,39802,40709,41517,42339,43276,44016,44800,45505,46071,46545,47088,48011,49454,51350,53685,56511,59763,63223,66708,70147,73423,76436,78899,80996,82753,84265,85685,87004,88031,88649,88871,88899,89157,89771,90612,91288,91369,90863,90244,90084,90754,92184,93799,95251,96623,98145,100157,102636,105212,107563,109492,111055,112471,113785,114953,116021,117019,117924,118778,119581,120038,120018,119610,118859,118044,117349,116767,116290,115897,115612,115452,115350,115337,115452,115668,116027,116462,116787,117045,117280,117527,117836,118107,118304,118396,118437,118390,118222,117998,117628,117159,116625,115967,115318,114768,114251,113741,113251,112740,112211,111653,111043,110480,109991,109566,109232,108952,108765,108715,108687,108659,108560,108360,108177,107921,107592,107282,106938,106542,106126,105660,105117,104535,103933,103366,102826,102335,101886,101354,100762,100179,99673,99253,98900,98555,98151,97758,97348,96945
Brazil,Brazil,110,BRA,76,BRZ,Latin America and the Caribbean,Latin America and the Caribbean,"","",Latin America,"",Latin America and Caribbean,Programme countries,"","",Americas,Latin America and the Caribbean,Latin America and the Caribbean (excluding high-income),Middle income,Upper middle income,Low and middle income,Latin America and the Caribbean,"",Excluding least developed countries,Excluding China,"","","","","","","","",Non-fragile,Non-fragile,Non-fragile,Non-fragile,Non-fragile,Non-fragile,"",Non-fragile,non-FCS,non-FCS,"",non-FCS,"","",Americas,Latin America and the Caribbean,South America,Latin America and the Caribbean,"","","","","",Latin America and the Caribbean,Latin America and the Caribbean,South America,Latin America and the Caribbean,"","","","","",Non conflict,Latin America and Caribbean,"",Latin America and Caribbean,"",Upper middle income,Low and middle income,Latin America and Caribbean,"",Upper middle income,Low and middle income,Latin American and Caribbean Group (GRULAC),"","",Latin America and Caribbean,Non-humanitarian,Non-high burden,"",Latin America and the Caribbean,Latin America and Caribbean,LiST,"",LiSTSBR,"","","","","","","","","","","",ECLAC_All countries,"","",ECLAC_Latin America,"","","","","","","",ESCAP_Latin America (LAC),"","","","","","","","","","","","","","","","","","",1121237,1153405,1187645,1222192,1257223,1292301,1327797,1363920,1399951,1435455,1469835,1504245,1534370,1560317,1577107,1583757,1587003,1586300,1584981,1593701,1611503,1630384,1651107,1674928,1690345,1715530,1748891,1783027,1817189,1849681,1881250,1909145,1927806,1937514,1936451,1928053,1911820,1898547,1876348,1857466,1834860,1815770,1791233,1789877,1788112,1795455,1790720,1788778,1783723,1761794,1735701,1710622,1673667,1630415,1626257,1620075,1595709,1568368,1543984,1536147,1529727,1526255,1505977,1493248,1509767,1521570,1471316,1485471,1496470,1460667,1411963,1394571,1377134,1366790,1355952,1346741,1342304,1328122,1317939,1305402,1300603,1288720,1277473,1268747,1259353,1249449,1240542,1230447,1217099,1208794,1198060,1185001,1171775,1160930,1154836,1149292,1140778,1134166,1127633,1116532,1104511,1095223,1089032,1081883,1071428,1061954,1049027,1043510,1037643,1025209,1021482,1013771,1007424,1000837,992462,984174,976522,968979,959618,953782,947891,942393,930756,921192,914664,907465,902376,894300,888573,882660,873456,866013,859244,856603,849669,842957,839335,831976,827485,821938,813705,807361,802270,797405,791292,784950,783234,778912,771834,765154,3570560,3750417,3932327,4100724,4244727,4377184,4514374,4653423,4794716,4937468,5081692,5225440,5367262,5505186,5634718,5749492,5839939,5903129,5941638,5960688,5977648,6007454,6055154,6123662,6208698,6295447,6384526,6485979,6599263,6728700,6870216,7011720,7148458,7273462,7378795,7455496,7497459,7504225,7484130,7443655,7388677,7326973,7258089,7185911,7124088,7083266,7065464,7069534,7079043,7083679,7069212,7028506,6966267,6875234,6757156,6642690,6549098,6469970,6404543,6333967,6251238,6179858,6130658,6094238,6055039,6025479,6015220,5995706,5975334,5967251,5927352,5864841,5787307,5677898,5571597,5501179,5452345,5412687,5376834,5338596,5299137,5257717,5217662,5178068,5139980,5101209,5061041,5023565,4986232,4945796,4904478,4863160,4819067,4773754,4727228,4682107,4643786,4611447,4583328,4556728,4526402,4491408,4453573,4414842,4378742,4345405,4312411,4275326,4235938,4200537,4165418,4133880,4105824,4075633,4048913,4022309,3992639,3962378,3930895,3898480,3867071,3837949,3810661,3782928,3751764,3718628,3684458,3653288,3626302,3599946,3574702,3547618,3518809,3490051,3462586,3438138,3414931,3393780,3371365,3347832,3326593,3302953,3277616,3252806,3227958,3204750,3182505,3162068,3143617,3124582
Belize,Belize,111,BLZ,84,BZE,Latin America and the Caribbean,Latin America and the Caribbean,"","",Latin America,SIDS,Latin America and Caribbean,Programme countries,"","",Americas,Latin America and the Caribbean,Latin America and the Caribbean (excluding high-income),Middle income,Upper middle income,Low and middle income,Latin America and the Caribbean,"",Excluding least developed countries,Excluding China,"","","","","","","","",Non-fragile,Non-fragile,Non-fragile,Non-fragile,Non-fragile,Non-fragile,"",Non-fragile,non-FCS,non-FCS,"",non-FCS,"","",Americas,Latin America and the Caribbean,Central America,Latin America and the Caribbean,"","",Small island developing States,"","",Latin America and the Caribbean,Latin America and the Caribbean,Central America,Latin America and the Caribbean,"",Small island developing States (SIDS),"","","",Non conflict,Latin America and Caribbean,"",Latin America and Caribbean,"",Upper middle income,Low and middle income,Latin America and Caribbean,"",Upper middle income,Low and middle income,Latin American and Caribbean Group (GRULAC),"","",Latin America and Caribbean,Non-humanitarian,Non-high burden,"",Latin America and the Caribbean,Latin America and Caribbean,LiST,"",LiSTSBR,"","","","","","","","","","","",ECLAC_All countries,"","",ECLAC_Carribean,"","","","","","","",ESCAP_Latin America (LAC),"","","","","","","","","","","","","","","","","","",1595,1729,1769,1786,1806,1825,1848,1871,1895,1915,1937,1969,2011,2039,2071,2102,2139,2174,2215,2255,2266,2321,2389,2450,2510,2567,2650,2733,2810,2873,2930,2990,3069,3080,3071,3071,3101,3123,3179,3256,3312,3279,3273,3265,3219,3277,3311,3432,3511,3594,3654,3705,3744,3716,3719,3757,3702,3687,3705,3691,3670,3732,3805,3878,3927,3947,3966,4003,4060,3765,3603,3641,3652,3672,3678,3678,3669,3673,3661,3655,3648,3644,3638,3618,3616,3600,3576,3565,3552,3530,3494,3467,3445,3426,3411,3392,3373,3364,3341,3332,3316,3289,3273,3249,3229,3210,3195,3176,3158,3152,3133,3115,3095,3080,3064,3054,3024,3003,3002,2989,2970,2960,2938,2919,2903,2891,2867,2858,2842,2829,2817,2798,2784,2774,2754,2733,2721,2707,2695,2679,2664,2658,2648,2630,2607,2593,2575,2560,2547,2540,4192,4612,5159,5601,5950,6157,6263,6372,6496,6621,6728,6885,7134,7413,7746,8067,8354,8603,8801,8948,8972,8835,8742,8725,8835,9054,9328,9604,9895,10194,10503,10818,11004,11140,11253,11364,11481,11615,11753,11871,11976,12086,12277,12511,12708,12834,12901,12988,13163,13448,13777,14105,14461,14752,14968,15123,15235,15322,15402,15455,15447,15286,15113,15043,15075,15260,15499,15677,15814,15944,15898,15574,15196,14807,14575,14599,14663,14685,14693,14685,14664,14643,14618,14592,14563,14529,14491,14435,14379,14321,14254,14177,14087,13983,13877,13787,13710,13637,13572,13508,13443,13385,13318,13246,13171,13085,13002,12926,12851,12780,12717,12657,12597,12534,12466,12397,12334,12268,12192,12125,12062,12003,11956,11901,11833,11764,11697,11627,11562,11502,11441,11385,11330,11270,11216,11156,11091,11028,10962,10900,10844,10788,10737,10690,10642,10587,10525,10454,10383,10319
Solomon Islands,Solomon Islands,88,SLB,90,SOL,Oceania,Oceania,"",Least developed countries,"",SIDS,East Asia and Pacific,Programme countries,"","",Western Pacific,East Asia and Pacific,East Asia and Pacific (excluding high-income),Middle income,Lower middle income,Low and middle income,Oceania,"",Least developed countries,Excluding China,"","","","",Countdown,"","","",Fragile,Fragile,Fragile,Fragile,Fragile,Fragile,Other Fragile,Fragile,Fragile and Conflict-affected Situation,Fragile and Conflict-affected Situation,High Institutional and Social Fragility,Fragile and Conflict-affected Situation,Institutional and Social Fragility,"",Oceania,Melanesia,"",Oceania,Oceania (exc. Australia and New Zealand),Least developed countries,Small island developing States,South Eastern Asia and Oceania (excl. Australia and New Zealand),"",Oceania (exc. Australia and New Zealand),Oceania,Melanesia,Oceania,Least Developed Countries (LDCs),Small island developing States (SIDS),"","",Global Strategy,Non conflict,East Asia and Pacific,"","","","","",East Asia and Pacific,"",Lower middle income,Low and middle income,Asia-Pacific Group,"",GAVI,East Asia and the Pacific,Non-humanitarian,Non-high burden,Fragile,East Asia and Pacific,East Asia and Pacific,LiST,LiSTSBR,LiSTSBR,EAPR Program Countries,EAPR Program Countries (excluding China),Pacific Program Countries,Pacific Program Countries (excluding PNG),EAPR Countries,EAPR Countries (excluding China),Pacific Countries,Pacific Countries (excluding PNG),"","","","","","","",ESCAP_ADB Group A (ADB_DMC_A),ESCAP_Pacific island developing economies (PIDE),"","",ESCAP_LDC (LDC_E),"",ESCAP_PACIFIC (PAC),ESCAP_All countries,ESCAP_ADB Developing member countries (ADB_DMC),"","","","","","","","","","","","",ESCAP_Countries with Special Needs,ESCAP_Small Islands Developing States,ESCAP_WB Lower Middle Income Economies,"","",2151,2046,2166,2246,2330,2408,2474,2555,2644,2723,2792,2872,2948,3022,3098,3171,3243,3318,3388,3484,3593,3693,3789,3900,4026,4118,4227,4349,4477,4605,4740,4873,5011,5157,5308,5466,5621,5763,5906,6047,6183,6319,6464,6640,6831,7020,7144,7241,7386,7531,7657,7784,7896,8018,8137,8265,8477,8632,8789,8961,9194,9422,9661,9904,10128,10240,10329,10384,10463,10559,10623,10725,10810,10883,10964,11057,11115,11210,11347,11431,11573,11716,11883,12033,12176,12336,12488,12641,12828,12969,13111,13215,13348,13425,13529,13624,13699,13780,13817,13889,13902,13936,14005,14071,14116,14156,14215,14305,14301,14371,14394,14456,14520,14493,14583,14663,14677,14677,14758,14874,14860,14825,14862,14869,14940,14940,14820,14866,14795,14851,14799,14779,14736,14741,14708,14700,14676,14680,14648,14637,14619,14524,14549,14431,14389,14371,14373,14298,14247,14230,7896,7972,7803,7781,7849,8110,8436,8709,8934,9162,9478,9808,10135,10432,10744,11074,11400,11724,12055,12389,12738,13116,13894,14581,15153,15567,15845,16060,16404,16837,17345,17892,18439,18987,19546,20120,20705,21260,21771,22281,22811,23349,23888,24430,24989,25596,26259,26932,27549,28097,28561,29146,29728,30288,30787,31260,31733,32262,32863,33495,34183,34913,35696,36563,37491,38439,39312,40047,40609,41006,41329,41662,42004,42362,42697,43025,43359,43673,43990,44350,44733,45152,45640,46165,46738,47342,47953,48565,49172,49805,50448,51074,51670,52213,52696,53129,53543,53919,54271,54592,54867,55099,55275,55449,55635,55836,56057,56272,56497,56706,56908,57107,57271,57459,57629,57785,57989,58170,58341,58524,58719,58918,59083,59208,59254,59293,59398,59430,59406,59331,59214,59163,59111,59037,58954,58854,58772,58706,58646,58587,58526,58467,58360,58232,58080,57860,57670,57508,57356,57220
British Virgin Islands,British Virgin Islands,92,VGB,92,VGB,"","","","","","",Latin America and Caribbean,Programme countries,"","",Americas,Latin America and the Caribbean,"",High income,High income,"",Latin America and the Caribbean,"",Excluding least developed countries,Excluding China,"","","","","","","","","","","","","","","","","","","",non-FCS,"","",Americas,Latin America and the Caribbean,Caribbean,Latin America and the Caribbean,"","",Small island developing States,"","",Latin America and the Caribbean,Latin America and the Caribbean,Caribbean,Latin America and the Caribbean,"",Small island developing States (SIDS),"","","","",Latin America and Caribbean,"","","","","","","","","","","","","","","","","","","","","","","","","","","","","","","","","","","","","","","","","","","","","","","","","","","","","","","","","","","","","","",128,129,130,131,132,133,135,135,134,133,132,125,117,117,116,117,119,124,132,142,150,131,114,118,122,126,129,132,135,136,136,123,123,129,116,119,111,117,113,116,125,134,131,140,130,135,142,159,124,144,150,126,107,117,140,135,133,145,148,148,142,142,130,125,139,136,117,104,108,112,115,119,120,121,122,123,124,126,127,128,129,130,131,132,132,132,133,133,132,131,130,128,126,124,121,118,116,114,112,110,109,108,108,108,107,108,108,109,109,110,112,112,113,114,115,115,116,116,116,116,116,116,115,114,114,113,112,112,111,110,110,109,109,109,109,109,109,109,109,110,110,110,111,111,112,112,113,113,113,114,530,518,500,482,476,481,497,514,535,552,573,569,526,483,451,443,469,528,621,757,946,1039,934,770,615,518,502,516,525,532,534,532,534,542,551,560,566,573,583,594,613,635,647,638,627,622,630,649,670,691,710,726,715,682,656,651,680,736,802,864,898,835,779,683,594,562,565,557,541,511,483,472,475,479,484,489,495,498,502,507,513,517,522,526,530,532,535,538,538,538,537,536,532,526,519,510,501,492,482,473,463,456,450,445,443,441,440,440,441,444,444,449,454,455,460,464,467,468,471,472,473,473,473,473,473,469,467,464,461,458,455,452,451,447,446,446,445,444,444,444,446,447,447,450,451,453,456,458,460,462
Brunei,Brunei Darussalam,92,BRN,96,BRI,South-eastern Asia,South-eastern Asia,"","","","",Non-programme countries,"","","",Western Pacific,East Asia and Pacific,"",High income,High income,"",Asia,"",Excluding least developed countries,Excluding China,OIC,Asia/other,OIC High income: nonOECD,OIC High income,"","","","","","","","","",Non-fragile,"","",non-FCS,non-FCS,"",non-FCS,"","",Asia,South-Eastern Asia,"",Eastern and South-Eastern Asia,South-Eastern Asia,"","",South Eastern Asia and Oceania (excl. Australia and New Zealand),"",Eastern and South-Eastern Asia,Asia,South-Eastern Asia,South-Eastern Asia,"","","","","",Non conflict,East Asia and Pacific,"","","","","","","","","",Asia-Pacific Group,"","",High Income Countries,Non-humanitarian,Non-high burden,"","","","","","","","","","",EAPR Countries,EAPR Countries (excluding China),"","",ASEAN Countries,"","","","","","","",ESCAP_ASEAN (ASEAN),"","","","",ESCAP_South-East Asia (SEA),ESCAP_All countries,"","","","","","","","","","","","","","","",ESCAP_WB High Income Economies,"","",983,1143,1224,1294,1369,1449,1528,1608,1686,1757,1814,1869,1930,1971,2009,2047,2091,2144,2212,2294,2388,2487,2570,2640,2701,2757,2807,2854,2904,2956,3019,3087,3149,3219,3315,3424,3515,3597,3680,3746,3809,3827,3800,3720,3629,3541,3460,3394,3348,3319,3310,3309,3298,3286,3269,3258,3260,3279,3326,3395,3482,3575,3623,3646,3640,3603,3539,3462,3382,3302,3230,3169,3120,3070,3031,3000,2980,2956,2934,2914,2891,2876,2859,2841,2826,2819,2817,2804,2796,2779,2770,2765,2764,2756,2736,2713,2698,2677,2659,2625,2595,2565,2539,2510,2478,2446,2420,2390,2368,2346,2330,2317,2304,2288,2267,2249,2233,2229,2212,2204,2193,2184,2169,2157,2148,2137,2120,2103,2085,2068,2054,2031,2015,2004,1980,1963,1947,1931,1907,1889,1873,1855,1841,1830,1812,1804,1789,1774,1763,1748,2741,2954,3405,3921,4488,5022,5485,5914,6294,6608,6822,6921,7038,7256,7542,7861,8153,8406,8638,8849,9050,9241,9407,9568,9767,9991,10243,10508,10774,11034,11312,11660,12021,12309,12628,13017,13496,14026,14498,14856,15091,15205,15250,15295,15305,15269,15210,15122,15034,14958,14893,14859,14838,14791,14682,14482,14242,14019,13837,13704,13631,13650,13813,14022,14234,14384,14442,14395,14243,14008,13720,13419,13129,12868,12635,12430,12252,12103,11982,11880,11791,11705,11623,11547,11474,11406,11346,11298,11260,11228,11193,11149,11107,11073,11047,11018,10972,10911,10837,10760,10677,10580,10471,10355,10237,10123,10004,9886,9767,9653,9550,9455,9377,9309,9251,9190,9125,9055,8990,8935,8885,8844,8801,8757,8712,8667,8621,8572,8521,8461,8394,8327,8258,8186,8121,8053,7980,7913,7842,7769,7695,7622,7547,7475,7415,7355,7298,7248,7195,7141
Bulgaria,Bulgaria,149,BGR,100,BUL,"","","","","","",Europe and Central Asia,Programme countries,"","",Europe,Europe and Central Asia,Europe and Central Asia (excluding high-income),Middle income,Upper middle income,Low and middle income,Europe,"","","","","","","","","","","",Non-fragile,Non-fragile,Non-fragile,Non-fragile,Non-fragile,Non-fragile,"",Non-fragile,non-FCS,non-FCS,"",non-FCS,"","",Europe,Eastern Europe,"",Europe and Northern America,Europe,"","","North America, Europe, Australia and New Zealand","Australia and New Zealand, Central Asia, Europe and North America",Europe and Northern America,Europe,Eastern Europe,"","","",HAC,HAC,"",Non conflict,Europe and Central Asia,Eastern Europe and Central Asia,"","","","",Europe and Central Asia,Eastern Europe and Central Asia,Upper middle income,Low and middle income,Eastern European Group,"","",Eastern Europe and Central Asia,Non-humanitarian,Non-high burden,"","","","","","","","","","","","","","","",EECA,"",ECE_All countries,ECE_European Union (E25),"","","","","","","","","",ESCAP_Europe (Europe),"","","","","","","","","","","","","","","","","","",75983,74887,75099,75172,74045,74009,73645,71165,69690,68975,70392,70170,68015,67470,66802,65254,64568,65261,72529,74375,72704,70730,68502,71247,75579,74440,74134,72407,70258,69360,66173,63896,63192,62422,61891,60455,60633,59232,59106,57245,54458,49726,46572,43968,40878,37380,36507,33174,33058,35627,36558,35244,35231,35480,36842,37681,39042,39940,41025,41988,40183,37883,36464,35105,35098,34528,33798,33122,32286,31608,30708,29849,29093,28493,27967,27477,27087,26665,26317,25962,25686,25485,25280,25100,24976,24861,24722,24657,24545,24397,24287,24114,23964,23763,23580,23377,23122,22887,22636,22326,21957,21628,21319,21024,20643,20278,19949,19569,19199,18930,18660,18402,18152,17908,17725,17524,17344,17196,17069,16929,16775,16610,16459,16330,16160,16033,15896,15715,15504,15310,15106,14897,14653,14409,14172,13908,13699,13513,13276,13031,12819,12598,12366,12180,11998,11812,11657,11468,11284,11159,289726,291201,289152,286338,283967,282627,282103,281579,279477,276746,273776,271568,271369,271089,270332,268725,265777,263407,262399,265905,274429,282948,288963,288480,284307,284601,287702,291678,293991,290481,284453,277461,268798,260931,253807,248081,244105,240925,237843,234696,231522,226420,218087,206697,193751,180602,168147,157733,148087,139678,136172,136364,138073,140660,141730,141790,143570,147285,151971,156704,161042,163324,162005,158034,151785,145522,141296,138205,135921,133546,130585,127549,124307,121048,117889,115110,112799,110728,108843,107134,105578,104140,102879,101800,100877,100116,99468,98890,98405,97979,97532,97083,96591,96021,95409,94731,94005,93207,92339,91426,90417,89296,88071,86775,85467,84161,82827,81465,80046,78592,77208,75904,74691,73602,72577,71608,70714,69881,69134,68462,67845,67270,66693,66093,65488,64880,64287,63721,63129,62487,61791,61024,60215,59377,58496,57572,56605,55634,54718,53825,52941,52064,51163,50250,49376,48546,47747,47010,46303,45591
Myanmar,Myanmar,84,MMR,104,BUR,South-eastern Asia,South-eastern Asia,"",Least developed countries,"","",East Asia and Pacific,Programme countries,"","",South-East Asia,East Asia and Pacific,East Asia and Pacific (excluding high-income),Middle income,Lower middle income,Low and middle income,Asia,"",Least developed countries,Excluding China,"","","","",Countdown,"","","",Fragile,Fragile,Fragile,Fragile,Fragile,Fragile,Other Fragile,Fragile,Fragile and Conflict-affected Situation,Fragile and Conflict-affected Situation,Medium-intensity Conflict,Fragile and Conflict-affected Situation,Conflict,USAID,Asia,South-Eastern Asia,"",Eastern and South-Eastern Asia,South-Eastern Asia,Least developed countries,"",South Eastern Asia and Oceania (excl. Australia and New Zealand),"",Eastern and South-Eastern Asia,Asia,South-Eastern Asia,South-Eastern Asia,Least Developed Countries (LDCs),"",HAC,HAC,Global Strategy,Conflict,East Asia and Pacific,"",East Asia and Pacific,"",Lower middle income,Low and middle income,East Asia and Pacific,"",Lower middle income,Low and middle income,Asia-Pacific Group,"",GAVI,East Asia and the Pacific,Non-humanitarian,High burden,Fragile,East Asia and Pacific,East Asia and Pacific,LiST,LiSTSBR,LiSTSBR,EAPR Program Countries,EAPR Program Countries (excluding China),"","",EAPR Countries,EAPR Countries (excluding China),"","",ASEAN Countries,"","","","","","",ESCAP_ADB Group A (ADB_DMC_A),ESCAP_ASEAN (ASEAN),"","",ESCAP_LDC (LDC_E),"",ESCAP_South-East Asia (SEA),ESCAP_All countries,ESCAP_ADB Developing member countries (ADB_DMC),"","","","","","","","","","","","",ESCAP_Countries with Special Needs,"",ESCAP_WB Lower Middle Income Economies,"","",352357,358707,366148,374120,381909,388874,395631,402486,408330,413411,418495,423903,430220,436587,443444,451411,458511,465683,473024,479611,486357,493382,499476,505016,508284,512233,517502,522531,527471,533465,537630,541372,548415,556839,562371,558451,549783,540199,531383,531674,533415,533410,531938,530306,526621,522332,520204,517072,513668,511227,511105,516366,523050,518304,508895,500651,494695,492293,483916,480257,475269,471579,467781,466990,467156,470859,473482,472883,470218,468238,464240,460672,456761,455431,452017,448641,446622,443431,440371,437612,433521,430346,427000,424693,420462,418345,416744,412345,410710,407945,405223,402408,400782,399314,398572,395718,392518,391014,388185,383908,382603,379485,376026,374755,371723,367932,365570,363835,360067,357741,355883,353114,349600,345476,343673,340622,339054,336953,333677,330518,330073,327336,325531,323186,320592,318261,315977,313568,310543,308573,307460,305254,302646,300690,299265,296070,292794,291149,288287,286436,284370,281653,279574,276918,274935,272311,270940,267311,266149,263693,976129,1024759,1075789,1133256,1182177,1219937,1257782,1293984,1328245,1359814,1389091,1416611,1442772,1469377,1497850,1528739,1562818,1598450,1634500,1670007,1702821,1733430,1762816,1791046,1816719,1840120,1860858,1880768,1901239,1922819,1946181,1969248,1990265,2012012,2038955,2067159,2089780,2097869,2088431,2064629,2040590,2026557,2020859,2022802,2025518,2023706,2017612,2010058,2001623,1992391,1984016,1976829,1975147,1983177,1993085,1995358,1985654,1963430,1933172,1907058,1891002,1879048,1867337,1856379,1846489,1839082,1837248,1842062,1848987,1853692,1854251,1849333,1840434,1829394,1817737,1806306,1794929,1784658,1774233,1762962,1752388,1740848,1728254,1715648,1703107,1690707,1678774,1668332,1657464,1646915,1637406,1626742,1616472,1607028,1598191,1591093,1584850,1577592,1569541,1560399,1549431,1538918,1528500,1516828,1506598,1496913,1485842,1475147,1464751,1453661,1443021,1433391,1423352,1412918,1401668,1389539,1377367,1366104,1356915,1347829,1337871,1328531,1319399,1310703,1303205,1294875,1285665,1276477,1266989,1257254,1247497,1238560,1230294,1222304,1214521,1206556,1197909,1188423,1178804,1168589,1158360,1149490,1140590,1131534,1122473,1113027,1103700,1094791,1085711,1076560
Burundi,Burundi,2,BDI,108,BRD,Sub-Saharan Africa,Sub-Saharan Africa,Eastern Africa,Least developed countries,"",LLDC,Eastern and Southern Africa,Programme countries,"","",Africa,Sub-Saharan Africa,Sub-Saharan Africa (excluding high-income),Low income,Low income,Low and middle income,Africa,Sub-Saharan Africa,Least developed countries,Excluding China,"","","","",Countdown,Eastern Africa,Africa,Central Africa,Fragile,Fragile,Fragile,Fragile,Fragile,Fragile,Extremely Fragile,Fragile,Fragile and Conflict-affected Situation,non-FCS,"",Fragile and Conflict-affected Situation,Institutional and Social Fragility,"",Africa,Eastern Africa,"",Sub-Saharan Africa,"",Least developed countries,Landlocked developing countries,"","",Sub-Saharan Africa,Sub-Saharan Africa,Eastern Africa,Sub-Saharan Africa (inc. Sudan),Least Developed Countries (LDCs),Landlocked developing countries (LLDCs),"","",Global Strategy,Non conflict,Sub-Saharan Africa,Eastern and Southern Africa,Sub-Saharan Africa,Eastern and Southern Africa,Low income,Low and middle income,Sub-Saharan Africa,Eastern and Southern Africa,Low income,Low and middle income,African Group,Economic Community of Central African States,GAVI,Eastern and Southern Africa,Non-humanitarian,High burden,Fragile,Eastern and Southern Africa,Eastern and Southern Africa,LiST,"",LiSTSBR,"","","","","","","","","","",ECA_Eastern Africa,ECA_All countries,"","","","","","","","","","",ESCAP_Africa (AFR),ECA_African Union Commission,ECA_ECCAS,"",ECA_EAC,ECA_COMESA,ECA_Land-locked countries,ECA_Land-locked LDCs,ECA_Non-Oil Producing,ECA_Least developed countries,"",ECA_Non-Oil LDCs,"",ECA_Sub-Saharan Africa,"","","","","",48285,52104,52506,53062,53611,54178,54747,55317,55972,56729,57610,58539,60427,61838,63083,65591,67389,69401,71225,73184,74600,76365,77462,75355,76436,79560,81875,84181,87288,91316,94128,102150,105389,108009,109878,111803,113005,114407,116356,118027,119480,120765,121956,125348,105215,116926,123938,118694,116757,120682,125145,129304,135610,142062,149939,158806,166817,174245,181643,190771,202280,207046,209194,212331,214886,216982,211086,207843,206636,209682,212139,213627,214871,216361,218228,219954,222965,226950,230348,234030,237901,241783,245850,250914,255147,259950,262176,266540,269832,272496,274615,276671,277434,278753,280050,281014,282236,282539,281734,281435,280385,279975,281457,281655,281781,281030,282727,282181,282308,282370,283615,283608,285158,287078,289478,290724,291657,293440,294485,293533,293398,293209,291721,292565,292272,292302,290534,289740,289561,288275,288479,287877,286481,285798,284424,283424,281922,281960,281147,279898,279359,278709,279230,278704,279152,278264,278706,278438,278959,278158,140142,145677,155544,164688,174156,180353,182499,184793,187140,189507,192110,194997,198891,202900,207698,213381,218847,225235,231325,237998,244082,250227,254374,255532,259392,262870,267005,272167,279906,290371,301042,317089,332238,350605,366760,382168,393148,401171,408463,414570,421063,427374,433472,439565,429810,436201,428873,428177,425563,431722,440167,443105,453938,471849,494743,520578,549800,581418,614004,648023,684492,718910,751676,780525,803339,819197,825190,829131,827648,825548,821830,821961,827135,834709,841941,848112,854298,861642,871331,882993,896321,910974,925826,940977,957266,974367,992062,1009117,1024815,1039806,1053148,1065475,1076577,1085111,1091845,1097630,1102477,1107114,1111465,1114072,1115027,1114213,1111970,1110859,1111179,1112236,1113647,1114931,1115941,1116568,1117710,1118981,1120292,1122705,1126802,1132358,1139067,1145970,1152424,1158104,1161887,1164084,1164787,1163160,1161440,1160662,1159793,1158891,1156902,1154198,1150917,1148073,1146383,1143972,1141307,1138138,1133935,1129579,1125589,1122274,1119044,1116192,1113438,1111030,1109729,1109251,1109088,1108712,1108460,1108374
Belarus,Belarus,148,BLR,112,BSR,"","","","","","",Europe and Central Asia,Programme countries,"","",Europe,Europe and Central Asia,Europe and Central Asia (excluding high-income),Middle income,Upper middle income,Low and middle income,Europe,"","","","","","","","","","","",Non-fragile,Non-fragile,Non-fragile,Non-fragile,Non-fragile,Non-fragile,"",Non-fragile,non-FCS,non-FCS,"",non-FCS,"","",Europe,Eastern Europe,"",Europe and Northern America,Europe,"","","North America, Europe, Australia and New Zealand","Australia and New Zealand, Central Asia, Europe and North America",Europe and Northern America,Europe,Eastern Europe,"","","","","","",Non conflict,Europe and Central Asia,Eastern Europe and Central Asia,Europe and Central Asia,Eastern Europe and Central Asia,Upper middle income,Low and middle income,Europe and Central Asia,Eastern Europe and Central Asia,Upper middle income,Low and middle income,Eastern European Group,"","",Eastern Europe and Central Asia,Non-humanitarian,Non-high burden,"",Europe and Central Asia,Eastern Europe and Central Asia,LiST,"",LiSTSBR,"","","","","","","","","",EECA,"",ECE_All countries,"ECE_Eastern Europe, Caucasus and Central Asia (CIS)",ECE_CIS (CWG),"","","","","","","","",ESCAP_Europe (Europe),"","","","","","","","","","","","","","","","","","",81626,83178,86635,90012,93073,95762,98151,100121,101623,102383,102236,101303,98469,93092,85375,80095,76820,75335,74303,73442,75091,76274,76017,74877,75949,75392,76382,77506,78682,79608,80633,81507,83507,86089,86939,86101,89382,85970,85342,81254,75904,70753,67877,62888,58892,54349,51454,48353,49333,49859,50120,49304,48080,47842,48087,48504,49986,52950,55147,58189,57574,57758,60461,62089,62416,62361,60892,54334,49430,47807,46781,45634,44778,44252,43424,42617,41900,41336,40819,40489,40335,40224,40238,40463,40634,41173,41494,42005,42582,43009,43427,43848,44069,44167,44223,44063,43692,43236,42317,41505,40698,39824,39050,38214,37455,36763,36303,35823,35339,34908,34681,34565,34430,34351,34339,34514,34734,34745,34872,35123,35312,35437,35575,35553,35527,35522,35351,35218,34973,34630,34348,33932,33547,33096,32632,32077,31618,31231,30920,30507,30241,30098,29845,29804,29701,29661,29668,29619,29619,29652,289230,309777,325066,336379,344521,353281,363621,373628,383004,391599,398960,404188,406813,405761,399369,386141,367505,347086,328748,315482,307031,302618,301640,302181,302714,302773,302018,301137,302074,304142,307136,310958,314740,318843,324258,330506,335591,340571,342729,340990,337032,326835,311731,295040,276923,259208,242665,226553,211648,200579,194691,192731,193083,192857,191201,189582,188893,190502,195208,202261,211122,219453,224823,229306,233521,237723,242165,243618,238124,225983,211407,197351,187088,181517,179349,177560,175564,173090,170124,167278,164925,163136,161869,161096,160877,161079,161779,162953,164393,166191,168102,169985,171875,173506,174778,175708,176144,175976,175243,173710,171359,168514,165252,161902,158637,155374,152244,149382,146867,144660,142714,141014,139620,138591,137911,137502,137341,137517,137898,138376,138964,139559,140202,140908,141450,141735,141862,141760,141451,140984,140216,139239,138066,136678,135183,133536,131726,129822,127926,126158,124540,123093,121873,120789,119933,119352,118880,118601,118438,118310
Cambodia,Cambodia,85,KHM,116,KMP,South-eastern Asia,South-eastern Asia,"",Least developed countries,"","",East Asia and Pacific,Programme countries,"","",Western Pacific,East Asia and Pacific,East Asia and Pacific (excluding high-income),Middle income,Lower middle income,Low and middle income,Asia,"",Least developed countries,Excluding China,"","","","",Countdown,"","","",Non-fragile,Non-fragile,Non-fragile,Non-fragile,Non-fragile,Non-fragile,"",Non-fragile,non-FCS,non-FCS,"",non-FCS,"","",Asia,South-Eastern Asia,"",Eastern and South-Eastern Asia,South-Eastern Asia,Least developed countries,"",South Eastern Asia and Oceania (excl. Australia and New Zealand),"",Eastern and South-Eastern Asia,Asia,South-Eastern Asia,South-Eastern Asia,Least Developed Countries (LDCs),"","","",Global Strategy,Non conflict,East Asia and Pacific,"",East Asia and Pacific,"",Lower middle income,Low and middle income,East Asia and Pacific,"",Lower middle income,Low and middle income,Asia-Pacific Group,"",GAVI,East Asia and the Pacific,Non-humanitarian,Non-high burden,"",East Asia and Pacific,East Asia and Pacific,LiST,LiSTSBR,LiSTSBR,EAPR Program Countries,EAPR Program Countries (excluding China),"","",EAPR Countries,EAPR Countries (excluding China),"","",ASEAN Countries,"","","","","","",ESCAP_ADB Group A (ADB_DMC_A),ESCAP_ASEAN (ASEAN),"","",ESCAP_LDC (LDC_E),"",ESCAP_South-East Asia (SEA),ESCAP_All countries,ESCAP_ADB Developing member countries (ADB_DMC),"","","","","","","","","","","","",ESCAP_Countries with Special Needs,"",ESCAP_WB Lower Middle Income Economies,"","",93294,95373,97751,100359,103072,105950,108766,111385,111914,111552,111187,111234,111535,111665,113608,115934,117789,119465,121072,122402,127205,128573,131240,128048,116486,95652,81733,69415,74488,97620,130731,144868,154189,163252,171768,176685,180103,183897,187133,186990,189516,192912,194443,197588,197433,191501,183205,175525,167248,164255,161578,160490,160802,160987,161828,163198,164511,167492,168381,168741,168688,169194,171240,172246,172974,172412,171162,169577,167521,165312,163591,161409,159982,157646,156318,154813,153829,152632,152546,152512,151961,151995,151841,151772,152279,152119,151631,151624,150799,149959,149366,148545,147809,146815,145466,144349,143114,142072,140321,138831,137891,136707,135657,134824,133894,132999,132157,131129,130618,129728,128869,128276,127500,126822,125696,125280,124500,123903,122547,121724,120606,119988,118582,118028,117282,116111,115209,114059,112788,111923,110668,109990,109104,108065,107297,106192,105769,104779,104046,103285,102243,101721,100826,99944,99347,98563,97710,97044,96110,95584,288939,301381,314428,327279,337889,347127,357098,367691,378410,387598,394122,397910,399344,400165,401358,404123,409106,415365,422953,430656,437429,442004,450741,460964,468180,442413,388341,342281,303736,279119,290857,332114,403718,480269,546005,589302,620420,647758,669874,686591,699491,710138,720178,731699,742315,748441,745960,734279,713896,632575,618853,613106,618809,624558,624245,626425,630777,635928,642770,650152,657019,662548,666017,668980,672931,677397,681472,683075,681670,677584,671282,664198,656231,648517,641119,633767,627019,620851,615463,611298,608483,606565,605457,604897,604219,604115,604425,604401,604261,603434,601573,599384,596724,593712,590698,587186,583146,578721,574032,569121,563807,558483,553243,548298,544060,540122,536318,532770,529209,525767,522544,519296,516271,513320,510330,507312,504245,501275,498338,495320,491965,488234,484340,480418,476615,473144,469554,465946,462289,458038,453709,449359,445074,441241,437490,433900,430330,426778,423497,420242,417185,413970,410686,407567,404287,401189,398176,395041,392050,388985
Cameroon,Cameroon,41,CMR,120,CAM,Sub-Saharan Africa,Sub-Saharan Africa,Central Africa,"","","",West and Central Africa,Programme countries,"","",Africa,Sub-Saharan Africa,Sub-Saharan Africa (excluding high-income),Middle income,Lower middle income,Low and middle income,Africa,Sub-Saharan Africa,Excluding least developed countries,Excluding China,OIC,Africa,OIC Lower middle income,OIC Middle income,Countdown,Central Africa,Africa,Central Africa,Non-fragile,Non-fragile,Non-fragile,Non-fragile,Non-fragile,Fragile,Other Fragile,Fragile,Fragile and Conflict-affected Situation,Fragile and Conflict-affected Situation,Medium-intensity Conflict,Fragile and Conflict-affected Situation,Conflict,"",Africa,Middle Africa,"",Sub-Saharan Africa,"","","","","",Sub-Saharan Africa,Sub-Saharan Africa,Middle Africa,Sub-Saharan Africa (inc. Sudan),"","",HAC,"","",Conflict,Sub-Saharan Africa,West and Central Africa,Sub-Saharan Africa,West and Central Africa,Lower middle income,Low and middle income,Sub-Saharan Africa,West and Central Africa,Lower middle income,Low and middle income,African Group,Economic Community of Central African States,GAVI,West and Central Africa,Non-humanitarian,High burden,Fragile,West and Central Africa,West and Central Africa,LiST,"",LiSTSBR,"","","","","","","","","","",ECA_Central Africa,ECA_All countries,"","","","","","","","","","",ESCAP_Africa (AFR),ECA_African Union Commission,ECA_ECCAS,"","",ECA_Sahel,"","",ECA_Oil producing economies,"","","","",ECA_Sub-Saharan Africa,"","","","","",79255,82126,83301,84560,86196,88098,90198,92581,95131,97879,100846,103893,107135,110434,113540,116620,119769,122962,126223,129531,133280,137344,141100,145019,149041,153383,158445,163635,168632,174424,180260,188024,195458,197903,201560,207482,214670,221443,226965,231991,237597,243327,248692,253623,258220,262114,265464,269517,275825,284527,291559,297833,306588,317194,327359,336007,344403,352897,361562,370480,378678,385030,390679,396951,404193,416955,430250,440526,445927,451544,456416,461422,466552,471272,476302,480484,486305,492156,498570,505099,510024,515631,521676,530036,536195,541798,548403,555655,561632,568146,574211,579177,583237,589188,593715,599202,604654,607296,611870,616682,617058,618677,623499,626932,629003,630574,632324,637705,637729,640212,643585,646234,646853,650376,655935,656629,658169,658578,660801,661540,664234,665582,664943,668494,667079,669987,669464,669084,670213,669842,668020,668751,666801,669557,669868,667394,668153,667947,668075,665420,664478,660803,659491,659774,661534,658521,655472,656102,652550,652656,252174,250279,251881,255588,263047,271226,278378,286515,295573,305343,315681,326581,337903,349589,361663,373901,386280,398918,411835,425180,438973,453261,468210,483456,498793,514094,529256,544705,561445,579822,599516,622564,646724,669457,693435,715958,737501,758816,782257,807120,831043,853015,873166,892634,911816,930068,946801,961827,976076,991967,1012282,1037007,1064411,1094619,1126976,1161933,1199291,1236915,1273456,1308556,1343831,1379631,1414179,1446581,1476605,1507745,1541403,1581344,1624503,1667638,1705293,1735332,1759600,1782246,1803765,1823479,1841876,1860235,1880107,1901897,1925969,1950402,1974047,1997496,2021868,2047882,2074246,2100844,2127072,2152621,2178740,2204954,2229465,2251839,2273197,2293532,2313476,2334615,2354358,2372438,2390500,2405212,2416996,2428912,2440164,2451709,2464150,2474616,2484804,2495009,2504548,2515667,2525865,2534955,2545141,2557017,2568758,2579902,2589869,2596339,2601510,2607588,2614712,2620556,2626579,2631835,2635736,2640779,2643474,2645743,2647689,2647099,2646757,2645246,2643893,2645457,2646002,2646406,2646711,2645261,2643817,2641290,2636001,2628344,2621837,2618346,2616341,2613507,2610031,2603909
Canada,Canada,171,CAN,124,CAN,"","","","","","",Non-programme countries,"","","",Americas,North America,"",High income,High income,"",Northern America,"","","","","","","","","","","","","","","","",Non-fragile,"","",non-FCS,non-FCS,"",non-FCS,"","",Americas,Northern America,"",Europe and Northern America,Northern America,"","","North America, Europe, Australia and New Zealand","Australia and New Zealand, Central Asia, Europe and North America",Europe and Northern America,Northern America,Northern America,"","","","","","","",North America,"","","","","","","","","",Western European and Others Group (WEOG),"","",High Income Countries,Non-humanitarian,Non-high burden,"","","","","","","","","","","","","","","","","",ECE_All countries,"","","","","","","","","","",ESCAP_North America (NAM),"","","","","","","","","","","","","","","","","","",181667,187105,196132,202528,210664,213561,217377,225425,229186,235050,235466,234482,231718,229800,224248,208393,192887,184367,181045,183149,184376,183391,178157,176231,176803,180958,184091,186924,186366,190421,192431,192340,194091,195605,197199,196632,196417,195469,199471,208004,215330,206923,204179,199747,197391,193478,188159,179810,175207,171816,166335,167251,166331,168380,169488,171629,177049,185048,189999,191901,190787,191280,193383,192423,193404,190263,189665,191596,189143,186425,189519,190979,192408,194209,195972,198166,199200,200585,202081,203567,203901,204855,205275,205933,206604,207271,208012,209251,209313,210194,210579,211786,211732,211565,211818,212145,212110,212171,211948,212322,212037,211315,212237,212703,212823,212600,213480,213832,214426,214492,215198,217249,217075,217772,219056,220212,221325,221882,222743,223273,224056,224300,224724,225450,226430,225962,225688,225898,226085,226433,226046,226638,226578,227446,227470,227227,228023,228282,228361,228916,229331,230451,231342,232078,232754,233240,233679,234848,234206,234371,653891,686826,716901,739684,762625,784545,802976,829126,862264,885918,901652,916989,929522,937056,938708,932646,916943,889374,851897,811159,774768,752582,742891,737428,732300,725341,720377,720010,723316,727493,731198,736025,743332,751784,757071,758005,756248,757630,763002,769431,779286,793048,810276,824755,827540,819467,808205,795730,779408,759435,739468,724111,711812,701933,697597,699375,706324,714809,726010,742050,760254,774884,782584,786055,787716,788874,792201,795337,795519,793663,789109,780851,775977,777009,781748,788484,796063,803239,809700,815923,821611,826801,831504,835361,838158,840709,843237,845771,848873,851884,854684,857431,859746,862017,863670,864801,865503,865819,866346,866693,866823,866870,866327,866097,866537,867155,868269,869565,870740,872145,873958,875768,878470,881567,884515,888195,891566,895218,899493,903333,906632,909466,912002,914150,916223,918539,920511,921716,922342,922302,922387,922863,923431,924062,924840,926140,927100,928134,929299,930115,931489,933014,934794,937510,940647,943971,947043,949522,952094,954129
Cape Verde,Cabo Verde,25,CPV,132,CVR,Sub-Saharan Africa,Sub-Saharan Africa,West Africa,"","",SIDS,West and Central Africa,Programme countries,"","",Africa,Sub-Saharan Africa,Sub-Saharan Africa (excluding high-income),Middle income,Lower middle income,Low and middle income,Africa,Sub-Saharan Africa,Excluding least developed countries,Excluding China,"","","","","",West Africa,Africa,Western Africa,Non-fragile,Non-fragile,Non-fragile,Non-fragile,Non-fragile,Non-fragile,"",Non-fragile,non-FCS,non-FCS,"",non-FCS,"","",Africa,Western Africa,"",Sub-Saharan Africa,"","",Small island developing States,"","",Sub-Saharan Africa,Sub-Saharan Africa,Western Africa,Sub-Saharan Africa (inc. Sudan),"",Small island developing States (SIDS),"","","",Non conflict,Sub-Saharan Africa,West and Central Africa,"","","","",Sub-Saharan Africa,West and Central Africa,Lower middle income,Low and middle income,African Group,Economic Community of West African States,"",West and Central Africa,Non-humanitarian,Non-high burden,"",West and Central Africa,West and Central Africa,LiST,"",LiSTSBR,"","","","","","","","","","",ECA_West Africa,ECA_All countries,"","","","","","","","","","",ESCAP_Africa (AFR),ECA_African Union Commission,ECA_ECOWAS,"","","",ECA_Island economies,ECA_Small Island states,ECA_Non-Oil Producing,"","","","",ECA_Sub-Saharan Africa,"","","","","",3883,3868,3905,3938,3963,3979,4122,4254,4400,4553,4693,4584,4676,4769,4859,4952,5052,5163,5288,5431,5594,5789,5923,6005,6086,6170,6251,6272,6298,6342,6402,6528,6597,6651,6696,6736,6788,6834,6864,6858,6850,6875,6908,6934,6905,6845,6777,6713,6655,6614,6588,6499,6402,6293,6191,6113,6039,5952,5900,5833,5590,5702,5421,5308,5332,5305,5388,5388,5142,5067,5029,5013,4982,4933,4909,4860,4842,4826,4797,4765,4738,4700,4681,4649,4609,4590,4543,4512,4463,4415,4391,4365,4335,4309,4293,4250,4230,4200,4166,4126,4097,4072,4046,4021,3998,3974,3941,3913,3880,3847,3809,3790,3765,3735,3715,3680,3651,3606,3590,3567,3539,3507,3489,3473,3460,3437,3412,3377,3359,3329,3298,3275,3256,3230,3195,3177,3156,3120,3096,3080,3068,3048,3019,2999,2977,2947,2927,2905,2894,2879,12993,13337,13595,13760,13806,13859,13815,14106,14671,15483,16419,16966,17199,17299,17264,17399,17775,18165,18574,19022,19521,20042,20441,20805,21201,21609,21803,21897,21945,22049,22251,22802,23458,24055,24524,24874,25121,25333,25556,25768,25978,26272,26518,26720,26887,26985,26997,26929,26779,26589,26402,25935,25413,24797,24113,23429,22866,22520,22345,22243,22098,22040,22071,22037,21858,21639,21314,21126,21187,21126,20901,20604,20235,19985,19852,19729,19597,19455,19342,19240,19145,19052,18941,18824,18715,18596,18481,18361,18225,18088,17927,17768,17623,17491,17380,17283,17179,17070,16966,16849,16724,16594,16464,16342,16232,16132,16035,15934,15827,15713,15591,15459,15334,15216,15102,15001,14900,14787,14664,14538,14421,14308,14204,14107,14009,13924,13850,13778,13690,13590,13484,13372,13266,13164,13064,12963,12862,12763,12658,12553,12456,12365,12288,12213,12133,12047,11949,11854,11761,11673
Central African Republic,Central African Republic,26,CAF,140,CAR,Sub-Saharan Africa,Sub-Saharan Africa,Central Africa,Least developed countries,"",LLDC,West and Central Africa,Programme countries,"","",Africa,Sub-Saharan Africa,Sub-Saharan Africa (excluding high-income),Low income,Low income,Low and middle income,Africa,Sub-Saharan Africa,Least developed countries,Excluding China,"","","","",Countdown,Central Africa,Africa,Central Africa,Fragile,Fragile,Fragile,Fragile,Fragile,Fragile,Extremely Fragile,Fragile,Fragile and Conflict-affected Situation,Fragile and Conflict-affected Situation,Medium-intensity Conflict,Fragile and Conflict-affected Situation,Conflict,"",Africa,Middle Africa,"",Sub-Saharan Africa,"",Least developed countries,Landlocked developing countries,"","",Sub-Saharan Africa,Sub-Saharan Africa,Middle Africa,Sub-Saharan Africa (inc. Sudan),Least Developed Countries (LDCs),Landlocked developing countries (LLDCs),HAC,"",Global Strategy,Conflict,Sub-Saharan Africa,West and Central Africa,Sub-Saharan Africa,West and Central Africa,Low income,Low and middle income,Sub-Saharan Africa,West and Central Africa,Low income,Low and middle income,African Group,Economic Community of Central African States,GAVI,West and Central Africa,Humanitarian,High burden,Fragile,West and Central Africa,West and Central Africa,LiST,"",LiSTSBR,"","","","","","","","","","",ECA_Central Africa,ECA_All countries,"","","","","","","","","","",ESCAP_Africa (AFR),ECA_African Union Commission,ECA_ECCAS,"",ECA_CEN-SAD,"",ECA_Land-locked countries,ECA_Land-locked LDCs,ECA_Non-Oil Producing,ECA_Least developed countries,ECA_Mineral-rich countries,ECA_Non-Oil LDCs,"",ECA_Sub-Saharan Africa,"","","","","",27207,27721,28144,28550,28970,29429,29893,30393,30874,31379,31962,32617,33344,34097,34985,35958,37058,38182,39378,40349,41113,41864,42461,42921,43457,43996,44908,45944,47067,48295,49457,50621,51671,52644,53647,54704,55742,56863,57711,58719,60132,61602,62851,64169,65647,67512,69014,70305,71747,73520,75392,76928,78037,80146,81808,83695,85977,87748,89852,92168,94777,97013,98081,97802,97218,95202,96267,99036,101724,104319,107501,111579,113498,116519,119980,123319,126852,130107,133128,135786,138003,139927,141587,143323,144864,146083,146536,147214,147777,147759,148786,149618,149708,149952,150475,150846,151310,151731,152194,152365,152435,152772,153616,153963,154627,154603,154791,154338,154447,153402,153565,153764,152990,152976,152929,152158,152639,151797,150564,150292,149817,148944,148586,147758,147447,146990,146397,145849,144823,144120,143489,142667,142487,142162,142051,141590,141230,141236,140221,139008,138916,138009,137000,136600,135915,135100,134465,133549,133065,132163,80052,83374,86839,90503,93382,95186,96897,98652,100473,102365,104329,106426,108697,111201,113955,116986,120328,124004,128032,132361,136754,140811,144443,147571,150223,152660,154957,155815,157482,159998,163547,167707,171963,176213,180254,184123,187896,191621,195467,200155,206200,211898,217298,222475,227636,232863,237706,243487,249333,255228,261116,267200,272385,278834,284834,290946,297333,304074,311391,319046,327414,335962,344028,351103,356230,357527,358587,359108,361760,367363,376549,388369,399893,412991,425867,438798,450991,463522,476825,489917,502499,513948,524043,532843,540601,547679,554091,559487,563759,567094,569322,571474,574115,576409,578659,580759,582300,583946,585895,587821,589590,591027,592250,593718,595462,597597,599769,601301,602102,602260,601618,600539,599952,599102,598395,598142,597063,596348,595803,594001,592069,589896,587184,585089,583045,580757,578869,576996,575138,573011,570361,567649,564764,562245,560372,558892,557849,556824,555884,554592,552387,550073,547403,544267,541697,539146,536299,533774,531102,528276
Sri Lanka,Sri Lanka,74,LKA,144,SRI,Southern Asia,Southern Asia excluding India,"","","","",South Asia,Programme countries,"","",South-East Asia,South Asia,South Asia (excluding high-income),Middle income,Lower middle income,Low and middle income,Asia,"",Excluding least developed countries,Excluding China,"","","","","","","","",Non-fragile,Non-fragile,Non-fragile,Non-fragile,Non-fragile,Non-fragile,"",Non-fragile,non-FCS,non-FCS,"",non-FCS,"","",Asia,Southern Asia,"",Central and Southern Asia,Southern Asia,"","","","",Central and Southern Asia,Asia,Southern Asia,Southern Asia,"","","","","",Non conflict,South Asia,"","","","","",South Asia,"",Lower middle income,Low and middle income,Asia-Pacific Group,"","",South Asia,Non-humanitarian,Non-high burden,"",South Asia,South Asia,LiST,LiSTSBR,LiSTSBR,"","","","","","","","","","","","","","","",ESCAP_ADB Group C (ADB_DMC_C),ESCAP_SAARC (SAARC),"","","","",ESCAP_South and South-West Asia (SSWA),ESCAP_All countries,ESCAP_ADB Developing member countries (ADB_DMC),"","","","","","","","","","","","","","",ESCAP_WB Lower Middle Income Economies,"","",134373,138855,142778,146074,148977,152422,155660,160520,166519,171035,172879,173247,174438,176940,179466,180794,181667,185515,186356,185606,185113,183836,184456,185100,183410,185424,189597,193174,200485,207471,208183,208895,200388,192118,188489,185323,180804,178322,175599,177360,177698,178796,179857,177090,174739,172749,169912,167123,163897,166546,171981,178741,182200,183712,183705,186731,192026,192130,189397,185167,183827,184355,183993,182582,177447,172706,169087,166157,162862,160310,157577,155536,153336,151572,150242,149565,148349,147550,146950,146953,146475,146055,145793,145861,145383,144517,143930,143032,141948,140122,138543,137014,135132,133445,130960,129024,126703,124430,122463,120542,118044,116263,114601,112996,111507,110229,108860,107958,107198,106192,105168,104454,103652,102794,101698,100909,99592,98557,97503,96572,95093,93698,92383,91112,89438,87807,86175,84543,82730,81289,79723,78239,76698,75379,74277,73123,72140,71096,70062,68893,67825,66804,65873,64948,63938,62974,62122,61163,60308,59175,487559,497390,506339,515781,528716,543177,556643,569774,584178,601833,621510,640443,655671,665756,672801,679784,687746,695781,704504,712801,718654,722745,722913,720637,719796,718845,719494,724211,732036,746516,767888,788443,805249,811752,802147,784527,764062,744473,730288,718304,708613,703834,702855,705380,706972,704520,699198,690236,679559,668743,660306,659048,670422,687180,701936,713101,719096,725032,732281,738511,741998,738795,730957,723537,719982,716653,710820,698868,682716,667430,654392,642839,632044,622567,613961,606363,600087,594837,590483,586970,584138,582019,580431,579171,578093,577020,575685,573943,571516,568287,564277,559261,553465,546967,540199,533028,525157,516909,508126,499392,490959,482382,474010,466070,458418,451490,445324,439492,434186,429627,425527,421709,418154,414640,411181,407755,404240,400395,396201,391985,387715,383278,378564,373533,368204,362615,356816,350730,344294,337627,331029,324568,318209,312079,306140,300510,295293,290524,286167,281940,277721,273442,269138,264913,260877,256984,253134,249357,245593,241898
Chad,Chad,27,TCD,148,CHD,Sub-Saharan Africa,Sub-Saharan Africa,Central Africa,Least developed countries,"",LLDC,West and Central Africa,Programme countries,"","",Africa,Sub-Saharan Africa,Sub-Saharan Africa (excluding high-income),Low income,Low income,Low and middle income,Africa,Sub-Saharan Africa,Least developed countries,Excluding China,OIC,Africa,OIC Low income,"",Countdown,Central Africa,Africa,Central Africa,Fragile,Fragile,Fragile,Fragile,Fragile,Fragile,Extremely Fragile,Fragile,Fragile and Conflict-affected Situation,Fragile and Conflict-affected Situation,Medium-intensity Conflict,Fragile and Conflict-affected Situation,Institutional and Social Fragility,"",Africa,Middle Africa,"",Sub-Saharan Africa,"",Least developed countries,Landlocked developing countries,"","",Sub-Saharan Africa,Sub-Saharan Africa,Middle Africa,Sub-Saharan Africa (inc. Sudan),Least Developed Countries (LDCs),Landlocked developing countries (LLDCs),HAC,HAC,Global Strategy,Conflict,Sub-Saharan Africa,West and Central Africa,Sub-Saharan Africa,West and Central Africa,Low income,Low and middle income,Sub-Saharan Africa,West and Central Africa,Low income,Low and middle income,African Group,Economic Community of Central African States,GAVI,West and Central Africa,Non-humanitarian,High burden,Fragile,West and Central Africa,West and Central Africa,LiST,"",LiSTSBR,"","","","","","","","","","",ECA_Central Africa,ECA_All countries,"","","","","","","","","","",ESCAP_Africa (AFR),ECA_African Union Commission,ECA_ECCAS,"",ECA_CEN-SAD,ECA_Sahel,ECA_Land-locked countries,ECA_Land-locked LDCs,ECA_Oil producing economies,ECA_Least developed countries,"","",ECA_Oil LDCs,ECA_Sub-Saharan Africa,"","","","","",48608,51900,52815,53802,54811,55827,56876,57922,59003,60135,61269,62439,63652,64858,66144,67467,68910,70525,72323,74464,76879,79373,83678,86744,88593,90385,92141,93635,94894,96300,98686,95085,95926,107132,114320,113456,114935,121346,128548,134863,140462,143767,152719,160583,160602,163913,174594,181214,186688,191973,197474,203358,208204,213850,224027,235271,243372,251270,258052,265821,274303,282155,290454,297790,305931,313139,317172,322915,330405,340651,349448,357252,367206,374997,382033,388385,394821,402325,409177,415809,424100,430975,437442,443856,451034,458808,464003,470804,478112,483916,488936,495243,498510,502088,506505,510481,514589,518648,522844,523055,526498,529909,534443,537287,541055,541309,543451,544588,544450,545107,545934,550845,549693,549446,550781,552778,554802,556357,555290,556048,556075,554116,554658,551754,553357,554668,552128,550776,550415,547563,547879,548590,546505,543776,544188,539889,540060,540061,535917,529805,529470,527630,523433,522871,521011,519180,516670,514372,511765,508619,147023,149536,155655,161967,169741,176112,179785,183595,187473,191415,195461,199597,203834,208202,212654,217173,221850,226793,232172,238124,244810,252269,260608,270863,282223,292822,302525,310345,316459,322147,328142,329881,333419,340787,349924,360991,376317,394135,409761,424571,443465,464806,488801,510657,531114,551619,573627,594394,614880,637615,663577,686302,707614,729392,752965,780133,809931,842872,877096,911141,941833,972668,1004596,1036988,1070808,1103270,1133566,1162641,1189259,1216408,1244302,1276707,1311796,1348241,1383356,1414804,1444235,1471169,1497083,1523790,1550786,1579120,1607801,1635722,1663500,1690526,1717704,1744601,1771015,1797907,1823549,1848213,1872670,1894325,1912874,1930546,1946685,1962346,1978927,1995394,2009402,2021325,2033046,2044688,2058183,2072954,2085619,2095440,2103511,2108625,2112357,2115862,2120949,2127339,2132192,2137174,2140711,2144791,2151737,2157591,2161476,2163881,2163326,2162307,2160144,2156999,2156995,2156353,2154905,2153392,2148253,2143167,2141032,2138439,2134944,2131766,2125610,2118469,2114534,2108813,2099620,2089760,2078674,2066728,2058206,2051356,2043271,2036446,2029306,2020757
Chile,Chile,113,CHL,152,CLE,Latin America and the Caribbean,Latin America and the Caribbean,"","",Latin America,"",Latin America and Caribbean,Programme countries,"","",Americas,Latin America and the Caribbean,"",High income,High income,"",Latin America and the Caribbean,"",Excluding least developed countries,Excluding China,"","","","","","","","","","","","","",Non-fragile,"","",non-FCS,non-FCS,"",non-FCS,"","",Americas,Latin America and the Caribbean,South America,Latin America and the Caribbean,"","","","","",Latin America and the Caribbean,Latin America and the Caribbean,South America,Latin America and the Caribbean,"","","","","",Non conflict,Latin America and Caribbean,"","","","","","","","","",Latin American and Caribbean Group (GRULAC),"","",Latin America and Caribbean,Non-humanitarian,Non-high burden,"","","","","","","","","","","","","","","","","",ECLAC_All countries,"","",ECLAC_Latin America,"","","","","","","",ESCAP_Latin America (LAC),"","","","","","","","","","","","","","","","","","",113076,115766,117710,119808,122087,124569,127468,129596,131199,132778,134270,135581,136699,137533,137978,138205,137149,136978,137487,137362,136317,135456,134687,134068,133005,132413,131852,131961,132523,132494,132670,133371,134134,135434,137261,139070,141224,143772,145726,147887,149284,149724,146846,145239,143324,140200,137604,134475,130905,127351,124463,123207,122312,119479,117111,116506,117118,119242,121729,123081,123322,122882,121819,121476,121304,119670,116331,112785,112600,113782,115638,116442,117309,115170,113342,111686,110017,108135,106111,104900,103326,101922,100788,99705,98778,98099,97604,96862,96483,95672,95431,94879,94576,94686,94310,93985,93949,93803,93499,92870,92141,91231,90599,90046,88949,88099,87396,86820,85931,84989,84241,83537,82798,82033,81114,80566,79821,79303,78650,78147,77580,77449,77199,76688,76082,75831,75493,75201,74965,74577,74118,73801,73225,72919,72721,72223,71541,71237,70637,69952,69379,69051,68528,68014,67634,66839,66279,66038,65614,65276,384545,397377,409447,419429,428717,437682,446141,455397,464983,474065,482529,489979,496594,502810,508445,513278,517675,521064,523284,524994,525882,526442,526299,524890,522983,521193,519880,518998,518727,519461,520809,522455,524340,526262,528918,533159,538779,545648,553845,562604,571566,580325,587504,590972,590045,585615,577683,568332,558403,546720,534105,521168,509188,499708,491815,484431,477689,472122,470118,473206,479398,486012,490866,492482,491660,490340,488216,485717,482161,477049,472550,468099,468014,466407,463962,459830,454422,448068,441605,435302,429235,423582,418270,413602,409095,404626,400637,397165,394091,391452,388986,386564,384400,382356,380889,379797,378708,377920,377103,376209,375214,373669,371375,368571,365706,362680,359502,356342,353125,350025,346971,343830,340602,337402,334388,331347,328301,325344,322512,319960,317540,315229,313229,311638,310208,308724,307157,305481,303901,302649,301477,300140,298747,297150,295436,293942,292457,290805,289119,287206,284984,282772,280606,278463,276462,274649,272644,270377,268294,266312
China,China,93,CHN,156,CHN,Eastern Asia,"","","","","",East Asia and Pacific,Programme countries,"","",Western Pacific,East Asia and Pacific,East Asia and Pacific (excluding high-income),Middle income,Upper middle income,Low and middle income,Asia,"",Excluding least developed countries,"","","","","","","","","",Non-fragile,Non-fragile,Non-fragile,Non-fragile,Non-fragile,Non-fragile,"",Non-fragile,non-FCS,non-FCS,"",non-FCS,"","",Asia,Eastern Asia,"",Eastern and South-Eastern Asia,Eastern Asia,"","","","",Eastern and South-Eastern Asia,Asia,Eastern Asia,Eastern Asia (excluding Japan),"","","","","",Non conflict,East Asia and Pacific,"","","","","",East Asia and Pacific,"",Upper middle income,Low and middle income,Asia-Pacific Group,"","",East Asia and the Pacific,Non-humanitarian,Non-high burden,"","","","","","",EAPR Program Countries,"","","",EAPR Countries,"","","","","","","","","","",ESCAP_ADB Group C (ADB_DMC_C),"","",ESCAP_ENEA including Russian Fed (ENEA_RUS),"","",ESCAP_East and North-East Asia (ENEA),ESCAP_All countries,ESCAP_ADB Developing member countries (ADB_DMC),"","","","","","","","","","","","","","",ESCAP_WB Upper Middle Income Economies,"","",10088355,10386864,11471422,11522196,11775345,12070771,11697228,12408227,11907442,10008516,8851510,8099498,11377541,15117619,14972915,14550188,14292055,13584213,14737306,15102741,15243805,14749017,14101921,13626773,12817195,11598844,10897178,10154696,9971939,10403828,10809220,11264608,12113710,11150810,11409811,12041293,12984082,13812676,13461992,13731738,14269166,12085612,10945303,10433040,10071113,9794960,9451731,9153994,8907515,8762880,9086694,8730877,8618723,8578383,8718939,8834820,8986061,9177955,9441177,9617337,9569445,9505230,10147629,9778865,9911505,9346342,9629196,9738552,8395178,7776671,6614292,5814664,5647610,5582442,5526471,5448417,5375868,5314915,5257850,5217150,5176188,5150438,5140558,5136560,5120373,5139820,5161987,5208204,5261421,5293629,5315682,5336248,5353415,5325780,5315872,5247279,5169855,5080973,4963199,4822938,4671228,4506223,4361446,4224700,4082966,3946336,3824781,3725539,3661498,3590836,3549795,3535901,3514615,3511846,3509864,3505450,3513608,3523599,3514241,3524563,3532613,3535615,3535839,3518069,3510815,3480813,3438325,3397486,3351527,3299911,3233080,3174082,3113193,3034153,2965595,2900317,2837013,2767548,2711485,2659470,2614887,2570637,2549645,2518627,2501602,2485892,2477747,2466797,2462514,2459104,30662132,32633322,34645362,36938184,39297316,41013489,42610041,43311875,43909209,44049711,41503659,38048213,34635840,33958227,38810765,45354240,51421806,55225344,54657844,53908339,54659950,55575318,56838196,56890473,55692414,53825392,51105974,48169909,45062568,42201986,40661338,40421122,41212497,43074443,44440746,44971070,45695545,46536803,48470855,50866679,52572251,53980477,53420038,51009292,48065766,44261446,41239546,39660933,38384054,37237557,36205839,35609527,35296099,34980501,34795087,34540405,34451368,34752439,35274860,35966099,36741787,37429360,37870965,38416674,38848601,39083363,39160167,38769917,38516630,37660551,36014991,33632263,30003814,26718783,24378068,22848677,22249039,21975911,21708329,21441678,21195849,20986582,20810189,20676286,20584144,20520827,20493400,20504983,20558051,20673894,20827180,20981596,21120799,21226557,21281936,21292148,21239230,21089663,20865308,20554762,20153867,19682897,19135877,18541411,17941176,17349756,16779213,16235262,15722284,15271356,14893853,14589501,14369678,14210403,14105531,14053942,14021688,14008906,14017486,14025585,14038070,14058359,14073169,14090421,14096419,14078951,14037221,13955328,13841793,13697510,13523178,13327075,13109812,12876800,12621689,12353289,12082471,11806974,11536461,11278006,11032566,10803621,10597566,10422881,10275644,10152130,10057393,9981960,9922490,9879495
Colombia,Colombia,114,COL,170,COL,Latin America and the Caribbean,Latin America and the Caribbean,"","",Latin America,"",Latin America and Caribbean,Programme countries,"","",Americas,Latin America and the Caribbean,Latin America and the Caribbean (excluding high-income),Middle income,Upper middle income,Low and middle income,Latin America and the Caribbean,"",Excluding least developed countries,Excluding China,"","","","","","","","",Non-fragile,Non-fragile,Non-fragile,Non-fragile,Non-fragile,Non-fragile,"",Non-fragile,non-FCS,non-FCS,"",non-FCS,"","",Americas,Latin America and the Caribbean,South America,Latin America and the Caribbean,"","","","","",Latin America and the Caribbean,Latin America and the Caribbean,South America,Latin America and the Caribbean,"","","","","",Conflict,Latin America and Caribbean,"",Latin America and Caribbean,"",Upper middle income,Low and middle income,Latin America and Caribbean,"",Upper middle income,Low and middle income,Latin American and Caribbean Group (GRULAC),"","",Latin America and Caribbean,Non-humanitarian,Non-high burden,"",Latin America and the Caribbean,Latin America and Caribbean,LiST,"",LiSTSBR,"","","","","","","","","","","",ECLAC_All countries,"","",ECLAC_Latin America,"","","","","","","",ESCAP_Latin America (LAC),"","","","","","","","","","","","","","","","","","",252453,260082,268443,277382,286198,295128,304151,313542,322860,331690,340524,349091,356740,363268,368839,372012,373312,373353,371896,369389,366765,364659,363008,363398,365488,369622,375351,381599,388416,395931,401412,406882,411805,414826,418672,421941,425958,429750,433730,438366,442829,446443,448038,449296,448829,447439,445436,442414,439805,437631,434752,431288,427147,422188,416114,409597,402757,396503,390938,385836,381909,379287,377199,375218,372986,370695,368817,366940,367866,370999,371259,369723,366439,361794,356369,351259,346631,342903,338776,335771,331901,328495,324707,321427,317975,316006,313173,309743,306885,303698,301492,299137,296124,293136,290477,289359,287104,285566,283352,280845,279661,277361,274498,272793,270594,268118,267026,264648,261564,259275,256516,253996,252001,248996,247696,244856,242555,240544,238698,237007,235270,233697,231650,229222,227445,225863,223743,222425,221018,218768,217350,215861,215293,213294,211756,209917,207708,206463,205256,203073,200828,199554,197847,196342,194654,193080,191475,189973,188735,186823,813828,848721,884811,923317,960195,994018,1029117,1065642,1102931,1140573,1178729,1216563,1253544,1288861,1321818,1351754,1377120,1396330,1409480,1416048,1416799,1413822,1408331,1402763,1399567,1400565,1407123,1420182,1440144,1464817,1493073,1522403,1550299,1576684,1599750,1618780,1635935,1651751,1667622,1684265,1701519,1719585,1736690,1752567,1765366,1774238,1777767,1777180,1772763,1765118,1756073,1746202,1735714,1724330,1710422,1693530,1673063,1648666,1621746,1594197,1568867,1547298,1529080,1513976,1501534,1490958,1482932,1479720,1484567,1491609,1497449,1498765,1497559,1485048,1467984,1448607,1428844,1410519,1393883,1377883,1363013,1348972,1334995,1321164,1307226,1293302,1280391,1268677,1257227,1245989,1234354,1222437,1211542,1201014,1190449,1179744,1169516,1160361,1152307,1145162,1137313,1129383,1121634,1113036,1104659,1096121,1086916,1078743,1071036,1062344,1053407,1043648,1032969,1022992,1013114,1003650,994782,985447,976591,967914,959560,952146,945161,938242,930764,922927,915118,907257,900010,893523,886733,880013,873592,867510,862005,856479,850682,843768,836524,829970,823291,816411,809527,802335,795296,788954,782644,776211,769863,763763
Comoros,Comoros,3,COM,174,COM,Sub-Saharan Africa,Sub-Saharan Africa,Eastern Africa,Least developed countries,"",SIDS,Eastern and Southern Africa,Programme countries,"","",Africa,Sub-Saharan Africa,Sub-Saharan Africa (excluding high-income),Middle income,Lower middle income,Low and middle income,Africa,Sub-Saharan Africa,Least developed countries,Excluding China,OIC,Arab,OIC Low income,"",Countdown,Eastern Africa,Africa,Eastern Africa,Fragile,Fragile,Fragile,Fragile,Fragile,Fragile,Other Fragile,Fragile,Fragile and Conflict-affected Situation,Fragile and Conflict-affected Situation,High Institutional and Social Fragility,Fragile and Conflict-affected Situation,Institutional and Social Fragility,"",Africa,Eastern Africa,"",Sub-Saharan Africa,"",Least developed countries,Small island developing States,"","",Sub-Saharan Africa,Sub-Saharan Africa,Eastern Africa,Sub-Saharan Africa (inc. Sudan),Least Developed Countries (LDCs),Small island developing States (SIDS),"","",Global Strategy,Non conflict,Sub-Saharan Africa,Eastern and Southern Africa,Sub-Saharan Africa,Eastern and Southern Africa,Lower middle income,Low and middle income,Sub-Saharan Africa,Eastern and Southern Africa,Lower middle income,Low and middle income,African Group,"",GAVI,Eastern and Southern Africa,Non-humanitarian,Non-high burden,Fragile,Eastern and Southern Africa,Eastern and Southern Africa,LiST,"",LiSTSBR,"","","","","","","","","","",ECA_Eastern Africa,ECA_All countries,"","","","","","","","","","",ESCAP_Africa (AFR),ECA_African Union Commission,"",ECA_SADC,ECA_CEN-SAD,ECA_COMESA,ECA_Island economies,ECA_Small Island states,ECA_Non-Oil Producing,ECA_Least developed countries,"",ECA_Non-Oil LDCs,"",ECA_Sub-Saharan Africa,"","","",ESCWA_Arab countries,ESCWA_Arab LDCs subregion,3026,3172,3311,3452,3573,3684,3777,3861,3947,4032,4114,4193,4268,4339,4410,4480,4553,4630,4728,4838,4960,5102,5255,5421,5596,5770,5970,6176,6397,6640,6874,7103,7312,7487,7655,7816,7979,8135,8294,8440,8572,8689,8778,8829,8841,8906,9010,9101,9186,9257,9380,9515,9606,9631,9629,9813,9962,10103,10271,10483,10707,10923,11052,11161,11273,11374,11487,11595,11661,11717,11751,11787,11801,11811,11830,11841,11853,11870,11879,11913,11925,11931,11993,12046,12085,12127,12115,12135,12182,12236,12280,12322,12336,12375,12420,12450,12467,12481,12456,12416,12400,12423,12428,12445,12397,12405,12384,12329,12297,12238,12166,12163,12122,12061,12004,11938,11888,11869,11844,11765,11719,11671,11641,11660,11570,11458,11461,11463,11381,11331,11288,11224,11145,11055,10982,10916,10854,10810,10738,10647,10545,10500,10409,10325,10232,10137,10053,9973,9861,9792,9121,9348,9722,10231,10822,11349,11811,12245,12639,13006,13380,13733,14072,14399,14715,15022,15323,15619,15919,16281,16679,17117,17609,18163,18775,19428,20120,20865,21654,22487,23345,24136,24915,25783,26639,27445,28195,28900,29583,30256,30917,31565,32180,32725,33186,33530,33790,34047,34324,34658,35707,36828,37879,38659,38402,37954,37677,37615,37996,38670,39360,40116,40946,41774,42510,43136,43651,44117,44615,45074,45473,45784,46017,46186,46314,46419,46510,46586,46666,46742,46827,46920,47005,47117,47264,47431,47632,47804,47917,48027,48148,48305,48500,48681,48837,48988,49135,49274,49404,49479,49485,49440,49389,49360,49375,49399,49396,49372,49295,49193,49064,48872,48688,48524,48353,48191,48001,47774,47570,47404,47244,47077,46896,46699,46557,46436,46252,46058,45876,45687,45539,45393,45184,44948,44695,44403,44101,43807,43547,43309,43053,42764,42457,42139,41816,41504,41166,40807,40456,40098
Congo,Congo,42,COG,178,CBR,Sub-Saharan Africa,Sub-Saharan Africa,Central Africa,"","","",West and Central Africa,Programme countries,"","",Africa,Sub-Saharan Africa,Sub-Saharan Africa (excluding high-income),Middle income,Lower middle income,Low and middle income,Africa,Sub-Saharan Africa,Excluding least developed countries,Excluding China,"","","","",Countdown,Central Africa,Africa,Central Africa,Fragile,Fragile,Non-fragile,Fragile,Fragile,Fragile,Other Fragile,Fragile,Fragile and Conflict-affected Situation,Fragile and Conflict-affected Situation,High Institutional and Social Fragility,Fragile and Conflict-affected Situation,Institutional and Social Fragility,"",Africa,Middle Africa,"",Sub-Saharan Africa,"","","","","",Sub-Saharan Africa,Sub-Saharan Africa,Middle Africa,Sub-Saharan Africa (inc. Sudan),"","",HAC,HAC,"",Non conflict,Sub-Saharan Africa,West and Central Africa,Sub-Saharan Africa,West and Central Africa,Lower middle income,Low and middle income,Sub-Saharan Africa,West and Central Africa,Lower middle income,Low and middle income,African Group,Economic Community of Central African States,GAVI,West and Central Africa,Non-humanitarian,Non-high burden,Fragile,West and Central Africa,West and Central Africa,LiST,"",LiSTSBR,"","","","","","","","","","",ECA_Central Africa,ECA_All countries,"","","","","","","","","","",ESCAP_Africa (AFR),ECA_African Union Commission,ECA_ECCAS,"","","","","",ECA_Oil producing economies,"","","","",ECA_Sub-Saharan Africa,"","","","","",16739,17135,17503,17888,18269,18696,19157,19615,20121,20631,21125,21656,22221,22906,23644,24448,25278,26109,27009,27926,28876,29931,31014,31947,32859,33764,34512,35049,35525,35972,36384,36943,37556,38096,38576,39833,40762,41720,42650,43567,44448,45439,46567,47575,48783,49899,51211,52456,53071,54094,54868,57819,59756,60835,63040,65400,68261,71355,75146,78224,83074,85140,86315,86263,86048,85977,85741,85997,86295,86478,87167,87959,88149,89019,89915,91203,92745,94320,96193,98105,99791,101286,102888,104431,105984,107329,108383,109585,110866,112000,113294,114089,114716,115323,116079,117022,117620,118221,118439,118849,119340,119801,120615,121058,121644,122523,123024,123484,124104,124547,125161,125707,126214,126567,126876,127132,128175,128889,129046,129709,130015,130442,130586,130613,130200,130628,130407,130503,130411,130208,129534,129779,129582,129533,129918,130004,129766,129581,129643,129486,129183,129665,129740,129803,129825,129542,129899,129448,129172,128405,52345,54149,56183,57979,59550,61243,62971,64805,66729,68762,70896,73058,75259,77509,79875,82454,85274,88328,91542,94895,98375,101956,105719,109674,113673,117623,120124,122675,125242,127920,130106,131827,133405,134766,135824,139499,143934,148559,153502,157839,161480,164993,168481,171995,175795,179543,183442,187177,190525,194619,198568,204266,209076,214905,222197,230454,239531,248798,259372,270715,284911,298756,312469,323292,331231,335507,337012,337381,337484,337883,338602,340101,342074,344012,346183,348755,351757,355847,360926,366802,373464,380427,387377,394133,400559,406760,412838,418533,423781,428756,433502,438305,442999,447095,450612,453615,456482,459442,462365,464981,467033,468812,470495,472458,474743,477049,479644,482250,484683,487167,489417,491519,493756,495954,498042,499922,501496,503257,505499,507790,510213,512433,514109,515692,516921,517435,517641,517686,517590,517724,517654,517002,516254,515539,514847,514825,515220,515455,515610,515524,515153,514639,514473,514641,514899,515448,515718,515754,515690,515184
Congo DR,Democratic Republic of the Congo,28,COD,180,ZAI,Sub-Saharan Africa,Sub-Saharan Africa,Eastern Africa,Least developed countries,"","",West and Central Africa,Programme countries,"","",Africa,Sub-Saharan Africa,Sub-Saharan Africa (excluding high-income),Low income,Low income,Low and middle income,Africa,Sub-Saharan Africa,Least developed countries,Excluding China,"","","","",Countdown,Eastern Africa,Africa,Central Africa,Fragile,Fragile,Fragile,Fragile,Fragile,Fragile,Extremely Fragile,Fragile,Fragile and Conflict-affected Situation,Fragile and Conflict-affected Situation,Medium-intensity Conflict,Fragile and Conflict-affected Situation,Conflict,USAID,Africa,Middle Africa,"",Sub-Saharan Africa,"",Least developed countries,"","","",Sub-Saharan Africa,Sub-Saharan Africa,Middle Africa,Sub-Saharan Africa (inc. Sudan),Least Developed Countries (LDCs),"","","",Global Strategy,Conflict,Sub-Saharan Africa,West and Central Africa,Sub-Saharan Africa,West and Central Africa,Low income,Low and middle income,Sub-Saharan Africa,West and Central Africa,Low income,Low and middle income,African Group,Economic Community of Central African States,GAVI,West and Central Africa,Humanitarian,High burden,Fragile,West and Central Africa,West and Central Africa,LiST,"",LiSTSBR,"","","","","","","","","","",ECA_Central Africa,ECA_All countries,"","","","","","","","","","",ESCAP_Africa (AFR),ECA_African Union Commission,ECA_ECCAS,ECA_SADC,"",ECA_COMESA,"","",ECA_Oil producing economies,ECA_Least developed countries,ECA_Mineral-rich countries,ECA_Non-Oil LDCs,ECA_Oil LDCs,ECA_Sub-Saharan Africa,"","","","","",247656,253462,259644,266534,272879,279056,285763,293398,301617,309603,318047,327520,338066,348972,359937,371601,383988,396418,408817,420895,432722,444928,455855,465956,476042,486574,496961,506689,517112,537630,559093,576222,591898,610080,630590,655746,679526,702889,723180,743045,763190,789880,814916,835955,867112,934797,968302,968775,969544,990572,1019842,1048227,1078789,1109572,1137290,1170750,1213277,1255787,1299668,1347775,1393911,1446924,1499194,1540906,1587723,1633028,1682005,1737865,1790287,1837665,1884025,1936102,1988088,2040367,2090484,2136504,2187470,2239626,2291125,2342496,2389474,2437711,2483237,2529634,2576917,2624341,2660674,2692833,2728291,2769451,2812301,2844694,2883294,2912880,2937845,2979733,3011893,3046752,3079292,3103144,3108305,3125921,3152809,3177113,3190392,3206762,3224202,3241828,3263514,3270078,3299614,3302709,3316147,3337115,3359286,3368034,3379876,3409664,3409660,3401909,3399755,3406815,3427553,3426634,3430592,3419316,3415911,3398034,3421436,3414637,3421374,3414214,3419664,3411923,3400078,3408232,3397348,3393102,3390766,3378717,3375441,3356611,3358409,3357845,3365580,3352422,3339962,3333291,3333002,3323139,823739,828143,834295,845490,864338,887984,912079,936704,962071,988145,1016505,1046213,1077084,1110101,1145388,1183384,1224956,1268787,1314223,1360628,1407146,1453326,1498390,1542735,1585419,1626414,1666009,1704279,1741980,1787036,1837313,1894238,1957361,2024791,2092919,2163660,2237742,2320132,2407689,2495797,2579883,2662483,2744082,2826954,2918109,3039838,3154479,3273076,3384956,3486697,3560572,3623626,3707016,3814330,3933595,4056553,4183699,4322557,4472509,4635063,4811387,4995533,5187754,5388412,5589978,5786115,5978450,6168347,6362701,6562859,6764933,6970594,7172924,7375622,7578258,7778623,7972913,8164224,8357502,8554311,8756291,8958036,9155201,9347687,9534850,9720576,9906352,10086072,10253072,10407435,10554105,10702867,10855193,11008656,11156793,11288563,11418995,11551700,11683271,11822612,11954096,12060525,12145929,12222304,12297637,12378155,12461490,12538032,12606649,12677771,12747512,12818956,12888695,12945362,13007997,13073678,13137862,13204645,13275168,13337297,13378411,13405481,13413910,13424705,13451024,13481978,13505000,13504884,13484966,13469785,13467589,13471545,13486374,13495309,13494463,13484036,13473207,13461819,13443074,13432776,13415110,13391430,13364713,13332554,13310078,13298854,13295258,13285482,13265014,13238178
Cook Islands,Cook Islands,75,COK,184,COK,Oceania,Oceania,"","","",SIDS,East Asia and Pacific,Programme countries,"","",Western Pacific,"","","","","",Oceania,"",Excluding least developed countries,Excluding China,"","","","","","","","","","","","","",Non-fragile,"",Non-fragile,non-FCS,non-FCS,"","","","",Oceania,Polynesia,"",Oceania,Oceania (exc. Australia and New Zealand),"",Small island developing States,South Eastern Asia and Oceania (excl. Australia and New Zealand),"",Oceania (exc. Australia and New Zealand),Oceania,Polynesia,Oceania,"",Small island developing States (SIDS),"","","",Non conflict,East Asia and Pacific,"","","","","","","","","","","","",East Asia and the Pacific,Non-humanitarian,Non-high burden,"","","","","","",EAPR Program Countries,EAPR Program Countries (excluding China),Pacific Program Countries,Pacific Program Countries (excluding PNG),EAPR Countries,EAPR Countries (excluding China),Pacific Countries,Pacific Countries (excluding PNG),"","","","","","","",ESCAP_ADB Group C (ADB_DMC_C),ESCAP_Pacific island developing economies (PIDE),"","","","",ESCAP_PACIFIC (PAC),ESCAP_All countries,ESCAP_ADB Developing member countries (ADB_DMC),"","","","","","","","","","","","",ESCAP_Countries with Special Needs,ESCAP_Small Islands Developing States,"","","",301,315,325,332,336,338,342,353,367,379,391,402,406,403,404,400,394,386,384,385,385,382,372,342,312,284,260,241,241,243,245,243,240,241,238,235,231,233,243,254,265,273,278,278,273,266,257,247,227,209,193,177,163,161,158,156,155,153,157,163,167,171,173,168,163,159,156,153,149,146,144,142,141,139,137,135,133,131,129,127,126,125,124,122,121,121,121,120,120,119,119,119,118,118,117,117,116,115,115,114,113,113,112,111,111,110,109,108,108,107,106,105,104,103,102,101,100,100,99,98,98,97,96,95,95,94,94,93,92,92,91,90,90,89,88,88,87,86,85,84,84,83,83,82,81,80,80,79,78,78,970,1021,1069,1122,1157,1174,1181,1187,1225,1281,1347,1423,1492,1521,1535,1550,1577,1601,1586,1566,1566,1586,1600,1500,1379,1270,1188,1136,1071,1009,961,923,893,868,848,823,799,799,827,865,904,944,983,1004,1004,991,980,988,953,884,808,737,686,657,636,623,619,622,653,677,697,706,705,684,668,654,637,621,608,597,586,579,571,565,561,554,548,540,534,526,518,512,506,499,494,490,487,482,481,480,477,476,474,473,472,470,468,466,464,462,460,457,455,452,448,446,444,441,437,434,431,428,425,422,418,413,409,406,403,400,396,394,392,389,386,383,380,378,376,374,370,368,366,363,360,357,354,351,348,345,343,339,336,334,331,329,326,323,320,317
Costa Rica,Costa Rica,115,CRI,188,CTR,Latin America and the Caribbean,Latin America and the Caribbean,"","",Latin America,"",Latin America and Caribbean,Programme countries,"","",Americas,Latin America and the Caribbean,Latin America and the Caribbean (excluding high-income),Middle income,Upper middle income,Low and middle income,Latin America and the Caribbean,"",Excluding least developed countries,Excluding China,"","","","","","","","",Non-fragile,Non-fragile,Non-fragile,Non-fragile,Non-fragile,Non-fragile,"",Non-fragile,non-FCS,non-FCS,"",non-FCS,"","",Americas,Latin America and the Caribbean,Central America,Latin America and the Caribbean,"","","","","",Latin America and the Caribbean,Latin America and the Caribbean,Central America,Latin America and the Caribbean,"","","","","",Non conflict,Latin America and Caribbean,"","","","","",Latin America and Caribbean,"",Upper middle income,Low and middle income,Latin American and Caribbean Group (GRULAC),"","",Latin America and Caribbean,Non-humanitarian,Non-high burden,"",Latin America and the Caribbean,Latin America and Caribbean,LiST,"",LiSTSBR,"","","","","","","","","","","",ECLAC_All countries,"","",ECLAC_Latin America,"","","","","","","",ESCAP_Latin America (LAC),"","","","","","","","","","","","","","","","","","",19997,20622,21500,22390,23266,24143,25048,26084,27168,28189,29091,29854,30439,30831,31027,31022,30851,30549,29779,29572,29436,29312,29299,29476,30036,30752,31715,32795,33972,35352,36305,37371,38534,39732,40885,41985,42532,42739,42842,42761,42716,42362,42014,41810,41564,41254,40774,40612,40014,40057,39888,39321,38056,37515,37137,37130,37220,37767,38468,38270,37671,37445,37196,36737,36516,36119,35534,35306,34746,33325,31791,31135,30773,30585,30350,30273,30145,30029,29989,29843,29692,29565,29358,29210,29105,28890,28669,28472,28258,27966,27782,27430,27270,27062,26827,26580,26385,26107,25827,25556,25309,25032,24776,24553,24282,24078,23840,23678,23465,23206,22991,22810,22653,22556,22483,22378,22309,22115,21943,21821,21687,21547,21327,21193,21018,20871,20674,20513,20361,20205,20042,19826,19642,19509,19384,19213,18991,18849,18716,18632,18504,18406,18202,18126,17960,17814,17761,17611,17555,17362,67073,70157,72848,75513,78186,81267,84743,88257,91897,95747,99760,103805,107656,111071,113911,116093,117546,118263,118304,117516,116315,115233,114309,113992,114232,114995,116596,119078,122449,126460,131026,135815,140498,145142,149647,154166,158812,163105,166536,168935,170250,170769,170794,170339,169600,168680,167658,166568,165417,164068,162690,161625,160397,158550,156096,153322,150833,149420,149257,150158,151407,152096,152033,151101,149615,148292,147073,145552,144018,142421,140045,136603,132524,128466,125248,123365,122352,121658,121080,120637,120245,119791,119330,118765,118118,117510,116870,116175,115453,114643,113741,112827,111848,110821,109882,108950,108049,107186,106256,105271,104257,103202,102126,101068,100048,99037,98052,97116,96218,95383,94539,93677,92820,91984,91272,90718,90263,89887,89492,88986,88432,87837,87244,86654,86028,85378,84702,84040,83373,82705,82046,81400,80739,80030,79322,78651,78022,77390,76733,76068,75452,74931,74476,73994,73481,72954,72380,71873,71401,70944
Croatia,Croatia,150,HRV,191,CRO,"","","","","","",Europe and Central Asia,Programme countries,"","",Europe,Europe and Central Asia,"",High income,High income,"",Europe,"","","","","","","","","","","",Non-fragile,Non-fragile,Non-fragile,Non-fragile,"",Non-fragile,"","",non-FCS,non-FCS,"",non-FCS,"","",Europe,Southern Europe,"",Europe and Northern America,Europe,"","","North America, Europe, Australia and New Zealand","Australia and New Zealand, Central Asia, Europe and North America",Europe and Northern America,Europe,Southern Europe,"","","","","","",Non conflict,Europe and Central Asia,Eastern Europe and Central Asia,"","","","","","","","",Eastern European Group,"","",High Income Countries,Non-humanitarian,Non-high burden,"","","","","","","","","","","","","","","",EECA,"",ECE_All countries,ECE_European Union (E25),ECE_West Balkans (ST7),"","","","","","","","",ESCAP_Europe (Europe),"","","","","","","","","","","","","","","","","","",45188,43353,43070,43256,43389,43099,42103,40501,39045,38370,37876,37421,36803,36051,35641,35827,35537,34406,33331,32376,32007,32958,33853,34389,34461,34436,34415,34719,34938,34955,34796,34704,34465,34093,33749,32980,32017,31335,30556,29280,28871,27384,24947,25018,25820,27366,28629,29195,25415,24149,23358,22795,22162,21783,21959,22728,22368,22381,23088,23470,22943,21903,21848,21041,20497,19518,19253,18996,19152,18862,18393,17878,17454,17235,17024,16830,16636,16428,16224,16036,15847,15649,15450,15202,15070,14895,14736,14653,14519,14402,14327,14188,14145,14088,13995,13939,13858,13710,13563,13483,13298,13176,13017,12869,12748,12583,12487,12316,12170,11997,11817,11646,11496,11393,11256,11116,10998,10880,10795,10706,10585,10512,10416,10341,10256,10177,10087,10019,9938,9887,9820,9763,9680,9620,9529,9436,9299,9204,9107,9026,8865,8770,8645,8534,8440,8354,8272,8176,8105,8035,153721,161337,164758,164760,163485,162602,162786,162612,160749,157328,153269,149613,146883,144966,143071,140978,139317,138225,136961,135066,132319,129239,127477,127706,129378,131663,133378,134041,134335,134781,135341,135995,136453,136364,135697,134661,133152,130880,128047,124842,121259,117996,114349,109558,106215,104060,101993,104032,106125,106152,104205,100436,95958,91982,88904,86883,86291,86583,87114,87983,88785,89317,89179,88215,86401,84084,81873,79577,77484,76122,75412,74786,73795,72554,71056,69741,68664,67794,66994,66192,65399,64611,63830,63057,62251,61448,60691,59962,59349,58811,58294,57858,57422,57006,56676,56356,56070,55806,55463,55048,54601,54085,53533,52995,52408,51828,51259,50701,50162,49592,49010,48374,47700,47028,46396,45822,45282,44773,44269,43784,43358,42949,42563,42192,41820,41477,41146,40815,40490,40172,39871,39598,39339,39082,38818,38535,38223,37862,37458,37037,36622,36199,35762,35312,34830,34377,33962,33572,33211,32867
Cuba,Cuba,112,CUB,192,CBA,Latin America and the Caribbean,Latin America and the Caribbean,"","",Caribbean,SIDS,Latin America and Caribbean,Programme countries,"","",Americas,Latin America and the Caribbean,Latin America and the Caribbean (excluding high-income),Middle income,Upper middle income,Low and middle income,Latin America and the Caribbean,"",Excluding least developed countries,Excluding China,"","","","","","","","",Non-fragile,Non-fragile,Non-fragile,Non-fragile,Non-fragile,Non-fragile,"",Non-fragile,non-FCS,non-FCS,"",non-FCS,"","",Americas,Latin America and the Caribbean,Caribbean,Latin America and the Caribbean,"","",Small island developing States,"","",Latin America and the Caribbean,Latin America and the Caribbean,Caribbean,Latin America and the Caribbean,"",Small island developing States (SIDS),"","","",Non conflict,Latin America and Caribbean,"","","","","",Latin America and Caribbean,"",Upper middle income,Low and middle income,Latin American and Caribbean Group (GRULAC),"",GAVI,Latin America and Caribbean,Non-humanitarian,Non-high burden,"",Latin America and the Caribbean,Latin America and Caribbean,LiST,"",LiSTSBR,"","","","","","","","","","","",ECLAC_All countries,"","",ECLAC_Latin America,"","","","","","","",ESCAP_Latin America (LAC),"","","","","","","","","","","","","","","","","","",90999,91832,93011,94884,96920,98873,100875,102970,105417,109645,115044,120728,126803,132599,134785,135028,134772,134444,134163,133561,132376,130744,128592,122803,114908,105104,95146,85659,75335,72357,68905,68528,77982,82592,84001,85405,87249,91003,95374,96055,95727,89492,84145,79967,77089,76398,73687,77482,76774,75990,72663,70233,70576,68392,64353,61335,57658,58315,62863,66301,66133,68065,65467,64902,63625,64102,61125,59753,60402,57447,54800,52152,51424,51023,50442,50021,49653,49312,49011,48818,48577,48247,47899,47837,47550,47312,47091,46774,46516,46239,45911,45655,45337,45096,44690,44241,43646,43072,42394,41763,41135,40440,39745,39119,38721,38227,37572,37207,36830,36449,36151,35782,35505,35228,34887,34695,34457,34280,34073,33945,33718,33468,33202,32987,32684,32282,32031,31687,31303,30857,30574,30181,29705,29336,28986,28671,28337,28010,27687,27364,27040,26698,26461,26183,25960,25698,25567,25206,25030,24876,316608,324103,332362,340548,348107,354572,361647,369802,378227,386942,397091,410072,426254,445728,467549,487967,503644,513594,517638,518266,518122,517357,514717,507874,494898,476828,453059,425246,395847,366328,338656,314602,296527,288978,294036,305084,320238,333064,341454,351660,362875,372244,374737,366937,352307,334246,318570,307793,301311,298574,298214,298354,297067,293381,287917,281985,275430,267554,259010,252181,249411,251293,256541,261266,262389,260905,257808,253908,249061,245007,239958,233424,226596,218257,210791,205799,202861,201085,199358,197819,196547,195435,194379,193292,192258,191266,190292,189444,188501,187441,186393,185259,184111,182967,181808,180627,179290,177706,175809,173610,171195,168692,166112,163465,160823,158318,156039,153864,151847,149969,148143,146586,145189,143818,142564,141326,140162,139113,138125,137263,136495,135756,134976,134126,133201,132195,131069,129883,128641,127285,125877,124430,122945,121382,119824,118271,116725,115305,113972,112663,111362,110061,108759,107497,106304,105185,104159,103226,102290,101336
Cyprus,Cyprus,157,CYP,196,CYP,"","","","","","",Non-programme countries,"","","",Europe,Europe and Central Asia,"",High income,High income,"",Asia,"",Excluding least developed countries,Excluding China,"","","","","","","","","","","","","",Non-fragile,"","",non-FCS,non-FCS,"",non-FCS,"","",Asia,Western Asia,"",Northern Africa and Western Asia,Western Asia,"","","","",Northern Africa and Western Asia,Asia,Western Asia,"","","","","","","",Europe and Central Asia,Western Europe,"","","","","","","","",Asia-Pacific Group,"","",High Income Countries,Non-humanitarian,Non-high burden,"","","","","","","","","","","","","","","","","",ECE_All countries,ECE_European Union (E25),ECE_Euro area (EMU),"","","","","","","","",ESCAP_Europe (Europe),"","","","","","","","","","","","","","","","","","",7482,6963,6639,6707,6881,6917,7001,7170,7328,7475,7605,7859,7491,7485,7371,7516,7478,7440,7404,7317,7158,7229,7262,6066,6039,5659,6253,5868,6008,6317,6882,6569,7508,7680,7798,7595,7687,7535,7813,7568,7713,7574,7992,7467,7364,7001,6819,6596,6388,6196,6179,6043,5938,6113,6293,6295,6567,6471,6741,6906,6896,6735,6961,6698,6738,6827,7002,6857,6798,6814,6749,6620,6468,6375,6294,6239,6159,6062,5973,5894,5826,5750,5691,5640,5606,5577,5556,5541,5533,5543,5562,5592,5623,5666,5712,5755,5800,5835,5876,5903,5927,5948,5941,5898,5864,5851,5838,5815,5808,5745,5708,5666,5627,5586,5557,5539,5498,5470,5456,5451,5444,5437,5453,5452,5464,5466,5493,5516,5531,5556,5581,5623,5644,5637,5661,5687,5684,5694,5696,5686,5662,5647,5666,5664,5645,5646,5626,5609,5589,5579,25704,27239,27732,28257,28147,27910,28174,28544,29090,29839,30775,31727,31498,30545,29427,28272,27462,26942,26369,25743,25074,24378,23651,22862,22640,22718,22773,23017,23337,23593,24120,24683,25296,26281,27446,28368,28946,29202,29208,29113,28982,28805,28565,28501,29081,29616,29803,29632,29070,28363,27690,27003,26272,25595,25171,25004,25031,25124,25203,25277,25380,25538,26067,26712,27182,27398,27528,27584,27703,27820,27834,27632,27306,27036,26667,26245,25862,25538,25229,24911,24576,24237,23918,23625,23362,23130,22940,22792,22681,22599,22551,22543,22576,22654,22766,22907,23067,23238,23414,23578,23733,23868,23984,24069,24089,24045,23959,23857,23766,23701,23617,23493,23351,23182,23012,22859,22723,22595,22475,22369,22277,22210,22170,22156,22157,22169,22196,22231,22288,22354,22435,22525,22624,22736,22830,22907,22979,23028,23077,23121,23135,23117,23081,23041,23018,22999,22993,22972,22919,22863
Czech Republic,Czechia,162,CZE,203,CZE,"","","","","","",Non-programme countries,"","","",Europe,Europe and Central Asia,"",High income,High income,"",Europe,"","","","","","","","","","","","","","","","",Non-fragile,"","",non-FCS,non-FCS,"",non-FCS,"","",Europe,Eastern Europe,"",Europe and Northern America,Europe,"","","North America, Europe, Australia and New Zealand","Australia and New Zealand, Central Asia, Europe and North America",Europe and Northern America,Europe,Eastern Europe,"","","","","","","",Europe and Central Asia,Western Europe,"","","","","","","","",Eastern European Group,"","",High Income Countries,Non-humanitarian,Non-high burden,"","","","","","","","","","","","","","","","","",ECE_All countries,ECE_European Union (E25),"","","","","","","","","",ESCAP_Europe (Europe),"","","","","","","","","","","","","","","","","","",91607,90937,89296,86283,84200,82871,81383,78135,71844,65639,64345,65210,66314,72726,76210,73779,70903,69199,68588,71039,73986,77509,82578,91233,97834,97108,94861,92034,90092,86488,78099,73080,71281,69709,69049,68266,66946,66221,66079,64979,65713,65604,62578,61337,55265,49659,46598,46314,46064,45663,46652,46501,47456,48109,50075,52752,54468,58016,60432,60319,59753,56543,55445,54793,55865,56412,57009,57458,57075,56222,55019,53399,52141,51222,50383,49759,49264,48908,48649,48514,48498,48787,49298,49845,50541,51266,52064,52862,53609,54497,55185,55648,56133,56311,56544,56576,56369,56249,55762,55488,54968,54595,54162,53643,53308,53013,52707,52492,52258,52101,52004,51934,52110,52333,52563,52792,53050,53395,53708,53970,54254,54802,55294,55326,55486,55608,55686,55821,55843,55571,55528,55461,55279,55210,54955,54783,54546,54264,54343,54136,54029,54143,54043,53902,53952,54096,54147,54357,54661,54849,361172,364966,360648,356589,353870,349747,343416,336382,329233,319049,303529,287276,272860,264596,267214,278028,288504,294271,293273,286123,280666,281169,286994,297872,314638,336663,357746,372696,378301,374475,366162,353536,336190,317558,299978,286865,280025,275894,272332,269484,266264,263242,262170,259985,256528,249040,234875,218661,203172,191524,185398,183160,183305,184696,186934,190353,195373,201894,211056,222888,234207,243524,244163,238524,231565,225852,223890,224478,226128,227987,229355,227953,224479,220352,215478,210907,207207,204149,201636,199701,198291,197359,197002,197375,198472,200262,202606,205278,208208,211272,214437,217617,220535,223147,225241,226743,227828,228326,228344,227849,226841,225558,223990,222354,220620,218865,217269,215767,214500,213430,212466,211688,211084,210776,210878,211326,212079,213004,214020,215141,216309,217506,218830,220357,221819,223084,224061,224596,225025,225452,225566,225431,225151,224658,224203,223734,223081,222367,221508,220745,220138,219562,219287,219089,218811,218676,218628,218671,218992,219620
Benin,Benin,23,BEN,204,BEN,Sub-Saharan Africa,Sub-Saharan Africa,West Africa,Least developed countries,"","",West and Central Africa,Programme countries,"","",Africa,Sub-Saharan Africa,Sub-Saharan Africa (excluding high-income),Middle income,Lower middle income,Low and middle income,Africa,Sub-Saharan Africa,Least developed countries,Excluding China,OIC,Africa,OIC Low income,"",Countdown,West Africa,Africa,Western Africa,Non-fragile,Non-fragile,Non-fragile,Non-fragile,Non-fragile,Non-fragile,"",Non-fragile,non-FCS,non-FCS,"",non-FCS,"","",Africa,Western Africa,"",Sub-Saharan Africa,"",Least developed countries,"","","",Sub-Saharan Africa,Sub-Saharan Africa,Western Africa,Sub-Saharan Africa (inc. Sudan),Least Developed Countries (LDCs),"","","",Global Strategy,Non conflict,Sub-Saharan Africa,West and Central Africa,Sub-Saharan Africa,West and Central Africa,Lower middle income,Low and middle income,Sub-Saharan Africa,West and Central Africa,Lower middle income,Low and middle income,African Group,Economic Community of West African States,GAVI,West and Central Africa,Non-humanitarian,High burden,"",West and Central Africa,West and Central Africa,LiST,"",LiSTSBR,"","","","","","","","","","",ECA_West Africa,ECA_All countries,"","","","","","","","","","",ESCAP_Africa (AFR),ECA_African Union Commission,ECA_ECOWAS,"",ECA_CEN-SAD,"","","",ECA_Non-Oil Producing,ECA_Least developed countries,ECA_Mineral-rich countries,ECA_Non-Oil LDCs,"",ECA_Sub-Saharan Africa,"","","","","",36857,40271,40933,41729,42600,43577,44652,45856,47108,48415,49797,51546,53120,54536,55946,57308,58585,59733,60982,62295,63664,65195,66788,68255,69780,71465,73278,75201,77050,79625,82779,85856,88462,90675,93172,95764,98442,101243,104037,106417,109291,112419,115220,118386,126237,127807,128467,130712,133427,136409,139061,142103,145897,150761,155265,159105,164048,167401,170247,173980,177921,182533,187712,193361,199454,204961,210711,215982,220055,223759,227150,230600,233631,236312,239269,242730,245938,249226,252650,256362,259599,263067,266595,270872,273951,276995,280697,284573,288208,292609,296771,300224,304079,307470,310943,314562,317200,319338,322855,325928,328564,331300,332641,335409,336885,339263,341885,342659,343216,346045,348418,351269,352892,354122,356695,357970,359593,362115,364143,363789,364443,365912,367482,370105,370159,369655,371862,372815,373411,375151,375904,374749,376002,375658,374599,376698,376472,376926,377507,375194,376060,376738,377297,375531,375449,375772,375095,374068,373806,372614,111813,111382,115586,120859,128484,134550,137668,141164,144994,149171,153648,158419,163650,169275,175042,180884,186508,191849,196994,201995,206959,211964,217286,222990,228897,234973,241240,247744,254637,261872,269776,278902,289143,300113,310960,321205,331035,340823,351106,361789,372433,383185,394373,405695,421159,434352,448639,461236,473464,483149,492275,503400,515125,527753,542022,558120,575973,593328,610372,625718,640613,655172,670156,687132,706021,726985,749325,772250,795209,816679,836235,853828,869333,883176,895765,907682,919593,931860,944668,957998,971628,985350,999169,1013130,1027461,1041945,1056036,1070067,1083988,1098046,1113225,1129233,1145073,1160832,1176142,1190538,1204827,1218510,1230844,1242752,1254466,1265908,1277753,1288578,1298145,1307109,1315312,1324215,1332560,1339292,1346063,1352959,1360911,1370484,1379423,1387663,1395242,1402038,1409731,1417699,1424350,1429723,1434158,1437897,1443226,1449645,1454382,1458630,1462369,1465550,1470406,1475427,1478387,1480845,1482577,1482208,1483016,1484666,1485769,1488328,1489062,1488172,1488284,1488368,1488748,1488843,1488242,1486845,1485267,1484016
Denmark,Denmark,172,DNK,208,DAN,"","","","","","",Non-programme countries,"","","",Europe,Europe and Central Asia,"",High income,High income,"",Europe,"","","","","","","","","","","","","","","","",Non-fragile,"","",non-FCS,non-FCS,"",non-FCS,"","",Europe,Northern Europe,"",Europe and Northern America,Europe,"","","North America, Europe, Australia and New Zealand","Australia and New Zealand, Central Asia, Europe and North America",Europe and Northern America,Europe,Northern Europe,"","","","","","","",Europe and Central Asia,Western Europe,"","","","","","","","",Western European and Others Group (WEOG),"","",High Income Countries,Non-humanitarian,Non-high burden,"","","","","","","","","","","","","","","","","",ECE_All countries,ECE_European Union (E25),"","","","","","","","","",ESCAP_Europe (Europe),"","","","","","","","","","","","","","","","","","",39702,38481,38294,38796,38088,38197,38094,37533,37219,36879,37699,38272,38996,41236,41860,43086,44382,41502,38143,36416,36229,37859,38139,36781,36129,36302,33699,31858,31576,30420,29173,27362,26748,26037,26362,27233,28039,28591,29811,31082,32191,32823,34300,34595,35406,35614,34757,34517,33925,33799,34066,33506,32911,33003,33049,32958,33312,33044,33190,32307,32110,30358,29589,28603,28933,29562,30899,30923,30993,31023,31427,32258,32800,33261,33713,34108,34401,34532,34594,34665,34628,34540,34362,34255,34098,33892,33773,33534,33390,33208,32938,32767,32457,32292,32138,32041,31973,31912,31870,31952,32038,32252,32470,32807,32997,33246,33432,33601,33641,33901,33955,34160,34285,34275,34175,34119,33973,33977,33820,33807,33613,33400,33250,33121,33069,33015,32945,32838,32914,32859,32849,32960,33041,33067,33217,33338,33500,33607,33705,33921,33942,34014,34118,34169,34204,34167,34203,34242,34148,34181,177210,169665,162431,157092,154866,153780,153066,153053,152364,151399,150415,149643,149968,151322,154527,158813,163236,168387,170937,168724,163231,155693,150145,148934,149382,149534,148633,145405,140588,135903,130613,125384,120949,116278,111732,108358,107274,108213,110399,113664,117525,121711,126059,130567,134602,137933,140922,142360,142341,141384,139520,138187,137239,136072,135125,134210,133489,133615,133984,134218,134125,133313,131398,128201,124537,121151,119383,119954,121979,124244,125994,126907,127824,129019,130717,132742,134666,136338,137738,138762,139431,139781,139860,139719,139371,138883,138279,137661,137003,136281,135590,134820,134017,133161,132226,131383,130635,130057,129651,129342,129187,129199,129434,129945,130712,131644,132629,133605,134467,135163,135804,136386,136920,137534,138026,138290,138350,138135,137814,137488,137154,136817,136326,135740,135106,134493,134056,133729,133441,133235,133087,132964,133002,133143,133316,133624,134009,134435,134947,135461,136000,136508,136920,137330,137647,137891,138094,138198,138273,138271
Dominica,Dominica,117,DMA,212,DOM,Latin America and the Caribbean,Latin America and the Caribbean,"","",Caribbean,SIDS,Latin America and Caribbean,Programme countries,"",Eastern Caribbean Area,Americas,Latin America and the Caribbean,Latin America and the Caribbean (excluding high-income),Middle income,Upper middle income,Low and middle income,Latin America and the Caribbean,"",Excluding least developed countries,Excluding China,"","","","","","","","",Non-fragile,Non-fragile,Non-fragile,Non-fragile,Non-fragile,Non-fragile,"",Non-fragile,non-FCS,non-FCS,"",non-FCS,"","",Americas,Latin America and the Caribbean,Caribbean,Latin America and the Caribbean,"","",Small island developing States,"","",Latin America and the Caribbean,Latin America and the Caribbean,Caribbean,Latin America and the Caribbean,"",Small island developing States (SIDS),"","","",Non conflict,Latin America and Caribbean,"","","","","",Latin America and Caribbean,"",Upper middle income,Low and middle income,Latin American and Caribbean Group (GRULAC),"","",Latin America and Caribbean,Non-humanitarian,Non-high burden,"","","","","","","","","","","","","","","","","",ECLAC_All countries,"","",ECLAC_Carribean,"","","","","","","",ESCAP_Latin America (LAC),"","","","","","","","","","","","","","","","","","",785,802,806,826,857,874,932,1002,1069,1098,1293,1098,1089,1081,1029,1017,1165,1065,1044,1127,1083,1021,977,937,902,864,832,811,795,790,789,798,824,888,841,856,868,827,884,855,845,844,896,860,801,747,699,660,635,668,608,631,579,558,550,540,550,532,515,497,483,469,462,456,445,463,457,455,467,474,480,484,485,484,483,482,479,477,471,464,456,448,440,432,426,416,408,402,393,386,380,376,371,366,362,358,355,353,352,351,349,348,346,345,342,341,338,335,333,329,325,321,317,312,307,303,299,294,291,288,284,279,274,271,269,266,263,261,258,256,254,254,251,250,249,246,245,242,241,239,236,233,231,228,226,223,220,217,214,210,3619,3392,3169,2964,2911,2981,3142,3389,3705,4070,4411,4592,4686,4711,4723,4707,4715,4755,4801,4861,4923,4809,4591,4376,4192,4073,4007,3937,3850,3737,3595,3411,3219,3128,3118,3160,3197,3199,3175,3141,3111,3070,3034,3035,3041,3057,3055,3009,2938,2836,2695,2505,2347,2289,2270,2267,2242,2186,2123,2056,1996,1960,1946,1928,1867,1881,1830,1826,1820,1833,1863,1876,1900,1914,1921,1925,1925,1921,1915,1905,1891,1869,1841,1812,1779,1748,1718,1687,1655,1625,1593,1564,1536,1514,1492,1475,1456,1441,1426,1416,1408,1402,1396,1390,1386,1378,1372,1364,1355,1345,1334,1321,1307,1293,1275,1260,1240,1224,1206,1188,1173,1158,1141,1126,1109,1093,1081,1069,1058,1047,1036,1028,1019,1014,1007,1002,995,988,982,974,966,957,947,937,928,916,907,897,887,873
Dominican Republic,Dominican Republic,116,DOM,214,DMR,Latin America and the Caribbean,Latin America and the Caribbean,"","",Caribbean,SIDS,Latin America and Caribbean,Programme countries,"","",Americas,Latin America and the Caribbean,Latin America and the Caribbean (excluding high-income),Middle income,Upper middle income,Low and middle income,Latin America and the Caribbean,"",Excluding least developed countries,Excluding China,"","","","",Countdown,"","","",Non-fragile,Non-fragile,Non-fragile,Non-fragile,Non-fragile,Non-fragile,"",Non-fragile,non-FCS,non-FCS,"",non-FCS,"","",Americas,Latin America and the Caribbean,Caribbean,Latin America and the Caribbean,"","",Small island developing States,"","",Latin America and the Caribbean,Latin America and the Caribbean,Caribbean,Latin America and the Caribbean,"",Small island developing States (SIDS),"","","",Non conflict,Latin America and Caribbean,"",Latin America and Caribbean,"",Upper middle income,Low and middle income,Latin America and Caribbean,"",Upper middle income,Low and middle income,Latin American and Caribbean Group (GRULAC),"","",Latin America and Caribbean,Non-humanitarian,Non-high burden,"",Latin America and the Caribbean,Latin America and Caribbean,LiST,"",LiSTSBR,"","","","","","","","","","","",ECLAC_All countries,"","",ECLAC_Latin America,"","","","","","","",ESCAP_Latin America (LAC),"","","","","","","","","","","","","","","","","","",55580,57927,60478,63121,65748,68311,70736,73004,75113,77062,78819,80402,81835,83093,84259,85288,86588,87313,87432,87832,88646,89507,90353,91281,91563,91747,92416,93077,93709,94532,95263,95829,96591,98237,99337,99721,100674,101941,103925,106270,107578,108263,108638,108957,108928,108111,107207,105501,103749,104189,105183,104829,104459,104169,103607,102879,101469,101737,103969,106238,107326,107577,107300,107122,106889,106743,106273,106013,105939,104720,103043,102148,101592,100248,99542,98399,97635,96855,96315,95464,94848,94170,93753,93060,92664,92217,91700,91136,90586,90114,89708,88970,88536,88111,87873,87401,86772,85919,85199,84438,83729,83126,82363,81790,81250,80407,79539,78932,78321,77652,76882,76505,75611,74718,74194,73576,73058,72322,71832,71328,70816,70325,69825,69217,68686,68183,67559,67145,66594,65985,65523,64727,64096,63563,62853,62251,61700,60975,60349,59891,59288,58673,58174,57791,57072,56415,55795,55168,54840,54327,173806,181578,189358,197126,205828,215557,225572,235605,245385,254774,263667,272000,279741,286858,293373,299371,304878,310184,315173,319266,322648,326156,328970,332456,336593,340517,343748,346673,349366,352062,355363,358997,362380,365785,369749,374263,378673,383057,387282,391871,398184,405467,412303,417900,421597,424102,425296,425021,422928,418801,414713,412438,411685,411894,412166,411102,409247,406783,404168,403485,405789,410744,416685,421029,422787,422788,422068,421117,420045,419052,417553,415208,412037,407995,403607,399686,396122,392353,388866,385741,382811,380090,377471,374958,372586,370404,368451,366541,364640,362720,360703,358744,356741,354707,352765,350931,349325,347723,345763,343327,340513,337537,334677,331915,329220,326719,324148,321388,318574,315707,312908,310251,307761,305214,302383,299607,296824,294120,291707,289360,287085,284867,282787,280817,278763,276653,274529,272330,270183,268128,265984,263886,261652,259174,256729,254180,251619,249215,246720,244178,241774,239403,237059,234849,232733,230577,228335,226013,223493,221089
Ecuador,Ecuador,118,ECU,218,ECU,Latin America and the Caribbean,Latin America and the Caribbean,"","",Latin America,"",Latin America and Caribbean,Programme countries,"","",Americas,Latin America and the Caribbean,Latin America and the Caribbean (excluding high-income),Middle income,Upper middle income,Low and middle income,Latin America and the Caribbean,"",Excluding least developed countries,Excluding China,"","","","","","","","",Non-fragile,Non-fragile,Non-fragile,Non-fragile,Non-fragile,Non-fragile,"",Non-fragile,non-FCS,non-FCS,"",non-FCS,"","",Americas,Latin America and the Caribbean,South America,Latin America and the Caribbean,"","","","","",Latin America and the Caribbean,Latin America and the Caribbean,South America,Latin America and the Caribbean,"","","","","",Non conflict,Latin America and Caribbean,"","","","","",Latin America and Caribbean,"",Upper middle income,Low and middle income,Latin American and Caribbean Group (GRULAC),"","",Latin America and Caribbean,Non-humanitarian,Non-high burden,"",Latin America and the Caribbean,Latin America and Caribbean,LiST,"",LiSTSBR,"","","","","","","","","","","",ECLAC_All countries,"","",ECLAC_Latin America,"","","","","","","",ESCAP_Latin America (LAC),"","","","","","","","","","","","","","","","","","",72947,74756,76679,78683,80714,82719,84829,87026,89158,91458,93970,96901,99758,102352,105051,107722,109998,112504,115024,117515,119492,121255,123211,125033,126691,128435,130135,131845,133607,135524,137401,139312,141120,143031,144938,146830,148730,150216,151593,152968,154168,155423,156295,157162,158232,158949,159703,160165,160840,160913,160589,160344,160268,160231,160260,160374,161062,162055,163053,164166,165140,166491,164273,159926,156148,153475,151448,151601,151315,151823,151541,151375,151166,151065,150075,149422,149029,148470,147966,147525,147028,146356,145452,144378,143188,142392,141311,140419,139811,139149,138277,137690,137406,136401,135441,134524,133659,132708,131644,130888,129913,129203,128699,127841,127057,126074,125268,124629,123798,123178,122712,122360,121604,120638,119957,118670,117816,116948,116470,115590,114580,114218,113289,112464,111389,110978,110470,109464,108478,107594,107064,106491,105850,104761,104175,103409,102924,102229,101474,100861,100556,100202,99411,98696,98121,97346,97075,96337,95527,95184,228281,240147,251746,261662,269635,277075,284850,293019,301546,310333,319380,328782,338754,349398,360376,371503,382492,392939,403120,413165,422998,432652,441785,450442,458691,466668,474724,482693,490509,498424,506548,514890,523471,532128,540748,549386,557978,566547,574760,582244,589090,595177,600727,605711,610119,614381,618456,622334,626008,629245,631968,633855,634953,635416,635485,635609,636014,636945,638753,641492,645143,649327,653757,656522,654627,647768,636887,624620,615599,612921,611091,609981,609017,606379,603940,601748,599522,597502,595390,593289,591528,589734,587783,585541,582733,579237,575365,571371,567389,563833,560616,557535,554725,552234,549680,546886,543884,540390,536665,532949,529262,525599,522008,518867,515918,512989,510008,506700,503396,500191,497152,494494,492137,489942,487560,484884,481585,477789,474073,470520,467294,464160,461213,458267,455088,451944,448728,445739,442853,439895,436724,433300,430159,427422,424700,421822,418826,415829,413151,410551,407929,405507,403353,401332,399206,396884,394190,391617,389311,386812
El Salvador,El Salvador,119,SLV,222,ESL,Latin America and the Caribbean,Latin America and the Caribbean,"","",Latin America,"",Latin America and Caribbean,Programme countries,"","",Americas,Latin America and the Caribbean,Latin America and the Caribbean (excluding high-income),Middle income,Lower middle income,Low and middle income,Latin America and the Caribbean,"",Excluding least developed countries,Excluding China,"","","","","","","","",Non-fragile,Non-fragile,Non-fragile,Non-fragile,Non-fragile,Non-fragile,"",Non-fragile,non-FCS,non-FCS,"",non-FCS,"","",Americas,Latin America and the Caribbean,Central America,Latin America and the Caribbean,"","","","","",Latin America and the Caribbean,Latin America and the Caribbean,Central America,Latin America and the Caribbean,"","","","","",Non conflict,Latin America and Caribbean,"",Latin America and Caribbean,"",Lower middle income,Low and middle income,Latin America and Caribbean,"",Lower middle income,Low and middle income,Latin American and Caribbean Group (GRULAC),"","",Latin America and Caribbean,Non-humanitarian,Non-high burden,"",Latin America and the Caribbean,Latin America and Caribbean,LiST,"",LiSTSBR,"","","","","","","","","","","",ECLAC_All countries,"","",ECLAC_Latin America,"","","","","","","",ESCAP_Latin America (LAC),"","","","","","","","","","","","","","","","","","",45889,47404,48697,50035,51371,52768,54182,55697,57162,58385,59976,61863,63767,66225,67873,69310,70502,71559,72165,72592,72964,73687,75062,76291,77603,78767,79927,81132,82265,83385,84192,85278,84565,84696,84559,84175,84066,85574,86948,87502,87556,87619,87747,87886,88232,87508,86734,85587,85948,84404,82058,78340,74432,71065,67655,65292,63586,62097,61461,61051,60772,60783,60343,59927,59570,58535,56085,54225,52854,52406,51722,51377,50888,50577,50308,49782,49458,49032,48506,48053,47657,47058,46588,46027,45456,44668,44014,43183,42511,41832,41143,40571,39982,39521,38972,38450,37989,37598,37187,36789,36328,35858,35444,34955,34495,34009,33665,33187,32703,32280,31886,31428,30948,30520,30013,29506,29045,28728,28255,27787,27365,26949,26563,26069,25586,25248,24890,24526,24141,23736,23441,23005,22644,22308,21913,21526,21230,20815,20484,20140,19738,19378,19010,18700,18356,18033,17761,17390,17071,16738,142560,148362,154990,162044,168583,173865,178819,183966,189259,194669,200064,205597,211514,217641,225787,234676,243938,251970,258172,262451,264568,265712,266720,268768,271228,274942,279535,283726,288346,292915,296884,300515,300968,305875,310342,313613,315273,315866,317574,322356,327843,333285,337088,339168,336276,333639,330049,325866,320885,315716,310916,305861,299821,291826,281783,270681,259604,249985,244384,241659,240387,240116,239411,238337,237421,236393,234641,231297,226128,219707,213193,208753,205947,204244,202794,201357,199901,198414,196942,195255,193492,191741,189848,187906,185943,183821,181511,179018,176289,173382,170508,167671,164958,162419,160028,157821,155695,153659,151724,149891,148193,146545,144843,143104,141317,139483,137646,135842,134079,132302,130550,128800,127032,125283,123530,121709,119804,117894,116061,114300,112569,110879,109146,107412,105715,103962,102228,100553,98958,97484,96008,94529,93044,91533,90082,88602,87096,85661,84206,82746,81350,79905,78439,76987,75530,74127,72772,71487,70210,68911
Equatorial Guinea,Equatorial Guinea,29,GNQ,226,EQG,Sub-Saharan Africa,Sub-Saharan Africa,Central Africa,"","","",West and Central Africa,Programme countries,"","",Africa,Sub-Saharan Africa,Sub-Saharan Africa (excluding high-income),Middle income,Upper middle income,Low and middle income,Africa,Sub-Saharan Africa,"",Excluding China,"","","","",Countdown,Central Africa,Africa,Central Africa,Non-fragile,Non-fragile,Non-fragile,Non-fragile,Non-fragile,Fragile,Other Fragile,Non-fragile,non-FCS,non-FCS,"",non-FCS,"","",Africa,Middle Africa,"",Sub-Saharan Africa,"","","","","",Sub-Saharan Africa,Sub-Saharan Africa,Middle Africa,Sub-Saharan Africa (inc. Sudan),"","","","","",Non conflict,Sub-Saharan Africa,West and Central Africa,Sub-Saharan Africa,West and Central Africa,Upper middle income,Low and middle income,Sub-Saharan Africa,West and Central Africa,Upper middle income,Low and middle income,African Group,Economic Community of Central African States,"",West and Central Africa,Non-humanitarian,Non-high burden,"",West and Central Africa,West and Central Africa,LiST,"",LiSTSBR,"","","","","","","","","","",ECA_Central Africa,ECA_All countries,"","","","","","","","","","",ESCAP_Africa (AFR),ECA_African Union Commission,ECA_ECCAS,"","","","","",ECA_Oil producing economies,"",ECA_Mineral-rich countries,"","",ECA_Sub-Saharan Africa,"","","","","",4216,4283,4335,4389,4441,4495,4549,4603,4661,4725,4797,4878,4973,5083,5206,5346,5505,5672,5853,5978,6029,6018,5948,5828,5685,5536,5385,5310,5298,5325,5491,5766,6138,6586,7166,7819,8381,8841,9209,9526,9818,10107,10399,10700,11011,11302,11604,11922,12260,12616,13000,13565,14071,14640,15298,16052,16899,17825,18747,19625,20426,21115,21137,21697,22186,22606,22969,23262,23523,23769,24026,24085,24214,24393,24534,24649,24799,24965,25134,25396,25604,25839,25963,26019,26201,26366,26542,26694,26763,26872,27005,27095,27114,27110,27162,27362,27285,27330,27316,27355,27263,27163,27164,27229,27129,27075,27031,27055,26932,26904,26992,26957,26995,26922,26797,26741,26614,26555,26463,26446,26300,26213,26192,26103,25988,25991,25836,25733,25721,25717,25672,25640,25463,25383,25308,25213,25137,25023,25014,24987,24910,24810,24716,24557,24501,24431,24327,24292,24236,24040,11824,12593,13358,14077,14543,14773,14985,15200,15414,15634,15864,16111,16382,16686,17029,17416,17855,18347,18891,19379,19654,19707,19557,19226,18814,18387,17960,17675,17615,17727,18165,19044,20311,21846,22908,24169,25738,27536,29474,31327,32905,34258,35464,36599,37718,38826,39955,41109,42302,43543,44852,46138,47557,49013,50656,52549,55034,58480,62858,67878,73037,77775,80517,81770,82633,83207,84491,86464,88179,89650,90933,91866,92762,93496,94156,94710,95205,95739,96295,96896,97626,98451,99326,100201,100919,101536,102123,102705,103379,104016,104559,105064,105516,105913,106222,106434,106686,106936,107159,107375,107455,107460,107385,107248,107150,107053,106978,106896,106767,106610,106462,106404,106369,106390,106465,106380,106186,105904,105549,105234,104955,104681,104378,104103,103823,103520,103291,103023,102677,102394,102154,101966,101870,101708,101416,101085,100707,100356,100038,99733,99503,99300,99100,98860,98504,98100,97732,97368,97066,96827
Ethiopia,Ethiopia,5,ETH,231,ETH,Sub-Saharan Africa,Sub-Saharan Africa,Eastern Africa,Least developed countries,"",LLDC,Eastern and Southern Africa,Programme countries,"","",Africa,Sub-Saharan Africa,Sub-Saharan Africa (excluding high-income),Low income,Low income,Low and middle income,Africa,Sub-Saharan Africa,Least developed countries,Excluding China,"","","","",Countdown,Eastern Africa,Africa,Eastern Africa,Non-fragile,Non-fragile,Non-fragile,Non-fragile,Non-fragile,Fragile,Extremely Fragile,Non-fragile,non-FCS,Fragile and Conflict-affected Situation,Medium-intensity Conflict,Fragile and Conflict-affected Situation,Conflict,USAID,Africa,Eastern Africa,"",Sub-Saharan Africa,"",Least developed countries,Landlocked developing countries,"","",Sub-Saharan Africa,Sub-Saharan Africa,Eastern Africa,Sub-Saharan Africa (inc. Sudan),Least Developed Countries (LDCs),Landlocked developing countries (LLDCs),HAC,HAC,Global Strategy,Non conflict,Sub-Saharan Africa,Eastern and Southern Africa,Sub-Saharan Africa,Eastern and Southern Africa,Low income,Low and middle income,Sub-Saharan Africa,Eastern and Southern Africa,Low income,Low and middle income,African Group,"",GAVI,Eastern and Southern Africa,Humanitarian,High burden,"",Eastern and Southern Africa,Eastern and Southern Africa,LiST,"",LiSTSBR,"","","","","","","","","","",ECA_Eastern Africa,ECA_All countries,"","","","","","","","","","",ESCAP_Africa (AFR),ECA_African Union Commission,ECA_IGAD,"","",ECA_COMESA,ECA_Land-locked countries,ECA_Land-locked LDCs,ECA_Non-Oil Producing,ECA_Least developed countries,"",ECA_Non-Oil LDCs,"",ECA_Sub-Saharan Africa,"","","","","",383167,388291,393961,399582,405603,412499,420605,420987,426101,445065,461672,475688,490430,505823,522685,540291,554266,573860,594054,615545,636133,655778,672192,688363,703167,720003,744867,769882,779417,798073,806187,810155,851172,860449,882611,917255,950387,998509,1038112,1073790,1110907,1151446,1199704,1227718,1260232,1291731,1327005,1358633,1379553,1403491,1426752,1452440,1478772,1492339,1512248,1536022,1555338,1574760,1583734,1583473,1594510,1611976,1617430,1621712,1644732,1683150,1725355,1763512,1809363,1866158,1901872,1930725,1952188,1973390,1984165,2000043,2016039,2031412,2046265,2057681,2066069,2069374,2080809,2080921,2090279,2095308,2102303,2108254,2116333,2131016,2143848,2159442,2167255,2189854,2195484,2209329,2209910,2223281,2229349,2246109,2250640,2253922,2264187,2268494,2268767,2264433,2255088,2255739,2255350,2240655,2229043,2231031,2233295,2224006,2219059,2211541,2209617,2202239,2192502,2197197,2199242,2194729,2185420,2173813,2170687,2171660,2166440,2158711,2155154,2151847,2142091,2136402,2134498,2127551,2118638,2108340,2104234,2089032,2081034,2072599,2062589,2054412,2055740,2042292,2032412,2018192,2004656,1997198,1989104,1977098,1241428,1248497,1253336,1265010,1283830,1306312,1331608,1346639,1348730,1364484,1406535,1463934,1530449,1597342,1657649,1716092,1771994,1827629,1890517,1957082,2027184,2100792,2169609,2232497,2285809,2329669,2381591,2450545,2493459,2565048,2601401,2620325,2751665,2815172,2846771,2884798,2959463,3087600,3278092,3491511,3671125,3837593,4047333,4183074,4314807,4449143,4560536,4680803,4813472,4938249,5058134,5173122,5281907,5396940,5506765,5610290,5713241,5809048,5905694,5997337,6067856,6125128,6179242,6229082,6277704,6334849,6407803,6512520,6651093,6812904,6992436,7176074,7349273,7504881,7627658,7718457,7791092,7856301,7917195,7979145,8041471,8096820,8141914,8179595,8209915,8235321,8262846,8288446,8315014,8343916,8377080,8418292,8467035,8520018,8576688,8633307,8684930,8732169,8770762,8805428,8842375,8882813,8919475,8953217,8982616,9003191,9018089,9018614,9007834,8995834,8977976,8953761,8929568,8907510,8889601,8877807,8863903,8842763,8820997,8797684,8778437,8767556,8759659,8753268,8738194,8712239,8687298,8667397,8651328,8636762,8619544,8597798,8575002,8554190,8532135,8508656,8483251,8454340,8420087,8382268,8346164,8307784,8270140,8241146,8213861,8183846,8150844,8106904,8058943,8015371
Eritrea,Eritrea,4,ERI,232,ETHB,Sub-Saharan Africa,Sub-Saharan Africa,Eastern Africa,Least developed countries,"","",Eastern and Southern Africa,Programme countries,"","",Africa,Sub-Saharan Africa,Sub-Saharan Africa (excluding high-income),Low income,Low income,Low and middle income,Africa,Sub-Saharan Africa,Least developed countries,Excluding China,"","","","",Countdown,Eastern Africa,Africa,Eastern Africa,Fragile,Fragile,Fragile,Fragile,Fragile,Fragile,Extremely Fragile,Fragile,Fragile and Conflict-affected Situation,Fragile and Conflict-affected Situation,High Institutional and Social Fragility,Fragile and Conflict-affected Situation,Institutional and Social Fragility,"",Africa,Eastern Africa,"",Sub-Saharan Africa,"",Least developed countries,"","","",Sub-Saharan Africa,Sub-Saharan Africa,Eastern Africa,Sub-Saharan Africa (inc. Sudan),Least Developed Countries (LDCs),"",HAC,HAC,Global Strategy,Non conflict,Sub-Saharan Africa,Eastern and Southern Africa,Sub-Saharan Africa,Eastern and Southern Africa,Low income,Low and middle income,Sub-Saharan Africa,Eastern and Southern Africa,Low income,Low and middle income,African Group,"",GAVI,Eastern and Southern Africa,Humanitarian,Non-high burden,Fragile,Eastern and Southern Africa,Eastern and Southern Africa,LiST,"",LiSTSBR,"","","","","","","","","","",ECA_Eastern Africa,ECA_All countries,"","","","","","","","","","",ESCAP_Africa (AFR),ECA_African Union Commission,ECA_IGAD,"",ECA_CEN-SAD,ECA_COMESA,"","",ECA_Non-Oil Producing,ECA_Least developed countries,"",ECA_Non-Oil LDCs,"",ECA_Sub-Saharan Africa,"","","","","",16701,16092,16544,17017,17466,17924,18414,18978,19544,20152,20739,21334,22010,22655,23298,23949,24579,25185,25765,26325,26985,27608,28187,28818,29572,30377,31192,31965,32700,33474,34328,35296,36322,37380,38276,39106,39943,40801,41773,42590,43243,43704,37964,38204,40063,40508,45239,45301,44423,43442,43618,43502,45604,46577,49597,50561,51182,50619,50683,51885,51997,52245,52058,51599,51494,50412,49907,49466,49496,50027,50382,51143,51754,52386,53026,53749,54405,55341,56210,56749,57457,58022,58510,58997,59185,59570,59636,59769,59982,60065,59970,59849,59775,59714,59787,59461,59417,58904,58857,58841,58922,59072,59110,59068,59118,59329,59334,59631,59458,59468,59507,59350,59523,59796,59489,59283,59249,59052,59009,58640,58299,58349,58059,57746,57533,57334,57211,56850,56599,56321,56052,55570,55575,55370,55080,54792,54697,54548,54351,54180,53942,53508,53358,53251,52881,52705,52572,52233,51873,51547,59185,58146,56022,54662,53924,54444,56196,58015,59934,61984,64184,66503,68867,71310,73804,76311,78847,81332,83762,86165,88523,90925,93397,95883,98423,101055,103838,106821,109940,113052,116107,119173,122381,125850,129588,133395,137073,140634,144031,147468,150969,154372,134535,136937,140507,143445,150711,155730,162247,166258,168985,168931,169178,170371,175434,180446,186522,191126,194984,197899,199063,200455,201439,202290,202437,200965,199439,197331,195663,194607,194207,195142,196863,199141,201633,204293,207046,209826,212793,216009,219204,222319,225255,227780,230097,232103,233746,235090,236039,236848,237519,237949,238172,238115,237850,237616,237358,237007,236435,235570,234837,234327,234223,234488,234751,234982,235232,235496,235920,236395,236636,236805,236754,236661,236899,237066,237027,236864,236349,235750,235208,234409,233595,232781,231865,231054,230171,229248,228393,227486,226519,225438,224220,223083,222115,221164,220303,219485,218644,217879,217223,216546,215642,214627,213677,212687,211765,210985,210083,209069
Estonia,Estonia,163,EST,233,EST,"","","","","","",Non-programme countries,"","","",Europe,Europe and Central Asia,"",High income,High income,"",Europe,"","","","","","","","","","","","","","","","",Non-fragile,"","",non-FCS,non-FCS,"",non-FCS,"","",Europe,Northern Europe,"",Europe and Northern America,Europe,"","","North America, Europe, Australia and New Zealand","Australia and New Zealand, Central Asia, Europe and North America",Europe and Northern America,Europe,Northern Europe,"","","","","","","",Europe and Central Asia,Western Europe,"","","","","","","","",Eastern European Group,"","",High Income Countries,Non-humanitarian,Non-high burden,"","","","","","","","","","","","","","","","","",ECE_All countries,ECE_European Union (E25),ECE_Euro area (EMU),"","","","","","","","",ESCAP_Europe (Europe),"","","","","","","","","","","","","","","","","","",10460,10422,10665,10368,10650,10651,10149,9972,10003,10062,10128,10136,9988,9702,9697,9404,9236,9326,9855,10387,10607,10825,10714,10524,10648,10696,10921,11032,10961,10923,11040,11367,11530,11915,12078,11871,12118,12573,12649,12293,11403,10089,9275,8034,7343,6958,6811,6544,6331,6341,6608,6527,6627,6677,7086,7357,7646,8036,8183,8108,8080,7659,7272,6999,6957,7074,7234,7155,7320,7287,7156,7032,6916,6755,6581,6403,6251,6117,5992,5865,5766,5697,5672,5637,5644,5664,5688,5729,5776,5800,5819,5844,5840,5835,5813,5791,5757,5725,5667,5611,5541,5464,5396,5322,5238,5148,5070,4984,4904,4837,4760,4709,4647,4600,4571,4530,4516,4506,4485,4466,4473,4463,4454,4441,4425,4409,4394,4365,4336,4313,4268,4219,4178,4135,4092,4048,3994,3935,3892,3834,3782,3734,3690,3644,3611,3584,3549,3529,3496,3486,36919,39620,41010,42705,42689,41901,42238,41996,41502,39133,38902,39261,39879,40419,40561,40438,40167,39527,38974,38867,39291,40032,41554,42903,43697,44036,43985,43890,44090,44454,44389,44515,44807,45398,46342,47363,47955,48415,49033,49472,49601,49165,47019,43006,38999,34853,31618,29254,27594,26627,25812,25600,25693,25969,26390,26720,27307,28253,29550,30825,31665,32200,32233,31409,30353,29270,28774,28747,28969,29279,29469,29277,29049,28617,28043,27445,26793,26131,25483,24875,24321,23818,23374,23017,22758,22597,22534,22535,22599,22719,22858,22990,23112,23195,23239,23249,23213,23139,23040,22907,22740,22536,22292,22022,21741,21443,21130,20808,20474,20138,19818,19510,19220,18958,18713,18507,18327,18177,18071,17984,17912,17861,17820,17784,17755,17718,17664,17606,17537,17452,17360,17245,17105,16952,16781,16602,16430,16252,16057,15857,15649,15436,15230,15029,14834,14656,14499,14354,14230,14118
Fiji,Fiji,76,FJI,242,FJI,Oceania,Oceania,"","","",SIDS,East Asia and Pacific,Programme countries,"","",Western Pacific,East Asia and Pacific,East Asia and Pacific (excluding high-income),Middle income,Upper middle income,Low and middle income,Oceania,"",Excluding least developed countries,Excluding China,"","","","","","","","",Non-fragile,Non-fragile,Non-fragile,Non-fragile,Non-fragile,Non-fragile,"",Non-fragile,non-FCS,non-FCS,"",non-FCS,"","",Oceania,Melanesia,"",Oceania,Oceania (exc. Australia and New Zealand),"",Small island developing States,South Eastern Asia and Oceania (excl. Australia and New Zealand),"",Oceania (exc. Australia and New Zealand),Oceania,Melanesia,Oceania,"",Small island developing States (SIDS),"","","",Non conflict,East Asia and Pacific,"","","","","",East Asia and Pacific,"",Upper middle income,Low and middle income,Asia-Pacific Group,"","",East Asia and the Pacific,Non-humanitarian,Non-high burden,"","","","","","",EAPR Program Countries,EAPR Program Countries (excluding China),Pacific Program Countries,Pacific Program Countries (excluding PNG),EAPR Countries,EAPR Countries (excluding China),Pacific Countries,Pacific Countries (excluding PNG),"","","","","","","",ESCAP_ADB Group B (ADB_DMC_B),ESCAP_Pacific island developing economies (PIDE),"","","","",ESCAP_PACIFIC (PAC),ESCAP_All countries,ESCAP_ADB Developing member countries (ADB_DMC),"","","","","","","","","","","","",ESCAP_Countries with Special Needs,ESCAP_Small Islands Developing States,ESCAP_WB Upper Middle Income Economies,"","",6203,6340,6753,7087,7420,7739,8010,8274,8496,8652,8727,8736,8987,9099,9090,9085,9094,8992,8993,9013,8980,8960,8832,8761,8822,9183,9580,9939,10317,10659,10942,11176,11362,11522,11682,11726,11628,11715,11671,11606,11585,11473,11249,11008,10771,10650,10565,10415,10295,10301,10326,10407,10503,10596,10626,10606,10793,10823,10800,10667,10483,10276,10199,10182,10138,10051,9882,9658,9477,9354,9189,9087,9059,8992,8927,8901,8846,8835,8828,8830,8824,8824,8822,8806,8796,8823,8813,8817,8806,8773,8721,8685,8623,8567,8524,8483,8425,8376,8341,8289,8238,8159,8106,8059,8003,7946,7856,7822,7781,7728,7685,7611,7573,7496,7462,7401,7363,7331,7284,7236,7212,7191,7145,7114,7046,7011,6954,6906,6851,6793,6756,6695,6634,6567,6533,6444,6403,6335,6300,6240,6207,6161,6092,6052,5992,5946,5906,5839,5785,5756,22224,22834,23287,23943,24741,25864,27289,28620,29832,30962,31941,32748,33331,33849,34383,34828,35199,35324,35205,34992,34840,34694,34588,34446,34179,33950,34031,34699,35997,37606,39237,40696,42000,43134,44079,44878,45482,45712,45660,45481,45229,45061,44579,44098,43503,42759,41971,41539,41257,41001,40732,40483,40370,40476,40721,41004,41228,41445,41629,41900,42059,41943,41486,40885,40344,39941,39664,39387,38927,38298,37592,37073,36577,36235,35921,35651,35461,35303,35166,35076,35013,34979,34970,34964,34950,34926,34915,34913,34916,34929,34906,34830,34716,34556,34359,34159,33963,33766,33574,33390,33202,33013,32812,32586,32355,32125,31905,31674,31431,31205,30988,30798,30609,30398,30177,29950,29737,29530,29347,29179,29010,28855,28711,28574,28446,28301,28124,27940,27740,27539,27334,27128,26924,26711,26489,26264,26027,25788,25559,25327,25111,24914,24732,24541,24343,24142,23925,23729,23531,23321
Finland,Finland,173,FIN,246,FIN,"","","","","","",Non-programme countries,"","","",Europe,Europe and Central Asia,"",High income,High income,"",Europe,"","","","","","","","","","","","","","","","",Non-fragile,"","",non-FCS,non-FCS,"",non-FCS,"","",Europe,Northern Europe,"",Europe and Northern America,Europe,"","","North America, Europe, Australia and New Zealand","Australia and New Zealand, Central Asia, Europe and North America",Europe and Northern America,Europe,Northern Europe,"","","","","","","",Europe and Central Asia,Western Europe,"","","","","","","","",Western European and Others Group (WEOG),"","",High Income Countries,Non-humanitarian,Non-high burden,"","","","","","","","","","","","","","","","","",ECE_All countries,ECE_European Union (E25),ECE_Euro area (EMU),"","","","","","","","",ESCAP_Europe (Europe),"","","","","","","","","","","","","","","","","","",49181,46871,46809,45540,44730,44539,44416,43525,41122,41429,41267,40671,40859,41249,40663,39328,39073,38854,37388,34702,32855,30970,29859,29087,31243,33181,34057,33527,32864,32367,32102,32300,33438,33921,33168,32045,30996,30610,31851,32212,33080,33188,33675,33132,32996,32174,31171,30147,29363,29255,29023,28606,28403,28692,29273,29316,29779,29928,30242,30660,30940,30611,30310,29745,29224,28434,27094,25819,24568,23597,23594,23961,24123,24147,24289,24334,24295,24357,24411,24401,24345,24406,24450,24537,24638,24708,24822,25002,25038,25085,25071,25041,24985,24832,24677,24410,24221,23891,23557,23310,22980,22711,22474,22309,22186,22014,21966,21932,21935,21861,21910,21970,22075,22122,22263,22173,22166,22166,22222,22249,22324,22335,22318,22247,22157,22069,21917,21759,21698,21638,21460,21354,21295,21188,21048,20937,20820,20671,20581,20574,20577,20589,20613,20620,20565,20633,20636,20622,20664,20748,205166,205948,199918,193533,187675,182729,180137,178288,176059,173160,169821,166111,162488,161787,161939,161303,159664,157518,155317,151947,145966,138996,133343,128075,123788,121993,123036,125749,129054,131640,131647,130454,129622,130238,132159,133626,133696,131816,128418,126107,125903,127465,130316,132564,133794,133617,132749,130733,127783,124367,120986,118683,117073,116156,115772,115795,116494,117716,119280,120572,121858,123254,124227,124557,124160,122770,120743,118001,114223,109682,104708,100488,97752,96463,96588,97318,97782,98019,98203,98368,98453,98507,98557,98602,98697,98933,99241,99584,100018,100451,100832,101135,101251,101223,101050,100702,100163,99439,98565,97508,96390,95210,93994,92879,91851,90976,90255,89672,89255,88960,88773,88685,88689,88792,89011,89334,89605,89730,89787,89779,89802,89936,90105,90232,90265,90161,89926,89574,89116,88640,88200,87756,87328,86928,86497,86066,85654,85202,84698,84209,83808,83523,83383,83377,83424,83436,83452,83490,83498,83556
France,France,174,FRA,250,FRA,"","","","","","",Non-programme countries,"","","",Europe,Europe and Central Asia,"",High income,High income,"",Europe,"","","","","","","","","","","","","","","","",Non-fragile,"","",non-FCS,non-FCS,"",non-FCS,"","",Europe,Western Europe,"",Europe and Northern America,Europe,"","","North America, Europe, Australia and New Zealand","Australia and New Zealand, Central Asia, Europe and North America",Europe and Northern America,Europe,Western Europe,"","","","","","","",Europe and Central Asia,Western Europe,"","","","","","","","",Western European and Others Group (WEOG),"","",High Income Countries,Non-humanitarian,Non-high burden,"","","","","","","","","","","","","","","","","",ECE_All countries,ECE_European Union (E25),ECE_Euro area (EMU),"","","","","","","","",ESCAP_Europe (Europe),"","","","","","","","","","","","","","","","","","",425479,414667,409933,401777,401381,401335,402237,405153,403378,409121,406917,413319,410369,422570,427310,424567,423629,416876,415652,420749,428299,443968,445974,431755,409561,381243,367491,375628,375103,383340,401639,406686,402397,381529,382127,385804,390777,386776,386514,383644,382215,379793,372515,357844,355031,362831,366902,365226,373085,379033,389848,389370,384748,383418,386548,388799,398162,395026,399402,400267,404392,400502,398581,394456,392912,383645,374989,367312,361876,356605,347552,344177,342204,342325,341723,341663,341345,340377,341287,341463,340796,342180,342594,343608,342887,342838,342150,342068,342523,342430,342909,341560,341032,339954,337536,334836,332163,330328,327707,325435,322204,319479,317708,314526,313385,310998,309592,309095,307698,306363,306498,306765,306211,305950,305591,306085,305734,304900,304607,304445,303099,301574,301268,301229,300534,299196,297447,295493,293494,292510,290355,288633,288129,286417,284120,283369,282471,281425,279606,278394,277054,276162,275945,275335,274514,274312,273028,272213,272301,271257,1591715,1658992,1660565,1647400,1626480,1604599,1592440,1587290,1590362,1597309,1605389,1614383,1622830,1632117,1643871,1662496,1678418,1690264,1692450,1681155,1671802,1670590,1685474,1712859,1729963,1721277,1675143,1600974,1534659,1492152,1479374,1501470,1534742,1562131,1571401,1557053,1535677,1519550,1517507,1522539,1522573,1516123,1508305,1497805,1477163,1450940,1430823,1421952,1425004,1439645,1457528,1477704,1501698,1518076,1524219,1523191,1520287,1526974,1538958,1549745,1560806,1568046,1572299,1572525,1566385,1554799,1537880,1515225,1488072,1458240,1429839,1403504,1379140,1358336,1342786,1335682,1337331,1338274,1336615,1335650,1335509,1335132,1335760,1337125,1338574,1340686,1342148,1342414,1341463,1340550,1340200,1340453,1340520,1339247,1337050,1332803,1326497,1318520,1309108,1299367,1289803,1280130,1269625,1259235,1248789,1239043,1230596,1222339,1215832,1210450,1205339,1201700,1199157,1197368,1196571,1195945,1195133,1194604,1193810,1192764,1191417,1189153,1186060,1182696,1179443,1176624,1174221,1171010,1165973,1159366,1152470,1145592,1138609,1132654,1126974,1120736,1115080,1109661,1104361,1099710,1094957,1089693,1084348,1080047,1076856,1074132,1072034,1069607,1066491,1063908
Djibouti,Djibouti,47,DJI,262,DJB,Sub-Saharan Africa,Sub-Saharan Africa,Eastern Africa,Least developed countries,"","",Middle East and North Africa,Programme countries,MENAEMRO,"",Eastern Mediterranean,Middle East and North Africa,Middle East and North Africa (excluding high-income),Middle income,Lower middle income,Low and middle income,Africa,Sub-Saharan Africa,Least developed countries,Excluding China,OIC,Arab,OIC Lower middle income,OIC Middle income,Countdown,Eastern Africa,Africa,Eastern Africa,Non-fragile,Non-fragile,Non-fragile,Fragile,Fragile,Fragile,Other Fragile,Non-fragile,non-FCS,non-FCS,"",non-FCS,"","",Africa,Eastern Africa,"",Sub-Saharan Africa,"",Least developed countries,"","","",Sub-Saharan Africa,Sub-Saharan Africa,Eastern Africa,Sub-Saharan Africa (inc. Sudan),Least Developed Countries (LDCs),"","","","",Non conflict,Sub-Saharan Africa,Eastern and Southern Africa,"","","","",Sub-Saharan Africa,Eastern and Southern Africa,Lower middle income,Low and middle income,African Group,"",GAVI,Eastern and Southern Africa,Non-humanitarian,Non-high burden,"",Middle East and North Africa,Eastern and Southern Africa,LiST,"",LiSTSBR,"","","","","","","","","","",ECA_Eastern Africa,ECA_All countries,"","","","","","","","","","",ESCAP_Africa (AFR),ECA_African Union Commission,ECA_IGAD,"",ECA_CEN-SAD,ECA_COMESA,"","",ECA_Non-Oil Producing,ECA_Least developed countries,ECA_Mineral-rich countries,ECA_Non-Oil LDCs,"",ECA_Sub-Saharan Africa,"","","",ESCWA_Arab countries,ESCWA_Arab LDCs subregion,1313,1304,1352,1403,1454,1508,1564,1619,1679,1740,1801,1874,1956,2053,2165,2292,2429,2566,2708,2853,3046,3240,3465,3696,3947,4252,4620,5059,5542,6023,6440,6761,6999,7181,7363,7604,7959,8411,8916,9413,10213,11283,11825,10803,11063,10811,10737,10732,11026,11431,11782,12112,12411,12563,12405,12221,12001,11906,11780,11728,11685,11643,11647,11676,11684,11731,11760,11833,11889,11962,12017,12051,12076,12130,12122,12115,12179,12227,12268,12275,12296,12313,12304,12306,12290,12263,12189,12109,12099,12051,11973,11936,11830,11759,11670,11595,11590,11564,11525,11510,11457,11413,11435,11430,11417,11392,11356,11369,11347,11328,11312,11286,11236,11167,11173,11088,10979,10972,10925,10857,10768,10755,10678,10629,10562,10505,10466,10414,10372,10287,10259,10211,10161,10122,10102,10076,10039,10024,10002,9945,9925,9899,9876,9841,9805,9736,9704,9662,9625,9559,4687,4736,4705,4676,4676,4781,4965,5162,5365,5572,5790,6039,6314,6641,7017,7451,7915,8396,8894,9411,10089,10787,11592,12460,13406,14529,15886,17470,19217,20977,22543,23791,24714,25424,26140,27080,28353,29973,31844,33734,36753,40918,43171,39575,40771,40297,40550,40936,41434,41897,42545,43471,44734,46065,46990,47544,47693,47577,47164,46715,46415,46166,45976,45860,45826,45842,45931,46067,46231,46446,46691,46938,47183,47405,47601,47741,47817,47900,48004,48137,48306,48454,48560,48629,48670,48692,48670,48593,48441,48256,48068,47865,47687,47473,47199,46916,46603,46333,46138,45984,45889,45790,45655,45547,45476,45428,45409,45364,45300,45244,45184,45138,45082,44990,44859,44715,44552,44327,44109,43895,43663,43452,43246,43021,42789,42583,42361,42136,41931,41734,41535,41326,41128,40925,40746,40591,40452,40330,40226,40133,40020,39902,39788,39666,39555,39449,39306,39140,38968,38793
Gabon,Gabon,44,GAB,266,GAB,Sub-Saharan Africa,Sub-Saharan Africa,Central Africa,"","","",West and Central Africa,Programme countries,"","",Africa,Sub-Saharan Africa,Sub-Saharan Africa (excluding high-income),Middle income,Upper middle income,Low and middle income,Africa,Sub-Saharan Africa,Excluding least developed countries,Excluding China,OIC,Africa,OIC Upper middle income,OIC Middle income,Countdown,Central Africa,Africa,Central Africa,Non-fragile,Non-fragile,Non-fragile,Non-fragile,Non-fragile,Non-fragile,"",Non-fragile,non-FCS,non-FCS,"",non-FCS,"","",Africa,Middle Africa,"",Sub-Saharan Africa,"","","","","",Sub-Saharan Africa,Sub-Saharan Africa,Middle Africa,Sub-Saharan Africa (inc. Sudan),"","","","","",Non conflict,Sub-Saharan Africa,West and Central Africa,Sub-Saharan Africa,West and Central Africa,Upper middle income,Low and middle income,Sub-Saharan Africa,West and Central Africa,Upper middle income,Low and middle income,African Group,Economic Community of Central African States,"",West and Central Africa,Non-humanitarian,Non-high burden,"",West and Central Africa,West and Central Africa,LiST,"",LiSTSBR,"","","","","","","","","","",ECA_Central Africa,ECA_All countries,"","","","","","","","","","",ESCAP_Africa (AFR),ECA_African Union Commission,ECA_ECCAS,"","","","","",ECA_Oil producing economies,"","","","",ECA_Sub-Saharan Africa,"","","","","",6335,6413,6462,6529,6610,6707,6819,6943,7099,7279,7472,7665,7867,8056,8247,8460,8694,8922,9164,9423,9744,10094,10454,10787,11105,11469,11875,12304,12751,13174,13631,14133,14577,15019,15418,15815,16220,16670,17087,17400,17689,17980,18280,18549,18672,18755,18904,19206,19570,19916,20386,20834,21287,21743,22271,22879,23543,24299,25106,26155,27281,28347,29036,29627,30169,30627,30918,31103,31148,31175,31161,31200,31414,31323,31309,31374,31623,31708,31858,32109,32388,32789,33051,33398,33584,33990,34265,34553,34746,35136,35432,35773,35937,36144,36232,36364,36439,36499,36457,36530,36384,36342,36371,36346,36395,36426,36381,36349,36402,36296,36298,36401,36416,36367,36303,36322,36282,36331,36454,36379,36329,36332,36330,36304,36177,36055,35877,35809,35697,35668,35527,35427,35266,35087,34963,34917,34849,34818,34726,34564,34421,34382,34289,34117,34229,34002,33937,33794,33705,33596,20248,20572,20923,21349,21813,22189,22560,22985,23461,23998,24607,25289,26035,26830,27640,28448,29271,30124,31010,31940,32979,34065,35233,36493,37824,39180,40559,41986,43495,45124,46828,48577,50399,52246,54103,55931,57658,59322,60985,62659,64277,65776,67131,68350,69504,70539,71362,72026,72679,73522,74640,76059,77699,79442,81301,83253,85335,87630,90204,93077,96338,100078,104189,108321,112065,115195,117664,119606,121130,122204,122841,123159,123308,123488,123699,123856,124043,124270,124609,125117,125796,126570,127528,128700,129961,131209,132408,133625,134813,135974,137134,138296,139500,140713,141808,142696,143379,143922,144350,144640,144840,144893,144785,144678,144555,144487,144560,144615,144628,144646,144588,144490,144497,144546,144601,144648,144613,144510,144442,144531,144650,144707,144739,144680,144586,144481,144264,143891,143417,142940,142526,142175,141819,141418,140910,140343,139824,139382,139066,138833,138542,138151,137725,137303,136870,136577,136303,135933,135610,135183
Georgia,Georgia,139,GEO,268,GEO,Caucasus and Central Asia,Caucasus and Central Asia,"","","","",Europe and Central Asia,Programme countries,"","",Europe,Europe and Central Asia,Europe and Central Asia (excluding high-income),Middle income,Upper middle income,Low and middle income,Asia,"",Excluding least developed countries,Excluding China,"","","","","","","","",Non-fragile,Non-fragile,Non-fragile,Non-fragile,Non-fragile,Non-fragile,"",Non-fragile,non-FCS,non-FCS,"",non-FCS,"","",Asia,Western Asia,"",Northern Africa and Western Asia,Western Asia,"","","","",Northern Africa and Western Asia,Asia,Western Asia,Caucasus and Central Asia,"","","","","",Non conflict,Europe and Central Asia,Eastern Europe and Central Asia,Europe and Central Asia,Eastern Europe and Central Asia,Upper middle income,Low and middle income,Europe and Central Asia,Eastern Europe and Central Asia,Upper middle income,Low and middle income,Eastern European Group,"",GAVI,Eastern Europe and Central Asia,Non-humanitarian,Non-high burden,"",Europe and Central Asia,Eastern Europe and Central Asia,LiST,LiSTSBR,LiSTSBR,"","","","","","","","","",EECA,"",ECE_All countries,"ECE_Eastern Europe, Caucasus and Central Asia (CIS)","","",ESCAP_ADB Group C (ADB_DMC_C),"","","","","",ESCAP_North and Central Asia (NCA),ESCAP_All countries,ESCAP_ADB Developing member countries (ADB_DMC),"","","","","","","","","","","","","","",ESCAP_WB Upper Middle Income Economies,"","",39142,40244,40821,41705,42523,43958,45685,47360,48909,50238,51641,52254,52073,51646,49962,47640,46066,46127,45449,45406,45449,45777,46087,45930,45726,46137,46447,46659,47414,48230,49052,49732,50405,51304,52518,52919,52609,51214,50523,50278,50344,48398,44721,41144,37997,35576,33482,31578,29712,27922,26625,25396,24744,24429,25013,25433,25630,26339,27630,29171,29796,29464,29112,29370,29857,30524,30011,28901,27974,26249,25156,25733,25243,24540,23914,23304,22770,22340,21940,21558,21382,21158,21032,20929,20918,20904,20967,21018,21100,21041,21058,21106,21122,21048,21029,20925,20799,20667,20475,20326,20070,19785,19502,19205,18918,18555,18258,17926,17587,17249,16972,16776,16509,16246,15970,15766,15563,15442,15309,15232,15088,14964,14903,14796,14741,14661,14578,14458,14294,14155,14019,13940,13787,13560,13382,13194,12948,12725,12510,12274,12002,11795,11577,11392,11176,10957,10781,10592,10412,10285,126113,135394,143044,148286,152514,156246,159772,164445,169984,176217,182603,188659,193937,197650,199639,199022,195355,193020,190802,188383,185365,181237,178666,177269,176801,177135,177726,178346,179252,180872,182935,185334,188346,191605,192193,192652,193259,194738,196812,198223,195354,194053,191662,186819,178191,166587,154138,142674,132951,124648,117035,110013,104297,100613,98440,97274,97235,97989,99519,101895,105190,108336,111087,112317,112090,113107,115123,117380,118284,117297,114088,109495,105695,102771,100510,99028,97056,94510,92216,90170,88347,86827,85585,84578,83852,83338,83007,82878,82918,83072,83236,83345,83435,83486,83498,83486,83369,83098,82735,82254,81664,80992,80167,79225,78162,77017,75820,74579,73317,72007,70689,69399,68195,67097,66067,65072,64066,63094,62238,61527,60950,60459,59986,59550,59133,58747,58432,58119,57784,57382,56895,56356,55817,55310,54752,54126,53424,52616,51774,50921,50018,49081,48143,47212,46308,45463,44633,43821,43025,42246
Gambia The,Gambia,30,GMB,270,GAM,Sub-Saharan Africa,Sub-Saharan Africa,West Africa,Least developed countries,"","",West and Central Africa,Programme countries,"","",Africa,Sub-Saharan Africa,Sub-Saharan Africa (excluding high-income),Low income,Low income,Low and middle income,Africa,Sub-Saharan Africa,Least developed countries,Excluding China,OIC,Africa,OIC Low income,"",Countdown,West Africa,Africa,Western Africa,Non-fragile,Non-fragile,Non-fragile,Fragile,Fragile,Fragile,Other Fragile,Fragile,Fragile and Conflict-affected Situation,non-FCS,"",non-FCS,"","",Africa,Western Africa,"",Sub-Saharan Africa,"",Least developed countries,"","","",Sub-Saharan Africa,Sub-Saharan Africa,Western Africa,Sub-Saharan Africa (inc. Sudan),Least Developed Countries (LDCs),"","","",Global Strategy,Non conflict,Sub-Saharan Africa,West and Central Africa,Sub-Saharan Africa,West and Central Africa,Low income,Low and middle income,Sub-Saharan Africa,West and Central Africa,Low income,Low and middle income,African Group,Economic Community of West African States,GAVI,West and Central Africa,Non-humanitarian,Non-high burden,Fragile,West and Central Africa,West and Central Africa,LiST,"",LiSTSBR,"","","","","","","","","","",ECA_West Africa,ECA_All countries,"","","","","","","","","","",ESCAP_Africa (AFR),ECA_African Union Commission,ECA_ECOWAS,"",ECA_CEN-SAD,ECA_Sahel,"","",ECA_Non-Oil Producing,ECA_Least developed countries,"",ECA_Non-Oil LDCs,"",ECA_Sub-Saharan Africa,"","","","","",6687,6951,7194,7433,7667,7899,8127,8360,8602,8844,9088,9336,9582,9820,10050,10271,10479,10720,10985,11272,11567,11882,12248,12639,13005,13387,13788,14194,14618,15079,15587,16139,16718,17301,17925,18599,19321,20049,20808,21574,22407,23293,24187,25030,25791,26388,26945,27636,28471,29109,29703,30428,31086,31804,32828,33793,35009,35985,36888,37838,38743,39635,40397,40958,41304,41557,41677,41854,42034,42353,42745,43261,43712,44228,44580,44961,45318,45604,45828,46262,46662,46940,47251,47711,47893,48261,48567,48739,48880,48960,48992,49155,49028,49074,49257,49291,49458,49350,49213,49021,49270,49227,49150,49236,49209,48925,48932,49015,48844,48761,48659,48599,48655,48526,48452,48388,48380,48281,47900,47761,47751,47575,47396,47196,47141,47010,46708,46568,46543,46298,46084,46066,45781,45484,45177,45014,44923,44553,44677,44422,44260,44112,43791,43602,43464,43348,43181,42808,42672,42395,21432,20849,20537,20654,21274,22092,22886,23690,24529,25407,26317,27248,28196,29150,30101,31048,31984,32897,33820,34779,35792,36875,38032,39282,40633,42265,43948,45656,47367,49109,50930,52844,54865,57030,59391,61657,64147,66851,69767,72815,75952,79188,82550,85860,88818,91347,93599,95748,97989,100528,103306,106124,108961,111700,115000,118775,122770,127135,131576,135783,139946,143905,147667,151337,154714,157595,159865,161495,162644,163557,164444,165571,167029,168751,170637,172483,174164,175749,177198,178499,179799,181155,182522,183929,185394,186745,188042,189393,190569,191585,192439,192999,193441,193741,193890,194124,194357,194682,195072,195186,195033,194832,194719,194665,194787,194891,194708,194471,194286,194014,193781,193594,193260,192992,192815,192617,192436,192214,191980,191593,191011,190407,189765,189194,188691,188124,187564,186959,186325,185741,185104,184455,183923,183302,182522,181675,180708,179778,178909,178231,177718,177099,176574,175914,175065,174282,173525,172866,172181,171400
State of Palestine,State of Palestine,61,PSE,275,PLW,Western Asia,Western Asia,"","","","",Middle East and North Africa,Programme countries,MENAEMRO,"","",Middle East and North Africa,Middle East and North Africa (excluding high-income),Middle income,Lower middle income,Low and middle income,Asia,"",Excluding least developed countries,Excluding China,OIC,Arab,OIC Lower middle income,OIC Middle income,"","","","",Fragile,Fragile,Fragile,Fragile,Fragile,Fragile,Other Fragile,Fragile,Fragile and Conflict-affected Situation,Fragile and Conflict-affected Situation,High Institutional and Social Fragility,Fragile and Conflict-affected Situation,Institutional and Social Fragility,"",Asia,Western Asia,"",Northern Africa and Western Asia,Western Asia,"","","","",Northern Africa and Western Asia,Asia,Western Asia,"Western Asia (exc. Armenia, Azerbaijan, Cyprus, Israel and Georgia)","","",HAC,HAC,"",Conflict,Middle East and North Africa,"",Middle East and North Africa,"",Lower middle income,Low and middle income,Middle East and North Africa,"",Lower middle income,Low and middle income,"","","",Middle East and North Africa,Humanitarian,Non-high burden,Fragile,"","","","","","","","","","","","","","","","","","","","","","","","","","","",ESCAP_Other Area (OTH_REGION),"","","","","","","","","","","","","","","","",ESCWA_Arab countries,ESCWA_Mashreq subregion,20873,21182,21491,21833,22223,22643,23087,23556,24050,24571,25081,25584,26116,26621,27076,27348,27474,27338,26981,26626,26497,26682,27238,28048,28900,29752,30578,31282,31928,32625,33424,34302,35266,36364,37808,39376,40165,41385,44266,46120,48128,50071,52010,53431,54654,55708,56573,57409,58714,59628,60385,61120,61605,61480,62034,62518,62845,62895,64009,65484,67687,68766,69443,70272,71727,73985,74146,73696,73292,73228,73115,73308,73471,74006,74599,75139,75507,76292,76871,77276,77934,78490,79056,79707,80294,81081,81483,82087,82402,83044,83290,83565,83881,84119,84151,84209,84024,84101,83682,83717,83478,83481,83229,83076,83005,82764,82782,82563,82297,82187,82376,81986,81875,81809,81726,81368,81280,81305,80809,80725,80737,80779,80510,80174,79726,79680,79089,78668,78214,77878,77619,77360,76933,76373,76007,75655,75106,74855,74428,74079,73814,73602,73366,72852,72576,72487,72134,71669,71191,70946,70884,71045,71214,71644,72642,73983,75416,76981,78670,80468,82361,84320,86313,88325,90217,91361,92136,92005,91229,90412,90253,91226,93382,96403,99681,102913,106046,109082,112017,114942,117935,121061,124430,128367,133415,139418,142325,146172,156113,162205,168735,176016,183848,192016,200035,207330,213704,219012,223434,225769,228333,231408,233716,235414,236643,238006,239886,241946,244048,246850,250028,254409,259999,265648,270632,274929,279780,284942,289343,291859,292100,291359,290942,291294,292144,293535,295348,297362,299564,301866,304081,306388,308716,310910,313240,315653,318146,320667,323072,325314,327344,329229,330865,332344,333619,334577,335328,335709,335761,335510,335027,334518,333941,333419,332881,332332,331744,331172,330706,330096,329460,328985,328500,328007,327620,327105,326471,325872,325331,324616,323837,323259,322731,322331,321910,321113,320049,318781,317311,315804,314143,312511,311139,309852,308457,306893,305232,303463,301798,300259,298682,297259,295995,294846,293704,292468,291297,290126,288919,287632
Germany,Germany,175,DEU,276,GERB,"","","","","","",Non-programme countries,"","","",Europe,Europe and Central Asia,"",High income,High income,"",Europe,"","","","","","","","","","","","","","","","",Non-fragile,"","",non-FCS,non-FCS,"",non-FCS,"","",Europe,Western Europe,"",Europe and Northern America,Europe,"","","North America, Europe, Australia and New Zealand","Australia and New Zealand, Central Asia, Europe and North America",Europe and Northern America,Europe,Western Europe,"","","","","","","",Europe and Central Asia,Western Europe,"","","","","","","","",Western European and Others Group (WEOG),"","",High Income Countries,Non-humanitarian,Non-high burden,"","","","","","","","","","","","","","","","","",ECE_All countries,ECE_European Union (E25),ECE_Euro area (EMU),"","","","","","","","",ESCAP_Europe (Europe),"","","","","","","","","","","","","","","","","","",569295,558917,551693,548617,550093,551157,561056,577455,591061,615667,630719,653562,664925,676436,676672,666513,658895,640175,611200,574228,532661,505878,457212,414370,399651,394152,398009,404209,407444,413180,427779,431351,429335,419542,413507,415663,429411,444540,455823,455927,456327,430883,415546,407455,394010,388861,400948,409683,402340,395236,389102,374295,363861,356494,353967,345995,340355,344292,345057,339137,344529,344726,349760,353604,366779,377533,397952,401011,399372,395912,390443,390938,390372,387560,384920,381952,378840,375584,371626,366731,363068,359495,355136,350528,347054,342631,340856,338573,337675,335454,333831,333817,334575,334952,336610,338945,340032,341830,342749,342462,343638,343652,343175,342297,341919,339375,337073,335187,333772,330746,328746,326349,324191,322537,320029,317988,316206,313212,311262,309887,308648,307421,306474,305268,305207,305530,306466,307157,306917,307346,307831,307420,307196,307370,307057,307126,305388,304550,304338,303401,302358,300754,299007,298682,297042,295788,294601,293666,292115,290847,2004743,2089422,2140798,2161249,2162422,2154113,2154033,2167028,2197106,2240052,2299091,2370239,2444707,2521282,2588904,2642478,2672029,2677072,2657961,2607003,2527252,2416235,2285153,2139745,1979085,1830335,1706305,1620488,1588989,1590432,1605738,1632935,1663553,1690310,1707368,1706154,1695708,1695993,1717988,1760135,1806648,1841918,1846375,1814352,1765793,1705534,1649912,1621973,1616461,1621193,1627519,1622763,1595860,1557897,1520946,1486274,1457396,1433601,1418032,1409944,1404625,1406762,1411525,1415689,1428010,1449963,1482459,1529249,1580275,1618094,1638550,1637308,1623034,1600384,1581878,1569183,1559245,1548035,1536192,1523468,1508988,1493355,1477470,1461220,1444942,1428894,1412376,1396931,1384215,1373922,1366016,1359070,1353399,1349805,1348338,1349940,1354301,1359755,1366049,1372599,1377139,1380540,1383145,1384025,1384037,1382940,1379626,1374124,1367340,1359578,1351094,1342628,1334036,1324730,1315917,1307525,1298971,1290873,1282130,1273041,1264731,1256992,1250510,1245432,1240799,1236881,1234438,1233751,1234977,1236880,1238623,1240191,1240879,1241083,1241228,1240768,1240224,1239091,1236578,1233770,1230481,1227093,1223680,1218922,1213856,1208853,1203693,1199094,1194367,1189358
Ghana,Ghana,45,GHA,288,GHA,Sub-Saharan Africa,Sub-Saharan Africa,West Africa,"","","",West and Central Africa,Programme countries,"","",Africa,Sub-Saharan Africa,Sub-Saharan Africa (excluding high-income),Middle income,Lower middle income,Low and middle income,Africa,Sub-Saharan Africa,Excluding least developed countries,Excluding China,"","","","",Countdown,West Africa,Africa,Western Africa,Non-fragile,Non-fragile,Non-fragile,Non-fragile,Non-fragile,Non-fragile,"",Non-fragile,non-FCS,non-FCS,"",non-FCS,"",USAID,Africa,Western Africa,"",Sub-Saharan Africa,"","","","","",Sub-Saharan Africa,Sub-Saharan Africa,Western Africa,Sub-Saharan Africa (inc. Sudan),"","","","",Global Strategy,Non conflict,Sub-Saharan Africa,West and Central Africa,Sub-Saharan Africa,West and Central Africa,Lower middle income,Low and middle income,Sub-Saharan Africa,West and Central Africa,Lower middle income,Low and middle income,African Group,Economic Community of West African States,GAVI,West and Central Africa,Non-humanitarian,High burden,"",West and Central Africa,West and Central Africa,LiST,"",LiSTSBR,"","","","","","","","","","",ECA_West Africa,ECA_All countries,"","","","","","","","","","",ESCAP_Africa (AFR),ECA_African Union Commission,ECA_ECOWAS,"",ECA_CEN-SAD,"","","",ECA_Oil producing economies,"","","","",ECA_Sub-Saharan Africa,"","","","","",108779,112103,118272,124422,130135,135622,141001,145957,150609,154832,158592,162378,166031,169497,171921,174153,176491,179828,183984,188854,193433,197869,200289,206105,211328,215964,220295,224407,235662,243439,252345,260307,266463,276599,288225,287505,290797,293548,294861,295944,298307,300818,302088,303036,301652,302817,303920,308436,315906,325123,337374,345953,353263,359640,365449,377798,382290,385841,391690,399396,409946,420313,430455,437621,439949,448152,444380,432874,439962,443789,445022,446524,447814,449170,450146,452795,455188,459133,462828,466516,469706,473036,477218,481451,485392,491443,495638,501111,503847,505419,508991,511220,513166,515857,518494,516627,518044,517902,518321,518648,519239,519794,519329,517866,518006,516009,518722,517115,517213,519562,519434,520730,521304,520054,521382,520220,519925,520469,518744,520760,520321,520038,520257,519060,516531,516256,514469,513306,513571,510568,508247,506981,504874,503486,500648,497293,496794,494568,493980,492031,489781,488921,487644,486120,484094,483048,482398,479993,479709,478556,335338,354311,371734,389469,405828,424908,447113,468704,489336,508774,527263,544297,561627,577805,592495,605303,616006,625353,634351,644754,657293,671379,680553,693717,711399,730459,750504,765918,794377,829163,866744,906204,938455,970871,1013014,1035138,1050608,1064203,1072339,1081877,1095126,1106953,1117513,1127443,1136365,1142615,1146422,1150135,1156511,1170190,1192328,1224368,1264028,1303991,1341206,1372785,1403533,1435026,1463067,1490487,1515241,1541087,1574669,1613459,1653434,1687834,1716954,1738074,1741394,1739474,1738616,1738367,1748165,1759765,1765658,1770694,1776394,1783494,1792622,1804483,1818042,1832364,1846655,1860875,1875708,1891201,1908588,1927253,1946448,1965586,1981488,1994957,2006595,2016218,2026329,2036485,2043784,2048852,2052331,2053194,2054406,2056332,2058085,2059753,2059930,2059055,2056640,2054766,2054508,2053921,2055773,2058162,2060510,2064753,2067026,2068346,2069226,2068300,2068098,2067120,2066307,2067161,2067294,2068125,2068169,2065364,2061731,2057096,2051490,2047535,2043406,2037475,2031374,2023930,2016210,2009119,2000535,1991842,1983585,1976063,1970467,1964487,1958334,1952573,1946625,1941047,1935456,1930106,1924589,1919534
Kiribati,Kiribati,86,KIR,296,KRB,Oceania,Oceania,"",Least developed countries,"",SIDS,East Asia and Pacific,Programme countries,"","",Western Pacific,East Asia and Pacific,East Asia and Pacific (excluding high-income),Middle income,Lower middle income,Low and middle income,Oceania,"",Least developed countries,Excluding China,"","","","","","","","",Fragile,Fragile,Fragile,Fragile,Fragile,Non-fragile,"",Fragile,Fragile and Conflict-affected Situation,Fragile and Conflict-affected Situation,High Institutional and Social Fragility,non-FCS,"","",Oceania,Micronesia,"",Oceania,Oceania (exc. Australia and New Zealand),Least developed countries,Small island developing States,South Eastern Asia and Oceania (excl. Australia and New Zealand),"",Oceania (exc. Australia and New Zealand),Oceania,Micronesia,Oceania,Least Developed Countries (LDCs),Small island developing States (SIDS),"","","",Non conflict,East Asia and Pacific,"",East Asia and Pacific,"",Lower middle income,Low and middle income,East Asia and Pacific,"",Lower middle income,Low and middle income,Asia-Pacific Group,"",GAVI,East Asia and the Pacific,Non-humanitarian,Non-high burden,Fragile,"","","","","",EAPR Program Countries,EAPR Program Countries (excluding China),Pacific Program Countries,Pacific Program Countries (excluding PNG),EAPR Countries,EAPR Countries (excluding China),Pacific Countries,Pacific Countries (excluding PNG),"","","","","","","",ESCAP_ADB Group A (ADB_DMC_A),ESCAP_Pacific island developing economies (PIDE),"","",ESCAP_LDC (LDC_E),"",ESCAP_PACIFIC (PAC),ESCAP_All countries,ESCAP_ADB Developing member countries (ADB_DMC),"","","","","","","","","","","","",ESCAP_Countries with Special Needs,ESCAP_Small Islands Developing States,ESCAP_WB Lower Middle Income Economies,"","",755,772,789,807,825,841,857,877,901,927,956,987,1008,1023,1040,1061,1085,1088,1065,1034,1035,1028,1024,1022,1024,1028,1019,1020,1025,1028,1072,1097,1132,1163,1194,1229,1258,1283,1305,1326,1344,1363,1366,1360,1358,1356,1369,1371,1370,1362,1353,1341,1330,1322,1354,1394,1442,1499,1556,1599,1642,1685,1696,1696,1693,1696,1704,1716,1734,1741,1744,1751,1753,1746,1739,1733,1732,1731,1725,1725,1720,1716,1710,1710,1709,1720,1719,1737,1756,1778,1798,1823,1841,1853,1872,1882,1879,1882,1881,1876,1863,1861,1852,1844,1839,1825,1816,1806,1797,1783,1776,1779,1769,1772,1757,1751,1755,1753,1748,1746,1750,1747,1748,1753,1748,1754,1749,1743,1734,1725,1717,1710,1698,1684,1675,1664,1652,1640,1621,1611,1600,1588,1575,1564,1554,1545,1540,1531,1519,1512,2288,2445,2586,2699,2778,2840,2905,2969,3035,3108,3190,3286,3393,3501,3603,3693,3776,3865,3950,3980,3970,3964,3937,3885,3804,3670,3584,3535,3525,3542,3627,3756,3877,4012,4132,4248,4392,4533,4668,4789,4894,4969,5060,5129,5175,5198,5206,5214,5237,5257,5274,5274,5312,5296,5265,5257,5307,5353,5478,5658,5853,6039,6268,6452,6582,6656,6682,6693,6713,6752,6797,6838,6874,6884,6885,6877,6861,6845,6829,6818,6809,6801,6790,6777,6763,6753,6751,6761,6784,6823,6879,6952,7035,7122,7203,7277,7343,7391,7421,7440,7441,7431,7414,7389,7360,7334,7304,7269,7232,7194,7152,7111,7080,7053,7036,7022,6998,6980,6965,6952,6947,6943,6939,6934,6940,6943,6946,6951,6946,6935,6914,6882,6849,6816,6779,6738,6694,6648,6603,6555,6500,6449,6398,6350,6305,6259,6215,6175,6142,6109
Greece,Greece,176,GRC,300,GRE,"","","","","","",Non-programme countries,"","","",Europe,Europe and Central Asia,"",High income,High income,"",Europe,"","","","","","","","","","","","","","","","",Non-fragile,"","",non-FCS,non-FCS,"",non-FCS,"","",Europe,Southern Europe,"",Europe and Northern America,Europe,"","","North America, Europe, Australia and New Zealand","Australia and New Zealand, Central Asia, Europe and North America",Europe and Northern America,Europe,Southern Europe,"","","",HAC,HAC,"","",Europe and Central Asia,Western Europe,"","","","","","","","",Western European and Others Group (WEOG),"","",High Income Countries,Non-humanitarian,Non-high burden,"","","","","","","","","","","","","","","",EECA,"",ECE_All countries,ECE_European Union (E25),ECE_Euro area (EMU),"","","","","","","","",ESCAP_Europe (Europe),"","","","","","","","","","","","","","","","","","",76952,76022,76473,77739,79961,82470,83703,83781,84032,85175,84579,82305,81140,79597,79484,78705,78604,78959,77467,75416,74303,72588,71577,70908,72684,73209,73847,73584,74309,74867,74401,72037,70228,68184,65397,62304,60128,58341,57575,56578,56368,56628,57086,56908,57023,56887,56677,56433,56007,55794,56411,56295,56149,55872,56088,56460,57096,57514,58643,58591,57025,53950,50951,48131,46588,45914,45639,44353,43081,41885,41684,40802,39814,39197,38827,38584,38548,38441,38466,38393,38510,38792,38808,38875,38944,39048,39186,39390,39382,39439,39279,39033,38615,38261,38045,37611,37182,36696,36168,35632,34932,34284,33657,33045,32456,31888,31242,30860,30456,30138,29947,29708,29711,29676,29610,29461,29439,29433,29306,29360,29369,29293,29274,29270,29076,28903,28804,28687,28470,28184,27949,27644,27286,26911,26634,26273,25956,25641,25322,25084,24804,24592,24340,24058,23818,23717,23604,23455,23421,23303,310344,312309,309836,305919,302707,303477,308640,315142,320846,324655,326781,327267,325234,321548,316506,312122,310303,309792,310502,310969,309777,307551,303864,299388,295823,294203,294699,296736,299434,301485,302769,303080,301344,297214,290325,280425,269054,257673,246722,237440,230531,225941,223414,222145,221567,222167,223136,222905,222111,221027,219658,218776,218521,218514,218534,217807,217100,217591,219210,221805,224736,226443,225546,221114,213534,204812,197265,192369,189441,187004,183878,179956,175943,169952,164795,160587,157486,155816,154921,154423,154190,154101,154302,154675,155098,155565,155892,156210,156681,157160,157566,157781,157592,156968,155938,154705,153363,151923,150415,148658,146702,144561,142200,139724,137165,134640,132221,129819,127538,125480,123638,122171,120990,120083,119532,119159,118883,118626,118370,118095,117905,117838,117726,117645,117587,117371,117009,116569,116029,115425,114753,113946,112974,111837,110594,109293,107942,106593,105302,104011,102768,101612,100522,99519,98515,97508,96591,95806,95157,94685
Grenada,Grenada,120,GRD,308,GND,Latin America and the Caribbean,Latin America and the Caribbean,"","",Caribbean,SIDS,Latin America and Caribbean,Programme countries,"",Eastern Caribbean Area,Americas,Latin America and the Caribbean,Latin America and the Caribbean (excluding high-income),Middle income,Upper middle income,Low and middle income,Latin America and the Caribbean,"",Excluding least developed countries,Excluding China,"","","","","","","","",Non-fragile,Non-fragile,Non-fragile,Non-fragile,Non-fragile,Non-fragile,"",Non-fragile,non-FCS,non-FCS,"",non-FCS,"","",Americas,Latin America and the Caribbean,Caribbean,Latin America and the Caribbean,"","",Small island developing States,"","",Latin America and the Caribbean,Latin America and the Caribbean,Caribbean,Latin America and the Caribbean,"",Small island developing States (SIDS),"","","",Non conflict,Latin America and Caribbean,"","","","","",Latin America and Caribbean,"",Upper middle income,Low and middle income,Latin American and Caribbean Group (GRULAC),"","",Latin America and Caribbean,Non-humanitarian,Non-high burden,"","","","","","","","","","","","","","","","","",ECLAC_All countries,"","",ECLAC_Carribean,"","","","","","","",ESCAP_Latin America (LAC),"","","","","","","","","","","","","","","","","","",1454,1331,1455,1559,1662,1763,1855,1943,2007,2049,2056,2036,1965,1882,1791,1703,1616,1540,1468,1409,1364,1375,1384,1396,1400,1387,1365,1341,1326,1331,1317,1216,1276,1373,1380,1487,1565,1590,1446,1454,1402,1386,1328,1248,1212,1182,1168,1156,1031,985,996,975,952,944,951,964,979,994,1009,1022,1032,1039,1046,1052,1056,1057,1054,1049,1040,1029,1016,1003,989,971,956,940,923,910,896,882,871,865,856,852,848,847,848,848,847,847,846,844,843,842,841,840,835,828,824,819,811,802,792,784,777,767,756,750,743,732,723,717,709,702,698,695,690,685,682,679,675,671,667,664,661,656,651,648,643,637,631,627,620,615,609,602,596,589,585,577,571,566,562,557,551,545,541,536,533,529,6019,5914,5599,5468,5426,5614,5976,6336,6696,7046,7348,7499,7548,7499,7384,7213,7010,6793,6535,6207,5833,5477,5262,5183,5184,5189,5169,5129,5068,4991,4910,4840,4849,4880,5019,5135,5279,5514,5695,5780,5773,5687,5553,5441,5302,5109,4899,4699,4537,4416,4343,4316,4227,4041,3914,3786,3731,3751,3789,3841,3898,3951,4025,4082,4126,4155,4176,4187,4189,4178,4155,4125,4085,4035,3980,3920,3857,3793,3729,3670,3611,3557,3509,3468,3434,3410,3391,3379,3374,3372,3371,3371,3367,3363,3358,3354,3350,3345,3333,3317,3298,3275,3250,3222,3187,3153,3119,3083,3048,3015,2980,2946,2913,2879,2848,2823,2800,2779,2761,2745,2728,2712,2697,2683,2668,2654,2640,2626,2609,2592,2573,2552,2534,2511,2489,2466,2443,2418,2393,2369,2345,2319,2297,2273,2252,2231,2210,2191,2169,2150
Guatemala,Guatemala,121,GTM,320,GUA,Latin America and the Caribbean,Latin America and the Caribbean,"","",Latin America,"",Latin America and Caribbean,Programme countries,"","",Americas,Latin America and the Caribbean,Latin America and the Caribbean (excluding high-income),Middle income,Upper middle income,Low and middle income,Latin America and the Caribbean,"",Excluding least developed countries,Excluding China,"","","","",Countdown,"","","",Non-fragile,Non-fragile,Non-fragile,Non-fragile,Non-fragile,Fragile,Other Fragile,Non-fragile,non-FCS,non-FCS,"",non-FCS,"","",Americas,Latin America and the Caribbean,Central America,Latin America and the Caribbean,"","","","","",Latin America and the Caribbean,Latin America and the Caribbean,Central America,Latin America and the Caribbean,"","","","","",Non conflict,Latin America and Caribbean,"",Latin America and Caribbean,"",Upper middle income,Low and middle income,Latin America and Caribbean,"",Upper middle income,Low and middle income,Latin American and Caribbean Group (GRULAC),"","",Latin America and Caribbean,Non-humanitarian,Non-high burden,"",Latin America and the Caribbean,Latin America and Caribbean,LiST,"","","","","","","","","","","","","",ECLAC_All countries,"","",ECLAC_Latin America,"","","","","","","",ESCAP_Latin America (LAC),"","","","","","","","","","","","","","","","","","",70730,72920,75248,77439,79461,81298,83114,84927,86567,88187,89971,91982,93903,96163,98593,101127,104086,106851,109504,112167,114664,117342,119938,122669,125747,128758,131210,134248,137298,140300,143827,146948,149044,151923,153311,154522,157245,161135,165680,169622,172371,174946,178411,181780,185262,188347,190650,192862,195452,196225,198463,201083,200956,199673,198735,197107,196214,197224,196554,196988,198065,199769,201719,201718,203547,205581,207143,205251,201680,195979,189868,186379,186059,186521,187891,188099,189036,188492,188387,188912,188868,189090,189254,188750,189095,188550,187750,186724,186498,185457,183725,182232,180600,179064,177368,175975,174722,173381,172223,171186,170475,169293,168928,168162,166959,166257,164956,163632,163253,162527,161693,160102,159509,158535,157403,156008,155081,154303,153017,152053,151120,149734,148705,147547,146353,145247,144307,143496,142570,141627,140850,140031,138851,138179,137237,136051,134765,134135,133322,132555,131880,130691,130092,128891,128006,127352,125944,125446,124756,124272,228631,236776,244442,251765,259095,267167,275239,282826,290127,297136,304127,311229,318585,326258,334447,343280,352604,362660,373423,384361,395415,406182,416550,426961,437414,448631,459342,470118,482362,494825,507340,520500,532680,544547,557443,569151,578855,588258,598354,610830,626274,642367,657283,671012,684102,696995,710486,723382,735104,746033,755205,762966,771385,778527,783228,785470,783719,779937,777416,775992,775563,777332,780296,784942,790441,795737,801404,807206,811601,811892,805350,791939,774201,758235,747111,742621,743305,746023,748557,749708,750384,750748,751031,751903,752270,752342,752239,751179,749403,747105,744272,740698,736431,731193,725012,718700,712482,706519,700840,695535,690683,686276,682201,678621,675577,672327,669098,665605,661292,657256,653636,650207,646859,643223,639363,635223,631064,626828,622524,618255,614138,610241,605954,601524,597151,592505,587912,583524,579354,575506,571855,568359,564928,561334,557774,554271,550448,546401,542352,538403,534754,531655,528495,525145,521698,517891,514333,510572,506784,503522
Guinea,Guinea,31,GIN,324,GUI,Sub-Saharan Africa,Sub-Saharan Africa,West Africa,Least developed countries,"","",West and Central Africa,Programme countries,"","",Africa,Sub-Saharan Africa,Sub-Saharan Africa (excluding high-income),Low income,Low income,Low and middle income,Africa,Sub-Saharan Africa,Least developed countries,Excluding China,OIC,Africa,OIC Low income,"",Countdown,West Africa,Africa,Western Africa,Fragile,Non-fragile,Non-fragile,Non-fragile,Non-fragile,Fragile,Other Fragile,Non-fragile,non-FCS,non-FCS,"",non-FCS,"","",Africa,Western Africa,"",Sub-Saharan Africa,"",Least developed countries,"","","",Sub-Saharan Africa,Sub-Saharan Africa,Western Africa,Sub-Saharan Africa (inc. Sudan),Least Developed Countries (LDCs),"","","",Global Strategy,Non conflict,Sub-Saharan Africa,West and Central Africa,Sub-Saharan Africa,West and Central Africa,Low income,Low and middle income,Sub-Saharan Africa,West and Central Africa,Low income,Low and middle income,African Group,Economic Community of West African States,GAVI,West and Central Africa,Non-humanitarian,High burden,"",West and Central Africa,West and Central Africa,LiST,"",LiSTSBR,"","","","","","","","","","",ECA_West Africa,ECA_All countries,"","","","","","","","","","",ESCAP_Africa (AFR),ECA_African Union Commission,ECA_ECOWAS,"","",ECA_Sahel,"","",ECA_Non-Oil Producing,ECA_Least developed countries,ECA_Mineral-rich countries,ECA_Non-Oil LDCs,"",ECA_Sub-Saharan Africa,"","","","","",55765,59798,60891,62005,63164,64325,65498,66708,67937,69180,70490,71807,73138,74447,75776,77130,78527,79987,81552,83219,84988,86762,88445,90103,91656,93194,94760,96535,98494,100905,103017,105082,107670,110389,113171,116174,119499,123195,126816,130273,133633,139912,145366,148872,152462,154556,158330,161655,161706,163187,165058,165982,166006,167740,170616,174119,177383,181249,185631,190212,193761,196545,199222,202453,206196,211228,214795,216377,217745,220119,222803,225219,227005,228822,230631,233205,235307,236364,238253,239749,241337,242732,244477,246141,247480,248618,249387,249863,250713,252658,254291,255417,256714,256848,258119,259135,259515,259148,260552,261348,261618,261546,262262,261021,261011,260881,261315,261763,260387,260680,259768,258780,259644,259679,258589,258307,258229,257375,257059,257273,256893,256698,255981,255195,254585,253839,252777,251903,251572,251287,250259,250055,247976,246813,245313,244663,243498,242916,241627,240192,240628,239926,239473,237135,236873,235202,234765,233543,232655,231715,167555,168566,174200,180562,189102,196109,199918,203825,207840,211947,216143,220513,225050,229716,234477,239283,244157,249139,254289,259642,265199,271031,277141,283424,289770,296025,302172,308289,314581,321322,328864,337078,345605,354656,364124,374080,384865,396389,408763,421980,435683,457279,476651,491968,510726,525695,540699,553593,564873,575695,585315,593877,599416,606378,613791,621565,631129,643465,657989,673905,690668,707664,723754,738145,751089,763824,778405,794433,809381,822122,832521,841537,850842,860325,869191,877252,885197,893684,901813,909568,916798,923196,929729,936340,942940,949487,955731,961285,965678,969350,973412,978399,984061,990199,995375,999470,1003550,1007011,1009757,1012440,1015094,1017546,1020134,1022451,1023187,1022873,1022576,1022078,1022468,1022844,1022647,1022024,1019840,1018457,1018092,1017251,1016799,1016122,1014418,1012854,1012000,1011113,1010436,1009862,1008451,1006478,1004145,1001348,998383,995551,993117,990892,989029,986479,982532,978048,973132,968545,964742,961255,957389,954050,951473,949177,946783,943482,939374,934849,931025,927370
Guyana,Guyana,122,GUY,328,GUY,Latin America and the Caribbean,Latin America and the Caribbean,"","",Latin America,SIDS,Latin America and Caribbean,Programme countries,"","",Americas,Latin America and the Caribbean,Latin America and the Caribbean (excluding high-income),Middle income,Upper middle income,Low and middle income,Latin America and the Caribbean,"",Excluding least developed countries,Excluding China,OIC,Asia/other,OIC Lower middle income,OIC Middle income,Countdown,"","","",Non-fragile,Non-fragile,Non-fragile,Non-fragile,Non-fragile,Non-fragile,"",Non-fragile,non-FCS,non-FCS,"",non-FCS,"","",Americas,Latin America and the Caribbean,South America,Latin America and the Caribbean,"","",Small island developing States,"","",Latin America and the Caribbean,Latin America and the Caribbean,South America,Latin America and the Caribbean,"",Small island developing States (SIDS),HAC,HAC,"",Non conflict,Latin America and Caribbean,"",Latin America and Caribbean,"",Upper middle income,Low and middle income,Latin America and Caribbean,"",Upper middle income,Low and middle income,Latin American and Caribbean Group (GRULAC),"",GAVI,Latin America and Caribbean,Non-humanitarian,Non-high burden,"",Latin America and the Caribbean,Latin America and Caribbean,LiST,"",LiSTSBR,"","","","","","","","","","","",ECLAC_All countries,"","",ECLAC_Carribean,"","","","","","","",ESCAP_Latin America (LAC),"","","","","","","","","","","","","","","","","","",8395,8485,9035,9474,9900,10288,10649,10974,11270,11524,11694,11874,12017,12140,12244,12336,12401,12427,12407,12395,12380,12269,12214,12187,12088,11972,11892,11844,11824,11812,11736,11845,11899,11822,11688,11506,11309,11135,10992,10828,10654,10465,10544,10540,10510,10463,10365,10243,10106,9935,9739,9525,9298,9073,8891,8722,8569,8435,8313,8209,8125,8054,7983,7995,8006,8010,7994,7973,7950,8366,8130,8146,8030,7945,7851,7756,7662,7572,7495,7415,7333,7223,7138,7074,6984,6903,6836,6772,6712,6666,6625,6581,6537,6493,6453,6397,6337,6277,6235,6175,6103,6051,5975,5885,5825,5748,5679,5601,5498,5414,5333,5262,5177,5109,5036,4961,4874,4819,4744,4676,4608,4548,4498,4426,4361,4314,4250,4180,4113,4052,3982,3914,3861,3797,3720,3644,3575,3516,3442,3372,3306,3249,3184,3117,3038,2976,2918,2850,2784,2723,28829,30167,31055,32209,33516,35209,37044,38704,40187,41466,42465,43567,44488,45312,46009,46639,47200,47684,48068,48322,48450,48488,47883,47333,46920,46614,46347,46071,45760,45468,45225,44971,44152,43326,42365,41394,40421,39546,38903,38513,38368,38396,38653,39594,40394,41001,41233,41128,40902,40566,40112,39550,38897,38153,36931,35794,34795,33982,33309,32709,32170,31700,31295,31216,31296,31355,31383,31397,31404,31952,31818,32069,32097,32074,31839,31491,31147,30775,30413,30054,29712,29383,29047,28696,28352,28012,27683,27377,27080,26798,26551,26333,26138,25961,25790,25621,25444,25254,25048,24832,24614,24388,24160,23919,23642,23360,23071,22772,22487,22182,21850,21513,21172,20845,20537,20240,19944,19644,19350,19063,18776,18504,18237,17982,17736,17488,17251,17011,16764,16519,16265,16000,15734,15478,15226,14966,14701,14423,14138,13863,13590,13321,13054,12792,12539,12276,12006,11736,11471,11214
Haiti,Haiti,104,HTI,332,HTI,Latin America and the Caribbean,Latin America and the Caribbean,"",Least developed countries,Caribbean,SIDS,Latin America and Caribbean,Programme countries,"","",Americas,Latin America and the Caribbean,Latin America and the Caribbean (excluding high-income),Middle income,Lower middle income,Low and middle income,Latin America and the Caribbean,"",Least developed countries,Excluding China,"","","","",Countdown,"","","",Fragile,Fragile,Fragile,Fragile,Fragile,Fragile,Extremely Fragile,Fragile,Fragile and Conflict-affected Situation,Fragile and Conflict-affected Situation,Medium-intensity Conflict,Fragile and Conflict-affected Situation,Institutional and Social Fragility,USAID,Americas,Latin America and the Caribbean,Caribbean,Latin America and the Caribbean,"",Least developed countries,Small island developing States,"","",Latin America and the Caribbean,Latin America and the Caribbean,Caribbean,Latin America and the Caribbean,Least Developed Countries (LDCs),Small island developing States (SIDS),HAC,HAC,Global Strategy,Non conflict,Latin America and Caribbean,"",Latin America and Caribbean,"",Low income,Low and middle income,Latin America and Caribbean,"",Low income,Low and middle income,Latin American and Caribbean Group (GRULAC),"",GAVI,Latin America and Caribbean,Humanitarian,High burden,Fragile,Latin America and the Caribbean,Latin America and Caribbean,LiST,"",LiSTSBR,"","","","","","","","","","","",ECLAC_All countries,"","",ECLAC_Latin America,"","","","","","","",ESCAP_Latin America (LAC),"","","","","","","","","","","","","","","","","","",62178,63280,64400,65599,66780,68107,69454,70430,71716,73025,74034,75096,76220,77133,78306,79185,79891,80738,81648,82618,83601,84524,85451,86363,88302,90816,93374,95987,98383,100803,103147,105648,108342,110233,112048,114353,116672,118896,120774,122551,124099,123736,123508,123533,123563,123729,124113,124620,124898,125376,126645,126362,125846,126193,126509,127033,127571,127905,128439,129493,129621,130578,130222,129685,129889,130480,131080,131662,131596,131871,131805,131167,130882,130671,130245,129623,129064,128961,128398,127833,127750,127667,127060,126645,126363,126318,126031,125612,125678,124913,124609,124005,123946,123764,123743,123268,122855,122611,122312,121914,120841,120814,120121,119800,119489,118952,118515,117912,117167,116755,115729,115021,113893,113026,112692,112210,111314,110964,110522,109759,109133,108916,108237,107659,107156,106540,105881,105090,104751,104379,104130,103311,102771,101928,101461,100550,100072,99822,98867,98500,97853,97236,96435,95566,95197,94298,93297,92631,91843,91737,189487,190993,193912,198965,205024,210620,216292,222025,227377,232514,237578,242322,246994,251275,255291,259782,264309,268548,272636,276493,280359,284518,288803,293154,297549,302643,309208,317232,326747,336981,347122,357120,367023,377143,387025,396325,405443,414297,423274,432473,441275,449414,455528,459330,461553,462394,463466,465384,467734,470362,473137,476532,479644,481694,483013,483689,484883,487225,489842,492338,492191,492373,496209,500185,503122,504809,505374,506284,508410,510721,512630,513992,514310,514087,513579,512473,511116,509557,507928,506374,504825,503598,502597,501535,500547,499516,498404,497521,496772,496172,495306,494044,492720,491221,490015,489254,488652,487889,486905,485749,484489,482899,481094,479217,477171,475622,474140,472497,470859,468812,466645,464229,461455,458449,455001,451740,448969,446390,444203,442193,439945,437716,435705,433606,431491,429546,427426,425110,422703,420271,418064,416191,414496,412657,410464,407929,405258,402581,400261,397962,395692,393624,391244,388774,386118,383353,380593,377572,374574,371455
Honduras,Honduras,123,HND,340,HON,Latin America and the Caribbean,Latin America and the Caribbean,"","",Latin America,"",Latin America and Caribbean,Programme countries,"","",Americas,Latin America and the Caribbean,Latin America and the Caribbean (excluding high-income),Middle income,Lower middle income,Low and middle income,Latin America and the Caribbean,"",Excluding least developed countries,Excluding China,"","","","",Countdown,"","","",Non-fragile,Non-fragile,Non-fragile,Non-fragile,Non-fragile,Fragile,Other Fragile,Non-fragile,non-FCS,non-FCS,"",non-FCS,"","",Americas,Latin America and the Caribbean,Central America,Latin America and the Caribbean,"","","","","",Latin America and the Caribbean,Latin America and the Caribbean,Central America,Latin America and the Caribbean,"","","","","",Non conflict,Latin America and Caribbean,"",Latin America and Caribbean,"",Lower middle income,Low and middle income,Latin America and Caribbean,"",Lower middle income,Low and middle income,Latin American and Caribbean Group (GRULAC),"","",Latin America and Caribbean,Non-humanitarian,Non-high burden,"",Latin America and the Caribbean,Latin America and Caribbean,LiST,"",LiSTSBR,"","","","","","","","","","","",ECLAC_All countries,"","",ECLAC_Latin America,"","","","","","","",ESCAP_Latin America (LAC),"","","","","","","","","","","","","","","","","","",35979,37307,38386,39484,40588,41679,42754,43841,44928,46008,47094,48193,49311,50494,51781,53176,54403,55620,57091,58657,60324,62216,64241,66049,67536,69728,71936,73759,75579,77484,79202,80756,82135,83589,84787,86085,87519,88965,90504,92374,94365,96390,98549,100724,102605,104136,105840,107489,109036,111241,112279,112639,112574,112221,111783,111298,110809,110152,109537,108837,108140,107503,106977,106599,106540,106752,107189,107729,108319,108842,109275,109543,110043,109896,109896,109821,109826,109502,109370,109017,108856,108121,107606,106986,106084,105739,104944,104497,104074,103306,102985,102336,101928,101564,101033,100774,100067,99387,99313,98832,98726,98308,97950,97532,97389,96831,96520,96045,95520,95094,94621,93667,92859,92554,91791,91316,90499,89633,89101,88463,87897,87394,86942,86245,85672,85013,84584,84293,83988,83800,83370,82909,82172,81893,81591,81175,80667,80224,79951,79311,78891,78491,77952,77550,76816,76068,75790,75263,74768,74453,108857,114706,120538,125815,130828,135440,139752,144162,148680,153272,157901,162526,167150,171808,176526,181407,186563,191894,197270,202805,208544,214630,221339,228499,235422,242536,250847,259443,268007,276510,284746,292542,300064,307272,314026,320297,326212,332075,337934,343404,349488,356249,363698,371767,380224,388743,396930,404654,410965,417038,424485,431949,438386,443053,445265,445531,444772,443430,441726,439760,437552,435090,432528,430016,427706,425911,424877,424760,425581,427160,429182,431324,433302,435102,436492,437312,437765,437795,437500,437072,436424,435550,434377,432791,430891,428463,425910,423436,420889,418727,416539,414387,412383,410251,408378,406577,404869,403198,401164,399264,397475,395886,394756,393542,392211,390914,389508,388064,386621,384924,383122,381319,379145,376590,374000,371317,368757,366450,363773,360962,358213,355503,353142,350983,348802,346587,344281,341912,339803,338045,336657,335481,334170,332532,330643,328816,327079,325485,323906,322247,320485,318662,316926,315045,313172,311252,308954,306668,304461,302306
Hungary,Hungary,164,HUN,348,HUN,"","","","","","",Non-programme countries,"","","",Europe,Europe and Central Asia,"",High income,High income,"",Europe,"","","","","","","","","","","","","","","","",Non-fragile,"","",non-FCS,non-FCS,"",non-FCS,"","",Europe,Eastern Europe,"",Europe and Northern America,Europe,"","","North America, Europe, Australia and New Zealand","Australia and New Zealand, Central Asia, Europe and North America",Europe and Northern America,Europe,Eastern Europe,"","","","","","","",Europe and Central Asia,Western Europe,"","","","","","","","",Eastern European Group,"","",High Income Countries,Non-humanitarian,Non-high burden,"","","","","","","","","","","","","","","","","",ECE_All countries,ECE_European Union (E25),"","","","","","","","","",ESCAP_Europe (Europe),"","","","","","","","","","","","","","","","","","",93887,93250,91368,97775,106970,105110,97388,85095,78425,75051,72960,70245,65633,65251,65579,65931,68262,72809,75982,76740,75765,74930,76007,77989,90433,95469,92644,89142,84320,80375,75452,71684,67326,63946,62596,64228,63673,62568,61862,61872,63083,63277,61801,59646,58760,57119,53958,51541,49797,48634,49485,49515,49360,48472,48671,49527,50575,49973,50153,49162,46575,45381,45997,45942,47236,47215,48425,48293,47776,47353,47445,47221,46895,53452,51688,49881,48453,47345,46647,46148,45603,45074,44412,43783,43091,42591,42095,41638,41372,41088,40843,40640,40337,40209,40012,39978,39750,39826,39779,39738,39695,39584,39735,39717,39652,39449,39404,39192,38931,38685,38363,38086,37606,37251,36752,36286,35957,35711,35403,35179,34992,34591,34397,34128,34026,33932,33740,33707,33585,33548,33379,33321,33156,33094,32964,32953,32822,32624,32498,32387,32239,32080,31831,31578,31372,31112,30929,30693,30590,30310,327484,343730,354439,356958,361799,374469,388249,393805,387326,364204,336303,312905,296664,283960,273015,265522,260649,261569,268240,278228,289776,298908,302861,303166,303360,312428,331812,350782,364104,365562,355559,338597,320123,302207,284269,269552,260678,255981,254032,253854,252318,251099,251487,251514,249531,245556,239364,231659,223585,215003,206149,199458,195848,195832,196497,196263,196308,197620,199232,200572,201498,198704,193865,189324,185963,185259,187498,189353,191541,192661,192959,192938,191985,205227,203445,202053,200255,198761,196002,192493,189499,186871,184554,182363,180051,177597,175096,172718,170517,168634,167073,165731,164646,163643,162697,161862,161134,160530,160069,159790,159564,159432,159281,159141,159129,159096,159000,158744,158288,157638,156882,155956,154859,153624,152222,150680,148948,147227,145656,144234,143040,142032,140983,139920,138899,137893,137116,136479,135957,135542,135130,134766,134391,133979,133533,133102,132718,132373,131961,131485,130963,130380,129820,129207,128448,127596,126669,125733,124848,124024
Iceland,Iceland,177,ISL,352,ICE,"","","","","","",Non-programme countries,"","","",Europe,Europe and Central Asia,"",High income,High income,"",Europe,"","","","","","","","","","","","","","","","",Non-fragile,"","",non-FCS,non-FCS,"",non-FCS,"","",Europe,Northern Europe,"",Europe and Northern America,Europe,"","","North America, Europe, Australia and New Zealand","Australia and New Zealand, Central Asia, Europe and North America",Europe and Northern America,Europe,Northern Europe,"","","","","","","",Europe and Central Asia,Western Europe,"","","","","","","","",Western European and Others Group (WEOG),"","",High Income Countries,Non-humanitarian,Non-high burden,"","","","","","","","","","","","","","","","","",ECE_All countries,"","","","","","","","","","",ESCAP_Europe (Europe),"","","","","","","","","","","","","","","","","","",2057,2044,2063,2154,2174,2273,2324,2368,2351,2417,2465,2303,2375,2427,2415,2382,2369,2248,2155,2153,2069,2149,2338,2332,2196,2212,2189,2071,2104,2252,2303,2227,2222,2225,2113,1992,1969,2105,2326,2355,2409,2320,2359,2369,2286,2217,2219,2136,2130,2099,2159,2107,2082,2119,2156,2172,2234,2293,2441,2572,2519,2347,2319,2225,2214,2129,2068,2056,2144,2262,2324,2357,2349,2341,2332,2319,2300,2273,2246,2219,2186,2168,2150,2127,2118,2101,2091,2083,2067,2058,2049,2038,2032,2022,2011,2002,1990,1979,1983,1967,1964,1966,1960,1953,1949,1945,1932,1927,1912,1898,1883,1875,1858,1847,1835,1822,1814,1805,1792,1784,1771,1762,1753,1743,1733,1728,1723,1708,1701,1692,1684,1674,1670,1665,1662,1655,1649,1637,1634,1625,1620,1609,1598,1595,1586,1580,1570,1562,1560,1557,7286,7572,7779,7931,8164,8325,8514,8767,9022,9185,9365,9533,9568,9560,9584,9483,9474,9542,9497,9231,8886,8496,8337,8468,8686,8897,8948,8808,8525,8320,8395,8533,8767,9019,9081,8907,8578,8262,8187,8393,8701,9026,9367,9480,9513,9453,9243,9097,8947,8846,8753,8690,8621,8540,8513,8514,8575,8765,9046,9384,9559,9728,9750,9682,9480,9174,8900,8708,8662,8689,8790,9053,9263,9383,9435,9427,9379,9334,9273,9194,9099,8990,8881,8782,8689,8611,8545,8483,8433,8387,8340,8299,8256,8215,8181,8143,8106,8067,8024,7989,7960,7930,7911,7892,7874,7860,7841,7815,7789,7757,7712,7665,7614,7559,7507,7458,7407,7359,7318,7275,7235,7194,7151,7111,7071,7031,6995,6964,6932,6898,6865,6828,6792,6759,6731,6706,6687,6667,6641,6613,6583,6553,6526,6495,6461,6428,6398,6369,6338,6310
India,India,72,IND,356,IND,Southern Asia,"","","","","",South Asia,Programme countries,"","",South-East Asia,South Asia,South Asia (excluding high-income),Middle income,Lower middle income,Low and middle income,Asia,"",Excluding least developed countries,Excluding China,"","","","",Countdown,"","","",Non-fragile,Non-fragile,Non-fragile,Non-fragile,Non-fragile,Non-fragile,"",Non-fragile,non-FCS,non-FCS,"",non-FCS,"",USAID,Asia,Southern Asia,"",Central and Southern Asia,Southern Asia,"","","","",Central and Southern Asia,Asia,Southern Asia,Southern Asia,"","","","","",Conflict,South Asia,"",South Asia,"",Lower middle income,Low and middle income,South Asia,"",Lower middle income,Low and middle income,Asia-Pacific Group,"",GAVI,South Asia,Non-humanitarian,High burden,"",South Asia,South Asia,LiST,LiSTSBR,LiSTSBR,"","","","","","","","","","","","","","","",ESCAP_ADB Group B (ADB_DMC_B),ESCAP_SAARC (SAARC),"","","","",ESCAP_South and South-West Asia (SSWA),ESCAP_All countries,ESCAP_ADB Developing member countries (ADB_DMC),"","","","","","","","","","","","","","",ESCAP_WB Lower Middle Income Economies,"","",6970491,7152777,7348237,7544052,7737793,7902452,8052570,8197900,8327448,8446652,8609770,8782658,8957883,9138159,9321343,9436532,9547192,9681955,9852854,9999888,10160358,10367645,10559435,10755787,10946717,11055380,11220492,11308804,11411015,11626491,11911464,12175626,12359464,12545749,12773952,12935343,13165552,13255666,13333166,13400752,13426335,13547511,13664536,13725489,13826934,13932870,13973119,14011921,14057300,14075080,14188724,14317364,14280701,14171503,14062392,13874599,13674285,13569788,13515483,13508513,13428108,13313230,13165174,13025588,12658106,12578214,12560461,12328240,12257252,11991694,11756639,11718559,11674597,11670103,11641791,11626003,11550379,11521773,11466613,11409019,11368130,11285166,11243002,11167024,11097967,11023046,10923867,10860274,10797324,10688821,10604530,10524568,10439087,10320244,10214280,10138447,10042080,9958632,9907151,9812738,9739650,9661436,9610823,9529154,9487577,9450382,9413296,9368258,9327144,9257625,9215053,9157400,9138172,9079941,9028528,8957982,8880796,8821684,8754767,8704284,8622909,8531211,8445740,8408513,8333940,8257314,8180523,8116427,8025840,7977072,7911069,7834547,7809647,7785408,7735029,7686805,7621619,7571577,7545986,7513973,7457689,7400932,7345842,7285607,7243842,7209692,7133418,7084952,7024745,6978825,20394441,21584958,22812134,24060910,25046719,25787912,26525400,27228218,27886460,28489000,29054510,29619670,30207136,30824802,31487328,32126708,32687816,33197785,33740382,34349616,34993276,35666006,36361421,37076488,37832757,38635917,39385665,40084212,40737433,41301544,41932280,42696678,43593406,44587910,45565986,46487824,47324190,48156886,48956148,49606190,50158919,50554232,50892909,51302805,51704943,52164363,52649009,53071077,53463162,53815712,54082864,54370374,54756634,55115070,55342876,55381848,55124998,54646616,54128710,53653562,53310559,53126705,52969930,52736250,52372057,51775747,51062748,50473661,49877803,49384433,48930799,48247866,47571373,47003126,46576195,46391572,46307782,46210767,46083150,45928696,45737714,45546241,45343545,45119044,44893618,44641906,44381873,44095056,43786661,43491402,43178638,42857365,42536232,42192971,41833780,41458276,41074861,40688326,40315820,39992316,39682038,39372312,39078567,38785856,38500603,38239451,38016230,37818529,37645677,37490232,37313707,37118516,36915653,36719251,36540851,36360966,36168723,35937447,35678248,35413846,35152783,34900222,34624924,34323569,34023265,33734330,33456121,33189872,32911118,32609443,32318258,32047733,31772829,31529523,31333424,31152880,30995233,30826815,30621710,30422007,30245222,30079207,29912633,29725056,29507332,29286597,29087951,28886420,28679838,28470180
Indonesia,Indonesia,96,IDN,360,IDS,South-eastern Asia,South-eastern Asia,"","","","",East Asia and Pacific,Programme countries,"","",South-East Asia,East Asia and Pacific,East Asia and Pacific (excluding high-income),Middle income,Lower middle income,Low and middle income,Asia,"",Excluding least developed countries,Excluding China,OIC,Asia/other,OIC Lower middle income,OIC Middle income,Countdown,"","","",Non-fragile,Non-fragile,Non-fragile,Non-fragile,Non-fragile,Non-fragile,"",Non-fragile,non-FCS,non-FCS,"",non-FCS,"",USAID,Asia,South-Eastern Asia,"",Eastern and South-Eastern Asia,South-Eastern Asia,"","",South Eastern Asia and Oceania (excl. Australia and New Zealand),"",Eastern and South-Eastern Asia,Asia,South-Eastern Asia,South-Eastern Asia,"","","","","",Non conflict,East Asia and Pacific,"",East Asia and Pacific,"",Upper middle income,Low and middle income,East Asia and Pacific,"",Upper middle income,Low and middle income,Asia-Pacific Group,"",GAVI,East Asia and the Pacific,Non-humanitarian,High burden,"",East Asia and Pacific,East Asia and Pacific,LiST,LiSTSBR,LiSTSBR,EAPR Program Countries,EAPR Program Countries (excluding China),"","",EAPR Countries,EAPR Countries (excluding China),"","",ASEAN Countries,"","","","","","",ESCAP_ADB Group C (ADB_DMC_C),ESCAP_ASEAN (ASEAN),"","","","",ESCAP_South-East Asia (SEA),ESCAP_All countries,ESCAP_ADB Developing member countries (ADB_DMC),"","","","","","","","","","","","","","",ESCAP_WB Lower Middle Income Economies,"","",1241991,1284056,1335625,1389954,1444575,1497042,1552555,1609697,1666175,1721871,1780302,1834576,1884677,1932193,1977744,2006634,2042517,2073734,2097043,2125124,2151567,2172570,2195550,2224431,2239911,2264995,2288876,2311561,2342536,2371328,2393510,2409648,2431518,2436485,2429255,2378832,2326232,2313736,2319051,2311429,2288576,2304593,2292563,2290872,2304904,2322900,2347419,2368502,2353994,2327527,2323514,2325691,2321189,2320458,2328277,2362759,2401508,2453171,2463965,2459849,2464186,2515174,2523816,2476290,2444169,2407550,2377505,2338295,2314969,2301563,2286797,2273297,2258172,2243406,2233398,2229739,2220811,2212810,2213242,2207656,2207592,2205509,2200878,2199840,2192050,2193249,2193354,2186152,2181259,2171391,2161249,2150900,2142384,2132820,2108438,2093543,2083454,2065991,2044042,2029841,2009183,1994757,1980829,1962681,1946339,1933463,1925069,1914548,1907900,1897552,1889545,1881788,1874928,1869340,1861417,1848757,1837663,1834923,1821975,1807875,1796734,1790932,1781166,1768006,1756433,1742818,1727861,1716584,1705098,1690410,1678050,1665845,1654639,1639476,1626405,1608784,1596230,1591281,1581806,1570905,1558863,1547911,1543527,1530760,1528075,1513191,1501061,1494703,1486788,1479128,4018905,4070062,4158254,4295281,4466904,4664878,4876759,5093212,5313850,5537118,5762958,5991732,6219404,6441613,6656992,6838641,6996230,7166836,7335252,7492615,7638612,7770959,7889751,8004812,8120552,8228842,8335029,8444588,8548399,8660142,8780627,8898050,9010683,9114716,9200180,9257051,9260035,9190143,9090526,9002649,8949485,8931333,8935628,8937339,8931455,8954575,8991803,9047503,9133971,9206745,9236483,9230535,9202835,9173790,9160736,9165682,9198256,9271141,9392775,9536173,9653221,9732356,9797469,9863396,9903316,9900878,9833456,9703309,9564294,9435565,9322796,9229383,9156169,9097758,9040616,8985134,8937715,8898647,8866046,8842278,8822178,8805502,8796682,8787346,8777742,8766305,8752573,8743634,8733246,8721197,8704752,8676865,8642937,8606001,8567600,8521485,8465789,8407946,8345033,8279698,8216466,8147346,8074772,8008974,7944524,7880068,7818922,7761333,7710718,7668965,7632912,7597699,7564167,7531857,7501967,7474484,7443878,7408489,7373021,7336320,7296080,7255487,7213136,7171085,7131315,7091469,7046901,6995572,6943361,6892415,6840708,6789997,6740096,6689699,6639263,6588140,6533582,6475649,6423336,6378103,6337710,6300726,6260048,6219429,6180654,6145912,6113660,6074271,6035230,5996814
Iran,Iran (Islamic Republic of),53,IRN,364,IRN,Southern Asia,Southern Asia excluding India,"","","","",Middle East and North Africa,Programme countries,MENAEMRO,"",Eastern Mediterranean,Middle East and North Africa,Middle East and North Africa (excluding high-income),Middle income,Lower middle income,Low and middle income,Asia,"",Excluding least developed countries,Excluding China,OIC,Asia/other,OIC Upper middle income,OIC Middle income,"","","","",Non-fragile,Non-fragile,Non-fragile,Non-fragile,Non-fragile,Fragile,Other Fragile,Non-fragile,non-FCS,non-FCS,"",non-FCS,"","",Asia,Southern Asia,"",Central and Southern Asia,Southern Asia,"","","","",Central and Southern Asia,Asia,Southern Asia,Southern Asia,"","","","","",Non conflict,Middle East and North Africa,"","","","","",Middle East and North Africa,"",Upper middle income,Low and middle income,Asia-Pacific Group,"","",Middle East and North Africa,Non-humanitarian,Non-high burden,"","","","","","","","","","","","","","","","","","","","","","","",ESCAP_ECO (ECO),"","","",ESCAP_South and South-West Asia (SSWA),ESCAP_All countries,"","","","","","","","","","","","","","","",ESCAP_WB Lower Middle Income Economies,"","",367221,376076,385865,396115,406400,417314,428312,441401,454916,467774,473700,477473,484898,493533,502532,514099,526737,540317,551224,562647,571080,578711,582418,592284,610729,633207,666664,697841,731524,774338,807530,830716,883843,915239,935691,945445,942288,926975,910231,892816,875601,877571,840287,785038,687572,622363,572414,539216,528177,528646,532084,538070,541566,539271,552318,567042,587083,611424,634685,655188,673155,698679,735943,769095,797349,803627,804586,799844,755949,675397,635751,614168,597903,583499,569513,558319,545942,535630,525832,520186,514546,510928,508274,507951,509721,511650,514534,518456,523276,527196,532247,536665,542619,546812,551416,553448,554448,550514,544162,535401,526864,516863,505046,493511,481024,468781,458066,448463,438686,431360,424455,420997,416308,414374,412641,410692,410280,410839,412099,413031,415125,417414,418762,419607,418596,418393,417841,416445,413909,410339,405733,400701,395912,389611,382361,377149,371380,364410,358087,353874,347167,343085,339905,335865,333782,331298,328419,326938,325769,326153,957921,1047989,1133012,1214310,1272259,1310369,1350854,1393081,1438089,1486378,1537564,1586470,1627333,1662500,1694844,1728073,1767647,1811841,1859441,1910169,1962573,2013695,2059968,2100889,2139448,2185241,2244312,2326089,2431905,2553437,2695586,2845402,3006901,3158101,3307232,3439348,3558107,3639521,3670313,3662216,3622203,3595501,3546441,3478299,3342011,3176926,2951463,2703783,2473600,2299009,2193334,2143422,2134664,2124223,2136398,2156298,2186018,2229461,2290940,2366572,2450528,2537238,2618577,2713200,2822884,2961816,3077785,3151676,3190224,3174820,3078882,2919118,2740684,2570990,2453262,2380566,2321487,2268328,2219163,2174142,2134083,2100332,2073342,2053281,2039339,2031793,2030729,2035053,2044185,2056775,2071734,2088721,2106925,2125879,2145527,2164958,2182779,2196598,2203466,2200374,2186261,2162125,2130548,2093475,2052505,2008260,1960945,1913468,1867781,1824494,1785250,1750418,1720653,1696587,1677683,1664073,1653475,1645747,1641488,1639849,1641194,1645184,1651201,1657938,1664555,1669326,1671140,1670887,1668562,1664387,1657666,1647038,1632577,1615322,1595627,1573202,1549590,1525501,1500527,1475854,1452254,1428508,1405927,1386674,1368794,1353484,1341377,1329834,1319869,1311665
Iraq,Iraq,54,IRQ,368,IRQ,Western Asia,Western Asia,"","","","",Middle East and North Africa,Programme countries,MENAEMRO,"",Eastern Mediterranean,Middle East and North Africa,Middle East and North Africa (excluding high-income),Middle income,Upper middle income,Low and middle income,Asia,"",Excluding least developed countries,Excluding China,OIC,Arab,OIC Lower middle income,OIC Middle income,Countdown,"","","",Fragile,Fragile,Fragile,Fragile,Fragile,Fragile,Extremely Fragile,Fragile,Fragile and Conflict-affected Situation,Fragile and Conflict-affected Situation,Medium-intensity Conflict,Fragile and Conflict-affected Situation,Conflict,"",Asia,Western Asia,"",Northern Africa and Western Asia,Western Asia,"","","","",Northern Africa and Western Asia,Asia,Western Asia,"Western Asia (exc. Armenia, Azerbaijan, Cyprus, Israel and Georgia)","","",HAC,HAC,"",Conflict,Middle East and North Africa,"",Middle East and North Africa,"",Upper middle income,Low and middle income,Middle East and North Africa,"",Upper middle income,Low and middle income,Asia-Pacific Group,"","",Middle East and North Africa,Humanitarian,Non-high burden,Fragile,Middle East and North Africa,Middle East and North Africa,LiST,"",LiSTSBR,"","","","","","","","","","","","","","","","","","","","","","",ESCAP_Other Area (OTH_REGION),"","","","","","","","","","","","","","","","",ESCWA_Arab countries,ESCWA_Mashreq subregion,112208,116643,126055,131732,133483,125290,122983,108636,102750,112710,119339,130584,156191,170003,175573,181323,187276,193501,200548,208398,215056,221218,226578,231910,237382,242081,246391,250530,255514,260933,266345,273288,279810,286814,296936,304159,307364,315407,323400,332573,344956,346208,355465,366480,385951,393311,400684,412130,422158,432448,442121,449872,455443,465745,478136,485806,496565,486249,484068,507669,532792,563096,579496,597159,609433,600125,588156,576919,579647,586539,592890,599875,606571,611888,616832,624088,630645,636396,644972,653844,662854,669821,679011,685368,692294,698540,702265,707860,710019,713811,716894,720551,720638,725078,723901,726792,732219,731609,734497,737467,738636,737466,743488,743970,746451,747928,750653,750392,755369,755034,752259,751139,754115,751986,753525,754701,757921,757270,757783,754743,754024,755775,757011,755319,753052,752839,748097,745416,743682,741315,739948,737805,735673,736678,733961,733004,729663,729322,725209,725217,723711,722080,717364,714492,711794,710537,709104,705858,702382,698520,341843,349661,362225,380274,401909,425455,440382,443766,432009,408657,398204,399471,417473,465346,522272,576267,627201,662544,687304,713260,741188,770411,798925,826585,851986,875551,897963,918639,940133,960726,979213,1001378,1022462,1045711,1074217,1105712,1123198,1156807,1178554,1199309,1228958,1223488,1261813,1312970,1403014,1453698,1496419,1531327,1564776,1601857,1642725,1687222,1724434,1764453,1791322,1826672,1863143,1821735,1806329,1868847,1919759,1983217,2074166,2204325,2310630,2370101,2396613,2388240,2366218,2338627,2318456,2322333,2336099,2361935,2387941,2412092,2436160,2460641,2485017,2511653,2540936,2572169,2605215,2639075,2671800,2702119,2731162,2756935,2779628,2799610,2815915,2830907,2844622,2856270,2867348,2876510,2883113,2892470,2901726,2910447,2921479,2930009,2936147,2943895,2951846,2959139,2968635,2977581,2984383,2992323,3000539,3004774,3005902,3005742,3003641,3003059,3005908,3009845,3014617,3019558,3021649,3019569,3016966,3016076,3016169,3016081,3014122,3008049,2998539,2989031,2978653,2968987,2961362,2953668,2947559,2942416,2937113,2931800,2925123,2917075,2908886,2902192,2895690,2888169,2878858,2867495,2855826,2846115,2837823,2828830
Ireland,Ireland,178,IRL,372,IRE,"","","","","","",Non-programme countries,"","","",Europe,Europe and Central Asia,"",High income,High income,"",Europe,"","","","","","","","","","","","","","","","",Non-fragile,"","",non-FCS,non-FCS,"",non-FCS,"","",Europe,Northern Europe,"",Europe and Northern America,Europe,"","","North America, Europe, Australia and New Zealand","Australia and New Zealand, Central Asia, Europe and North America",Europe and Northern America,Europe,Northern Europe,"","","","","","","",Europe and Central Asia,Western Europe,"","","","","","","","",Western European and Others Group (WEOG),"","",High Income Countries,Non-humanitarian,Non-high burden,"","","","","","","","","","","","","","","","","",ECE_All countries,ECE_European Union (E25),ECE_Euro area (EMU),"","","","","","","","",ESCAP_Europe (Europe),"","","","","","","","","","","","","","","","","","",32589,32717,32684,32499,31737,30864,30466,30693,30097,30145,30424,29683,30063,30748,31248,31185,30673,30318,30407,31378,32273,33583,34021,34437,34553,33917,34130,34715,35409,36513,37356,36676,35867,34134,32671,31650,31189,29926,28005,26582,26708,26571,25901,25005,24499,24634,25485,26438,27047,27129,27517,28744,29959,30764,31091,30929,32402,35205,37636,38446,38384,37626,36688,35308,34304,33212,32222,31502,31639,31010,30532,30099,29582,29142,28701,28452,28352,28258,28284,28430,28618,28927,29229,29516,29830,30053,30380,30698,30846,31050,31184,31250,31244,31185,31077,30828,30608,30373,30041,29656,29307,29014,28611,28292,28030,27803,27601,27490,27247,27175,27055,27053,27053,27026,27086,27172,27202,27267,27411,27532,27574,27753,27833,27953,27922,27854,27839,27604,27532,27332,27251,27150,26905,26727,26512,26279,26126,25937,25776,25732,25584,25472,25404,25323,25318,25348,25237,25274,25309,25355,126324,126471,124795,122012,121473,121537,120566,119740,119081,118433,118317,119827,121146,121766,123054,124574,126491,127314,126747,125843,125571,126998,129755,133338,136710,138971,139895,139632,139144,139157,140503,143261,145387,146131,144128,139298,133491,128885,124762,120286,115551,111253,109234,108160,106635,104363,102194,101235,102568,105274,108134,110756,112503,113837,116200,119466,122257,125143,129425,134466,139956,144443,145482,144125,141275,138409,135629,132440,130194,128610,126883,125246,123655,122047,120602,118958,117137,115744,114747,114157,114002,114174,114693,115550,116595,117763,118934,120067,121240,122328,123321,124208,124851,125299,125536,125513,125207,124641,123891,122938,121811,120555,119214,117812,116418,115111,113879,112792,111918,111140,110448,109880,109402,109116,108965,108923,109018,109160,109366,109662,110013,110382,110822,111278,111693,112072,112270,112300,112095,111698,111233,110662,110150,109605,108976,108298,107471,106646,105869,105111,104491,103959,103461,103056,102668,102340,102168,102028,101927,101910
Israel,Israel,158,ISR,376,ISR,"","","","","","",Non-programme countries,"","","",Europe,Middle East and North Africa,"",High income,High income,"",Asia,"",Excluding least developed countries,Excluding China,"","","","","","","","","","","","","",Non-fragile,"","",non-FCS,non-FCS,"",non-FCS,"","",Asia,Western Asia,"",Northern Africa and Western Asia,Western Asia,"","","","",Northern Africa and Western Asia,Asia,Western Asia,"","","","","","","",Middle East and North Africa,"","","","","","","","","",Western European and Others Group (WEOG),"","",High Income Countries,Non-humanitarian,Non-high burden,"","","","","","","","","","","","","","","","","",ECE_All countries,"","","","","","","","","","",ESCAP_Other Area (OTH_REGION),"","","","","","","","","","","","","","","","","","",23172,23655,24276,24442,22823,22998,23551,23153,23774,24671,25402,25075,25708,26979,29153,31015,32236,32732,35185,37840,41839,44981,43423,45970,48250,49225,50432,47566,47151,47573,47789,47537,47181,50352,51149,51900,52315,50948,53779,54746,56068,57004,55012,55461,56544,59022,62857,62557,64659,65688,67259,67578,68703,71304,72132,72019,73782,75620,77926,79222,81594,82635,84273,84884,86792,91667,93736,90457,89878,93674,90358,89281,89380,89424,89621,90094,90446,90873,91431,91945,92810,93555,94477,95262,96221,97205,98206,99221,100312,101482,102533,103621,104444,105368,105871,106318,106850,107249,107276,107087,107461,107149,107179,106776,106346,105597,105368,105337,105358,105061,104578,104814,104745,105092,105154,105271,105968,106467,106247,106864,107155,107493,107952,108224,108572,108539,108475,108148,108024,107931,107961,107299,106976,106974,106790,106015,105413,104984,104738,104625,104173,103746,103316,103378,103502,103120,102883,102588,102408,102492,72053,77400,80586,82921,84055,84463,84690,84863,84812,85650,87786,90155,92786,95552,98528,102352,107800,114433,120638,126520,132854,140709,150634,158826,164917,170491,174300,178902,182047,181420,180081,178487,178195,179388,182181,186578,191323,196675,199632,201812,205317,209198,214620,218316,219703,221090,222913,228129,235040,241748,248512,253548,258137,262540,267348,272535,276998,281858,286528,291636,298295,305633,314167,322307,330771,337353,344618,354272,361527,365464,367856,366725,364310,363611,360813,358257,358650,359659,360967,362658,364519,366674,369264,372181,375411,378802,382360,386076,389944,393998,398207,402528,406901,411153,415122,418677,421606,424096,426183,427753,428762,429402,429595,429451,429239,428443,427022,425300,423697,422554,421861,421206,420554,420003,419761,420160,420700,421594,422963,424175,425544,426940,428000,429419,430974,432335,433545,434257,434400,434012,433405,432853,432153,431165,430161,429089,427838,426386,424555,422503,420843,419590,418355,417011,415680,414787,414183,413669,413042,412047
Italy,Italy,179,ITA,380,ITY,"","","","","","",Non-programme countries,"","","",Europe,Europe and Central Asia,"",High income,High income,"",Europe,"","","","","","","","","","","","","","","","",Non-fragile,"","",non-FCS,non-FCS,"",non-FCS,"","",Europe,Southern Europe,"",Europe and Northern America,Europe,"","","North America, Europe, Australia and New Zealand","Australia and New Zealand, Central Asia, Europe and North America",Europe and Northern America,Europe,Southern Europe,"","","",HAC,HAC,"","",Europe and Central Asia,Western Europe,"","","","","","","","",Western European and Others Group (WEOG),"","",High Income Countries,Non-humanitarian,Non-high burden,"","","","","","","","","","","","","","","",EECA,"",ECE_All countries,ECE_European Union (E25),ECE_Euro area (EMU),"","","","","","","","",ESCAP_Europe (Europe),"","","","","","","","","","","","","","","","","","",448019,427348,413555,410553,422692,426857,429207,431437,430377,442524,445074,452183,456712,468913,493858,489940,483176,470506,466300,460836,449663,448865,441630,436119,433220,415166,393981,374313,357990,340267,325007,316108,313793,308388,300960,294704,285673,282791,289634,287851,290016,287558,286394,282922,275427,269929,270277,273193,272726,274967,276885,273685,273245,276211,284778,285756,287035,288056,293472,292437,288990,281786,274190,263662,255292,247182,240050,232744,223463,215624,210809,210702,209354,208703,207520,206881,206281,206500,205188,204703,205203,205006,205747,205698,205722,205224,204744,204748,204771,203625,203086,201698,200257,199243,196650,194639,192392,190194,187271,184373,180878,178354,175599,173395,170691,169027,166968,165394,164292,163448,163284,162793,162059,162016,161692,161336,161192,160744,161113,160513,160400,160207,159693,158918,158689,158345,156676,155770,154472,153845,152743,150997,149702,148729,147599,145752,144493,142934,141663,140490,139552,138514,137256,136773,136037,135519,135179,134961,134801,134818,1792959,1804093,1754190,1697866,1657993,1637152,1637526,1650242,1666404,1675189,1685429,1701654,1722871,1759384,1799560,1847021,1891918,1922478,1930657,1907555,1874009,1837364,1805311,1794821,1783907,1773283,1752908,1711077,1653023,1581370,1503192,1437112,1365749,1314794,1281099,1255671,1234632,1206157,1175332,1157369,1146228,1140826,1076882,1090490,1107219,1114165,1114201,1102727,1087604,1079988,1077756,1077609,1075658,1087916,1101312,1115706,1128942,1139540,1151544,1160037,1163483,1160543,1148546,1136499,1115457,1085757,1055171,1023030,993214,963093,932437,899190,871658,852805,843958,840935,837711,834386,831880,829668,827419,825911,824676,824352,825327,826057,826374,825871,824823,823900,822574,820903,818439,814440,809924,804371,797429,789887,781282,771972,762070,751020,739244,727499,716256,705795,696167,687308,679093,672073,666268,661844,658927,656601,654858,653390,651860,650765,649704,648806,648143,647313,646681,645644,644058,642397,640592,638045,634872,631104,626647,622475,618093,613257,608299,603143,597944,592715,587168,581250,575710,570687,566069,561693,557689,554141,550938,548522,546661,545197
Cote d Ivoire,Cote d'Ivoire,43,CIV,384,IVC,Sub-Saharan Africa,Sub-Saharan Africa,West Africa,"","","",West and Central Africa,Programme countries,"","",Africa,Sub-Saharan Africa,Sub-Saharan Africa (excluding high-income),Middle income,Lower middle income,Low and middle income,Africa,Sub-Saharan Africa,Excluding least developed countries,Excluding China,OIC,Africa,OIC Lower middle income,OIC Middle income,Countdown,West Africa,Africa,Western Africa,Fragile,Fragile,Fragile,Fragile,Fragile,Fragile,Other Fragile,Non-fragile,non-FCS,non-FCS,"",non-FCS,"","",Africa,Western Africa,"",Sub-Saharan Africa,"","","","","",Sub-Saharan Africa,Sub-Saharan Africa,Western Africa,Sub-Saharan Africa (inc. Sudan),"","","","",Global Strategy,Non conflict,Sub-Saharan Africa,West and Central Africa,Sub-Saharan Africa,West and Central Africa,Lower middle income,Low and middle income,Sub-Saharan Africa,West and Central Africa,Lower middle income,Low and middle income,African Group,Economic Community of West African States,GAVI,West and Central Africa,Non-humanitarian,High burden,"",West and Central Africa,West and Central Africa,LiST,"",LiSTSBR,"","","","","","","","","","",ECA_West Africa,ECA_All countries,"","","","","","","","","","",ESCAP_Africa (AFR),ECA_African Union Commission,ECA_ECOWAS,"",ECA_CEN-SAD,"","","",ECA_Oil producing economies,"","","","",ECA_Sub-Saharan Africa,"","","","","",61641,63846,66004,68244,70526,72805,75209,77710,80332,83023,86517,90107,93811,97713,101698,105704,109834,114109,118521,122988,127679,132996,138831,145424,152381,159324,166407,175944,184266,192804,200936,207819,213753,218972,223266,226499,229413,231787,235921,248081,257598,265677,273442,280356,287055,296933,307098,318651,331492,342439,351223,357613,362349,367548,370936,374353,377362,380008,383042,386812,391716,396825,398964,400957,403498,409871,417218,426689,430140,434751,441426,449163,454814,462316,470001,477492,484990,492609,501152,509715,516747,524840,532614,540423,545548,551833,557560,563683,567735,573437,579002,584779,589263,595153,600313,605056,609378,615101,619405,624241,629649,635685,640159,644817,648639,652238,658114,664831,665684,668799,673584,675532,675777,678550,682369,684606,686613,690093,690292,692575,693144,696333,698920,700378,701598,700667,702779,703923,705168,704589,706085,706733,707737,707284,707227,705882,706700,705791,706461,705236,707329,704513,707577,704630,705874,706928,706600,704735,705264,701925,186588,187487,190312,195785,203503,212010,220752,229813,239211,248944,259075,270065,282144,295154,309166,323798,338780,354225,370115,386516,403553,421330,440204,460564,482865,507382,533620,548135,571926,603197,640233,679333,715022,746724,774733,798519,818449,835159,840723,829311,853486,885711,923247,960057,991009,1018495,1047087,1078484,1113942,1156096,1200272,1242640,1281007,1306497,1327937,1346362,1362984,1378716,1392445,1405657,1419680,1435200,1461565,1485306,1504903,1523066,1540483,1561629,1588555,1617611,1644642,1670764,1694903,1719605,1746816,1775232,1803727,1833283,1863737,1894534,1926450,1958416,1990374,2022170,2053090,2082617,2110199,2135896,2159801,2182486,2204486,2226241,2247743,2269344,2291284,2312995,2333898,2354271,2374565,2394249,2413591,2433700,2454474,2475393,2496285,2516140,2533821,2551366,2571003,2589627,2606367,2622539,2635365,2645717,2656032,2665593,2674912,2685464,2697185,2706962,2715028,2722617,2729298,2737395,2746151,2754677,2761234,2765485,2769702,2773747,2777997,2782005,2785413,2788516,2791604,2793865,2794217,2793636,2792821,2792185,2792011,2792563,2792658,2793109,2793865,2793074,2794232,2795376,2795194,2795409
Jamaica,Jamaica,124,JAM,388,JAM,Latin America and the Caribbean,Latin America and the Caribbean,"","",Caribbean,SIDS,Latin America and Caribbean,Programme countries,"","",Americas,Latin America and the Caribbean,Latin America and the Caribbean (excluding high-income),Middle income,Upper middle income,Low and middle income,Latin America and the Caribbean,"",Excluding least developed countries,Excluding China,"","","","",Countdown,"","","",Non-fragile,Non-fragile,Non-fragile,Non-fragile,Non-fragile,Non-fragile,"",Non-fragile,non-FCS,non-FCS,"",non-FCS,"","",Americas,Latin America and the Caribbean,Caribbean,Latin America and the Caribbean,"","",Small island developing States,"","",Latin America and the Caribbean,Latin America and the Caribbean,Caribbean,Latin America and the Caribbean,"",Small island developing States (SIDS),"","","",Non conflict,Latin America and Caribbean,"","","","","",Latin America and Caribbean,"",Upper middle income,Low and middle income,Latin American and Caribbean Group (GRULAC),"","",Latin America and Caribbean,Non-humanitarian,Non-high burden,"",Latin America and the Caribbean,Latin America and Caribbean,LiST,"",LiSTSBR,"","","","","","","","","","","",ECLAC_All countries,"","",ECLAC_Carribean,"","","","","","","",ESCAP_Latin America (LAC),"","","","","","","","","","","","","","","","","","",21268,22924,23662,24617,25797,26853,27892,28886,29999,30333,31697,31458,30744,30981,31723,32147,32510,32649,32599,32458,32297,32189,31991,31586,31147,30738,30175,30480,30658,30880,31286,31618,31907,32235,32459,32563,32461,32281,31949,31611,30436,30916,31610,31904,31847,31447,29637,29439,29001,27669,25303,24808,24669,24665,24797,24299,24419,22838,22574,22422,21242,21105,20920,20378,19670,19863,19136,18170,17417,17064,16812,16722,16487,16272,16079,15893,15684,15571,15349,15148,14928,14726,14443,14187,13940,13607,13351,13059,12803,12537,12267,11990,11749,11467,11227,10996,10736,10545,10334,10158,9967,9763,9591,9395,9233,9047,8845,8678,8527,8364,8175,8047,7902,7729,7569,7404,7252,7092,6909,6748,6562,6423,6252,6091,5924,5779,5591,5425,5268,5132,5002,4850,4710,4572,4439,4292,4178,4040,3934,3805,3676,3545,3422,3306,3183,3064,2934,2797,2682,2563,73978,75680,78726,82276,86578,90995,94735,98660,102838,107001,110754,114442,117676,119113,119886,120348,120886,122500,124377,125619,126231,126389,125668,124986,124225,123305,122106,120496,119127,118505,118544,119487,120892,122267,123726,124959,125814,126249,126216,125764,124979,123532,122031,121845,122225,123325,124329,123450,121175,118568,115248,111159,106674,102235,98699,97185,96818,96460,95365,93263,91287,88794,86474,84997,83211,81470,80145,78629,76580,74335,71782,69500,67835,66671,65752,64890,64032,63204,62468,61761,61023,60275,59472,58592,57657,56681,55623,54515,53410,52278,51184,50115,49043,47988,46930,45881,44872,43873,42915,42020,41163,40370,39601,38843,38094,37349,36629,35899,35170,34464,33775,33102,32457,31834,31204,30589,29964,29316,28676,28027,27370,26697,26017,25359,24703,24059,23422,22767,22104,21445,20795,20183,19606,19043,18486,17925,17366,16824,16294,15779,15286,14792,14292,13789,13285,12791,12305,11822,11321,10818
Japan,Japan,180,JPN,392,JPN,"","","","","","",Non-programme countries,"","","",Western Pacific,East Asia and Pacific,"",High income,High income,"",Asia,"","","","","","","","","","","","","","","","",Non-fragile,"","",non-FCS,non-FCS,"",non-FCS,"","",Asia,Eastern Asia,"",Eastern and South-Eastern Asia,Eastern Asia,"","","","",Eastern and South-Eastern Asia,Asia,Eastern Asia,"","","","","","","",East Asia and Pacific,"","","","","","","","","",Asia-Pacific Group,"","",High Income Countries,Non-humanitarian,Non-high burden,"","","","","","","","","","",EAPR Countries,EAPR Countries (excluding China),"","","","","","","","","","","","",ESCAP_ENEA including Russian Fed (ENEA_RUS),"","",ESCAP_East and North-East Asia (ENEA),ESCAP_All countries,"","","","","","","","","","","","","","","",ESCAP_WB High Income Economies,"","",1211658,1082876,1009014,943123,897506,878382,846812,802566,831189,830666,825654,824808,838604,861242,892461,933179,753221,951535,963536,967125,992819,1021619,1051351,1081494,1059301,1002551,954363,912393,882419,846457,815573,774649,757536,752446,743876,727456,697920,691282,678308,646826,626932,629376,625354,617560,633389,617813,623215,617738,617415,609307,619939,607985,599573,584916,576323,563884,571293,573876,573892,565303,560357,549661,543415,538729,527013,521859,508086,473343,453827,430676,422887,419584,417257,416547,417225,415470,416470,417509,417343,417327,417012,416711,415952,415692,415336,413443,410809,408933,407111,405771,403592,401137,397493,392208,388518,383993,379668,374836,369596,364975,360397,356149,352985,348876,343524,339417,337370,334844,333291,330842,329588,329720,329521,328017,326917,325866,325944,325033,326007,324469,324059,322524,321258,318608,318025,315741,313221,311360,308479,305585,303194,301576,298291,295661,293771,291275,288558,285985,284531,282240,281582,279575,278017,276830,276281,276029,274349,274341,274342,272925,4546558,4847222,4807789,4504539,4131760,3812829,3607434,3454620,3322518,3238368,3196496,3172463,3185422,3206723,3231090,3288128,3382194,3385466,3389878,3479955,3527106,3671993,3824432,3893096,3997152,4084681,4099836,4033759,3895151,3722209,3561744,3420831,3287237,3160416,3057056,2980351,2925593,2873952,2813041,2750161,2676161,2600678,2536736,2481599,2443453,2435948,2432718,2424470,2424626,2414996,2401813,2397114,2390221,2375504,2353173,2317346,2273168,2239917,2223368,2218267,2217500,2211719,2192348,2164281,2136732,2107262,2078068,2047924,1995650,1925519,1843757,1768967,1720545,1694304,1683109,1679051,1674210,1672253,1672716,1673292,1674374,1675615,1675276,1674075,1672530,1670878,1668286,1663826,1657641,1649947,1641978,1634645,1627131,1618239,1606204,1591513,1575183,1557523,1539956,1521732,1502654,1483520,1464587,1447180,1431027,1414501,1397669,1381626,1367029,1355338,1346343,1338318,1332147,1328009,1324866,1322197,1318840,1315072,1311885,1310161,1309113,1307377,1305108,1301253,1295704,1289696,1283228,1275665,1268016,1259496,1249423,1239337,1229471,1219474,1209417,1199817,1189917,1179887,1170246,1160829,1151747,1143936,1137444,1130995,1125123,1119862,1115590,1112103,1109100,1107028
Kazakhstan,Kazakhstan,140,KAZ,398,KAZ,Caucasus and Central Asia,Caucasus and Central Asia,"","","",LLDC,Europe and Central Asia,Programme countries,"","",Europe,Europe and Central Asia,Europe and Central Asia (excluding high-income),Middle income,Upper middle income,Low and middle income,Asia,"",Excluding least developed countries,Excluding China,OIC,Asia/other,OIC Upper middle income,OIC Middle income,"","","","",Non-fragile,Non-fragile,Non-fragile,Non-fragile,Non-fragile,Non-fragile,"",Non-fragile,non-FCS,non-FCS,"",non-FCS,"","",Asia,Central Asia,"",Central and Southern Asia,Central Asia,"",Landlocked developing countries,"","Australia and New Zealand, Central Asia, Europe and North America",Central and Southern Asia,Asia,Central Asia,Caucasus and Central Asia,"",Landlocked developing countries (LLDCs),"","","",Non conflict,Europe and Central Asia,Eastern Europe and Central Asia,Europe and Central Asia,Eastern Europe and Central Asia,Upper middle income,Low and middle income,Europe and Central Asia,Eastern Europe and Central Asia,Upper middle income,Low and middle income,Asia-Pacific Group,"","",Eastern Europe and Central Asia,Non-humanitarian,Non-high burden,"",Europe and Central Asia,Eastern Europe and Central Asia,LiST,LiSTSBR,LiSTSBR,"","","","","","","","","",EECA,"",ECE_All countries,"ECE_Eastern Europe, Caucasus and Central Asia (CIS)",ECE_CIS (CWG),"",ESCAP_ADB Group C (ADB_DMC_C),"",ESCAP_ECO (ECO),"","",ESCAP_LLDC (LLDC_E),ESCAP_North and Central Asia (NCA),ESCAP_All countries,ESCAP_ADB Developing member countries (ADB_DMC),"","","","","","","","","","","","",ESCAP_Countries with Special Needs,"",ESCAP_WB Upper Middle Income Economies,"","",110818,114648,118328,122267,126907,132529,140810,150338,158693,164210,169065,171212,170076,167492,162741,157918,154317,151328,147379,144825,147038,151136,155494,157652,159142,160964,163159,165631,167243,170764,172701,179373,185788,191020,196017,200305,203412,206630,206835,203980,197799,190179,182220,173170,163513,154169,140936,130984,125887,121478,120370,119274,121484,128638,137162,145568,156676,167978,179334,184191,186506,189326,193631,196783,203198,204118,205350,200766,204562,206461,217176,212357,206602,202631,199081,197120,195797,194787,194654,195568,197134,198272,200466,202537,205193,207407,210211,213051,215946,218717,221778,224871,227331,229997,231479,231814,232455,232147,231940,232155,230969,230559,229085,228392,228043,227203,226419,225742,224598,223400,222831,222521,222289,222103,221461,221575,221788,221946,223389,223384,224345,224796,225716,226285,226370,226703,226093,226224,225451,224464,224581,224171,222702,221501,221262,219770,219345,218088,216367,214941,213639,212209,210874,210881,209889,209240,209137,208156,207463,207145,333652,381063,408449,429101,445125,460413,477478,498252,524463,554574,585640,614293,636231,649128,653822,650447,639607,625339,610529,596135,582793,572959,571308,577745,589953,602587,613100,621666,629016,637280,646832,657178,669638,687434,708132,730813,753079,760561,771586,782661,794173,794897,784624,761969,731065,691360,655083,600223,548182,504423,485567,477107,474243,474413,480688,495634,519625,552620,590775,631462,671435,705035,729797,746931,760069,774663,790121,802880,809773,811288,812578,820582,832984,839616,838290,826360,809273,796999,788164,782471,779924,780216,782974,787930,794556,802223,810979,820540,830774,841484,852577,864077,875805,887392,898688,909057,917063,922796,926117,927122,927450,926757,925110,922823,919378,916078,912992,910020,907437,904337,900649,896974,893634,890985,889341,888077,886956,886317,886057,887150,889163,891392,894190,896757,899390,901834,903733,904760,904786,904223,902488,900602,898852,896356,893456,890289,886328,882475,879180,874893,869946,864636,858774,853127,848508,844733,841454,839265,837035,834408
Jordan,Jordan,55,JOR,400,JDN,Western Asia,Western Asia,"","","","",Middle East and North Africa,Programme countries,MENAEMRO,"",Eastern Mediterranean,Middle East and North Africa,Middle East and North Africa (excluding high-income),Middle income,Upper middle income,Low and middle income,Asia,"",Excluding least developed countries,Excluding China,OIC,Arab,OIC Upper middle income,OIC Middle income,"","","","",Non-fragile,Non-fragile,Non-fragile,Non-fragile,Non-fragile,Non-fragile,"",Non-fragile,non-FCS,non-FCS,"",non-FCS,"","",Asia,Western Asia,"",Northern Africa and Western Asia,Western Asia,"","","","",Northern Africa and Western Asia,Asia,Western Asia,"Western Asia (exc. Armenia, Azerbaijan, Cyprus, Israel and Georgia)","","",HAC,HAC,"",Non conflict,Middle East and North Africa,"",Middle East and North Africa,"",Upper middle income,Low and middle income,Middle East and North Africa,"",Upper middle income,Low and middle income,Asia-Pacific Group,"","",Middle East and North Africa,Non-humanitarian,Non-high burden,"",Middle East and North Africa,Middle East and North Africa,LiST,"",LiSTSBR,"","","","","","","","","","","","","","","","","","","","","","",ESCAP_Other Area (OTH_REGION),"","","","","","","","","","","","","","","","",ESCWA_Arab countries,ESCWA_Mashreq subregion,8825,9583,10446,11385,12381,13476,14636,15851,17141,18453,19854,21245,22515,23704,24908,26419,28086,30064,32322,34358,36368,38336,39911,41103,42152,43262,44169,45057,45648,46511,47656,48795,50074,51694,53265,55133,57051,58628,60328,61965,63477,66026,68883,72047,74867,77101,78148,77839,76629,75952,75335,75521,76702,78448,79556,81156,83590,94192,97512,99170,99615,99658,99242,96594,105814,114503,119053,120241,121249,121952,122833,123580,124073,122929,121750,120902,120104,119777,119250,118774,118488,118714,118812,118388,118643,119035,118954,118852,118292,118201,117559,117281,116263,115714,114400,113406,112298,111614,111084,110194,109504,108980,108703,108499,108409,108349,108134,107826,107717,107536,107161,107068,106665,106423,106085,106203,105891,105486,104927,104068,103806,103356,102516,101732,101037,100247,99103,98467,97828,97198,96665,95986,95189,94961,94216,93601,92872,92831,92173,91898,91505,91175,90765,90404,90156,89641,88811,88328,88168,87818,28432,30829,33494,36370,39570,43175,47071,51220,55599,60159,64812,69434,74059,78712,83613,89305,96141,104092,112843,121674,129517,136012,141356,145988,150446,154764,158845,162626,166548,170422,174499,179331,184760,190777,197310,203975,210971,218458,226153,233992,242293,247254,252797,260048,268964,279440,289943,298706,304577,306924,306306,303924,301404,300680,302525,306967,312518,346301,353649,363943,372562,383236,391454,387428,428794,469171,492275,490864,489396,486925,485463,487367,490043,485722,480654,475930,471841,469199,467562,466668,466168,466028,466394,467302,468360,469553,470968,472203,473306,473851,473480,472449,470987,469186,466918,464079,460539,456615,452596,448927,445708,442736,440055,437574,435579,434234,433413,432838,432225,431549,430801,429908,429052,428152,427067,425979,425023,424217,423366,422313,420641,418512,416411,414137,411763,409207,406253,402979,399643,396416,393297,390578,388137,385574,383147,380812,378395,376051,373836,371759,369899,368384,366875,365344,363900,362483,361043,359284,357258,355228
Kenya,Kenya,16,KEN,404,KEN,Sub-Saharan Africa,Sub-Saharan Africa,Eastern Africa,"","","",Eastern and Southern Africa,Programme countries,"","",Africa,Sub-Saharan Africa,Sub-Saharan Africa (excluding high-income),Middle income,Lower middle income,Low and middle income,Africa,Sub-Saharan Africa,Excluding least developed countries,Excluding China,"","","","",Countdown,Eastern Africa,Africa,Eastern Africa,Non-fragile,Non-fragile,Non-fragile,Non-fragile,Non-fragile,Fragile,Other Fragile,Non-fragile,non-FCS,non-FCS,"",non-FCS,"",USAID,Africa,Eastern Africa,"",Sub-Saharan Africa,"","","","","",Sub-Saharan Africa,Sub-Saharan Africa,Eastern Africa,Sub-Saharan Africa (inc. Sudan),"","",HAC,HAC,Global Strategy,Non conflict,Sub-Saharan Africa,Eastern and Southern Africa,Sub-Saharan Africa,Eastern and Southern Africa,Lower middle income,Low and middle income,Sub-Saharan Africa,Eastern and Southern Africa,Lower middle income,Low and middle income,African Group,"",GAVI,Eastern and Southern Africa,Non-humanitarian,High burden,"",Eastern and Southern Africa,Eastern and Southern Africa,LiST,"",LiSTSBR,"","","","","","","","","","",ECA_Eastern Africa,ECA_All countries,"","","","","","","","","","",ESCAP_Africa (AFR),ECA_African Union Commission,ECA_IGAD,"",ECA_EAC,ECA_COMESA,"","",ECA_Non-Oil Producing,"","","","",ECA_Sub-Saharan Africa,"","","","","",135492,131590,138083,145153,152431,159713,167456,175550,183022,189410,196108,204669,213886,222688,231284,241026,250185,258295,266471,275027,283303,292378,300033,306873,314214,322531,331958,341047,351359,362366,373029,386209,398074,408692,421743,434221,447533,459764,468552,475861,481334,486173,490832,497119,505025,516474,528216,540647,556924,570745,586577,605465,620923,632277,646424,663374,680743,699175,712465,717702,717159,712607,707852,702995,700666,707494,710935,713150,714070,710544,713501,719989,729977,739825,747862,756776,765971,777439,785335,794307,800822,809262,815002,818687,822395,823780,820769,822060,824725,822667,818670,818149,814776,813544,811669,812436,810027,810563,808296,809999,807524,807867,807746,807015,808210,811392,811514,811975,812063,809377,806729,802532,802848,800019,799308,793265,794382,788149,786951,784287,780104,775522,771517,769350,765856,759984,757552,753483,752924,748414,745896,744657,742466,740107,738749,736295,731170,729059,726549,723897,720245,714746,710957,708690,702502,699255,694986,695037,692374,690182,456972,471771,470192,468453,466581,479847,508524,538674,569810,601354,632513,662665,692813,724149,757155,791665,827136,862451,897127,931215,964541,996787,1028907,1061551,1093096,1123781,1154227,1185601,1220482,1258292,1299111,1341853,1386930,1434486,1482020,1530266,1578597,1626163,1674944,1721034,1761203,1794220,1817645,1836211,1853101,1872843,1898474,1932304,1973468,2023445,2080306,2141038,2209105,2277606,2343365,2407495,2469191,2531843,2599797,2671373,2734153,2774428,2787092,2779555,2759391,2736257,2721178,2725468,2735112,2742873,2755395,2768457,2780107,2807899,2846078,2885005,2925815,2964482,3000484,3038135,3075737,3111852,3144939,3175530,3202277,3224992,3242716,3252224,3256556,3259635,3260366,3258910,3256150,3249161,3239806,3232407,3226681,3222006,3218688,3215931,3213379,3211240,3208896,3207667,3206142,3205345,3208082,3212108,3216763,3221390,3222135,3218533,3211305,3202043,3193076,3185070,3176979,3168316,3158276,3146229,3136059,3124571,3111198,3097414,3082403,3068215,3053569,3039152,3024528,3010519,2998852,2987586,2977795,2968460,2959326,2952008,2944409,2934503,2923390,2911940,2899777,2888426,2875882,2860853,2845666,2829294,2812926,2797560,2783107,2771826
Korea DPR,Democratic People's Republic of Korea,94,PRK,408,DRK,Eastern Asia,Eastern Asia excluding China,"","","","",East Asia and Pacific,Programme countries,"","",South-East Asia,East Asia and Pacific,East Asia and Pacific (excluding high-income),Low income,Low income,Low and middle income,Asia,"",Excluding least developed countries,Excluding China,"","","","",Countdown,"","","",Non-fragile,Non-fragile,Non-fragile,Non-fragile,Non-fragile,Fragile,Other Fragile,Non-fragile,non-FCS,non-FCS,"",non-FCS,"","",Asia,Eastern Asia,"",Eastern and South-Eastern Asia,Eastern Asia,"","","","",Eastern and South-Eastern Asia,Asia,Eastern Asia,Eastern Asia (excluding Japan),"","",HAC,HAC,Global Strategy,Non conflict,East Asia and Pacific,"","","","","",East Asia and Pacific,"",Low income,Low and middle income,Asia-Pacific Group,"",GAVI,East Asia and the Pacific,Non-humanitarian,Non-high burden,"",East Asia and Pacific,East Asia and Pacific,LiST,LiSTSBR,LiSTSBR,EAPR Program Countries,EAPR Program Countries (excluding China),"","",EAPR Countries,EAPR Countries (excluding China),"","","","","","","","","","","","",ESCAP_ENEA including Russian Fed (ENEA_RUS),"","",ESCAP_East and North-East Asia (ENEA),ESCAP_All countries,"","","","","","","","","","","","","","","",ESCAP_WB Low Income Economies,"","",191218,130616,109871,127545,149986,165759,169058,198398,216561,199906,196790,191809,198606,215216,221145,225306,237018,259585,259661,258700,258945,253004,258500,229860,209860,199954,185283,177899,177906,181989,184731,188782,189980,191301,194035,197539,201215,201761,204584,206080,212039,218054,221986,225343,227577,225065,222005,216109,211848,207376,201311,196576,188517,182725,181000,176409,173208,171084,171754,169808,159069,158745,162236,166169,170422,172800,173805,174705,175337,176214,175302,174808,173103,172082,169992,168060,166085,163683,161004,157602,155115,152458,149535,146790,144435,142467,139965,138281,137341,136780,135986,135685,135647,136087,136849,137387,137453,137944,137685,137515,136486,136035,135158,134383,133186,131232,129345,128051,126064,124223,122003,120422,118852,116968,115332,113823,112735,111615,110656,110201,109536,109024,108938,108845,108297,107896,107735,107488,107132,106747,106450,106121,105434,105090,104319,103907,103085,102117,100778,99671,98683,97302,96180,95382,94315,93390,92381,91605,90654,89808,677701,631464,572679,506736,472173,461868,494622,558754,626915,696469,738614,764174,768410,751238,758734,784962,816166,855442,899178,942399,978820,1006081,1010444,1006798,992025,950199,899811,836740,776917,740732,719321,713287,721102,733632,744378,753780,763004,773186,783961,793952,802576,811144,824096,840518,858607,870413,870504,864250,852350,837019,821132,802969,784417,768514,753613,740105,726448,712080,699896,689986,682658,672329,659221,649078,643428,648849,662689,675552,685430,691923,695963,698405,699099,697806,694355,689457,683299,676370,668613,659853,650060,639287,628215,616900,605852,595215,584987,575331,566437,558848,552681,548084,545025,543048,542002,542285,543741,545562,547417,548714,549101,548587,547036,544745,541859,538618,534470,529013,522878,516094,509017,501858,494354,486980,479800,472899,466334,460036,454414,449519,445506,442210,439397,437361,435916,434656,433499,432343,431057,429812,428682,427463,426132,424580,422893,420979,418777,416494,413784,410453,406489,402127,397493,392787,388400,384092,379991,376186,372411,368712
Korea Rep,Republic of Korea,97,KOR,410,KOR,Eastern Asia,Eastern Asia excluding China,"","","","",Non-programme countries,"","","",Western Pacific,East Asia and Pacific,"",High income,High income,"",Asia,"",Excluding least developed countries,Excluding China,"","","","","","","","","","","","","",Non-fragile,"","",non-FCS,non-FCS,"",non-FCS,"","",Asia,Eastern Asia,"",Eastern and South-Eastern Asia,Eastern Asia,"","","","",Eastern and South-Eastern Asia,Asia,Eastern Asia,Eastern Asia (excluding Japan),"","","","","",Non conflict,East Asia and Pacific,"","","","","","","","","",Asia-Pacific Group,"","",High Income Countries,Non-humanitarian,Non-high burden,"","","","","","","","","","",EAPR Countries,EAPR Countries (excluding China),"","","","","","","","","","","","",ESCAP_ENEA including Russian Fed (ENEA_RUS),"","",ESCAP_East and North-East Asia (ENEA),ESCAP_All countries,"","","","","","","","","","","","","","","",ESCAP_WB High Income Economies,"","",354948,356551,373354,395399,417281,438013,459048,480684,498878,512134,521503,527461,530332,522886,515110,501367,489772,482045,470606,475610,481948,477460,471913,464672,453964,437589,422927,417742,404218,414908,426144,447356,442515,418203,390237,366533,355532,349718,351071,354889,366213,378422,382681,379022,375312,367838,354691,342772,330475,317513,306763,281899,256300,245963,236380,225685,226890,235200,230160,226475,233638,236419,235502,226410,221637,218319,206135,188031,171229,159193,151982,148579,146851,147573,148975,150928,153467,154461,155663,156648,155630,154235,151946,149286,145301,141233,138024,135281,132911,131233,129920,128899,129082,128761,127840,127179,125742,123479,120304,116804,113362,110382,108003,104824,102523,100699,99437,98934,98315,97913,98321,98953,98940,99071,98548,98134,97248,96573,95862,95068,93757,92792,92194,91517,90932,90277,89497,88649,87937,86961,85698,84773,83740,82216,81101,79848,78997,77778,76604,75882,75436,74785,74778,74765,74615,74840,74745,74599,74414,73882,1343736,1307613,1269112,1273665,1311080,1387786,1483606,1579641,1673631,1762104,1842136,1909901,1968593,2012662,2032512,2028855,1992458,1958505,1923329,1892440,1875941,1870241,1888119,1921497,1940770,1933152,1879631,1797113,1731494,1676753,1638813,1631116,1657949,1689165,1701394,1675883,1605992,1527130,1473632,1441031,1432303,1429666,1421614,1430787,1457085,1489075,1505451,1486188,1450942,1412240,1371551,1332434,1284383,1223043,1155983,1080494,1005364,956489,929788,917853,921648,935856,942602,942656,942674,938338,923795,890665,854439,813362,758783,697715,650007,618391,600625,594514,595193,600261,607302,614051,620167,623745,624278,621890,615826,606521,594466,580779,566781,553734,542866,534132,527152,522373,519507,517337,515489,512849,508258,501544,492214,480494,467589,454934,442890,431597,421520,412563,405638,400917,397633,395913,395569,396007,396979,397625,397169,395778,393565,390912,388001,384660,380977,377248,373663,370547,367955,365349,362539,359589,356401,352782,348908,344846,340306,335616,330845,326002,321458,317005,312813,309126,305922,303653,302321,301415,301124,301189,301063,300869
Kosovo,Kosovo (UNSCR 1244),412,RKS,412,RKS,"","","","","","",Europe and Central Asia,Programme countries,"","",Europe,Europe and Central Asia,Europe and Central Asia (excluding high-income),Middle income,Upper middle income,Low and middle income,Europe,"","","","","","","","","","","",Non-fragile,Non-fragile,Non-fragile,Non-fragile,Non-fragile,Non-fragile,"",Non-fragile,non-FCS,non-FCS,"",Fragile and Conflict-affected Situation,Institutional and Social Fragility,"",Europe,Southern Europe,"",Europe and Northern America,Europe,"","","North America, Europe, Australia and New Zealand","Australia and New Zealand, Central Asia, Europe and North America",Europe and Northern America,Europe,Southern Europe,"","","",HAC,HAC,"",Non conflict,Europe and Central Asia,Eastern Europe and Central Asia,Europe and Central Asia,Eastern Europe and Central Asia,Upper middle income,Low and middle income,Europe and Central Asia,Eastern Europe and Central Asia,Upper middle income,Low and middle income,Eastern European Group,"","",Eastern Europe and Central Asia,Non-humanitarian,Non-high burden,"",Europe and Central Asia,Eastern Europe and Central Asia,LiST,"",LiSTSBR,"","","","","","","","","",EECA,"",ECE_All countries,"",ECE_West Balkans (ST7),"","","","","","","","",ESCAP_Europe (Europe),"","","","","","","","","","","","","","","","","","",15912,16398,16910,17451,17803,18099,18377,18625,18862,19216,19614,20030,20444,20833,20974,20936,20878,21306,21805,22612,22473,23250,23957,24000,24605,24642,25172,24858,24331,24052,26171,25552,27164,27897,28387,27700,27473,25824,27484,26702,27476,26892,23242,22366,22018,22569,23224,23538,24216,19415,16271,16144,15996,15003,16671,18045,17310,17221,18149,18215,18086,15183,15241,15867,14085,12485,11726,11332,10766,10069,9653,9554,9452,9516,9639,9725,9848,9969,10088,10170,10240,10263,10264,10278,10232,10124,10005,9860,9730,9512,9284,9038,8752,8465,8193,7903,7627,7387,7155,6967,6788,6659,6546,6451,6395,6366,6337,6338,6338,6332,6353,6340,6311,6267,6241,6179,6090,5997,5892,5761,5631,5485,5345,5193,5047,4897,4754,4621,4472,4338,4214,4122,4026,3958,3898,3840,3790,3732,3700,3656,3626,3588,3551,3510,3460,3397,3344,3277,3211,3137,46664,51251,55789,59877,62726,64433,66032,67468,68693,69787,70905,72135,73520,74931,76448,77814,78801,79349,79818,80634,82168,84024,86071,88903,91057,93177,95080,96299,97384,97559,97067,97546,98604,100774,104600,107590,109681,110790,109563,106661,107005,109562,110734,108245,102907,96470,91052,89331,90143,85007,80669,76943,72475,68496,66401,65981,65277,64084,63106,62559,62493,63024,63010,62163,61027,58625,56103,52915,48814,44989,42209,40390,38929,37985,37559,37584,37801,38143,38582,39037,39485,39899,40233,40452,40584,40623,40534,40319,39961,39486,38917,38236,37453,36537,35509,34433,33316,32185,31091,30039,29065,28194,27426,26776,26228,25790,25464,25226,25079,25006,24966,24962,24974,24957,24906,24810,24668,24469,24217,23897,23504,23057,22565,22030,21469,20891,20304,19714,19135,18563,17998,17452,16937,16472,16068,15730,15438,15185,14958,14748,14560,14388,14238,14093,13946,13788,13607,13406,13184,12939
Kuwait,Kuwait,56,KWT,414,KWT,Western Asia,Western Asia,"","","","",Middle East and North Africa,Programme countries,MENAEMRO,"",Eastern Mediterranean,Middle East and North Africa,"",High income,High income,"",Asia,"",Excluding least developed countries,Excluding China,OIC,Arab,OIC High income: nonOECD,OIC High income,"","","","","","","","","",Non-fragile,"","",non-FCS,non-FCS,"",non-FCS,"","",Asia,Western Asia,"",Northern Africa and Western Asia,Western Asia,"","","","",Northern Africa and Western Asia,Asia,Western Asia,"Western Asia (exc. Armenia, Azerbaijan, Cyprus, Israel and Georgia)","","","","","",Non conflict,Middle East and North Africa,"","","","","","","","","",Asia-Pacific Group,"","",Middle East and North Africa,Non-humanitarian,Non-high burden,"","","","","","","","","","","","","","","","","","","","","","","","","","","","",ESCAP_Other Area (OTH_REGION),"","","","","","","","","","","","","","","","",ESCWA_Arab countries,ESCWA_Gulf Cooperation Council (GCC),2905,3013,3126,3236,3342,3447,3963,4627,5173,5748,6390,7098,7884,8824,9832,10905,12014,13292,14662,15987,17039,17887,18633,19415,20225,21204,22294,23325,24269,25153,25995,26575,27721,28688,29299,28814,28414,27400,26712,26051,25406,11667,16251,16791,18398,19998,20643,20612,20597,20700,21050,21637,22235,22970,23616,24016,25558,27150,28386,29619,30755,32446,33468,34465,35213,32469,31009,29753,29185,28177,26889,22960,21253,20405,19873,19538,19484,19508,19745,20158,20624,21327,22099,22971,23888,24762,25650,26467,27053,27571,27883,28033,28032,27724,27205,26691,26020,25293,24453,23658,22890,22260,21689,21190,20844,20657,20547,20561,20770,21069,21348,21743,22204,22678,23253,23718,24199,24482,24712,24944,24945,24874,24683,24486,24142,23678,23202,22744,22305,21915,21487,21088,20776,20560,20423,20278,20255,20264,20358,20469,20679,20942,21265,21407,21624,21824,22010,22093,22192,22292,9417,9805,10206,10606,11032,11485,12176,13118,14445,17295,20232,23144,25978,29026,32352,35913,39780,44330,49106,54134,59092,63538,67394,71051,74515,77986,81846,86085,90501,94882,98960,102430,106993,111183,115342,117225,119853,119010,117250,114492,111619,48278,67365,68442,73204,77652,77971,77979,79032,80305,81317,81991,82287,82148,81477,80144,82369,88447,95232,101209,105311,109803,119743,127445,132746,136062,138953,131725,130544,128764,120716,110179,103377,97230,91863,86680,82564,80362,79174,78774,79128,80097,81660,83834,86485,89588,92979,96489,100016,103317,106254,108709,110519,111704,112171,111791,110680,108915,106620,103984,101052,97949,94876,92010,89439,87239,85481,84178,83366,83093,83337,84006,85053,86406,87956,89749,91714,93701,95586,97174,98475,99409,99916,100043,99736,99052,98001,96613,94964,93153,91357,89629,87952,86375,84959,83785,82892,82266,81895,81748,81847,82191,82779,83607,84545,85487,86397,87193,87894,88509
Kyrgyzstan,Kyrgyzstan,141,KGZ,417,KIR,Caucasus and Central Asia,Caucasus and Central Asia,"","","",LLDC,Europe and Central Asia,Programme countries,"","",Europe,Europe and Central Asia,Europe and Central Asia (excluding high-income),Middle income,Lower middle income,Low and middle income,Asia,"",Excluding least developed countries,Excluding China,OIC,Asia/other,OIC Low income,"",Countdown,"","","",Non-fragile,Non-fragile,Non-fragile,Non-fragile,Non-fragile,Non-fragile,"",Non-fragile,non-FCS,non-FCS,"",non-FCS,"","",Asia,Central Asia,"",Central and Southern Asia,Central Asia,"",Landlocked developing countries,"","Australia and New Zealand, Central Asia, Europe and North America",Central and Southern Asia,Asia,Central Asia,Caucasus and Central Asia,"",Landlocked developing countries (LLDCs),"","",Global Strategy,Non conflict,Europe and Central Asia,Eastern Europe and Central Asia,Europe and Central Asia,Eastern Europe and Central Asia,Lower middle income,Low and middle income,Europe and Central Asia,Eastern Europe and Central Asia,Lower middle income,Low and middle income,Asia-Pacific Group,"",GAVI,Eastern Europe and Central Asia,Non-humanitarian,Non-high burden,"",Europe and Central Asia,Eastern Europe and Central Asia,LiST,LiSTSBR,LiSTSBR,"","","","","","","","","",EECA,"",ECE_All countries,"ECE_Eastern Europe, Caucasus and Central Asia (CIS)",ECE_CIS (CWG),"",ESCAP_ADB Group A (ADB_DMC_A),"",ESCAP_ECO (ECO),"","",ESCAP_LLDC (LLDC_E),ESCAP_North and Central Asia (NCA),ESCAP_All countries,ESCAP_ADB Developing member countries (ADB_DMC),"","","","","","","","","","","","",ESCAP_Countries with Special Needs,"",ESCAP_WB Lower Middle Income Economies,"","",27790,29833,31002,32117,33166,34364,35651,37398,39534,41315,42877,44089,44984,45584,45666,45589,45377,45314,45479,46275,47494,48744,50029,50564,50714,51210,52067,53055,53922,54516,54782,56293,58402,60633,63499,65854,67682,68596,68225,67414,67344,66729,65833,63383,61321,61524,59428,56635,55309,54351,52946,52811,53686,54912,57083,58873,61658,64772,68108,72159,76080,79587,81739,83032,84372,84771,83741,83417,85507,84561,81608,79985,78616,77330,76387,75679,75139,74862,74845,75062,75500,76384,77244,78471,79527,80756,81913,83063,84101,85115,85615,86110,86418,86503,86229,85974,85624,85279,84751,84156,83548,82956,82540,81858,81553,81222,80863,80389,80259,80232,80344,80500,80568,80643,80771,80944,81209,81101,81138,80864,80671,80395,80126,79868,79434,79052,78486,78009,77551,77168,76646,75990,75652,75265,74637,74279,73789,73413,73063,72892,72543,72235,71791,71709,71544,70841,70440,70237,69887,69693,81378,88671,95647,102712,110256,115998,120299,124809,129779,135710,142457,149574,156463,162307,166924,170181,172095,172900,172960,172915,173452,175147,177992,181914,186027,189252,191742,193824,196282,199507,203030,206165,209412,213851,219857,225581,232777,239728,246632,251199,254338,258055,259477,259654,256540,251747,247042,241953,235864,230171,223874,216393,211192,208810,209322,212592,217781,224578,232522,243131,256171,269499,283830,298195,310680,320416,327261,330986,332061,332662,332813,332395,330013,325447,318555,312540,307874,304072,301244,299380,298435,298443,299536,301637,304672,308501,312771,317344,321999,326587,331052,335032,338331,340934,342689,343595,343753,343214,342155,340784,339114,337148,334934,332680,330446,328333,326526,324854,323312,321972,320877,320193,320079,320353,320739,321177,321626,322195,322751,323150,323262,322895,322241,321358,320345,319221,317912,316401,314621,312745,310869,309018,307084,305131,303244,301285,299449,297676,295812,294129,292689,291399,290205,288981,287758,286693,285478,284084,282672,281086
Lao PDR,Lao People's Democratic Republic,87,LAO,418,LAO,South-eastern Asia,South-eastern Asia,"",Least developed countries,"",LLDC,East Asia and Pacific,Programme countries,"","",Western Pacific,East Asia and Pacific,East Asia and Pacific (excluding high-income),Middle income,Lower middle income,Low and middle income,Asia,"",Least developed countries,Excluding China,"","","","",Countdown,"","","",Non-fragile,Non-fragile,Non-fragile,Non-fragile,Non-fragile,Fragile,Other Fragile,Non-fragile,non-FCS,non-FCS,"",non-FCS,"","",Asia,South-Eastern Asia,"",Eastern and South-Eastern Asia,South-Eastern Asia,Least developed countries,Landlocked developing countries,South Eastern Asia and Oceania (excl. Australia and New Zealand),"",Eastern and South-Eastern Asia,Asia,South-Eastern Asia,South-Eastern Asia,Least Developed Countries (LDCs),Landlocked developing countries (LLDCs),"","",Global Strategy,Non conflict,East Asia and Pacific,"",East Asia and Pacific,"",Lower middle income,Low and middle income,East Asia and Pacific,"",Lower middle income,Low and middle income,Asia-Pacific Group,"",GAVI,East Asia and the Pacific,Non-humanitarian,Non-high burden,Fragile,East Asia and Pacific,East Asia and Pacific,LiST,LiSTSBR,LiSTSBR,EAPR Program Countries,EAPR Program Countries (excluding China),"","",EAPR Countries,EAPR Countries (excluding China),"","",ASEAN Countries,"","","","","","",ESCAP_ADB Group A (ADB_DMC_A),ESCAP_ASEAN (ASEAN),"","",ESCAP_LDC (LDC_E),ESCAP_LLDC (LLDC_E),ESCAP_South-East Asia (SEA),ESCAP_All countries,ESCAP_ADB Developing member countries (ADB_DMC),"","","","","","","","","","","","",ESCAP_Countries with Special Needs,"",ESCAP_WB Lower Middle Income Economies,"","",33715,36011,36612,37281,37889,38561,39298,40013,40775,41600,42430,43360,44315,45307,46307,47394,48478,49659,50882,52190,53624,54997,56376,57866,59466,60907,62064,62961,63681,64548,65702,67174,69003,71074,73324,75537,77688,79791,81854,83987,86095,88086,89615,90850,91090,90656,90101,89514,89047,88957,87049,85820,84472,83762,83527,82728,84137,84681,84507,84262,83512,83083,82381,81868,81374,81501,82062,82081,81797,81506,81523,81101,80513,79999,79555,79251,78808,78287,77784,77275,76613,76005,75754,75294,75058,74855,74637,74190,73792,73374,73064,72779,72344,72114,71790,71458,71310,70700,70212,69883,69104,68901,68341,67768,67231,66800,66360,66016,65444,65054,64416,64114,63467,63060,62766,62241,61793,61558,61095,60796,60370,60015,59707,59300,58913,58142,57737,57296,56939,56541,55911,55354,54942,54425,54080,53521,53169,52801,52491,51990,51623,51204,50834,50514,50203,49836,49335,49167,48648,48154,101397,104092,108952,113665,119353,123845,126294,128887,131530,134281,137200,140228,143419,146808,150345,154030,157838,161783,165932,170301,174882,179749,184838,190055,195420,200825,206115,211097,215610,219642,223548,227776,232680,238572,245454,253228,261681,270461,279324,288071,296687,305266,313740,321799,329058,334815,338421,340071,337239,333806,330842,329036,327486,325178,321715,316877,313545,312910,313787,315420,316218,315563,314272,312847,311592,310368,312592,315893,319048,321509,322466,322257,321681,320726,319516,317943,316213,314633,313089,311489,309737,307758,305628,303604,301726,300086,298874,297844,296809,295683,294350,292867,291434,290065,288767,287557,286303,285184,283999,282521,280981,279104,277135,275354,273383,271425,269472,267459,265638,263907,262170,260348,258447,256535,254572,252787,251054,249303,247749,246181,244642,243233,241762,240313,238887,237422,235757,233833,231857,229881,228119,226423,224539,222576,220526,218569,216755,214964,213279,211687,210137,208610,207044,205422,203867,202433,201048,199618,198203,196756
Lebanon,Lebanon,58,LBN,422,LEB,Western Asia,Western Asia,"","","","",Middle East and North Africa,Programme countries,MENAEMRO,"",Eastern Mediterranean,Middle East and North Africa,Middle East and North Africa (excluding high-income),Middle income,Lower middle income,Low and middle income,Asia,"",Excluding least developed countries,Excluding China,OIC,Arab,OIC Upper middle income,OIC Middle income,"","","","",Non-fragile,Non-fragile,Non-fragile,Fragile,Fragile,Non-fragile,"",Fragile,Fragile and Conflict-affected Situation,Fragile and Conflict-affected Situation,High Institutional and Social Fragility,Fragile and Conflict-affected Situation,Institutional and Social Fragility,"",Asia,Western Asia,"",Northern Africa and Western Asia,Western Asia,"","","","",Northern Africa and Western Asia,Asia,Western Asia,"Western Asia (exc. Armenia, Azerbaijan, Cyprus, Israel and Georgia)","","",HAC,HAC,"",Conflict,Middle East and North Africa,"","","","","",Middle East and North Africa,"",Upper middle income,Low and middle income,Asia-Pacific Group,"","",Middle East and North Africa,Humanitarian,Non-high burden,Fragile,"","","","","","","","","","","","","","","","","","","","","","","","","","","",ESCAP_Other Area (OTH_REGION),"","","","","","","","","","","","","","","","",ESCWA_Arab countries,ESCWA_Mashreq subregion,25372,27313,28116,28929,29744,30534,31356,32144,32847,33606,34306,34933,35637,36277,36698,36911,37160,37568,37912,38483,39058,39579,40391,41061,41772,42327,41622,53464,54487,44642,45574,46683,46558,47284,47649,47606,47749,48332,48940,50233,50065,49375,48617,47665,46690,45890,45773,45242,44844,44577,44388,44388,44128,43409,42721,42102,41851,41776,42046,42859,44387,45537,46384,48199,55670,58827,56538,53646,50468,47586,44661,43103,41424,38844,36021,33563,31504,29799,28669,27916,27573,27665,28001,28593,29365,30385,31450,32551,33600,34384,35024,35495,35861,35897,35875,35467,34896,34242,33400,32465,31659,30700,29629,28708,27812,27064,26468,25859,25579,25268,25066,25002,25055,25247,25389,25710,25964,26272,26377,26654,26733,26838,26906,26816,26778,26589,26333,26008,25653,25273,24829,24426,23963,23471,23061,22569,22199,21889,21620,21390,21173,21005,20833,20722,20679,20667,20622,20573,20561,20633,71157,78573,87748,96215,103886,109170,112440,115766,119083,122326,125490,128556,131808,134925,137861,140276,142128,143831,144868,146392,147847,149335,151548,153893,156503,158961,159003,199586,201461,164194,167240,171137,173595,175200,178017,181504,184349,188108,188994,189832,192033,194429,196454,196980,195227,192065,188959,186180,183832,181889,180489,179151,177993,176383,175636,174630,172887,171708,170717,169214,168751,168678,171875,180457,210288,225590,229881,229227,223393,213665,201109,188003,177213,167320,159038,150702,141306,132157,124115,117493,112484,109073,107291,107020,108017,110115,113120,116845,121051,125471,129748,133581,136826,139392,141242,142387,142757,142216,140864,138763,135993,132857,129457,125790,122024,118222,114486,111109,108125,105613,103625,102048,100943,100276,100024,100197,100731,101553,102529,103536,104501,105351,106010,106551,106887,106979,106867,106440,105737,104758,103527,102109,100561,98921,97169,95383,93571,91762,90096,88594,87294,86201,85253,84425,83702,83128,82720,82453,82277,82146
Lesotho,Lesotho,6,LSO,426,LES,Sub-Saharan Africa,Sub-Saharan Africa,South Africa,Least developed countries,"",LLDC,Eastern and Southern Africa,Programme countries,"","",Africa,Sub-Saharan Africa,Sub-Saharan Africa (excluding high-income),Middle income,Lower middle income,Low and middle income,Africa,Sub-Saharan Africa,Least developed countries,Excluding China,"","","","",Countdown,Southern Africa,Africa,Southern Africa,Non-fragile,Non-fragile,Non-fragile,Non-fragile,Non-fragile,Non-fragile,"",Non-fragile,non-FCS,non-FCS,"",non-FCS,"","",Africa,Southern Africa,"",Sub-Saharan Africa,"",Least developed countries,Landlocked developing countries,"","",Sub-Saharan Africa,Sub-Saharan Africa,Southern Africa,Sub-Saharan Africa (inc. Sudan),Least Developed Countries (LDCs),Landlocked developing countries (LLDCs),"","","",Non conflict,Sub-Saharan Africa,Eastern and Southern Africa,Sub-Saharan Africa,Eastern and Southern Africa,Lower middle income,Low and middle income,Sub-Saharan Africa,Eastern and Southern Africa,Lower middle income,Low and middle income,African Group,"",GAVI,Eastern and Southern Africa,Non-humanitarian,Non-high burden,"",Eastern and Southern Africa,Eastern and Southern Africa,LiST,"",LiSTSBR,"","","","","","","","","","",ECA_Southern Africa,ECA_All countries,"","","","","","","","","","",ESCAP_Africa (AFR),ECA_African Union Commission,"",ECA_SADC,"","",ECA_Land-locked countries,ECA_Land-locked LDCs,ECA_Non-Oil Producing,ECA_Least developed countries,ECA_Mineral-rich countries,ECA_Non-Oil LDCs,"",ECA_Sub-Saharan Africa,"","","","","",12026,11397,11739,12089,12513,12904,13283,13675,14082,14488,14906,15301,15672,16037,16377,16787,17207,17640,18082,18500,18952,19555,20172,20814,21657,22656,23651,24503,25064,25595,26097,26586,27066,27590,28078,28497,29010,29759,30097,30071,29908,29862,29740,29383,29004,28935,29065,29127,28729,28203,27839,27880,28116,28204,27702,27230,27253,27806,27912,27765,27633,28189,28579,28919,28858,28751,28895,28896,28788,28686,28571,28591,28564,28526,28459,28307,28210,28098,28044,27943,27921,27867,27857,27830,27781,27830,27792,27717,27711,27742,27706,27605,27521,27382,27271,27134,27069,26992,26791,26631,26454,26325,26184,26080,25971,25839,25696,25598,25372,25260,25116,24957,24844,24706,24546,24405,24248,24108,23949,23789,23589,23447,23226,23076,22924,22848,22581,22382,22226,22065,21926,21755,21603,21472,21297,21113,20986,20852,20718,20544,20357,20209,20042,19868,19677,19468,19393,19253,19152,19024,43633,44606,44016,43229,42043,42107,43635,45195,47246,49148,50904,52561,54158,55698,57176,58579,60035,61694,62535,63666,65036,66679,68553,70598,72861,75474,78510,81949,85710,89263,92374,95043,97371,99564,101741,103889,105960,108032,109701,111307,112569,113378,113558,113158,112370,111271,110038,108908,108245,107768,106956,105638,104152,103157,102820,102543,102156,102230,101457,102505,103484,104088,104442,104983,106037,107431,108521,109143,109520,109619,109709,109826,109745,109852,109909,109923,109801,109543,109221,108870,108569,108328,108153,108017,107940,107873,107849,107857,107804,107761,107731,107684,107621,107492,107223,106837,106413,105989,105618,105213,104745,104212,103594,103003,102480,102013,101569,101115,100665,100145,99584,99043,98457,97915,97413,96878,96352,95806,95236,94672,94092,93477,92843,92176,91485,90838,90248,89657,89007,88338,87620,86939,86339,85741,85164,84578,83963,83361,82771,82203,81658,81078,80460,79820,79168,78515,77823,77156,76559,76019
Latvia,Latvia,160,LVA,428,LAT,"","","","","","",Non-programme countries,"","","",Europe,Europe and Central Asia,"",High income,High income,"",Europe,"","","","","","","","","","","","","","","","",Non-fragile,"","",non-FCS,non-FCS,"",non-FCS,"","",Europe,Northern Europe,"",Europe and Northern America,Europe,"","","North America, Europe, Australia and New Zealand","Australia and New Zealand, Central Asia, Europe and North America",Europe and Northern America,Europe,Northern Europe,"","","","","","","",Europe and Central Asia,Western Europe,"","","","","","","","",Eastern European Group,"","",High Income Countries,Non-humanitarian,Non-high burden,"","","","","","","","","","","","","","","","","",ECE_All countries,ECE_European Union (E25),ECE_Euro area (EMU),"","","","","","","","",ESCAP_Europe (Europe),"","","","","","","","","","","","","","","","","","",16620,16554,16409,15941,16757,16791,16606,17036,17656,17768,18057,18239,17988,17480,16821,16042,16164,16476,16828,17094,17673,18001,18013,17610,17890,17835,17738,17597,17637,17948,18481,18815,19750,21181,21527,21175,21917,22008,21466,20271,19471,18046,16664,14585,13198,11804,10800,10145,9807,10108,10456,10243,10317,10665,10490,10908,11375,11804,11963,11140,10274,9832,10219,10640,11188,11358,11310,10780,10057,9620,9057,8738,8483,8254,8008,7750,7517,7335,7159,7000,6855,6740,6671,6641,6642,6677,6736,6820,6876,6958,7004,7046,7079,7083,7092,7090,7041,6987,6926,6840,6723,6612,6472,6326,6191,6051,5917,5769,5662,5560,5457,5375,5319,5275,5238,5184,5168,5162,5144,5158,5163,5155,5169,5159,5171,5164,5131,5103,5047,5023,4978,4907,4830,4782,4709,4638,4569,4477,4399,4313,4257,4206,4137,4080,4036,3986,3963,3919,3887,3876,63345,64725,65511,65663,64995,64519,64674,64845,65628,66867,68101,69627,71154,71963,71960,71127,69295,67262,65932,65517,66108,67409,68903,70223,70984,71251,71231,70964,70808,70632,70509,70883,71767,73345,75901,78790,81116,83033,84194,84199,83334,81297,77853,73518,68526,62887,57069,51491,46794,43233,40949,40127,40035,40263,40592,40565,40762,41567,42540,43720,44388,43775,42239,40563,39778,40341,41801,43191,43800,43269,41802,39770,37609,35556,34058,32950,32194,31398,30506,29692,28952,28301,27718,27219,26839,26598,26503,26542,26698,26925,27194,27473,27715,27925,28081,28180,28242,28234,28157,28018,27798,27503,27149,26725,26232,25704,25154,24595,24040,23500,22996,22526,22106,21746,21440,21199,21000,20834,20708,20609,20556,20546,20541,20554,20567,20569,20579,20560,20508,20412,20273,20125,19946,19736,19504,19244,18975,18709,18425,18113,17795,17476,17189,16926,16682,16458,16239,16046,15882,15729
Liberia,Liberia,33,LBR,430,LBR,Sub-Saharan Africa,Sub-Saharan Africa,West Africa,Least developed countries,"","",West and Central Africa,Programme countries,"","",Africa,Sub-Saharan Africa,Sub-Saharan Africa (excluding high-income),Low income,Low income,Low and middle income,Africa,Sub-Saharan Africa,Least developed countries,Excluding China,"","","","",Countdown,West Africa,Africa,Western Africa,Fragile,Fragile,Fragile,Fragile,Fragile,Fragile,Other Fragile,Fragile,Fragile and Conflict-affected Situation,non-FCS,"",non-FCS,"",USAID,Africa,Western Africa,"",Sub-Saharan Africa,"",Least developed countries,"","","",Sub-Saharan Africa,Sub-Saharan Africa,Western Africa,Sub-Saharan Africa (inc. Sudan),Least Developed Countries (LDCs),"","","",Global Strategy,Non conflict,Sub-Saharan Africa,West and Central Africa,Sub-Saharan Africa,West and Central Africa,Low income,Low and middle income,Sub-Saharan Africa,West and Central Africa,Low income,Low and middle income,African Group,Economic Community of West African States,GAVI,West and Central Africa,Non-humanitarian,High burden,Fragile,West and Central Africa,West and Central Africa,LiST,"",LiSTSBR,"","","","","","","","","","",ECA_West Africa,ECA_All countries,"","","","","","","","","","",ESCAP_Africa (AFR),ECA_African Union Commission,ECA_ECOWAS,"","","","","",ECA_Non-Oil Producing,ECA_Least developed countries,ECA_Mineral-rich countries,ECA_Non-Oil LDCs,"",ECA_Sub-Saharan Africa,"","","","","",16666,17589,18192,18809,19427,20046,20708,21400,22080,22780,23497,24236,25003,25773,26487,27229,27947,28713,29487,30361,30982,31561,32474,33537,34616,35762,37084,38193,39433,40596,41569,42423,43123,43916,45106,45695,46781,47596,48449,49367,50411,37373,39800,41874,43038,41882,44183,44708,51780,55343,57846,59108,60389,61068,60640,62698,66750,69955,72080,72898,73529,74327,77420,77628,76912,76409,76769,77058,77467,77797,78185,78799,79634,80827,81973,83102,84293,85221,86478,87197,88216,88827,89604,90447,90943,91764,92349,93034,93512,93749,94086,94368,94558,94976,95457,95429,95508,95904,96181,96494,96873,96700,97020,97252,97533,97918,97818,97739,98190,97671,98046,98221,97948,97889,97828,98323,97986,98189,98438,98304,97961,98178,97942,97876,97552,97410,96875,96823,96390,96206,96569,96192,95687,95439,95189,94611,94488,94114,94054,93630,92926,92724,92917,92541,92297,91763,91369,91263,91176,90711,57118,56134,56346,57247,59351,61892,63974,66067,68199,70349,72582,74885,77245,79692,82184,84697,87269,89863,92547,95345,98296,101245,104032,106917,110005,113434,117816,122607,127678,132833,137647,142122,146006,149224,153156,155965,158146,160625,162637,164786,167480,122570,129944,136316,139812,135469,142957,145236,169148,182235,192882,199959,207519,212539,211517,217483,231094,244166,257003,265242,271617,276402,282112,286098,290343,292995,294878,295086,294798,295579,297249,299354,301504,304068,307172,310967,315272,319943,324540,329059,333414,337446,341267,344653,347931,350991,353909,356869,359601,362280,364599,366493,368091,369340,370599,372045,373351,374432,375478,376398,377428,378813,379969,380859,381774,382577,383663,384774,385448,386116,386365,386435,386954,387123,387194,387291,387313,387493,387758,388330,388676,388691,388756,388546,388135,387798,387261,386382,385384,384348,383232,382604,382237,381612,380941,379897,378447,377150,375973,374811,373833,372590,371142,369949,368889,368092,367334,366060,364673,363537
Libya,Libya,57,LBY,434,LBY,Northern Africa,Northern Africa,North Africa,"","","",Middle East and North Africa,Programme countries,MENAEMRO,"",Eastern Mediterranean,Middle East and North Africa,Middle East and North Africa (excluding high-income),Middle income,Upper middle income,Low and middle income,Africa,"",Excluding least developed countries,Excluding China,OIC,Arab,OIC Upper middle income,OIC Middle income,"",North Africa,Africa,Northern Africa,Fragile,Fragile,Fragile,Fragile,Fragile,Fragile,Other Fragile,Fragile,Fragile and Conflict-affected Situation,Fragile and Conflict-affected Situation,Medium-intensity Conflict,Fragile and Conflict-affected Situation,Institutional and Social Fragility,"",Africa,Northern Africa,"",Northern Africa and Western Asia,Northern Africa,"","","","",Northern Africa and Western Asia,Northern Africa,Northern Africa,Northern Africa (exc. Sudan),"","",HAC,HAC,"",Conflict,Middle East and North Africa,"","","","","",Middle East and North Africa,"",Upper middle income,Low and middle income,African Group,"","",Middle East and North Africa,Humanitarian,Non-high burden,Fragile,"","","","","","","","","","","","","","","",ECA_North Africa,ECA_All countries,"","","","","","","","","","",ESCAP_Africa (AFR),ECA_African Union Commission,ECA_AMU,"",ECA_CEN-SAD,ECA_COMESA,"","",ECA_Oil producing economies,"","","","","","","","",ESCWA_Arab countries,ESCWA_Maghreb subregion,22865,22928,23247,23817,24508,25324,26338,27481,28705,29952,31319,32889,34684,36737,38778,40487,41429,41694,41785,41954,42176,42521,42711,43151,44736,46389,48066,49884,51881,54024,55135,55941,57419,59054,60687,62163,63189,63736,63738,63240,62392,61436,60510,59429,58496,57750,57189,56551,55906,55390,55048,59691,61908,64296,66923,69724,72023,72924,73647,74331,77114,79779,66215,66233,67688,66891,65832,64622,63631,62721,62062,61261,60171,59399,58759,58469,58336,58312,58245,58478,58792,58899,59238,59456,59747,60097,60256,60370,60334,60370,60194,60066,59737,59283,58848,58100,57671,57026,56491,55793,55140,54494,53786,53161,52729,52413,52007,51710,51234,51043,50965,51029,50704,50494,50509,50389,50047,50027,50096,49928,49854,49700,49415,49057,48750,48303,47814,47527,47089,46630,46326,45724,45196,44760,44370,43913,43556,43214,43071,42782,42548,42318,42100,41893,41522,41228,41194,40987,40976,40816,70968,71591,72009,72903,73965,75368,78772,82643,86973,91694,96888,102571,108743,115467,122513,128986,139321,150085,158253,163120,165294,166228,167112,166727,161384,165896,173026,181567,190195,198164,206345,214343,221339,227600,233357,234398,237114,240936,245104,248672,250538,250544,248968,246266,242861,239131,235441,231996,228937,226253,223861,224240,227223,233733,243064,254069,264688,272635,280055,286178,290875,295430,280562,280370,277408,274049,268840,265678,264957,261930,257724,253808,250275,246811,243385,240066,237051,234854,233525,232823,232656,232965,233534,234373,235394,236367,237473,238595,239552,240283,240679,240753,240542,240068,239182,237926,236220,234170,232004,229688,227366,224942,222405,219783,217116,214629,212431,210555,208991,207541,206120,204956,204152,203586,203055,202563,202011,201353,200813,200394,199960,199654,199406,198864,198054,197040,195755,194224,192657,191063,189387,187826,186170,184293,182414,180499,178623,176927,175355,173960,172777,171729,170796,169864,168936,167976,166903,165921,165028,164333
Liechtenstein,Liechtenstein,181,LIE,438,LIE,"","","","","","",Non-programme countries,"","","","",Europe and Central Asia,"",High income,High income,"",Europe,"","","","","","","","","","","","","","","","","","","",non-FCS,non-FCS,"",non-FCS,"","",Europe,Western Europe,"",Europe and Northern America,Europe,"","","North America, Europe, Australia and New Zealand","Australia and New Zealand, Central Asia, Europe and North America",Europe and Northern America,Europe,Western Europe,"","","","","","","",Europe and Central Asia,Western Europe,"","","","","","","","",Western European and Others Group (WEOG),"","",High Income Countries,Non-humanitarian,Non-high burden,"","","","","","","","","","","","","","","","","",ECE_All countries,"","","","","","","","","","",ESCAP_Europe (Europe),"","","","","","","","","","","","","","","","","","",140,140,140,138,142,141,144,148,155,156,158,161,165,175,185,196,195,185,177,179,183,184,177,178,181,179,181,191,190,168,176,177,172,169,169,171,172,174,182,188,191,193,193,188,188,187,198,202,205,208,208,203,197,185,192,195,186,183,185,211,185,208,194,188,202,185,202,189,201,192,190,190,193,193,192,192,192,192,191,190,189,188,187,187,186,185,185,184,184,185,184,184,184,184,184,184,184,185,185,185,185,185,185,184,184,183,182,181,180,180,179,179,178,178,178,177,176,176,176,176,176,176,176,176,177,176,176,176,177,177,176,176,176,176,176,176,176,176,176,175,175,174,174,173,174,173,174,173,173,172,606,591,577,569,567,579,584,602,630,663,697,710,699,683,681,698,722,753,780,805,827,850,837,807,782,750,726,720,718,708,714,718,708,722,733,732,730,726,729,755,777,787,798,792,781,795,805,815,822,819,799,780,779,795,811,816,808,793,783,779,792,798,801,812,794,789,781,779,794,792,791,769,751,748,748,765,781,782,779,778,777,774,771,767,764,761,758,754,751,750,750,749,749,748,748,748,747,748,748,748,749,749,751,751,750,750,749,745,743,739,736,734,732,728,727,724,722,721,719,718,718,716,716,716,716,716,717,717,718,716,716,717,718,718,718,717,717,716,715,714,714,714,713,710,709,708,706,706,705,705
Lithuania,Lithuania,161,LTU,440,LIT,"","","","","","",Non-programme countries,"","","",Europe,Europe and Central Asia,"",High income,High income,"",Europe,"","","","","","","","","","","","","","","","",Non-fragile,"","",non-FCS,non-FCS,"",non-FCS,"","",Europe,Northern Europe,"",Europe and Northern America,Europe,"","","North America, Europe, Australia and New Zealand","Australia and New Zealand, Central Asia, Europe and North America",Europe and Northern America,Europe,Northern Europe,"","","","","","","",Europe and Central Asia,Western Europe,"","","","","","","","",Eastern European Group,"","",High Income Countries,Non-humanitarian,Non-high burden,"","","","","","","","","","","","","","","","","",ECE_All countries,ECE_European Union (E25),ECE_Euro area (EMU),"","","","","","","","",ESCAP_Europe (Europe),"","","","","","","","","","","","","","","","","","",29412,29590,29412,29278,29353,29679,30257,31020,31515,31506,31644,31575,30473,29328,28561,27879,27703,27588,27748,28013,28496,28704,27973,26657,26385,26334,26524,26682,26633,26768,26834,27130,27619,29637,30083,30558,31519,31269,30003,29360,29707,29284,28360,25277,22680,21808,20875,20251,19874,19514,18394,16741,15804,15747,15567,15459,15462,15591,16138,16379,16101,16179,16278,15957,15992,16315,16020,15265,14847,14380,14071,13749,13420,13123,12823,12463,12139,11791,11459,11187,10920,10670,10421,10246,10102,10006,9974,9994,10041,10132,10227,10318,10418,10561,10686,10786,10849,10872,10885,10856,10774,10663,10548,10369,10199,10000,9791,9579,9376,9139,8930,8798,8631,8458,8300,8183,8107,8013,7970,7957,7938,7940,7951,7997,8039,8076,8110,8139,8145,8173,8181,8149,8093,8041,7978,7893,7788,7672,7525,7377,7258,7133,6993,6853,6740,6620,6497,6413,6348,6274,108819,111417,114095,116156,117238,117453,117436,117861,119125,121084,123233,125217,126639,126571,124968,122361,119039,115979,113889,112706,112435,112913,113765,114178,113262,111234,108868,106982,106315,106399,106640,106989,107441,108265,110241,113137,116156,119584,121938,122173,121090,119185,116824,114417,110814,104768,97690,90829,85121,81236,78248,75238,71697,67695,64004,61191,59630,59163,59072,59515,60728,62025,63104,63777,63619,63244,63223,63183,62794,61935,60336,58291,56540,55035,53677,52475,51343,50211,49022,47773,46542,45373,44271,43248,42308,41474,40779,40272,39968,39848,39912,40126,40430,40788,41200,41650,42116,42562,42921,43159,43276,43253,43091,42799,42368,41819,41189,40466,39684,38874,38028,37165,36351,35597,34892,34246,33628,33068,32597,32223,31963,31777,31666,31632,31651,31730,31853,32005,32156,32276,32375,32455,32490,32460,32357,32178,31939,31653,31308,30885,30389,29861,29326,28792,28265,27745,27230,26726,26265,25858
Luxembourg,Luxembourg,182,LUX,442,LUX,"","","","","","",Non-programme countries,"","","",Europe,Europe and Central Asia,"",High income,High income,"",Europe,"","","","","","","","","","","","","","","","",Non-fragile,"","",non-FCS,non-FCS,"",non-FCS,"","",Europe,Western Europe,"",Europe and Northern America,Europe,"","","North America, Europe, Australia and New Zealand","Australia and New Zealand, Central Asia, Europe and North America",Europe and Northern America,Europe,Western Europe,"","","","","","","",Europe and Central Asia,Western Europe,"","","","","","","","",Western European and Others Group (WEOG),"","",High Income Countries,Non-humanitarian,Non-high burden,"","","","","","","","","","","","","","","","","",ECE_All countries,ECE_European Union (E25),ECE_Euro area (EMU),"","","","","","","","",ESCAP_Europe (Europe),"","","","","","","","","","","","","","","","","","",2157,2247,2426,2463,2535,2526,2462,2489,2500,2522,2538,2529,2484,2536,2599,2644,2600,2495,2381,2269,2212,2187,2065,1923,1938,1954,1929,1992,2028,2085,2118,2209,2181,2118,2114,2104,2160,2167,2313,2359,2474,2544,2593,2694,2762,2770,2860,2821,2754,2818,2843,2799,2734,2700,2771,2730,2780,2768,2800,2853,2937,2851,3021,3067,3062,3075,3061,3098,3145,3153,3283,3352,3410,3438,3457,3467,3468,3456,3442,3429,3415,3391,3362,3343,3334,3327,3325,3324,3332,3347,3359,3368,3396,3421,3432,3447,3469,3491,3503,3519,3531,3538,3552,3556,3577,3592,3597,3611,3607,3599,3606,3601,3606,3601,3598,3587,3589,3598,3590,3600,3596,3605,3630,3639,3652,3674,3675,3678,3701,3719,3714,3735,3758,3760,3768,3765,3786,3796,3797,3812,3817,3824,3821,3828,3823,3829,3824,3837,3838,3835,8197,8228,8394,8675,9086,9492,9794,9917,9928,9925,9948,10062,10148,10177,10204,10345,10534,10615,10526,10297,9972,9616,9423,9205,8918,8678,8467,8268,8195,8280,8372,8432,8603,8740,8711,8698,8656,8641,8767,8981,9308,9718,10177,10546,10900,11188,11340,11608,11815,11822,11827,11652,11623,11577,11597,11530,11546,11617,11616,11681,11783,11978,12096,12476,12817,13047,13216,13216,13231,13298,13465,13545,13600,13645,13782,13968,14081,14134,14152,14137,14101,14051,13990,13917,13832,13749,13678,13631,13606,13599,13613,13641,13682,13738,13810,13883,13959,14035,14106,14175,14248,14315,14366,14415,14458,14499,14551,14599,14650,14691,14707,14712,14711,14705,14706,14703,14690,14675,14666,14661,14664,14678,14683,14710,14752,14800,14865,14921,14961,15006,15053,15094,15143,15201,15248,15296,15338,15365,15397,15429,15468,15508,15535,15561,15580,15590,15595,15599,15606,15619
Madagascar,Madagascar,7,MDG,450,MAD,Sub-Saharan Africa,Sub-Saharan Africa,Eastern Africa,Least developed countries,"","",Eastern and Southern Africa,Programme countries,"","",Africa,Sub-Saharan Africa,Sub-Saharan Africa (excluding high-income),Low income,Low income,Low and middle income,Africa,Sub-Saharan Africa,Least developed countries,Excluding China,"","","","",Countdown,Eastern Africa,Africa,Eastern Africa,Non-fragile,Fragile,Fragile,Non-fragile,Non-fragile,Fragile,Other Fragile,Non-fragile,non-FCS,non-FCS,"",non-FCS,"",USAID,Africa,Eastern Africa,"",Sub-Saharan Africa,"",Least developed countries,"","","",Sub-Saharan Africa,Sub-Saharan Africa,Eastern Africa,Sub-Saharan Africa (inc. Sudan),Least Developed Countries (LDCs),"",HAC,HAC,Global Strategy,Non conflict,Sub-Saharan Africa,Eastern and Southern Africa,Sub-Saharan Africa,Eastern and Southern Africa,Low income,Low and middle income,Sub-Saharan Africa,Eastern and Southern Africa,Low income,Low and middle income,African Group,"",GAVI,Eastern and Southern Africa,Humanitarian,High burden,"",Eastern and Southern Africa,Eastern and Southern Africa,LiST,"",LiSTSBR,"","","","","","","","","","",ECA_Eastern Africa,ECA_All countries,"","","","","","","","","","",ESCAP_Africa (AFR),ECA_African Union Commission,"",ECA_SADC,"",ECA_COMESA,ECA_Island economies,"",ECA_Non-Oil Producing,ECA_Least developed countries,ECA_Mineral-rich countries,ECA_Non-Oil LDCs,"",ECA_Sub-Saharan Africa,"","","","","",87298,89327,91459,93736,96149,98606,101045,103517,106005,108385,110718,113020,115400,117929,120745,123632,127341,131569,136224,141333,146942,153699,159259,163422,167236,171077,175086,179342,183625,187569,190741,193456,197304,201493,206313,211881,217105,224302,231844,239358,248024,256236,264004,272444,281249,290030,297624,303982,308492,312431,314783,319175,323463,329444,336276,344215,352563,360596,368168,376389,381365,382715,384584,388526,392051,398334,408525,416569,422812,428760,434844,440218,446496,453127,457922,462501,467292,473170,479062,483657,488079,492577,496684,501697,504529,507726,510540,514291,519046,523537,526043,529284,530944,535620,537898,542406,546427,549599,552262,555685,558173,560367,564192,567129,570201,570279,572120,573870,574967,578687,579443,579381,581322,580165,580487,581035,580333,579446,581614,581413,583910,584537,582885,584435,583908,582558,580804,581639,581336,579547,579075,578795,573754,573698,574790,572464,573189,571879,572896,569572,569296,567091,565722,563597,561389,560773,562363,560246,558830,558332,235514,259526,282880,304749,319159,327520,336324,345414,354705,364117,373568,382999,392344,401611,410990,420764,431026,442349,455347,470154,487061,505863,526864,549205,570731,590453,607271,621729,635710,649912,664241,677924,690216,701866,713907,727477,743995,762727,784268,809256,836515,866942,899370,932066,965745,1000018,1034877,1070065,1103794,1134005,1159600,1180429,1198366,1215915,1234685,1256964,1282977,1312463,1344660,1377705,1410970,1442142,1467622,1486878,1501519,1513742,1528505,1550497,1578279,1608914,1640329,1668941,1694320,1718979,1743940,1767796,1790092,1811280,1831568,1852545,1874236,1895599,1915990,1934704,1952879,1970464,1986484,2001246,2014730,2028751,2044496,2060540,2076070,2089632,2101806,2114127,2126999,2141812,2156867,2171267,2185350,2198019,2209459,2221131,2233143,2245152,2256298,2265260,2272696,2278559,2285486,2293702,2300204,2306346,2310326,2311617,2313261,2313763,2313079,2313648,2314691,2317011,2321758,2325028,2327296,2328958,2327968,2326076,2323811,2321312,2318713,2316570,2314472,2309224,2302601,2297850,2292692,2289544,2288644,2286848,2284537,2281191,2276905,2270929,2264439,2257592,2250582,2246011,2242857,2240029
Malawi,Malawi,8,MWI,454,MLW,Sub-Saharan Africa,Sub-Saharan Africa,South Africa,Least developed countries,"",LLDC,Eastern and Southern Africa,Programme countries,"","",Africa,Sub-Saharan Africa,Sub-Saharan Africa (excluding high-income),Low income,Low income,Low and middle income,Africa,Sub-Saharan Africa,Least developed countries,Excluding China,"","","","",Countdown,Southern Africa,Africa,Southern Africa,Non-fragile,Fragile,Non-fragile,Non-fragile,Non-fragile,Fragile,Other Fragile,Non-fragile,non-FCS,non-FCS,"",non-FCS,"",USAID,Africa,Eastern Africa,"",Sub-Saharan Africa,"",Least developed countries,Landlocked developing countries,"","",Sub-Saharan Africa,Sub-Saharan Africa,Eastern Africa,Sub-Saharan Africa (inc. Sudan),Least Developed Countries (LDCs),Landlocked developing countries (LLDCs),"","",Global Strategy,Non conflict,Sub-Saharan Africa,Eastern and Southern Africa,Sub-Saharan Africa,Eastern and Southern Africa,Low income,Low and middle income,Sub-Saharan Africa,Eastern and Southern Africa,Low income,Low and middle income,African Group,"",GAVI,Eastern and Southern Africa,Non-humanitarian,High burden,"",Eastern and Southern Africa,Eastern and Southern Africa,LiST,"",LiSTSBR,"","","","","","","","","","",ECA_Southern Africa,ECA_All countries,"","","","","","","","","","",ESCAP_Africa (AFR),ECA_African Union Commission,"",ECA_SADC,"",ECA_COMESA,ECA_Land-locked countries,ECA_Land-locked LDCs,ECA_Non-Oil Producing,ECA_Least developed countries,"",ECA_Non-Oil LDCs,"",ECA_Sub-Saharan Africa,"","","","","",62963,63213,65008,66902,68296,70204,72493,74930,77398,80029,82601,85298,88027,90765,92918,95129,97672,100389,103115,105438,107698,110126,112892,115741,118731,122136,125923,130089,134651,139818,145982,151650,157059,161920,166250,171224,176203,180951,188779,197477,204666,210392,215567,221110,219884,213944,217475,221875,227243,232189,235583,240635,247087,254459,261908,269533,275195,278907,281612,284598,287064,289426,290718,292530,293553,294102,294888,298805,303666,309299,314688,319785,325632,331909,336874,342059,347772,352130,357137,361444,366472,368180,372479,374063,376965,379151,382837,385781,387698,388199,390090,390757,393810,394082,395447,397795,399103,401779,403580,404531,405280,405424,406828,409085,409751,411063,411402,412634,415087,415287,413150,414595,414600,414256,412896,412009,413518,413451,414383,414487,414170,414406,412262,409759,409570,408860,407940,405889,405471,404635,406098,404820,403262,403453,401960,400325,398875,396757,396465,396489,394826,393730,392288,390599,389914,388826,387181,385171,384498,382567,206751,203673,199615,198770,200808,204832,210634,216950,223764,231337,239629,248244,257080,266108,275181,283906,292132,300172,308261,316725,325503,334356,343470,353129,363660,375164,387691,401379,416602,435444,455803,477386,499623,521604,542408,560787,577343,592536,622660,647054,673354,693573,712921,734707,733205,716699,728375,741224,756201,776814,795793,816926,839486,863979,890827,920854,953505,985737,1015691,1045287,1068424,1086479,1101432,1114582,1126599,1137321,1146091,1153368,1161158,1171568,1186056,1204941,1226039,1247604,1269945,1292357,1314587,1336883,1357994,1378156,1397973,1416953,1434171,1449734,1463592,1474953,1485717,1496487,1507675,1519016,1528840,1536906,1542921,1548549,1554722,1560408,1566793,1573060,1579704,1587875,1595331,1601782,1606634,1610050,1614153,1618856,1624093,1629323,1633391,1638031,1642961,1645830,1647687,1648419,1647616,1647136,1645747,1644026,1643356,1643994,1646303,1647919,1648771,1648162,1644541,1639928,1634991,1630238,1626381,1622510,1618432,1615660,1614500,1612910,1611317,1608631,1604220,1599907,1594328,1588299,1583964,1580217,1576841,1573324,1568184,1562845,1558090,1553139,1547915,1542555
Malaysia,Malaysia,99,MYS,458,MLY,South-eastern Asia,South-eastern Asia,"","","","",East Asia and Pacific,Programme countries,"","",Western Pacific,East Asia and Pacific,East Asia and Pacific (excluding high-income),Middle income,Upper middle income,Low and middle income,Asia,"",Excluding least developed countries,Excluding China,OIC,Asia/other,OIC Upper middle income,OIC Middle income,"","","","",Non-fragile,Non-fragile,Non-fragile,Non-fragile,Non-fragile,Non-fragile,"",Non-fragile,non-FCS,non-FCS,"",non-FCS,"","",Asia,South-Eastern Asia,"",Eastern and South-Eastern Asia,South-Eastern Asia,"","",South Eastern Asia and Oceania (excl. Australia and New Zealand),"",Eastern and South-Eastern Asia,Asia,South-Eastern Asia,South-Eastern Asia,"","","","","",Non conflict,East Asia and Pacific,"","","","","",East Asia and Pacific,"",Upper middle income,Low and middle income,Asia-Pacific Group,"","",East Asia and the Pacific,Non-humanitarian,Non-high burden,"","","","","","",EAPR Program Countries,EAPR Program Countries (excluding China),"","",EAPR Countries,EAPR Countries (excluding China),"","",ASEAN Countries,"","","","","","",ESCAP_ADB Group C (ADB_DMC_C),ESCAP_ASEAN (ASEAN),"","","","",ESCAP_South-East Asia (SEA),ESCAP_All countries,ESCAP_ADB Developing member countries (ADB_DMC),"","","","","","","","","","","","","","",ESCAP_WB Upper Middle Income Economies,"","",120567,127416,131276,135348,139568,144010,148672,153220,156716,159577,162385,164934,167142,168709,168943,168404,167357,165897,166677,168462,170792,172882,175275,180671,183794,186407,189156,192390,196032,200347,205820,211938,217772,223305,228489,231950,235592,237536,240546,241386,247571,255370,262710,268637,273889,277611,280424,280764,278318,276187,270735,259979,250127,246849,241326,238590,238427,240113,247792,251160,250006,257125,261196,265569,270958,272329,269959,268257,265700,262296,262130,262080,261405,260432,259256,258048,256980,255552,253690,251751,249737,248577,246136,243488,240614,238410,236345,234513,232795,231568,230567,230019,228636,228323,228063,227127,226922,226196,226160,225609,225193,224202,223423,222356,221565,220646,219402,217981,216545,215228,213975,212638,211510,209960,208451,206870,205057,203675,201787,200278,199174,198000,197874,197454,196438,195141,194453,194077,193187,193004,191929,191478,191242,191046,189682,188848,188292,187350,185801,184600,184134,183066,181554,180739,180339,179054,177587,176414,175782,174983,371950,397061,425507,451993,477436,498641,515885,533802,552339,570413,587485,603123,617050,629585,640772,649524,655069,657120,655965,653980,653917,656914,663248,672015,683496,697174,711373,725973,739753,752630,766698,782928,801611,822687,845594,869140,891582,911839,929302,943650,955053,966201,981487,1001985,1027221,1054527,1078638,1098401,1113236,1121276,1122579,1115065,1105586,1099229,1093568,1088459,1083472,1078113,1073537,1066111,1050750,1032745,1022119,1022878,1034245,1053077,1070212,1081097,1085543,1082528,1073443,1063925,1056692,1051517,1048697,1046411,1042845,1038578,1033912,1028646,1022650,1015796,1008683,1001428,993447,984673,974921,964941,955689,947463,940307,934163,929219,925018,921422,918689,916018,913795,911943,909921,908281,906678,904791,902364,899294,895810,892219,888415,884166,879411,874130,868699,863338,858193,853057,847632,841963,835791,829402,822926,816286,810128,804423,799795,796648,793938,791132,787943,784517,781230,778642,776363,773760,771551,769649,767517,765033,762198,758798,754951,750855,746641,742424,738156,734144,730353,726437,722440,718273,713792
Maldives,Maldives,70,MDV,462,MAL,Southern Asia,Southern Asia excluding India,"","","",SIDS,South Asia,Programme countries,"","",South-East Asia,South Asia,South Asia (excluding high-income),Middle income,Upper middle income,Low and middle income,Asia,"",Excluding least developed countries,Excluding China,OIC,Asia/other,OIC Upper middle income,OIC Middle income,"","","","",Non-fragile,Non-fragile,Non-fragile,Non-fragile,Non-fragile,Non-fragile,"",Non-fragile,non-FCS,non-FCS,"",non-FCS,"","",Asia,Southern Asia,"",Central and Southern Asia,Southern Asia,"",Small island developing States,"","",Central and Southern Asia,Asia,Southern Asia,Southern Asia,"",Small island developing States (SIDS),"","","",Non conflict,South Asia,"",South Asia,"",Upper middle income,Low and middle income,South Asia,"",Upper middle income,Low and middle income,Asia-Pacific Group,"","",South Asia,Non-humanitarian,Non-high burden,"",South Asia,South Asia,LiST,LiSTSBR,LiSTSBR,"","","","","","","","","","","","","","","",ESCAP_ADB Group A (ADB_DMC_A),ESCAP_SAARC (SAARC),"","","","",ESCAP_South and South-West Asia (SSWA),ESCAP_All countries,ESCAP_ADB Developing member countries (ADB_DMC),"","","","","","","","","","","","",ESCAP_Countries with Special Needs,ESCAP_Small Islands Developing States,ESCAP_WB Upper Middle Income Economies,"","",1242,1352,1412,1477,1546,1620,1696,1777,1857,1936,2026,2098,2165,2225,2278,2321,2436,2483,2551,2649,2723,2790,2855,2941,3006,3094,3225,3326,3385,3533,3639,3757,3884,4008,4095,4307,4462,4538,4564,4532,4502,4478,4371,4239,4079,3893,3725,3504,3302,3083,2908,2812,2795,2818,2874,2947,3083,3327,3580,3760,3827,3862,3882,3833,3781,3806,3823,3826,3830,3831,3819,3749,3676,3519,3357,3200,3051,2911,2779,2663,2568,2497,2447,2412,2399,2402,2416,2454,2498,2544,2602,2654,2707,2766,2819,2861,2887,2896,2905,2897,2875,2843,2793,2739,2674,2612,2545,2479,2414,2353,2297,2252,2207,2164,2134,2121,2105,2106,2104,2123,2130,2144,2166,2192,2213,2229,2243,2248,2249,2248,2243,2234,2215,2186,2161,2136,2108,2069,2039,1998,1970,1933,1907,1882,1857,1838,1815,1810,1802,1797,4254,4032,3991,4062,4291,4556,4769,5003,5255,5523,5802,6093,6391,6682,6963,7225,7684,8038,8205,8465,8818,9209,9577,9854,10034,10237,10564,10919,11178,11532,11929,12355,12833,13258,13531,13805,14649,15660,16511,16921,16899,16991,17150,17189,16981,16463,15907,15402,14853,14212,13422,12739,12236,11922,11737,11612,11543,11693,12044,12539,13167,13881,14596,15221,15656,15833,15880,15872,15832,15821,15776,15620,15440,15077,14633,14113,13550,12973,12405,11864,11361,10911,10531,10224,9985,9807,9696,9645,9660,9740,9866,10038,10236,10441,10659,10880,11091,11279,11428,11530,11585,11589,11550,11461,11318,11133,10912,10670,10415,10155,9895,9643,9408,9194,8998,8826,8683,8570,8497,8458,8449,8467,8501,8554,8622,8699,8784,8863,8928,8970,8996,9003,8993,8966,8915,8840,8748,8644,8530,8409,8277,8138,8002,7868,7745,7633,7530,7439,7358,7298
Mali,Mali,34,MLI,466,MLI,Sub-Saharan Africa,Sub-Saharan Africa,West Africa,Least developed countries,"",LLDC,West and Central Africa,Programme countries,"","",Africa,Sub-Saharan Africa,Sub-Saharan Africa (excluding high-income),Low income,Low income,Low and middle income,Africa,Sub-Saharan Africa,Least developed countries,Excluding China,OIC,Africa,OIC Low income,"",Countdown,West Africa,Africa,Western Africa,Non-fragile,Fragile,Fragile,Fragile,Fragile,Fragile,Extremely Fragile,Fragile,Fragile and Conflict-affected Situation,Fragile and Conflict-affected Situation,Medium-intensity Conflict,Fragile and Conflict-affected Situation,Conflict,USAID,Africa,Western Africa,"",Sub-Saharan Africa,"",Least developed countries,Landlocked developing countries,"","",Sub-Saharan Africa,Sub-Saharan Africa,Western Africa,Sub-Saharan Africa (inc. Sudan),Least Developed Countries (LDCs),Landlocked developing countries (LLDCs),"","",Global Strategy,Conflict,Sub-Saharan Africa,West and Central Africa,Sub-Saharan Africa,West and Central Africa,Low income,Low and middle income,Sub-Saharan Africa,West and Central Africa,Low income,Low and middle income,African Group,Economic Community of West African States,GAVI,West and Central Africa,Humanitarian,High burden,Fragile,West and Central Africa,West and Central Africa,LiST,"",LiSTSBR,"","","","","","","","","","",ECA_West Africa,ECA_All countries,"","","","","","","","","","",ESCAP_Africa (AFR),ECA_African Union Commission,ECA_ECOWAS,"",ECA_CEN-SAD,ECA_Sahel,ECA_Land-locked countries,ECA_Land-locked LDCs,ECA_Non-Oil Producing,ECA_Least developed countries,ECA_Mineral-rich countries,ECA_Non-Oil LDCs,"",ECA_Sub-Saharan Africa,"","","","","",105552,107035,107892,108719,109528,110419,111495,112742,114126,115958,117796,119418,121053,122713,124472,126579,128801,131013,133259,135140,137172,139609,142106,144946,147896,151021,154164,157411,160865,164828,168548,172012,174698,177179,180256,183131,186140,188325,190814,193009,194628,198964,202881,206085,210168,212850,216685,222573,229627,239276,248428,257436,266936,276758,287665,298676,307514,315808,324671,334609,344575,353957,363315,369041,376728,385167,393390,402547,411721,420236,429648,440203,450382,459970,470331,480850,490120,499350,509178,518547,527496,537905,546981,555663,565007,573021,581588,590349,594484,599602,606047,613947,620011,625787,631786,637977,638828,642325,646735,648662,651403,655708,659195,661076,661899,667178,670911,671168,672150,677304,679975,684632,686392,684029,686787,685257,686742,688320,689106,688102,686657,685622,687095,685934,685067,682978,686410,681937,683383,684547,682202,681957,683022,680126,677277,676642,674312,670684,667834,668606,665587,665786,662506,660757,657716,653536,652662,649550,648379,647701,290748,295898,300691,304696,309207,313452,316998,320573,324305,328235,332859,338107,343629,349368,355234,361179,367651,374865,382856,391543,400496,409513,418861,428777,439386,450758,462734,475282,488619,502474,517050,532279,547691,562876,577094,590383,602969,615187,627172,638751,650081,660315,671250,684022,697351,712682,727519,741577,758353,778606,804573,836367,871299,908849,947289,987072,1028983,1070871,1111308,1150025,1187424,1225621,1264947,1302650,1340449,1375266,1409211,1442722,1477296,1513739,1550268,1588100,1627124,1665963,1704551,1743610,1783087,1822506,1861774,1900749,1938824,1976233,2014343,2052566,2089892,2127263,2163429,2198128,2232932,2264672,2292270,2317833,2342119,2367316,2393809,2420115,2445192,2466447,2484040,2500107,2513058,2525208,2539077,2552547,2565522,2577418,2588960,2601304,2612673,2623310,2634111,2644219,2656352,2671106,2681519,2688425,2692452,2693261,2696711,2700817,2703955,2705831,2704714,2702996,2701683,2700542,2699085,2698188,2696435,2694203,2695202,2694290,2692750,2693474,2691345,2687031,2682543,2675948,2667281,2658460,2650442,2642713,2636713,2632375,2626132,2618711,2608949,2598382,2588527,2578865
Malta,Malta,183,MLT,470,MLT,"","","","","","",Non-programme countries,"","","",Europe,Middle East and North Africa,"",High income,High income,"",Europe,"","","","","","","","","","","","","","","","",Non-fragile,"","",non-FCS,non-FCS,"",non-FCS,"","",Europe,Southern Europe,"",Europe and Northern America,Europe,"","","North America, Europe, Australia and New Zealand","Australia and New Zealand, Central Asia, Europe and North America",Europe and Northern America,Europe,Southern Europe,"","","","","","","",Europe and Central Asia,Western Europe,"","","","","","","","",Western European and Others Group (WEOG),"","",High Income Countries,Non-humanitarian,Non-high burden,"","","","","","","","","","","","","","","","","",ECE_All countries,ECE_European Union (E25),ECE_Euro area (EMU),"","","","","","","","",ESCAP_Europe (Europe),"","","","","","","","","","","","","","","","","","",4328,4286,4332,4420,4474,4554,4649,4771,4730,4675,4689,4266,4029,3601,3363,2969,2776,2720,2639,2599,2674,2786,2765,2841,2915,3052,3042,3054,2964,2997,2884,2751,2993,2918,2817,2765,2736,2765,2860,2871,2774,2686,2730,2597,2437,2342,2550,2550,2448,2335,2278,2089,2040,2075,2013,1993,1980,1977,2057,2074,2036,2143,2177,2143,2218,2281,2351,2285,2295,2240,2317,2401,2491,2499,2494,2481,2452,2409,2361,2296,2231,2162,2089,2018,1948,1887,1834,1795,1766,1750,1734,1729,1735,1738,1756,1775,1792,1808,1824,1848,1857,1862,1864,1869,1878,1884,1884,1879,1877,1868,1851,1831,1806,1780,1755,1725,1692,1656,1625,1601,1572,1554,1534,1523,1508,1500,1498,1500,1502,1503,1504,1512,1519,1528,1535,1542,1555,1554,1551,1549,1551,1543,1534,1524,1514,1504,1495,1482,1471,1454,17814,18051,17873,17597,17313,17184,17255,17351,17427,17420,17266,17049,16522,15696,14699,13507,12351,11315,10536,10012,9703,9673,9804,10016,10309,10635,10959,11299,11594,11754,11803,11766,11609,11556,11583,11525,11506,11386,11208,11206,11310,11394,11386,11292,11091,10768,10406,10127,9979,9880,9746,9453,8978,8525,8245,8050,7931,7931,7932,7986,8114,8222,8381,8572,8711,8921,9169,9376,9573,9708,9749,9720,9752,9740,9806,9928,9989,9976,9903,9786,9621,9412,9176,8912,8635,8354,8076,7812,7579,7383,7229,7116,7038,6994,6976,6985,7022,7077,7143,7212,7283,7351,7410,7456,7484,7504,7525,7546,7560,7563,7553,7526,7483,7422,7338,7246,7142,7031,6910,6783,6656,6535,6425,6332,6250,6180,6123,6081,6053,6041,6041,6046,6056,6072,6093,6122,6153,6186,6217,6238,6247,6247,6239,6224,6201,6169,6131,6090,6050,6007
Mauritania,Mauritania,35,MRT,478,MTA,Sub-Saharan Africa,Sub-Saharan Africa,North Africa,Least developed countries,"","",West and Central Africa,Programme countries,"","",Africa,Sub-Saharan Africa,Sub-Saharan Africa (excluding high-income),Middle income,Lower middle income,Low and middle income,Africa,Sub-Saharan Africa,Least developed countries,Excluding China,OIC,Arab,OIC Low income,"",Countdown,North Africa,Africa,Northern Africa,Non-fragile,Non-fragile,Non-fragile,Non-fragile,Non-fragile,Fragile,Other Fragile,Non-fragile,non-FCS,non-FCS,"",non-FCS,"","",Africa,Western Africa,"",Sub-Saharan Africa,"",Least developed countries,"","","",Sub-Saharan Africa,Sub-Saharan Africa,Western Africa,Sub-Saharan Africa (inc. Sudan),Least Developed Countries (LDCs),"",HAC,HAC,Global Strategy,Non conflict,Sub-Saharan Africa,West and Central Africa,Sub-Saharan Africa,West and Central Africa,Lower middle income,Low and middle income,Sub-Saharan Africa,West and Central Africa,Lower middle income,Low and middle income,African Group,"",GAVI,West and Central Africa,Non-humanitarian,High burden,"",West and Central Africa,West and Central Africa,LiST,"",LiSTSBR,"","","","","","","","","","",ECA_North Africa,ECA_All countries,"","","","","","","","","","",ESCAP_Africa (AFR),ECA_African Union Commission,ECA_AMU,"",ECA_CEN-SAD,ECA_Sahel,"","",ECA_Non-Oil Producing,ECA_Least developed countries,ECA_Mineral-rich countries,ECA_Non-Oil LDCs,"","","","","",ESCWA_Arab countries,ESCWA_Arab LDCs subregion,13281,13663,13986,14321,14702,15130,15585,16066,16585,17112,17681,18298,18891,19512,20153,20854,21565,22239,22843,23453,24059,24648,25285,25947,26643,27348,28084,28863,29616,30256,31051,31976,32751,33467,34172,34843,35467,36183,37031,38139,38989,40117,41378,43933,45410,46646,46738,46695,47146,48009,48868,49810,50334,50961,52048,53399,54886,56215,57805,59503,61247,63284,65072,66357,66013,67197,68386,69489,70832,71897,73121,74542,76004,77327,78531,79847,81144,82620,83818,84898,86057,87126,88441,89542,90835,91731,92726,93292,93801,94131,94864,95481,96265,96998,97589,98101,98621,99037,99397,100218,101030,101843,102185,102961,103311,104295,104869,105140,105579,105554,106246,106733,107346,107671,107836,107934,108185,108343,108387,108569,108831,109071,108955,109235,109219,109952,109744,109509,109536,109245,109199,110133,110064,109459,109650,109616,109612,109282,108876,108977,108692,108720,107990,108126,108041,107493,107566,107135,107210,107175,44489,44851,45420,46195,47364,48783,50237,51806,53520,55369,57327,59394,61595,63893,66276,68748,71300,73969,76706,79413,82024,84498,86839,89140,91477,93885,96429,99113,101928,104876,107830,110824,113978,117204,120488,123772,126862,129785,132685,135683,138664,142300,146250,151447,156946,163101,168568,173093,176205,178039,179776,181906,184584,187565,190382,193358,196861,201199,206391,214837,224957,236244,248543,260793,264545,264119,262980,261347,262904,267837,272746,277647,282776,288146,293619,299158,304564,309834,315136,320514,325734,330761,335502,340127,344853,349648,354410,358887,362917,366259,368935,371242,373485,375928,378722,381610,384341,386881,389118,391087,393137,395516,398234,401115,403937,406483,408902,411562,414032,416287,418050,419368,420921,422659,424662,426536,427917,428940,429711,430354,430989,431679,432413,433097,433753,434313,435009,435912,436445,436759,436545,435914,436089,436761,437131,437497,437452,436953,436708,436242,435548,434802,434108,433422,432566,431866,430923,430142,429474,428557
Mauritius,Mauritius,17,MUS,480,MTS,Sub-Saharan Africa,Sub-Saharan Africa,South Africa,"","",SIDS,Non-programme countries,"","","",Africa,Sub-Saharan Africa,Sub-Saharan Africa (excluding high-income),Middle income,Upper middle income,Low and middle income,Africa,Sub-Saharan Africa,Excluding least developed countries,Excluding China,"","","","","",Southern Africa,Africa,Eastern Africa,Non-fragile,Non-fragile,Non-fragile,Non-fragile,Non-fragile,Non-fragile,"",Non-fragile,non-FCS,non-FCS,"",non-FCS,"","",Africa,Eastern Africa,"",Sub-Saharan Africa,"","",Small island developing States,"","",Sub-Saharan Africa,Sub-Saharan Africa,Eastern Africa,Sub-Saharan Africa (inc. Sudan),"",Small island developing States (SIDS),"","","",Non conflict,Sub-Saharan Africa,Eastern and Southern Africa,"","","","","","","","",African Group,"","",Eastern and Southern Africa,Non-humanitarian,Non-high burden,"","","","","","","","","","","","","","","","",ECA_Southern Africa,ECA_All countries,"","","","","","","","","","",ESCAP_Africa (AFR),ECA_African Union Commission,"",ECA_SADC,"",ECA_COMESA,ECA_Island economies,ECA_Small Island states,ECA_Non-Oil Producing,"","","","",ECA_Sub-Saharan Africa,"","","","","",10550,10748,10833,10983,11156,11379,11637,11917,12242,12621,13035,13359,13346,13323,13167,12885,12522,12126,11723,11337,10989,10781,10644,10747,10929,11004,11310,11507,11681,11752,11702,11512,11239,10948,10554,10047,9573,9906,10386,10895,11306,11298,11616,11458,11182,10714,10630,10332,9830,10399,10290,10077,10186,9994,9950,9690,9131,8842,8456,8021,7784,7677,7598,7082,6986,6716,6763,6904,6776,6677,6743,6740,6669,6636,6648,6669,6647,6625,6640,6597,6548,6487,6443,6377,6323,6244,6157,6079,5997,5890,5787,5669,5542,5425,5333,5232,5141,5082,5012,4943,4912,4869,4862,4850,4832,4822,4804,4786,4760,4749,4734,4713,4694,4681,4651,4605,4560,4513,4462,4425,4366,4320,4256,4202,4147,4101,4038,3972,3917,3877,3831,3789,3759,3733,3709,3679,3667,3657,3640,3613,3603,3585,3585,3565,3555,3529,3485,3470,3432,3408,40052,40138,40109,39932,40438,41293,42149,43072,44038,45059,46200,47726,48973,49610,50030,50290,50317,49998,49260,48178,46844,45360,43762,42303,41416,41068,41253,41851,42663,43700,44935,46147,46981,46950,45910,44647,43558,42681,41980,41470,41616,42210,43248,44266,45102,45312,44894,44064,42979,41722,40940,40652,40396,40528,40522,40126,39775,39006,37865,36524,34917,33427,32206,31225,30344,29482,28607,27714,27266,27111,26996,26987,26892,26764,26710,26649,26570,26533,26521,26513,26470,26382,26261,26089,25877,25656,25421,25154,24860,24546,24204,23841,23450,23013,22552,22095,21652,21239,20875,20550,20249,19998,19783,19607,19496,19414,19355,19303,19242,19174,19101,19031,18961,18892,18825,18748,18650,18526,18372,18190,18005,17819,17625,17425,17208,16988,16768,16550,16326,16096,15870,15658,15466,15298,15150,15021,14907,14810,14728,14659,14590,14527,14457,14395,14347,14298,14246,14163,14064,13953
Mexico,Mexico,125,MEX,484,MEX,Latin America and the Caribbean,Latin America and the Caribbean,"","",Latin America,"",Latin America and Caribbean,Programme countries,"","",Americas,Latin America and the Caribbean,Latin America and the Caribbean (excluding high-income),Middle income,Upper middle income,Low and middle income,Latin America and the Caribbean,"",Excluding least developed countries,Excluding China,"","","","","","","","",Non-fragile,Non-fragile,Non-fragile,Non-fragile,Non-fragile,Non-fragile,"",Non-fragile,non-FCS,non-FCS,"",non-FCS,"","",Americas,Latin America and the Caribbean,Central America,Latin America and the Caribbean,"","","","","",Latin America and the Caribbean,Latin America and the Caribbean,Central America,Latin America and the Caribbean,"","","","","",Non conflict,Latin America and Caribbean,"","","","","",Latin America and Caribbean,"",Upper middle income,Low and middle income,Latin American and Caribbean Group (GRULAC),"","",Latin America and Caribbean,Non-humanitarian,Non-high burden,"",Latin America and the Caribbean,Latin America and Caribbean,LiST,"",LiSTSBR,"","","","","","","","","","","",ECLAC_All countries,"","",ECLAC_Latin America,"","","","","","","",ESCAP_Latin America (LAC),"","","","","","","","","","","","","","","","","","",611500,625960,643054,659835,676918,692627,710321,729637,748843,768978,792078,816489,844343,873480,903197,930936,957510,982517,1008312,1033422,1055037,1074927,1100514,1117558,1132203,1141986,1154812,1164215,1177408,1174388,1168586,1173606,1175797,1173857,1179435,1187555,1191778,1181471,1172841,1176609,1177329,1190298,1199611,1204709,1202710,1198197,1191906,1180537,1173803,1179368,1177200,1177050,1172822,1168058,1162586,1156594,1149799,1145124,1141884,1139510,1137708,1140636,1141436,1139390,1118097,1088083,1067235,1050122,1030747,991935,988345,953534,941753,936935,932922,928795,925228,918748,915592,915704,912415,911321,907804,901454,899310,891436,886142,878650,869220,858941,850794,840231,831945,819041,810633,801506,792715,784065,770393,761793,755458,747254,739990,732602,724411,717077,710361,703574,698764,691890,688233,681908,677426,671422,666594,659853,650899,645750,642065,636177,631703,624453,617640,608955,603003,594075,589370,582018,576578,570817,564006,558979,550569,546257,540603,535325,530601,524957,519783,515827,511743,505175,499566,494588,488688,484708,480493,476297,470583,466505,1981331,2058716,2125974,2186685,2245934,2314638,2388052,2461557,2537400,2614313,2697248,2787919,2882779,2982860,3089357,3201545,3317412,3432470,3544275,3652044,3756963,3857980,3923489,3999062,4078360,4163971,4244792,4313919,4385523,4444617,4481398,4479050,4465856,4461717,4463553,4460409,4448163,4435730,4438027,4455190,4471254,4505419,4546601,4586671,4620176,4641559,4646772,4639134,4619260,4592326,4563448,4573194,4605418,4635734,4653367,4651318,4633812,4612898,4590797,4569884,4552405,4541897,4537117,4526448,4507780,4474225,4426931,4375595,4314433,4236064,4142385,4054202,3967220,3883945,3821661,3765690,3727108,3709094,3692075,3674586,3660052,3647664,3638372,3631520,3620314,3606549,3589793,3568525,3546387,3519566,3487871,3453855,3416838,3379151,3340683,3300636,3261485,3222728,3186077,3148504,3108339,3070312,3033621,3000677,2971537,2941410,2910864,2881203,2852064,2825147,2800094,2776779,2755223,2733835,2713112,2692099,2670206,2645606,2619344,2594517,2570611,2549653,2529588,2506329,2480146,2451953,2422255,2393054,2365775,2339249,2314740,2290510,2266361,2241823,2216460,2192755,2169300,2147805,2127352,2106228,2086267,2067253,2047915,2027837,2007032,1984694,1963063,1943637,1925111,1906997
Monaco,Monaco,184,MCO,492,MON,"","","","","","",Non-programme countries,"","","",Europe,Europe and Central Asia,"",High income,High income,"",Europe,"","","","","","","","","","","","","","","","",Non-fragile,"","",non-FCS,non-FCS,"",non-FCS,"","",Europe,Western Europe,"",Europe and Northern America,Europe,"","","North America, Europe, Australia and New Zealand","Australia and New Zealand, Central Asia, Europe and North America",Europe and Northern America,Europe,Western Europe,"","","","","","","",Europe and Central Asia,Western Europe,"","","","","","","","",Western European and Others Group (WEOG),"","",High Income Countries,Non-humanitarian,Non-high burden,"","","","","","","","","","","","","","","","","",ECE_All countries,"","","","","","","","","","",ESCAP_Europe (Europe),"","","","","","","","","","","","","","","","","","",195,207,191,183,177,174,173,186,184,182,181,180,181,190,192,191,189,185,181,190,190,194,191,182,170,158,159,162,159,162,168,169,167,165,168,169,171,170,170,169,168,171,171,166,166,171,172,171,176,177,178,189,179,171,171,168,171,170,173,173,174,165,168,168,175,174,177,169,173,169,166,164,163,164,167,169,172,174,177,179,181,183,185,186,187,188,189,191,192,193,194,196,198,200,201,203,205,205,207,208,208,209,209,210,211,212,213,214,215,216,218,218,219,221,222,222,223,224,224,226,226,227,228,229,231,232,232,234,233,234,235,236,236,236,237,238,238,240,240,240,240,241,242,243,243,244,245,245,246,247,435,255,722,730,626,446,300,367,454,506,500,431,350,378,454,511,528,486,406,426,494,546,558,507,431,352,386,448,497,507,473,430,386,425,496,553,587,587,563,534,503,501,547,601,640,657,649,636,638,641,615,575,576,594,616,626,601,558,507,493,532,576,616,637,637,634,640,658,671,678,680,675,669,669,667,670,675,683,693,702,712,722,733,740,747,755,759,764,768,773,778,784,788,794,800,808,813,821,827,832,838,842,846,848,850,854,855,859,863,867,870,875,879,884,888,893,898,902,906,908,911,915,918,922,924,928,932,937,941,945,947,950,953,956,958,961,963,964,967,971,973,973,976,977,979,983,987,990,992,995
Mongolia,Mongolia,98,MNG,496,MGL,Eastern Asia,Eastern Asia excluding China,"","","",LLDC,East Asia and Pacific,Programme countries,"","",Western Pacific,East Asia and Pacific,East Asia and Pacific (excluding high-income),Middle income,Lower middle income,Low and middle income,Asia,"",Excluding least developed countries,Excluding China,"","","","","","","","",Non-fragile,Non-fragile,Non-fragile,Non-fragile,Non-fragile,Non-fragile,"",Non-fragile,non-FCS,non-FCS,"",non-FCS,"","",Asia,Eastern Asia,"",Eastern and South-Eastern Asia,Eastern Asia,"",Landlocked developing countries,"","",Eastern and South-Eastern Asia,Asia,Eastern Asia,Eastern Asia (excluding Japan),"",Landlocked developing countries (LLDCs),"","","",Non conflict,East Asia and Pacific,"",East Asia and Pacific,"",Lower middle income,Low and middle income,East Asia and Pacific,"",Lower middle income,Low and middle income,Asia-Pacific Group,"","",East Asia and the Pacific,Non-humanitarian,Non-high burden,"",East Asia and Pacific,East Asia and Pacific,LiST,LiSTSBR,LiSTSBR,EAPR Program Countries,EAPR Program Countries (excluding China),"","",EAPR Countries,EAPR Countries (excluding China),"","","","","","","","","",ESCAP_ADB Group B (ADB_DMC_B),"","",ESCAP_ENEA including Russian Fed (ENEA_RUS),"",ESCAP_LLDC (LLDC_E),ESCAP_East and North-East Asia (ENEA),ESCAP_All countries,ESCAP_ADB Developing member countries (ADB_DMC),"","","","","","","","","","","","",ESCAP_Countries with Special Needs,"",ESCAP_WB Lower Middle Income Economies,"","",12903,13969,14288,14663,15077,15675,16370,17484,18301,19110,19889,20640,21165,21610,22546,22981,23385,23580,23632,23674,24442,25095,25787,26548,27341,27969,28454,28990,29498,29850,30492,31184,32017,32890,33807,34648,35148,35801,36075,35763,35432,34143,32224,30256,28953,27914,26808,25837,25182,24928,24828,24248,23989,23487,23481,23892,25454,27555,29713,31329,31686,33008,34975,37230,38662,39205,38780,38023,38245,38219,37487,36332,35296,34224,33269,32372,31648,30974,30612,30454,30431,30525,30816,31256,31771,32349,32869,33505,34055,34572,35020,35316,35595,35709,35757,35769,35697,35506,35218,34761,34382,33949,33394,32934,32562,32146,31715,31440,31176,30968,30746,30654,30610,30560,30634,30779,30874,31032,31117,31100,31152,31296,31244,31209,31132,31106,30976,30743,30523,30226,30029,29757,29373,29189,28991,28712,28507,28350,28164,27934,27800,27610,27519,27369,27304,27308,27247,27192,27057,27068,36857,38030,40481,42949,45835,48104,49604,52027,56077,60881,65975,70444,73519,74869,76590,79755,83443,86644,88137,87701,86963,87843,90059,93408,97173,100796,104084,106724,108159,108290,108285,109362,111215,113648,116311,119247,122705,126590,130358,133252,134405,134371,133102,130547,126513,121445,116100,111355,107538,104547,102534,100720,99008,98162,97522,97234,97365,98208,100909,106180,114025,122297,128218,132446,136356,141807,148993,155639,160092,162181,162061,158570,154454,149748,144734,140215,136206,132454,129076,126209,124031,122573,121851,121835,122431,123585,125243,127234,129416,131703,133957,136139,138093,139728,141024,141909,142462,142701,142610,142199,141373,140163,138695,136972,135135,133319,131513,129788,128229,126813,125559,124521,123673,123029,122572,122348,122397,122617,123012,123506,123893,124179,124449,124634,124742,124776,124649,124405,124017,123455,122681,121744,120773,119691,118596,117569,116527,115587,114751,113920,113124,112392,111671,110983,110394,109874,109497,109226,109010,108799
Moldova,Republic of Moldova,152,MDA,498,MOL,"","","","","",LLDC,Europe and Central Asia,Programme countries,"","",Europe,Europe and Central Asia,Europe and Central Asia (excluding high-income),Middle income,Upper middle income,Low and middle income,Europe,"","","","","","","","","","","",Non-fragile,Non-fragile,Non-fragile,Non-fragile,Non-fragile,Non-fragile,"",Non-fragile,non-FCS,non-FCS,"",non-FCS,"","",Europe,Eastern Europe,"",Europe and Northern America,Europe,"",Landlocked developing countries,"North America, Europe, Australia and New Zealand","Australia and New Zealand, Central Asia, Europe and North America",Europe and Northern America,Europe,Eastern Europe,"","",Landlocked developing countries (LLDCs),"","","",Non conflict,Europe and Central Asia,Eastern Europe and Central Asia,Europe and Central Asia,Eastern Europe and Central Asia,Lower middle income,Low and middle income,Europe and Central Asia,Eastern Europe and Central Asia,Lower middle income,Low and middle income,Eastern European Group,"",GAVI,Eastern Europe and Central Asia,Non-humanitarian,Non-high burden,"",Europe and Central Asia,Eastern Europe and Central Asia,LiST,"",LiSTSBR,"","","","","","","","","",EECA,"",ECE_All countries,"ECE_Eastern Europe, Caucasus and Central Asia (CIS)",ECE_CIS (CWG),"","","","","","","","",ESCAP_Europe (Europe),"","","","","","","","","","","","","","","","","","",30352,33806,34995,36279,37538,38794,40031,41148,42104,42805,43137,42775,41182,39367,37089,36125,35546,35063,34778,34810,35394,36271,37333,38478,39506,40142,40472,40737,40997,41640,42280,43163,44466,46696,48288,47955,48580,48503,45578,41436,39220,37099,35899,34247,32492,30120,28364,28689,27356,25942,25026,24472,24038,24692,25705,25712,25876,26182,26837,27497,27030,25646,24775,23912,25249,25099,24488,22718,21720,20631,19744,19446,18876,24945,23273,21485,20126,19382,18851,18507,18186,17883,17586,17344,17181,17038,16939,16862,16855,16826,16885,17013,17201,17340,17584,17711,17802,17887,17972,17893,17826,17770,17639,17427,17125,16890,16665,16416,16149,15858,15613,15376,15111,14918,14741,14548,14389,14300,14233,14204,14159,14142,14126,14171,14233,14274,14282,14241,14255,14206,14193,14086,14012,13974,13892,13739,13611,13486,13351,13183,13026,12882,12712,12563,12414,12271,12159,12062,11966,11873,80822,91531,105736,118943,131104,139501,144627,149647,154662,159431,163630,167035,169146,168952,166111,160721,154051,148031,143284,140118,138264,137289,137516,139167,142136,145822,149447,152313,154193,155408,156265,157377,158972,161470,165330,170241,174737,178058,179624,177571,171662,163107,153037,143666,136525,130462,124113,117251,111301,106545,102296,99019,95483,92447,90959,92673,94604,96386,98028,99337,100819,98729,95404,91756,89234,90628,92845,94605,94651,92408,88754,84778,81280,89889,88006,87676,86756,85659,83103,79675,77097,75194,73679,72358,71168,70107,69208,68489,67953,67574,67327,67217,67294,67572,68029,68661,69373,70014,70578,71032,71292,71372,71308,71060,70640,70033,69216,68274,67277,66287,65285,64238,63196,62160,61183,60290,59450,58687,58035,57489,57084,56819,56637,56514,56455,56490,56605,56755,56863,56899,56867,56782,56654,56445,56205,55934,55602,55222,54767,54245,53692,53120,52523,51897,51268,50655,50044,49468,48951,48484
Montenegro,Montenegro,156,MNE,499,YUGA,"","","","","","",Europe and Central Asia,Programme countries,"","",Europe,Europe and Central Asia,Europe and Central Asia (excluding high-income),Middle income,Upper middle income,Low and middle income,Europe,"","","","","","","","","","","",Non-fragile,Non-fragile,Non-fragile,Non-fragile,Non-fragile,Non-fragile,"",Non-fragile,non-FCS,non-FCS,"",non-FCS,"","",Europe,Southern Europe,"",Europe and Northern America,Europe,"","","North America, Europe, Australia and New Zealand","Australia and New Zealand, Central Asia, Europe and North America",Europe and Northern America,Europe,Southern Europe,"","","",HAC,HAC,"",Non conflict,Europe and Central Asia,Eastern Europe and Central Asia,"","","","",Europe and Central Asia,Eastern Europe and Central Asia,Upper middle income,Low and middle income,Eastern European Group,"","",Eastern Europe and Central Asia,Non-humanitarian,Non-high burden,"",Europe and Central Asia,Eastern Europe and Central Asia,LiST,"",LiSTSBR,"","","","","","","","","",EECA,"",ECE_All countries,"",ECE_West Balkans (ST7),"","","","","","","","",ESCAP_Europe (Europe),"","","","","","","","","","","","","","","","","","",5828,6165,6667,7098,7139,6977,6922,6866,6785,6585,6536,6529,6558,6489,6320,6171,6004,5786,5657,5596,5516,5555,5602,5551,5484,5432,5397,5351,5298,5306,5386,5441,5439,5421,5334,5206,5220,5245,5110,4999,4957,5056,5033,4937,4895,4893,4821,4759,4785,4850,4994,4526,4426,4569,4352,4214,4268,4375,4550,4674,4103,3949,4025,4052,4069,4016,4053,4003,3912,3849,3700,3611,3551,3500,3461,3422,3386,3337,3306,3276,3246,3216,3186,3153,3133,3109,3092,3076,3061,3045,3028,3012,2985,2979,2959,2938,2918,2894,2873,2852,2817,2788,2753,2720,2691,2652,2618,2587,2560,2531,2506,2482,2462,2430,2404,2385,2360,2346,2328,2318,2301,2287,2272,2264,2244,2223,2206,2188,2163,2148,2130,2108,2092,2071,2044,2027,2010,1979,1965,1939,1918,1893,1876,1855,1844,1822,1808,1785,1766,1755,18645,19910,21523,23738,25471,26133,26159,25837,25562,25459,25417,25278,25089,24923,24704,24505,24263,23959,23659,23365,23069,22716,22319,21982,21743,21625,21593,21608,21684,21832,22084,22421,22476,22220,21872,21514,21289,21218,21196,21196,21211,21231,21179,20762,20248,19759,19306,18949,18646,18329,17967,17599,17319,17196,17257,17367,17236,16832,16366,16145,16244,16550,16630,16440,16219,16029,15997,16025,15994,15876,15718,15461,15115,14769,14434,14157,13955,13780,13617,13460,13311,13170,13041,12923,12801,12683,12575,12477,12394,12320,12255,12192,12127,12055,11986,11918,11847,11777,11700,11613,11527,11431,11327,11212,11085,10956,10825,10690,10555,10423,10299,10184,10076,9976,9876,9774,9676,9577,9485,9407,9337,9274,9216,9158,9104,9049,8988,8922,8850,8770,8693,8617,8539,8464,8391,8308,8225,8144,8057,7970,7888,7797,7708,7620,7534,7457,7384,7315,7246,7171
Montserrat,Montserrat,500,MSR,500,MSR,"","","","","","",Latin America and Caribbean,Programme countries,"","",Americas,"","","","","",Latin America and the Caribbean,"",Excluding least developed countries,Excluding China,"","","","","","","","","","","","","","","","","","","","","","",Americas,Latin America and the Caribbean,Caribbean,Latin America and the Caribbean,"","",Small island developing States,"","",Latin America and the Caribbean,Latin America and the Caribbean,Caribbean,Latin America and the Caribbean,"",Small island developing States (SIDS),"","","","",Latin America and Caribbean,"","","","","","","","","","","","","","","","","","","","","","","","","","","","","","","","","","","","","","","","","","","","","","","","","","","","","","","","","","","","","","",214,215,213,210,217,233,230,219,209,197,195,193,192,191,188,184,178,172,165,156,148,146,146,145,142,137,132,127,121,116,109,109,122,121,120,116,107,105,102,99,95,89,84,77,67,55,43,34,24,23,22,25,20,19,21,21,22,22,23,23,23,23,23,24,24,25,25,26,18,19,21,21,20,20,21,21,21,21,21,21,21,21,20,20,20,19,19,18,18,18,17,17,16,16,16,15,15,15,15,15,15,15,15,15,15,15,15,15,15,15,15,15,15,15,15,14,14,14,14,14,13,13,13,13,13,12,12,12,12,12,12,12,12,12,12,12,12,12,12,12,12,12,11,11,11,11,11,11,11,11,955,907,861,810,787,796,795,791,774,741,705,698,696,695,691,679,671,665,658,645,627,600,575,555,541,525,509,489,467,444,412,381,375,381,400,421,435,443,447,444,427,398,352,306,268,236,205,176,155,140,131,127,122,117,112,108,107,107,110,114,119,124,120,115,109,104,96,104,49,72,83,81,77,74,78,81,82,83,84,84,84,84,84,83,82,81,79,78,77,75,74,72,70,68,66,65,64,63,62,60,60,60,60,60,60,60,60,60,60,60,60,60,60,60,60,60,59,58,57,56,56,55,54,53,52,52,52,51,50,49,48,48,48,48,48,48,48,48,48,48,48,48,48,47,46,45,44,44,44,44
Morocco,Morocco,59,MAR,504,MOR,Northern Africa,Northern Africa,North Africa,"","","",Middle East and North Africa,Programme countries,MENAEMRO,"",Eastern Mediterranean,Middle East and North Africa,Middle East and North Africa (excluding high-income),Middle income,Lower middle income,Low and middle income,Africa,"",Excluding least developed countries,Excluding China,OIC,Arab,OIC Lower middle income,OIC Middle income,Countdown,North Africa,Africa,Northern Africa,Non-fragile,Non-fragile,Non-fragile,Non-fragile,Non-fragile,Non-fragile,"",Non-fragile,non-FCS,non-FCS,"",non-FCS,"","",Africa,Northern Africa,"",Northern Africa and Western Asia,Northern Africa,"","","","",Northern Africa and Western Asia,Northern Africa,Northern Africa,Northern Africa (exc. Sudan),"","","","","",Non conflict,Middle East and North Africa,"",Middle East and North Africa,"",Lower middle income,Low and middle income,Middle East and North Africa,"",Lower middle income,Low and middle income,African Group,"","",Middle East and North Africa,Non-humanitarian,Non-high burden,"",Middle East and North Africa,Middle East and North Africa,LiST,"",LiSTSBR,"","","","","","","","","","",ECA_North Africa,ECA_All countries,"","","","","","","","","","",ESCAP_Africa (AFR),ECA_African Union Commission,ECA_AMU,"",ECA_CEN-SAD,"","","",ECA_Non-Oil Producing,"","","","","","","","",ESCWA_Arab countries,ESCWA_Maghreb subregion,198588,206941,214652,222483,229926,237306,244497,251479,257922,263957,269714,274864,280924,283940,286888,291156,295929,300633,304484,308227,314149,320896,327405,332732,336894,342550,347236,350900,354869,360030,367428,375465,381554,382090,379262,376144,373197,366809,358688,351016,348941,352757,351514,343993,338420,334199,332817,331812,329152,322906,320942,318663,318825,318733,319119,321506,325456,329202,333397,340720,345889,352499,354914,357392,354239,353413,344374,344465,340457,335570,330747,327922,324395,321607,318290,314897,312327,310499,309141,307310,306784,304532,304052,304876,305128,304154,304541,305245,304929,303615,303608,303624,303122,301289,299790,298274,296231,294642,291826,290084,288538,286094,284895,282187,280357,277970,274285,272056,270289,268762,266076,264190,262359,260760,259299,257008,256042,254709,254833,252983,251415,249694,248288,247067,245120,243419,242525,241021,239150,237499,236061,234170,231756,229188,227711,225646,224209,222454,220526,218725,216818,216216,214484,212867,212034,209856,208430,207140,205937,204078,544832,589836,636979,682861,720479,749785,777945,806198,834009,861012,886663,911192,934990,958139,979440,997760,1015682,1033240,1051860,1071690,1090750,1110272,1131359,1153916,1178353,1202134,1225188,1247602,1269331,1291156,1312911,1336853,1364943,1395549,1423847,1443135,1451365,1449721,1440598,1425745,1406025,1385156,1371140,1365495,1361426,1354455,1339037,1320977,1307645,1300576,1294980,1289583,1284307,1277058,1268047,1263113,1261638,1266266,1277072,1291363,1309453,1330274,1352961,1375983,1395176,1407416,1411624,1406324,1394379,1381285,1365512,1350303,1335801,1319164,1304151,1291003,1278298,1265916,1254618,1244793,1236738,1230469,1224910,1219520,1216008,1214185,1213325,1213537,1214056,1214178,1213844,1213144,1211888,1210204,1208174,1205093,1200465,1194304,1187553,1180269,1172196,1164317,1156232,1148564,1141211,1133175,1125057,1115656,1105267,1095222,1085643,1077019,1069047,1061181,1053236,1045904,1038970,1032254,1026121,1020930,1016753,1012434,1007600,1001783,995545,989462,983180,977188,971299,965295,959364,953168,946496,939361,931480,923136,914703,906699,899612,892667,885617,878462,871672,865572,859637,854353,848772,842539,836671,830762
Mozambique,Mozambique,9,MOZ,508,MOZ,Sub-Saharan Africa,Sub-Saharan Africa,South Africa,Least developed countries,"","",Eastern and Southern Africa,Programme countries,"","",Africa,Sub-Saharan Africa,Sub-Saharan Africa (excluding high-income),Low income,Low income,Low and middle income,Africa,Sub-Saharan Africa,Least developed countries,Excluding China,OIC,Africa,OIC Low income,"",Countdown,Southern Africa,Africa,Southern Africa,Non-fragile,Non-fragile,Non-fragile,Fragile,Fragile,Fragile,Other Fragile,Non-fragile,non-FCS,Fragile and Conflict-affected Situation,Medium-intensity Conflict,Fragile and Conflict-affected Situation,Conflict,USAID,Africa,Eastern Africa,"",Sub-Saharan Africa,"",Least developed countries,"","","",Sub-Saharan Africa,Sub-Saharan Africa,Eastern Africa,Sub-Saharan Africa (inc. Sudan),Least Developed Countries (LDCs),"",HAC,"",Global Strategy,Non conflict,Sub-Saharan Africa,Eastern and Southern Africa,Sub-Saharan Africa,Eastern and Southern Africa,Low income,Low and middle income,Sub-Saharan Africa,Eastern and Southern Africa,Low income,Low and middle income,African Group,"",GAVI,Eastern and Southern Africa,Non-humanitarian,High burden,Fragile,Eastern and Southern Africa,Eastern and Southern Africa,LiST,"",LiSTSBR,"","","","","","","","","","",ECA_Southern Africa,ECA_All countries,"","","","","","","","","","",ESCAP_Africa (AFR),ECA_African Union Commission,"",ECA_SADC,"","","","",ECA_Non-Oil Producing,ECA_Least developed countries,ECA_Mineral-rich countries,ECA_Non-Oil LDCs,"",ECA_Sub-Saharan Africa,"","","","","",119873,120117,121874,123647,125475,127466,129467,131669,133834,136822,140401,143916,147608,151047,153975,156881,160050,163191,166585,170296,173761,177041,181183,186471,192734,199818,207530,215774,225219,235537,244895,246450,249325,253579,258996,263856,270051,274821,272245,273300,275602,278866,282140,285893,295059,311121,319785,331239,339902,348110,356277,364193,372130,381578,388779,395703,402803,411203,426342,443012,457747,468968,478132,487270,489514,497111,508368,521100,532722,543271,554012,564981,573426,582525,591747,600892,610085,618795,626941,634920,641090,650116,656881,662195,669930,674871,679984,687771,692053,696194,701871,703942,708404,714667,718836,721848,725275,731681,731931,733619,738378,741111,746306,750136,751984,754413,759347,757034,756508,758088,760259,760998,762939,761532,759628,763984,763958,761058,762782,763914,764611,761275,762730,764030,761935,764605,762768,760790,760564,759404,761798,760065,759420,758540,756673,754351,750787,750294,749586,747324,743404,742893,739720,739272,737223,736664,735222,731932,727590,727720,390107,394135,398036,401560,404913,410584,418319,426339,434675,443448,452646,463050,479987,496249,511402,523804,533632,544057,553575,563804,574340,583583,595383,614242,635265,657394,681619,706462,740663,775506,806897,807864,817375,827785,841150,856322,873689,891446,889357,897173,910063,926966,942743,957107,990115,1047892,1078540,1111238,1142570,1177474,1214723,1253752,1291880,1328590,1365726,1402276,1436887,1470780,1503973,1542060,1589665,1645016,1704523,1760615,1809470,1848138,1879783,1913290,1948388,1989813,2036425,2083195,2127956,2170052,2210279,2249147,2286656,2323935,2361200,2397527,2432699,2465588,2497340,2528705,2557723,2586550,2613892,2638121,2663460,2687967,2710092,2732498,2751803,2768422,2786843,2805272,2823362,2841456,2859020,2874518,2887331,2900539,2912344,2925079,2941710,2957292,2971163,2984932,2995084,3000929,3005538,3008276,3011419,3017593,3023058,3024643,3026413,3029029,3029558,3031454,3033376,3033897,3034718,3035115,3035515,3034435,3035326,3037488,3035827,3033844,3030791,3028110,3027888,3027248,3026561,3023614,3018202,3011114,3002817,2995557,2988850,2981899,2974767,2966242,2957536,2950940,2945097,2940122,2934387,2925828
Oman,Oman,60,OMN,512,OMN,Western Asia,Western Asia,"","","","",Middle East and North Africa,Programme countries,MENAEMRO,"",Eastern Mediterranean,Middle East and North Africa,"",High income,High income,"",Asia,"",Excluding least developed countries,Excluding China,OIC,Arab,OIC High income: nonOECD,OIC High income,"","","","","","","","","",Non-fragile,"","",non-FCS,non-FCS,"",non-FCS,"","",Asia,Western Asia,"",Northern Africa and Western Asia,Western Asia,"","","","",Northern Africa and Western Asia,Asia,Western Asia,"Western Asia (exc. Armenia, Azerbaijan, Cyprus, Israel and Georgia)","","","","","",Non conflict,Middle East and North Africa,"","","","","","","","","",Asia-Pacific Group,"","",Middle East and North Africa,Non-humanitarian,Non-high burden,"","","","","","","","","","","","","","","","","","","","","","","","","","","","",ESCAP_Other Area (OTH_REGION),"","","","","","","","","","","","","","","","",ESCWA_Arab countries,ESCWA_Gulf Cooperation Council (GCC),9855,10202,10378,10569,10761,10960,11170,11401,11639,11887,12183,12464,12732,13000,13275,13545,13822,14109,14423,14760,15133,15575,16107,16732,17453,18570,19801,21114,22484,23947,25495,27049,28565,29923,31072,32079,32514,32606,32649,32546,32443,32316,32009,31706,31285,30867,30666,30429,30263,30104,29407,28920,28400,28022,27673,27365,27055,27304,28503,30417,32454,34894,37547,40171,42370,44048,45081,45945,45987,45291,44034,41818,40877,40374,39528,38596,37885,37245,36756,36331,36031,35928,35831,35957,36140,36517,37076,37677,38247,38977,39653,40382,41013,41559,42124,42461,42965,43229,43343,43393,43329,43161,43014,42705,42496,42079,41698,41301,40925,40489,40016,39644,39321,38921,38811,38701,38708,38702,38955,39240,39360,39538,39772,40031,40324,40531,40741,40870,41019,41122,41219,41211,41308,41159,40966,40773,40558,40363,40249,40136,39857,39673,39479,39291,39110,38942,38847,38720,38662,38650,29571,28919,28773,29236,30270,31234,32027,32848,33719,34643,35682,36885,38234,39659,41111,42548,43966,45384,46813,48273,49784,51374,53091,54999,57167,59838,63024,66898,71421,76561,82113,87956,94107,100458,106779,112766,117033,120088,122074,123547,124676,125643,126441,126674,125833,124836,124177,123152,121973,120242,118302,116700,115289,113864,112051,109628,108844,109156,110610,112757,115889,122858,131224,138972,145271,153458,162253,168605,175000,179732,182962,183344,180473,173299,167449,162330,159516,157258,154097,151195,148753,146767,145258,144210,143633,143582,144004,145008,146574,148551,150889,153441,156101,158854,161520,164030,166271,168254,170041,171435,172463,173054,173134,172892,172344,171552,170572,169342,167964,166462,164872,163231,161561,159942,158366,157014,155990,155256,154896,154914,155313,155943,156708,157546,158345,159237,160230,161211,162102,162849,163477,163996,164388,164690,164831,164683,164305,163676,162879,162131,161468,160798,160100,159366,158547,157756,157027,156354,155765,155271
Namibia,Namibia,18,NAM,516,NMB,Sub-Saharan Africa,Sub-Saharan Africa,South Africa,"","","",Eastern and Southern Africa,Programme countries,"","",Africa,Sub-Saharan Africa,Sub-Saharan Africa (excluding high-income),Middle income,Upper middle income,Low and middle income,Africa,Sub-Saharan Africa,Excluding least developed countries,Excluding China,"","","","",Countdown,Southern Africa,Africa,Southern Africa,Non-fragile,Non-fragile,Non-fragile,Non-fragile,Non-fragile,Non-fragile,"",Non-fragile,non-FCS,non-FCS,"",non-FCS,"","",Africa,Southern Africa,"",Sub-Saharan Africa,"","","","","",Sub-Saharan Africa,Sub-Saharan Africa,Southern Africa,Sub-Saharan Africa (inc. Sudan),"","","","","",Non conflict,Sub-Saharan Africa,Eastern and Southern Africa,Sub-Saharan Africa,Eastern and Southern Africa,Upper middle income,Low and middle income,Sub-Saharan Africa,Eastern and Southern Africa,Upper middle income,Low and middle income,African Group,"","",Eastern and Southern Africa,Non-humanitarian,Non-high burden,"",Eastern and Southern Africa,Eastern and Southern Africa,LiST,"",LiSTSBR,"","","","","","","","","","",ECA_Southern Africa,ECA_All countries,"","","","","","","","","","",ESCAP_Africa (AFR),ECA_African Union Commission,"",ECA_SADC,"","","","",ECA_Non-Oil Producing,"",ECA_Mineral-rich countries,"","",ECA_Sub-Saharan Africa,"","","","","",9700,9846,9974,10118,10251,10380,10514,10669,10842,11044,11294,11590,11935,12306,12675,13066,13477,13914,14395,14884,15376,15907,16457,17034,17592,18115,18574,18863,19119,18806,18913,18866,18571,18881,19408,19955,20619,21413,22285,23411,26185,27157,27407,27435,27237,26770,26286,26451,27016,27471,27463,27187,27021,26963,27106,27444,27835,28467,29319,30174,31002,31846,32656,33120,33541,33813,34055,34090,34115,34060,33971,34003,33820,33773,33801,33782,33757,33889,33839,33951,34001,34000,34187,34402,34559,34789,34917,35255,35432,35522,35789,35845,36116,36217,36277,36419,36595,36613,36667,36705,36683,36747,36674,36663,36601,36536,36463,36287,36270,35992,35889,35791,35807,35800,35568,35635,35483,35485,35357,35410,35443,35415,35530,35433,35413,35324,35116,35084,34930,34893,34743,34608,34466,34269,34203,34106,33907,33696,33642,33419,33304,33125,32799,32720,32607,32361,32265,32110,32043,31913,31793,32096,32467,33011,33681,34328,34959,35606,36274,36983,37759,38643,39655,40817,42138,43578,45092,46675,48327,50060,51902,53812,55803,57870,59998,62209,64442,66504,68380,69526,70525,70844,70863,70939,71231,72069,73392,75463,78106,81191,86234,90886,96095,100754,104414,106148,106024,105040,103905,103374,103743,104760,105658,105702,104750,103819,103548,104108,105479,107652,110428,113600,116952,120304,123394,126069,128267,129906,131068,131832,132242,132819,133111,133522,133600,133620,133546,133486,133592,133702,133837,134084,134282,134544,134987,135524,136237,137022,137834,138721,139530,140348,141085,141726,142439,143034,143575,144116,144560,144963,145309,145493,145612,145693,145681,145631,145492,145290,145003,144657,144223,143665,143147,142688,142392,142154,141929,141701,141385,141144,140942,140831,140798,140873,140987,140981,140927,140661,140278,139872,139423,139039,138622,138159,137619,137044,136546,136026,135468,134915,134296,133663,133096,132382,131617,130940,130214,129587,129033,128453
Nauru,Nauru,79,NRU,520,NAU,Oceania,Oceania,"","","",SIDS,East Asia and Pacific,Programme countries,"","",Western Pacific,East Asia and Pacific,"",High income,High income,"",Oceania,"",Excluding least developed countries,Excluding China,"","","","","","","","",Non-fragile,Non-fragile,Non-fragile,Non-fragile,Non-fragile,Non-fragile,"",Non-fragile,non-FCS,non-FCS,"",non-FCS,"","",Oceania,Micronesia,"",Oceania,Oceania (exc. Australia and New Zealand),"",Small island developing States,South Eastern Asia and Oceania (excl. Australia and New Zealand),"",Oceania (exc. Australia and New Zealand),Oceania,Micronesia,Oceania,"",Small island developing States (SIDS),"","","",Non conflict,East Asia and Pacific,"","","","","","","","","",Asia-Pacific Group,"","",East Asia and the Pacific,Non-humanitarian,Non-high burden,"","","","","","",EAPR Program Countries,EAPR Program Countries (excluding China),Pacific Program Countries,Pacific Program Countries (excluding PNG),EAPR Countries,EAPR Countries (excluding China),Pacific Countries,Pacific Countries (excluding PNG),"","","","","","","",ESCAP_ADB Group A (ADB_DMC_A),ESCAP_Pacific island developing economies (PIDE),"","","","",ESCAP_PACIFIC (PAC),ESCAP_All countries,ESCAP_ADB Developing member countries (ADB_DMC),"","","","","","","","","","","","",ESCAP_Countries with Special Needs,ESCAP_Small Islands Developing States,ESCAP_WB High Income Economies,"","",51,51,52,53,55,56,57,59,60,61,61,61,62,68,76,85,91,84,82,84,85,83,82,81,81,81,83,85,90,93,96,98,102,100,114,124,133,140,147,153,157,161,164,161,159,157,156,155,153,152,152,151,149,148,149,151,155,160,166,173,180,185,185,182,181,181,182,181,181,181,178,176,174,170,166,162,159,157,155,155,155,156,157,159,161,163,164,165,167,167,168,168,168,167,166,164,163,161,159,156,154,153,150,148,146,145,143,142,141,141,140,139,139,138,136,135,134,133,132,131,130,128,127,125,123,121,119,117,116,114,112,110,108,107,105,103,101,100,99,97,96,94,92,91,90,88,86,84,83,82,237,219,205,199,202,209,219,232,243,254,264,273,283,296,319,352,396,397,383,385,368,347,336,331,329,324,322,321,331,330,330,338,350,339,402,436,470,506,544,582,617,650,678,675,660,644,629,618,611,605,598,592,587,580,565,555,547,548,555,572,602,650,709,738,743,735,726,725,727,726,716,709,703,697,689,678,663,649,635,623,615,610,608,609,613,618,624,630,637,644,648,652,655,657,658,656,653,649,643,637,629,620,612,604,595,588,581,574,567,562,557,553,550,548,545,541,538,533,529,524,520,517,512,506,500,494,486,480,474,466,458,450,442,436,430,422,414,408,402,395,388,383,377,370,363,358,352,345,338,333
Nepal,Nepal,71,NPL,524,NEP,Southern Asia,Southern Asia excluding India,"",Least developed countries,"",LLDC,South Asia,Programme countries,"","",South-East Asia,South Asia,South Asia (excluding high-income),Middle income,Lower middle income,Low and middle income,Asia,"",Least developed countries,Excluding China,"","","","",Countdown,"","","",Fragile,Fragile,Non-fragile,Non-fragile,Non-fragile,Fragile,Other Fragile,Non-fragile,non-FCS,non-FCS,"",non-FCS,"",USAID,Asia,Southern Asia,"",Central and Southern Asia,Southern Asia,Least developed countries,Landlocked developing countries,"","",Central and Southern Asia,Asia,Southern Asia,Southern Asia,Least Developed Countries (LDCs),Landlocked developing countries (LLDCs),"","",Global Strategy,Non conflict,South Asia,"",South Asia,"",Lower middle income,Low and middle income,South Asia,"",Lower middle income,Low and middle income,Asia-Pacific Group,"",GAVI,South Asia,Non-humanitarian,High burden,"",South Asia,South Asia,LiST,LiSTSBR,LiSTSBR,"","","","","","","","","","","","","","","",ESCAP_ADB Group A (ADB_DMC_A),ESCAP_SAARC (SAARC),"","",ESCAP_LDC (LDC_E),ESCAP_LLDC (LLDC_E),ESCAP_South and South-West Asia (SSWA),ESCAP_All countries,ESCAP_ADB Developing member countries (ADB_DMC),"","","","","","","","","","","","",ESCAP_Countries with Special Needs,"",ESCAP_WB Lower Middle Income Economies,"","",169150,172962,176416,179551,182184,184381,186714,189072,191557,193996,197883,202496,206789,210701,214944,218710,222544,226809,231726,235726,239730,244188,247683,250341,255938,262070,268333,273854,279940,286131,290871,296562,303387,310585,318198,324044,329575,335640,341578,347052,353694,359642,365394,375719,380931,383024,380511,375112,372467,369561,367302,361582,355003,352293,347818,339483,329490,321561,315327,309943,306071,304748,305259,305202,305680,305027,303681,301867,300441,301374,301685,305260,309191,308093,305979,303263,300486,296998,292840,288246,284363,279947,276679,272394,269660,267068,263971,261786,259055,256987,256305,255379,254570,254378,253033,251562,250053,249444,248081,245681,243819,242360,239983,237920,235320,232117,229479,226213,223268,221317,219413,217679,215812,212727,211677,209445,207817,205667,204221,202595,201332,200216,198838,197161,195579,194540,192487,190570,188123,186788,184948,183614,181700,179736,177629,175893,173861,172145,169663,167809,166707,165035,163445,162124,161280,159569,158571,156770,155488,154730,530146,543302,555467,564708,574251,585228,595017,603991,612498,620807,629836,640365,653240,668088,684468,701765,718878,735643,752860,770739,788874,807081,825298,842779,858912,875873,894657,915457,939374,964462,989806,1014453,1038647,1063950,1090313,1118762,1148119,1176145,1203049,1229180,1255400,1283515,1312792,1343299,1374328,1406045,1432636,1452655,1459832,1456600,1448626,1438700,1429053,1416720,1402424,1386760,1367834,1345216,1317752,1287014,1257725,1233741,1215547,1203595,1197499,1196648,1199153,1202204,1202921,1200830,1197970,1201955,1208852,1214152,1219353,1221577,1219950,1213479,1203555,1191541,1177556,1162104,1145658,1129274,1113528,1098504,1085019,1072470,1061056,1050675,1040480,1031850,1025066,1019837,1016521,1013699,1010183,1006048,1001359,996475,991097,985064,978433,970844,962961,954876,945477,935094,923993,912114,900765,890439,881248,873369,865375,857239,849298,841208,833749,826531,819409,812794,806891,801525,796137,790552,784850,778839,772361,765326,757709,750081,742872,736228,729500,722304,714781,707000,699302,691531,683505,675920,668825,662194,656290,650761,645327,640180,635075,629483
Netherlands,Netherlands,185,NLD,528,NET,"","","","","","",Non-programme countries,"","","",Europe,Europe and Central Asia,"",High income,High income,"",Europe,"","","","","","","","","","","","","","","","",Non-fragile,"","",non-FCS,non-FCS,"",non-FCS,"","",Europe,Western Europe,"",Europe and Northern America,Europe,"","","North America, Europe, Australia and New Zealand","Australia and New Zealand, Central Asia, Europe and North America",Europe and Northern America,Europe,Western Europe,"","","","","","","",Europe and Central Asia,Western Europe,"","","","","","","","",Western European and Others Group (WEOG),"","",High Income Countries,Non-humanitarian,Non-high burden,"","","","","","","","","","","","","","","","","",ECE_All countries,ECE_European Union (E25),ECE_Euro area (EMU),"","","","","","","","",ESCAP_Europe (Europe),"","","","","","","","","","","","","","","","","","",116340,115400,116697,115054,115108,115663,116590,117838,119282,121698,120971,124210,124162,125406,126598,123625,120882,120477,119839,124258,121501,115938,109218,100216,94990,90888,89871,88871,89452,89147,91170,90240,87654,86536,88234,90112,92880,94569,94925,95695,99625,100583,100257,99323,99180,97433,97263,98473,101142,102306,104334,102915,102192,101091,98212,95476,94102,92578,93862,94018,93591,92006,90139,88186,89439,88320,88785,87674,86533,86658,88151,91586,92666,93239,93688,94101,94335,94731,94717,94431,94251,93847,93373,92553,91992,90843,89946,89007,88142,87631,86598,85587,85027,83978,83010,82636,82148,81586,81323,81325,81096,81119,81156,81628,82084,82467,82729,82908,83084,83124,83165,83038,83112,82774,82563,82019,81431,80954,80374,80105,79404,78940,78383,77839,77278,76931,76677,76088,75602,75369,75217,75112,74827,74824,74672,74574,74722,74943,75094,75049,75059,75000,74675,74806,74599,74429,74498,74184,73900,73659,501857,499365,478996,466531,460638,458420,458647,459140,460888,464702,470142,475543,481024,486763,491016,495956,498488,496459,492595,487023,484910,486647,485056,477590,459626,433791,408259,386603,372013,364099,360660,360565,361913,361411,359012,356312,355106,358424,365822,373471,379631,386082,392764,398566,403041,404280,402047,398876,397158,397918,401452,407401,412721,414693,413917,409451,402046,394176,385918,379995,377933,377517,377290,375059,369965,364970,361144,358717,357864,355851,353376,352329,354345,359307,365498,371324,374960,376786,378333,379555,380151,380201,379636,378439,376766,374638,371930,368637,365125,361404,357911,354674,351270,348031,344628,340977,337776,334916,332323,330382,328961,327824,327132,326883,327007,327744,328987,330486,331904,332999,333783,334290,334538,334590,334395,333873,333016,331582,329780,327743,325691,323736,321707,319712,317563,315361,313319,311496,309785,308072,306471,304978,303809,302985,302356,301826,301284,301003,301060,301369,301842,302237,302401,302163,301817,301466,300922,300579,300171,299467
Vanuatu,Vanuatu,90,VUT,548,VAN,Oceania,Oceania,"","","",SIDS,East Asia and Pacific,Programme countries,"","",Western Pacific,East Asia and Pacific,East Asia and Pacific (excluding high-income),Middle income,Lower middle income,Low and middle income,Oceania,"","",Excluding China,"","","","","","","","",Non-fragile,Non-fragile,Non-fragile,Non-fragile,Non-fragile,Non-fragile,"",Non-fragile,non-FCS,non-FCS,"",non-FCS,"","",Oceania,Melanesia,"",Oceania,Oceania (exc. Australia and New Zealand),"",Small island developing States,South Eastern Asia and Oceania (excl. Australia and New Zealand),"",Oceania (exc. Australia and New Zealand),Oceania,Melanesia,Oceania,"",Small island developing States (SIDS),"","","",Non conflict,East Asia and Pacific,"",East Asia and Pacific,"",Lower middle income,Low and middle income,East Asia and Pacific,"",Lower middle income,Low and middle income,Asia-Pacific Group,"","",East Asia and the Pacific,Non-humanitarian,Non-high burden,"",East Asia and Pacific,East Asia and Pacific,LiST,LiSTSBR,LiSTSBR,EAPR Program Countries,EAPR Program Countries (excluding China),Pacific Program Countries,Pacific Program Countries (excluding PNG),EAPR Countries,EAPR Countries (excluding China),Pacific Countries,Pacific Countries (excluding PNG),"","","","","","","",ESCAP_ADB Group A (ADB_DMC_A),ESCAP_Pacific island developing economies (PIDE),"","","","",ESCAP_PACIFIC (PAC),ESCAP_All countries,ESCAP_ADB Developing member countries (ADB_DMC),"","","","","","","","","","","","",ESCAP_Countries with Special Needs,ESCAP_Small Islands Developing States,ESCAP_WB Lower Middle Income Economies,"","",1013,1041,1074,1110,1147,1183,1218,1252,1290,1328,1366,1405,1445,1485,1525,1566,1611,1658,1702,1747,1792,1838,1883,1927,1971,2017,2063,2109,2162,2215,2260,2324,2390,2459,2523,2589,2656,2712,2761,2803,2854,2909,2957,2995,3018,3045,3063,3092,3124,3155,3212,3287,3334,3386,3444,3501,3584,3698,3828,3962,4092,4218,4318,4403,4479,4530,4584,4622,4649,4685,4724,4759,4798,4835,4868,4911,4963,5042,5113,5192,5263,5362,5440,5517,5589,5672,5750,5843,5921,5992,6053,6100,6161,6217,6274,6307,6371,6396,6408,6469,6498,6535,6581,6609,6631,6659,6686,6756,6801,6825,6882,6917,6952,6966,7013,7053,7078,7132,7132,7184,7205,7240,7238,7264,7291,7297,7308,7315,7309,7322,7349,7312,7306,7287,7301,7295,7271,7304,7333,7337,7319,7307,7303,7317,7354,7351,7350,7347,7325,7292,3462,3555,3652,3744,3850,3982,4121,4262,4415,4566,4717,4868,5020,5176,5333,5494,5657,5827,6004,6175,6350,6524,6697,6873,7050,7229,7411,7597,7790,8126,8710,8800,8884,8995,9192,9458,9731,10003,10265,10516,10744,10961,11169,11373,11572,11751,11898,12018,12118,12217,12324,12403,12553,12739,12956,13181,13393,13615,13895,14241,14649,15282,15909,16475,16945,17341,17674,17916,18132,18310,18470,18596,18722,18840,18977,19118,19267,19428,19618,19852,20120,20412,20726,21053,21380,21705,22023,22332,22652,22984,23310,23620,23898,24144,24375,24598,24811,25020,25215,25367,25515,25661,25793,25954,26111,26247,26374,26488,26617,26782,26952,27136,27315,27468,27613,27750,27885,28015,28165,28307,28431,28563,28677,28785,28875,28957,29029,29092,29153,29184,29206,29241,29258,29253,29233,29188,29160,29134,29128,29157,29197,29242,29266,29248,29223,29236,29281,29327,29364,29359
New Zealand,New Zealand,187,NZL,554,NZD,"","","","","","",Non-programme countries,"","","",Western Pacific,East Asia and Pacific,"",High income,High income,"",Oceania,"","","","","","","","","","","","","","","","",Non-fragile,"","",non-FCS,non-FCS,"",non-FCS,"","",Oceania,Australia and New Zealand,"",Oceania,Australia and New Zealand,"","","North America, Europe, Australia and New Zealand","Australia and New Zealand, Central Asia, Europe and North America",Australia and New Zealand,Oceania,Australia and New Zealand,"","","","","","","",East Asia and Pacific,"","","","","","","","","",Western European and Others Group (WEOG),"","",High Income Countries,Non-humanitarian,Non-high burden,"","","","","","","","","","",EAPR Countries,EAPR Countries (excluding China),Pacific Countries,Pacific Countries (excluding PNG),"","","","","","","","","","","","","",ESCAP_PACIFIC (PAC),ESCAP_All countries,"","","","","","","","","","","","","","","",ESCAP_WB High Income Economies,"","",24547,24896,25522,25766,26843,27589,28414,28902,29857,30759,31575,32433,32441,32364,31437,30348,30238,30662,31342,31479,31389,32349,31808,30556,29819,28544,28072,27541,26160,26504,25769,25770,25401,25525,26067,26378,26796,27893,29065,29536,30330,30219,30345,30042,29312,29342,29195,29165,28407,29032,28829,28345,27418,28240,29225,29248,29957,32234,32684,32034,32473,31480,31240,30020,29256,30540,29954,30872,29254,31950,32042,32485,32775,32802,32670,32570,32460,32145,31896,31655,31493,31348,31110,30935,30722,30589,30552,30454,30426,30478,30542,30515,30512,30497,30412,30325,30225,30155,29979,29949,29965,29811,29791,29826,29757,29705,29669,29603,29484,29304,29232,29159,29083,28893,28766,28654,28562,28344,28307,28240,28141,28045,27917,27875,27781,27785,27742,27637,27666,27632,27527,27516,27465,27485,27399,27297,27201,27174,27148,26946,26890,26774,26715,26664,26582,26470,26369,26216,26208,26123,93397,95866,96775,98111,100191,102607,104717,106473,109196,112871,116542,119375,121575,123980,126233,127133,125967,123729,121640,120557,120983,121832,122614,124007,125233,124700,121840,117374,112611,108365,105266,103066,101955,102197,102821,103138,103013,103922,105720,107497,110067,115998,119087,121182,122289,122468,121936,120935,119667,118285,116863,115765,115233,115266,115536,115758,116377,118349,121321,124653,128063,130367,130512,129113,127423,126051,124990,124539,124276,124702,125578,125845,127451,129060,130881,131779,131723,131488,130963,130220,129362,128412,127545,126768,126022,125279,124514,123875,123379,123011,122836,122796,122835,122915,122965,122894,122720,122473,122149,121752,121347,121045,120744,120485,120349,120179,120025,119919,119736,119479,119129,118700,118260,117841,117437,116994,116503,115988,115450,114954,114529,114113,113763,113421,113038,112679,112379,112177,111969,111799,111672,111479,111315,111156,110981,110849,110671,110419,110127,109848,109544,109210,108851,108424,108079,107794,107485,107158,106750,106338
Nicaragua,Nicaragua,126,NIC,558,NIC,Latin America and the Caribbean,Latin America and the Caribbean,"","",Latin America,"",Latin America and Caribbean,Programme countries,"","",Americas,Latin America and the Caribbean,Latin America and the Caribbean (excluding high-income),Middle income,Lower middle income,Low and middle income,Latin America and the Caribbean,"",Excluding least developed countries,Excluding China,"","","","",Countdown,"","","",Non-fragile,Non-fragile,Non-fragile,Non-fragile,Non-fragile,Non-fragile,"",Non-fragile,non-FCS,non-FCS,"",non-FCS,"","",Americas,Latin America and the Caribbean,Central America,Latin America and the Caribbean,"","","","","",Latin America and the Caribbean,Latin America and the Caribbean,Central America,Latin America and the Caribbean,"","","","","",Non conflict,Latin America and Caribbean,"",Latin America and Caribbean,"",Lower middle income,Low and middle income,Latin America and Caribbean,"",Lower middle income,Low and middle income,Latin American and Caribbean Group (GRULAC),"",GAVI,Latin America and Caribbean,Non-humanitarian,Non-high burden,"",Latin America and the Caribbean,Latin America and Caribbean,LiST,"",LiSTSBR,"","","","","","","","","","","",ECLAC_All countries,"","",ECLAC_Latin America,"","","","","","","",ESCAP_Latin America (LAC),"","","","","","","","","","","","","","","","","","",31927,33083,33765,34514,35346,36246,37162,38078,39015,39961,40872,41834,42790,43809,44833,45974,47234,48712,50297,51919,53711,55547,57021,58706,60313,61867,63333,64671,65817,66969,68108,69217,70387,71231,71917,72552,73062,73506,74026,74304,74488,74659,74613,74469,74004,73505,73007,72134,71291,70693,70080,69545,69133,68813,68546,68393,68620,68995,69440,69953,70443,70895,71295,71600,71823,71950,71962,71845,71631,71337,70957,70622,69978,69443,68981,68716,68340,67840,67499,67288,66872,66584,66319,66157,65991,65655,65288,65168,64881,64458,64226,63912,63668,63177,62855,62566,62227,61932,61473,61060,60550,60137,59786,59500,59121,58757,58444,57998,57539,57100,56584,56339,55989,55568,55035,54657,54279,53772,53222,52909,52464,52274,52156,51922,51584,51143,50709,50319,50016,49873,49386,48948,48701,48402,48089,47604,47177,46831,46488,46181,46019,45541,45037,44587,44279,43905,43538,43191,42740,42498,94542,99857,105716,110958,115487,119177,122403,125837,129440,133152,136895,140650,144476,148350,152289,156329,160508,164948,169796,175165,181012,187327,193547,199835,206645,213409,219911,226181,231957,237181,242224,247197,252034,256893,261587,265863,269773,273210,276297,279321,282168,284675,286851,288484,289559,290040,289737,288935,287291,285037,282734,280241,277841,275797,274016,272535,271256,270442,270330,270969,272365,274229,276221,278210,280060,281667,282982,283937,284486,284599,284275,283743,282887,281682,280050,278183,276290,274581,273006,271500,270084,268661,267337,266163,265038,264076,263205,262233,261241,260206,259056,257952,256806,255577,254346,253022,251674,250288,248968,247671,246219,244620,242878,241152,239560,238094,236711,235367,233944,232394,230775,229005,227257,225688,224161,222627,221008,219309,217558,215751,213984,212206,210576,209358,208370,207450,206437,205109,203556,201970,200584,199307,197953,196615,195216,193839,192532,191080,189520,187933,186437,185185,183969,182575,181033,179349,177665,176120,174692,173220
Niger,Niger,36,NER,562,NIG,Sub-Saharan Africa,Sub-Saharan Africa,West Africa,Least developed countries,"",LLDC,West and Central Africa,Programme countries,"","",Africa,Sub-Saharan Africa,Sub-Saharan Africa (excluding high-income),Low income,Low income,Low and middle income,Africa,Sub-Saharan Africa,Least developed countries,Excluding China,OIC,Africa,OIC Low income,"",Countdown,West Africa,Africa,Western Africa,Non-fragile,Non-fragile,Non-fragile,Non-fragile,Non-fragile,Fragile,Other Fragile,Fragile,Fragile and Conflict-affected Situation,Fragile and Conflict-affected Situation,Medium-intensity Conflict,Fragile and Conflict-affected Situation,Conflict,"",Africa,Western Africa,"",Sub-Saharan Africa,"",Least developed countries,Landlocked developing countries,"","",Sub-Saharan Africa,Sub-Saharan Africa,Western Africa,Sub-Saharan Africa (inc. Sudan),Least Developed Countries (LDCs),Landlocked developing countries (LLDCs),"","",Global Strategy,Conflict,Sub-Saharan Africa,West and Central Africa,Sub-Saharan Africa,West and Central Africa,Low income,Low and middle income,Sub-Saharan Africa,West and Central Africa,Low income,Low and middle income,African Group,Economic Community of West African States,GAVI,West and Central Africa,Non-humanitarian,High burden,Fragile,West and Central Africa,West and Central Africa,LiST,"",LiSTSBR,"","","","","","","","","","",ECA_West Africa,ECA_All countries,"","","","","","","","","","",ESCAP_Africa (AFR),ECA_African Union Commission,ECA_ECOWAS,"",ECA_CEN-SAD,ECA_Sahel,ECA_Land-locked countries,ECA_Land-locked LDCs,ECA_Oil producing economies,ECA_Least developed countries,ECA_Mineral-rich countries,ECA_Non-Oil LDCs,ECA_Oil LDCs,ECA_Sub-Saharan Africa,"","","","","",63674,72492,74879,77160,79404,81696,83944,86253,88687,91181,93727,96222,98737,101307,103898,106310,108915,111619,114144,116801,119692,122651,125735,129047,132614,136356,140242,144484,149867,155825,161932,167761,172716,177295,182816,187887,191982,196869,201370,206096,212216,218242,224166,230650,237461,246078,255190,263635,271933,279929,288405,296974,305792,314933,324366,334098,343702,354160,365388,376994,389255,400847,411821,425708,439417,454809,472676,490378,507506,524675,541837,559238,577673,595371,614888,635046,653741,673208,692689,712951,730205,749505,770178,788355,808450,827595,846606,865895,886826,904126,919844,941646,959450,976788,992120,1011850,1027138,1046724,1063157,1079424,1094049,1105873,1120546,1134822,1147755,1161515,1174080,1186141,1190261,1200681,1211382,1225662,1235563,1244311,1260719,1273237,1282617,1285962,1293379,1301197,1307645,1314606,1320917,1330191,1334285,1342789,1344598,1348138,1351963,1360749,1363210,1368196,1373779,1377819,1380280,1384261,1390174,1388732,1391179,1388233,1391679,1391757,1390728,1392510,1394672,1390765,1390826,1387544,1387804,1389487,176631,180052,194115,210535,230657,245360,252684,259953,267237,274730,282461,290451,298661,306947,315222,323455,331578,339709,347758,355354,362688,369910,377288,385261,393960,403605,414428,426488,439838,454834,471513,489414,507861,525324,540832,555223,569074,582429,596436,611063,626374,644044,663982,686057,710981,738289,768717,802427,838037,874922,911537,947802,984784,1022988,1063069,1104753,1147749,1191803,1236841,1283358,1331377,1381261,1432221,1483140,1534092,1586498,1641501,1701799,1766271,1833716,1903142,1973028,2042562,2112213,2181978,2253190,2327152,2402768,2479556,2557149,2634697,2711560,2787669,2864575,2940908,3017844,3096301,3173549,3250741,3329063,3406668,3481500,3556357,3630932,3703799,3776680,3848167,3917287,3986593,4057746,4127338,4194856,4257948,4316325,4373250,4428340,4483792,4539091,4592026,4639114,4680133,4719021,4758388,4802116,4847577,4895032,4944460,4992423,5037240,5074447,5104924,5131896,5159554,5188442,5217377,5245801,5273821,5300260,5321268,5339573,5358180,5377273,5397442,5419242,5439268,5456886,5474181,5491116,5505260,5516659,5524541,5527661,5530705,5532668,5535368,5539834,5541244,5541348,5539409,5533875
Nigeria,Nigeria,46,NGA,566,NGR,Sub-Saharan Africa,Sub-Saharan Africa,West Africa,"","","",West and Central Africa,Programme countries,"","",Africa,Sub-Saharan Africa,Sub-Saharan Africa (excluding high-income),Middle income,Lower middle income,Low and middle income,Africa,Sub-Saharan Africa,Excluding least developed countries,Excluding China,OIC,Africa,OIC Lower middle income,OIC Middle income,Countdown,West Africa,Africa,Western Africa,Non-fragile,Non-fragile,Non-fragile,Non-fragile,Non-fragile,Fragile,Other Fragile,Fragile,Fragile and Conflict-affected Situation,Fragile and Conflict-affected Situation,Medium-intensity Conflict,Fragile and Conflict-affected Situation,Conflict,USAID,Africa,Western Africa,"",Sub-Saharan Africa,"","","","","",Sub-Saharan Africa,Sub-Saharan Africa,Western Africa,Sub-Saharan Africa (inc. Sudan),"","",HAC,"",Global Strategy,Conflict,Sub-Saharan Africa,West and Central Africa,Sub-Saharan Africa,West and Central Africa,Lower middle income,Low and middle income,Sub-Saharan Africa,West and Central Africa,Lower middle income,Low and middle income,African Group,Economic Community of West African States,GAVI,West and Central Africa,Humanitarian,High burden,Fragile,West and Central Africa,West and Central Africa,LiST,"",LiSTSBR,"","","","","","","","","","",ECA_West Africa,ECA_All countries,"","","","","","","","","","",ESCAP_Africa (AFR),ECA_African Union Commission,ECA_ECOWAS,"",ECA_CEN-SAD,ECA_Sahel,"","",ECA_Oil producing economies,"","","","",ECA_Sub-Saharan Africa,"","","","","",739714,763996,778547,794686,811155,828251,846419,864909,883425,901338,921974,944705,969240,992888,1016282,1039923,1064684,1087831,1113058,1139709,1168762,1204558,1241050,1279734,1327349,1377290,1422238,1468651,1519407,1562426,1600489,1639206,1676563,1717643,1735342,1758592,1780913,1807110,1841752,1891334,1937290,1981253,2030519,2087168,2145830,2200927,2249230,2291882,2336594,2409671,2494665,2573429,2648715,2719465,2784132,2856695,2928322,2998650,3078296,3151983,3216608,3283086,3336110,3376717,3421900,3466285,3518853,3572588,3624667,3678519,3733981,3792802,3837756,3888001,3948608,3997836,4045765,4095550,4140357,4192378,4228298,4269072,4299222,4328612,4358921,4373508,4388383,4412110,4443444,4456313,4465137,4481900,4481245,4490578,4505499,4493145,4490754,4495637,4500616,4496950,4511691,4494872,4479325,4460660,4453368,4457811,4461614,4460231,4449269,4434329,4429666,4445519,4466812,4442203,4433660,4405812,4379929,4383821,4366933,4343547,4320591,4297961,4304466,4291449,4276533,4243354,4227416,4207562,4183807,4171463,4150715,4136861,4121139,4098853,4092712,4068582,4034162,4021536,4005446,3986200,3966114,3957564,3942028,3915214,3903412,3878522,3868021,3840873,3823241,3806591,2405362,2393750,2405253,2440071,2503539,2570385,2628443,2688840,2751359,2814921,2881359,2950727,3024435,3104256,3189596,3276748,3364367,3447677,3528617,3612514,3701082,3799060,3911833,4041103,4184457,4346035,4523256,4707840,4898920,5091921,5279061,5457892,5624943,5777099,5882268,6015514,6131606,6232930,6321702,6412667,6526825,6665747,6820541,6991622,7173060,7366834,7573125,7783574,7987122,8181320,8390128,8636221,8918233,9230254,9547667,9848752,10141477,10433542,10724910,11026771,11332893,11630876,11921535,12190163,12422948,12630830,12818304,13003281,13204512,13415654,13636396,13866179,14093191,14312629,14524550,14738967,14950776,15160432,15372126,15572513,15768559,15960113,16139008,16306220,16453081,16588163,16706979,16804630,16895336,16985326,17075110,17159957,17238038,17293945,17333845,17379482,17409320,17424021,17438820,17444889,17452135,17474308,17489414,17480272,17455440,17412176,17373213,17357760,17358551,17363272,17352913,17329359,17314227,17326883,17346404,17355889,17339116,17273915,17208187,17154512,17095671,17042053,16973199,16905829,16858230,16817078,16772706,16709204,16632421,16549292,16474346,16407034,16338919,16279031,16216250,16156744,16098956,16023608,15946216,15869201,15789156,15720691,15660488,15601154,15537637,15475356,15408176,15335297,15265955,15192252
Niue,Niue,80,NIU,570,NIU,Oceania,Oceania,"","","",SIDS,East Asia and Pacific,Programme countries,"","",Western Pacific,"","","","","",Oceania,"",Excluding least developed countries,Excluding China,"","","","","","","","","","","","","",Non-fragile,"",Non-fragile,non-FCS,non-FCS,"","","","",Oceania,Polynesia,"",Oceania,Oceania (exc. Australia and New Zealand),"",Small island developing States,South Eastern Asia and Oceania (excl. Australia and New Zealand),"",Oceania (exc. Australia and New Zealand),Oceania,Polynesia,Oceania,"",Small island developing States (SIDS),"","","",Non conflict,East Asia and Pacific,"","","","","","","","","","","","",East Asia and the Pacific,Non-humanitarian,Non-high burden,"","","","","","",EAPR Program Countries,EAPR Program Countries (excluding China),Pacific Program Countries,Pacific Program Countries (excluding PNG),EAPR Countries,EAPR Countries (excluding China),Pacific Countries,Pacific Countries (excluding PNG),"","","","","","","",ESCAP_ADB Group B (ADB_DMC_B),ESCAP_Pacific island developing economies (PIDE),"","","","",ESCAP_PACIFIC (PAC),ESCAP_All countries,ESCAP_ADB Developing member countries (ADB_DMC),"","","","","","","","","","","","",ESCAP_Countries with Special Needs,ESCAP_Small Islands Developing States,"","","",95,98,102,105,106,107,109,112,111,111,110,109,109,111,112,112,113,112,109,105,100,95,89,84,78,72,67,62,61,59,57,54,52,49,45,41,37,33,32,32,31,30,29,28,26,25,24,22,21,20,19,18,18,18,18,18,18,18,18,17,17,16,15,15,14,14,13,13,13,13,14,14,14,14,14,14,14,14,14,15,15,15,15,16,16,16,17,17,17,17,17,17,17,17,17,17,17,16,16,16,15,15,15,14,14,14,14,14,14,14,14,14,14,14,14,14,14,14,14,14,14,14,14,14,14,14,14,14,14,13,13,13,13,13,13,12,12,12,12,12,12,12,12,12,12,12,12,12,12,12,246,273,308,336,349,352,356,366,387,402,407,406,403,412,421,427,431,427,413,401,389,382,366,338,310,286,266,250,236,224,212,205,200,189,173,159,144,134,127,122,116,109,105,103,102,99,96,93,89,81,74,68,64,61,59,57,57,60,64,68,69,70,71,71,69,66,65,62,59,60,60,56,54,54,55,56,56,56,56,56,56,57,58,59,61,62,63,64,65,66,67,68,68,68,68,68,68,68,67,66,65,63,62,61,59,58,57,56,56,56,56,56,56,56,56,56,56,56,56,56,56,56,56,56,56,56,56,56,56,56,55,54,53,52,52,52,51,50,49,48,48,48,48,48,48,48,48,48,48,48
Norway,Norway,186,NOR,578,NOR,"","","","","","",Non-programme countries,"","","",Europe,Europe and Central Asia,"",High income,High income,"",Europe,"","","","","","","","","","","","","","","","",Non-fragile,"","",non-FCS,non-FCS,"",non-FCS,"","",Europe,Northern Europe,"",Europe and Northern America,Europe,"","","North America, Europe, Australia and New Zealand","Australia and New Zealand, Central Asia, Europe and North America",Europe and Northern America,Europe,Northern Europe,"","","","","","","",Europe and Central Asia,Western Europe,"","","","","","","","",Western European and Others Group (WEOG),"","",High Income Countries,Non-humanitarian,Non-high burden,"","","","","","","","","","","","","","","","","",ECE_All countries,"","","","","","","","","","",ESCAP_Europe (Europe),"","","","","","","","","","","","","","","","","","",31475,30704,31330,31600,31395,31723,32055,31505,31712,31531,31057,31509,31298,31979,33135,33674,34145,33923,34177,34366,33200,33219,32697,31309,30434,28785,27375,26191,26323,26313,26082,25906,26059,25651,25634,25977,26666,27368,28977,30100,30947,31073,30823,30604,30712,30884,31168,30700,30076,30188,30305,29161,28388,28734,29015,28987,29627,29783,30583,31298,31159,30721,30587,30074,30054,30136,30172,29255,28439,28055,27656,27613,27760,27998,28251,28423,28582,28753,28885,29052,29196,29359,29487,29684,29889,30141,30341,30591,30843,30933,30966,30986,31028,31008,30893,30702,30574,30586,30421,30226,30043,29959,29781,29796,29783,29791,29854,29934,29927,30029,30073,30167,30381,30539,30724,30828,30915,31075,31244,31441,31520,31612,31631,31682,31688,31675,31678,31813,31777,31775,31649,31572,31556,31472,31420,31341,31331,31397,31532,31589,31730,31776,31803,31887,31909,31938,31991,32082,32215,32286,125155,131498,127529,124995,124228,124313,125065,126001,126382,126615,126761,126071,125569,125522,125463,126644,128870,130842,133148,134697,135648,135612,135051,134141,131762,128814,125110,120165,114909,110368,107347,105756,105233,105084,104701,104150,104194,104684,106074,108921,112711,116754,120742,123760,125092,125009,124524,124372,124737,124524,124206,123246,121759,120233,118790,117686,117304,118438,120264,122108,124780,127001,128400,129021,128166,126541,125247,124419,123659,121918,119670,116396,113487,112466,112240,113017,114182,115022,115802,116483,117108,117730,118340,118943,119564,120235,120985,121816,122706,123645,124507,125189,125670,125928,126037,126020,125815,125419,124974,124528,124051,123544,122954,122314,121797,121482,121286,121265,121393,121538,121737,121970,122196,122560,123063,123658,124325,124911,125437,125966,126539,127155,127717,128163,128454,128644,128747,128793,128890,129004,129096,129123,128959,128717,128451,128185,127963,127734,127598,127644,127847,128192,128589,128902,129181,129414,129574,129753,129947,130207
Federated States of Micronesia,Micronesia (Federated States of),77,FSM,583,FSM,Oceania,Oceania,"","","",SIDS,East Asia and Pacific,Programme countries,"","",Western Pacific,East Asia and Pacific,East Asia and Pacific (excluding high-income),Middle income,Lower middle income,Low and middle income,Oceania,"",Excluding least developed countries,Excluding China,"","","","","","","","",Fragile,Fragile,Fragile,Fragile,Fragile,Non-fragile,"",Fragile,Fragile and Conflict-affected Situation,Fragile and Conflict-affected Situation,High Institutional and Social Fragility,Fragile and Conflict-affected Situation,Institutional and Social Fragility,"",Oceania,Micronesia,"",Oceania,Oceania (exc. Australia and New Zealand),"",Small island developing States,South Eastern Asia and Oceania (excl. Australia and New Zealand),"",Oceania (exc. Australia and New Zealand),Oceania,Micronesia,Oceania,"",Small island developing States (SIDS),"","","",Non conflict,East Asia and Pacific,"","","","","",East Asia and Pacific,"",Lower middle income,Low and middle income,Asia-Pacific Group,"","",East Asia and the Pacific,Non-humanitarian,Non-high burden,Fragile,"","","","","",EAPR Program Countries,EAPR Program Countries (excluding China),Pacific Program Countries,Pacific Program Countries (excluding PNG),EAPR Countries,EAPR Countries (excluding China),Pacific Countries,Pacific Countries (excluding PNG),"","","","","","","",ESCAP_ADB Group A (ADB_DMC_A),ESCAP_Pacific island developing economies (PIDE),"","","","",ESCAP_PACIFIC (PAC),ESCAP_All countries,ESCAP_ADB Developing member countries (ADB_DMC),"","","","","","","","","","","","",ESCAP_Countries with Special Needs,ESCAP_Small Islands Developing States,ESCAP_WB Lower Middle Income Economies,"","",650,696,715,735,754,774,797,822,847,873,900,931,963,997,1027,1055,1087,1123,1158,1194,1236,1274,1297,1316,1335,1354,1383,1415,1448,1482,1509,1539,1568,1593,1613,1629,1643,1659,1678,1680,1685,1696,1711,1745,1769,1785,1807,1808,1802,1785,1759,1725,1660,1606,1560,1514,1461,1407,1369,1334,1301,1283,1263,1249,1233,1216,1212,1204,1196,1193,1186,1193,1199,1211,1217,1225,1231,1238,1244,1242,1238,1228,1218,1206,1197,1191,1176,1162,1147,1132,1116,1101,1088,1075,1058,1046,1035,1022,1017,1008,998,994,991,984,982,976,972,964,956,950,946,938,929,919,909,901,889,879,864,850,837,826,814,803,790,778,766,754,742,733,722,712,703,697,686,680,675,669,661,652,645,636,628,620,613,605,594,584,576,566,2017,2113,2258,2408,2562,2681,2760,2843,2932,3026,3127,3241,3357,3476,3592,3713,3836,3962,4090,4221,4363,4512,4658,4799,4925,5031,5074,5128,5209,5365,5526,5676,5806,5928,6041,6147,6242,6324,6395,6445,6489,6524,6559,6689,6808,6823,6696,6601,6518,6435,6321,6279,6286,6218,6068,5837,5598,5405,5246,5145,5097,5087,5096,5060,4981,4898,4837,4787,4748,4715,4690,4683,4680,4690,4711,4739,4770,4803,4831,4859,4881,4892,4891,4871,4840,4801,4763,4723,4681,4633,4578,4518,4459,4400,4343,4286,4229,4176,4124,4076,4040,4002,3970,3945,3920,3902,3885,3867,3848,3824,3799,3773,3748,3721,3691,3657,3620,3581,3541,3499,3451,3399,3347,3295,3246,3201,3152,3103,3055,3008,2962,2917,2875,2836,2799,2763,2730,2699,2672,2646,2619,2590,2557,2526,2492,2461,2429,2397,2360,2324
Marshall Islands,Marshall Islands,78,MHL,584,MSI,Oceania,Oceania,"","","",SIDS,East Asia and Pacific,Programme countries,"","",Western Pacific,East Asia and Pacific,East Asia and Pacific (excluding high-income),Middle income,Upper middle income,Low and middle income,Oceania,"",Excluding least developed countries,Excluding China,"","","","","","","","",Fragile,Fragile,Fragile,Fragile,Fragile,Non-fragile,"",Fragile,Fragile and Conflict-affected Situation,Fragile and Conflict-affected Situation,High Institutional and Social Fragility,Fragile and Conflict-affected Situation,Institutional and Social Fragility,"",Oceania,Micronesia,"",Oceania,Oceania (exc. Australia and New Zealand),"",Small island developing States,South Eastern Asia and Oceania (excl. Australia and New Zealand),"",Oceania (exc. Australia and New Zealand),Oceania,Micronesia,Oceania,"",Small island developing States (SIDS),"","","",Non conflict,East Asia and Pacific,"","","","","",East Asia and Pacific,"",Upper middle income,Low and middle income,Asia-Pacific Group,"","",East Asia and the Pacific,Non-humanitarian,Non-high burden,Fragile,"","","","","",EAPR Program Countries,EAPR Program Countries (excluding China),Pacific Program Countries,Pacific Program Countries (excluding PNG),EAPR Countries,EAPR Countries (excluding China),Pacific Countries,Pacific Countries (excluding PNG),"","","","","","","",ESCAP_ADB Group A (ADB_DMC_A),ESCAP_Pacific island developing economies (PIDE),"","","","",ESCAP_PACIFIC (PAC),ESCAP_All countries,ESCAP_ADB Developing member countries (ADB_DMC),"","","","","","","","","","","","",ESCAP_Countries with Special Needs,ESCAP_Small Islands Developing States,ESCAP_WB Upper Middle Income Economies,"","",291,293,298,305,314,323,328,332,332,336,349,361,374,388,404,422,439,456,480,515,546,571,593,614,637,671,698,725,750,774,794,819,850,878,905,930,953,973,980,981,980,975,971,969,969,964,959,954,955,958,959,955,947,941,936,928,920,904,877,848,818,790,736,693,650,611,574,543,512,481,450,421,391,385,382,379,379,382,386,389,394,398,405,410,413,417,423,425,426,427,428,427,425,422,418,413,408,402,397,391,385,380,375,370,368,365,361,359,357,356,354,354,354,353,354,354,353,354,352,350,349,348,347,344,341,339,338,335,331,327,324,321,317,315,312,310,306,305,303,300,298,297,296,295,294,292,290,289,290,288,1053,1067,1077,1088,1100,1110,1128,1146,1162,1183,1217,1257,1305,1355,1409,1465,1525,1584,1678,1808,1933,2001,2047,2114,2186,2284,2392,2498,2606,2706,2796,2882,2991,3118,3253,3384,3505,3609,3695,3743,3731,3726,3714,3712,3707,3693,3674,3653,3637,3628,3592,3544,3489,3417,3331,3243,3185,3168,3164,3149,3140,3172,3150,3089,2986,2795,2592,2430,2278,2137,2006,1881,1761,1699,1634,1581,1541,1519,1513,1515,1522,1536,1551,1569,1590,1609,1628,1647,1663,1677,1686,1694,1697,1697,1695,1686,1676,1659,1641,1621,1598,1576,1554,1532,1512,1493,1477,1461,1449,1438,1429,1422,1415,1412,1410,1409,1409,1410,1408,1408,1404,1401,1395,1390,1383,1376,1369,1361,1350,1342,1332,1318,1304,1290,1278,1264,1253,1243,1232,1222,1213,1204,1196,1189,1182,1178,1174,1168,1163,1159
Panama,Palau,81,PLW,585,PAL,Oceania,Oceania,"","","",SIDS,East Asia and Pacific,Programme countries,"","",Western Pacific,East Asia and Pacific,East Asia and Pacific (excluding high-income),Middle income,Upper middle income,Low and middle income,Oceania,"",Excluding least developed countries,Excluding China,"","","","","","","","","","","","","",Non-fragile,"","",non-FCS,non-FCS,"",non-FCS,"","",Oceania,Micronesia,"",Oceania,Oceania (exc. Australia and New Zealand),"",Small island developing States,South Eastern Asia and Oceania (excl. Australia and New Zealand),"",Oceania (exc. Australia and New Zealand),Oceania,Micronesia,Oceania,"",Small island developing States (SIDS),"","","",Non conflict,East Asia and Pacific,"","","","","","","","","",Asia-Pacific Group,"","",East Asia and the Pacific,Non-humanitarian,Non-high burden,"","","","","","",EAPR Program Countries,EAPR Program Countries (excluding China),Pacific Program Countries,Pacific Program Countries (excluding PNG),EAPR Countries,EAPR Countries (excluding China),Pacific Countries,Pacific Countries (excluding PNG),"","","","","","","",ESCAP_ADB Group B (ADB_DMC_B),ESCAP_Pacific island developing economies (PIDE),"","","","",ESCAP_PACIFIC (PAC),ESCAP_All countries,ESCAP_ADB Developing member countries (ADB_DMC),"","","","","","","","","","","","",ESCAP_Countries with Special Needs,ESCAP_Small Islands Developing States,ESCAP_WB High Income Economies,"","",155,152,149,150,155,165,173,180,187,192,195,195,195,194,193,192,191,190,185,186,183,187,187,183,178,171,166,158,150,144,138,135,142,147,152,155,158,159,162,166,170,170,175,182,184,182,175,162,151,144,137,139,141,141,141,141,140,138,137,135,133,132,132,132,129,124,125,121,138,142,141,140,138,136,134,133,132,130,128,127,126,124,123,121,120,119,118,118,117,116,115,115,114,114,114,113,113,113,113,113,113,113,112,111,111,110,109,107,106,105,104,103,102,100,99,98,98,97,96,95,94,94,94,93,93,92,92,91,91,90,90,89,89,88,87,86,85,85,84,83,82,81,80,79,79,78,77,76,75,75,542,571,585,586,581,597,630,664,690,699,711,726,741,755,768,786,805,821,790,749,712,722,756,783,786,751,717,687,661,636,608,583,579,590,611,638,663,662,650,644,642,648,659,673,692,717,751,778,768,733,679,623,589,572,562,553,541,540,546,551,551,544,533,523,514,520,523,517,508,505,518,535,552,560,555,549,541,535,528,521,516,510,505,499,494,488,482,478,474,471,468,465,461,459,456,453,452,452,452,451,450,450,448,448,447,446,442,439,434,430,426,422,418,413,409,402,398,395,391,388,385,381,379,376,373,372,370,369,366,365,363,362,358,357,355,352,349,346,343,340,336,333,329,326,322,319,315,312,309,305
Pakistan,Pakistan,73,PAK,586,PAK,Southern Asia,Southern Asia excluding India,"","","","",South Asia,Programme countries,MENAEMRO,"",Eastern Mediterranean,South Asia,South Asia (excluding high-income),Middle income,Lower middle income,Low and middle income,Asia,"",Excluding least developed countries,Excluding China,OIC,Asia/other,OIC Lower middle income,OIC Middle income,Countdown,"","","",Non-fragile,Non-fragile,Non-fragile,Non-fragile,Non-fragile,Fragile,Other Fragile,Non-fragile,non-FCS,non-FCS,"",non-FCS,"",USAID,Asia,Southern Asia,"",Central and Southern Asia,Southern Asia,"","","","",Central and Southern Asia,Asia,Southern Asia,Southern Asia,"","",HAC,HAC,Global Strategy,Conflict,South Asia,"",South Asia,"",Lower middle income,Low and middle income,South Asia,"",Lower middle income,Low and middle income,Asia-Pacific Group,"",GAVI,South Asia,Non-humanitarian,High burden,"",South Asia,South Asia,LiST,LiSTSBR,LiSTSBR,"","","","","","","","","","","","","","","",ESCAP_ADB Group B (ADB_DMC_B),ESCAP_SAARC (SAARC),ESCAP_ECO (ECO),"","","",ESCAP_South and South-West Asia (SSWA),ESCAP_All countries,ESCAP_ADB Developing member countries (ADB_DMC),"","","","","","","","","","","","","","",ESCAP_WB Lower Middle Income Economies,"","",697304,709715,732835,756185,779761,803965,829291,855613,882751,909921,937984,966900,992621,1017596,1042474,1067247,1092603,1118509,1142875,1165078,1192734,1220452,1254296,1290974,1325983,1363224,1404055,1452626,1503711,1554318,1620172,1713781,1812492,1897149,1962715,2015470,2087638,2164406,2243165,2314515,2373319,2421572,2461842,2468156,2498083,2519823,2550968,2576729,2608456,2645133,2673680,2725962,2772567,2781150,2791126,2801207,2813544,2876610,2927880,2972640,3028362,3076581,3113013,3126799,3108254,3074676,3067729,3069409,3078315,3094415,3113089,3124867,3147548,3172339,3193388,3218000,3249619,3284915,3311359,3331635,3356183,3382088,3407460,3426142,3444972,3463913,3486025,3483208,3494150,3496529,3492783,3480084,3494657,3504690,3503630,3498444,3502030,3486517,3479976,3462700,3471243,3475658,3477629,3466532,3471868,3469481,3471763,3467512,3474796,3473828,3472607,3463641,3451726,3461563,3449266,3446017,3433331,3417734,3408012,3396015,3378888,3362914,3354968,3337979,3321013,3308200,3303340,3272646,3261995,3251393,3236562,3221984,3221726,3208200,3201295,3180364,3170897,3168146,3171139,3151929,3143940,3125426,3110054,3091813,3080207,3060415,3047966,3033175,3008628,3002322,2306411,2281607,2271849,2298409,2362784,2455223,2560377,2667101,2775873,2887320,3001098,3116883,3231598,3345798,3458008,3567034,3672459,3776471,3880028,3982244,4081269,4173140,4267908,4377869,4502512,4637803,4779684,4927033,5083453,5254070,5444364,5667612,5923782,6209413,6514127,6815122,7106459,7373938,7640511,7912947,8198818,8478526,8732568,8924547,9097914,9233452,9365437,9483377,9608635,9738429,9874839,10032386,10187912,10332988,10466368,10576740,10660736,10718253,10806521,10948048,11124073,11336509,11541661,11709028,11852243,11940233,11971406,11954331,11931223,11924821,11957301,12027662,12105431,12189499,12277414,12363570,12455571,12558810,12671243,12791232,12909910,13021857,13125385,13224549,13323086,13417288,13504787,13587635,13656756,13711139,13753949,13773958,13777383,13780314,13789930,13804296,13823566,13839624,13834784,13815613,13788756,13759011,13744159,13743250,13748403,13754174,13753971,13750866,13752255,13757913,13764822,13770344,13771330,13759381,13744395,13729673,13711822,13697028,13666867,13625749,13582524,13532107,13479868,13428547,13375283,13319534,13265890,13215459,13158758,13098598,13043485,12983444,12927308,12885353,12845944,12808955,12772445,12727182,12683549,12651042,12623794,12597717,12563671,12511736,12451964,12391480,12328398,12266393,12207674,12143473
Panama,Panama,127,PAN,591,PAN,Latin America and the Caribbean,Latin America and the Caribbean,"","",Latin America,"",Latin America and Caribbean,Programme countries,"","",Americas,Latin America and the Caribbean,"",High income,High income,"",Latin America and the Caribbean,"",Excluding least developed countries,Excluding China,"","","","",Countdown,"","","",Non-fragile,Non-fragile,Non-fragile,Non-fragile,"",Non-fragile,"","",non-FCS,non-FCS,"",non-FCS,"","",Americas,Latin America and the Caribbean,Central America,Latin America and the Caribbean,"","","","","",Latin America and the Caribbean,Latin America and the Caribbean,Central America,Latin America and the Caribbean,"","","","","",Non conflict,Latin America and Caribbean,"","","","","","","","","",Latin American and Caribbean Group (GRULAC),"","",Latin America and Caribbean,Non-humanitarian,Non-high burden,"",Latin America and the Caribbean,Latin America and Caribbean,LiST,"",LiSTSBR,"","","","","","","","","","","",ECLAC_All countries,"","",ECLAC_Latin America,"","","","","","","",ESCAP_Latin America (LAC),"","","","","","","","","","","","","","","","","","",16532,17018,17557,18114,18629,19179,19736,20340,20949,21612,22316,23062,23835,24582,25177,25680,26200,26640,27023,27353,27626,27949,28208,28295,28387,28469,28522,28623,28778,29079,29505,30047,30583,31205,31531,31731,32017,32228,32459,32753,32952,32721,32871,33117,33402,33742,34124,34487,34840,35154,35398,35690,35931,36221,36902,37094,37198,37564,38022,38302,38579,39333,39940,40048,40194,40261,40208,40126,39769,39165,39010,39002,38869,38837,38907,38924,38957,38955,38955,38910,38915,38996,39034,39050,39039,38975,38894,38757,38694,38521,38452,38222,38159,38118,37939,37788,37641,37621,37418,37172,36879,36663,36536,36454,36268,36145,36008,35806,35638,35547,35402,35090,34974,34930,34837,34732,34530,34400,34166,34157,33961,33833,33592,33480,33384,33169,33024,32813,32769,32444,32269,32086,31898,31705,31524,31432,31217,31061,30873,30709,30641,30459,30415,30268,30119,29942,29857,29679,29559,29367,56969,58749,60582,62558,64615,66677,68813,70996,73215,75530,77959,80524,83229,86079,89027,91924,94614,97069,99272,101248,103068,104683,106141,107497,108661,109616,110362,110891,111350,111865,112532,113508,114890,116661,118757,120910,122791,124369,125613,126603,127636,128682,129424,129915,130363,130826,131655,132884,134252,135707,137180,138558,139831,141014,142130,143484,144994,146351,147692,148952,150146,151488,153120,155014,156861,158559,159850,160460,160683,160544,159744,158456,157209,156219,155660,155490,155401,155387,155472,155529,155523,155484,155485,155553,155669,155804,155845,155748,155517,155189,154783,154334,153843,153306,152855,152403,151932,151462,150955,150454,149884,149186,148312,147395,146624,145986,145441,144929,144337,143698,143098,142503,141838,141150,140524,139946,139510,139120,138624,138012,137393,136833,136270,135704,135073,134452,133836,133225,132611,131970,131300,130553,129817,129012,128211,127483,126791,126130,125471,124829,124138,123498,122922,122402,121966,121481,120957,120421,119844,119272
Papua New Guinea,Papua New Guinea,82,PNG,598,PAP,Oceania,Oceania,"","","",SIDS,East Asia and Pacific,Programme countries,"","",Western Pacific,East Asia and Pacific,East Asia and Pacific (excluding high-income),Middle income,Lower middle income,Low and middle income,Oceania,"",Excluding least developed countries,Excluding China,"","","","",Countdown,"","","",Non-fragile,Non-fragile,Non-fragile,Fragile,Fragile,Fragile,Other Fragile,Fragile,Fragile and Conflict-affected Situation,Fragile and Conflict-affected Situation,High Institutional and Social Fragility,Fragile and Conflict-affected Situation,Institutional and Social Fragility,"",Oceania,Melanesia,"",Oceania,Oceania (exc. Australia and New Zealand),"",Small island developing States,South Eastern Asia and Oceania (excl. Australia and New Zealand),"",Oceania (exc. Australia and New Zealand),Oceania,Melanesia,Oceania,"",Small island developing States (SIDS),"","",Global Strategy,Non conflict,East Asia and Pacific,"",East Asia and Pacific,"",Lower middle income,Low and middle income,East Asia and Pacific,"",Lower middle income,Low and middle income,Asia-Pacific Group,"",GAVI,East Asia and the Pacific,Non-humanitarian,High burden,Fragile,East Asia and Pacific,East Asia and Pacific,LiST,LiSTSBR,LiSTSBR,EAPR Program Countries,EAPR Program Countries (excluding China),Pacific Program Countries,"",EAPR Countries,EAPR Countries (excluding China),Pacific Countries,"","","","","","","","",ESCAP_ADB Group B (ADB_DMC_B),ESCAP_Pacific island developing economies (PIDE),"","","","",ESCAP_PACIFIC (PAC),ESCAP_All countries,ESCAP_ADB Developing member countries (ADB_DMC),"","","","","","","","","","","","",ESCAP_Countries with Special Needs,ESCAP_Small Islands Developing States,ESCAP_WB Lower Middle Income Economies,"","",31465,32558,33704,34876,35798,36775,37703,38653,39588,40409,41357,42353,43459,44468,45535,46595,47744,48849,49953,51083,52133,53084,53945,54454,54765,55071,55469,55884,56245,56578,57041,57815,58847,60232,61625,62987,64329,65679,67028,68348,69601,70849,72645,74936,77117,79165,81641,84329,87009,89852,92412,94984,97606,100146,102174,104281,106295,108175,110294,112174,114365,116358,117932,119479,120943,122032,123077,123978,125159,126004,127044,127459,127901,127631,127914,128547,129160,129169,129681,130191,130685,131515,132211,132406,132636,133062,133491,133889,134199,134165,134640,134708,134589,135047,134059,134831,135070,135022,134940,134604,134586,134309,134270,134201,133856,133230,132980,133338,132986,132388,132098,131505,131264,131016,131437,131095,130494,130635,130306,130166,130381,130065,129430,128768,128221,127829,127055,126062,125879,125339,125038,125060,124234,123888,123248,122645,121887,121447,120454,120096,119923,119717,119675,119087,118378,117548,117145,116253,115942,115479,102957,105885,109217,112811,116796,121181,125374,129403,133357,137350,141337,145306,150198,155026,160030,165034,169869,174414,179202,183886,188561,193138,197578,198778,200465,202334,204310,206127,207776,209461,211168,212935,217316,221614,226166,231016,236187,241703,247257,252754,257937,262131,268528,275650,283268,291316,299727,308696,317996,327704,338141,348870,358189,367896,377836,387705,397250,406269,414659,422873,431046,439190,447150,454774,461967,468677,474588,479862,484592,488909,493020,496656,500126,502593,504306,505280,506240,507545,509076,510859,512655,514306,516383,518965,521390,523508,525293,526746,528217,529847,531236,532422,533472,534111,534838,535009,534822,535278,535565,536094,536480,536120,535579,534947,534488,533967,533069,531904,530895,530100,529287,528467,527096,525322,523855,522943,522502,521934,521404,520666,519648,519236,518949,518213,517068,515255,513059,510792,508265,505790,503429,501234,499859,498581,497035,495441,493307,490931,488574,485961,483320,481160,479399,478256,477433,476125,474222,471844,469151,466558
Paraguay,Paraguay,128,PRY,600,PAR,Latin America and the Caribbean,Latin America and the Caribbean,"","",Latin America,LLDC,Latin America and Caribbean,Programme countries,"","",Americas,Latin America and the Caribbean,Latin America and the Caribbean (excluding high-income),Middle income,Upper middle income,Low and middle income,Latin America and the Caribbean,"",Excluding least developed countries,Excluding China,"","","","",Countdown,"","","",Non-fragile,Non-fragile,Non-fragile,Non-fragile,Non-fragile,Non-fragile,"",Non-fragile,non-FCS,non-FCS,"",non-FCS,"","",Americas,Latin America and the Caribbean,South America,Latin America and the Caribbean,"","",Landlocked developing countries,"","",Latin America and the Caribbean,Latin America and the Caribbean,South America,Latin America and the Caribbean,"",Landlocked developing countries (LLDCs),"","","",Non conflict,Latin America and Caribbean,"",Latin America and Caribbean,"",Upper middle income,Low and middle income,Latin America and Caribbean,"",Upper middle income,Low and middle income,Latin American and Caribbean Group (GRULAC),"","",Latin America and Caribbean,Non-humanitarian,Non-high burden,"",Latin America and the Caribbean,Latin America and Caribbean,LiST,"",LiSTSBR,"","","","","","","","","","","",ECLAC_All countries,"","",ECLAC_Latin America,"","","","","","","",ESCAP_Latin America (LAC),"","","","","","","","","","","","","","","","","","",32570,32998,33535,34073,34614,35150,35709,36308,36946,37633,38385,39215,40082,41000,41700,42204,42489,42614,42722,42883,43115,43284,43614,44245,45087,46068,47131,48464,49755,51617,53768,56229,58111,59922,61686,63313,64567,65826,67069,67947,68901,69700,70232,70639,71012,71186,71208,71083,70740,70288,69739,68906,67986,67114,66580,66232,66100,65972,65894,65792,65598,65606,65744,67106,68566,69707,70280,70385,70423,70172,69989,69833,69572,69285,68913,68514,68258,67701,67303,66710,66310,65711,65485,65147,64944,64587,64472,64370,64046,63896,63656,63505,63347,63192,63110,62910,62744,62577,62330,62262,61677,61426,60934,60669,60309,59852,59479,59124,58616,58055,57578,57228,56705,56114,55737,55355,54803,54429,54184,53702,53255,53014,52720,52451,52157,51991,51788,51598,50992,50682,50196,49848,49228,48960,48703,48428,48023,47655,47384,46728,46285,45856,45398,45120,44816,44328,44001,43561,43235,42899,113826,117433,120679,123379,125399,127336,129465,131634,133888,136256,138785,141508,144453,147622,151284,154849,158058,160680,162557,163793,164661,165410,166218,167221,168815,170889,173624,177046,181114,185705,190984,197304,204736,212844,221116,229113,236491,243187,249356,254998,259990,264477,268600,272089,275003,277400,279172,280381,281071,281118,280456,279116,276872,273825,269991,266440,263481,261365,259978,259155,258847,259040,259290,259590,260582,263043,266791,271222,275104,277554,278606,278891,278635,278002,277085,276023,274739,273402,271964,270372,268677,266804,264848,262976,261336,259921,258722,257694,256840,256025,255254,254524,253691,252938,252264,251665,251118,250533,249940,249246,248549,247684,246558,245281,243772,242313,240855,239348,237864,236240,234494,232645,230754,228865,226948,225076,223236,221356,219591,218006,216413,214824,213370,211943,210607,209468,208430,207472,206600,205577,204316,202845,201150,199391,197660,196080,194652,193363,192119,190804,189268,187526,185760,183853,182080,180586,179091,177638,176161,174581
Peru,Peru,129,PER,604,PER,Latin America and the Caribbean,Latin America and the Caribbean,"","",Latin America,"",Latin America and Caribbean,Programme countries,"","",Americas,Latin America and the Caribbean,Latin America and the Caribbean (excluding high-income),Middle income,Upper middle income,Low and middle income,Latin America and the Caribbean,"",Excluding least developed countries,Excluding China,"","","","","","","","",Non-fragile,Non-fragile,Non-fragile,Non-fragile,Non-fragile,Non-fragile,"",Non-fragile,non-FCS,non-FCS,"",non-FCS,"","",Americas,Latin America and the Caribbean,South America,Latin America and the Caribbean,"","","","","",Latin America and the Caribbean,Latin America and the Caribbean,South America,Latin America and the Caribbean,"","","","","",Non conflict,Latin America and Caribbean,"",Latin America and Caribbean,"",Upper middle income,Low and middle income,Latin America and Caribbean,"",Upper middle income,Low and middle income,Latin American and Caribbean Group (GRULAC),"","",Latin America and Caribbean,Non-humanitarian,Non-high burden,"",Latin America and the Caribbean,Latin America and Caribbean,LiST,"",LiSTSBR,"","","","","","","","","","","",ECLAC_All countries,"","",ECLAC_Latin America,"","","","","","","",ESCAP_Latin America (LAC),"","","","","","","","","","","","","","","","","","",166004,170671,175605,180708,185730,190924,196294,201673,207194,212468,217933,223586,229032,234306,239662,244822,249886,255139,259902,264754,268275,273554,278519,282558,286200,289374,292668,296007,299210,302525,305644,308756,312186,316149,319859,323671,327098,329486,331715,332674,332992,332745,330599,328553,326374,324083,321504,318990,316716,315050,314124,308700,306568,306361,310284,314473,316939,316543,313995,312801,310288,308212,303535,298797,294764,291304,290019,290596,292353,297930,299563,299887,299449,297753,295437,293394,292091,290284,289461,288404,287128,284733,282873,281788,280409,278876,278227,277063,275303,274328,273437,271422,269688,268900,267437,266036,265584,263773,262031,260405,258675,257146,255430,253946,253040,251389,250175,250218,247736,246113,243813,243443,242085,241106,239357,238252,237256,235617,234146,232820,231197,229511,228265,227412,226401,225018,222819,221534,219855,218297,217085,215295,214438,213457,212184,210831,209484,208634,208028,206189,204770,202736,201904,200776,199455,198326,197560,195498,194372,193365,515741,536348,555593,573938,591986,610295,629366,649203,669632,690570,712228,734228,756542,778792,801032,823220,845137,866682,888335,909859,928550,947026,968163,989872,1011079,1031057,1048859,1064485,1079721,1094532,1109430,1124823,1139668,1154636,1170465,1186823,1203834,1220966,1237152,1252234,1265380,1275574,1282592,1286376,1286645,1285145,1281268,1276010,1269927,1262997,1255846,1249385,1241474,1231733,1222886,1217374,1219371,1228301,1238836,1245511,1246299,1242498,1235865,1227604,1216343,1202781,1188163,1175282,1168228,1171566,1176878,1184715,1192150,1194623,1193067,1188006,1181370,1174514,1167847,1161883,1157101,1152600,1147633,1141729,1135291,1128804,1122716,1117737,1113225,1108371,1103678,1099158,1093989,1088441,1083056,1077396,1071784,1067248,1062684,1057368,1051879,1045544,1038765,1032233,1025757,1019831,1014222,1008778,1004486,999975,994595,988743,982096,975992,970826,966197,961370,956358,951202,945846,940555,934757,928650,922697,917127,912124,907559,902540,896790,890518,883843,877708,871762,865969,860968,856134,851489,846781,841875,837468,833083,828366,822972,816869,811169,805872,801092,796792,791904,786685
Philippines,Philippines,100,PHL,608,PHI,South-eastern Asia,South-eastern Asia,"","","","",East Asia and Pacific,Programme countries,"","",Western Pacific,East Asia and Pacific,East Asia and Pacific (excluding high-income),Middle income,Lower middle income,Low and middle income,Asia,"",Excluding least developed countries,Excluding China,"","","","",Countdown,"","","",Non-fragile,Non-fragile,Non-fragile,Non-fragile,Non-fragile,Non-fragile,"",Non-fragile,non-FCS,non-FCS,"",non-FCS,"","",Asia,South-Eastern Asia,"",Eastern and South-Eastern Asia,South-Eastern Asia,"","",South Eastern Asia and Oceania (excl. Australia and New Zealand),"",Eastern and South-Eastern Asia,Asia,South-Eastern Asia,South-Eastern Asia,"","","","","",Conflict,East Asia and Pacific,"",East Asia and Pacific,"",Lower middle income,Low and middle income,East Asia and Pacific,"",Lower middle income,Low and middle income,Asia-Pacific Group,"","",East Asia and the Pacific,Non-humanitarian,High burden,"",East Asia and Pacific,East Asia and Pacific,LiST,LiSTSBR,LiSTSBR,EAPR Program Countries,EAPR Program Countries (excluding China),"","",EAPR Countries,EAPR Countries (excluding China),"","",ASEAN Countries,"","","","","","",ESCAP_ADB Group C (ADB_DMC_C),ESCAP_ASEAN (ASEAN),"","","","",ESCAP_South-East Asia (SEA),ESCAP_All countries,ESCAP_ADB Developing member countries (ADB_DMC),"","","","","","","","","","","","","","",ESCAP_WB Lower Middle Income Economies,"","",416656,454516,472448,491947,511417,532497,554425,577423,600475,622485,644421,660727,672099,682512,692716,702396,709933,716849,724620,734684,744027,756460,763938,767170,774075,781515,799385,830235,856809,874391,883470,892749,911753,929669,939230,944351,950059,969534,988532,995136,1014381,1038562,1053550,1061298,1070079,1086746,1093131,1103389,1115540,1124911,1129210,1155686,1163609,1170288,1174002,1178930,1196031,1204924,1217065,1231234,1223161,1195796,1215829,1227296,1224728,1213762,1213512,1224647,1234519,1244827,1253873,1260751,1267046,1268686,1274099,1275258,1279856,1281399,1284483,1286670,1287427,1289732,1287883,1284360,1283729,1282692,1277780,1277480,1278877,1272794,1270793,1263795,1259608,1260544,1259168,1256074,1257467,1254335,1250714,1248010,1245948,1245101,1238599,1236187,1231318,1224348,1219952,1215123,1207504,1205041,1198506,1194587,1194061,1188400,1179488,1176875,1167012,1158235,1155753,1149136,1142871,1136661,1135062,1130433,1124602,1118652,1109025,1105325,1095453,1093180,1087528,1081966,1073010,1067593,1062361,1054304,1050915,1045535,1040051,1032856,1028469,1019051,1011909,1002982,999244,992907,989719,982193,973988,968524,1305507,1388213,1506819,1626640,1751018,1860096,1953286,2044386,2132861,2216431,2287605,2327283,2366903,2409415,2457164,2506593,2553915,2598790,2643052,2685292,2723531,2755078,2788743,2823911,2852508,2869904,2903109,2975380,3067688,3161923,3241754,3292287,3339841,3390962,3444339,3495675,3542722,3587447,3638285,3697389,3757350,3822541,3888098,3957314,4024589,4088863,4140749,4200376,4252482,4296046,4324993,4362934,4418166,4464752,4501283,4522712,4535942,4573217,4629609,4701580,4757759,4779537,4792633,4797820,4801864,4792617,4803471,4819603,4833303,4852024,4877990,4913564,4950275,4983132,5010127,5031172,5048159,5061760,5074748,5086453,5097588,5107238,5115357,5121354,5121680,5118729,5113530,5105044,5097031,5091882,5084756,5076670,5066595,5049950,5034806,5023725,5014707,5010674,5006936,4999680,4991744,4982192,4972160,4961859,4950159,4937211,4919509,4900056,4880596,4858313,4837231,4817331,4796648,4780371,4765823,4748082,4729995,4707560,4678734,4652210,4626806,4601089,4578717,4557929,4538556,4520367,4502449,4480328,4454716,4427709,4400611,4377619,4355441,4332680,4308760,4283457,4257144,4232545,4210820,4188770,4167062,4145249,4120750,4093392,4064420,4034977,4007555,3983740,3962531,3939509
Poland,Poland,165,POL,616,POL,"","","","","","",Non-programme countries,"","","",Europe,Europe and Central Asia,"",High income,High income,"",Europe,"","","","","","","","","","","","","","","","",Non-fragile,"","",non-FCS,non-FCS,"",non-FCS,"","",Europe,Eastern Europe,"",Europe and Northern America,Europe,"","","North America, Europe, Australia and New Zealand","Australia and New Zealand, Central Asia, Europe and North America",Europe and Northern America,Europe,Eastern Europe,"","","","","","","",Europe and Central Asia,Western Europe,"","","","","","","","",Eastern European Group,"","",High Income Countries,Non-humanitarian,Non-high burden,"","","","","","","","","","","","","","","","","",ECE_All countries,ECE_European Union (E25),"","","","","","","","","",ESCAP_Europe (Europe),"","","","","","","","","","","","","","","","","","",372826,371171,373925,373081,372930,376822,376986,377573,368605,357001,333473,312629,299014,290842,279347,269976,260919,256875,258021,262732,269599,276683,288923,300220,313232,324623,336596,335158,334958,343007,345233,339690,349017,358646,351989,341468,321805,306703,296568,280470,275408,275093,261178,248491,242097,222585,216474,209140,201719,194028,194202,191901,185065,182724,184409,188303,194136,200507,212280,216074,218049,206325,202474,195106,196038,193429,197748,207070,204740,195734,190097,187052,182201,216164,204702,193131,183366,177062,172349,168787,165416,162421,159633,156808,154945,153480,151986,151009,150396,149442,148948,149461,149375,149461,149907,149507,149815,149726,148672,148103,147624,145852,144611,143113,141555,140124,137970,135962,133758,131196,128868,126482,124467,123039,121168,119220,117801,116833,115673,114497,114064,113698,113146,112604,112059,111631,111392,111138,110526,110445,109950,109280,108625,107828,106956,105602,104517,103219,101737,100574,99460,98195,96816,95426,93894,92678,91645,90880,89866,88782,1087209,1219386,1318309,1399582,1427550,1425556,1435922,1442644,1463810,1462550,1442023,1396514,1339432,1274793,1215827,1168801,1129764,1097107,1068252,1046817,1035742,1022474,1032821,1061285,1099256,1148339,1196885,1242283,1277536,1292323,1311441,1329603,1345699,1366313,1385372,1395879,1399332,1383932,1340546,1258348,1195244,1150328,1122318,1104315,1077518,1042446,996124,948173,908695,870834,838837,819463,796969,776892,759634,746738,741419,747704,766913,797356,831798,856140,861690,849630,823855,797643,780054,770326,778470,792665,800017,792099,774257,831377,815036,804571,787000,770926,749510,725424,704876,687562,672715,659514,647332,636290,626829,618751,612272,607333,603163,599745,597654,596519,596135,596780,597267,597476,597861,597235,595805,593952,590726,586639,582045,576363,570435,564213,557208,549661,541165,532067,522750,513360,504756,496950,489530,482650,476294,470536,465543,461448,458131,455387,453271,451354,449300,447416,445856,444370,443035,441726,440020,438113,435796,432908,429498,425524,421100,416105,410962,405940,400899,395942,390896,385486,379924,374620,369840,365641
Portugal,Portugal,188,PRT,620,POR,"","","","","","",Non-programme countries,"","","",Europe,Europe and Central Asia,"",High income,High income,"",Europe,"","","","","","","","","","","","","","","","",Non-fragile,"","",non-FCS,non-FCS,"",non-FCS,"","",Europe,Southern Europe,"",Europe and Northern America,Europe,"","","North America, Europe, Australia and New Zealand","Australia and New Zealand, Central Asia, Europe and North America",Europe and Northern America,Europe,Southern Europe,"","","","","","","",Europe and Central Asia,Western Europe,"","","","","","","","",Western European and Others Group (WEOG),"","",High Income Countries,Non-humanitarian,Non-high burden,"","","","","","","","","","","","","","","","","",ECE_All countries,ECE_European Union (E25),ECE_Euro area (EMU),"","","","","","","","",ESCAP_Europe (Europe),"","","","","","","","","","","","","","","","","","",98984,97902,101823,99140,96601,99491,98817,100544,102466,102665,102774,102281,105229,103564,103629,102314,100494,99110,96516,94605,89434,85211,88288,85829,85438,88656,93278,91546,85418,81387,79684,76722,75787,73121,71585,66059,63577,62103,61549,60243,59458,59241,58634,57913,56178,55141,56385,57538,57956,59205,60952,58313,58444,57867,56412,56112,54278,52711,53170,51277,51383,49553,46428,42953,42177,43398,44287,44060,44111,43725,42740,41503,41046,40774,40529,40268,40223,40172,40188,40157,40191,40247,40133,40255,40225,40105,39845,39513,39388,39143,38780,38463,38122,37607,37132,36734,36459,36057,35741,35380,34883,34523,34190,33894,33592,33370,33187,32972,32806,32574,32496,32477,32255,32164,32088,31943,31848,31848,31764,31647,31483,31373,31284,31142,31007,30929,30571,30301,30149,29931,29853,29651,29439,29278,29092,28736,28564,28405,28206,27994,27743,27626,27513,27478,27308,27258,27213,27077,26961,26913,366629,359643,356544,359527,361265,363314,364880,363060,363399,367906,370468,365836,367651,373528,380136,386152,387334,383070,376260,366723,351591,320993,320816,328073,334800,342736,346237,349855,354559,352755,342096,326834,314313,307604,301208,294414,285659,273626,261143,249323,238832,230643,224084,226477,228273,228699,226748,224406,223416,224140,227061,225999,230166,232704,233448,230439,226856,223542,218623,214215,209733,203611,200493,197011,191106,183833,177368,174183,174579,176508,178339,178396,176295,172969,169187,165688,163654,162721,162052,161619,161433,161383,161421,161430,161456,161532,161458,161220,160659,159832,158924,157895,156835,155663,154225,152609,150908,149215,147625,146177,144819,143336,141770,140234,138720,137356,136160,135103,134158,133321,132540,131803,131236,130721,130247,129850,129367,128900,128556,128241,127931,127599,127164,126679,126187,125696,125242,124643,123835,122980,122039,121195,120540,119856,119177,118465,117606,116705,115836,114954,114153,113376,112572,111848,111265,110809,110417,110093,109737,109361
Guinea-Bissau,Guinea-Bissau,32,GNB,624,BIS,Sub-Saharan Africa,Sub-Saharan Africa,West Africa,Least developed countries,"",SIDS,West and Central Africa,Programme countries,"","",Africa,Sub-Saharan Africa,Sub-Saharan Africa (excluding high-income),Low income,Low income,Low and middle income,Africa,Sub-Saharan Africa,Least developed countries,Excluding China,OIC,Africa,OIC Low income,"",Countdown,West Africa,Africa,Western Africa,Fragile,Fragile,Fragile,Fragile,Fragile,Fragile,Other Fragile,Fragile,Fragile and Conflict-affected Situation,Fragile and Conflict-affected Situation,High Institutional and Social Fragility,Fragile and Conflict-affected Situation,Institutional and Social Fragility,"",Africa,Western Africa,"",Sub-Saharan Africa,"",Least developed countries,Small island developing States,"","",Sub-Saharan Africa,Sub-Saharan Africa,Western Africa,Sub-Saharan Africa (inc. Sudan),Least Developed Countries (LDCs),Small island developing States (SIDS),"","",Global Strategy,Non conflict,Sub-Saharan Africa,West and Central Africa,Sub-Saharan Africa,West and Central Africa,Low income,Low and middle income,Sub-Saharan Africa,West and Central Africa,Low income,Low and middle income,African Group,Economic Community of West African States,GAVI,West and Central Africa,Non-humanitarian,Non-high burden,Fragile,West and Central Africa,West and Central Africa,LiST,"",LiSTSBR,"","","","","","","","","","",ECA_West Africa,ECA_All countries,"","","","","","","","","","",ESCAP_Africa (AFR),ECA_African Union Commission,ECA_ECOWAS,"",ECA_CEN-SAD,"","","",ECA_Non-Oil Producing,ECA_Least developed countries,"",ECA_Non-Oil LDCs,"",ECA_Sub-Saharan Africa,"","","","","",10987,11114,11175,11232,11293,11360,11432,11510,11595,11689,11789,11895,11932,11931,11856,11235,10568,10203,10308,10595,10519,10709,10618,10766,11063,12482,14001,15497,16882,17998,18430,18815,19117,19364,19550,19687,19803,19914,20043,20200,20128,20211,20717,21398,22113,22677,23086,23480,23839,24161,24551,24934,25532,26111,26572,27050,27575,28225,28537,28690,28959,29569,30183,30680,30827,30845,30781,30510,30567,30772,31022,31232,31445,31585,31825,32156,32416,32700,33038,33317,33621,33853,34094,34358,34635,34804,34981,35129,35319,35396,35481,35554,35617,35791,35780,35786,35848,35758,35845,35820,35806,35719,35673,35803,35855,35733,35769,35797,35716,35634,35593,35727,35534,35540,35444,35423,35511,35514,35556,35454,35329,35236,35187,35134,34876,34764,34563,34553,34456,34345,34220,34108,34037,33771,33658,33534,33337,33355,33257,33110,32997,32913,32857,32739,32571,32452,32304,32091,32008,31881,33875,34298,34483,34618,34814,35055,35269,35499,35754,36034,36341,36682,37580,38289,38733,38514,37905,36968,36040,35234,34627,34768,34921,35377,35715,39985,45293,51152,56775,60987,60534,61598,62816,64245,65687,66843,67773,68556,69237,69878,70535,71074,71559,72744,74379,76168,77907,79467,80983,82538,84116,85814,87572,89493,91667,93914,96241,98606,100989,103326,105382,107189,108930,110872,113118,115319,116992,117982,118255,118204,118310,118662,119410,120361,121219,122022,122908,123899,125002,126227,127447,128663,129873,130994,132068,133129,134138,135081,135929,136677,137340,137911,138402,138789,139181,139569,139863,140132,140251,140301,140406,140436,140435,140363,140315,140392,140463,140559,140639,140585,140498,140397,140317,140230,140128,140048,139842,139730,139760,139841,139948,139882,139667,139367,139059,138702,138266,137743,137173,136725,136349,136003,135639,135232,134758,134210,133675,133058,132541,132178,131789,131437,131070,130672,130315,129942,129518,129029,128444,127865
Timor Leste,Timor-Leste,95,TLS,626,ETM,South-eastern Asia,South-eastern Asia,"",Least developed countries,"",SIDS,East Asia and Pacific,Programme countries,"","",South-East Asia,East Asia and Pacific,East Asia and Pacific (excluding high-income),Middle income,Lower middle income,Low and middle income,Asia,"",Least developed countries,Excluding China,"","","","",Countdown,"","","",Fragile,Fragile,Fragile,Non-fragile,Fragile,Fragile,Other Fragile,Fragile,Fragile and Conflict-affected Situation,Fragile and Conflict-affected Situation,High Institutional and Social Fragility,Fragile and Conflict-affected Situation,Institutional and Social Fragility,"",Asia,South-Eastern Asia,"",Eastern and South-Eastern Asia,South-Eastern Asia,Least developed countries,Small island developing States,South Eastern Asia and Oceania (excl. Australia and New Zealand),"",Eastern and South-Eastern Asia,Asia,South-Eastern Asia,South-Eastern Asia,Least Developed Countries (LDCs),Small island developing States (SIDS),"","","",Non conflict,East Asia and Pacific,"",East Asia and Pacific,"",Lower middle income,Low and middle income,East Asia and Pacific,"",Lower middle income,Low and middle income,Asia-Pacific Group,"",GAVI,East Asia and the Pacific,Non-humanitarian,Non-high burden,Fragile,East Asia and Pacific,East Asia and Pacific,LiST,LiSTSBR,LiSTSBR,EAPR Program Countries,EAPR Program Countries (excluding China),"","",EAPR Countries,EAPR Countries (excluding China),"","","","","","","","","",ESCAP_ADB Group B (ADB_DMC_B),"","","",ESCAP_LDC (LDC_E),"",ESCAP_South-East Asia (SEA),ESCAP_All countries,ESCAP_ADB Developing member countries (ADB_DMC),"","","","","","","","","","","","",ESCAP_Countries with Special Needs,ESCAP_Small Islands Developing States,ESCAP_WB Lower Middle Income Economies,"","",8108,7533,7674,7816,7966,8126,8295,8471,8653,8837,9031,9219,9394,9554,9700,9853,10002,10145,10271,10382,10476,10545,10582,10590,10485,10119,10339,10295,10220,10405,10967,11743,12298,12643,13080,13447,13841,14245,14615,15008,15252,15247,15483,15632,15803,15927,16044,16161,16262,16346,16738,17000,17303,17425,17487,17454,17423,17286,17148,16974,16817,16937,16891,16844,16732,16666,16559,16483,16391,16370,16442,16506,16584,16616,16635,16686,16739,16736,16695,16675,16565,16548,16395,16290,16161,16059,15886,15706,15559,15429,15325,15191,15056,14974,14892,14839,14714,14675,14598,14503,14401,14348,14302,14257,14233,14070,13959,13864,13775,13591,13470,13314,13197,13045,12911,12763,12637,12489,12364,12270,12117,11976,11883,11799,11709,11641,11542,11415,11332,11261,11164,11050,10928,10801,10704,10611,10490,10399,10261,10154,10048,9938,9808,9694,9591,9465,9338,9222,9117,8977,28467,27921,26496,25398,24450,24189,24738,25308,25906,26529,27186,27875,28586,29294,29979,30643,31309,31983,32657,33305,33906,34451,34941,35371,35594,35138,35454,35506,34840,33581,32350,32230,34823,37927,40916,43562,46025,48359,50646,52906,54755,55538,54997,54769,54996,55672,56450,56985,57355,57592,58257,58929,60273,61752,63232,64823,66251,67125,67380,66760,65255,64260,64346,64629,64606,64107,64298,64538,64855,64966,64749,64633,64723,64878,65120,65338,65517,65696,65852,65957,65993,65907,65734,65502,65166,64784,64349,63860,63323,62739,62134,61552,61032,60535,60069,59638,59259,58926,58615,58329,58019,57701,57389,57086,56825,56628,56409,56096,55731,55306,54841,54361,53843,53280,52725,52179,51629,51078,50526,49980,49466,48965,48449,47957,47486,47054,46690,46358,45995,45614,45238,44862,44493,44111,43678,43218,42773,42337,41919,41498,41048,40601,40152,39695,39241,38784,38319,37850,37379,36908
Qatar,Qatar,62,QAT,634,QTR,Western Asia,Western Asia,"","","","",Middle East and North Africa,Programme countries,MENAEMRO,"",Eastern Mediterranean,Middle East and North Africa,"",High income,High income,"",Asia,"",Excluding least developed countries,Excluding China,OIC,Arab,OIC High income: nonOECD,OIC High income,"","","","","","","","","",Non-fragile,"","",non-FCS,non-FCS,"",non-FCS,"","",Asia,Western Asia,"",Northern Africa and Western Asia,Western Asia,"","","","",Northern Africa and Western Asia,Asia,Western Asia,"Western Asia (exc. Armenia, Azerbaijan, Cyprus, Israel and Georgia)","","","","","",Non conflict,Middle East and North Africa,"","","","","","","","","",Asia-Pacific Group,"","",Middle East and North Africa,Non-humanitarian,Non-high burden,"","","","","","","","","","","","","","","","","","","","","","","","","","","","",ESCAP_Other Area (OTH_REGION),"","","","","","","","","","","","","","","","",ESCWA_Arab countries,ESCWA_Gulf Cooperation Council (GCC),532,551,568,585,605,626,648,672,700,735,782,855,974,1124,1292,1478,1677,1884,2105,2338,2581,2698,2795,2919,3056,3217,3393,3589,3779,3972,4161,4348,4523,4683,4783,4854,4922,5150,5337,5416,5390,5213,5240,5317,5334,5341,5306,5260,5481,5780,6117,6431,6532,6634,6571,6497,6688,7320,7906,8421,9213,10150,10670,11215,11709,12165,12900,13932,14740,15167,15703,13647,12547,12186,11938,11741,11622,11595,11650,11764,11966,12257,12644,13071,13604,14096,14631,15166,15665,16131,16533,16904,17283,17525,17749,17874,17983,18015,17956,17899,17756,17707,17581,17451,17375,17303,17210,17153,17211,17218,17271,17431,17633,17784,18028,18296,18554,18731,19008,19297,19602,19844,20064,20303,20496,20636,20730,20761,20789,20869,20921,20934,20990,20997,20982,21004,21001,21092,21178,21242,21242,21287,21418,21492,21590,21767,21877,22100,22185,22418,1691,1784,1885,1972,2049,2123,2199,2280,2372,2474,2593,2743,2955,3248,3646,4154,4765,5468,6235,7054,7924,8866,9628,10228,10734,11157,11549,11987,12494,13059,13688,14376,15107,15836,16447,16818,16901,17160,17854,18690,19538,20129,20455,20704,20882,20955,20882,20615,20758,21280,21977,22769,23484,24280,24793,25904,27056,27522,30999,34184,35798,38756,42473,45514,47689,50907,54118,57747,58700,59658,63353,60384,58579,56372,53806,51083,48917,47723,47039,46642,46555,46786,47336,48210,49407,50926,52701,54638,56697,58778,60820,62776,64574,66233,67714,68989,70053,70851,71413,71726,71810,71679,71390,71041,70620,70208,69820,69434,69110,68894,68786,68791,68989,69367,69881,70568,71400,72304,73243,74210,75205,76234,77324,78408,79430,80368,81195,81908,82443,82791,83040,83247,83426,83614,83776,83858,83921,83959,84014,84176,84402,84646,84861,85078,85329,85636,86068,86544,87088,87698
Romania,Romania,153,ROU,642,ROM,"","","","","","",Europe and Central Asia,Programme countries,"","",Europe,Europe and Central Asia,"",High income,High income,"",Europe,"","","","","","","","","","","",Non-fragile,Non-fragile,Non-fragile,Non-fragile,Non-fragile,Non-fragile,"",Non-fragile,non-FCS,non-FCS,"",non-FCS,"","",Europe,Eastern Europe,"",Europe and Northern America,Europe,"","","North America, Europe, Australia and New Zealand","Australia and New Zealand, Central Asia, Europe and North America",Europe and Northern America,Europe,Eastern Europe,"","","","","","",Non conflict,Europe and Central Asia,Eastern Europe and Central Asia,"","","","","","","","",Eastern European Group,"","",Eastern Europe and Central Asia,Non-humanitarian,Non-high burden,"","","","","","","","","","","","","","","",EECA,"",ECE_All countries,ECE_European Union (E25),"","","","","","","","","",ESCAP_Europe (Europe),"","","","","","","","","","","","","","","","","","",197026,203891,209805,211665,211477,209884,205741,203363,195559,185363,177833,165319,153660,148029,143031,138513,139783,227520,233862,216743,204134,196273,191432,187904,206109,210962,207236,207082,201937,197284,189801,181492,166182,157157,166950,169232,180321,183923,183519,177828,157831,139839,132786,128026,126280,120498,116283,117341,116575,115149,114195,110471,109039,110316,110986,114913,114258,115104,121789,122304,114755,104775,104808,100153,103320,106125,108694,110575,107834,104481,101959,100012,98202,108843,105081,101167,97885,96102,94469,93429,92343,91516,90619,90046,89587,89092,88761,88425,87916,87512,87339,87035,86850,86582,86306,86085,85638,85379,84938,84658,84294,83912,83450,82747,82064,81140,79893,78800,78001,77082,76274,75544,74665,74041,73327,72753,72239,71790,71337,71162,70829,70392,69953,69643,69406,69270,68931,68456,67897,67678,67451,66983,66723,66152,65576,65039,64656,63918,63157,62355,61757,61083,60481,60013,59575,59096,58653,58100,57659,57338,630202,676999,714455,742277,758171,765671,765908,769859,773981,769336,758826,737456,708812,675927,640135,605649,576687,559838,563074,598568,657088,727869,775274,780097,775545,779872,793638,807684,818752,820828,810645,796311,776442,751948,722984,693752,672345,665645,677237,693392,705798,699524,663667,612765,561333,523005,503591,487905,473992,464042,458561,456787,453695,447196,439530,432818,429699,429744,430624,433022,436347,437017,433528,428355,419649,412955,412970,416236,424137,431600,432004,426982,417724,429130,420559,415424,410101,405112,397834,389305,382368,376867,372239,368179,364653,361677,359166,357101,355431,353803,352192,350724,349341,348153,347198,346224,345242,344155,342937,341651,340245,338874,337473,335992,334264,332144,329586,326329,322502,318475,314417,310623,307251,303974,300806,297847,294997,292436,290139,288055,286318,284862,283470,282083,280623,279153,277919,276877,275764,274380,272804,271277,269812,268515,267159,265403,263469,261454,259283,256933,254351,251526,248654,245921,243452,241228,239169,237291,235423,233504
Russian Federation,Russian Federation,154,RUS,643,RUS,"","","","","","",Non-programme countries,"","","",Europe,Europe and Central Asia,Europe and Central Asia (excluding high-income),Middle income,Upper middle income,Low and middle income,Europe,"","","","","","","","","","","",Non-fragile,Non-fragile,Non-fragile,Non-fragile,Non-fragile,Non-fragile,"",Non-fragile,non-FCS,non-FCS,"",non-FCS,"","",Europe,Eastern Europe,"",Europe and Northern America,Europe,"","","North America, Europe, Australia and New Zealand","Australia and New Zealand, Central Asia, Europe and North America",Europe and Northern America,Europe,Eastern Europe,"","","","","","",Non conflict,Europe and Central Asia,Eastern Europe and Central Asia,"","","","",Europe and Central Asia,Eastern Europe and Central Asia,Upper middle income,Low and middle income,Eastern European Group,"","",Eastern Europe and Central Asia,Non-humanitarian,Non-high burden,"","","","","","","","","","","","","","","","","",ECE_All countries,"ECE_Eastern Europe, Caucasus and Central Asia (CIS)",ECE_CIS (CWG),"","","","",ESCAP_ENEA including Russian Fed (ENEA_RUS),"","",ESCAP_North and Central Asia (NCA),ESCAP_All countries,"","","","","","","","","","","","","","","",ESCAP_WB Upper Middle Income Economies,"","",1609904,1441730,1458985,1467470,1472354,1462211,1452475,1443885,1444169,1411733,1385540,1342631,1273103,1189916,1099202,1025088,979967,948053,927097,928411,945474,989248,1013485,1032182,1049985,1070368,1083103,1094424,1102786,1106273,1108992,1128428,1161938,1208762,1228501,1211803,1225058,1243886,1188839,1105562,1013900,919869,821726,744918,731569,711921,693140,670589,664302,647638,663486,687111,720504,751855,772592,767573,780025,823219,872237,905061,924376,936713,977936,990364,995752,991356,970891,879230,828399,770236,740052,718868,706156,705715,693642,680859,669153,660395,654858,648322,645017,643330,644094,647869,653548,661559,670763,680733,690717,698091,707498,716823,725748,732579,734418,732840,731167,727420,718120,706315,696113,681536,668098,656247,644042,631581,621203,611153,603695,597412,592680,590476,588932,590787,591771,593026,596266,599922,608065,610751,614166,618574,622361,623860,624360,625565,624828,622579,620577,616834,613157,607036,600266,594166,588615,582174,575727,570607,565098,560544,555386,553533,551589,548735,546729,545708,544914,545628,546916,548992,3635753,4686822,5309394,5854231,5866042,5638907,5691377,5711808,5709469,5442629,5360215,5378512,5380652,5305310,5148941,4895615,4589901,4311345,4069454,3882457,3777823,3781000,3800928,3883030,3980314,4068373,4148458,4200491,4244504,4268335,4288582,4319014,4361860,4433429,4561695,4701487,4797229,4881893,4931972,4932538,4836510,4648312,4361688,4010359,3690559,3427949,3231049,3096696,2995490,2905735,2810619,2723469,2661054,2627478,2717062,2833507,2920135,2976978,3031656,3125121,3247621,3329672,3433306,3544399,3656095,3776443,3885049,3925196,3874558,3746093,3552277,3321712,3131857,3013045,2914557,2851540,2801979,2759789,2718501,2680061,2647205,2620809,2601684,2588884,2584626,2590165,2604945,2628747,2659571,2695341,2732417,2769020,2805446,2840905,2875593,2905670,2925732,2934926,2933587,2921338,2898445,2866391,2824570,2775652,2725492,2674340,2623421,2575488,2529889,2487722,2451361,2420926,2397372,2380695,2371065,2368335,2369794,2375359,2384074,2397495,2415137,2432994,2451355,2467516,2480809,2492192,2500317,2504474,2504469,2501516,2494706,2483937,2469856,2451283,2429310,2405441,2380613,2355953,2332028,2308575,2286172,2265447,2247103,2232355,2220070,2210204,2202255,2195135,2190640,2189716
Rwanda,Rwanda,10,RWA,646,RWA,Sub-Saharan Africa,Sub-Saharan Africa,Eastern Africa,Least developed countries,"",LLDC,Eastern and Southern Africa,Programme countries,"","",Africa,Sub-Saharan Africa,Sub-Saharan Africa (excluding high-income),Low income,Low income,Low and middle income,Africa,Sub-Saharan Africa,Least developed countries,Excluding China,"","","","",Countdown,Eastern Africa,Africa,Eastern Africa,Non-fragile,Non-fragile,Non-fragile,Non-fragile,Non-fragile,Fragile,Other Fragile,Non-fragile,non-FCS,non-FCS,"",non-FCS,"",USAID,Africa,Eastern Africa,"",Sub-Saharan Africa,"",Least developed countries,Landlocked developing countries,"","",Sub-Saharan Africa,Sub-Saharan Africa,Eastern Africa,Sub-Saharan Africa (inc. Sudan),Least Developed Countries (LDCs),Landlocked developing countries (LLDCs),"","",Global Strategy,Non conflict,Sub-Saharan Africa,Eastern and Southern Africa,Sub-Saharan Africa,Eastern and Southern Africa,Low income,Low and middle income,Sub-Saharan Africa,Eastern and Southern Africa,Low income,Low and middle income,African Group,Economic Community of Central African States,GAVI,Eastern and Southern Africa,Non-humanitarian,High burden,"",Eastern and Southern Africa,Eastern and Southern Africa,LiST,"",LiSTSBR,"","","","","","","","","","",ECA_Eastern Africa,ECA_All countries,"","","","","","","","","","",ESCAP_Africa (AFR),ECA_African Union Commission,ECA_ECCAS,"",ECA_EAC,ECA_COMESA,ECA_Land-locked countries,ECA_Land-locked LDCs,ECA_Non-Oil Producing,ECA_Least developed countries,ECA_Mineral-rich countries,ECA_Non-Oil LDCs,"",ECA_Sub-Saharan Africa,"","","","","",53368,55214,57069,58923,60676,62331,63966,65591,67223,68734,70087,71124,71739,71954,72275,73069,74500,76713,79593,82826,86168,89398,92538,95824,99090,102351,106134,109977,114072,118927,124001,129559,134983,139660,142923,144989,147498,150670,153263,154165,153290,152112,151592,152832,146730,102385,112830,141318,149818,153529,155069,157228,160166,164531,167351,170366,172655,174293,174913,174938,174480,173556,173660,175928,178501,181505,185018,188327,191625,194124,195954,198530,200022,201862,203447,205301,207113,208258,210431,211794,213106,214196,215773,217292,218791,220389,222331,223936,224796,225422,226234,227599,228421,228475,229884,230408,231972,232616,233260,233766,233640,233627,235120,235550,236160,236473,236240,236694,235568,235100,235063,235433,235485,234624,234291,233552,233308,233382,233051,233225,233192,232388,232142,231608,230804,230854,230195,230216,229170,228010,227168,226778,225906,225376,224906,223460,223189,222553,222136,221005,220236,219080,218613,217870,215828,215057,213574,212340,211250,210691,152536,163809,174226,184528,193190,199759,206169,212614,219154,225822,232474,238762,244323,248565,251657,254153,256423,259243,263463,269538,277490,287061,297362,307854,318211,328293,338286,348884,360623,374047,390368,409492,431097,454261,476553,496778,514164,528576,540926,551175,559222,564116,561103,558203,554745,387613,409378,496452,509130,512226,522223,530458,539078,555989,578009,598391,614734,627916,640778,651918,659445,664024,665743,670034,676541,684896,694901,706525,719046,732064,744933,756752,767326,776606,784671,792362,799556,806632,813514,820352,827246,833565,839640,845375,850900,856645,862740,869261,875970,882332,887832,892266,896065,899785,903167,906604,909902,913160,917168,920982,924382,926877,928168,929725,931682,933956,936782,938742,939849,940093,939025,937801,936665,936134,935961,935348,934001,931962,930383,929271,928613,928532,927990,927060,925830,923799,921928,920277,918674,917239,914950,911989,908785,905484,902651,900322,897529,894542,891867,889116,886583,883907,880662,877171,873909,870103,865869,861337,855985,851022
Saint Kitts & Nevis,Saint Kitts and Nevis,130,KNA,659,STK,Latin America and the Caribbean,Latin America and the Caribbean,"","",Caribbean,SIDS,Latin America and Caribbean,Programme countries,"",Eastern Caribbean Area,Americas,Latin America and the Caribbean,"",High income,High income,"",Latin America and the Caribbean,"",Excluding least developed countries,Excluding China,"","","","","","","","","","","","","",Non-fragile,"","",non-FCS,non-FCS,"",non-FCS,"","",Americas,Latin America and the Caribbean,Caribbean,Latin America and the Caribbean,"","",Small island developing States,"","",Latin America and the Caribbean,Latin America and the Caribbean,Caribbean,Latin America and the Caribbean,"",Small island developing States (SIDS),"","","",Non conflict,Latin America and Caribbean,"","","","","","","","","",Latin American and Caribbean Group (GRULAC),"","",Latin America and Caribbean,Non-humanitarian,Non-high burden,"","","","","","","","","","","","","","","","","",ECLAC_All countries,"","",ECLAC_Carribean,"","","","","","","",ESCAP_Latin America (LAC),"","","","","","","","","","","","","","","","","","",1131,1128,1124,1126,1134,1139,1163,1219,1257,1255,1225,1182,1108,1067,1009,947,875,793,717,658,592,587,585,595,609,619,625,618,595,584,585,603,620,596,568,558,531,509,498,493,486,449,423,423,420,426,425,439,440,438,421,405,396,389,384,380,376,372,366,361,354,348,345,338,333,327,326,320,314,308,301,294,286,282,278,276,274,272,269,267,265,263,261,258,257,254,253,251,249,248,245,243,241,238,236,234,232,230,229,226,224,222,219,217,215,213,212,209,208,205,203,202,200,199,198,196,195,194,192,191,189,188,187,187,186,184,182,181,179,178,177,175,174,172,172,171,169,168,167,166,164,163,162,161,160,159,158,157,156,155,3189,3521,3826,4104,4241,4242,4165,4199,4310,4452,4557,4472,4300,4074,3854,3629,3417,3234,3069,2910,2728,2511,2343,2233,2190,2184,2185,2187,2191,2190,2176,2152,2133,2119,2104,2075,2035,1999,1966,1933,1898,1856,1826,1803,1781,1755,1725,1698,1680,1678,1689,1718,1727,1691,1625,1544,1475,1430,1406,1400,1410,1416,1414,1394,1369,1347,1327,1307,1289,1271,1253,1229,1209,1191,1168,1147,1129,1114,1103,1093,1084,1076,1068,1059,1050,1041,1032,1024,1017,1010,1003,996,988,980,972,963,954,945,936,928,920,912,903,895,885,877,868,860,852,844,837,829,820,814,807,801,796,790,784,779,774,768,763,758,754,750,745,741,735,730,724,718,712,706,701,695,691,686,681,676,672,668,664,659,654,650,646,642,638,633
Anguilla,Anguilla,660,AIA,660,AIA,"","","","","","",Latin America and Caribbean,Programme countries,"","",Americas,"","","","","",Latin America and the Caribbean,"",Excluding least developed countries,Excluding China,"","","","","","","","","","","","","","","","","","","","","","",Americas,Latin America and the Caribbean,Caribbean,Latin America and the Caribbean,"","",Small island developing States,"","",Latin America and the Caribbean,Latin America and the Caribbean,Caribbean,Latin America and the Caribbean,"",Small island developing States (SIDS),"","","","",Latin America and Caribbean,"","","","","","","","","","","","","","","","","","","","","","","","","","","","","","","","","","","","","","","","","","","","","","","","","","","","","","","","","","","","","","",123,128,133,136,137,135,131,126,121,117,113,115,117,117,118,116,115,112,109,107,103,100,97,93,90,91,91,91,90,89,88,87,85,82,78,77,77,75,75,84,76,77,76,78,79,82,81,82,83,84,85,96,81,76,76,79,86,89,90,90,91,90,86,85,76,78,79,79,77,77,76,76,76,74,72,71,70,69,67,67,66,65,64,64,63,63,62,62,62,62,62,62,61,61,61,61,60,59,59,58,57,56,55,54,52,51,51,50,49,48,48,47,47,46,46,46,45,45,45,45,45,44,44,44,44,43,43,43,43,42,42,41,41,40,40,39,39,38,38,37,37,37,36,36,35,35,35,35,34,34,298,347,399,454,487,502,484,461,436,415,402,403,409,413,415,414,410,406,399,394,387,378,369,360,345,336,335,337,334,327,314,301,292,286,282,291,307,323,339,354,370,383,386,376,360,351,354,363,374,385,398,421,438,435,423,405,393,392,397,404,415,428,423,403,393,381,364,353,337,327,326,324,321,313,307,301,295,289,283,278,274,270,266,262,259,256,254,252,250,249,248,248,248,247,246,245,244,243,242,240,237,234,230,226,222,218,214,210,206,202,198,195,192,190,189,187,186,185,183,182,181,180,179,178,177,176,175,174,173,172,171,170,168,166,164,162,160,158,156,154,152,150,149,147,146,144,142,141,140,140
Saint Lucia,Saint Lucia,131,LCA,662,STL,Latin America and the Caribbean,Latin America and the Caribbean,"","",Caribbean,SIDS,Latin America and Caribbean,Programme countries,"",Eastern Caribbean Area,Americas,Latin America and the Caribbean,Latin America and the Caribbean (excluding high-income),Middle income,Upper middle income,Low and middle income,Latin America and the Caribbean,"",Excluding least developed countries,Excluding China,"","","","","","","","",Non-fragile,Non-fragile,Non-fragile,Non-fragile,Non-fragile,Non-fragile,"",Non-fragile,non-FCS,non-FCS,"",non-FCS,"","",Americas,Latin America and the Caribbean,Caribbean,Latin America and the Caribbean,"","",Small island developing States,"","",Latin America and the Caribbean,Latin America and the Caribbean,Caribbean,Latin America and the Caribbean,"",Small island developing States (SIDS),"","","",Non conflict,Latin America and Caribbean,"","","","","",Latin America and Caribbean,"",Upper middle income,Low and middle income,Latin American and Caribbean Group (GRULAC),"","",Latin America and Caribbean,Non-humanitarian,Non-high burden,"",Latin America and the Caribbean,Latin America and Caribbean,LiST,"",LiSTSBR,"","","","","","","","","","","",ECLAC_All countries,"","",ECLAC_Carribean,"","","","","","","",ESCAP_Latin America (LAC),"","","","","","","","","","","","","","","","","","",1634,1688,1798,1865,1913,1955,1980,2018,2048,2066,2062,2059,2043,2027,2013,2000,1986,1971,1953,1935,1922,1939,1960,1987,2017,2045,2094,2125,2148,2158,2168,2156,2149,2133,2123,2117,2096,2075,2049,2025,1995,1972,1950,1926,1891,1850,1793,1727,1653,1576,1501,1410,1332,1276,1226,1189,1159,1138,1122,1110,1100,1079,1081,1081,1083,1083,1080,1076,1070,1061,1051,1037,1023,1011,1003,994,990,980,968,957,945,931,916,905,890,879,865,849,836,825,815,804,793,784,777,767,762,754,749,745,739,734,728,721,717,711,705,698,691,686,679,673,666,660,651,647,639,631,629,622,614,609,604,598,593,585,579,575,573,570,564,560,556,552,548,543,539,536,533,528,524,518,513,508,503,501,497,493,490,485,5697,5752,5789,5887,6015,6177,6322,6461,6628,6820,7009,7258,7453,7565,7608,7604,7584,7568,7552,7532,7510,7426,7355,7322,7343,7391,7512,7698,7904,8114,8268,8361,8393,8398,8377,8336,8291,8245,8188,8119,8033,7949,7866,7727,7566,7375,7172,6971,6802,6681,6631,6571,6340,6033,5722,5479,5317,5180,5078,5030,5060,4991,4816,4621,4411,4305,4310,4312,4309,4299,4282,4256,4221,4176,4128,4080,4035,4000,3968,3936,3899,3857,3811,3760,3709,3655,3601,3550,3498,3442,3389,3336,3290,3247,3204,3165,3129,3094,3064,3037,3012,2989,2969,2950,2928,2905,2881,2858,2835,2811,2785,2759,2734,2710,2685,2658,2630,2603,2575,2550,2528,2503,2481,2456,2432,2409,2387,2363,2339,2318,2301,2286,2271,2255,2237,2220,2204,2187,2171,2155,2141,2126,2109,2089,2068,2048,2030,2015,2000,1986
St Vincent & the Grenadines,Saint Vincent and the Grenadines,132,VCT,670,STV,Latin America and the Caribbean,Latin America and the Caribbean,"","",Caribbean,SIDS,Latin America and Caribbean,Programme countries,"",Eastern Caribbean Area,Americas,Latin America and the Caribbean,Latin America and the Caribbean (excluding high-income),Middle income,Upper middle income,Low and middle income,Latin America and the Caribbean,"",Excluding least developed countries,Excluding China,"","","","","","","","",Non-fragile,Non-fragile,Non-fragile,Non-fragile,Non-fragile,Non-fragile,"",Non-fragile,"","","",non-FCS,"","",Americas,Latin America and the Caribbean,Caribbean,Latin America and the Caribbean,"","",Small island developing States,"","",Latin America and the Caribbean,Latin America and the Caribbean,Caribbean,Latin America and the Caribbean,"",Small island developing States (SIDS),"","","",Non conflict,Latin America and Caribbean,"","","","","",Latin America and Caribbean,"",Upper middle income,Low and middle income,Latin American and Caribbean Group (GRULAC),"","",Latin America and Caribbean,Non-humanitarian,Non-high burden,"","","","","","","","","","","","","","","","","",ECLAC_All countries,"","",ECLAC_Carribean,"","","","","","","",ESCAP_Latin America (LAC),"","","","","","","","","","","","","","","","","","",1462,1495,1533,1574,1616,1662,1708,1757,1807,1862,1921,1922,1893,1860,1837,1823,1811,1802,1790,1773,1755,1734,1708,1683,1656,1631,1609,1593,1601,1614,1587,1596,1622,1599,1538,1488,1441,1405,1374,1358,1350,1340,1346,1339,1317,1284,1239,1201,1165,1143,1122,1093,1050,1008,972,949,933,930,943,944,928,904,898,883,872,854,814,764,730,708,690,679,666,656,650,647,644,641,639,637,635,633,629,626,626,623,617,613,608,605,599,593,587,581,576,569,563,556,550,542,535,527,520,514,509,502,496,492,484,479,474,471,467,462,459,455,451,447,443,440,436,432,427,423,420,414,409,404,399,394,389,384,379,373,368,363,359,355,351,346,343,339,334,330,327,323,320,316,312,309,4557,4868,5125,5351,5527,5654,5794,5954,6123,6305,6497,6695,6883,7011,7068,7054,7007,6972,6951,6938,6919,6885,6831,6757,6669,6572,6474,6378,6297,6245,6233,6235,6199,6153,6090,6033,5968,5877,5760,5625,5496,5381,5316,5298,5291,5288,5258,5171,5044,4897,4752,4624,4515,4382,4236,4081,3930,3799,3708,3660,3649,3647,3632,3596,3543,3489,3442,3375,3279,3154,3017,2896,2801,2739,2686,2642,2608,2581,2564,2552,2542,2533,2524,2515,2504,2495,2486,2475,2462,2445,2428,2409,2390,2370,2348,2326,2303,2279,2254,2227,2201,2175,2145,2116,2089,2061,2036,2012,1989,1965,1941,1920,1899,1880,1864,1848,1832,1816,1800,1786,1769,1754,1739,1723,1707,1691,1674,1656,1637,1617,1596,1576,1556,1537,1516,1494,1473,1453,1435,1417,1402,1386,1370,1353,1336,1320,1305,1290,1276,1261
San Marino,San Marino,189,SMR,674,SAN,"","","","","","",Non-programme countries,"","","",Europe,Europe and Central Asia,"",High income,High income,"",Europe,"","","","","","","","","","","","","","","","",Non-fragile,"","",non-FCS,non-FCS,"",non-FCS,"","",Europe,Southern Europe,"",Europe and Northern America,Europe,"","","North America, Europe, Australia and New Zealand","Australia and New Zealand, Central Asia, Europe and North America",Europe and Northern America,Europe,Southern Europe,"","","","","","","",Europe and Central Asia,Western Europe,"","","","","","","","",Western European and Others Group (WEOG),"","",High Income Countries,Non-humanitarian,Non-high burden,"","","","","","","","","","","","","","","","","",ECE_All countries,"","","","","","","","","","",ESCAP_Europe (Europe),"","","","","","","","","","","","","","","","","","",147,146,145,145,146,147,146,146,145,142,140,157,152,154,155,157,160,163,163,167,162,156,153,154,152,151,148,144,138,130,124,118,113,111,108,106,106,110,116,118,123,127,129,131,138,143,152,158,162,164,158,175,173,173,173,150,157,162,181,158,167,168,150,165,148,132,122,111,110,108,107,104,103,103,102,103,104,104,106,107,109,111,113,115,116,118,119,120,122,122,123,122,121,120,119,118,116,113,111,109,106,104,101,100,99,98,97,97,96,96,97,98,98,99,100,101,101,102,104,104,104,105,106,106,106,106,106,106,105,104,103,102,102,101,100,99,98,98,97,97,97,97,97,97,98,98,98,98,99,100,420,464,510,560,586,587,588,585,578,570,570,581,602,621,635,634,633,629,633,638,649,631,623,604,591,577,558,565,560,562,547,532,514,507,510,496,493,464,464,472,473,494,503,501,508,514,530,555,580,606,611,621,643,654,668,668,734,815,737,658,667,687,701,693,686,680,654,631,595,542,501,460,436,426,423,419,419,418,420,422,427,431,438,445,452,460,465,474,478,485,489,492,495,497,495,492,487,483,475,469,460,450,442,430,422,413,407,402,399,395,394,394,396,396,399,402,405,408,411,414,418,421,424,427,428,431,431,432,431,430,428,426,424,420,416,413,409,407,403,402,398,398,395,395,395,395,397,398,399,400
Sao Tome & Principe,Sao Tome and Principe,37,STP,678,STP,Sub-Saharan Africa,Sub-Saharan Africa,Central Africa,Least developed countries,"",SIDS,West and Central Africa,Programme countries,"","",Africa,Sub-Saharan Africa,Sub-Saharan Africa (excluding high-income),Middle income,Lower middle income,Low and middle income,Africa,Sub-Saharan Africa,Least developed countries,Excluding China,"","","","","",Central Africa,Africa,Central Africa,Non-fragile,Non-fragile,Non-fragile,Non-fragile,Non-fragile,Non-fragile,"",Non-fragile,non-FCS,non-FCS,"",non-FCS,"","",Africa,Middle Africa,"",Sub-Saharan Africa,"",Least developed countries,Small island developing States,"","",Sub-Saharan Africa,Sub-Saharan Africa,Middle Africa,Sub-Saharan Africa (inc. Sudan),Least Developed Countries (LDCs),Small island developing States (SIDS),"","",Global Strategy,Non conflict,Sub-Saharan Africa,West and Central Africa,Sub-Saharan Africa,West and Central Africa,Lower middle income,Low and middle income,Sub-Saharan Africa,West and Central Africa,Lower middle income,Low and middle income,African Group,Economic Community of Central African States,GAVI,West and Central Africa,Non-humanitarian,Non-high burden,"",West and Central Africa,West and Central Africa,LiST,"",LiSTSBR,"","","","","","","","","","",ECA_Central Africa,ECA_All countries,"","","","","","","","","","",ESCAP_Africa (AFR),ECA_African Union Commission,ECA_ECCAS,"","","",ECA_Island economies,ECA_Small Island states,ECA_Non-Oil Producing,ECA_Least developed countries,"",ECA_Non-Oil LDCs,"",ECA_Sub-Saharan Africa,"","","","","",1258,1284,1273,1254,1247,1253,1271,1300,1344,1387,1419,1431,1450,1414,1387,1369,1364,1377,1405,1446,1494,1430,1471,1506,1536,1581,1642,1706,1773,1828,1876,1911,1930,1958,1990,2031,2080,2134,2192,2248,2305,2353,2394,2425,2452,2478,2508,2540,2581,2629,2686,2752,2893,2957,3017,3072,3127,3178,3228,3268,3304,3350,3388,3397,3358,3299,3242,3177,3134,3115,3110,3158,3184,3221,3267,3314,3370,3411,3460,3505,3542,3592,3642,3685,3720,3751,3777,3807,3825,3838,3835,3844,3841,3852,3853,3856,3853,3859,3861,3869,3876,3889,3904,3912,3915,3904,3913,3922,3917,3920,3924,3929,3932,3939,3936,3941,3946,3937,3937,3928,3912,3922,3908,3894,3877,3859,3848,3840,3825,3812,3808,3784,3758,3756,3742,3715,3699,3689,3678,3660,3661,3644,3627,3616,3610,3591,3589,3573,3558,3546,3896,3974,3932,3936,3985,4037,4070,4119,4204,4312,4430,4518,4705,4915,5083,5239,5354,5463,5612,5814,6056,6086,5950,5811,5655,5648,5799,5957,6146,6367,6609,6847,7061,7207,7303,7383,7476,7615,7795,8002,8231,8467,8600,8724,8828,8906,8947,8963,8965,8953,8925,8883,9204,9770,10297,10760,11057,11261,11501,11735,11911,11971,11958,12067,12334,12623,12858,12853,12653,12437,12246,12255,12257,12374,12512,12668,12838,13013,13202,13394,13587,13767,13942,14124,14304,14483,14650,14795,14921,15031,15126,15196,15240,15265,15280,15296,15311,15323,15334,15340,15352,15371,15400,15437,15481,15522,15547,15558,15568,15575,15585,15598,15608,15621,15639,15655,15667,15681,15686,15683,15677,15652,15628,15608,15577,15542,15491,15428,15373,15320,15271,15228,15180,15118,15057,14997,14929,14866,14803,14737,14678,14634,14594,14546,14500,14453,14400,14356,14317,14267
Saudi Arabia,Saudi Arabia,63,SAU,682,SDA,Western Asia,Western Asia,"","","","",Middle East and North Africa,Programme countries,MENAEMRO,"",Eastern Mediterranean,Middle East and North Africa,"",High income,High income,"",Asia,"",Excluding least developed countries,Excluding China,OIC,Arab,OIC High income: nonOECD,OIC High income,"","","","","","","","","",Non-fragile,"","",non-FCS,non-FCS,"",non-FCS,"","",Asia,Western Asia,"",Northern Africa and Western Asia,Western Asia,"","","","",Northern Africa and Western Asia,Asia,Western Asia,"Western Asia (exc. Armenia, Azerbaijan, Cyprus, Israel and Georgia)","","","","","",Non conflict,Middle East and North Africa,"","","","","","","","","",Asia-Pacific Group,"","",Middle East and North Africa,Non-humanitarian,Non-high burden,"","","","","","","","","","","","","","","","","","","","","","","","","","","","",ESCAP_Other Area (OTH_REGION),"","","","","","","","","","","","","","","","",ESCWA_Arab countries,ESCWA_Gulf Cooperation Council (GCC),71189,74139,76247,78476,80688,82998,85303,87762,90321,92942,95791,98907,102282,106079,110289,114455,118918,123889,128810,134027,139865,146290,153489,161203,169423,178130,185471,190790,196975,204074,211017,218283,225440,232734,239936,246510,252698,257923,263645,268332,272262,275790,277959,280157,282592,283872,285915,289160,292738,296193,299879,298645,295494,289998,284549,281975,292607,306222,312783,318682,324761,330090,332070,331865,329481,325661,322436,327164,331947,335380,338987,322640,314813,310095,306890,303181,300152,298323,296393,295093,294131,293004,293451,293414,293512,294595,295141,296688,296646,298341,299201,300181,299996,300606,300617,301045,300686,299958,298497,297235,294713,292523,289475,288236,285642,283037,280973,279885,278803,275609,273283,271817,270925,269660,268887,267359,266881,266429,265287,265598,265725,265149,264437,264666,263693,262702,261148,259869,259402,257400,256605,256063,254343,252852,251418,250479,248650,247273,245003,243602,241885,240138,238369,237108,236078,235310,234402,232952,232280,231865,206094,216363,228389,241966,254748,264394,273105,282073,291272,300766,310675,321124,332313,344300,357338,371664,387107,403620,421522,440539,460737,482583,506260,532351,561095,592100,626893,658365,685559,712627,739777,767848,798517,828250,856752,886392,916924,947884,978439,1007844,1034917,1058124,1075077,1081342,1075649,1074160,1085904,1104631,1126279,1147242,1166112,1179785,1185931,1183881,1172561,1158447,1145183,1140290,1153378,1179199,1212634,1247325,1274557,1295497,1311202,1319319,1318444,1310657,1303751,1303662,1310826,1308092,1311222,1302814,1285946,1262652,1240982,1225318,1212730,1202074,1193202,1186591,1181161,1177296,1175291,1174330,1175098,1176924,1179556,1182892,1186385,1190391,1194162,1197557,1200298,1202019,1203094,1203851,1203778,1202203,1199033,1193880,1186944,1178524,1169443,1160444,1151142,1142224,1133904,1126454,1119395,1111768,1103865,1095897,1089179,1084284,1079952,1075728,1072203,1068818,1066268,1065007,1063805,1062772,1061913,1060332,1057986,1055036,1050816,1046226,1041401,1036470,1032433,1027939,1023089,1018225,1012757,1007098,1001473,995420,988677,981849,974884,968021,961514,955432,950252,945994,941971,938007
Senegal,Senegal,38,SEN,686,SEN,Sub-Saharan Africa,Sub-Saharan Africa,West Africa,Least developed countries,"","",West and Central Africa,Programme countries,"","",Africa,Sub-Saharan Africa,Sub-Saharan Africa (excluding high-income),Middle income,Lower middle income,Low and middle income,Africa,Sub-Saharan Africa,Least developed countries,Excluding China,OIC,Africa,OIC Lower middle income,OIC Middle income,Countdown,West Africa,Africa,Western Africa,Non-fragile,Non-fragile,Non-fragile,Non-fragile,Non-fragile,Non-fragile,"",Non-fragile,non-FCS,non-FCS,"",non-FCS,"",USAID,Africa,Western Africa,"",Sub-Saharan Africa,"",Least developed countries,"","","",Sub-Saharan Africa,Sub-Saharan Africa,Western Africa,Sub-Saharan Africa (inc. Sudan),Least Developed Countries (LDCs),"","","",Global Strategy,Non conflict,Sub-Saharan Africa,West and Central Africa,Sub-Saharan Africa,West and Central Africa,Lower middle income,Low and middle income,Sub-Saharan Africa,West and Central Africa,Lower middle income,Low and middle income,African Group,Economic Community of West African States,GAVI,West and Central Africa,Non-humanitarian,High burden,"",West and Central Africa,West and Central Africa,LiST,"",LiSTSBR,"","","","","","","","","","",ECA_West Africa,ECA_All countries,"","","","","","","","","","",ESCAP_Africa (AFR),ECA_African Union Commission,ECA_ECOWAS,"",ECA_CEN-SAD,ECA_Sahel,"","",ECA_Non-Oil Producing,ECA_Least developed countries,"",ECA_Non-Oil LDCs,"",ECA_Sub-Saharan Africa,"","","","","",55638,59781,61228,62742,64365,66066,67822,69491,71280,73302,75350,77440,79531,81530,83551,85817,88237,90738,93249,95948,98882,101976,105036,108018,111166,114534,118073,121307,123883,126148,128679,131366,133925,136316,138405,140444,141978,143954,145119,147265,150623,153125,155681,158589,160695,163372,166324,169893,173650,178651,182495,185964,189787,194428,198754,204418,211447,215457,219756,226925,231862,236989,241930,246376,250015,250713,252549,256103,261160,264928,268706,272289,275839,279820,283011,286436,290669,294310,299289,303421,307879,312378,317451,321785,326721,331895,337155,341722,345947,348943,353730,357221,359796,364759,369517,372201,374813,378110,381581,385257,387530,390298,392589,395920,397760,401558,403938,406723,408903,410830,412080,416012,419121,421260,424270,425154,427965,431435,433123,434042,434749,437614,438532,441245,442037,444052,443743,444654,446112,447984,447106,448890,449510,447331,448810,447537,447255,447175,448010,449450,448033,444435,446758,447958,447867,445566,445365,445407,445026,445568,161133,164699,172514,181152,191692,200580,206625,212875,219186,225494,231893,238375,244992,251762,258494,265177,272047,279304,287104,295451,304309,313833,324184,335362,347163,359398,372126,385522,399314,413010,425946,437966,449404,460640,471918,483081,494068,504670,514835,524230,532904,542355,552158,562170,572728,582167,590857,600042,610022,621845,636506,653324,670971,689244,707763,726521,746768,769625,793034,815583,838927,861535,883589,906697,928258,947851,964576,977480,988698,1000322,1014226,1030565,1047640,1063739,1079154,1094083,1108332,1122917,1137750,1153498,1170586,1188023,1205997,1224419,1242928,1261770,1281182,1300990,1320979,1340689,1358856,1375728,1391874,1406612,1421630,1437666,1453172,1468300,1482579,1495333,1508038,1521092,1533653,1545335,1556268,1566834,1577731,1589191,1600357,1611422,1621669,1630372,1639182,1649087,1659527,1670978,1681678,1690650,1700275,1709864,1718771,1726622,1733097,1738928,1745336,1752702,1759606,1765438,1769730,1773507,1777588,1781273,1785134,1789004,1790294,1790831,1791038,1789177,1788056,1787659,1788309,1789731,1788659,1786650,1785350,1784583,1785164,1785025,1782985,1780284
Serbia,Serbia,156,SRB,688,YUGC,"","","","","","",Europe and Central Asia,Programme countries,"","",Europe,Europe and Central Asia,Europe and Central Asia (excluding high-income),Middle income,Upper middle income,Low and middle income,Europe,"","","","","","","","","","","",Non-fragile,Non-fragile,Non-fragile,Non-fragile,Non-fragile,Non-fragile,"",Non-fragile,non-FCS,non-FCS,"",non-FCS,"","",Europe,Southern Europe,"",Europe and Northern America,Europe,"","","North America, Europe, Australia and New Zealand","Australia and New Zealand, Central Asia, Europe and North America",Europe and Northern America,Europe,Southern Europe,"","","",HAC,HAC,"",Non conflict,Europe and Central Asia,Eastern Europe and Central Asia,Europe and Central Asia,Eastern Europe and Central Asia,Upper middle income,Low and middle income,Europe and Central Asia,Eastern Europe and Central Asia,Upper middle income,Low and middle income,Eastern European Group,"","",Eastern Europe and Central Asia,Non-humanitarian,Non-high burden,"",Europe and Central Asia,Eastern Europe and Central Asia,LiST,"",LiSTSBR,"","","","","","","","","",EECA,"",ECE_All countries,"",ECE_West Balkans (ST7),"","","","","","","","",ESCAP_Europe (Europe),"","","","","","","","","","","","","","","","","","",75728,69739,73341,73266,72301,68516,64751,59527,58728,58180,60083,60187,58602,58369,57651,58738,58192,57624,57138,57099,55211,53132,55173,56144,56904,57830,58450,57666,57091,55792,56228,53135,54193,53830,55067,53480,52359,52303,51972,49201,48897,48417,46587,46971,46108,46744,45911,43753,34509,34814,38278,41947,42366,41700,37848,35528,33588,33658,34991,35430,36473,36507,37089,36513,36748,36530,36105,36105,35771,35834,35360,34862,34329,33643,33036,32421,31797,31080,30422,29762,29284,28763,28241,27835,27442,27087,26689,26435,26150,25879,25707,25530,25415,25294,25121,24950,24863,24748,24562,24432,24256,24105,23852,23581,23269,22963,22607,22165,21794,21406,20974,20570,20200,19825,19464,19143,18853,18585,18374,18100,17906,17699,17453,17285,17123,16999,16839,16700,16544,16449,16260,16087,15920,15764,15597,15395,15181,14992,14815,14536,14276,14030,13758,13502,13241,12971,12731,12504,12235,12055,233136,251929,264405,272360,277194,266584,259490,250549,236751,223163,212030,210179,222046,227803,229884,228321,226052,225974,225671,225298,224321,221953,218264,216996,217435,219294,223797,228253,230697,231738,230894,227978,223149,218330,215557,213977,213821,213123,211449,209255,205611,201962,198039,191720,186551,183630,181294,180461,179038,171729,160058,151436,148375,152647,160487,162977,158770,150962,142764,137955,137128,138988,142056,144568,146215,146939,147131,146578,145814,145047,144058,143260,142152,140485,138367,135893,133407,130888,128346,125757,123121,120551,118167,115947,113929,112072,110335,108747,107293,105971,104738,103670,102751,101952,101318,100744,100163,99602,99059,98508,97975,97409,96777,96096,95301,94363,93278,92069,90720,89259,87736,86130,84516,82928,81341,79805,78349,76975,75697,74552,73499,72515,71611,70708,69848,69060,68329,67685,67095,66514,65954,65389,64789,64167,63508,62832,62155,61433,60672,59893,59066,58174,57235,56213,55163,54132,53082,52040,51033,50032
Seychelles,Seychelles,19,SYC,690,SEY,Sub-Saharan Africa,Sub-Saharan Africa,Eastern Africa,"","",SIDS,Non-programme countries,"","","",Africa,Sub-Saharan Africa,"",High income,High income,"",Africa,"",Excluding least developed countries,Excluding China,"","","","","",Eastern Africa,Africa,Eastern Africa,"","","","","",Non-fragile,"","",non-FCS,non-FCS,"",non-FCS,"","",Africa,Eastern Africa,"",Sub-Saharan Africa,"","",Small island developing States,"","",Sub-Saharan Africa,Sub-Saharan Africa,Eastern Africa,Sub-Saharan Africa (inc. Sudan),"",Small island developing States (SIDS),"","","",Non conflict,Sub-Saharan Africa,Eastern and Southern Africa,"","","","","","","","",African Group,"","",Eastern and Southern Africa,Non-humanitarian,Non-high burden,"","","","","","","","","","","","","","","","",ECA_Eastern Africa,ECA_All countries,"","","","","","","","","","",ESCAP_Africa (AFR),ECA_African Union Commission,"",ECA_SADC,"",ECA_COMESA,ECA_Island economies,ECA_Small Island states,ECA_Non-Oil Producing,"","","","",ECA_Sub-Saharan Africa,"","","","","",578,605,624,639,644,658,678,701,726,748,785,802,818,840,859,876,889,897,900,898,892,886,893,895,910,934,855,818,895,879,910,892,785,808,841,825,839,829,830,823,803,836,803,823,837,782,772,727,711,718,733,713,729,740,740,789,770,804,837,857,804,852,874,836,826,845,875,887,875,859,842,828,813,801,790,779,770,761,753,748,742,738,739,738,739,742,746,750,753,756,759,759,758,758,757,755,752,746,738,733,724,718,712,706,698,690,683,675,669,664,658,652,649,645,643,643,641,637,637,636,633,630,629,626,622,622,615,610,605,601,595,589,584,576,571,566,560,556,551,546,540,536,533,528,525,522,519,513,511,510,1836,1946,2056,2156,2239,2308,2378,2472,2587,2713,2843,2954,3025,3087,3139,3192,3263,3338,3408,3457,3481,3474,3451,3440,3458,3497,3556,3565,3498,3452,3419,3428,3504,3477,3381,3317,3250,3251,3297,3264,3237,3203,3182,3166,3146,3204,3199,3154,3293,3179,3063,2958,2897,2900,2920,2932,2978,3042,3095,3182,3266,3315,3357,3402,3403,3400,3404,3396,3425,3480,3509,3493,3441,3370,3301,3237,3184,3137,3097,3059,3026,2998,2973,2957,2945,2940,2941,2948,2959,2971,2986,2999,3010,3016,3019,3021,3016,3012,3001,2984,2964,2939,2910,2883,2856,2829,2803,2775,2744,2714,2687,2662,2638,2617,2599,2582,2572,2563,2555,2548,2540,2533,2528,2519,2509,2499,2489,2478,2463,2446,2426,2406,2387,2365,2342,2317,2294,2270,2250,2229,2210,2190,2170,2151,2134,2118,2103,2088,2074,2058
Sierra Leone,Sierra Leone,39,SLE,694,SRL,Sub-Saharan Africa,Sub-Saharan Africa,West Africa,Least developed countries,"","",West and Central Africa,Programme countries,"","",Africa,Sub-Saharan Africa,Sub-Saharan Africa (excluding high-income),Low income,Low income,Low and middle income,Africa,Sub-Saharan Africa,Least developed countries,Excluding China,OIC,Africa,OIC Low income,"",Countdown,West Africa,Africa,Western Africa,Fragile,Fragile,Fragile,Fragile,Non-fragile,Fragile,Other Fragile,Non-fragile,non-FCS,non-FCS,"",non-FCS,"","",Africa,Western Africa,"",Sub-Saharan Africa,"",Least developed countries,"","","",Sub-Saharan Africa,Sub-Saharan Africa,Western Africa,Sub-Saharan Africa (inc. Sudan),Least Developed Countries (LDCs),"","","",Global Strategy,Non conflict,Sub-Saharan Africa,West and Central Africa,Sub-Saharan Africa,West and Central Africa,Low income,Low and middle income,Sub-Saharan Africa,West and Central Africa,Low income,Low and middle income,African Group,Economic Community of West African States,GAVI,West and Central Africa,Non-humanitarian,High burden,"",West and Central Africa,West and Central Africa,LiST,"",LiSTSBR,"","","","","","","","","","",ECA_West Africa,ECA_All countries,"","","","","","","","","","",ESCAP_Africa (AFR),ECA_African Union Commission,ECA_ECOWAS,"",ECA_CEN-SAD,"","","",ECA_Non-Oil Producing,ECA_Least developed countries,ECA_Mineral-rich countries,ECA_Non-Oil LDCs,"",ECA_Sub-Saharan Africa,"","","","","",39788,40791,41233,41671,42447,43323,44172,44993,45831,46670,47671,48736,49739,50845,51955,52879,53843,54927,55861,56771,57750,58832,59905,60998,62373,63569,64624,65735,67094,68295,69462,70828,72383,74042,75837,77560,79394,81614,83598,85457,87310,92234,89782,89606,89855,90046,89987,90978,91966,92482,92809,96559,103218,106192,107792,109333,111427,112465,114094,115612,117075,118583,119949,120143,120149,120049,120935,122520,124066,125255,126010,126759,127381,128107,128463,128878,129605,130011,130670,131388,131772,131916,132440,133079,133387,133164,133160,133126,133005,132979,132850,132770,132351,132319,132440,132361,132295,132319,131744,131096,130794,131018,130771,130523,129834,129952,129692,129266,128628,127850,127518,126589,125820,125368,124412,124171,123540,123351,123221,122776,121970,121537,121165,120651,120500,119547,118777,118097,117429,117169,116260,115971,115316,114411,114305,113754,113025,112365,111840,111076,110694,110065,109193,108323,107906,107305,107012,106420,105533,104878,121086,119115,118236,118747,121265,124158,126820,129790,133063,136377,139881,143555,147436,151468,155656,159979,164255,168407,172600,176609,180517,184478,188273,192227,196338,200664,205175,209548,214258,219006,223762,228677,233644,238877,244600,250752,257235,264967,273025,281015,287770,303714,294632,293195,294589,297466,297803,302280,306916,309535,311930,325993,350391,365506,378935,387696,393395,396782,402451,409771,419067,427050,434392,441013,446465,450382,453064,455427,458518,462885,468464,474489,479603,483510,486460,488880,490990,493258,495582,498010,500813,503432,505708,507839,509876,511838,513520,514692,515255,515309,515376,515473,515437,515213,514838,514650,514553,514637,514911,514724,513872,512696,511583,510776,510327,509785,508957,508124,507164,506146,504621,502628,500405,497853,495489,492898,490387,488345,486435,485144,484087,482747,481204,479408,477481,475921,474365,472263,469931,467234,464705,462464,460322,458400,456067,453890,451990,449842,447833,445697,443218,440869,438709,436335,433730,431081,428434,426131,424261,422215
Singapore,Singapore,101,SGP,702,SIN,South-eastern Asia,South-eastern Asia,"","","",SIDS,Non-programme countries,"","","",Western Pacific,East Asia and Pacific,"",High income,High income,"",Asia,"",Excluding least developed countries,Excluding China,"","","","","","","","","","","","","",Non-fragile,"","",non-FCS,non-FCS,"",non-FCS,"","",Asia,South-Eastern Asia,"",Eastern and South-Eastern Asia,South-Eastern Asia,"",Small island developing States,South Eastern Asia and Oceania (excl. Australia and New Zealand),"",Eastern and South-Eastern Asia,Asia,South-Eastern Asia,South-Eastern Asia,"",Small island developing States (SIDS),"","","",Non conflict,East Asia and Pacific,"","","","","","","","","",Asia-Pacific Group,"","",High Income Countries,Non-humanitarian,Non-high burden,"","","","","","","","","","",EAPR Countries,EAPR Countries (excluding China),"","",ASEAN Countries,"","","","","","","",ESCAP_ASEAN (ASEAN),"","","","",ESCAP_South-East Asia (SEA),ESCAP_All countries,"","","","","","","","","","","","","","",ESCAP_Small Islands Developing States,ESCAP_WB High Income Economies,"","",20645,22604,24367,26422,28238,29383,31162,32601,33590,33693,33113,31984,31108,30835,30138,28320,27939,25870,24102,22789,22209,22692,23873,23497,21409,19797,20840,19372,19621,20358,21461,21453,21667,21061,21714,22935,20663,23025,26961,25325,29513,26384,26588,26877,26623,28868,26116,28199,23849,23249,27399,22575,24720,23189,22653,22433,23191,24117,24525,24142,23584,24885,26659,25350,26344,26002,22116,21478,21179,21488,22311,21639,21753,21878,22043,22117,22267,22297,22284,22093,21977,21767,21473,21178,20794,20517,20262,19978,19767,19606,19574,19363,19299,19355,19435,19513,19651,19816,19934,20049,20126,20207,20290,20234,20249,20297,20243,20165,20097,20017,19941,19997,19811,19747,19610,19499,19424,19371,19340,19289,19186,19174,19133,19050,19035,19108,19171,19210,19184,19235,19340,19365,19500,19598,19673,19654,19668,19695,19712,19757,19745,19695,19658,19639,19712,19671,19611,19611,19617,19593,64310,68324,74097,80865,89090,97378,104674,111715,118269,123909,128593,128257,128150,125891,122894,119525,116336,113344,109982,105537,100116,95113,91628,90624,91410,91494,89468,86436,82923,80201,80142,81177,82408,83729,85134,87196,89586,91695,93648,94861,95321,97810,103215,107735,109991,110033,110870,112552,112431,109697,103981,99577,99713,99437,96814,91293,87832,89158,91025,91597,89767,88679,91463,94154,94759,92389,90549,92786,96166,100005,105100,105619,101488,97043,91481,88833,89587,90107,90564,90873,90948,90753,90308,89601,88713,87637,86398,85170,83970,82872,81927,81154,80523,79996,79666,79496,79533,79822,80250,80739,81262,81765,82185,82550,82804,82941,83044,83051,82983,82866,82634,82334,82110,81883,81595,81293,80860,80416,80046,79731,79506,79282,79066,78866,78640,78451,78358,78356,78474,78636,78770,78921,79084,79331,79687,80035,80339,80556,80674,80733,80807,80900,80930,80892,80799,80727,80706,80669,80631,80566
Slovakia,Slovakia,166,SVK,703,SLK,"","","","","","",Non-programme countries,"","","",Europe,Europe and Central Asia,"",High income,High income,"",Europe,"","","","","","","","","","","","","","","","",Non-fragile,"","",non-FCS,non-FCS,"",non-FCS,"","",Europe,Eastern Europe,"",Europe and Northern America,Europe,"","","North America, Europe, Australia and New Zealand","Australia and New Zealand, Central Asia, Europe and North America",Europe and Northern America,Europe,Eastern Europe,"","","","","","","",Europe and Central Asia,Western Europe,"","","","","","","","",Eastern European Group,"","",High Income Countries,Non-humanitarian,Non-high burden,"","","","","","","","","","","","","","","","","",ECE_All countries,ECE_European Union (E25),ECE_Euro area (EMU),"","","","","","","","",ESCAP_Europe (Europe),"","","","","","","","","","","","","","","","","","",46063,46664,48601,48792,48748,49069,49103,48159,46624,44833,44547,43769,42349,43347,43409,42228,40779,38762,37992,39178,40089,41765,43555,46289,48807,49245,50135,50305,50436,50233,48092,47082,46816,46681,46000,45417,44014,42402,41695,40361,40267,39646,38058,37128,34083,31440,30511,30012,29240,28474,27950,26408,25999,26393,27266,27807,27697,27838,29092,30849,30890,30743,28960,28326,28278,28458,29289,29616,29519,29238,28610,27858,27330,31754,30225,28642,27370,26534,25950,25499,25051,24711,24380,24085,23812,23553,23477,23405,23329,23302,23356,23327,23382,23504,23483,23532,23512,23579,23570,23556,23400,23305,23133,22942,22712,22450,22167,21924,21669,21353,21070,20778,20495,20250,20022,19816,19677,19497,19372,19302,19175,19082,19115,19077,19021,18988,18975,18905,18802,18822,18764,18592,18572,18488,18358,18279,18121,18019,17798,17609,17468,17281,17103,17020,16849,16691,16512,16412,16298,16225,150421,158029,165918,174324,181691,187659,190851,191916,192094,190913,187436,182873,178578,174360,172281,171498,170561,169152,165801,160759,156869,156811,159560,163479,169261,175747,182606,189257,194298,196748,197816,196934,194121,190927,187754,185029,183350,181305,177698,173440,168548,163347,161142,158717,155769,151194,143598,135893,128915,123153,119486,116208,112933,109748,107260,106203,106858,108477,110085,111697,114311,117024,118803,120497,119314,117941,116636,116440,118093,120063,121307,120199,117711,124641,121288,119066,116903,114833,111915,108628,105920,103681,101800,100172,98707,97408,96230,95227,94473,93926,93591,93433,93346,93348,93499,93667,93835,94003,94098,94178,94230,94171,93957,93579,93031,92364,91575,90646,89645,88609,87536,86437,85314,84149,83016,81951,80957,80087,79317,78629,78065,77567,77116,76800,76572,76389,76276,76160,75998,75797,75607,75418,75145,74873,74591,74207,73850,73465,72993,72471,71840,71173,70473,69757,69128,68528,67923,67336,66735,66159
Vietnam,Viet Nam,102,VNM,704,SVN,South-eastern Asia,South-eastern Asia,"","","","",East Asia and Pacific,Programme countries,"","",Western Pacific,East Asia and Pacific,East Asia and Pacific (excluding high-income),Middle income,Lower middle income,Low and middle income,Asia,"",Excluding least developed countries,Excluding China,"","","","","","","","",Non-fragile,Non-fragile,Non-fragile,Non-fragile,Non-fragile,Non-fragile,"",Non-fragile,non-FCS,non-FCS,"",non-FCS,"","",Asia,South-Eastern Asia,"",Eastern and South-Eastern Asia,South-Eastern Asia,"","",South Eastern Asia and Oceania (excl. Australia and New Zealand),"",Eastern and South-Eastern Asia,Asia,South-Eastern Asia,South-Eastern Asia,"","","","",Global Strategy,Non conflict,East Asia and Pacific,"",East Asia and Pacific,"",Lower middle income,Low and middle income,East Asia and Pacific,"",Lower middle income,Low and middle income,Asia-Pacific Group,"",GAVI,East Asia and the Pacific,Non-humanitarian,Non-high burden,"",East Asia and Pacific,East Asia and Pacific,LiST,LiSTSBR,LiSTSBR,EAPR Program Countries,EAPR Program Countries (excluding China),"","",EAPR Countries,EAPR Countries (excluding China),"","",ASEAN Countries,"","","","","","",ESCAP_ADB Group C (ADB_DMC_C),ESCAP_ASEAN (ASEAN),"","","","",ESCAP_South-East Asia (SEA),ESCAP_All countries,ESCAP_ADB Developing member countries (ADB_DMC),"","","","","","","","","","","","","","",ESCAP_WB Lower Middle Income Economies,"","",464824,440693,484586,504394,540905,547810,554838,603319,631156,645149,655797,601867,649362,684309,685355,677553,664886,660149,677305,692482,707432,730529,757138,785965,785354,790971,802441,814928,835266,855829,870953,894792,914920,930393,940455,946678,950711,948563,946781,946899,947807,945650,933268,909554,871818,821180,774051,742882,720605,712513,719446,725867,740944,741971,749997,745143,735443,746046,758151,761966,765939,775284,790436,803015,804767,804148,795985,786946,782343,778597,772195,758955,748501,735857,723936,712474,703288,695328,685629,678348,671340,662439,657891,652101,647881,643051,640239,637569,634920,633484,632210,629000,628311,627644,628783,627715,626526,624068,622422,617848,613774,607453,604072,597941,590903,583495,579697,572763,566679,559969,553199,548502,543192,538080,534738,530981,528150,526567,522259,523329,518358,516464,516439,513837,511798,509816,508964,506571,504570,501779,497651,494361,489574,487103,484791,478379,473399,469193,463917,459445,454143,449759,446353,442827,439401,436341,431554,428640,426104,422986,1252418,1403030,1526247,1651192,1747782,1817574,1923672,2008099,2096551,2197918,2291714,2395502,2429328,2431943,2471404,2504869,2561244,2599615,2576129,2556327,2564085,2598014,2659034,2733375,2819373,2906714,2983954,3046048,3090606,3137121,3218982,3283187,3355232,3432283,3508121,3580378,3639511,3681925,3708338,3720647,3723407,3723845,3724630,3720126,3696628,3640007,3539207,3397657,3238074,3085730,2962908,2889544,2860419,2867134,2895286,2926354,2951177,2956556,2955779,2963375,2977267,3002864,3033807,3064931,3102400,3142637,3175771,3191276,3183892,3163598,3139516,3115090,3089491,3059232,3021356,2976203,2929539,2884476,2842401,2803780,2768288,2735940,2703950,2674200,2647847,2623497,2602678,2584681,2569052,2555744,2544911,2536525,2528465,2521138,2515215,2510888,2508880,2507570,2504964,2499984,2491794,2480408,2465640,2448116,2429028,2407634,2384234,2360163,2335486,2310931,2287240,2262268,2236984,2213320,2190805,2170884,2153113,2137012,2123993,2112133,2102244,2093653,2083673,2075888,2068289,2060282,2053808,2046751,2039401,2032200,2024577,2014814,2002969,1989300,1974434,1960775,1946349,1930211,1913154,1893664,1873779,1854776,1835451,1817042,1800068,1784501,1770543,1756458,1741973,1728304
Slovenia,Slovenia,190,SVN,705,SLV,"","","","","","",Non-programme countries,"","","",Europe,Europe and Central Asia,"",High income,High income,"",Europe,"","","","","","","","","","","","","","","","",Non-fragile,"","",non-FCS,non-FCS,"",non-FCS,"","",Europe,Southern Europe,"",Europe and Northern America,Europe,"","","North America, Europe, Australia and New Zealand","Australia and New Zealand, Central Asia, Europe and North America",Europe and Northern America,Europe,Southern Europe,"","","","","","","",Europe and Central Asia,Western Europe,"","","","","","","","",Eastern European Group,"","",High Income Countries,Non-humanitarian,Non-high burden,"","","","","","","","","","","","","","","","","",ECE_All countries,ECE_European Union (E25),ECE_Euro area (EMU),"","","","","","","","",ESCAP_Europe (Europe),"","","","","","","","","","","","","","","","","","",16620,16303,16282,16462,15847,15878,15624,15065,14272,14189,13953,14261,14373,14353,14490,15094,15329,14891,14344,14033,13864,14403,14739,15242,15030,15581,15993,15993,16434,16727,16127,15158,14873,13995,13519,13254,12919,12803,12672,11963,11471,11079,10439,10293,10118,9870,9734,9481,9295,9164,9328,9082,9011,8941,9244,9412,9831,10323,11216,11417,11639,11529,11474,11117,11068,10895,10759,10731,10474,10277,9915,9875,9726,9559,9404,9264,9152,9057,8974,8892,8861,8852,8876,8906,8939,8999,9066,9151,9213,9256,9310,9357,9371,9389,9358,9307,9272,9222,9192,9077,8980,8886,8772,8678,8583,8468,8370,8283,8210,8141,8095,8058,8021,8007,7984,7978,7999,8017,8011,8037,8051,8078,8090,8093,8102,8095,8052,8053,8038,8014,7969,7920,7870,7820,7761,7698,7618,7559,7496,7436,7384,7368,7330,7295,7281,7251,7237,7229,7205,7210,55548,59433,61398,62650,63603,63484,62939,62371,61536,60434,59169,57583,56246,55834,55941,56374,56951,57570,58219,58584,58439,57585,56654,56531,57029,57881,58816,59616,60444,61319,62178,62678,62312,61406,59927,58152,56312,54499,53085,52099,51197,50038,48260,46229,44420,43007,41827,40770,39848,39025,38284,37656,37143,36854,36849,37009,37352,38092,39198,40802,42732,44524,45821,46356,46189,45544,44944,44263,43685,43241,42632,41992,41279,40420,39626,38937,38310,37712,37185,36732,36340,36020,35785,35648,35623,35682,35804,35981,36206,36472,36738,36986,37207,37382,37522,37604,37589,37504,37364,37194,36992,36721,36399,36011,35598,35202,34793,34384,33987,33606,33262,32967,32724,32524,32370,32252,32160,32117,32118,32140,32186,32243,32300,32373,32440,32491,32522,32505,32462,32408,32333,32249,32137,31979,31795,31591,31373,31134,30875,30611,30348,30102,29894,29722,29573,29455,29347,29244,29167,29097
Somalia,Somalia,11,SOM,706,SOM,Sub-Saharan Africa,Sub-Saharan Africa,Eastern Africa,Least developed countries,"","",Eastern and Southern Africa,Programme countries,MENAEMRO,"",Eastern Mediterranean,Sub-Saharan Africa,Sub-Saharan Africa (excluding high-income),Low income,Low income,Low and middle income,Africa,Sub-Saharan Africa,Least developed countries,Excluding China,OIC,Arab,OIC Low income,"",Countdown,Eastern Africa,Africa,Eastern Africa,Fragile,Fragile,Fragile,Fragile,Fragile,Fragile,Extremely Fragile,Fragile,Fragile and Conflict-affected Situation,Fragile and Conflict-affected Situation,High-intensity Conflict,Fragile and Conflict-affected Situation,Conflict,"",Africa,Eastern Africa,"",Sub-Saharan Africa,"",Least developed countries,"","","",Sub-Saharan Africa,Sub-Saharan Africa,Eastern Africa,Sub-Saharan Africa (inc. Sudan),Least Developed Countries (LDCs),"",HAC,HAC,Global Strategy,Conflict,Sub-Saharan Africa,Eastern and Southern Africa,Sub-Saharan Africa,Eastern and Southern Africa,Low income,Low and middle income,Sub-Saharan Africa,Eastern and Southern Africa,Low income,Low and middle income,African Group,"",GAVI,Eastern and Southern Africa,Humanitarian,High burden,Fragile,Eastern and Southern Africa,Eastern and Southern Africa,LiST,"",LiSTSBR,"","","","","","","","","","",ECA_Eastern Africa,ECA_All countries,"","","","","","","","","","",ESCAP_Africa (AFR),ECA_African Union Commission,ECA_IGAD,"",ECA_CEN-SAD,ECA_COMESA,"","",ECA_Non-Oil Producing,ECA_Least developed countries,"",ECA_Non-Oil LDCs,"",ECA_Sub-Saharan Africa,"","","",ESCWA_Arab countries,ESCWA_Arab LDCs subregion,49077,51458,52371,53298,54244,55239,56284,57408,58581,59749,61028,62334,63743,65200,66716,68324,69983,71674,73463,75325,77273,79383,81518,83795,85651,87931,90632,93876,98289,111086,128027,134463,132127,137146,142435,149105,155950,163249,168050,164223,163287,151916,138695,149042,164459,168733,175965,181356,188877,196329,203399,210950,218838,225851,233300,240471,247324,252823,260529,265917,270632,276553,278368,285849,294933,303908,312324,322041,330503,339825,348701,356520,364882,372882,379484,385637,392623,399961,406412,413782,419683,426995,433354,439847,446972,452610,456981,463722,468068,473142,477670,483085,487267,491592,496032,499507,503497,507726,509233,512351,514050,517055,519095,521958,524452,525574,526749,527805,528682,529183,530869,529849,531097,532166,533052,533652,533521,534468,532562,532785,532504,533436,533465,533508,533238,533876,530224,528965,529774,529486,526393,524627,525373,525697,525078,524460,519482,519805,521017,517750,516412,515110,512333,510521,509043,505566,503143,500602,501598,500272,143233,151850,161597,170691,178653,183881,187368,191002,194812,198683,202966,207503,212236,217168,222282,227599,233211,238962,244964,251164,257589,264322,271200,278578,285628,292055,298757,306897,317487,358344,414989,437225,431349,449308,467665,490406,513876,538986,557331,545426,544896,529266,468311,449900,488791,520038,566585,601403,632279,658805,684619,712383,739061,763680,790442,816328,840841,860673,886938,906051,925354,945169,948769,976523,1012054,1048287,1083176,1128367,1166055,1202930,1240138,1272147,1304263,1336711,1368418,1397851,1424871,1450737,1476544,1503021,1530726,1558238,1585133,1612189,1638587,1665430,1691856,1716098,1739947,1762390,1783211,1804268,1824530,1844125,1863351,1882166,1899856,1916540,1933336,1948271,1961678,1973849,1984193,1994574,2005115,2015954,2026051,2034673,2042048,2047644,2052296,2057068,2060850,2063835,2067553,2070941,2074878,2078828,2081876,2083372,2083284,2083211,2083034,2084008,2085755,2087221,2088568,2087580,2084098,2080959,2077852,2074520,2071235,2067584,2064329,2062789,2063014,2060244,2054673,2050654,2045897,2041815,2038760,2032298,2024939,2018463,2010500,2001712,1992824,1984927
South Africa,South Africa,20,ZAF,710,SAF,Sub-Saharan Africa,Sub-Saharan Africa,South Africa,"","","",Eastern and Southern Africa,Programme countries,"","",Africa,Sub-Saharan Africa,Sub-Saharan Africa (excluding high-income),Middle income,Upper middle income,Low and middle income,Africa,Sub-Saharan Africa,Excluding least developed countries,Excluding China,"","","","",Countdown,Southern Africa,Africa,Southern Africa,Non-fragile,Non-fragile,Non-fragile,Non-fragile,Non-fragile,Non-fragile,"",Non-fragile,non-FCS,non-FCS,"",non-FCS,"","",Africa,Southern Africa,"",Sub-Saharan Africa,"","","","","",Sub-Saharan Africa,Sub-Saharan Africa,Southern Africa,Sub-Saharan Africa (inc. Sudan),"","","","","",Non conflict,Sub-Saharan Africa,Eastern and Southern Africa,Sub-Saharan Africa,Eastern and Southern Africa,Upper middle income,Low and middle income,Sub-Saharan Africa,Eastern and Southern Africa,Upper middle income,Low and middle income,African Group,"","",Eastern and Southern Africa,Non-humanitarian,Non-high burden,"",Eastern and Southern Africa,Eastern and Southern Africa,LiST,"",LiSTSBR,"","","","","","","","","","",ECA_Southern Africa,ECA_All countries,"","","","","","","","","","",ESCAP_Africa (AFR),ECA_African Union Commission,"",ECA_SADC,"","","","",ECA_Non-Oil Producing,"",ECA_Mineral-rich countries,"","",ECA_Sub-Saharan Africa,"","","","","",245880,253209,261015,268676,273470,278162,283923,290080,296038,299666,306088,316967,327830,338753,350039,361062,372365,384073,395203,406591,417067,427935,436898,444823,450481,455605,459520,462036,466702,475300,485145,493562,510610,529722,553646,579231,609749,631712,634687,628059,609559,603372,590352,581678,574686,570553,554798,522849,505556,497352,479361,472620,467443,477281,499250,520696,539759,551837,589443,575601,570383,579545,589408,592625,597256,589588,575060,581675,600901,613212,598656,586518,575242,567805,563746,557483,552972,549205,544927,543095,541557,540592,541497,541582,541632,542756,544483,544738,544261,544250,544543,545302,543744,543401,541716,540155,536926,534711,531499,529326,524977,521193,516605,514163,510378,506189,503130,500838,497824,494496,490950,489240,487917,486467,483950,481508,478757,479760,477816,474958,473806,473829,471982,468146,465605,462563,460982,459267,457127,452498,449557,447160,443629,442280,439252,435982,433956,432360,429654,426941,424473,421815,417985,416188,413907,412003,410506,407833,405789,404801,844112,864720,884859,902557,922757,950945,978504,1005102,1030234,1051860,1079682,1110301,1138317,1169626,1206048,1247891,1291053,1333860,1377627,1421458,1465429,1509119,1548556,1588173,1626120,1661258,1691364,1717207,1735416,1753220,1774896,1802960,1858079,1920252,1997703,2080180,2189946,2265487,2354726,2440187,2503097,2516750,2471642,2424079,2374635,2332906,2300508,2263539,2192519,2110657,2028265,1949528,1895764,1866682,1848682,1858763,1899323,1964469,2040378,2125925,2199589,2243268,2277354,2292761,2303069,2329563,2355293,2334911,2319332,2319151,2337066,2366620,2380592,2365615,2326990,2287699,2258792,2235672,2216797,2198647,2182600,2170403,2160953,2155615,2153729,2153378,2154888,2157801,2161105,2164160,2166325,2167176,2167680,2167894,2167340,2165581,2161552,2155573,2147856,2138456,2128071,2116826,2104168,2090036,2075179,2060586,2046035,2032107,2019041,2006387,1994599,1982896,1971230,1960846,1952312,1945169,1937992,1929588,1921946,1915912,1909720,1904225,1898988,1893207,1886991,1879482,1869608,1858484,1848919,1840553,1831306,1820484,1808724,1795913,1784355,1774439,1763708,1753468,1743877,1734224,1725086,1715928,1705904,1694750,1683653,1673184,1663156,1654846,1647099,1638890
Zimbabwe,Zimbabwe,22,ZWE,716,ZIM,Sub-Saharan Africa,Sub-Saharan Africa,South Africa,"","",LLDC,Eastern and Southern Africa,Programme countries,"","",Africa,Sub-Saharan Africa,Sub-Saharan Africa (excluding high-income),Middle income,Lower middle income,Low and middle income,Africa,Sub-Saharan Africa,Excluding least developed countries,Excluding China,"","","","",Countdown,Southern Africa,Africa,Southern Africa,Fragile,Fragile,Fragile,Fragile,Fragile,Fragile,Other Fragile,Fragile,Fragile and Conflict-affected Situation,Fragile and Conflict-affected Situation,High Institutional and Social Fragility,Fragile and Conflict-affected Situation,Institutional and Social Fragility,"",Africa,Eastern Africa,"",Sub-Saharan Africa,"","",Landlocked developing countries,"","",Sub-Saharan Africa,Sub-Saharan Africa,Eastern Africa,Sub-Saharan Africa (inc. Sudan),"",Landlocked developing countries (LLDCs),HAC,"",Global Strategy,Non conflict,Sub-Saharan Africa,Eastern and Southern Africa,Sub-Saharan Africa,Eastern and Southern Africa,Lower middle income,Low and middle income,Sub-Saharan Africa,Eastern and Southern Africa,Lower middle income,Low and middle income,African Group,"",GAVI,Eastern and Southern Africa,Non-humanitarian,High burden,Fragile,Eastern and Southern Africa,Eastern and Southern Africa,LiST,"",LiSTSBR,"","","","","","","","","","",ECA_Southern Africa,ECA_All countries,"","","","","","","","","","",ESCAP_Africa (AFR),ECA_African Union Commission,"",ECA_SADC,"",ECA_COMESA,ECA_Land-locked countries,"",ECA_Non-Oil Producing,"",ECA_Mineral-rich countries,"","",ECA_Sub-Saharan Africa,"","","","","",65112,67028,68687,70373,72160,73949,75896,77946,80107,82305,84655,87055,89572,92098,94713,97526,100397,103438,106787,110349,114188,118026,122473,127628,132668,137431,141550,144922,147616,148293,151219,165152,171270,175562,176218,176496,176361,176119,173168,170252,170313,172300,174865,174405,173088,172888,177403,183597,190540,197899,203300,206855,208470,209525,209098,207411,205582,208653,214471,223281,229485,234272,236659,238708,237481,234903,234163,234427,236040,236883,237679,238877,239983,241566,243058,243983,246507,248702,250955,253255,256012,259055,261743,263951,266135,267783,269248,270122,270747,271761,272200,272116,272343,273048,273916,273396,272655,272963,272263,272092,271229,271400,271436,270653,271174,270271,269709,269967,269918,268802,268106,268360,267350,266614,266395,264928,264708,265381,264048,264567,264080,263610,262446,261756,261477,259802,258798,257187,256295,255062,253573,252646,251167,249833,249765,248057,247175,246026,245291,245279,244116,242076,240598,239491,238354,237087,236494,235576,234655,233298,184602,198656,214363,231962,245168,252279,259053,266099,273490,281286,289497,298142,307180,316603,326413,336537,347030,357894,369173,381086,393667,407572,421914,436860,452891,470133,488493,506777,524464,540682,551150,553052,572723,599400,628594,653462,668166,676048,676674,671732,665703,660926,659220,657499,648567,645920,650956,657502,667703,683633,704296,724942,744970,761520,773481,777432,776059,777958,774965,777808,790611,813303,840739,871165,895298,910520,916468,916223,913675,912013,913590,919158,926674,933449,939344,945075,950554,956594,963607,971231,979984,989467,999456,1010107,1020833,1031154,1040410,1048341,1055027,1060263,1064487,1067920,1070339,1072147,1073655,1075288,1076891,1077684,1077820,1076939,1075526,1074325,1072947,1071945,1070952,1070392,1069937,1068507,1067476,1066659,1065365,1063936,1062446,1060419,1058143,1056390,1053854,1050903,1049257,1047597,1046433,1046169,1044979,1043367,1041230,1038604,1035487,1031846,1027847,1023036,1018251,1013448,1008754,1004091,999031,994766,990751,986597,982895,978871,975466,972774,969337,965073,959887,954231,949081,944787,940972,937314
Spain,Spain,191,ESP,724,SPN,"","","","","","",Non-programme countries,"","","",Europe,Europe and Central Asia,"",High income,High income,"",Europe,"","","","","","","","","","","","","","","","",Non-fragile,"","",non-FCS,non-FCS,"",non-FCS,"","",Europe,Southern Europe,"",Europe and Northern America,Europe,"","","North America, Europe, Australia and New Zealand","Australia and New Zealand, Central Asia, Europe and North America",Europe and Northern America,Europe,Southern Europe,"","","","","","","",Europe and Central Asia,Western Europe,"","","","","","","","",Western European and Others Group (WEOG),"","",High Income Countries,Non-humanitarian,Non-high burden,"","","","","","","","","","","","","","","","","",ECE_All countries,ECE_European Union (E25),ECE_Euro area (EMU),"","","","","","","","",ESCAP_Europe (Europe),"","","","","","","","","","","","","","","","","","",276288,263617,286083,289233,285020,291125,298423,313138,321322,322339,325706,315538,321750,326946,337161,331417,327265,330463,327083,326487,324650,333725,335577,335786,342926,340165,342723,335163,325718,309357,294384,277767,265948,251548,243873,235499,226282,220082,215420,210000,205978,202610,202348,198101,191243,186776,186344,188380,188328,194340,203303,207001,211622,222222,230877,236184,243871,250628,263224,256330,250841,243722,235743,221831,219151,215428,209816,201311,190539,183331,181393,182462,183629,181397,179612,177672,176769,175549,175154,175347,174773,175447,175991,176033,175547,176321,176358,176708,177334,176956,176861,175764,174586,173602,172539,170840,168525,165661,162852,159560,156900,154230,151513,149145,146811,144540,142814,141478,140135,138785,137780,137437,136730,136899,136779,136343,136071,136130,135835,135655,135477,135779,135647,134426,133811,133459,133153,132212,131087,130163,128545,127385,126035,124766,123318,121605,120744,119627,118403,117478,116649,115363,114462,114084,113595,112984,112701,112030,111659,111411,1110904,1070910,1055653,1052240,1060860,1089695,1115979,1130584,1147519,1177788,1206834,1221312,1236313,1253517,1268273,1295016,1320054,1332307,1340418,1336932,1325523,1314900,1318504,1326776,1339640,1350203,1358213,1361696,1359626,1343829,1311825,1269505,1226686,1173889,1117297,1060723,1011514,967985,929347,894085,859763,829527,817422,815023,812674,804059,789730,772459,758828,753697,757716,772364,794369,830797,865709,897085,926620,959408,991268,1017757,1034596,1036214,1025988,999152,960472,929602,905141,884781,871826,854720,829005,791669,761143,741989,731885,730255,727808,720360,714207,709239,706129,704141,703261,703851,704651,705378,706228,706817,707335,708694,709886,710356,710025,707928,704723,700785,696052,690436,683207,674131,663416,651846,640335,628980,618194,608042,598206,589130,581108,574089,568018,562745,558339,554738,552261,550999,549991,549141,548452,547569,546769,546159,545713,545478,544690,543131,541065,538601,536271,533780,530684,526587,521765,516809,511541,506225,500693,495160,490003,485001,480565,476513,472314,468230,464638,461481,458842,456872,454978,452968
South Sudan,South Sudan,999,SSD,728,SSUD,Sub-Saharan Africa,Sub-Saharan Africa,Eastern Africa,Least developed countries,"",LLDC,Eastern and Southern Africa,Programme countries,"","",Africa,Sub-Saharan Africa,Sub-Saharan Africa (excluding high-income),Low income,Low income,Low and middle income,Africa,Sub-Saharan Africa,Least developed countries,Excluding China,"","","","",Countdown,Eastern Africa,Africa,Eastern Africa,Fragile,Fragile,Fragile,Fragile,Fragile,Fragile,Extremely Fragile,Fragile,Fragile and Conflict-affected Situation,Fragile and Conflict-affected Situation,Medium-intensity Conflict,Fragile and Conflict-affected Situation,Conflict,USAID,Africa,Eastern Africa,"",Sub-Saharan Africa,"",Least developed countries,Landlocked developing countries,"","",Sub-Saharan Africa,Sub-Saharan Africa,Eastern Africa,Sub-Saharan Africa (inc. Sudan),Least Developed Countries (LDCs),Landlocked developing countries (LLDCs),"","","",Conflict,Sub-Saharan Africa,Eastern and Southern Africa,Sub-Saharan Africa,Eastern and Southern Africa,Low income,Low and middle income,Sub-Saharan Africa,Eastern and Southern Africa,Low income,Low and middle income,African Group,"",GAVI,Eastern and Southern Africa,Humanitarian,High burden,Fragile,Eastern and Southern Africa,Eastern and Southern Africa,LiST,"",LiSTSBR,"","","","","","","","","","",ECA_Eastern Africa,ECA_All countries,"","","","","","","","","","",ESCAP_Africa (AFR),ECA_African Union Commission,ECA_IGAD,"",ECA_EAC,"",ECA_Land-locked countries,ECA_Land-locked LDCs,ECA_Oil producing economies,ECA_Least developed countries,"","",ECA_Oil LDCs,ECA_Sub-Saharan Africa,"","","","","",49686,49652,51114,52636,54171,55652,57087,58496,59759,60983,62256,63582,64934,66060,67883,69338,70298,71525,72885,74073,75268,77172,78878,80796,82588,84213,85830,87425,88983,90505,92030,93643,95382,100223,106035,112036,116655,118306,105733,112822,118826,121185,122970,124175,127476,130615,133665,136574,132375,138241,145414,150129,154364,156360,157108,157583,157918,161506,168612,176335,183299,194266,202968,208694,211906,200065,193835,176541,156629,147438,148950,150634,152057,154887,157547,160618,163828,167877,171824,176072,180899,184756,188563,191022,193747,195203,195143,194822,195190,194185,193407,193113,192522,191743,190547,188550,188090,187062,186457,185396,184942,184497,183415,183098,182420,182229,182317,182533,182200,182425,182789,183605,183885,183513,183434,183635,183353,183029,182471,182156,181208,179593,177420,177234,176525,175363,174082,172778,172293,171718,170943,169972,169433,169125,168592,167497,166856,166127,165791,165108,164451,163363,162994,162569,161951,161514,160664,160144,159599,159015,168000,164938,161398,160138,161433,165402,170834,176015,180688,184981,189288,193695,198210,202405,206906,211710,215364,218330,221664,225205,228995,234442,241531,249581,258274,266522,273847,280486,286735,292786,298823,304819,310812,316481,323724,334868,350221,366110,357070,332549,330956,350946,374937,398688,416367,428567,439484,450998,453537,454968,470213,491613,515822,542285,564265,579484,591112,599139,607263,620087,638688,667083,699083,731966,761551,775019,781760,761734,726021,680946,638801,602902,580483,574787,581009,590680,600582,611897,624523,638408,653578,670157,687245,703971,719547,732977,744184,752119,756830,759241,759316,758044,756682,754781,752565,750289,746736,742525,738402,734459,731368,728631,726165,723707,721399,719359,717272,716033,715623,715557,715857,716479,717555,719255,720839,721828,722305,722192,721885,721355,720282,718612,715904,711690,706877,702393,698251,694811,691112,686938,683305,680205,677492,674872,672358,670113,667884,665515,662863,660129,657752,655543,653092,650451,647962,645616,643641,641708,639442,637201
Sudan,Sudan,48,SDN,729,SUD,Sub-Saharan Africa,Sub-Saharan Africa,North Africa,Least developed countries,"","",Middle East and North Africa,Programme countries,MENAEMRO,"",Eastern Mediterranean,Sub-Saharan Africa,Sub-Saharan Africa (excluding high-income),Low income,Low income,Low and middle income,Africa,"",Least developed countries,Excluding China,OIC,Arab,OIC Lower middle income,OIC Middle income,Countdown,North Africa,Africa,Eastern Africa,Fragile,Fragile,Fragile,Fragile,Fragile,Fragile,Extremely Fragile,Fragile,Fragile and Conflict-affected Situation,Fragile and Conflict-affected Situation,High Institutional and Social Fragility,Fragile and Conflict-affected Situation,Institutional and Social Fragility,"",Africa,Northern Africa,"",Northern Africa and Western Asia,Northern Africa,Least developed countries,"","","",Northern Africa and Western Asia,Northern Africa,Northern Africa,Sub-Saharan Africa (inc. Sudan),Least Developed Countries (LDCs),"",HAC,HAC,"",Conflict,Sub-Saharan Africa,Eastern and Southern Africa,Sub-Saharan Africa,Eastern and Southern Africa,Low income,Low and middle income,Sub-Saharan Africa,Eastern and Southern Africa,Low income,Low and middle income,African Group,"",GAVI,Eastern and Southern Africa,Humanitarian,High burden,Fragile,Middle East and North Africa,Eastern and Southern Africa,LiST,"",LiSTSBR,"","","","","","","","","","",ECA_North Africa,ECA_All countries,"","","","","","","","","","",ESCAP_Africa (AFR),ECA_African Union Commission,ECA_IGAD,"",ECA_CEN-SAD,ECA_COMESA,"","",ECA_Oil producing economies,ECA_Least developed countries,ECA_Mineral-rich countries,"",ECA_Oil LDCs,"","","","",ESCWA_Arab countries,ESCWA_Arab LDCs subregion,135042,140424,144945,149542,154258,159053,163731,168393,173529,178414,183697,189023,196371,204339,212574,220316,228170,236034,243166,250567,258417,267191,274462,281150,288357,299109,311536,324631,339531,354551,369711,385760,402644,412136,417185,420421,427720,428977,425753,431435,435485,438458,439856,440526,445661,449546,453725,457867,461922,472066,482117,492203,499072,503813,506780,512510,532795,558027,581190,600204,616846,622027,624646,637649,654057,676181,692106,707427,723193,737321,746288,753640,761307,770199,777116,782569,791568,798035,805321,811370,819900,827371,836563,847167,857349,865863,874018,884824,891980,900494,909039,917160,928303,935532,940723,950952,959743,968837,976541,981513,988634,991705,998308,999134,1001220,1006480,1008763,1009840,1011058,1015523,1020545,1021767,1022817,1024496,1028683,1035028,1037787,1043599,1049218,1051116,1051149,1058103,1060156,1060667,1058102,1061955,1063274,1059745,1055820,1055447,1057330,1060434,1062755,1060278,1059124,1055660,1054686,1055050,1055190,1055113,1054984,1051333,1049803,1050228,1048707,1046402,1048133,1047219,1045496,1041206,445958,459585,474985,491434,509763,528381,546113,563964,581455,598642,617080,636439,656754,678654,703649,731274,760104,788926,817980,846038,873567,902143,931941,963220,994433,1031858,1068201,1105944,1149351,1198361,1251919,1308170,1366117,1413322,1440144,1469580,1499822,1527773,1538364,1545692,1563746,1582721,1599051,1611826,1621654,1636936,1653497,1672539,1688663,1706948,1736020,1771271,1810186,1849026,1880858,1906558,1931714,1966804,2020767,2092187,2177146,2256942,2322144,2370760,2410790,2457504,2513396,2583503,2659386,2730023,2791938,2847081,2895055,2935834,2970612,3001254,3029518,3058073,3086414,3114196,3142980,3171676,3200722,3231409,3265581,3302738,3340936,3378968,3416554,3452618,3487226,3522344,3556052,3590785,3626917,3660100,3693085,3725982,3758634,3793864,3827068,3856635,3882409,3904708,3924565,3939547,3953681,3966775,3977720,3988621,3998586,4009821,4022513,4034966,4045757,4054736,4066428,4081606,4099573,4120270,4138870,4153712,4168190,4181375,4191971,4200669,4206385,4210340,4211866,4210685,4206748,4201137,4199758,4205016,4211734,4215373,4213997,4207709,4201727,4197996,4196596,4197260,4195942,4191712,4187147,4182140,4177154,4174676,4172983,4170359
Suriname,Suriname,133,SUR,740,SUR,Latin America and the Caribbean,Latin America and the Caribbean,"","",Latin America,SIDS,Latin America and Caribbean,Programme countries,"","",Americas,Latin America and the Caribbean,Latin America and the Caribbean (excluding high-income),Middle income,Upper middle income,Low and middle income,Latin America and the Caribbean,"",Excluding least developed countries,Excluding China,OIC,Asia/other,OIC Upper middle income,OIC Middle income,Countdown,"","","",Non-fragile,Non-fragile,Non-fragile,Non-fragile,Non-fragile,Non-fragile,"",Non-fragile,non-FCS,non-FCS,"",non-FCS,"","",Americas,Latin America and the Caribbean,South America,Latin America and the Caribbean,"","",Small island developing States,"","",Latin America and the Caribbean,Latin America and the Caribbean,South America,Latin America and the Caribbean,"",Small island developing States (SIDS),"","","",Non conflict,Latin America and Caribbean,"",Latin America and Caribbean,"",Upper middle income,Low and middle income,Latin America and Caribbean,"",Upper middle income,Low and middle income,Latin American and Caribbean Group (GRULAC),"","",Latin America and Caribbean,Non-humanitarian,Non-high burden,"",Latin America and the Caribbean,Latin America and Caribbean,LiST,"",LiSTSBR,"","","","","","","","","","","",ECLAC_All countries,"","",ECLAC_Carribean,"","","","","","","",ESCAP_Latin America (LAC),"","","","","","","","","","","","","","","","","","",4028,4299,4426,4564,4711,4864,5025,5195,5370,5548,5725,5894,6047,6280,6329,6385,6437,6466,6494,6523,6560,6586,6580,6486,6359,6209,6043,5871,5703,5549,5399,5615,5685,5775,5875,5956,6049,6119,6145,6212,6240,6208,6144,6078,5964,5902,5859,5806,5762,5745,5753,5769,5777,5772,5756,5731,5695,5656,5617,5585,5558,5538,5525,5515,5511,5511,5516,5532,5540,5546,5571,5590,5582,5570,5565,5546,5529,5510,5492,5489,5479,5454,5438,5413,5392,5362,5332,5297,5262,5239,5214,5177,5149,5128,5098,5082,5050,5027,5008,4987,4960,4940,4906,4895,4873,4853,4826,4794,4771,4748,4707,4681,4652,4619,4590,4567,4527,4504,4471,4437,4402,4369,4351,4314,4290,4259,4222,4202,4178,4152,4126,4097,4072,4050,4039,3997,3957,3937,3911,3891,3859,3841,3819,3804,3782,3753,3725,3683,3663,3633,12859,13531,14447,15362,16307,17072,17629,18219,18849,19509,20195,20902,21614,22883,24215,24834,25252,25631,26127,26678,27098,27327,27218,25933,24780,23785,22993,22304,21635,20960,20221,19774,19849,20225,20882,21544,22030,22478,22804,23215,23500,23580,23615,23605,23424,23409,22997,22600,22279,22124,22133,22252,22414,22525,22523,22579,22638,22649,22628,22544,22407,22275,22159,22065,21992,21940,21910,21905,21922,21958,22014,22073,22134,22173,22193,22192,22160,22110,22054,21988,21924,21873,21821,21767,21701,21620,21529,21431,21319,21195,21071,20953,20834,20720,20608,20495,20392,20298,20199,20105,20014,19923,19834,19739,19644,19557,19472,19390,19299,19197,19094,18982,18866,18751,18626,18503,18390,18271,18152,18036,17912,17783,17653,17526,17406,17290,17182,17061,16943,16833,16722,16623,16522,16416,16312,16220,16127,16018,15904,15783,15666,15567,15471,15377,15289,15209,15126,15035,14925,14803
Swaziland,Eswatini,21,SWZ,748,SZD,Sub-Saharan Africa,Sub-Saharan Africa,South Africa,"","",LLDC,Eastern and Southern Africa,Programme countries,"","",Africa,Sub-Saharan Africa,Sub-Saharan Africa (excluding high-income),Middle income,Lower middle income,Low and middle income,Africa,Sub-Saharan Africa,Excluding least developed countries,Excluding China,"","","","",Countdown,Southern Africa,Africa,Southern Africa,Non-fragile,Non-fragile,Non-fragile,Non-fragile,Non-fragile,Fragile,Other Fragile,Non-fragile,non-FCS,non-FCS,"",non-FCS,"","",Africa,Southern Africa,"",Sub-Saharan Africa,"","",Landlocked developing countries,"","",Sub-Saharan Africa,Sub-Saharan Africa,Southern Africa,Sub-Saharan Africa (inc. Sudan),"",Landlocked developing countries (LLDCs),"","","",Non conflict,Sub-Saharan Africa,Eastern and Southern Africa,Sub-Saharan Africa,Eastern and Southern Africa,Lower middle income,Low and middle income,Sub-Saharan Africa,Eastern and Southern Africa,Lower middle income,Low and middle income,African Group,"","",Eastern and Southern Africa,Non-humanitarian,Non-high burden,"",Eastern and Southern Africa,Eastern and Southern Africa,LiST,"",LiSTSBR,"","","","","","","","","","",ECA_Southern Africa,ECA_All countries,"","","","","","","","","","",ESCAP_Africa (AFR),ECA_African Union Commission,"",ECA_SADC,"",ECA_COMESA,ECA_Land-locked countries,ECA_Land-locked LDCs,ECA_Non-Oil Producing,"","","","",ECA_Sub-Saharan Africa,"","","","","",6147,6291,6394,6501,6617,6740,6870,7009,7159,7318,7487,7665,7853,8089,8280,8498,8760,8992,9296,9638,9989,10356,10680,10997,11452,11892,12303,12681,13036,13404,13801,14172,14439,14726,15112,15429,15641,15870,16079,16665,16633,16923,17269,17483,17312,16013,15680,15579,15536,15746,15869,15857,15794,15871,16057,16177,16192,16284,16446,16425,16129,15983,15912,15876,15692,15459,15231,14951,14701,14494,14313,14153,13968,13884,13859,13868,13831,13877,13876,13948,13986,14035,14101,14217,14294,14367,14420,14497,14518,14526,14518,14481,14454,14410,14401,14353,14306,14226,14199,14086,13993,13943,13917,13852,13815,13729,13692,13717,13693,13657,13592,13577,13502,13524,13469,13441,13446,13402,13366,13307,13221,13173,13154,13107,13064,13013,12950,12900,12849,12796,12733,12731,12633,12626,12590,12508,12447,12403,12376,12323,12249,12200,12186,12156,12107,12027,11979,11911,11825,11834,18393,19468,20512,21509,22268,22744,23182,23642,24130,24650,25205,25794,26420,27088,27824,28609,29432,30323,31173,32068,33108,34264,35563,36941,38305,39754,41314,42960,44537,46160,47706,49251,50365,51914,53419,54990,56909,58495,59935,61408,62354,63593,64712,65848,66469,65751,65144,63662,61442,59698,58852,58861,59000,59143,59207,59299,59592,60066,60610,60905,61216,61394,61411,61232,60894,60590,60238,59694,58940,58067,57207,56674,56103,55677,55202,54808,54534,54411,54423,54487,54608,54823,55081,55368,55689,56019,56363,56697,56998,57249,57437,57564,57602,57562,57474,57366,57252,57120,56958,56773,56541,56255,55968,55697,55452,55261,55073,54860,54693,54579,54495,54417,54300,54136,53983,53866,53743,53660,53580,53472,53359,53180,52956,52743,52547,52379,52230,52053,51851,51647,51436,51224,51040,50852,50664,50517,50336,50134,49933,49719,49527,49341,49144,48953,48780,48634,48480,48291,48067,47802
Sweden,Sweden,192,SWE,752,SWD,"","","","","","",Non-programme countries,"","","",Europe,Europe and Central Asia,"",High income,High income,"",Europe,"","","","","","","","","","","","","","","","",Non-fragile,"","",non-FCS,non-FCS,"",non-FCS,"","",Europe,Northern Europe,"",Europe and Northern America,Europe,"","","North America, Europe, Australia and New Zealand","Australia and New Zealand, Central Asia, Europe and North America",Europe and Northern America,Europe,Northern Europe,"","","","","","","",Europe and Central Asia,Western Europe,"","","","","","","","",Western European and Others Group (WEOG),"","",High Income Countries,Non-humanitarian,Non-high burden,"","","","","","","","","","","","","","","","","",ECE_All countries,ECE_European Union (E25),"","","","","","","","","",ESCAP_Europe (Europe),"","","","","","","","","","","","","","","","","","",58895,55949,55525,55493,53331,54043,54456,53953,53253,52653,51408,52272,53760,56664,61283,62422,62872,62038,58270,55380,56092,57946,57472,56305,56496,53645,50847,49247,47839,48787,49258,48151,47403,47183,48216,50330,52182,53666,57034,59244,62298,62767,62165,59855,56711,52631,48825,46331,45498,45139,46100,46842,48719,50473,51542,52085,53977,54996,55832,56881,58433,57328,57727,58060,58916,59326,60003,59226,59083,58743,57876,58172,58568,58381,58226,57983,57597,57416,57175,56946,56750,56566,56850,56784,57140,57631,58160,58659,59010,59517,60040,60469,60747,61007,61224,61403,61325,61155,60858,60556,60212,60114,59929,59700,59495,59134,58819,58704,58500,58229,58100,58216,58277,58297,58403,58458,58601,58872,58968,59266,59403,59515,59866,60369,60504,60618,60697,60778,60658,60729,60575,60366,60269,60147,59986,59775,59667,59447,59429,59318,59278,59136,59201,59244,59372,59315,59212,59286,59588,59762,257538,250794,242516,234227,227744,222382,219009,217942,216863,216378,215940,213820,211703,211579,214354,221951,232277,241725,248505,248721,242783,235560,230204,227996,228256,228978,226802,221020,214158,206279,199767,197094,196018,195417,194568,193406,194422,198410,204328,212241,221228,230797,240437,247196,249424,246107,237401,225139,211660,199735,191093,186909,186687,189145,193783,199326,204844,210465,215781,220652,225869,231243,235138,237664,239586,240676,242332,244959,246913,247609,247336,245721,243935,240715,238237,236925,236291,235450,234463,233455,232408,231489,230655,230114,229924,230092,230917,232169,233822,235734,237608,239494,241333,243096,244683,245978,246998,247710,248015,247836,247157,246128,245045,244078,243201,242430,241571,240495,239446,238462,237520,236733,236162,235845,235810,236034,236316,236601,237080,237667,238372,239194,239899,240682,241721,242835,243936,244881,245446,245678,245793,245767,245460,245044,244547,243947,243360,242761,242104,241480,240995,240584,240246,239990,239857,239892,240047,240132,240149,240299
Switzerland,Switzerland,193,CHE,756,SWZ,"","","","","","",Non-programme countries,"","","",Europe,Europe and Central Asia,"",High income,High income,"",Europe,"","","","","","","","","","","","","","","","",Non-fragile,"","",non-FCS,non-FCS,"",non-FCS,"","",Europe,Western Europe,"",Europe and Northern America,Europe,"","","North America, Europe, Australia and New Zealand","Australia and New Zealand, Central Asia, Europe and North America",Europe and Northern America,Europe,Western Europe,"","","","","","","",Europe and Central Asia,Western Europe,"","","","","","","","",Western European and Others Group (WEOG),"","",High Income Countries,Non-humanitarian,Non-high burden,"","","","","","","","","","","","","","","","","",ECE_All countries,"","","","","","","","","","",ESCAP_Europe (Europe),"","","","","","","","","","","","","","","","","","",42052,40986,41294,41408,41632,42447,43829,45357,45830,46411,47157,48865,51381,54196,55974,56140,55149,53760,52718,51519,50398,48786,46611,44467,42828,40324,37990,37028,36400,36487,37089,37394,37840,37589,37916,37797,38313,38730,40300,41036,41787,42672,43757,42640,42094,41776,42118,41206,40327,39717,39380,37006,36635,36517,36903,37082,37272,37646,38617,39592,40548,40825,41540,41832,42964,43814,44330,44284,44393,43937,44078,44362,44269,44080,43851,43533,43304,42990,42554,42217,41867,41510,41316,41146,41081,40996,41109,41361,41419,41635,41850,42208,42489,42750,43034,43272,43512,43814,43919,44029,44165,44087,44250,44249,44096,44044,44115,44000,43932,43723,43551,43502,43518,43465,43339,43315,43251,43275,43352,43333,43487,43635,43616,43854,44019,44243,44442,44686,45014,45216,45332,45391,45434,45724,45646,45577,45451,45506,45540,45390,45357,45328,45343,45266,45283,45236,45234,45306,45392,45335,172580,170755,169926,168796,168656,168563,169553,171755,174635,178167,180903,182502,187415,192905,199317,206622,214070,218223,217476,213483,207130,202311,199318,193973,186869,179069,168653,158108,151609,147493,145245,145678,147307,148716,150212,150795,150815,150822,151766,153936,156775,162103,167617,172230,174843,174821,173297,170635,168265,165937,164674,163235,154457,152682,151050,150155,150041,150324,151830,154578,157201,161067,164323,166864,169682,171930,174319,177208,178990,180201,180140,179624,178518,178407,178497,179074,178955,178006,176970,175753,174436,173051,171582,170245,169124,168232,167625,167308,167369,167684,168203,168923,169731,170716,171828,172986,174106,175138,176184,177147,177945,178635,179061,179343,179618,179660,179589,179499,179292,179088,178841,178366,177827,177387,177069,176849,176654,176423,176195,176132,176162,176307,176635,176946,177354,177901,178475,179219,180062,180988,181984,182903,183681,184207,184662,185067,185290,185370,185240,185074,184931,184793,184657,184461,184308,184220,184139,184037,184016,184106
Syria,Syrian Arab Republic,64,SYR,760,SYR,Western Asia,Western Asia,"","","","",Middle East and North Africa,Programme countries,MENAEMRO,"",Eastern Mediterranean,Middle East and North Africa,Middle East and North Africa (excluding high-income),Low income,Low income,Low and middle income,Asia,"",Excluding least developed countries,Excluding China,OIC,Arab,OIC Lower middle income,OIC Middle income,"","","","",Fragile,Fragile,Fragile,Fragile,Fragile,Fragile,Extremely Fragile,Fragile,Fragile and Conflict-affected Situation,Fragile and Conflict-affected Situation,High-intensity Conflict,Fragile and Conflict-affected Situation,Conflict,"",Asia,Western Asia,"",Northern Africa and Western Asia,Western Asia,"","","","",Northern Africa and Western Asia,Asia,Western Asia,"Western Asia (exc. Armenia, Azerbaijan, Cyprus, Israel and Georgia)","","","","","",Conflict,Middle East and North Africa,"",Middle East and North Africa,"",Low income,Low and middle income,Middle East and North Africa,"",Low income,Low and middle income,Asia-Pacific Group,"","",Middle East and North Africa,Humanitarian,High burden,Fragile,Middle East and North Africa,Middle East and North Africa,LiST,"",LiSTSBR,"","","","","","","","","","","","","","","","","","","","","","",ESCAP_Other Area (OTH_REGION),"","","","","","","","","","","","","","","","",ESCWA_Arab countries,ESCWA_Mashreq subregion,74357,76661,79116,81686,84505,87519,90286,93050,95857,98643,101433,103967,106907,110157,113796,117900,122251,126850,131586,137127,142613,146927,151191,155424,159999,165145,170824,176962,182208,186985,191507,194799,198112,203426,208426,213771,218412,221806,222850,222448,222466,221642,223388,228740,233746,236970,239414,241028,244076,247554,251169,260158,266049,271946,278150,285139,291359,313843,337891,328616,323927,317810,309126,285893,236824,201204,181240,178824,174555,187816,203376,214215,224558,246104,267377,288427,307133,322087,335403,345415,353216,357295,359730,356002,352142,345496,338304,331095,321762,313395,303088,295911,287321,280176,274979,270785,266166,264495,263909,264483,265967,267751,271435,274118,277104,280760,285584,288366,290981,292198,294455,295812,295844,294068,291532,288777,285373,281524,277602,273344,269497,265069,261312,257692,253864,250314,247780,244570,242576,241347,241056,240421,241116,241239,240738,240881,241838,241460,241516,241273,242181,241256,240507,239219,237615,236653,234921,232432,230712,228988,239114,249260,257587,262827,269623,280486,292440,305031,317801,330506,342920,355175,367044,378807,390941,403803,418099,433917,451083,469440,489040,509858,530896,551368,570803,589068,607611,627475,649026,671673,694151,715323,733373,749943,767597,785968,805630,826349,845910,862166,873347,879378,881182,881658,886013,895763,910021,926300,940524,951775,962412,973874,989948,1011128,1034617,1061086,1087590,1128914,1181646,1219596,1261043,1288310,1290823,1248457,1161562,1066389,963384,870135,783976,742870,736500,753991,786131,839685,903355,971568,1043433,1118629,1190566,1254851,1309989,1354368,1388241,1411953,1424618,1425878,1416998,1398560,1374185,1345797,1314155,1280387,1245246,1210674,1177113,1146876,1120724,1097979,1080036,1067129,1058862,1056070,1057983,1063680,1072512,1083045,1095260,1108962,1123223,1137299,1149887,1159905,1167967,1174024,1177244,1176507,1171289,1162354,1150731,1137445,1122729,1107073,1090930,1074599,1058702,1043126,1028003,1013963,1000718,988613,978637,970948,965673,963038,962382,962212,962313,962948,963424,963938,964541,964906,964970,964337,962764,959367,954728,949621,943386,936520
Tajikistan,Tajikistan,142,TJK,762,TAD,Caucasus and Central Asia,Caucasus and Central Asia,"","","",LLDC,Europe and Central Asia,Programme countries,"","",Europe,Europe and Central Asia,Europe and Central Asia (excluding high-income),Middle income,Lower middle income,Low and middle income,Asia,"",Excluding least developed countries,Excluding China,OIC,Asia/other,OIC Low income,"",Countdown,"","","",Non-fragile,Non-fragile,Non-fragile,Non-fragile,Non-fragile,Fragile,Other Fragile,Non-fragile,non-FCS,non-FCS,"",non-FCS,"","",Asia,Central Asia,"",Central and Southern Asia,Central Asia,"",Landlocked developing countries,"","Australia and New Zealand, Central Asia, Europe and North America",Central and Southern Asia,Asia,Central Asia,Caucasus and Central Asia,"",Landlocked developing countries (LLDCs),"","",Global Strategy,Non conflict,Europe and Central Asia,Eastern Europe and Central Asia,Europe and Central Asia,Eastern Europe and Central Asia,Low income,Low and middle income,Europe and Central Asia,Eastern Europe and Central Asia,Low income,Low and middle income,Asia-Pacific Group,"",GAVI,Eastern Europe and Central Asia,Non-humanitarian,Non-high burden,"",Europe and Central Asia,Eastern Europe and Central Asia,LiST,LiSTSBR,LiSTSBR,"","","","","","","","","",EECA,"",ECE_All countries,"ECE_Eastern Europe, Caucasus and Central Asia (CIS)",ECE_CIS (CWG),"",ESCAP_ADB Group A (ADB_DMC_A),"",ESCAP_ECO (ECO),"","",ESCAP_LLDC (LLDC_E),ESCAP_North and Central Asia (NCA),ESCAP_All countries,ESCAP_ADB Developing member countries (ADB_DMC),"","","","","","","","","","","","",ESCAP_Countries with Special Needs,"",ESCAP_WB Lower Middle Income Economies,"","",25688,27851,30244,32707,35104,37465,39814,42155,44465,46679,48729,50436,51754,52700,53348,53839,54353,55044,55986,57177,58457,59609,60574,61684,63221,65117,67135,69277,71784,74372,76905,79332,81720,84631,87836,91277,96048,100275,104034,107376,109676,109833,108362,106155,105782,105330,102745,100937,100572,98184,95938,97397,97107,96098,96677,97580,99571,102718,107127,112398,117245,120928,123394,126771,130225,132706,131979,129555,130861,132087,131781,130963,130561,129351,128762,127877,127462,127080,127325,128813,130467,132317,134693,137126,139643,141477,143385,145542,146802,147851,148740,148773,148710,148056,147815,147115,146518,146152,144844,143255,142659,142631,142567,141997,142293,142634,143250,144057,144284,145049,145686,145529,145650,145684,145642,145265,144777,144063,142999,142135,141849,140428,139702,138607,137609,136943,136175,135858,135446,135072,134606,133890,133236,132920,132793,132090,131499,130649,130703,129801,128919,128005,127198,126352,125478,124544,124065,123081,122418,121665,67249,76208,85616,94902,103864,112238,120820,129525,138195,146871,155528,163956,171917,179073,185150,190001,193719,196637,199233,202024,205361,209344,213827,218516,223250,228242,233893,240454,247917,256126,264804,273843,283203,292623,302357,312892,321431,335812,353728,371185,387283,399655,408896,413351,412418,408731,404692,400176,383646,370755,357601,359239,365572,370882,375425,378172,379117,381612,387453,397117,410646,427586,445778,462861,477879,491356,503624,513586,518746,520119,520175,519986,521053,521441,519475,516391,513318,510273,507750,506084,506087,508347,512721,519263,527260,536096,545304,554198,562717,570426,577092,582877,587013,589423,590351,589878,588538,586595,584592,582155,578670,574822,571217,568473,566891,566231,566161,566608,568150,570283,572535,575024,576942,578330,579318,579557,579388,578806,577506,575293,572346,569343,566057,562600,559230,555304,551487,548064,545003,542672,540734,539076,537320,535208,533044,531118,529355,527610,525587,523406,521238,518785,516169,513042,509532,506118,502682,499427,496251,493105
Thailand,Thailand,103,THA,764,THL,South-eastern Asia,South-eastern Asia,"","","","",East Asia and Pacific,Programme countries,"","",South-East Asia,East Asia and Pacific,East Asia and Pacific (excluding high-income),Middle income,Upper middle income,Low and middle income,Asia,"",Excluding least developed countries,Excluding China,"","","","","","","","",Non-fragile,Non-fragile,Non-fragile,Non-fragile,Non-fragile,Non-fragile,"",Non-fragile,non-FCS,non-FCS,"",non-FCS,"","",Asia,South-Eastern Asia,"",Eastern and South-Eastern Asia,South-Eastern Asia,"","",South Eastern Asia and Oceania (excl. Australia and New Zealand),"",Eastern and South-Eastern Asia,Asia,South-Eastern Asia,South-Eastern Asia,"","","","","",Conflict,East Asia and Pacific,"",East Asia and Pacific,"",Upper middle income,Low and middle income,East Asia and Pacific,"",Upper middle income,Low and middle income,Asia-Pacific Group,"","",East Asia and the Pacific,Non-humanitarian,Non-high burden,"",East Asia and Pacific,East Asia and Pacific,LiST,LiSTSBR,LiSTSBR,EAPR Program Countries,EAPR Program Countries (excluding China),"","",EAPR Countries,EAPR Countries (excluding China),"","",ASEAN Countries,"","","","","","",ESCAP_ADB Group C (ADB_DMC_C),ESCAP_ASEAN (ASEAN),"","","","",ESCAP_South-East Asia (SEA),ESCAP_All countries,ESCAP_ADB Developing member countries (ADB_DMC),"","","","","","","","","","","","","","",ESCAP_WB Upper Middle Income Economies,"","",406843,425029,439847,455538,469008,482132,495393,508556,522151,536501,550908,566884,583396,600123,613559,625001,634514,642817,649191,652500,652879,651629,649181,644124,636183,627915,615792,604058,596587,595627,603040,600828,588304,575165,565848,559105,554623,547874,541818,546474,545469,547871,548000,542175,534579,523673,522614,511306,485522,451088,432481,425974,422291,423162,421721,425629,420841,421337,420218,415453,415416,418102,415106,405195,394402,382473,371478,362821,352850,343320,336666,330719,324085,320046,315492,313960,312198,310736,308672,306394,304028,301926,300162,296410,293025,289039,286286,283326,279689,276425,273842,272121,269583,266970,265097,262717,259774,257019,253727,249889,246894,243747,239954,236438,234037,231235,228652,226169,225155,223047,220524,218201,216388,214914,213037,211483,209666,208732,207268,205890,204098,203174,201658,198787,197591,196209,194849,193059,191433,189406,186641,185267,183683,182086,180390,177997,176250,174442,173176,171614,169754,168547,167282,166147,164675,163392,162244,161725,160769,159468,1303160,1360339,1427196,1497449,1568638,1633116,1690913,1747656,1802320,1855086,1911494,1969966,2030833,2094466,2159802,2224822,2286637,2341288,2388644,2428195,2461151,2486800,2503743,2513028,2514419,2507001,2491646,2466712,2434720,2400794,2371797,2358153,2357472,2355596,2343612,2315865,2278537,2244744,2218332,2195994,2180435,2161741,2151135,2131709,2109354,2083953,2060045,2050943,2039918,2011480,1951288,1875023,1817244,1777275,1752901,1734997,1713962,1695501,1685426,1682133,1680376,1678329,1674630,1670765,1660378,1641751,1611423,1570874,1527497,1484801,1443747,1407251,1373704,1343797,1318647,1297034,1278659,1265149,1255094,1247423,1240381,1232457,1223949,1215333,1206046,1195417,1183317,1169786,1156369,1143242,1130339,1117916,1106231,1095783,1086148,1077168,1068111,1058447,1048561,1037804,1025516,1012602,999530,985964,972374,959320,946723,934955,924355,914971,906597,898494,890473,882069,873631,865943,858954,852294,845893,840003,834371,828812,823262,817686,811211,804365,797660,790758,784609,778712,772147,764495,756449,748736,741242,734586,727818,720379,712835,705436,698749,692359,686206,680363,674719,669518,664423,659334,654673,650599
Togo,Togo,40,TGO,768,TGO,Sub-Saharan Africa,Sub-Saharan Africa,West Africa,Least developed countries,"","",West and Central Africa,Programme countries,"","",Africa,Sub-Saharan Africa,Sub-Saharan Africa (excluding high-income),Low income,Low income,Low and middle income,Africa,Sub-Saharan Africa,Least developed countries,Excluding China,OIC,Africa,OIC Low income,"",Countdown,West Africa,Africa,Western Africa,Fragile,Fragile,Fragile,Fragile,Fragile,Non-fragile,"",Non-fragile,non-FCS,non-FCS,"",non-FCS,"","",Africa,Western Africa,"",Sub-Saharan Africa,"",Least developed countries,"","","",Sub-Saharan Africa,Sub-Saharan Africa,Western Africa,Sub-Saharan Africa (inc. Sudan),Least Developed Countries (LDCs),"","","",Global Strategy,Non conflict,Sub-Saharan Africa,West and Central Africa,Sub-Saharan Africa,West and Central Africa,Low income,Low and middle income,Sub-Saharan Africa,West and Central Africa,Low income,Low and middle income,African Group,Economic Community of West African States,GAVI,West and Central Africa,Non-humanitarian,High burden,"",West and Central Africa,West and Central Africa,LiST,"",LiSTSBR,"","","","","","","","","","",ECA_West Africa,ECA_All countries,"","","","","","","","","","",ESCAP_Africa (AFR),ECA_African Union Commission,ECA_ECOWAS,"",ECA_CEN-SAD,"","","",ECA_Non-Oil Producing,ECA_Least developed countries,ECA_Mineral-rich countries,ECA_Non-Oil LDCs,"",ECA_Sub-Saharan Africa,"","","","","",29543,30196,30743,31260,31760,32227,32772,33376,33945,34595,35254,35952,36753,37609,38410,39399,40733,42287,44022,45986,47838,49520,51051,52438,53810,55121,56459,57642,58673,59623,60692,62064,63556,65201,66925,68588,70204,71912,73495,74935,76487,78099,79586,81019,76910,79836,82165,84303,86534,89211,91674,94087,96426,98460,100017,102311,105103,108904,111665,114688,117583,118960,119696,120945,122472,124131,126219,127952,129453,131021,132482,133902,135444,137125,138560,140473,142362,144127,146130,148824,151197,152848,155203,157303,159287,161555,163514,165147,167092,168851,170363,171598,172902,174904,175962,177875,179294,180556,182053,182936,184703,185599,186479,187262,188282,189602,191478,192358,193751,195440,196847,197738,198664,199327,199796,200568,201049,202515,202733,203034,204205,204138,205187,205688,205027,205434,206301,206155,206179,206334,207305,207609,207064,207681,208010,208425,207769,208649,208638,208890,208648,208729,209080,209373,208925,208268,207025,207035,207510,206872,93089,95138,97093,98935,100898,102911,104741,106545,108423,110368,112422,114577,116808,119260,122076,125641,130222,135829,142112,148533,154797,160630,165966,171035,176015,180950,185884,190842,195812,200724,205821,211252,217187,223555,230036,236535,242590,248599,254915,261246,267514,273745,279912,286008,272126,283936,293575,302004,308045,314618,322369,331159,340739,350629,360210,369120,377642,387139,397490,409401,421622,434018,444963,453677,460787,466505,471959,478491,485851,493259,500567,507457,513744,519793,525894,532016,538445,545345,552413,559830,567972,576715,585553,594506,603299,611549,620033,628604,636655,644503,652069,659138,665812,671953,677954,683856,689901,696381,702440,708398,714041,719345,724690,729461,733907,737920,741823,746552,751776,757188,762989,768674,774108,779318,783716,787125,790076,792770,795693,798889,801641,804566,806994,809093,811809,813545,814639,815972,816818,817743,818899,819938,821296,822550,823753,824868,825705,826577,827523,828412,829019,829782,830307,830616,831169,831606,831536,830238,828040,826287
Tonga,Tonga,83,TON,776,TGA,Oceania,Oceania,"","","",SIDS,East Asia and Pacific,Programme countries,"","",Western Pacific,East Asia and Pacific,East Asia and Pacific (excluding high-income),Middle income,Upper middle income,Low and middle income,Oceania,"",Excluding least developed countries,Excluding China,"","","","","","","","",Non-fragile,Non-fragile,Non-fragile,Non-fragile,Non-fragile,Non-fragile,"",Non-fragile,non-FCS,non-FCS,"",non-FCS,"","",Oceania,Polynesia,"",Oceania,Oceania (exc. Australia and New Zealand),"",Small island developing States,South Eastern Asia and Oceania (excl. Australia and New Zealand),"",Oceania (exc. Australia and New Zealand),Oceania,Polynesia,Oceania,"",Small island developing States (SIDS),"","","",Non conflict,East Asia and Pacific,"",East Asia and Pacific,"",Upper middle income,Low and middle income,East Asia and Pacific,"",Upper middle income,Low and middle income,Asia-Pacific Group,"","",East Asia and the Pacific,Non-humanitarian,Non-high burden,"",East Asia and Pacific,East Asia and Pacific,LiST,LiSTSBR,LiSTSBR,EAPR Program Countries,EAPR Program Countries (excluding China),Pacific Program Countries,Pacific Program Countries (excluding PNG),EAPR Countries,EAPR Countries (excluding China),Pacific Countries,Pacific Countries (excluding PNG),"","","","","","","",ESCAP_ADB Group A (ADB_DMC_A),ESCAP_Pacific island developing economies (PIDE),"","","","",ESCAP_PACIFIC (PAC),ESCAP_All countries,ESCAP_ADB Developing member countries (ADB_DMC),"","","","","","","","","","","","",ESCAP_Countries with Special Needs,ESCAP_Small Islands Developing States,ESCAP_WB Upper Middle Income Economies,"","",1030,1071,1115,1160,1206,1253,1301,1352,1395,1435,1477,1509,1538,1568,1597,1622,1647,1682,1667,1633,1599,1571,1552,1546,1554,1575,1604,1640,1673,1701,1718,1724,1719,1702,1672,1633,1590,1552,1551,1551,1557,1571,1579,1577,1566,1552,1543,1519,1535,1521,1506,1508,1538,1574,1590,1588,1575,1559,1550,1528,1518,1513,1485,1451,1422,1393,1353,1318,1292,1277,1260,1262,1263,1260,1265,1267,1264,1265,1271,1277,1282,1290,1302,1310,1319,1322,1324,1324,1320,1322,1319,1313,1308,1298,1291,1280,1266,1257,1249,1239,1228,1219,1204,1195,1185,1171,1165,1159,1160,1154,1151,1148,1145,1137,1132,1128,1120,1114,1109,1101,1091,1087,1072,1062,1048,1039,1023,1007,994,980,967,950,942,930,917,902,889,877,867,858,850,844,834,825,819,810,800,791,781,774,3551,3670,3810,3970,4131,4304,4484,4669,4842,5017,5191,5367,5530,5678,5818,5951,6072,6180,6307,6404,6442,6421,6338,6230,6140,6142,6141,6119,6052,6020,5995,5959,5920,5896,5890,5913,5953,5979,5977,5955,5909,5866,5828,5811,5820,5856,5892,5901,5880,5866,5852,5862,5882,5912,5960,6017,6070,6094,6011,5915,5855,5887,5945,5897,5808,5643,5519,5460,5387,5262,5130,5058,5011,4997,4984,4980,4983,4984,4987,4993,5001,5017,5040,5068,5101,5137,5172,5199,5215,5221,5221,5219,5209,5197,5177,5151,5120,5082,5040,5000,4958,4920,4882,4838,4795,4752,4705,4664,4627,4599,4579,4563,4551,4539,4522,4504,4485,4462,4438,4416,4390,4362,4333,4301,4263,4222,4175,4126,4072,4018,3962,3905,3848,3793,3744,3693,3644,3593,3540,3489,3443,3403,3367,3335,3303,3270,3238,3203,3169,3132
Trinidad & Tobago,Trinidad and Tobago,134,TTO,780,TDT,Latin America and the Caribbean,Latin America and the Caribbean,"","",Caribbean,SIDS,Latin America and Caribbean,Programme countries,"",Eastern Caribbean Area,Americas,Latin America and the Caribbean,"",High income,High income,"",Latin America and the Caribbean,"",Excluding least developed countries,Excluding China,"","","","","","","","","","","","","",Non-fragile,"","","","","",non-FCS,"","",Americas,Latin America and the Caribbean,Caribbean,Latin America and the Caribbean,"","",Small island developing States,"","",Latin America and the Caribbean,Latin America and the Caribbean,Caribbean,Latin America and the Caribbean,"",Small island developing States (SIDS),HAC,HAC,"",Non conflict,Latin America and Caribbean,"","","","","","","","","",Latin American and Caribbean Group (GRULAC),"","",Latin America and Caribbean,Non-humanitarian,Non-high burden,"","","","","","","","","","","","","","","","","",ECLAC_All countries,"","",ECLAC_Carribean,"","","","","","","",ESCAP_Latin America (LAC),"","","","","","","","","","","","","","","","","","",12349,12755,13058,13385,13998,14344,14139,14214,14485,14882,15322,15593,15707,15495,15177,14690,14076,13590,13389,12853,12911,13348,13944,14150,14109,14129,14399,14785,15377,16000,16503,17019,17209,17088,16697,16602,16269,15583,14752,13854,13043,12478,12057,11529,11110,10654,10367,10132,10046,10091,10107,10110,10086,10124,10121,10185,10368,10534,10588,10452,10476,10505,10445,10324,10168,9983,9818,9599,9398,9504,9139,8975,8784,8578,8418,8325,8237,8137,8040,7960,7920,7890,7844,7792,7774,7749,7711,7675,7630,7602,7581,7488,7423,7354,7311,7257,7179,7086,6980,6905,6823,6744,6656,6560,6479,6407,6322,6290,6224,6167,6106,6070,6001,5970,5924,5887,5848,5802,5780,5739,5694,5668,5631,5600,5569,5516,5465,5418,5369,5309,5253,5201,5143,5092,5034,4978,4934,4889,4848,4806,4764,4733,4698,4653,4608,4579,4559,4514,4486,4457,42149,43865,45691,47514,49271,50961,52626,53912,54813,55431,55835,56579,57601,58681,59528,59988,59682,58393,56314,53954,51826,50468,50211,50880,52121,53396,54309,54842,55381,56411,58039,59949,61942,63764,65002,65471,65500,64963,63826,62149,59816,56870,53863,51171,48846,46857,45065,43360,41877,40719,40007,39709,39674,39774,39862,39915,39980,40178,40544,40996,41375,41585,41668,41633,41537,41336,40926,40361,39718,39536,38599,37937,37239,36506,35702,34903,34208,33617,33141,32742,32379,32045,31772,31559,31384,31232,31093,30959,30838,30709,30564,30428,30270,30067,29839,29576,29329,29095,28838,28533,28189,27836,27490,27160,26827,26482,26145,25810,25514,25258,25013,24789,24574,24351,24145,23959,23779,23612,23454,23299,23156,23003,22861,22722,22577,22450,22310,22148,21973,21780,21574,21365,21150,20927,20706,20489,20269,20054,19850,19658,19482,19312,19150,18999,18848,18693,18538,18393,18256,18127
United Arab Emirates,United Arab Emirates,66,ARE,784,UAE,Western Asia,Western Asia,"","","","",Middle East and North Africa,Programme countries,MENAEMRO,"",Eastern Mediterranean,Middle East and North Africa,"",High income,High income,"",Asia,"",Excluding least developed countries,Excluding China,OIC,Arab,OIC High income: nonOECD,OIC High income,"","","","","","","","","",Non-fragile,"","",non-FCS,non-FCS,"",non-FCS,"","",Asia,Western Asia,"",Northern Africa and Western Asia,Western Asia,"","","","",Northern Africa and Western Asia,Asia,Western Asia,"Western Asia (exc. Armenia, Azerbaijan, Cyprus, Israel and Georgia)","","","","","",Non conflict,Middle East and North Africa,"","","","","","","","","",Asia-Pacific Group,"","",Middle East and North Africa,Non-humanitarian,Non-high burden,"","","","","","","","","","","","","","","","","","","","","","","","","","","","",ESCAP_Other Area (OTH_REGION),"","","","","","","","","","","","","","","","",ESCWA_Arab countries,ESCWA_Gulf Cooperation Council (GCC),1527,1634,1716,1802,1885,1967,2057,2154,2256,2410,2565,2710,2855,2985,3100,3209,3329,3450,3552,3945,4520,5089,5669,6258,6854,7462,8079,9562,11324,13097,14792,16105,17259,18304,19267,20120,21204,21999,22698,23487,24260,24367,24908,24647,25469,23531,24358,24995,25274,25978,27264,28441,29614,31047,31818,31502,32975,38108,45446,52854,58294,57738,56669,55307,53991,52374,50728,49402,47267,46330,50269,49250,47703,46822,46104,45419,44538,43546,42669,41956,41356,41069,41169,41367,42002,42859,43923,45195,46482,47951,49571,51320,52627,54044,55188,55983,56550,57129,57426,57661,57694,57668,57798,57425,57609,57557,57406,56978,56695,56603,56444,56135,55957,55905,56007,56339,56599,57105,57405,58041,59000,59691,60664,61489,62575,63630,64277,64969,65282,66077,66559,66939,67395,67454,67665,67870,67929,68003,67906,67881,67836,67924,68053,68098,68234,68126,68066,68130,68539,68945,5004,5368,5711,6016,6322,6580,6780,6967,7168,7471,7971,8645,9456,10256,10901,11396,11789,12128,12438,13482,15129,17158,19341,21481,23456,25333,27238,31783,37313,43864,50785,57056,62401,67816,72607,76270,78201,80893,84061,86857,89237,90738,91469,91793,91598,90746,89179,91919,97041,102396,107612,111295,113605,115544,117082,118120,121989,128884,139342,154702,174026,191254,206363,214919,217246,215651,212807,209627,206142,202919,200885,200748,200263,198546,195200,191099,187158,183755,180577,177205,173757,170467,167724,165868,164965,165154,166547,168970,172411,176686,181562,187016,192977,199144,205255,211068,216097,220268,223662,226202,228067,229404,230164,230572,230585,230399,230320,230043,229601,228883,227914,226962,226070,225300,224594,224051,224010,224515,225509,226862,228448,230580,233135,236124,239540,243069,246866,250640,254147,257171,259670,262012,264103,266138,267834,268998,269992,270680,271200,271574,271659,271597,271508,271564,271769,272096,272393,272469,272484,272681
Tunisia,Tunisia,65,TUN,788,TUN,Northern Africa,Northern Africa,North Africa,"","","",Middle East and North Africa,Programme countries,MENAEMRO,"",Eastern Mediterranean,Middle East and North Africa,Middle East and North Africa (excluding high-income),Middle income,Lower middle income,Low and middle income,Africa,"",Excluding least developed countries,Excluding China,OIC,Arab,OIC Upper middle income,OIC Middle income,"",North Africa,Africa,Northern Africa,Non-fragile,Non-fragile,Non-fragile,Non-fragile,Non-fragile,Non-fragile,"",Non-fragile,non-FCS,non-FCS,"",non-FCS,"","",Africa,Northern Africa,"",Northern Africa and Western Asia,Northern Africa,"","","","",Northern Africa and Western Asia,Northern Africa,Northern Africa,Northern Africa (exc. Sudan),"","","","","",Non conflict,Middle East and North Africa,"",Middle East and North Africa,"",Lower middle income,Low and middle income,Middle East and North Africa,"",Lower middle income,Low and middle income,African Group,"","",Middle East and North Africa,Non-humanitarian,Non-high burden,"",Middle East and North Africa,Middle East and North Africa,LiST,"",LiSTSBR,"","","","","","","","","","",ECA_North Africa,ECA_All countries,"","","","","","","","","","",ESCAP_Africa (AFR),ECA_African Union Commission,ECA_AMU,"",ECA_CEN-SAD,ECA_COMESA,"","",ECA_Non-Oil Producing,"","","","","","","","",ESCWA_Arab countries,ESCWA_Maghreb subregion,72420,73889,75471,77157,78969,80855,82837,84351,85473,86641,87798,89090,90450,91765,93049,95191,96618,97498,98041,98344,98773,99233,100488,102640,105042,107658,110068,111187,110596,110044,109866,111997,113801,115191,116990,118532,119403,117867,115175,111559,111169,110343,108805,106604,103789,100016,96161,92641,89379,86251,85560,84923,84961,86528,87911,89461,90536,92267,94499,97210,101028,105919,108906,110878,111938,112158,111452,110436,107698,105413,102753,100217,97870,95661,93392,91541,89720,88130,86673,85324,84208,83346,82969,82745,82720,82935,83703,84589,85481,86328,87326,88164,88999,89323,89634,89655,89557,89280,88570,87664,86598,85607,84680,83386,82182,81027,79642,78562,77366,76417,75564,74621,74085,73572,73302,73038,72890,72809,72812,73194,73107,73135,73115,73227,73048,73112,72992,72673,72243,71625,71057,70540,69943,69291,68562,67926,67109,66200,65552,64714,64045,63758,63294,62806,62290,61865,61397,61134,60922,60730,231597,235809,240438,246613,252997,258626,264712,269125,277266,284912,291806,297548,302758,308340,314249,320424,327258,333757,340460,347119,352776,357300,361219,365342,370900,378340,387737,399516,410646,418841,423514,425389,427159,431190,436751,443128,450927,457845,462714,463265,458691,451340,444281,438267,433331,427047,416921,404479,390727,376554,362762,351077,342461,336885,335245,336558,343254,350944,358316,365151,372420,381699,392768,407354,421700,434184,442432,446195,446754,443897,437942,429577,419652,409069,399021,389360,380396,372111,364389,357403,351056,345307,340289,336199,333233,331371,330586,330918,332379,334832,338025,341601,345224,348776,352005,354586,356396,357314,357487,356837,355188,352599,349186,345364,341255,336886,332382,327539,322607,317821,313134,308860,304906,301363,298391,295916,294093,292783,291865,291294,291199,291440,291722,292047,292193,292157,292121,292046,291668,290942,289729,287939,285869,283634,281307,278883,276310,273565,270569,267514,264397,261260,258577,256289,254245,252451,250626,248722,246961,245484
Turkey,Republic of Türkiy,144,TUR,792,TUR,Western Asia,Western Asia,"","","","",Europe and Central Asia,Programme countries,"","",Europe,Europe and Central Asia,Europe and Central Asia (excluding high-income),Middle income,Upper middle income,Low and middle income,Asia,"",Excluding least developed countries,Excluding China,OIC,Asia/other,OIC Upper middle income,OIC Middle income,"","","","",Non-fragile,Non-fragile,Non-fragile,Non-fragile,Non-fragile,Non-fragile,"",Non-fragile,non-FCS,non-FCS,"",non-FCS,"","",Asia,Western Asia,"",Northern Africa and Western Asia,Western Asia,"","","","",Northern Africa and Western Asia,Asia,Western Asia,"Western Asia (exc. Armenia, Azerbaijan, Cyprus, Israel and Georgia)","","",HAC,HAC,"",Non conflict,Europe and Central Asia,Eastern Europe and Central Asia,Europe and Central Asia,Eastern Europe and Central Asia,Upper middle income,Low and middle income,Europe and Central Asia,Eastern Europe and Central Asia,Upper middle income,Low and middle income,Western European and Others Group (WEOG),"","",Eastern Europe and Central Asia,Non-humanitarian,Non-high burden,"",Europe and Central Asia,Eastern Europe and Central Asia,LiST,LiSTSBR,LiSTSBR,"","","","","","","","","",EECA,"",ECE_All countries,"","","","","",ESCAP_ECO (ECO),"","","",ESCAP_South and South-West Asia (SSWA),ESCAP_All countries,"","","","","","","","","","","","","","","",ESCAP_WB Upper Middle Income Economies,"","",422909,443899,455760,447445,515571,491650,497895,523523,537026,543892,553947,560708,575950,577939,588322,592492,593285,621408,626410,667236,639631,655139,675316,682875,687598,684734,680906,696025,699455,706033,705120,705116,702166,701411,703300,703287,703281,700940,700231,699943,691468,691369,684953,690634,698915,702734,716270,715688,713800,705177,690507,702193,661577,639737,643978,652621,661879,660004,660068,659703,657747,662257,672068,686344,707551,723298,728756,726948,698947,666921,646034,634732,629736,618859,609348,599673,590965,581772,574357,566710,559303,554142,549797,546273,544087,541836,539901,542180,543277,542582,544653,547438,548952,549191,549058,548699,546547,543898,539394,536482,531502,523171,517491,511247,502731,493771,485053,478138,471418,464997,458821,455213,452525,448179,443930,439706,437791,436101,434213,433548,432498,430522,429373,428727,428027,427520,426199,423143,420826,417771,413632,413020,408911,404929,400425,395539,391720,386176,379666,375232,372231,367725,363234,359121,354300,351228,349291,346240,344144,341692,1309976,1360228,1425191,1456203,1546725,1636132,1649828,1734817,1801879,1825862,1865047,1873524,1911307,1960957,2012265,2047449,2055647,2140598,2251015,2346450,2407096,2382020,2383843,2366969,2357527,2401915,2429313,2481142,2534292,2566462,2585847,2614341,2634925,2657655,2668498,2677063,2686060,2694534,2702816,2708581,2713174,2712365,2707803,2701757,2696104,2704074,2719568,2746759,2778486,2798813,2808291,2797447,2781265,2750332,2693297,2643148,2598945,2578427,2592660,2610935,2624311,2628586,2630941,2647013,2676534,2730925,2791136,2850087,2880980,2876202,2827197,2751413,2664440,2583124,2523958,2480407,2443670,2407408,2371554,2337973,2306522,2276875,2250198,2227057,2206971,2191083,2178596,2168196,2161983,2160274,2160611,2163843,2169231,2174804,2181123,2186572,2189048,2188045,2183794,2175845,2164474,2150533,2132053,2110327,2086511,2059037,2029740,1998608,1965617,1933593,1903934,1876839,1852727,1832397,1814995,1799435,1784328,1769237,1756145,1745645,1738164,1732758,1727338,1722184,1717427,1712820,1709250,1706261,1701662,1694983,1686220,1674672,1663380,1652426,1639824,1626745,1611033,1593439,1575419,1555385,1534786,1515026,1496209,1479019,1462918,1445757,1428551,1413684,1400534,1389305
Turkmenistan,Turkmenistan,143,TKM,795,TUK,Caucasus and Central Asia,Caucasus and Central Asia,"","","",LLDC,Europe and Central Asia,Programme countries,"","",Europe,Europe and Central Asia,Europe and Central Asia (excluding high-income),Middle income,Upper middle income,Low and middle income,Asia,"",Excluding least developed countries,Excluding China,OIC,Asia/other,OIC Upper middle income,OIC Middle income,Countdown,"","","",Non-fragile,Non-fragile,Non-fragile,Non-fragile,Non-fragile,Non-fragile,"",Non-fragile,non-FCS,non-FCS,"",non-FCS,"","",Asia,Central Asia,"",Central and Southern Asia,Central Asia,"",Landlocked developing countries,"","Australia and New Zealand, Central Asia, Europe and North America",Central and Southern Asia,Asia,Central Asia,Caucasus and Central Asia,"",Landlocked developing countries (LLDCs),"","","",Non conflict,Europe and Central Asia,Eastern Europe and Central Asia,Europe and Central Asia,Eastern Europe and Central Asia,Upper middle income,Low and middle income,Europe and Central Asia,Eastern Europe and Central Asia,Upper middle income,Low and middle income,Asia-Pacific Group,"","",Eastern Europe and Central Asia,Non-humanitarian,Non-high burden,"",Europe and Central Asia,Eastern Europe and Central Asia,LiST,LiSTSBR,LiSTSBR,"","","","","","","","","",EECA,"",ECE_All countries,"ECE_Eastern Europe, Caucasus and Central Asia (CIS)",ECE_CIS (CWG),"",ESCAP_ADB Group C (ADB_DMC_C),"",ESCAP_ECO (ECO),"","",ESCAP_LLDC (LLDC_E),ESCAP_North and Central Asia (NCA),ESCAP_All countries,ESCAP_ADB Developing member countries (ADB_DMC),"","","","","","","","","","","","",ESCAP_Countries with Special Needs,"",ESCAP_WB Upper Middle Income Economies,"","",20337,21202,22315,23610,24984,26483,28126,29901,31741,33536,35164,36531,37566,38247,38602,38704,38665,38615,38676,38922,39378,40027,40587,41375,42326,43277,44302,45330,46260,47328,48413,49900,51478,53705,56022,58914,61585,63646,64219,63875,63811,63064,63067,62983,61838,60366,58639,56943,55474,54350,53421,52344,51388,51723,52411,53782,55388,57218,59669,62645,65886,69000,71678,73619,74757,75010,74542,73572,72371,71069,69750,68556,66942,65505,64366,63325,62473,61749,61249,61112,61152,61362,62098,62725,63534,64344,65173,65660,66222,66453,66720,67102,67068,67100,66807,66249,65762,64988,64328,63444,62636,62068,61327,60744,60163,59584,59254,58787,58459,58407,58129,58159,58163,58157,58045,58148,58287,58315,58129,58114,57894,57701,57564,57276,56857,56401,55925,55291,54631,54279,53831,53279,52889,52519,51912,51591,51010,50754,50426,50202,50054,49790,49623,49475,49379,49255,49109,48771,48583,48415,52583,59278,65970,72477,77890,82335,87282,92781,98705,105061,111724,118442,124873,130659,135494,139202,141745,143259,144024,144425,144866,145699,147142,149105,151524,154420,157617,161176,165051,168962,172946,175687,179176,183736,189364,195726,203086,211565,220328,227264,234395,240214,243355,245613,245791,243846,241247,236636,230762,224706,219160,214449,210438,206844,204138,203155,204251,207794,213111,219872,228250,238174,249490,261388,272662,282180,289085,292934,293801,292159,288750,284432,279711,274690,269371,264090,258963,254325,250447,247213,244757,243201,242548,242993,244404,246536,249340,252433,255456,258268,260639,262428,263923,265064,265805,266174,265752,264651,262932,260631,258007,255055,252071,249156,246353,243831,241395,239169,237211,235426,234057,232961,232137,231747,231513,231378,231365,231453,231624,231760,231792,231568,231050,230475,229776,228826,227648,226158,224322,222199,220040,217960,215932,214097,212379,210541,208760,206993,205177,203596,202195,201070,200146,199280,198542,197858,197276,196771,196155,195395
Turks and Caicos Islands,Turks and Caicos Islands,796,TCA,796,TCA,"","","","","","",Latin America and Caribbean,Programme countries,"","",Americas,Latin America and the Caribbean,"",High income,High income,"",Latin America and the Caribbean,"",Excluding least developed countries,Excluding China,"","","","","","","","","","","","","","","","","","","",non-FCS,"","",Americas,Latin America and the Caribbean,Caribbean,Latin America and the Caribbean,"","","","","",Latin America and the Caribbean,Latin America and the Caribbean,Caribbean,Latin America and the Caribbean,"","","","","","",Latin America and Caribbean,"","","","","","","","","","","","","","","","","","","","","","","","","","","","","","","","","","","","","","","","","","","","","","","","","","","","","","","","","","","","","","",112,113,112,112,111,114,114,112,110,108,107,107,105,104,102,100,99,96,94,91,86,82,86,90,93,96,100,102,105,107,109,115,123,131,138,146,152,157,160,164,167,175,185,191,197,200,207,212,217,220,220,224,225,221,219,217,214,212,212,210,207,209,207,218,224,232,250,263,272,275,281,282,283,280,278,276,275,273,272,271,270,269,268,268,266,264,263,263,263,262,260,259,259,259,258,259,259,258,258,259,260,261,261,263,263,264,265,265,265,265,264,264,264,263,262,261,260,261,260,258,258,259,258,258,258,257,257,257,258,257,257,258,258,257,257,258,258,259,258,259,259,259,259,259,259,259,259,259,258,258,341,352,357,358,356,368,385,392,394,390,384,385,389,389,393,391,389,386,384,380,372,360,355,359,370,380,391,396,396,395,390,390,403,423,445,466,480,492,502,512,519,544,593,643,685,712,724,729,737,752,778,822,877,917,926,914,887,865,862,877,904,922,899,859,838,832,863,915,960,1007,1049,1084,1106,1122,1133,1135,1131,1124,1116,1111,1105,1100,1096,1092,1089,1086,1082,1076,1071,1067,1065,1061,1058,1055,1052,1049,1049,1049,1048,1049,1049,1050,1051,1055,1058,1061,1063,1068,1071,1074,1075,1074,1073,1072,1070,1067,1064,1060,1058,1057,1055,1051,1049,1048,1047,1046,1046,1045,1044,1044,1043,1043,1043,1043,1044,1044,1045,1046,1045,1046,1048,1049,1050,1050,1050,1050,1050,1050,1049,1049
Tuvalu,Tuvalu,89,TUV,798,TUV,Oceania,Oceania,"",Least developed countries,"",SIDS,East Asia and Pacific,Programme countries,"","",Western Pacific,East Asia and Pacific,East Asia and Pacific (excluding high-income),Middle income,Upper middle income,Low and middle income,Oceania,"",Least developed countries,Excluding China,"","","","","","","","",Fragile,Fragile,Fragile,Fragile,Fragile,Non-fragile,"",Fragile,Fragile and Conflict-affected Situation,Fragile and Conflict-affected Situation,High Institutional and Social Fragility,Fragile and Conflict-affected Situation,Institutional and Social Fragility,"",Oceania,Polynesia,"",Oceania,Oceania (exc. Australia and New Zealand),Least developed countries,Small island developing States,South Eastern Asia and Oceania (excl. Australia and New Zealand),"",Oceania (exc. Australia and New Zealand),Oceania,Polynesia,Oceania,Least Developed Countries (LDCs),Small island developing States (SIDS),"","","",Non conflict,East Asia and Pacific,"","","","","",East Asia and Pacific,"",Upper middle income,Low and middle income,Asia-Pacific Group,"","",East Asia and the Pacific,Non-humanitarian,Non-high burden,Fragile,"","","","","",EAPR Program Countries,EAPR Program Countries (excluding China),Pacific Program Countries,Pacific Program Countries (excluding PNG),EAPR Countries,EAPR Countries (excluding China),Pacific Countries,Pacific Countries (excluding PNG),"","","","","","","",ESCAP_ADB Group A (ADB_DMC_A),ESCAP_Pacific island developing economies (PIDE),"","",ESCAP_LDC (LDC_E),"",ESCAP_PACIFIC (PAC),ESCAP_All countries,ESCAP_ADB Developing member countries (ADB_DMC),"","","","","","","","","","","","",ESCAP_Countries with Special Needs,ESCAP_Small Islands Developing States,ESCAP_WB Upper Middle Income Economies,"","",102,103,104,105,105,105,104,102,100,97,93,88,82,76,69,69,73,77,81,85,82,82,80,80,80,85,90,96,104,112,118,126,132,138,142,145,149,151,153,152,151,152,152,150,147,143,140,136,133,129,126,123,120,117,115,115,118,116,117,118,120,123,127,126,124,124,126,127,130,131,133,134,134,133,131,130,128,127,126,126,126,126,126,126,126,126,126,126,127,127,128,129,129,130,132,132,132,132,131,131,131,130,129,129,128,127,126,125,125,123,123,122,121,120,120,120,119,119,118,118,117,117,116,116,115,114,114,113,113,112,111,110,110,109,108,107,106,105,104,103,102,101,100,99,98,97,96,95,94,93,183,239,293,341,366,371,376,379,379,377,372,364,354,340,322,314,319,335,353,367,356,342,328,317,308,315,328,346,368,386,406,427,449,471,495,521,539,557,573,588,598,599,591,576,564,552,541,527,515,506,500,496,496,496,488,479,474,475,481,490,503,519,538,554,547,532,520,511,502,503,505,513,522,526,528,527,522,518,510,507,503,500,498,497,497,498,497,497,497,499,499,502,502,506,509,512,516,518,520,521,520,520,516,516,513,511,508,506,502,498,496,492,488,485,482,479,477,476,472,471,469,467,464,464,460,460,457,455,453,449,448,446,443,440,437,434,430,428,424,419,415,412,408,403,399,395,391,387,383,379
Uganda,Uganda,13,UGA,800,UGD,Sub-Saharan Africa,Sub-Saharan Africa,Eastern Africa,Least developed countries,"",LLDC,Eastern and Southern Africa,Programme countries,"","",Africa,Sub-Saharan Africa,Sub-Saharan Africa (excluding high-income),Low income,Low income,Low and middle income,Africa,Sub-Saharan Africa,Least developed countries,Excluding China,OIC,Africa,OIC Low income,"",Countdown,Eastern Africa,Africa,Eastern Africa,Non-fragile,Non-fragile,Non-fragile,Non-fragile,Non-fragile,Fragile,Other Fragile,Non-fragile,non-FCS,non-FCS,"",non-FCS,"",USAID,Africa,Eastern Africa,"",Sub-Saharan Africa,"",Least developed countries,Landlocked developing countries,"","",Sub-Saharan Africa,Sub-Saharan Africa,Eastern Africa,Sub-Saharan Africa (inc. Sudan),Least Developed Countries (LDCs),Landlocked developing countries (LLDCs),"","",Global Strategy,Non conflict,Sub-Saharan Africa,Eastern and Southern Africa,Sub-Saharan Africa,Eastern and Southern Africa,Low income,Low and middle income,Sub-Saharan Africa,Eastern and Southern Africa,Low income,Low and middle income,African Group,"",GAVI,Eastern and Southern Africa,Non-humanitarian,High burden,"",Eastern and Southern Africa,Eastern and Southern Africa,LiST,"",LiSTSBR,"","","","","","","","","","",ECA_Eastern Africa,ECA_All countries,"","","","","","","","","","",ESCAP_Africa (AFR),ECA_African Union Commission,ECA_IGAD,"",ECA_EAC,ECA_COMESA,ECA_Land-locked countries,ECA_Land-locked LDCs,ECA_Non-Oil Producing,ECA_Least developed countries,"",ECA_Non-Oil LDCs,"",ECA_Sub-Saharan Africa,"","","","","",136714,138491,141856,145341,148668,151865,155158,158610,162157,166063,169610,173430,177833,182799,188422,194731,201794,209405,217603,225054,232698,239709,245976,251228,256167,263177,270092,276291,282419,289978,295257,301028,308211,317069,327932,342867,358183,373665,387685,401467,415862,429305,444933,460913,475813,491384,498950,510685,520128,534069,547660,561732,574864,587421,601182,612583,623474,634375,644260,657974,672006,683808,694196,702809,710766,720522,731077,750328,772081,791500,811029,828519,842209,850827,856025,862079,867977,873026,880208,884457,888363,888992,896884,898881,903154,910843,914535,922747,926008,929008,934463,936810,940213,944339,951799,956633,962001,964673,966335,968697,969197,968417,972999,969019,968873,968723,968167,973101,971211,971676,966355,966393,964303,960921,959914,954656,953679,950695,950324,950484,946247,942474,936914,934718,930285,932467,931825,927614,926499,929602,925541,924441,922312,917198,917962,915036,908838,903998,901166,894856,891885,889181,886024,876431,875113,872698,864999,858555,855892,853175,401981,430467,453415,471623,484107,495487,508794,522089,535366,548807,562745,576433,590392,605332,621793,639946,660198,682739,707664,734872,763051,790228,815652,838921,860660,880927,900845,921085,941275,961808,980593,998432,1018952,1044213,1073185,1108620,1150668,1199470,1253155,1309353,1365249,1420285,1475184,1531425,1589796,1647573,1700756,1754784,1800931,1848606,1894493,1944625,1998540,2057226,2115996,2174458,2232644,2288591,2343573,2395238,2446064,2499765,2554383,2609157,2660786,2708189,2752566,2800076,2851888,2913689,2985656,3062949,3141764,3210678,3269776,3317459,3354147,3383476,3408600,3433407,3458071,3480285,3498988,3515965,3532261,3547535,3567087,3587621,3609095,3633313,3653903,3673269,3690479,3704743,3720065,3736969,3756151,3777509,3798858,3816155,3829338,3838930,3844320,3849908,3853543,3853508,3853912,3851744,3852017,3855974,3858820,3859464,3854978,3848312,3839648,3831500,3822708,3811638,3801714,3792215,3786070,3780682,3772901,3762054,3747370,3731751,3719509,3712970,3707263,3702177,3699429,3694937,3690505,3687256,3678590,3668771,3660819,3649209,3635916,3620940,3602211,3583932,3568651,3553970,3537130,3519679,3503437,3484579,3465305,3447127
Ukraine,Ukraine,155,UKR,804,UKR,"","","","","","",Europe and Central Asia,Programme countries,"","",Europe,Europe and Central Asia,Europe and Central Asia (excluding high-income),Middle income,Lower middle income,Low and middle income,Europe,"","","","","","","","","","","",Non-fragile,Non-fragile,Non-fragile,Non-fragile,Non-fragile,Non-fragile,"",Non-fragile,non-FCS,non-FCS,"",Fragile and Conflict-affected Situation,Conflict,"",Europe,Eastern Europe,"",Europe and Northern America,Europe,"","","North America, Europe, Australia and New Zealand","Australia and New Zealand, Central Asia, Europe and North America",Europe and Northern America,Europe,Eastern Europe,"","","",HAC,HAC,"",Conflict,Europe and Central Asia,Eastern Europe and Central Asia,Europe and Central Asia,Eastern Europe and Central Asia,Lower middle income,Low and middle income,Europe and Central Asia,Eastern Europe and Central Asia,Lower middle income,Low and middle income,Eastern European Group,"","",Eastern Europe and Central Asia,Humanitarian,Non-high burden,"",Europe and Central Asia,Eastern Europe and Central Asia,LiST,"",LiSTSBR,"","","","","","","","","",EECA,"",ECE_All countries,"ECE_Eastern Europe, Caucasus and Central Asia (CIS)",ECE_CIS (CWG),"","","","","","","","",ESCAP_Europe (Europe),"","","","","","","","","","","","","","","","","","",411393,419290,417406,414359,411068,409743,411894,418503,429268,437713,437372,426626,414148,394547,369839,357864,350472,345308,338480,341404,344558,367240,366727,359482,361843,362669,364258,360781,365764,366778,369913,373791,391698,401411,395883,393058,391622,386972,375365,351242,334980,330192,318864,302573,281909,252591,238944,226034,213884,199849,195867,192934,196460,207702,216552,219414,231745,240929,257535,263656,256574,259097,264221,260377,253740,248271,234072,214934,197723,181515,174960,172581,169247,97400,109787,121703,130121,133756,135472,136660,137920,139592,141052,142862,144747,147271,149140,150551,151223,150985,150813,150061,149380,147896,146363,144103,140859,138678,135160,132013,128842,125197,121841,118425,115727,112966,110846,108872,107332,106325,105402,105260,105403,105490,105456,105862,106455,106910,107247,107553,107913,107871,108023,107346,106514,105614,104264,103283,102214,100577,98826,97272,95779,94352,92951,91397,89785,88388,86995,85785,84990,84459,83607,83282,82477,82264,81659,81520,81365,81374,1054911,1225774,1399732,1544604,1622874,1635735,1630759,1627432,1631176,1620566,1644533,1683505,1709749,1716095,1696630,1647679,1581805,1522488,1474160,1440457,1413845,1427102,1439797,1462118,1483160,1492689,1493507,1486582,1476568,1456662,1467314,1471528,1476410,1483556,1502609,1534413,1558514,1580680,1574349,1547742,1525719,1480176,1421230,1360740,1285437,1206533,1129318,1057833,997582,944362,893510,846951,802254,772042,789305,803844,827074,857320,890791,928901,973258,1006314,1025125,1036492,1037198,1028174,1011463,970000,915281,851050,795217,753657,720830,544109,539955,531109,526880,521073,524344,532286,537907,542503,547166,552478,558422,565012,572378,580359,588250,595217,600023,602390,602712,601323,598704,594769,589380,581858,572791,562417,550582,538517,525677,512206,498778,485460,472918,461480,451421,442647,435356,429539,425242,422741,421558,421309,421742,422641,423940,425603,427361,428910,430066,430889,431085,430115,428145,424964,420934,416731,411988,406670,400882,394590,388259,382263,376413,370469,364489,358536,352785,347681,343451,339894,337058,334611,332276,330250,328428,327059
Macedonia,Republic of North Macedonia,151,MKD,807,MCD,"","","","","",LLDC,Europe and Central Asia,Programme countries,"","",Europe,Europe and Central Asia,Europe and Central Asia (excluding high-income),Middle income,Upper middle income,Low and middle income,Europe,"","","","","","","","","","","",Non-fragile,Non-fragile,Non-fragile,Non-fragile,Non-fragile,Non-fragile,"",Non-fragile,non-FCS,non-FCS,"",non-FCS,"","",Europe,Southern Europe,"",Europe and Northern America,Europe,"",Landlocked developing countries,"North America, Europe, Australia and New Zealand","Australia and New Zealand, Central Asia, Europe and North America",Europe and Northern America,Europe,Southern Europe,"","",Landlocked developing countries (LLDCs),"","","",Non conflict,Europe and Central Asia,Eastern Europe and Central Asia,Europe and Central Asia,Eastern Europe and Central Asia,Upper middle income,Low and middle income,Europe and Central Asia,Eastern Europe and Central Asia,Upper middle income,Low and middle income,Eastern European Group,"","",Eastern Europe and Central Asia,Non-humanitarian,Non-high burden,"",Europe and Central Asia,Eastern Europe and Central Asia,LiST,"",LiSTSBR,"","","","","","","","","",EECA,"",ECE_All countries,"",ECE_West Balkans (ST7),"","","","","","","","",ESCAP_Europe (Europe),"","","","","","","","","","","","","","","","","","",21921,22007,22675,23045,23306,22959,22661,22327,22181,21854,21392,20934,20464,19690,19284,19150,19009,18728,18482,18322,18164,18145,18150,18230,18442,18799,19113,19349,19670,20071,20442,20928,21425,21275,20845,20335,19813,19365,18705,18064,17508,17104,15915,15360,15927,15335,14681,13719,13482,12797,13777,13393,14180,13892,12410,11756,11735,11814,11960,12304,12617,12094,12255,12144,12269,12113,11994,11505,11250,10655,10494,10399,10329,10212,10108,10002,9894,9778,9657,9539,9413,9312,9169,9058,8967,8869,8778,8706,8628,8540,8445,8362,8310,8246,8164,8099,8035,7971,7872,7789,7696,7610,7505,7414,7333,7268,7148,7050,6957,6890,6797,6721,6674,6597,6530,6458,6409,6328,6267,6213,6159,6096,6024,5960,5917,5856,5794,5726,5698,5638,5563,5503,5443,5399,5339,5289,5221,5165,5100,5034,4971,4918,4869,4812,4766,4711,4669,4613,4569,4525,70687,73390,75462,77077,78655,79876,80861,81273,81165,80824,80299,79661,78852,79305,78140,76619,75057,73726,72778,71938,70990,70171,69919,69773,69847,70209,70957,72047,73335,74709,76084,77469,79031,80153,81138,81572,81253,80028,78241,76262,74121,71796,68525,66441,63983,62522,60739,59938,59035,57299,56785,56718,57191,56457,56040,54931,52748,50312,48126,47040,47278,48077,48629,48880,48923,48624,48483,48377,47898,47037,45759,44281,43034,42060,41418,41032,40636,40217,39785,39344,38887,38415,37945,37471,36988,36531,36092,35680,35317,34977,34646,34319,33981,33653,33351,33067,32800,32532,32258,31976,31673,31346,30994,30628,30258,29889,29540,29192,28831,28462,28084,27722,27387,27087,26801,26522,26260,25996,25731,25466,25214,24967,24726,24490,24240,23994,23756,23522,23290,23066,22849,22623,22396,22156,21908,21679,21461,21245,21014,20776,20527,20274,20027,19790,19567,19356,19151,18947,18747,18550
Egypt,Egypt,52,EGY,818,EGY,Northern Africa,Northern Africa,North Africa,"","","",Middle East and North Africa,Programme countries,MENAEMRO,"",Eastern Mediterranean,Middle East and North Africa,Middle East and North Africa (excluding high-income),Middle income,Lower middle income,Low and middle income,Africa,"",Excluding least developed countries,Excluding China,OIC,Arab,OIC Lower middle income,OIC Middle income,"",North Africa,Africa,Northern Africa,Non-fragile,Non-fragile,Non-fragile,Non-fragile,Non-fragile,Fragile,Other Fragile,Non-fragile,non-FCS,non-FCS,"",non-FCS,"","",Africa,Northern Africa,"",Northern Africa and Western Asia,Northern Africa,"","","","",Northern Africa and Western Asia,Northern Africa,Northern Africa,Northern Africa (exc. Sudan),"","",HAC,HAC,"",Non conflict,Middle East and North Africa,"",Middle East and North Africa,"",Lower middle income,Low and middle income,Middle East and North Africa,"",Lower middle income,Low and middle income,African Group,"","",Middle East and North Africa,Non-humanitarian,Non-high burden,"",Middle East and North Africa,Middle East and North Africa,LiST,"",LiSTSBR,"","","","","","","","","","",ECA_North Africa,ECA_All countries,"","","","","","","","","","",ESCAP_Africa (AFR),ECA_African Union Commission,"","",ECA_CEN-SAD,ECA_COMESA,"","",ECA_Non-Oil Producing,"","","","","","","","",ESCWA_Arab countries,ESCWA_Mashreq subregion,484422,484800,498163,511785,521466,529604,537153,543453,549534,556144,563545,572947,583185,594860,605375,612203,622787,633099,642684,652542,661727,672940,685456,695125,709571,728732,747559,766405,788426,812532,828605,839317,856112,879904,897033,912108,925477,939267,948395,945148,934581,925819,935694,933636,926466,922810,920831,926540,941970,949825,957486,970993,978215,991627,999732,1020464,1039809,1072385,1096574,1125738,1183650,1221675,1276013,1328038,1361970,1378452,1308665,1294130,1285761,1259310,1251530,1246437,1241049,1238508,1240733,1242689,1247587,1252625,1257287,1266048,1272139,1283735,1301804,1323850,1343522,1358098,1374224,1380004,1390199,1396863,1396889,1401639,1400225,1394873,1386358,1380601,1380829,1377554,1364689,1357690,1352764,1345655,1343646,1341065,1335552,1331222,1334525,1334080,1329514,1330879,1333899,1334881,1334267,1333659,1332731,1326229,1327092,1324509,1323369,1317536,1314512,1313349,1309114,1298649,1293464,1286727,1277833,1270544,1262543,1258042,1252772,1248179,1243992,1237819,1229313,1228746,1222266,1218980,1213387,1207719,1198546,1193544,1189919,1189024,1185942,1181332,1177290,1170629,1169523,1162744,1454356,1494161,1506073,1517139,1542515,1589808,1645090,1694280,1736375,1772942,1808554,1844293,1882632,1925002,1971289,2020122,2066780,2111117,2154212,2194732,2235940,2276496,2315896,2358700,2403587,2453369,2512866,2580414,2657827,2744136,2836195,2928290,3013311,3093267,3173543,3255112,3339675,3422862,3497054,3562333,3612217,3638077,3639053,3632918,3630292,3629887,3633642,3631715,3628162,3642773,3672467,3710372,3756033,3800452,3842669,3887984,3935676,3993295,4067081,4158485,4261280,4389589,4542213,4709150,4906716,5096072,5257445,5342891,5331613,5271355,5170198,5085600,5038151,4992771,4962307,4949261,4943758,4947107,4959061,4975263,4996087,5020809,5049402,5088821,5141918,5208379,5282356,5355845,5419010,5468978,5510936,5540320,5561755,5577118,5579828,5572611,5555936,5535602,5517947,5498553,5476191,5450602,5420330,5394821,5377378,5360891,5345511,5334626,5327333,5321232,5318751,5318803,5319099,5322452,5326464,5326945,5321367,5313277,5305297,5296031,5287229,5276484,5264627,5251972,5234952,5214682,5190444,5160896,5131340,5101987,5072263,5046003,5022849,5002967,4983791,4961643,4940441,4920085,4899930,4883107,4864455,4841566,4816806,4792502,4772049,4757280,4745340,4732913,4716961,4699383
United Kingdom,United Kingdom,194,GBR,826,UKD,"","","","","","",Non-programme countries,"","","",Europe,Europe and Central Asia,"",High income,High income,"",Europe,"","","","","","","","","","","","","","","","",Non-fragile,"","",non-FCS,non-FCS,"",non-FCS,"","",Europe,Northern Europe,"",Europe and Northern America,Europe,"","","North America, Europe, Australia and New Zealand","Australia and New Zealand, Central Asia, Europe and North America",Europe and Northern America,Europe,Northern Europe,"","","","","","","",Europe and Central Asia,Western Europe,"","","","","","","","",Western European and Others Group (WEOG),"","",High Income Countries,Non-humanitarian,Non-high burden,"","","","","","","","","","","","","","","","","",ECE_All countries,"","","","","","","","","","",ESCAP_Europe (Europe),"","","","","","","","","","","","","","","","","","",413813,400322,396869,403098,400278,397547,413961,428382,439216,444123,461770,475575,488996,496283,509741,504196,495351,486611,478842,466607,457253,455275,424629,396191,375443,356117,343561,335224,347225,369664,379961,371531,367256,368780,372096,380949,383837,392346,397797,395637,402441,401618,396531,388410,381809,373418,372123,369204,364490,356800,346380,340713,340778,352004,362451,365707,375914,389114,399578,400987,407960,410487,413283,401527,398304,399128,398397,388664,376257,364646,349611,346821,346679,347044,347494,346558,346761,345822,344889,344934,343678,343564,344163,344912,345712,347319,347970,350508,351633,354099,356271,357790,358550,359104,358196,358151,355907,353350,350898,347571,344481,342044,339096,334647,333071,329910,328108,326605,324897,324117,323900,323565,323164,324587,325774,326292,325219,326289,327425,328710,328718,329668,330739,331135,331230,329923,329124,328865,327341,326127,325374,322797,320808,320461,318629,317657,315728,314481,313701,312769,312220,311253,310340,310441,310333,310147,310603,309758,310659,310807,1792968,1775806,1708961,1639088,1600037,1584492,1580470,1590874,1613893,1646552,1688607,1733876,1779192,1825605,1874071,1920745,1954443,1966886,1961213,1938205,1903277,1866829,1834571,1792846,1730604,1655673,1567196,1481523,1416150,1377570,1376983,1406946,1444939,1472290,1480475,1476426,1480201,1495890,1517129,1541718,1559698,1574372,1587007,1589293,1583806,1568573,1543169,1517992,1498709,1482662,1467587,1447512,1421276,1396998,1385507,1394368,1417392,1450433,1490215,1531148,1570270,1605397,1632778,1651303,1659639,1656104,1646515,1633270,1618348,1598429,1566540,1521124,1473664,1434245,1409182,1399892,1399359,1399204,1398599,1396502,1394417,1392051,1389361,1388099,1387902,1389135,1392333,1396232,1401089,1407017,1413457,1421198,1429013,1436005,1441806,1444890,1445718,1444258,1439611,1432782,1423502,1412224,1400860,1389292,1376811,1364715,1353016,1341494,1332337,1324423,1317611,1312931,1309498,1307301,1306946,1308390,1310846,1313232,1315030,1316694,1318800,1321912,1325414,1328740,1331538,1333956,1335169,1334170,1332073,1328833,1324894,1321156,1316054,1309553,1303531,1297303,1291416,1286449,1280828,1275410,1270597,1266512,1263275,1259976,1257215,1255226,1253821,1253575,1253377,1253207
Tanzania,United Republic of Tanzania,12,TZA,834,TNZ,Sub-Saharan Africa,Sub-Saharan Africa,Eastern Africa,Least developed countries,"","",Eastern and Southern Africa,Programme countries,"","",Africa,Sub-Saharan Africa,Sub-Saharan Africa (excluding high-income),Middle income,Lower middle income,Low and middle income,Africa,Sub-Saharan Africa,Least developed countries,Excluding China,"","","","",Countdown,Eastern Africa,Africa,Eastern Africa,Non-fragile,Non-fragile,Non-fragile,Non-fragile,Non-fragile,Fragile,Other Fragile,Non-fragile,non-FCS,non-FCS,"",non-FCS,"",USAID,Africa,Eastern Africa,"",Sub-Saharan Africa,"",Least developed countries,"","","",Sub-Saharan Africa,Sub-Saharan Africa,Eastern Africa,Sub-Saharan Africa (inc. Sudan),Least Developed Countries (LDCs),"","","",Global Strategy,Non conflict,Sub-Saharan Africa,Eastern and Southern Africa,Sub-Saharan Africa,Eastern and Southern Africa,Lower middle income,Low and middle income,Sub-Saharan Africa,Eastern and Southern Africa,Lower middle income,Low and middle income,African Group,"",GAVI,Eastern and Southern Africa,Non-humanitarian,High burden,"",Eastern and Southern Africa,Eastern and Southern Africa,LiST,"",LiSTSBR,"","","","","","","","","","",ECA_Eastern Africa,ECA_All countries,"","","","","","","","","","",ESCAP_Africa (AFR),ECA_African Union Commission,"",ECA_SADC,ECA_EAC,"","","",ECA_Non-Oil Producing,ECA_Least developed countries,ECA_Mineral-rich countries,ECA_Non-Oil LDCs,"",ECA_Sub-Saharan Africa,"","","","","",163534,169386,174717,180303,185924,192029,198435,205290,211626,218274,224980,232381,239813,247378,254976,262612,270567,278388,287012,297473,308891,321059,332905,345482,359236,372605,384724,397683,410798,422029,432034,441576,452016,463234,472958,482234,492717,503797,517051,528053,538029,548277,557833,567597,584204,606667,624844,636042,651492,667147,685607,706910,724627,744216,767778,793179,813200,827385,842054,856244,868555,880413,890614,923245,959132,988261,1016194,1043770,1066305,1087995,1108201,1129104,1152644,1173888,1190843,1205251,1223155,1241461,1260569,1276321,1294044,1315351,1334189,1354839,1378442,1393815,1410115,1429209,1444857,1462409,1475173,1487179,1503168,1522720,1531706,1543778,1559501,1566448,1579116,1591788,1607590,1617614,1628880,1646389,1657946,1669174,1673177,1680889,1689942,1703385,1711334,1714947,1721108,1719774,1732555,1733688,1739275,1747870,1755517,1760383,1758120,1759253,1761401,1763101,1757478,1760314,1755028,1764182,1768552,1770212,1777042,1779585,1772666,1780793,1782641,1783641,1780989,1781318,1781939,1775105,1775798,1773402,1773728,1770493,1764663,1759466,1754861,1748652,1744159,1742510,546403,553753,562861,575360,593641,614183,634533,655819,678201,701364,724990,749048,773946,799437,825947,853701,881710,910281,939453,971392,1005398,1042264,1082638,1127032,1172621,1220555,1270257,1320520,1370832,1419490,1464555,1505221,1543909,1580683,1623855,1660791,1705026,1744282,1787934,1822275,1858884,1896786,1936553,1976146,2045418,2116836,2153067,2168782,2235449,2302213,2381962,2456536,2525148,2601142,2683643,2772844,2866392,2961151,3051831,3130456,3191572,3256894,3320758,3382448,3453587,3542945,3661404,3788689,3915835,4020595,4115941,4209943,4300304,4389283,4477783,4561922,4639776,4711642,4780083,4849383,4920946,4992772,5066104,5140756,5217805,5300595,5382591,5459914,5535534,5606067,5673986,5741388,5802862,5861236,5921286,5980174,6037132,6094226,6144127,6189865,6238426,6286988,6337256,6388205,6441019,6493931,6545118,6593107,6631946,6665097,6698833,6735938,6772495,6805207,6828459,6847390,6868213,6886999,6911333,6937596,6962793,6985765,7000349,7008757,7013102,7014282,7014954,7012436,7010401,7018241,7029642,7046721,7066066,7074804,7082324,7090876,7095526,7102293,7106724,7106344,7101480,7094715,7088592,7080643,7074849,7067019,7054126,7037543,7016968,6996053
United States of America,United States of America,195,USA,840,USA,"","","","","","",Non-programme countries,"","","",Americas,North America,"",High income,High income,"",Northern America,"","","","","","","","","","","","","","","","",Non-fragile,"","",non-FCS,non-FCS,"",non-FCS,"","",Americas,Northern America,"",Europe and Northern America,Northern America,"","","North America, Europe, Australia and New Zealand","Australia and New Zealand, Central Asia, Europe and North America",Europe and Northern America,Northern America,Northern America,"","","","","","","",North America,"","","","","","","","","",Western European and Others Group (WEOG),"","",High Income Countries,Non-humanitarian,Non-high burden,"","","","","","","","","","","","","","","","","",ECE_All countries,"","","","","","","","","","",ESCAP_North America (NAM),"","","","","","","","","","","","","","","","","","",1666289,1747245,1835535,1815505,1871547,1893048,1942881,1986226,1971610,1993744,1994701,2009181,1973805,1948741,1913938,1806482,1736260,1696567,1690655,1732946,1814814,1734799,1606488,1544387,1547861,1541733,1552406,1622373,1647141,1720579,1785474,1797949,1829937,1823508,1837291,1875286,1880704,1911235,1963473,2027657,2084743,2067901,2055186,2025066,2000450,1976615,1971522,1969278,1995381,2014011,2058272,2052425,2055886,2081135,2094330,2112384,2162865,2186417,2163405,2108835,2053309,2030306,2028015,2021224,2037250,2034500,2016993,1977993,1943198,1918749,1877815,1892257,1898467,1907920,1915887,1924575,1934857,1942654,1954265,1960284,1967700,1976931,1986312,1999876,2000839,2005973,2008953,2010123,2002503,2003224,1990323,1989394,1984758,1974868,1967857,1952895,1943187,1932032,1916901,1910804,1895961,1884680,1879973,1873471,1875699,1874412,1877337,1876827,1879735,1881734,1883629,1887469,1895692,1904705,1908333,1911283,1913197,1917011,1919604,1911810,1908325,1916982,1912555,1908604,1899549,1896080,1887755,1884870,1879523,1872887,1864991,1860680,1855684,1854773,1853921,1850675,1852009,1848505,1849840,1851382,1849411,1852749,1854926,1854938,1856305,1860103,1867713,1859723,1859979,1852708,6500342,6824654,6438041,6731430,6974399,7407377,7554642,7552764,7726341,7898956,7994334,8053626,8078229,8069168,8034704,7942644,7764357,7517226,7237807,6977744,6818559,6790655,6813593,6780382,6642597,6439502,6245197,6149162,6185253,6287167,6427281,6599298,6764113,6903683,6994978,7040182,7082494,7149827,7246667,7363579,7497366,7655045,7827809,7987833,8070368,8064644,7995307,7921693,7877715,7867811,7880707,7912157,7977343,8061903,8139486,8192802,8217897,8258397,8320611,8359794,8350534,8308339,8291049,8259601,8233072,8219393,8216881,8230924,8227678,8174752,8070114,7905252,7754250,7674598,7639182,7656622,7699924,7735059,7770944,7807911,7845883,7880766,7915226,7949036,7985716,8022292,8052649,8077900,8092857,8097287,8095946,8083800,8063073,8044319,8020771,7995251,7965287,7924879,7882512,7835002,7788793,7744548,7696903,7655837,7619512,7592113,7579009,7573784,7575179,7579351,7585366,7592385,7601174,7615310,7635744,7660219,7684497,7704598,7718679,7730137,7735151,7731820,7729587,7725891,7720580,7714528,7698252,7674352,7650091,7628684,7607101,7583945,7560474,7536430,7516037,7502490,7492518,7486261,7481556,7476347,7475305,7474417,7475573,7480879,7485068,7490507,7497953,7508509,7517026,7520556
Burkina Faso,Burkina Faso,24,BFA,854,UPV,Sub-Saharan Africa,Sub-Saharan Africa,West Africa,Least developed countries,"",LLDC,West and Central Africa,Programme countries,"","",Africa,Sub-Saharan Africa,Sub-Saharan Africa (excluding high-income),Low income,Low income,Low and middle income,Africa,Sub-Saharan Africa,Least developed countries,Excluding China,OIC,Africa,OIC Low income,"",Countdown,West Africa,Africa,Western Africa,Non-fragile,Non-fragile,Non-fragile,Non-fragile,Non-fragile,Fragile,Other Fragile,Fragile,Fragile and Conflict-affected Situation,non-FCS,"",Fragile and Conflict-affected Situation,Conflict,"",Africa,Western Africa,"",Sub-Saharan Africa,"",Least developed countries,Landlocked developing countries,"","",Sub-Saharan Africa,Sub-Saharan Africa,Western Africa,Sub-Saharan Africa (inc. Sudan),Least Developed Countries (LDCs),Landlocked developing countries (LLDCs),"","",Global Strategy,Non conflict,Sub-Saharan Africa,West and Central Africa,Sub-Saharan Africa,West and Central Africa,Low income,Low and middle income,Sub-Saharan Africa,West and Central Africa,Low income,Low and middle income,African Group,Economic Community of West African States,GAVI,West and Central Africa,Humanitarian,High burden,Fragile,West and Central Africa,West and Central Africa,LiST,"",LiSTSBR,"","","","","","","","","","",ECA_West Africa,ECA_All countries,"","","","","","","","","","",ESCAP_Africa (AFR),ECA_African Union Commission,ECA_ECOWAS,"",ECA_CEN-SAD,ECA_Sahel,ECA_Land-locked countries,ECA_Land-locked LDCs,ECA_Non-Oil Producing,ECA_Least developed countries,ECA_Mineral-rich countries,ECA_Non-Oil LDCs,"",ECA_Sub-Saharan Africa,"","","","","",81937,83945,85774,87580,89244,90945,92706,94447,96339,98365,100330,102366,104436,106511,108817,111138,113395,115692,118137,120139,122075,124096,126266,128900,131933,135355,139047,143609,148939,154047,158592,162980,167246,171687,176968,182680,187322,191200,194534,198059,202247,206736,210893,214981,219670,225132,231044,236253,241445,247615,254432,260631,266725,274682,282697,291735,302307,311543,319862,327429,335151,342650,349801,356015,360807,364377,365616,366272,370183,374523,378629,383248,387425,391622,395970,400157,405098,409962,414602,420355,425096,429674,434059,438747,442675,445323,448038,450318,453345,454317,457197,460086,460161,461059,462376,463662,464463,467120,469284,469660,471066,471403,471732,473199,472455,472281,472660,472056,472083,471757,470700,473716,474273,475046,475501,474345,473965,472688,472093,471779,469935,468215,467609,467442,464458,462304,460510,458878,458002,457963,457317,453350,453726,451400,450696,449709,447560,444336,444237,441237,440898,438160,438373,437963,436669,434530,434473,432112,430195,428329,261298,254648,250700,252291,258465,264983,271332,277745,284152,290671,297603,304738,312054,319511,326918,334527,342441,350439,358567,366751,374760,382504,390137,397956,406666,417042,429218,443250,459218,477132,496411,516103,535436,553888,571611,589726,608968,628624,647795,665411,680801,695148,709378,724224,739658,755854,773210,792130,812742,834810,857741,881744,906697,932620,960399,990221,1022495,1058810,1097288,1136013,1174050,1209681,1243386,1276011,1307000,1335712,1360645,1380573,1394692,1406096,1417937,1432111,1449698,1468448,1486177,1503073,1519354,1536116,1554036,1572729,1592611,1613073,1633118,1652929,1672011,1690143,1706862,1721754,1734631,1745994,1756149,1765640,1775713,1784284,1791359,1797766,1802459,1806960,1812917,1820105,1827014,1833763,1839534,1843090,1846622,1849544,1851028,1852492,1852795,1852547,1852731,1851908,1852497,1855214,1858489,1863150,1866058,1866361,1865409,1862881,1860469,1857666,1853812,1849854,1845994,1841551,1836285,1830206,1822748,1815850,1811237,1808132,1804115,1799606,1794596,1788335,1783879,1779415,1773024,1766730,1759627,1752504,1746651,1741064,1737073,1733792,1730204,1726830,1722176,1716237
Uruguay,Uruguay,135,URY,858,URG,Latin America and the Caribbean,Latin America and the Caribbean,"","",Latin America,"",Latin America and Caribbean,Programme countries,"","",Americas,Latin America and the Caribbean,"",High income,High income,"",Latin America and the Caribbean,"",Excluding least developed countries,Excluding China,"","","","","","","","","","","","","",Non-fragile,"","",non-FCS,non-FCS,"",non-FCS,"","",Americas,Latin America and the Caribbean,South America,Latin America and the Caribbean,"","","","","",Latin America and the Caribbean,Latin America and the Caribbean,South America,Latin America and the Caribbean,"","","","","",Non conflict,Latin America and Caribbean,"","","","","","","","","",Latin American and Caribbean Group (GRULAC),"","",Latin America and Caribbean,Non-humanitarian,Non-high burden,"","","","","","","","","","","","","","","","","",ECLAC_All countries,"","",ECLAC_Latin America,"","","","","","","",ESCAP_Latin America (LAC),"","","","","","","","","","","","","","","","","","",22620,22999,23433,23914,24444,24814,25391,25865,26297,26624,26971,27354,27728,28060,28059,27963,27871,27672,27642,27528,27157,27744,28181,28592,29586,30297,30408,29669,29072,28184,27108,26873,26834,26713,26726,26940,27073,26754,27793,28251,27666,27952,27991,27938,28340,28428,28196,27941,27313,26901,26336,25979,26039,25575,25361,25421,25060,24735,24514,24356,24263,24261,24309,24389,24321,24617,23902,22248,20578,19169,18251,18315,18233,18202,18165,18172,18207,18180,18165,18147,18121,18054,17988,17917,17772,17716,17583,17391,17218,17041,16872,16635,16452,16228,16060,15878,15653,15426,15239,15027,14801,14644,14450,14211,14006,13843,13647,13484,13361,13252,13150,13110,13042,12978,12903,12875,12769,12691,12550,12462,12398,12359,12229,12081,11930,11772,11617,11484,11376,11285,11160,11018,10903,10814,10669,10533,10412,10305,10194,10093,9993,9930,9823,9727,9662,9582,9526,9468,9353,9291,86288,87052,87931,89082,90720,92614,94507,96462,98467,100375,102193,103822,105256,106616,107950,109095,109809,110066,109832,109360,108882,108222,107938,108347,109214,111139,113737,116168,117702,117759,116227,113383,110439,108184,106596,105976,106055,106337,106566,107243,108536,109468,110364,111034,110889,111108,111722,112041,112130,111558,110207,108428,106402,104723,103387,102241,101406,100568,99660,98893,98029,97218,96703,96467,96475,96595,96888,96890,95491,92360,87580,81980,77367,74494,73050,72677,72605,72522,72511,72503,72492,72433,72321,72167,71958,71658,71310,70939,70461,69914,69291,68590,67854,67091,66301,65487,64710,63935,63131,62322,61483,60630,59821,59042,58237,57432,56637,55834,55078,54406,53798,53267,52847,52514,52226,51971,51732,51476,51194,50867,50475,50084,49739,49416,49061,48626,48083,47476,46872,46301,45791,45326,44866,44396,43925,43443,42955,42466,41964,41475,41023,40597,40204,39836,39468,39123,38787,38467,38197,37911
Uzbekistan,Uzbekistan,145,UZB,860,UZB,Caucasus and Central Asia,Caucasus and Central Asia,"","","",LLDC,Europe and Central Asia,Programme countries,"","",Europe,Europe and Central Asia,Europe and Central Asia (excluding high-income),Middle income,Lower middle income,Low and middle income,Asia,"",Excluding least developed countries,Excluding China,OIC,Asia/other,OIC Lower middle income,OIC Middle income,Countdown,"","","",Non-fragile,Non-fragile,Non-fragile,Non-fragile,Non-fragile,Non-fragile,"",Non-fragile,non-FCS,non-FCS,"",non-FCS,"","",Asia,Central Asia,"",Central and Southern Asia,Central Asia,"",Landlocked developing countries,"","Australia and New Zealand, Central Asia, Europe and North America",Central and Southern Asia,Asia,Central Asia,Caucasus and Central Asia,"",Landlocked developing countries (LLDCs),"","",Global Strategy,Non conflict,Europe and Central Asia,Eastern Europe and Central Asia,Europe and Central Asia,Eastern Europe and Central Asia,Lower middle income,Low and middle income,Europe and Central Asia,Eastern Europe and Central Asia,Lower middle income,Low and middle income,Asia-Pacific Group,"",GAVI,Eastern Europe and Central Asia,Non-humanitarian,Non-high burden,"",Europe and Central Asia,Eastern Europe and Central Asia,LiST,LiSTSBR,LiSTSBR,"","","","","","","","","",EECA,"",ECE_All countries,"ECE_Eastern Europe, Caucasus and Central Asia (CIS)",ECE_CIS (CWG),"",ESCAP_ADB Group B (ADB_DMC_B),"",ESCAP_ECO (ECO),"","",ESCAP_LLDC (LLDC_E),ESCAP_North and Central Asia (NCA),ESCAP_All countries,ESCAP_ADB Developing member countries (ADB_DMC),"","","","","","","","","","","","",ESCAP_Countries with Special Needs,"",ESCAP_WB Lower Middle Income Economies,"","",106651,119242,125199,131756,138304,145704,153188,160518,168617,178254,188273,195923,202728,205305,207547,209857,209035,208682,208275,211484,217147,222565,227937,233321,238760,244100,249532,254452,258622,265492,272209,277416,283859,292971,305700,318140,330016,335160,334353,334638,342746,349578,348227,343511,338003,333260,323330,309405,292606,280585,274500,272319,271798,267161,269866,273746,283349,300336,316890,326784,327383,326658,331709,344728,358914,368529,371698,373514,397175,410616,425259,414074,400085,388550,376951,367588,358899,351843,348066,345253,344470,342747,340960,341877,342925,344302,346945,349306,354332,359884,364720,368938,372421,375126,376373,377235,376652,373986,370440,367480,363263,360263,356835,353323,349961,345679,342264,339591,336274,334239,331911,330211,329090,328583,327481,327716,327724,327422,327611,327172,327910,327206,327302,325731,323680,322841,321635,320348,317132,314193,311798,310100,306670,303518,300050,296821,295193,292994,290831,289837,288128,286003,283965,282523,281585,280741,279410,278006,276359,275603,267968,300786,347040,392337,437230,471560,496333,523018,550525,579399,610602,643897,678708,712553,741220,762189,777639,786709,791447,794313,796491,803128,815583,833499,854921,876650,898344,920118,941558,961446,981086,1002138,1023987,1048043,1075215,1107639,1147768,1194103,1239448,1273393,1292829,1305052,1318829,1333024,1343604,1343399,1330289,1308412,1278258,1237940,1189145,1141094,1103393,1080667,1068628,1063453,1065296,1074950,1101580,1145486,1197547,1246377,1280172,1299406,1315851,1342074,1380472,1421751,1455091,1488420,1529167,1578174,1625256,1644105,1631266,1593454,1545076,1502115,1463885,1431990,1407380,1389976,1379091,1371454,1366611,1364540,1364883,1369172,1376246,1386016,1400055,1417115,1436051,1454897,1471249,1484287,1493839,1499656,1500619,1496476,1488154,1476180,1462473,1448902,1435062,1421436,1407524,1392921,1378912,1365319,1352981,1342372,1332685,1324680,1318564,1313742,1310545,1308861,1307711,1307340,1307201,1307063,1307113,1306842,1305909,1302809,1298356,1293287,1287726,1281733,1273918,1264490,1254393,1244037,1233475,1222201,1209531,1197245,1186492,1176800,1168985,1162115,1155088,1148202,1141106,1134230,1128511,1123756,1119276,1114362
Venezuela,Venezuela (Bolivarian Republic of),136,VEN,862,VNZ,Latin America and the Caribbean,Latin America and the Caribbean,"","",Latin America,"",Latin America and Caribbean,Programme countries,"","",Americas,Latin America and the Caribbean,"","","","",Latin America and the Caribbean,"",Excluding least developed countries,Excluding China,"","","","",Countdown,"","","",Non-fragile,Non-fragile,Non-fragile,Non-fragile,Non-fragile,Fragile,Other Fragile,Fragile,Fragile and Conflict-affected Situation,Fragile and Conflict-affected Situation,High Institutional and Social Fragility,Fragile and Conflict-affected Situation,Institutional and Social Fragility,"",Americas,Latin America and the Caribbean,South America,Latin America and the Caribbean,"","","","","",Latin America and the Caribbean,Latin America and the Caribbean,South America,Latin America and the Caribbean,"","","","","",Non conflict,Latin America and Caribbean,"","","","","",Latin America and Caribbean,"",Upper middle income,Low and middle income,Latin American and Caribbean Group (GRULAC),"","",Latin America and Caribbean,Humanitarian,High burden,Fragile,Latin America and the Caribbean,Latin America and Caribbean,LiST,"",LiSTSBR,"","","","","","","","","","","",ECLAC_All countries,"","",ECLAC_Latin America,"","","","","","","",ESCAP_Latin America (LAC),"","","","","","","","","","","","","","","","","","",119951,126061,132617,138880,144789,150561,156359,162731,168625,172547,175068,178475,182180,185704,188960,192115,195192,198186,201081,203820,206511,209213,212514,216680,220938,225760,231021,236208,241102,245719,249433,252738,255384,258543,262178,266083,272962,277597,280926,283337,285524,287307,288029,288221,288005,288148,289181,290522,292060,293981,295468,296623,297903,298823,299916,301576,302645,302757,302391,302604,302650,301908,300984,299920,298659,297269,295594,290396,276056,252947,236473,228651,221930,229413,237602,245833,253050,259111,263899,267461,269753,270164,270185,270048,268499,266374,265029,261983,258501,255599,252164,248785,245185,242235,240993,239490,237642,235947,234182,231986,230075,229121,227756,226914,226274,225810,224851,223804,223329,222634,221654,220874,219765,218641,217173,216201,214771,213339,211404,209614,207659,206046,204170,202471,200497,198820,197450,195969,193532,191965,190712,189185,188376,187248,186198,185318,184068,183378,182556,181294,180188,179177,178156,177837,176270,175111,173286,171773,170458,169223,399346,418145,438119,460752,484383,508197,532262,555654,579066,602703,625109,644626,661220,675737,689588,704115,718786,732828,746385,759631,772574,785167,797464,809885,823339,838265,854941,873548,893391,913866,934439,953932,971585,987147,1000877,1013986,1027474,1043652,1062675,1081927,1100113,1114913,1125882,1134249,1140168,1143756,1145368,1146515,1148582,1152135,1157473,1163858,1170243,1176338,1181680,1186170,1190649,1195135,1198909,1201434,1202478,1202425,1201582,1200145,1197778,1194019,1189022,1178560,1153198,1107746,1058038,1008455,956801,929139,918153,925196,943815,969772,997247,1021661,1042126,1057893,1068537,1074368,1076744,1076015,1072616,1067695,1060713,1051352,1040858,1028943,1015882,1002742,989517,977534,967699,959618,952990,946549,939366,931852,924774,918285,912714,908514,905115,902103,899143,896147,893116,889942,886933,883685,879860,875594,871006,866171,861010,855450,849206,842292,835074,827832,820681,813558,806378,799465,792927,786184,779269,772516,765775,759950,755177,750602,746489,742417,738340,734650,730806,726848,722806,718474,714624,710972,706933,702404,696791,690811
Samoa,Samoa,91,WSM,882,WTS,Oceania,Oceania,"","","",SIDS,East Asia and Pacific,Programme countries,"","",Western Pacific,East Asia and Pacific,East Asia and Pacific (excluding high-income),Middle income,Lower middle income,Low and middle income,Oceania,"",Excluding least developed countries,Excluding China,"","","","","","","","",Non-fragile,Non-fragile,Non-fragile,Non-fragile,Non-fragile,Non-fragile,"",Non-fragile,non-FCS,non-FCS,"",non-FCS,"","",Oceania,Polynesia,"",Oceania,Oceania (exc. Australia and New Zealand),"",Small island developing States,South Eastern Asia and Oceania (excl. Australia and New Zealand),"",Oceania (exc. Australia and New Zealand),Oceania,Polynesia,Oceania,"",Small island developing States (SIDS),"","","",Non conflict,East Asia and Pacific,"","","","","",East Asia and Pacific,"",Upper middle income,Low and middle income,Asia-Pacific Group,"","",East Asia and the Pacific,Non-humanitarian,Non-high burden,"",East Asia and Pacific,East Asia and Pacific,LiST,LiSTSBR,LiSTSBR,EAPR Program Countries,EAPR Program Countries (excluding China),Pacific Program Countries,Pacific Program Countries (excluding PNG),EAPR Countries,EAPR Countries (excluding China),Pacific Countries,Pacific Countries (excluding PNG),"","","","","","","",ESCAP_ADB Group A (ADB_DMC_A),ESCAP_Pacific island developing economies (PIDE),"","","","",ESCAP_PACIFIC (PAC),ESCAP_All countries,ESCAP_ADB Developing member countries (ADB_DMC),"","","","","","","","","","","","",ESCAP_Countries with Special Needs,ESCAP_Small Islands Developing States,ESCAP_WB Lower Middle Income Economies,"","",2129,2188,2244,2298,2351,2399,2446,2500,2547,2606,2653,2698,2739,2768,2786,2802,2821,2834,2855,2882,2895,2890,2884,2878,2876,2884,2879,2862,2882,2890,2882,2883,2894,2904,2895,2893,2887,2858,2848,2816,2792,2771,2808,2854,2900,2925,2939,2939,2940,2934,2929,2909,2879,2861,2845,2831,2819,2827,2883,2947,3017,3072,3103,3102,3094,3080,3061,3051,3043,3036,3041,3053,3074,3075,3074,3073,3094,3095,3115,3139,3169,3196,3226,3258,3294,3328,3361,3396,3424,3455,3481,3494,3498,3517,3536,3550,3553,3548,3544,3542,3526,3526,3518,3508,3509,3510,3508,3499,3499,3497,3503,3511,3497,3482,3486,3477,3477,3473,3463,3464,3462,3440,3426,3417,3409,3402,3374,3355,3329,3302,3282,3265,3253,3239,3222,3191,3168,3141,3123,3101,3075,3062,3044,3037,3014,2987,2962,2943,2926,2896,7169,7378,7607,7797,7989,8197,8397,8631,9049,9369,9644,9887,10128,10327,10496,10643,10788,10924,10919,10931,10977,11055,11131,11184,11206,11186,11143,11066,10984,10935,10879,10819,10748,10603,10478,10365,10307,10346,10396,10356,10256,10171,10200,10492,10791,11083,11298,11438,11544,11604,11625,11624,11598,11406,11232,11093,10991,10944,11015,11101,11230,11413,11643,11898,12100,12222,12259,12241,12193,12143,12100,12091,12096,12096,12108,12123,12135,12151,12172,12205,12262,12334,12425,12535,12652,12776,12905,13040,13177,13310,13439,13562,13669,13754,13819,13878,13935,13990,14032,14050,14049,14029,14005,13982,13951,13927,13914,13902,13894,13885,13874,13864,13872,13876,13866,13850,13822,13796,13784,13768,13750,13736,13711,13675,13634,13583,13539,13494,13435,13363,13271,13174,13084,13002,12936,12876,12808,12728,12635,12536,12443,12351,12265,12188,12118,12058,11989,11909,11820,11729
Yemen,Yemen,49,YEM,887,YMN,Western Asia,Western Asia,"",Least developed countries,"","",Middle East and North Africa,Programme countries,MENAEMRO,"",Eastern Mediterranean,Middle East and North Africa,Middle East and North Africa (excluding high-income),Low income,Low income,Low and middle income,Asia,"",Least developed countries,Excluding China,OIC,Arab,OIC Lower middle income,OIC Middle income,Countdown,"","","",Fragile,Fragile,Fragile,Fragile,Fragile,Fragile,Extremely Fragile,Fragile,Fragile and Conflict-affected Situation,Fragile and Conflict-affected Situation,High-intensity Conflict,Fragile and Conflict-affected Situation,Conflict,USAID,Asia,Western Asia,"",Northern Africa and Western Asia,Western Asia,Least developed countries,"","","",Northern Africa and Western Asia,Asia,Western Asia,"Western Asia (exc. Armenia, Azerbaijan, Cyprus, Israel and Georgia)",Least Developed Countries (LDCs),"","","",Global Strategy,Conflict,Middle East and North Africa,"",Middle East and North Africa,"",Low income,Low and middle income,Middle East and North Africa,"",Low income,Low and middle income,Asia-Pacific Group,"",GAVI,Middle East and North Africa,Humanitarian,High burden,Fragile,Middle East and North Africa,Middle East and North Africa,LiST,"",LiSTSBR,"","","","","","","","","","","","","","","","","","","","","","",ESCAP_Other Area (OTH_REGION),"","","","","","","","","","","","","","","","",ESCWA_Arab countries,ESCWA_Arab LDCs subregion,99956,99808,101609,103786,106000,108166,110477,112695,115443,118541,121817,125332,128561,131781,135884,140056,144503,149129,153393,157513,162404,167701,173244,178417,183865,190628,197557,204949,212150,221745,231156,239641,248455,257840,266791,276242,285824,295265,305022,313980,322947,332051,341032,349608,355206,358358,351326,351486,354241,360429,364742,366620,370896,379439,387282,395096,405549,413089,420850,428062,435882,444831,453180,461837,470173,476414,480980,484325,489692,493956,497762,497517,497077,498786,502623,502771,505510,506710,509358,512003,513959,515995,519231,519738,521388,522485,525441,525860,528461,530472,534436,533945,534960,538227,537608,537648,537546,536343,534214,534316,535189,533946,533461,530145,527763,527144,526938,527211,526394,522905,523604,521394,519061,517252,513708,512537,511620,509901,508920,506597,504521,504732,502627,501169,498011,498166,495641,492416,489948,487955,485864,485358,483245,479275,477547,475475,474091,470851,469820,467600,464310,461282,458201,456200,452253,449740,447399,445048,441018,439286,299070,298309,295216,294089,295469,299823,306437,313432,320894,329235,338785,349477,361127,373033,385324,398836,413470,429457,447079,465702,484846,504555,524924,546203,568465,591434,615785,641899,670083,700348,733207,768998,806129,844728,883953,922562,961649,1001215,1040417,1079585,1118574,1156783,1194681,1231854,1268271,1302133,1329449,1343827,1347429,1348843,1352431,1365636,1384164,1402735,1423673,1447647,1477961,1514762,1552438,1588292,1623158,1655282,1686593,1718773,1751506,1784540,1815586,1843274,1866329,1885621,1903441,1918920,1931307,1940794,1947742,1955092,1962932,1972148,1981675,1989569,1998447,2008110,2017608,2027947,2037229,2045313,2052942,2059978,2066900,2074282,2082577,2091769,2100855,2108500,2116168,2121939,2125670,2129355,2129847,2127397,2124535,2122297,2120497,2119526,2117436,2111733,2105004,2098895,2094863,2093446,2090974,2087519,2083293,2076934,2070898,2063393,2054268,2046653,2039675,2034063,2029064,2022721,2016929,2011518,2005922,2000220,1993898,1987375,1979679,1971495,1962559,1952759,1944738,1938208,1930651,1922292,1913342,1903988,1895449,1887601,1879986,1871242,1861672,1851177,1839761,1828180,1816523,1805529,1794685,1783588
Zambia,Zambia,14,ZMB,894,ZAM,Sub-Saharan Africa,Sub-Saharan Africa,South Africa,Least developed countries,"",LLDC,Eastern and Southern Africa,Programme countries,"","",Africa,Sub-Saharan Africa,Sub-Saharan Africa (excluding high-income),Low income,Low income,Low and middle income,Africa,Sub-Saharan Africa,Least developed countries,Excluding China,"","","","",Countdown,Southern Africa,Africa,Southern Africa,Non-fragile,Non-fragile,Non-fragile,Non-fragile,Non-fragile,Fragile,Other Fragile,Non-fragile,non-FCS,non-FCS,"",non-FCS,"",USAID,Africa,Eastern Africa,"",Sub-Saharan Africa,"",Least developed countries,Landlocked developing countries,"","",Sub-Saharan Africa,Sub-Saharan Africa,Eastern Africa,Sub-Saharan Africa (inc. Sudan),Least Developed Countries (LDCs),Landlocked developing countries (LLDCs),"","",Global Strategy,Non conflict,Sub-Saharan Africa,Eastern and Southern Africa,Sub-Saharan Africa,Eastern and Southern Africa,Lower middle income,Low and middle income,Sub-Saharan Africa,Eastern and Southern Africa,Lower middle income,Low and middle income,African Group,"",GAVI,Eastern and Southern Africa,Non-humanitarian,High burden,"",Eastern and Southern Africa,Eastern and Southern Africa,LiST,"",LiSTSBR,"","","","","","","","","","",ECA_Southern Africa,ECA_All countries,"","","","","","","","","","",ESCAP_Africa (AFR),ECA_African Union Commission,"",ECA_SADC,"",ECA_COMESA,ECA_Land-locked countries,ECA_Land-locked LDCs,ECA_Non-Oil Producing,ECA_Least developed countries,ECA_Mineral-rich countries,ECA_Non-Oil LDCs,"",ECA_Sub-Saharan Africa,"","","","","",50452,52105,53763,55555,57445,59439,61543,63755,66073,68489,70978,73521,76076,78616,81110,83654,86251,88934,91850,95008,98237,101085,103987,106923,109773,113162,116286,119268,122095,124791,126985,130350,134555,138961,143152,147579,151856,155690,159339,163397,166868,170794,174767,179193,183993,188633,192727,196627,201044,205761,210572,214654,219687,225528,233160,241137,249137,255869,262733,269273,275666,281341,285658,289448,292526,296025,300790,305163,309669,314219,319317,324859,330864,336793,341403,345500,350913,357299,361484,366156,371056,374789,380144,384391,387492,390688,394354,398833,403160,407410,408547,411496,415130,418296,421829,425834,429430,432347,435233,435890,438295,439772,445028,446889,448792,451592,452952,455530,456800,458392,460197,460174,460971,463201,466518,467494,468278,469632,472489,470774,469840,470029,472669,474871,475677,474468,473636,474703,471845,473717,473601,474687,474350,475000,474372,473486,474642,474213,474794,471082,469923,469067,467012,466269,466125,466986,466334,463347,463187,460369,164539,168300,172568,178034,184621,191321,198273,205683,213497,221719,230334,239316,248611,258129,267706,277276,286817,296315,305885,315791,326258,337247,348843,360767,372800,384617,396552,408594,420330,431824,442682,452638,462690,473984,486417,500148,514797,529478,543506,557012,570311,583219,596219,609988,624590,640732,658112,675880,693494,710570,728066,746950,767545,789008,812274,837833,867342,899513,932711,964685,995010,1023121,1049488,1073820,1095555,1114236,1130310,1145885,1161782,1178426,1196560,1215714,1236228,1257910,1280270,1301744,1321473,1340535,1360184,1380325,1400762,1421191,1439765,1457849,1476472,1493677,1509777,1524790,1539176,1554546,1571056,1586481,1599735,1612109,1623631,1636053,1650292,1664792,1679073,1692870,1704452,1713796,1722007,1730958,1741846,1752817,1764246,1774145,1782472,1791101,1798643,1805927,1812028,1816555,1821399,1827415,1834684,1842320,1849384,1855784,1860518,1862994,1864147,1864706,1867429,1873025,1878432,1881135,1881592,1879651,1877681,1877827,1878114,1879786,1882006,1883188,1883109,1882904,1882925,1882990,1882139,1878539,1873752,1867404,1861429,1857624,1855089,1854128,1852479,1849626
