"Country.Name","ISO.Code","Quantile","Indicator","Subgroup","X1931.5","X1932.5","X1933.5","X1934.5","X1935.5","X1936.5","X1937.5","X1938.5","X1939.5","X1940.5","X1941.5","X1942.5","X1943.5","X1944.5","X1945.5","X1946.5","X1947.5","X1948.5","X1949.5","X1950.5","X1951.5","X1952.5","X1953.5","X1954.5","X1955.5","X1956.5","X1957.5","X1958.5","X1959.5","X1960.5","X1961.5","X1962.5","X1963.5","X1964.5","X1965.5","X1966.5","X1967.5","X1968.5","X1969.5","X1970.5","X1971.5","X1972.5","X1973.5","X1974.5","X1975.5","X1976.5","X1977.5","X1978.5","X1979.5","X1980.5","X1981.5","X1982.5","X1983.5","X1984.5","X1985.5","X1986.5","X1987.5","X1988.5","X1989.5","X1990.5","X1991.5","X1992.5","X1993.5","X1994.5","X1995.5","X1996.5","X1997.5","X1998.5","X1999.5","X2000.5","X2001.5","X2002.5","X2003.5","X2004.5","X2005.5","X2006.5","X2007.5","X2008.5","X2009.5","X2010.5","X2011.5","X2012.5","X2013.5","X2014.5","X2015.5","X2016.5","X2017.5","X2018.5","X2019.5","X2020.5","X2021.5","X2022.5","X2023.5","X2024.5"
"Afghanistan","AFG","Lower","female 5q15","female",,,,,,,,,,,,,,,,,,,,,,,,,,,,,,,,,,,,,,,,,,,,,,,,,,,,,,,,,,,,15.5533128499618,14.6227680357228,13.6142629783314,11.4643600480601,10.849022726733,10.1160358607242,9.41786515929379,8.78594305212897,8.13119978667277,7.22886686337787,6.59272885344623,6.00514757454887,5.42270050943357,5.0626727183396,4.76905116764773,4.63572911309601,4.57781022434445,4.61262845733897,4.76508866340072,5.23620604039517,5.92285259433527,6.72125703337165,7.77531230648953,8.60605417592246,9.64005209367338,10.1573233404579,10.2919713201323,9.86258449716926,9.50258738350664,9.05301373414316,8.53286563844629,8.08468110947487,7.28991367630697,6.82176613042127,6.38465789976931
"Afghanistan","AFG","Median","female 5q15","female",,,,,,,,,,,,,,,,,,,,,,,,,,,,,,,,,,,,,,,,,,30.8103020335126,31.1714635919043,31.4520293688808,31.6686595622684,31.7632506746647,31.8900372704014,31.7636758534377,31.4252093902994,31.054796369735,30.389688552059,29.661835265397,28.7666763118868,27.842938973718,26.9032130404483,25.7812046641193,24.6138916197884,23.4401773932134,22.1062906102216,23.2985852880897,21.8291263571533,20.0984696350739,16.7660895515198,15.6033024482635,14.3292181714341,13.1672751340075,12.1633927895212,11.1208853078261,9.74192445882986,8.76113496225379,7.83014973299137,6.98871291198579,6.46152577038115,6.08928794641109,5.89181386599934,5.85888622803158,5.93598250727834,6.20684188081547,6.8923370154942,7.88027135908959,9.04536311961277,10.6067132532418,11.914237416162,13.6352103274693,14.7589257683946,15.2666452521173,14.8931214073774,14.7042036945378,14.4209221647133,14.0200648640981,13.6588388298878,12.7199542310284,12.2349358296084,11.8002605936896
"Afghanistan","AFG","Upper","female 5q15","female",,,,,,,,,,,,,,,,,,,,,,,,,,,,,,,,,,,,,,,,,,,,,,,,,,,,,,,,,,,,32.0520352161346,29.7854468289002,27.2627421261172,22.5570548476866,20.8243598363583,19.0738683227061,17.3139704129949,15.8685073707375,14.4016207839592,12.5368815507408,11.2009685440367,9.96132808385972,8.85912495765969,8.1597683397461,7.6733135474704,7.40317027108611,7.43065052785228,7.55841214601928,7.99979091245521,8.96574703144219,10.3358713177238,12.0523059296977,14.338349918737,16.3944201350747,19.0709424066839,21.0692870250444,22.1562801621403,21.9818503244533,22.0288247109912,21.8907834955065,21.5453601368709,21.4288585103602,20.3007952233603,19.8308165793962,19.5688712240971
"Albania","ALB","Lower","female 5q15","female",,,,,,,,,,,,,,,,,,,,,,,,,,,,,,,,,,,,,,,,,,,,,,,,,,,,,,,,,,,,1.69904736845888,1.78590144788038,1.85816944427583,1.91871111564993,1.93791259146484,2.0094096390779,2.04552028339424,2.32124979003177,2.07076993114347,1.98975066747187,1.83965761528083,1.71598573866033,1.56490441351597,1.46822865308649,1.42041112493689,1.40788998133621,1.42044910259794,1.4462094340255,1.49856233260253,1.55097410723973,1.6035440496329,1.64837920001197,1.67430927354527,1.64763211135371,1.57819005585766,1.48738469960193,1.40716976099132,1.31202751695547,1.23378956993933,1.1451117320143,1.06592088453477,0.996721612573476,1.01047849490802,0.951421538195714,0.819214527049182
"Albania","ALB","Median","female 5q15","female",,,,,,,,,,,,,,,,,,,,,,,,,,,,,,,,,,,,,,,,,,,,,,,,,,,,,,,,,,1.63700622652671,1.77080742009867,1.89580327116922,1.9789237325407,2.05181674645977,2.11226192073258,2.14282331898862,2.21461287261286,2.25382370378856,2.57236042143351,2.28117760251316,2.19089514134089,2.04122511964758,1.91531817670246,1.77804308407012,1.70153066439936,1.67267241658787,1.67129643419461,1.69371223024398,1.7341345152282,1.78447775250248,1.83269458637336,1.8767867499993,1.90131730042828,1.89586034499774,1.8496785556859,1.76195536662318,1.66499006001822,1.58067423846447,1.48089676926431,1.41109619405114,1.33808689582214,1.28440300548435,1.23726272887088,1.29585968336396,1.26662721606564,1.12781658442736
"Albania","ALB","Upper","female 5q15","female",,,,,,,,,,,,,,,,,,,,,,,,,,,,,,,,,,,,,,,,,,,,,,,,,,,,,,,,,,,,2.11210471166618,2.18351729630348,2.25986408211579,2.32535528469183,2.35966660091703,2.43815046614443,2.48420562798683,2.84868412776775,2.50267850407095,2.40531596283628,2.2550051772377,2.13337290140518,2.00773626337614,1.9555007519832,1.94346675946395,1.9636544562009,2.00534194222437,2.05428483789244,2.10792459101439,2.15068553944301,2.16984659189932,2.17414242397959,2.13415351908255,2.0645872835034,1.96292998348244,1.85727707720967,1.76500073033807,1.67140806450392,1.60762417964236,1.54991342377886,1.52523408324986,1.50792134877929,1.61711721769082,1.62560834515493,1.47883290935786
"Algeria","DZA","Lower","female 5q15","female",,,,,,,,,,,,,,,,,,,,,,,,,,,,,,,,,,,,,,,,,,,,,,,,,,,,,,,,,,,,3.19904031713586,3.12333738012877,3.06134066515167,3.03310097112856,3.05183204158228,3.00633924766771,2.95175281680633,2.91140958375915,2.85362506683608,2.78567371960786,2.79261134302642,2.77372624399713,2.68591347702127,2.53619710079188,2.30178801635396,2.1554879024456,2.04793108912023,2.09191449670633,2.1465797031579,2.05667077218371,2.05905563961604,1.96709366840413,1.9548872710716,2.01709768523856,2.08168895760387,1.99465706482147,1.96707353544146,1.93669311180105,1.92720848766903,1.89489945598166,1.73760337986217,1.63193272354073,1.58543229038584,1.58692185268893,1.53364211425796
"Algeria","DZA","Median","female 5q15","female",,,,,,,,,,,,,,,,,,,,,,,,,,,,,,,,,,,,,,,23.6442534409598,21.8456635983368,20.0370538664374,18.1651879205342,16.1961785310213,14.385457961141,12.6950773273612,11.2111829027271,9.84845138844649,8.52197757899435,7.23584489349934,6.24250539411623,5.50315302700127,5.03630740193861,4.72878111583485,4.49298444403222,4.33074499575792,4.23607535274806,4.04576011782856,3.90420785828437,3.80310854714232,3.73883922718363,3.68878183553936,3.64430333385493,3.60447846628506,3.59804911922592,3.52998367314564,3.41355541721214,3.3177417380322,3.18886217633843,3.02762755961183,2.91616842250487,2.8823540664392,2.79061476905201,2.63108565995951,2.39847822140919,2.2452284943518,2.13613697887914,2.18011624367257,2.23397695946292,2.14519195018036,2.14904693692084,2.05613865749926,2.04129668481423,2.10595808118593,2.17832804498438,2.12345323109339,2.06064396752104,2.02689893116653,2.01413181865706,1.98266920078688,1.82981430889172,1.76474392985783,1.72056302660422,1.69735196419635,1.71712550290555
"Algeria","DZA","Upper","female 5q15","female",,,,,,,,,,,,,,,,,,,,,,,,,,,,,,,,,,,,,,,,,,,,,,,,,,,,,,,,,,,,4.32558953657094,4.29024299619477,4.27143573840529,4.2192227591768,4.19274112775575,4.07056557341253,3.90701630065468,3.73881346323045,3.55057016269705,3.29207096650703,3.04496841109849,2.99895910988108,2.90040451998183,2.72814015739734,2.49672872545797,2.34046787700141,2.22853714305947,2.26931585829701,2.32558652204521,2.23468241025543,2.23889308829539,2.14340241229094,2.13164087361333,2.19781902919388,2.28123834852089,2.25624844939082,2.15810496456363,2.12057572999957,2.10274897826178,2.07066353679509,1.92591034653016,1.90048722788886,1.85990006878934,1.81052549491956,1.90588023947889
"Andorra","AND","Lower","female 5q15","female",,,,,,,,,,,,,,,,,,,,,,,,,,,,,,,,,,,,,,,,,,,,,,,,,,,,,,,,,,,,1.56048287130829,1.49801440757279,1.43915035076779,1.38605796094997,1.32945806853227,1.27069494479611,1.22491235996479,1.18478975407233,1.14848833658053,1.11154418771329,1.06836481407382,1.03216608762544,0.985230371889436,0.941882665261646,0.913185075493865,0.881329855208811,0.84696024113444,0.816946713577946,0.784384995803103,0.75278186174142,0.715912216982426,0.682960804196687,0.653984613689009,0.626338597255277,0.61170873873537,0.586940033788799,0.565568457600734,0.549962209208584,0.535489975983574,0.517025910903164,0.502191546391005,0.485534311800376,0.467539790514853,0.455722657901908,0.444353804737457
"Andorra","AND","Median","female 5q15","female",,,,,,,,,,,,,,,,,,,,,,,,,,,,,,,,,,,,,,,,,,,,,,,,,,,,,,,,,,,,2.14260656462914,2.05714949852189,1.97905692133103,1.91727801781466,1.83466579441195,1.76596960369474,1.70665532350695,1.65679018960678,1.6003946809936,1.55213242192533,1.50054259999739,1.45474188253831,1.40050539354363,1.35068875555716,1.30995031196039,1.26437167797677,1.22932191594196,1.18828128990656,1.14418422458647,1.10493590219335,1.06222751220726,1.02712401912326,0.990036200046349,0.954942580659359,0.930085287302204,0.898359537861894,0.874082543646696,0.85410439799394,0.835074580516793,0.812592271751066,0.796830551568967,0.776977801624044,0.757881054549932,0.740311049826849,0.727876211448494
"Andorra","AND","Upper","female 5q15","female",,,,,,,,,,,,,,,,,,,,,,,,,,,,,,,,,,,,,,,,,,,,,,,,,,,,,,,,,,,,2.90623519431962,2.7951902626743,2.67706661463629,2.60870573806851,2.49339095688383,2.41241561365495,2.34557830417276,2.27708890357896,2.2073201604078,2.1464257453681,2.08508827713322,2.02225789834982,1.94161108905958,1.87596702927302,1.82892413297962,1.77185947036152,1.72073900884931,1.67271849842183,1.62468989843066,1.57872137854103,1.53052804898918,1.48456964541676,1.4303904660905,1.39588268558235,1.35652689622332,1.31403066837469,1.28683783045644,1.27034995464898,1.23922364205999,1.21517873206147,1.19694542011091,1.17311428914711,1.15207746127642,1.13484422575258,1.11976015070002
"Angola","AGO","Lower","female 5q15","female",,,,,,,,,,,,,,,,,,,,,,,,,,,,,,,,,,,,,,,,,,,,,,,,,,,,,,,,,,,,23.1625260423693,22.1310796673967,23.1744172594085,22.4043363411816,21.6461749298654,21.2682836100619,21.1125999374997,20.9028013355176,21.2302709636384,20.4020634472616,20.2050810776835,19.4281017625277,18.8496825850543,17.3155242178368,16.3410122594583,15.2723450158481,14.1783224882515,13.0977718804302,11.9615929086418,11.0481230585421,10.2067114289021,9.49644337347125,8.8424476191043,8.29618632291143,7.81705546935636,7.42691960914232,7.11833573834889,6.81319701370573,6.57878818149671,6.37169294016142,6.17034968263415,6.00785951421367,5.70637220312428,5.52041830127689,5.24566886321059
"Angola","AGO","Median","female 5q15","female",,,,,,,,,,,,,,,,,,,,,,,,,,,,,,,,,,,,,,,,,,,,,,,,,,,,,,,,,,,,31.0366169450662,29.6969251030845,31.0512410985584,30.0632464096797,29.0873721064557,28.5063468359446,28.3072108548154,27.9906258156575,28.484549179161,27.503597102325,27.2057215735463,26.1164252729192,25.4422505564767,23.4664160237974,22.1580651140199,20.72886073301,19.2562881375613,17.796633792122,16.4289636296149,15.2123165714281,14.1126045030342,13.1823172229898,12.3334125093938,11.6718539225333,11.0862855735362,10.6082206534115,10.2271750195889,9.83951925278314,9.58456704115392,9.36252754213475,9.1405551742343,8.93005815954017,8.6000404355035,8.33437514174048,7.97870720507792
"Angola","AGO","Upper","female 5q15","female",,,,,,,,,,,,,,,,,,,,,,,,,,,,,,,,,,,,,,,,,,,,,,,,,,,,,,,,,,,,40.7203653086761,38.8367494343857,40.6188780472265,39.3644727876129,38.1028125244516,37.4627388506029,37.2075245854874,36.7424800333501,37.3715051314624,36.1936395902983,35.8428663627023,34.3081421648215,33.4437160019862,30.7845857628939,29.2151830034282,27.3185366940236,25.4894468803206,23.6602933477791,21.8817915357525,20.2954105527173,18.9534063274433,17.6997981394333,16.7011941279187,15.8645792815551,15.1286234544881,14.6039014033032,14.1856436666615,13.7373514968995,13.4600911508962,13.19057975106,12.9680951375354,12.744306155865,12.3467087489899,12.0378727930599,11.6375497566607
"Anguilla","AIA","Lower","female 5q15","female",,,,,,,,,,,,,,,,,,,,,,,,,,,,,,,,,,,,,,,,,,,,,,,,,,,,,,,,,,,,1.89156485610627,1.84974283671541,1.80778990945152,1.76969148215764,1.71848886601127,1.68880748292811,1.64626975095627,1.60110451407217,1.55933283178551,1.52343083264008,1.48694062298911,1.45464027626985,1.42492365798199,1.40034653635284,1.38335585835624,1.34077272863665,1.30345929067285,1.27618424781822,1.24895310657085,1.21920770593179,1.20147059495946,1.17613555272125,1.1490985693001,1.13543445448478,1.11074449851667,1.07453802304917,1.04324283124896,1.02100558045349,1.00199072068448,0.978862817685448,0.962756605775743,0.935877704178404,0.924234310865026,0.900498946556184,0.876654300424571
"Anguilla","AIA","Median","female 5q15","female",,,,,,,,,,,,,,,,,,,,,,,,,,,,,,,,,,,,,,,,,,,,,,,,,,,,,,,,,,,,2.59846679666725,2.53634273243222,2.47896513590697,2.42653951695124,2.37794613786603,2.31901558709032,2.2608691999921,2.20885781636881,2.15310880320031,2.10555413824964,2.06990560311457,2.03099590909782,2.00196294753297,1.97286570274203,1.9454018008917,1.90669831013567,1.86542134542083,1.83122691062123,1.79872235457248,1.77407148239223,1.74700288312033,1.72376924797522,1.70241011789122,1.68026000709885,1.65235226996276,1.62194790027532,1.59310340194396,1.57970397619033,1.55536156640412,1.5293990527263,1.50609914922701,1.47835077784152,1.46495750568468,1.43713301277301,1.41269234600752
"Anguilla","AIA","Upper","female 5q15","female",,,,,,,,,,,,,,,,,,,,,,,,,,,,,,,,,,,,,,,,,,,,,,,,,,,,,,,,,,,,3.56939418111982,3.47223129270162,3.38470297406204,3.33295824808589,3.24577066943771,3.19005947334278,3.10521997375903,3.04017728730508,2.98006523171734,2.91490719933835,2.87891301670058,2.82470635640755,2.79855467823923,2.77634005714098,2.74574764018969,2.70193510959511,2.6435303282927,2.60380012361229,2.58139749341221,2.54648261389777,2.50316561410179,2.48244840211161,2.45442853584014,2.43394846080986,2.39915450346829,2.37669879241722,2.34708847437489,2.32044662669748,2.29183990593144,2.27942681485267,2.25431003325272,2.22862254220692,2.20601900864326,2.18450265605756,2.16501956345449
"Antigua & Barbuda","ATG","Lower","female 5q15","female",,,,,,,,,,,,,,,,,,,,,,,,,,,,,,,,,,,,,,,,,,,,,,,,,,,,,,,,,,,,0.971830337616214,1.09232177583117,1.21616564686413,1.33415123321189,1.46386710500325,1.58771703436085,1.69282083184275,1.77839730370174,1.84022949673012,1.87651231127707,1.88539043650163,1.85719944467405,1.82048722495455,1.77724633640309,1.74567604960604,1.70912650840548,1.67526860516105,1.63633695840899,1.5854269171958,1.54618085939323,1.48893953451728,1.42149113038332,1.35979356897724,1.28881475550209,1.20659208273414,1.12666988534344,1.0435491331518,0.953683275260611,0.872061028160886,0.78826045847574,0.712165862616507,0.647162400595959,0.596064989960335,0.560342090702764,0.528016297164064
"Antigua & Barbuda","ATG","Median","female 5q15","female",,,,,,,,,,,,,,,,,,,,,,,,,,,,,,,,,,,,,,,,,,,,,,,,,,,,,,,,,,,,1.7132008801507,1.80640330214082,1.91446463306511,2.01905017787393,2.13007986692318,2.23309601618504,2.33672513727,2.41497146758229,2.47709851499376,2.5038107055544,2.50105368551998,2.4724768891953,2.41821378111649,2.38368033921373,2.34482778723023,2.30393530487837,2.26313380436386,2.22203649053857,2.16820453198071,2.11932041774509,2.05723473949073,1.98150889577758,1.90666119125359,1.82288346067629,1.72960073053496,1.64369905166234,1.55677235471233,1.47397000503114,1.39037565005181,1.30594883969852,1.23389757846324,1.1722627544446,1.12304203642151,1.08971905953375,1.05784805514968
"Antigua & Barbuda","ATG","Upper","female 5q15","female",,,,,,,,,,,,,,,,,,,,,,,,,,,,,,,,,,,,,,,,,,,,,,,,,,,,,,,,,,,,2.62098004118663,2.701900361976,2.80525503928641,2.89434286814238,2.98602789595533,3.07823603155298,3.15227749757001,3.21539547188801,3.2436937638495,3.25443392509445,3.24308182596869,3.20889407434896,3.1477154478908,3.12086847325215,3.08431501131665,3.04637499407201,3.01576745275541,2.95586068996342,2.91377492657776,2.86315203741099,2.79667275433618,2.69863134587315,2.62481878308466,2.53710755463156,2.45323699791392,2.36372421310184,2.2769710894948,2.19937540609066,2.139731099631,2.07430393019353,2.01825312243026,1.97645998123477,1.93400409295409,1.91066089386412,1.88366685325707
"Argentina","ARG","Lower","female 5q15","female",,,,,,,,,,,,,,,,,,,,,,,,,,,,,,,,,,,,,,,,,,,,,,,,,,,,,,,,,,,,2.33452668904477,2.30695225117684,2.18913752506963,2.19490320037286,2.11834828521416,2.18789855211773,2.24572782078814,2.18630039592365,2.28854784299348,2.22921879936591,2.12553099165626,2.15067913644934,2.04252700161329,2.04671048170434,2.00324081471334,2.0236248070045,2.06222422897298,2.06522658297077,2.12030846670807,2.19426927048033,2.17909687195538,2.15906315312903,2.22425233818995,2.13860765367162,2.04766493527161,2.01242092029035,2.05473855876045,2.02341202933514,1.93020543284385,1.88231181753304,1.8503612003979,1.87514223400883,1.94570668164465,1.85158521697627,1.75645480343834
"Argentina","ARG","Median","female 5q15","female",,,,,,,,,,,,,,,,,,,,,,,,,,,,,,,,,,,,,,,,,,,,,,,,,,,,,,,,,,2.55387384002096,2.51644299322746,2.44356748154369,2.41051323885967,2.28490889101004,2.29290416216247,2.21742201101251,2.28800450757517,2.34480676983102,2.28594866586782,2.38909495322554,2.32994749541709,2.22214073870476,2.24651918333833,2.13458303793956,2.13848792173555,2.09838218618375,2.11717870675709,2.15460329462017,2.15860463160109,2.21333987970159,2.29110880383581,2.27899683725231,2.25317496409428,2.31665961943517,2.23503940570786,2.13980713709228,2.104697030271,2.14606396260362,2.11351690541924,2.0178944873797,1.96990248944293,1.94214293197144,1.96285691373306,2.04983337876886,2.03894275065785,2.01864498940184
"Argentina","ARG","Upper","female 5q15","female",,,,,,,,,,,,,,,,,,,,,,,,,,,,,,,,,,,,,,,,,,,,,,,,,,,,,,,,,,,,2.55473384930727,2.51880876913925,2.38715019534515,2.39364347874032,2.31927093219697,2.3880614247211,2.44515204762538,2.38777176673586,2.49290720687135,2.42999720494407,2.32293280403266,2.34620593440696,2.2314577293196,2.23655175589584,2.1954241779201,2.21477454521099,2.24867320982086,2.25375013846429,2.30863818851751,2.39087612658382,2.38189272406262,2.34984518718099,2.4178365904425,2.33548355620167,2.23641559539597,2.19874264274201,2.23882791776925,2.20601766795891,2.10879179144521,2.06381441722508,2.03351727812755,2.05208744008911,2.15585311429071,2.24676386819004,2.30823925906622
"Armenia","ARM","Lower","female 5q15","female",,,,,,,,,,,,,,,,,,,,,,,,,,,,,,,,,,,,,,,,,,,,,,,,,,,,,,,,,,,,1.29813621180696,1.29306377170012,1.58815508596461,1.87318190632722,1.85660042677744,1.5522081796139,1.25754337789573,1.07415456198372,0.917568208165392,0.817715629503966,0.745803610737715,0.711803051572862,0.715513435383973,0.717405679203081,0.743024442194538,0.789626832798409,0.838417674509677,0.88305483454746,0.945747306196511,1.02563312742528,1.06288112275171,1.00676390216014,0.9220980290113,0.907442811913385,1.00589577206968,1.1200617746592,1.17135451704605,1.14689890159915,1.04157299692582,0.924866626040889,0.848593746138462,0.878131124879573,0.92247984924098,0.826868098658397,0.622761488658865
"Armenia","ARM","Median","female 5q15","female",,,,,,,,,,,,,,,,,,,,,,,,,,,,,,,,,,,,,,,,,,,,,,,,,,,,,,,,,,2.96724215749309,1.92951482172532,1.46636366715791,1.47964981216677,1.82253998687638,2.13942101961901,2.10795349984648,1.75825566915048,1.42962835967554,1.22002702030409,1.04468060941637,0.92750892383571,0.849535106441179,0.812812888942588,0.814408331464828,0.823379090152366,0.851118344079747,0.903209034033106,0.956741012741651,1.00763883007529,1.0792197930189,1.16184523967151,1.2077272347734,1.15151867017269,1.06340492744014,1.05713096147598,1.1679616712175,1.3047994269711,1.37362495867854,1.35086475136169,1.23242227118642,1.10421990235336,1.02971040658946,1.06588592449885,1.13121669563559,1.03060537327339,0.808267053415926
"Armenia","ARM","Upper","female 5q15","female",,,,,,,,,,,,,,,,,,,,,,,,,,,,,,,,,,,,,,,,,,,,,,,,,,,,,,,,,,,,1.65114976867141,1.66852731862523,2.0644690472994,2.42344597070528,2.38554235159933,1.99005384175864,1.6267657313373,1.38193848207422,1.18355599670799,1.05165566879544,0.965691971788633,0.922603713445192,0.924578454234805,0.93773336805286,0.971636080017595,1.03121197768476,1.08492470607314,1.14069996516568,1.22142134896455,1.31495300969976,1.36677572989222,1.30830288374752,1.21848688953822,1.21913620976005,1.35599332708681,1.526739953959,1.6090164962467,1.58667052153852,1.44974716553562,1.31295708961804,1.23372988583005,1.28236606464724,1.37679863344719,1.27633315527327,1.03331443339582
"Australia","AUS","Lower","female 5q15","female",,,,,,,,,,,,,,,,,,,,,,,,,,,,,,,,,,,,,,,,,,,,,,,,,,,,,,,,,,,,1.76515422192608,1.62483424634242,1.56064061116136,1.50997201731416,1.4762628929779,1.52826413157467,1.5312957746965,1.60695227478833,1.679947071881,1.57672048067595,1.47023392337105,1.31444060693883,1.27570291625764,1.24399777262076,1.24106071001305,1.19117527587686,1.17689227120279,1.13428150667875,1.08651344090497,1.03666253464026,1.01905175923868,1.05222695920871,1.05675797232126,1.01279284264997,0.988244328553402,0.965288139625769,0.940746218891746,0.952798345641024,0.95480507905241,0.936848531277377,0.926222580085661,0.89328117291209,0.853150589931912,0.772894612446963,0.70664575637691
"Australia","AUS","Median","female 5q15","female",,,,,,,,,,,,,,,,,,,,,,,,,,,,,,,,,,,,,,,3.30960118174216,3.17480502195305,3.14258894133448,2.94582599423678,2.81372422292702,2.60174585060721,2.5694850465055,2.53347657792155,2.61792761515229,2.54855331415911,2.44406881704988,2.2854377197786,2.15653575808664,2.036886118705,2.00116576292038,2.10338817343139,2.08394200423779,2.07746340317139,2.09637319009731,1.98208098729788,1.92073533467103,1.87171780250584,1.72957121776529,1.66334984741388,1.60944031942733,1.57345098412143,1.63117694351456,1.6357294171738,1.71261115128015,1.78631497354546,1.6794278081541,1.56639693565754,1.40302424862755,1.36323522251102,1.32902271480101,1.32497876272336,1.27239045270962,1.25602031783698,1.2124701756546,1.16303042478059,1.1098315229081,1.09104386347387,1.12448512335375,1.12628288108003,1.08450013154015,1.05950221921661,1.03294311404833,1.00819592624264,1.02064477467526,1.02265742511888,1.00537273805384,0.995185660974403,0.964466740100356,0.924318028112728,0.851727677932821,0.805679883659066
"Australia","AUS","Upper","female 5q15","female",,,,,,,,,,,,,,,,,,,,,,,,,,,,,,,,,,,,,,,,,,,,,,,,,,,,,,,,,,,,1.98744577090018,1.8381122142308,1.77022454067871,1.7139149628112,1.67728244123645,1.73655230569643,1.74347678640099,1.82305627895266,1.89732772157309,1.78439056886643,1.66909181986687,1.50031704535429,1.45794115424607,1.41737711881637,1.41086225836482,1.35763887503844,1.33876140684761,1.29319544563125,1.24224473679708,1.18793597783786,1.16711886103758,1.20054417733491,1.19785846167211,1.1599001197437,1.13306401700338,1.10619126675404,1.07923710708928,1.09193911462287,1.09527348850708,1.07732494854695,1.0680934999301,1.03767034618507,0.999029186418068,0.933370470086368,0.911926998173083
"Austria","AUT","Lower","female 5q15","female",,,,,,,,,,,,,,,,,,,,,,,,,,,,,,,,,,,,,,,,,,,,,,,,,,,,,,,,,,,,1.57894928754259,1.59212096418345,1.6166635050001,1.62046882203242,1.6409289939394,1.56968063551664,1.50280012198655,1.45662434774501,1.4152343412278,1.41956225982723,1.40115314653286,1.40655751588308,1.4208131041472,1.44321851835951,1.40203735265256,1.32108016085536,1.25968810587173,1.21062693475699,1.17067083172764,1.08926918669594,1.02636062054096,0.982089361621225,0.924309314630914,0.874000501686196,0.835099058678121,0.810843481004665,0.803762005862966,0.79450355654509,0.796905388176232,0.814633792127482,0.858007072492949,0.890149075505554,0.945378058011871,0.981814469065409,0.991900253552734
"Austria","AUT","Median","female 5q15","female",,,,,,,,,,,,,,,,,,,,,,,,,,,,,,,,,,,,,,,3.66369857044426,3.43458206763014,3.24640187341695,3.21708487507082,3.03214341158561,2.87642447988266,2.71821398240855,2.63165985944757,2.59829516120358,2.63765915000904,2.57169757662046,2.55543242746452,2.50264519773647,2.40863702439079,2.32245120997854,2.13903274902739,2.03310273276771,1.96778051843827,1.85061587963214,1.738295036328,1.73069304798183,1.72057450622362,1.73777779703451,1.76319936805983,1.76677240701116,1.7890748097319,1.71026033827509,1.64123375052566,1.587748451448,1.54939548354543,1.5468652611816,1.52560936326169,1.5324518985896,1.55140583798318,1.57072341881902,1.52910639080597,1.44271357636083,1.37726614956473,1.32601616602031,1.28375792303329,1.20036293963278,1.13529026834281,1.08650605962792,1.02506155502387,0.972191691191888,0.929055594533669,0.901319346966684,0.893285483218964,0.883410454047286,0.886621770996997,0.904696080888064,0.953078570277357,0.989751434104239,1.05255509435361,1.10108956318729,1.13255804863159
"Austria","AUT","Upper","female 5q15","female",,,,,,,,,,,,,,,,,,,,,,,,,,,,,,,,,,,,,,,,,,,,,,,,,,,,,,,,,,,,1.87222042533518,1.89073171281659,1.92381124857735,1.92090433984867,1.93847336954945,1.86148317359546,1.79150701341047,1.73507333651231,1.69508737396457,1.68317711693939,1.66108663360696,1.66457697976572,1.68671981441991,1.70664545507975,1.66125519970503,1.57501143595234,1.50432002167897,1.45153474995694,1.40630094543175,1.31551592916866,1.24740122702518,1.18956677321145,1.12452903885383,1.07309175191456,1.02461910642383,0.995661007958727,0.984736528821423,0.977203833350597,0.979089149912846,1.00077989337471,1.05358051764855,1.09781918939045,1.17121018634164,1.23755517150764,1.29473468388629
"Azerbaijan","AZE","Lower","female 5q15","female",,,,,,,,,,,,,,,,,,,,,,,,,,,,,,,,,,,,,,,,,,,,,,,,,,,,,,,,,,,,1.58696670319851,2.68767536336114,5.86875451963129,8.75545520494677,7.21318306779827,3.85261983885454,2.31816522755538,1.8460305247997,1.9857758575808,2.23192837970354,2.17469512581471,1.9270306217064,1.74113245602766,1.75456812821122,1.83915505092288,1.83777657602581,1.7962100926839,1.67199428711564,1.59367390832661,1.53779862018037,1.52820467843347,1.58296148685178,1.63366863496984,1.66999394605792,1.63090492851156,1.56457079265501,1.49814525513862,1.47269478623588,1.4969820941453,1.58187381562856,1.86628274305345,1.7861857409666,1.82767177267319,1.60459114807679,1.41385847605898
"Azerbaijan","AZE","Median","female 5q15","female",,,,,,,,,,,,,,,,,,,,,,,,,,,,,,,,,,,,,,,,,,,,,,,,,,,,,,,,,,6.70392386622867,1.98292838529647,1.731517277004,2.92072600449557,6.43288693308266,9.55436721969149,7.84954372174007,4.14075460859992,2.50105558924881,2.01765337076803,2.1468886026917,2.40083886035525,2.33651693573321,2.06190766306382,1.86225928111451,1.87294829318328,1.96769252547467,1.96728922114827,1.92326736547037,1.79855180645962,1.73184499255489,1.65822152868748,1.64610727589821,1.70881366430125,1.7846256547006,1.82224604380645,1.8072749577184,1.74973653799136,1.67996666633022,1.63830326016794,1.6410228139729,1.72821582488866,2.05271096140308,1.94963041867346,1.99742501816794,1.78692007286339,1.63805340292704
"Azerbaijan","AZE","Upper","female 5q15","female",,,,,,,,,,,,,,,,,,,,,,,,,,,,,,,,,,,,,,,,,,,,,,,,,,,,,,,,,,,,1.87976520301339,3.16394722375628,7.02924860627676,10.3756239415702,8.53011575801101,4.4467126228154,2.69190244099908,2.18983545723269,2.30507618175162,2.57395236525085,2.49920436998979,2.20433304831875,1.98745233257403,1.99845325118079,2.10170977421739,2.1029160028008,2.0549504239072,1.93195544890297,1.88283312009755,1.78833625700589,1.77335186475483,1.84267900595372,1.94906034360358,1.98282311998027,1.9985466331506,1.9428646007392,1.8710334374302,1.82016816530648,1.79474920453751,1.88131618455077,2.24923491797358,2.11829490512025,2.17172709402527,1.97673953802922,1.87563531095126
"Bahamas","BHS","Lower","female 5q15","female",,,,,,,,,,,,,,,,,,,,,,,,,,,,,,,,,,,,,,,,,,,,,,,,,,,,,,,,,,,,1.89741035224902,2.04002407702484,2.194625597013,2.31938006734166,2.43317781965695,2.54322486486902,2.60685532194071,2.64612196577446,2.65149423262061,2.64805893063515,2.61288601118916,2.58296134313496,2.55129903873899,2.53372672040234,2.55914212509799,2.59594386930987,2.65362438360345,2.70929782699672,2.77609732428966,2.87759303227625,2.98177672945958,3.07299354307914,3.05359940312884,2.95449800046886,2.82709087321488,2.63878145685782,2.41755582733237,2.18239365614077,1.94572963319105,3.67753325284356,1.49193488754009,1.32441282665789,1.19841462107989,1.09545624741099,1.00845492933329
"Bahamas","BHS","Median","female 5q15","female",,,,,,,,,,,,,,,,,,,,,,,,,,,,,,,,,,,,,,,,,,,,,,,,,,,,,,,,,,,2.3454148816361,2.4853420116899,2.60802468704845,2.7446879819995,2.87718317587749,3.00100031670842,3.1229927747313,3.19991906922729,3.24040362520931,3.24662944218547,3.22556177222994,3.18309563542229,3.12912803795841,3.10198776901311,3.08904982802368,3.09414470932344,3.12987910131885,3.20174762940962,3.26844578263123,3.36671887395114,3.48332021231894,3.61054372218474,3.73363900952695,3.72686040813449,3.64889253603217,3.50325957395315,3.3074049093928,3.06929696323185,2.82459127114222,2.56382278178307,4.98306783729154,2.09870480617456,1.93369680885299,1.81357440271659,1.72096933877674,1.65226965262059
"Bahamas","BHS","Upper","female 5q15","female",,,,,,,,,,,,,,,,,,,,,,,,,,,,,,,,,,,,,,,,,,,,,,,,,,,,,,,,,,,,3.19658292917862,3.28368395177716,3.40016103739359,3.50964958385141,3.64191091223761,3.78497789902802,3.87374045888818,3.91206613867741,3.92380894033174,3.90295422048092,3.85730099990561,3.78072915245,3.72363738361185,3.70692815573532,3.71649743836978,3.75626298281874,3.83638966884032,3.93024024618467,4.05374736985428,4.18881011248412,4.33579728075508,4.46819664829249,4.48071640584586,4.41595121582546,4.29574840168947,4.085653921425,3.85517175272556,3.5917608263907,3.33183278341401,6.6737809057445,2.88861428746983,2.73801671291017,2.63319591811998,2.57672143998888,2.53452933458705
"Bahrain","BHR","Lower","female 5q15","female",,,,,,,,,,,,,,,,,,,,,,,,,,,,,,,,,,,,,,,,,,,,,,,,,,,,,,,,,,,,1.37266553593262,1.41846515165914,1.42376098904431,1.42909948534782,1.43700031144123,1.44675942927907,1.46205581019748,1.47004741504216,1.47454977967882,1.47452715030061,1.47874563869724,1.45804634463092,1.42994453249318,1.40966505590407,1.41250710978423,1.42164459322729,1.44945423300022,1.48548516597612,1.53391391123889,1.58345555414989,1.63354752013461,1.67592154399292,1.72959562300374,1.79005269455738,1.85201772064833,1.92197300722178,1.96403113584144,1.98641488465114,1.98286796948324,1.97413711650221,1.94822372056501,1.94323979840547,1.89064908652407,1.8066217800243,1.72658318127459
"Bahrain","BHR","Median","female 5q15","female",,,,,,,,,,,,,,,,,,,,,,,,,,,,,,,,,,,,,,,,,,,,,,,,,,,,,,,,,,1.62401625064325,1.67648303828624,1.7137435317087,1.75251902429106,1.7608932408977,1.75292373259454,1.7543565152861,1.76041773261217,1.76727818724521,1.77242430419803,1.77416061142094,1.77521416460964,1.77470582727001,1.75570340615793,1.71960545372907,1.69529076398588,1.6930536926229,1.69562075276145,1.72376065251847,1.75938856396826,1.80576912442722,1.85484007761215,1.9110840356598,1.95279745613716,2.00613990968956,2.06950866907132,2.13150511367629,2.20108685560555,2.24354153369834,2.26733225376253,2.26431045972903,2.26031393486066,2.24844974353802,2.26708554708727,2.23296473980162,2.14606619044779,2.09105148044505
"Bahrain","BHR","Upper","female 5q15","female",,,,,,,,,,,,,,,,,,,,,,,,,,,,,,,,,,,,,,,,,,,,,,,,,,,,,,,,,,,,2.12787705957581,2.14872171958951,2.14491273809896,2.13061270309574,2.12147372548938,2.11621947175861,2.1276510853981,2.12365900961217,2.11707530932804,2.11155475106441,2.1010356758701,2.08286995815696,2.03877776415288,2.01027529193742,1.99964752469799,1.99660950079675,2.02831948881411,2.06119577265292,2.11197261193089,2.16465703451676,2.21686855936373,2.25224552130146,2.30943295891114,2.37798039378128,2.43100074093882,2.50071409299398,2.54098720534305,2.55954836321479,2.56168777093656,2.56426993352509,2.56641990421088,2.63029832849445,2.62411883615806,2.54147439529287,2.52411213762672
"Bangladesh","BGD","Lower","female 5q15","female",,,,,,,,,,,,,,,,,,,,,,,,,,,,,,,,,,,,,,,,,,,,,,,,,,,,,,,,,,,,8.92337141462111,11.6999380249947,9.23765115238786,9.4037890522178,9.25149114545359,8.87556065361785,8.25654231524095,7.31777001369318,6.37269369202505,5.29202210621894,4.58041055205217,4.39799008131008,4.4918839814809,4.74172127177534,4.99113932860565,5.03584189074374,5.05988485076234,4.99984119634113,4.90647273390416,4.82555687647324,4.67374399121667,4.60536005875204,4.58039436419382,4.76881618740631,5.03177495652776,5.0998276171896,5.05226951151792,4.97620699242567,4.96821571432268,4.86398101146677,4.41019279621635,3.60457395945512,2.88840349353662,2.41592131502363,2.1091296784206
"Bangladesh","BGD","Median","female 5q15","female",,,,,,,,,,,,,,,,,,,,,,,,,,,,,,,,,10.9811593153236,11.0426585414057,10.8246739470382,10.5649610191309,10.3165146180822,10.077932053752,9.89859564584492,9.72144254609032,9.55104982963746,9.45103656252993,9.36749110633541,9.30642870710382,9.15291944290389,9.08644393534178,9.11207300015856,9.14031071028219,9.32508886892398,9.72861228150616,10.3948352836129,10.9292836538232,11.0751888609007,11.276230173781,11.3596183976624,11.0994512526382,10.8624341546647,10.6848137512643,10.5824857029491,10.6067278021467,13.796329882845,10.622909563167,10.6073662143622,10.481256723005,10.110411068887,9.27819834442831,8.13025462207061,7.04239051217458,6.02455132687426,5.35981241399871,5.12751834826251,5.15561549080402,5.31441527050718,5.49928067369397,5.54067637713203,5.60054463969015,5.54588873183058,5.40574978412842,5.27480449819199,5.17159770632753,5.17186511358458,5.17981254323558,5.33366531445256,5.55470430596514,5.65102850208264,5.69724290782979,5.67301919719443,5.71794374028675,5.70541560241349,5.53043756514417,5.20031443958474,5.01255268626207,4.83680023272497,4.67731162354662
"Bangladesh","BGD","Upper","female 5q15","female",,,,,,,,,,,,,,,,,,,,,,,,,,,,,,,,,,,,,,,,,,,,,,,,,,,,,,,,,,,,12.2348723480731,15.9032085812148,12.1479729476277,12.0389782413625,11.9289535339605,11.5730438442016,10.5997371829223,9.20390986705354,7.749753297641,6.77382426893785,6.27863926829566,5.99711996588512,5.87376161630292,5.8662875219405,6.05129876166333,6.19148730189976,6.29302946033826,6.24885209001582,6.01274189725429,5.782327841097,5.65303819089723,5.68248813094651,5.71497669569176,5.85249052709536,6.10240785092479,6.30955022092647,6.45587677631703,6.5106383478806,6.60488378644473,6.70491950564215,6.74918401527574,6.62949434957207,6.64110643753015,6.59747370915311,6.51639766986734
"Barbados","BRB","Lower","female 5q15","female",,,,,,,,,,,,,,,,,,,,,,,,,,,,,,,,,,,,,,,,,,,,,,,,,,,,,,,,,,,,2.2729248106083,2.15836454597959,2.05710005040594,1.96827030189003,1.88358889538446,1.80493734904629,1.743531052189,1.69935555147065,1.68543634389581,1.67827054747517,1.6996589946196,1.70822033278418,1.72522461648851,1.73406822592076,1.74023142858462,1.73170149233111,1.71077872846616,1.67937573201425,1.63640879850593,1.56790511111232,1.49686403923996,1.40753176249158,1.30607108580701,1.21619602771826,1.13567844370621,1.06381899776327,0.991191508845986,0.92404356708021,0.869023594583856,0.818758258552903,0.774277739727363,0.732542377391904,0.684928585000282,0.647724579705092,0.610558769635492
"Barbados","BRB","Median","female 5q15","female",,,,,,,,,,,,,,,,,,,,,,,,,,,,,,,,,,,,,,,,,,,,,,,,,,,,,,,,,,3.29016170895884,3.10719631961039,2.9072525455232,2.7178942243497,2.56170944427365,2.43890801647049,2.33618736427798,2.24957165052295,2.18198546490202,2.13995180885494,2.12954557939427,2.12778969252118,2.13888603641627,2.16730969979445,2.19463363870402,2.22126077739776,2.23100951188301,2.22559558054744,2.20352521223875,2.17153193604275,2.12550053276395,2.07048495609998,1.9997840899339,1.91959561479523,1.83149771524866,1.74983437899815,1.67659340438459,1.61386841332844,1.55995505056271,1.5086430707394,1.45785833485088,1.411874622219,1.37434284519079,1.33771507289677,1.29918705463062,1.25270698713929,1.21686496187832
"Barbados","BRB","Upper","female 5q15","female",,,,,,,,,,,,,,,,,,,,,,,,,,,,,,,,,,,,,,,,,,,,,,,,,,,,,,,,,,,,3.68346204680761,3.39525398979479,3.16960751087914,2.99912481242183,2.86615193554585,2.75860613503807,2.68743101205617,2.65080886627469,2.64539023425192,2.6463326707676,2.67687775934745,2.71314057506423,2.75779094774348,2.7860525130526,2.80799271042472,2.81497058499107,2.79856013150289,2.77216975304377,2.72981696807241,2.67889044336042,2.62810194886317,2.56007624826313,2.50522756398913,2.45654740464384,2.41441455122609,2.36950873344765,2.34246947371605,2.30351551607829,2.26788358990218,2.24789848325,2.21313599800272,2.18938735449658,2.17736564556427,2.14345620250071,2.13493760757397
"Belarus","BLR","Lower","female 5q15","female",,,,,,,,,,,,,,,,,,,,,,,,,,,,,,,,,,,,,,,,,,,,,,,,,,,,,,,,,,,,2.32075215662708,2.44562060785712,2.45038753809307,2.45896642933028,2.30970088565972,2.33370707385983,2.41693649547006,2.42536244247544,2.45387765742555,2.50529945861727,2.38864161686814,2.15636862444554,2.03940847479235,1.86675029986486,1.79502211566944,1.73180020104158,1.67476144315385,1.60042991261396,1.52045257450626,1.51331427559607,1.51210796907675,1.50219177865235,1.43529183217417,1.3321443097836,1.23321195480515,1.16525422378035,1.1107269204204,1.02979500625013,0.97070202386667,0.931115541702791,0.874034841278551,0.822572254802023,0.774526964333336,0.722515880440289,0.676031572406469
"Belarus","BLR","Median","female 5q15","female",,,,,,,,,,,,,,,,,,,,,,,,,,,,,,,,,,,,,,,3.09820652511429,2.75788553266308,2.46177424791105,2.24142056606474,2.12292608508437,2.09187541961296,2.09317619205027,2.09098102677973,2.06604895935393,2.10253434774796,2.11787802006838,2.11155949883012,2.09203119023176,2.13934596866252,2.14852396554569,2.07252111187716,2.01431316539881,1.97451351073691,2.02766572697475,2.18691989330223,2.3294892962601,2.48229601451649,2.61712030293573,2.61847625198658,2.62314480755609,2.4709018168845,2.49307274945007,2.58261516183985,2.59245881940932,2.62008383245017,2.6742630985074,2.55315311275656,2.30716836538735,2.18445663569118,2.00978579908684,1.9353227880832,1.86319301167354,1.80985238254406,1.72847591030621,1.6515036798484,1.64502739856169,1.64538080627547,1.63810419356981,1.56789171879941,1.46480489428737,1.35697772370399,1.28538725870995,1.22848774689716,1.14647472200829,1.09293129444616,1.06465840948545,1.03012688963724,1.00034148692633,0.974205462098528,0.948988586828602,0.92052191622353
"Belarus","BLR","Upper","female 5q15","female",,,,,,,,,,,,,,,,,,,,,,,,,,,,,,,,,,,,,,,,,,,,,,,,,,,,,,,,,,,,2.65357423702389,2.79178734701421,2.80029315243945,2.8027918433598,2.64515792604705,2.66292716765816,2.75977781899154,2.76348331630023,2.78773167944076,2.84584918066323,2.72653658605687,2.46827634685495,2.33910135489007,2.15366285785547,2.07939238330525,2.0034175444248,1.95033154053987,1.86934394342834,1.78989558375717,1.78248517646367,1.78816291126259,1.78644852144505,1.70903290010778,1.60674327216675,1.48835030213393,1.40992954548524,1.34972477467595,1.27219172103983,1.22424725553205,1.20961076319909,1.20171245838934,1.197593796512,1.20779836897809,1.2191945375733,1.21337157470611
"Belgium","BEL","Lower","female 5q15","female",,,,,,,,,,,,,,,,,,,,,,,,,,,,,,,,,,,,,,,,,,,,,,,,,,,,,,,,,,,,1.5546321568512,1.58563614618616,1.59339199572735,1.57144692518766,1.56697944305757,1.56354297433515,1.52627965475927,1.4828609940995,1.4018077483833,1.38264602406842,1.35518566936215,1.31301653894554,1.22619427095675,1.13422232790277,1.07024219981332,1.04026375507333,1.03365819516349,1.02268517972232,1.02027733787165,0.995789146571447,0.951521661055491,0.914205343248104,0.87736877754174,0.8434579565129,0.804053903557045,0.78751774702351,0.76789533605055,0.751570125139671,0.736661815616525,0.721087269616286,0.710628110063138,0.691424693768878,0.689312583718953,0.684703220423914,0.658416507981537
"Belgium","BEL","Median","female 5q15","female",,,,,,,,,,,,,,,,,,,,,,,,,,,,,,,,,,,,,,,2.18341208908776,2.27856360254406,2.3919066534056,2.54036368889211,2.4422671082364,2.37163199476814,2.33760026702929,2.29762803307868,2.29665424800007,2.23894473933881,2.2407431161168,2.15423797863524,2.08297865003021,2.06338538967273,2.03604648338359,1.96376824495663,1.8660790613795,1.78859834966264,1.75488102665054,1.69164320642626,1.68326220440138,1.68224360101118,1.71543998271772,1.72419524215348,1.70207698667495,1.69338449037628,1.68783147447773,1.65039563792657,1.60558724377961,1.52078581218014,1.49989340927775,1.47121201847407,1.42244811769367,1.33222561187481,1.2385309126296,1.17056987742385,1.13666144991185,1.12795509495949,1.11556455995496,1.10968027892213,1.08524393582253,1.03937285223779,0.998616763613968,0.959315663155058,0.921345656235047,0.879630862052076,0.862828297259444,0.84153043682406,0.824259036355455,0.806787737421121,0.792407932894682,0.781169057286672,0.76385042020498,0.765087949298621,0.764852081943382,0.746890990558122
"Belgium","BEL","Upper","female 5q15","female",,,,,,,,,,,,,,,,,,,,,,,,,,,,,,,,,,,,,,,,,,,,,,,,,,,,,,,,,,,,1.81638392447181,1.85447147053513,1.86150823072035,1.8374456546042,1.82825117560556,1.82331806075255,1.77956922150446,1.73405596764042,1.64726250112506,1.62075400236455,1.59265488893309,1.539090227999,1.44874604841254,1.3458735039846,1.27241209605098,1.23784578403278,1.22503254167943,1.20997891488115,1.2038345681488,1.17790528604602,1.130488484938,1.08415849730172,1.04508329004641,1.00412004051719,0.961488239079893,0.942448090400399,0.918964073024761,0.900391506106167,0.882686789749875,0.868244945897114,0.856260872906994,0.840465919582451,0.847209029335587,0.850144638767853,0.841772154545454
"Belize","BLZ","Lower","female 5q15","female",,,,,,,,,,,,,,,,,,,,,,,,,,,,,,,,,,,,,,,,,,,,,,,,,,,,,,,,,,,,1.29248233442736,1.48597530026587,1.69240458768497,1.91357689086247,2.16558168773934,2.41472304465168,2.66739957166826,2.92139699091573,3.13878908685577,3.33671319769693,3.43950216565188,3.49618819978155,3.51925705606373,3.50277418525378,3.50724501635329,3.48691247180773,3.48275165398757,3.48342646600635,3.49008349988392,3.51704905493472,3.51329263662388,3.47862754952338,3.39702930133667,3.29518703137389,3.18603805425587,3.07108700415446,2.96347513358951,2.85625301562004,2.75111432532734,2.67265811674324,2.58669940882536,2.52314448747214,2.48107842949943,2.44338513038803,2.39672222018396
"Belize","BLZ","Median","female 5q15","female",,,,,,,,,,,,,,,,,,,,,,,,,,,,,,,,,,,,,,,,,,,,,,,,,,,,,,,,,,,,1.79320918421563,1.99496934266993,2.20220533862946,2.43818590536472,2.72202615914982,2.99623018426053,3.27588072152727,3.57983533231745,3.81696382466912,4.01648545392957,4.12204886130288,4.17120531471987,4.18945240373241,4.16135741384071,4.15135978378566,4.11744584895685,4.09698299297122,4.10813786665961,4.10800488775784,4.13103591307609,4.11447998420526,4.09467187757791,4.0057342708371,3.88101830931669,3.76135095428265,3.62500466502338,3.5106706800412,3.39384255449197,3.2875580128925,3.20863542353837,3.14212824012925,3.11093347153992,3.11589327824138,3.15183867248755,3.18200743214898
"Belize","BLZ","Upper","female 5q15","female",,,,,,,,,,,,,,,,,,,,,,,,,,,,,,,,,,,,,,,,,,,,,,,,,,,,,,,,,,,,2.41359892830435,2.61174487997444,2.81104423485885,3.0601121838055,3.37401452093337,3.65746447817871,3.97228630882909,4.31077947973259,4.55747254944802,4.78357220755407,4.8762595822774,4.90763634914271,4.9224370878603,4.9015806492793,4.89100367862979,4.84804783309729,4.80592307911465,4.79356340107242,4.78503862258911,4.81598465459781,4.79869714880166,4.7589757164786,4.68354389530378,4.54928245031757,4.41257659517975,4.2512221479398,4.11211059610924,3.98409086703266,3.88722885251403,3.80749827383289,3.77477199875763,3.7745929963885,3.86306942107456,3.98176008275744,4.14595264624309
"Benin","BEN","Lower","female 5q15","female",,,,,,,,,,,,,,,,,,,,,,,,,,,,,,,,,,,,,,,,,,,,,,,,,,,,,,,,,,,,10.707227576249,10.3522570068317,10.0749775307888,9.8965598980869,9.70462524912929,9.4619681988473,9.16586420111872,8.84333927096353,8.46299603759467,8.13319529647057,7.80325611715429,7.48665994312621,7.25705271339615,7.11068860880342,6.91871903608017,6.73538663673303,6.70589163638698,6.6618253941513,6.6565126558185,6.68845550084398,6.82609824137829,6.93731406922124,7.13350791425193,7.38672121411244,7.50503068651047,7.55978516945056,7.54951521492735,7.45508512870718,7.22457417473659,6.90985343687873,6.60062795332901,6.14295242990489,5.76966408647929,5.36565130980614,4.97293959850615
"Benin","BEN","Median","female 5q15","female",,,,,,,,,,,,,,,,,,,,,,,,,,,,,,,,,,,,,,,,,,,,,,,,,,,,,,20.3558969615224,19.1143669518305,17.9089883046968,16.7763196966689,15.7412402574451,14.8504293170818,14.2181246184539,13.6144524484341,13.0800645265011,12.6805997785001,12.3254414350962,11.9326696237264,11.4721956654665,11.0192168766435,10.5503269054242,10.1113348731438,9.7061182193104,9.33736620054307,9.04794093511813,8.91077843170403,8.66798513621109,8.48265396790571,8.47981775157772,8.48907241885592,8.54301420864808,8.64235642106399,8.80848697381312,8.96076402699871,9.2426355778696,9.68188767416826,10.0592360528437,10.3837676139948,10.5776685707185,10.7985027605239,10.8052427345997,10.6530134623197,10.4141594468774,10.0278350189554,9.73561111545439,9.31931593103485,8.87334347227128
"Benin","BEN","Upper","female 5q15","female",,,,,,,,,,,,,,,,,,,,,,,,,,,,,,,,,,,,,,,,,,,,,,,,,,,,,,,,,,,,18.5955057645397,17.6361530821612,16.8297123949927,16.1241500468087,15.5693699262022,14.9580854187998,14.2891206773179,13.6254288574566,13.0749074957771,12.5183831192942,12.0407988640292,11.5838155927271,11.1848936281418,10.9793134907228,10.6798675150295,10.5215166968355,10.5408014141296,10.5749156988328,10.6733555599077,10.9172358696258,11.1799665654028,11.45802381505,11.9713326638924,12.7454315369369,13.4407133076074,14.1533680382039,14.8022177610635,15.4105250920434,15.6678378475077,15.6443840858426,15.5419109206584,15.1233145799066,14.8587563820496,14.4283097014938,14.0431247028665
"Bhutan","BTN","Lower","female 5q15","female",,,,,,,,,,,,,,,,,,,,,,,,,,,,,,,,,,,,,,,,,,,,,,,,,,,,,,,,,,,,10.4532751878572,10.224968439954,9.91663023562971,9.6186621142495,9.11938684947048,8.6616839803944,8.17055340873526,7.62416665748513,7.08397888185955,6.61817805953077,6.06931892173572,5.63261619962568,5.26606137006517,5.00036068094101,4.67521909468736,4.42781150127252,4.20411662565143,3.99296814868262,3.78484945464483,3.56815969156572,3.37019662083426,3.17624693497513,2.96084131026229,2.76504206096842,2.57707257921488,2.4154959054941,2.28650078813622,2.1501006998822,2.01621602192958,1.87894064501437,1.77812630137402,1.6829264206941,1.58508639382317,1.49393215957724,1.42874055851692
"Bhutan","BTN","Median","female 5q15","female",,,,,,,,,,,,,,,,,,,,,,,,,,,,,,,,,,,,,,,,,,,,,,,,,,,,,,,,,,,,17.5484976691452,16.208903822954,14.9951349919504,13.91619358583,12.8880279870825,11.948167003279,11.1051515466304,10.2898495726364,9.50574128820451,8.85804848869306,8.16499787371721,7.62905010119385,7.14243389315353,6.80965307663618,6.43570381386519,6.14897943710645,5.90106786953586,5.66634720099491,5.45100392768258,5.26272584378031,5.08755592637785,4.91943055459929,4.77861240048589,4.61875691333415,4.47633313125499,4.33205130486941,4.20083612785961,4.07010210079543,3.92772607793531,3.7634938283026,3.68769649317366,3.56454916439924,3.42671786694994,3.31806589196894,3.24701196919641
"Bhutan","BTN","Upper","female 5q15","female",,,,,,,,,,,,,,,,,,,,,,,,,,,,,,,,,,,,,,,,,,,,,,,,,,,,,,,,,,,,25.659239676849,23.448775453135,21.3943844426155,19.647628532466,18.0277618700557,16.4529038485956,15.0451212702188,13.7858175201845,12.6454333683662,11.7237660989933,10.8140971544085,10.1696097132704,9.61228907642224,9.16251473335183,8.75108433661909,8.43437552365379,8.18347819380592,7.98048543525542,7.85808046251616,7.7136254902534,7.64563211859576,7.59949082310976,7.51557786150892,7.40584080305057,7.28347472518936,7.16233404273795,7.08153513506538,6.94255489204239,6.80308312185884,6.58025784407313,6.56040557344188,6.41871311294473,6.33947062865533,6.17432790670605,6.11935915174983
"Bolivia","BOL","Lower","female 5q15","female",,,,,,,,,,,,,,,,,,,,,,,,,,,,,,,,,,,,,,,,,,,,,,,,,,,,,,,,,,,,8.58091087744079,8.27642483730312,7.99931681136487,7.72586517438227,7.47863426621556,7.12139804542049,6.83912056784742,6.55783152588979,6.36706959500268,5.97801935087881,5.63944741290645,5.27484380739294,4.8765339544972,4.55812572934475,4.25289880386445,3.94472400264868,3.62775541413956,3.3254670573051,3.05418226472519,2.81765970942212,2.61599192383341,2.46315130913528,2.28724023908266,2.16211440023608,2.04355280342325,1.92672770603753,1.82136419529077,1.71693817741258,1.62098203407839,1.54113882336755,1.42328814916064,1.35155023364456,1.28290493544357,1.21724367632911,1.14947677602255
"Bolivia","BOL","Median","female 5q15","female",,,,,,,,,,,,,,,,,,,,,,,,,,,,,,,,,,,,,,,,,,,,,,,,21.8428430631314,20.7078248699839,19.3699816115343,18.0373217633508,16.6998783050993,15.54874940838,14.4805287720272,13.6419787794587,12.883132742481,12.2458013154371,11.7379780406619,11.2836380368701,10.8774397185076,10.429514197013,10.0311960296137,9.6553096908847,9.31919689047063,8.85072971876669,8.51066109328859,8.17074389837989,7.92633134504289,7.4755995484365,7.10231732651722,6.72999495221487,6.30789187490819,5.9954168567558,5.70454794312912,5.43596937460917,5.16559453806688,4.93633710834604,4.70336650171513,4.48410815151789,4.26815713344792,4.11295607318067,3.96170569838918,3.82731960984116,3.70677903283796,3.59708028616518,3.47760478980809,3.37534899751501,3.25060658450073,3.16144592718435,3.05478833609175,2.94981379033955,2.85953567493494,2.77560734667763,2.69546881223916
"Bolivia","BOL","Upper","female 5q15","female",,,,,,,,,,,,,,,,,,,,,,,,,,,,,,,,,,,,,,,,,,,,,,,,,,,,,,,,,,,,13.5357953812888,12.9086074261038,12.3301470432471,11.8531842388043,11.3970305076051,10.871023464784,10.4550232048877,10.0144791202522,9.76762018964375,9.21473175370829,8.82548047811608,8.45616154626814,8.02055843337152,7.732552024235,7.53176229560024,7.29803288497956,7.08237219233733,6.87632984076591,6.66076057134087,6.43053771476687,6.17420513263634,6.05961617963777,5.86744348211643,5.77895217655859,5.67511319318223,5.59464586658415,5.47674729463088,5.37835667277461,5.29180962995044,5.23524253281735,5.12870577745289,4.99855399850754,4.94506592114907,4.85650282408467,4.81208010001349
"Bosnia & Herzegovina","BIH","Lower","female 5q15","female",,,,,,,,,,,,,,,,,,,,,,,,,,,,,,,,,,,,,,,,,,,,,,,,,,,,,,,,,,,,1.4424460872504,1.51204771426419,7.55529797260295,7.8061746508179,1.85371915236492,2.00377908842141,1.07993988416748,0.969437746378694,0.886783777459734,0.832310224995814,0.793124966980483,0.77122930563306,0.761106170772648,0.764963701224461,0.777140601937346,0.789920449660665,0.813745021739271,0.82291126203776,0.82940824517356,0.836064778304104,0.827592792934242,0.819025865507698,0.811322560344929,0.813282665860756,0.822956587914826,0.842863126846011,0.856200553873742,0.864361093476261,0.859064367110256,0.838016045071747,0.806949539942861,0.764968262657346,0.718267017008633,0.672046150451246,0.772986953191142
"Bosnia & Herzegovina","BIH","Median","female 5q15","female",,,,,,,,,,,,,,,,,,,,,,,,,,,,,,,,,,,,,,,,,,,,,,,,,,,,,,,,,,1.38439779972429,1.52933881991583,1.63697017678873,1.70904379745189,8.69401324421499,9.07841957688212,2.18654877446616,2.36086333674592,1.27421488249596,1.13327481964333,1.02253416321232,0.950646337046333,0.900216159628182,0.872647943447237,0.859584245214846,0.862145068694642,0.877176152149162,0.893388483303391,0.920716017283222,0.933771055667414,0.940845547285299,0.950820433892243,0.946999584378072,0.94105528550095,0.934308701379766,0.937782341168306,0.949136002389339,0.972215537492314,0.991145034853962,1.00153593919806,0.998942108593664,0.978923950445044,0.951939918921807,0.915724132189089,0.875821815828226,0.840708119241004,0.995485573100059
"Bosnia & Herzegovina","BIH","Upper","female 5q15","female",,,,,,,,,,,,,,,,,,,,,,,,,,,,,,,,,,,,,,,,,,,,,,,,,,,,,,,,,,,,1.84702414703543,1.92515473649752,9.94794215736338,10.4896129332262,2.54851341173471,2.76515637637137,1.48747366390258,1.31420939025845,1.17256510591338,1.08046961547398,1.01441645340742,0.984846347517331,0.968967879530721,0.972162782417082,0.98767686144981,1.00682468927155,1.04361869091674,1.05921124325163,1.06806380604214,1.07820350529449,1.07734983061621,1.07355439933979,1.07315813404371,1.07258462370868,1.08925561323793,1.11575673045139,1.1424724014033,1.15301449803026,1.15211400207111,1.13555148130431,1.11144565535984,1.08432796514458,1.05471928379473,1.03041809935922,1.25534933467356
"Botswana","BWA","Lower","female 5q15","female",,,,,,,,,,,,,,,,,,,,,,,,,,,,,,,,,,,,,,,,,,,,,,,,,,,,,,,,,,,,8.92146056717207,8.69346722104195,8.38493500811858,8.03393538274561,7.70103400976112,7.39936491532382,7.0923718658328,6.72316448378814,6.39649370893994,6.13476966398569,5.84671902886391,5.53091739495793,5.15987306232775,4.81683376285417,4.46731087299466,4.19721007367456,3.94740173567218,3.72020074556313,3.52420337093851,3.35525732188566,3.21413537611342,3.08977816252209,2.93638537464234,2.81408146647135,2.71295650171359,2.62623100821379,2.53034331718448,2.47258400370343,2.43820970960583,2.38840040002203,2.33509586317885,2.28644129632232,2.19271665100837,2.09212607719376,1.97424458595388
"Botswana","BWA","Median","female 5q15","female",,,,,,,,,,,,,,,,,,,,,,,,,,,,,,,,,,,,,,,,,,,,,,,,,,13.6031200220182,13.5100212462797,13.5287752597063,13.5386373060332,13.5464490518995,13.4367929007153,13.3047490673193,13.1537616038916,13.0010820990195,12.8032674441353,12.5682739090081,12.2277742881055,11.8628298750486,11.499362392593,11.1311243043665,10.7262544747128,10.3471277905749,9.80931318470343,9.31402722060693,8.86483039730797,8.36368622052331,7.83097239931767,7.2305298116407,6.72331018148138,6.17989808064894,5.77906406933313,5.39702561512706,5.07453981764889,4.79198509837621,4.55912475116442,4.34161136605418,4.15898890577562,3.9615173302922,3.81020902793529,3.69327323036238,3.59708084555,3.52202089340486,3.48178173692209,3.46584956796786,3.45880064578904,3.44617460378903,3.43760831894627,3.39726578805408,3.32860915301651,3.2485083078154
"Botswana","BWA","Upper","female 5q15","female",,,,,,,,,,,,,,,,,,,,,,,,,,,,,,,,,,,,,,,,,,,,,,,,,,,,,,,,,,,,16.9506130975086,16.4767798794665,15.857975635337,15.4196035152976,14.7963331708531,14.265443378572,13.6711832707025,12.9526287178985,12.2709924644788,11.6444037118124,10.9491189415427,10.2055891587474,9.42484199124972,8.78747802903816,8.15053856597554,7.59878541342198,7.09719002066067,6.65540964355731,6.31891903359078,6.00722351681858,5.75588567248562,5.52759683807584,5.30580899272908,5.14933266300407,5.03257404484043,4.93392472208002,4.87327767021834,4.88252710989899,4.92423374192329,4.98946841377448,5.09015905619154,5.22469386588852,5.30796742684831,5.28968706317038,5.27843030939209
"Brazil","BRA","Lower","female 5q15","female",,,,,,,,,,,,,,,,,,,,,,,,,,,,,,,,,,,,,,,,,,,,,,,,,,,,,,,,,,,,2.72183493181302,2.69951333839548,2.68789350754366,2.70484273696659,2.73441694972511,2.76210963223207,2.71663445456973,2.63746506603607,2.56560599263984,2.49496412843325,2.44946082611313,2.41052946762493,2.38528145481588,2.34973870934682,2.29731179206647,2.242012792868,2.21141211519816,2.20488385943052,2.22075852749591,2.24307535692078,2.28907225576437,2.34880899765409,2.41643789054413,2.50369805919296,2.5533181819785,2.56401572600149,2.53189434962885,2.45422589625633,2.34059585502584,2.23476547545399,2.15656493106786,2.1245931557393,2.11240601104441,2.17829764778211,2.15045012047323
"Brazil","BRA","Median","female 5q15","female",,,,,,,,,,,,,,,,,,,,,,,,,,,,,,,,,,,,,,,,,,,,,,,,,,,,,,3.63554263480472,3.54507876481832,3.4765571986783,3.38898725148748,3.30563294767105,3.22652315546101,3.14895889468274,3.06911274471677,3.03234308487305,3.03239948955165,3.059330550243,3.08222399760398,3.0371883244549,2.96146025190977,2.88346968075618,2.79821169430427,2.75237062101138,2.71068556433908,2.68391907514837,2.64558519871729,2.59204600628454,2.52597199318037,2.49199748438584,2.48442653451702,2.4982032482664,2.52878525921232,2.58356267068864,2.64799092660601,2.72775841283281,2.82542415794348,2.88710992372806,2.89718368214618,2.85617880728331,2.7663133294306,2.63743094857769,2.50942351533978,2.41506870376452,2.35165697262505,2.29961241425838,2.2503512821066,2.2365623989059
"Brazil","BRA","Upper","female 5q15","female",,,,,,,,,,,,,,,,,,,,,,,,,,,,,,,,,,,,,,,,,,,,,,,,,,,,,,,,,,,,3.620827045108,3.48103823478539,3.41651868708639,3.38764779821637,3.40711003166448,3.43325554759578,3.38950919409174,3.30798604790264,3.22470740696625,3.13872799519472,3.07335943146823,3.03897804775192,2.99871278608514,2.97368483453792,2.91278508042543,2.83541314070163,2.80193854044703,2.79609566240924,2.8093433446184,2.8380057118466,2.89907555392135,2.9766301542485,3.08111569881831,3.16195426520943,3.24287082743667,3.26549325525235,3.21794742401966,3.10630223717739,2.96527659124547,2.81557009362922,2.69462778415104,2.59378705037382,2.49216215217808,2.32607310027579,2.32783835022954
"British Virgin Islands","VGB","Lower","female 5q15","female",,,,,,,,,,,,,,,,,,,,,,,,,,,,,,,,,,,,,,,,,,,,,,,,,,,,,,,,,,,,2.1449731045881,2.07759483239725,2.0214624614421,1.96513395615745,1.91728611300439,1.87652555261425,1.84428256345058,1.82088578467256,1.79317072548236,1.76366341291639,1.74369569096604,1.73724658270082,1.72519541898329,1.71611401812324,1.71832776386964,1.71311829492946,1.69990942078859,1.68758664953068,1.66388568816845,1.65168186274068,1.64383687496592,1.62556182186745,1.63699553715907,1.6148791089059,1.60735697013546,1.58845392681042,1.5769557259457,1.51567442138348,1.49710835883024,1.47692435400405,1.43876769554745,1.39335627011772,1.35318451837412,1.30822279469472,1.27312516132544
"British Virgin Islands","VGB","Median","female 5q15","female",,,,,,,,,,,,,,,,,,,,,,,,,,,,,,,,,,,,,,,,,,,,,,,,,,,,,,,,,,,,2.93903207540429,2.85959161825529,2.78188643401665,2.71724083741702,2.64877088160427,2.60470046504912,2.56004407588247,2.52526661900854,2.49428123755215,2.46278913364078,2.44175620068698,2.43270243449761,2.43067798979329,2.42862828626877,2.43386297539822,2.43505495173182,2.42976392946743,2.42227880765545,2.41440675040164,2.40866937823351,2.40462855879566,2.39757796738828,2.40968206570617,2.40728008387454,2.40086863259892,2.38620543514249,2.38004430813123,2.31799547905112,2.30148688976893,2.28722998360507,2.25066748824204,2.21060108513398,2.15885393632602,2.11773395316646,2.07978664176154
"British Virgin Islands","VGB","Upper","female 5q15","female",,,,,,,,,,,,,,,,,,,,,,,,,,,,,,,,,,,,,,,,,,,,,,,,,,,,,,,,,,,,4.03044722979488,3.93023904906737,3.80511909897577,3.72653020444968,3.62974769841899,3.56775758663467,3.54004583156106,3.48102686905514,3.44975961906757,3.41516543796233,3.39472890763506,3.38805772334372,3.38977874317357,3.40180588359359,3.40749988493052,3.41304025912374,3.4170496028896,3.40718162773536,3.40070005876769,3.41306295203049,3.41065645081633,3.39898241193688,3.44448751736191,3.45771796771465,3.46418405424455,3.45568963858967,3.44999429436008,3.41049957506455,3.38912256758095,3.38798433388758,3.34849240336185,3.32326167929471,3.29235267023216,3.22532059207463,3.17125733808514
"Brunei","BRN","Lower","female 5q15","female",,,,,,,,,,,,,,,,,,,,,,,,,,,,,,,,,,,,,,,,,,,,,,,,,,,,,,,,,,,,1.96309309144977,2.07682620622875,2.16953875908091,2.2128598855971,2.21083064220585,2.17033253045956,2.07908643420916,1.98128540274546,1.86564807879334,1.7571978851073,1.65178217104182,1.541702335215,1.43911119707116,1.360039761284,1.29680925206459,1.23706794418573,1.18912168226315,1.1494748483998,1.12047829563028,1.09264235738041,1.064331398283,1.0370284359502,0.997133722223759,0.956772694834623,0.916681507231146,0.886603078128514,0.86741591701098,0.852616107770213,0.853099305782895,0.863435423715693,0.881855519975573,0.902447335430556,0.914740251066098,0.924492793286842,0.921899777748858
"Brunei","BRN","Median","female 5q15","female",,,,,,,,,,,,,,,,,,,,,,,,,,,,,,,,,,,,,,,,,,,,,,,,,,,,,,,,,,2.3153374493292,2.44011816860071,2.54538436682901,2.63813353295721,2.72521429560293,2.75827665091765,2.7475173976549,2.67775833457599,2.57158684893098,2.45002223745461,2.31646501969305,2.18551360510441,2.05626536047424,1.92429797709949,1.80924444429379,1.71777655561701,1.63171416465336,1.56238710897186,1.5062979795772,1.45985682686064,1.4211245710006,1.3846438794046,1.3509282393337,1.31782084303658,1.27368442932634,1.22841401040118,1.19112667041528,1.15670963338157,1.1347751128121,1.12745002355895,1.13539165003992,1.16116041445054,1.19328049936078,1.23195554674414,1.27389707119674,1.31601400415963,1.35571300555091
"Brunei","BRN","Upper","female 5q15","female",,,,,,,,,,,,,,,,,,,,,,,,,,,,,,,,,,,,,,,,,,,,,,,,,,,,,,,,,,,,3.2547253343124,3.32624345057154,3.38481908405393,3.41468112063906,3.38426654078258,3.29562875628438,3.15849542647381,2.99709674373585,2.83753445721661,2.67906836746914,2.52069685215456,2.36475231100594,2.23076481050897,2.11629568617289,2.02767561495524,1.94748524722028,1.88054988377702,1.81758710538501,1.76945876488691,1.7299659152138,1.68627950484905,1.64416958473975,1.59893528713213,1.55614500527672,1.52048242827959,1.47978326796093,1.4565653854438,1.45440955027932,1.47026452632143,1.50155118089112,1.55876702659361,1.63404791724219,1.71016394323761,1.80157433064373,1.89402688634243
"Bulgaria","BGR","Lower","female 5q15","female",,,,,,,,,,,,,,,,,,,,,,,,,,,,,,,,,,,,,,,,,,,,,,,,,,,,,,,,,,,,2.0960984029616,2.10030169817086,2.14380934231188,2.10853843418804,2.11055888452451,2.14320329920948,2.08754349891682,2.02517474146463,1.94269736348547,1.85206829164933,1.78284516091473,1.69090824139347,1.60782583933531,1.57017283929526,1.57626543903622,1.60821843825228,1.56154129527893,1.54187075835128,1.51743194187965,1.5082368258346,1.49648059657761,1.44728142275446,1.37320162107554,1.32069268701928,1.27919043503581,1.2620469394636,1.25144537597226,1.24157366549875,1.24753908256887,1.2407201631949,1.24903477103172,1.2621329267093,1.23695850492022,1.1994179011717,1.16927074642137
"Bulgaria","BGR","Median","female 5q15","female",,,,,,,,,,,,,,,,,,,,,,,,,,,,,,,,,,,,,,,2.14632224897316,2.2115980403392,2.2087457534417,2.19379453146394,2.09846291176291,2.13914167331633,2.14041105317999,2.17192945263254,2.26617185446493,2.37272564591478,2.40374353703131,2.39057216287399,2.34472470527583,2.35617288873452,2.31560145575813,2.32840690325576,2.35731650966603,2.29461282740432,2.22826401543503,2.26261906426849,2.24307288933892,2.24533086050939,2.25530970257875,2.29589876805069,2.2646204533893,2.26597853896094,2.29881420383424,2.24195493787337,2.17669044609917,2.09159060445558,1.99636936103675,1.92578058703218,1.83309165492486,1.74749858682651,1.71278656331498,1.72011259730249,1.74976899755126,1.69926185246375,1.67181321047288,1.65521460333623,1.64445313481262,1.63522899657429,1.5836899661344,1.50472515740192,1.45553194271719,1.41258154348082,1.39528119081855,1.38675151935965,1.37381193061014,1.38123017279418,1.37691425672833,1.38747085324181,1.40145283318898,1.3897275015868,1.36098668337147,1.34623909785484
"Bulgaria","BGR","Upper","female 5q15","female",,,,,,,,,,,,,,,,,,,,,,,,,,,,,,,,,,,,,,,,,,,,,,,,,,,,,,,,,,,,2.40294898937916,2.41683089117756,2.45642504154859,2.42783303462866,2.42661249728236,2.46496521961878,2.40429625707599,2.3299819017473,2.2460897000721,2.14073201889935,2.07143544656124,1.97930188587244,1.89015131773483,1.85686301853595,1.86302614017212,1.89231160495591,1.84242189997539,1.81168661286241,1.79785572399412,1.79238625251705,1.78153045747999,1.72905691426988,1.65137547768797,1.60052835533426,1.56008194961303,1.54310731148906,1.53139048659283,1.52259244075084,1.52431923859758,1.52189045037181,1.53591067766776,1.55785756228931,1.55343280880072,1.5370605533443,1.53888717801947
"Burkina Faso","BFA","Lower","female 5q15","female",,,,,,,,,,,,,,,,,,,,,,,,,,,,,,,,,,,,,,,,,,,,,,,,,,,,,,,,,,,,15.5036291520612,15.263440802467,15.0091655693985,14.7169824310265,14.3628860348684,13.9515465161269,13.4806632791071,12.9482619618054,12.5888228738404,12.0372744003604,11.4120505508479,10.8203149548602,10.2873133778782,9.76991509463378,9.32548865282557,8.92294259776037,8.4566998904504,7.97750681656648,7.48709019912841,7.01940801373936,6.59430754802851,6.15339026904597,5.79494469095388,5.4902815833649,5.25481480497391,5.05283195079239,4.86853766661811,4.63270649965848,4.46305825288355,4.24511415338101,3.96985407333622,3.76571025619657,3.58795833320945,3.43713083290758,3.18594295276259
"Burkina Faso","BFA","Median","female 5q15","female",,,,,,,,,,,,,,,,,,,,,,,,,,,,,35.5515282312077,34.5701894409606,33.637913236301,32.6723061340634,31.7568770993843,30.9235238987592,30.158449223787,29.4212917052258,28.6277689767996,27.997432878131,27.3867723164202,26.7977552879884,26.2718007750704,25.7656947071153,25.2720142880873,24.8620183404612,24.4258911969896,23.9241535109664,23.5124153016915,23.0536460168454,22.5886847035787,22.1878982135414,21.7749702602702,21.3855665162378,21.016583556638,20.6292219158089,20.3048058732767,19.9357360014212,19.5982950771173,19.4077696769103,19.1990482947798,18.8091072994749,18.4893439655019,18.0241861338663,17.6556543132548,17.0782544419679,16.5519574962355,15.9531576685034,15.2911204045769,14.7932695122478,14.1960127411098,13.4672454938323,12.8113472222859,12.2398896232126,11.6985412791317,11.1745258793415,10.6695961066902,10.1363522168045,9.61878401976995,9.09433114273066,8.57568932814219,8.1028543126487,7.64709390246828,7.2348426396289,6.90771294329993,6.64541353296858,6.44610097684359,6.25383062434046,6.05196079272729,5.87234235557798,5.66478501555347,5.42764089424149,5.27466718357117,5.13239292905402,5.05076674789119,4.82946903777427
"Burkina Faso","BFA","Upper","female 5q15","female",,,,,,,,,,,,,,,,,,,,,,,,,,,,,,,,,,,,,,,,,,,,,,,,,,,,,,,,,,,,22.6814333868571,22.1934118727525,21.5155753552591,21.0016776735156,20.2600301004598,19.5305201290464,18.8036653913722,18.0668374390745,17.402157556388,16.7047861212495,15.8655101622318,15.0686596257378,14.4082285703157,13.7752979877801,13.2218503992963,12.6184208128655,12.0656597014003,11.4856485918975,10.8864911614658,10.3430442648425,9.86952495354224,9.35556967270884,8.91015356267478,8.5563553146752,8.3118855213945,8.07240686614792,7.89387842827644,7.72556943598357,7.58218939579094,7.4391623486708,7.2867193591548,7.20013874124956,7.13394017556254,7.16095653914739,6.95300848374374
"Burundi","BDI","Lower","female 5q15","female",,,,,,,,,,,,,,,,,,,,,,,,,,,,,,,,,,,,,,,,,,,,,,,,,,,,,,,,,,,,22.9686033091404,24.0558606360598,25.1572834886458,42.4464076590374,26.4868566859238,26.3596628083146,28.1320055067229,25.248737091592,23.2376407353206,21.6629458667309,20.4805082410315,18.8672912585244,16.876352391595,15.2856680211902,13.4932047627863,11.7033719407382,10.1522930959065,8.87142877252237,7.72981690508075,6.89949319148107,6.30692748115903,5.95505343468374,5.7487559899594,5.578969889168,5.37173025351645,5.09365843734388,4.88023221245084,4.65858860669217,4.4491652068639,4.1471067081813,3.87187148965266,3.61933144432636,3.39375147207076,3.18902046952138,2.98552656962635
"Burundi","BDI","Median","female 5q15","female",,,,,,,,,,,,,,,,,,,,,,,,,,,,,,,,,28.1648668758614,26.8178744632412,25.8154942180762,24.8401260434655,23.9562609699678,23.1044472055254,22.3267089552943,21.7460418600291,21.3113174254388,21.141231131517,21.1550926004026,21.2951099419316,21.5687037947973,21.8339533446268,22.2546235104128,22.7853874371448,23.3675621580634,23.9987625215095,24.6378902988974,25.3698332360414,26.0110509355049,26.8132528117904,27.5493718593685,28.243725028155,29.1692357826916,30.0150899754312,30.9595190456101,31.7181735541924,32.9115033933166,34.0649004567643,57.1367907554153,35.3965011281156,35.0364633312679,36.9227959404404,32.8898531737449,30.0256456020459,27.7402375561972,26.0419057053012,23.8295171572144,21.3501765934753,19.1555259200391,16.8337839251186,14.6272054970061,12.7957686640813,11.2621371576707,9.92239209914729,8.95352961636812,8.26848332964357,7.85955666150132,7.69398437279248,7.58782998993309,7.46748858836047,7.32733159636634,7.20283557280008,7.06299129474178,6.85427944505604,6.58140503343463,6.3114601243081,6.0713452953438,5.90109180963183,5.64959104940012,5.46917020426543
"Burundi","BDI","Upper","female 5q15","female",,,,,,,,,,,,,,,,,,,,,,,,,,,,,,,,,,,,,,,,,,,,,,,,,,,,,,,,,,,,44.64272255459,45.9840730600628,47.2483025393796,78.533168555499,47.9674572588921,46.9583778097745,48.952143043885,43.2438925025692,39.0330444566053,35.7355824446881,33.1804911431719,30.1011220675929,26.8459620510963,23.9817802084072,21.0042561716156,18.2503904764864,16.0417018178558,14.2044819194714,12.6805576482493,11.5527735590249,10.7377888376826,10.2635710892611,10.1427738689564,10.097224253462,10.1039283737259,10.0548432541399,9.99786743329589,9.95806409425226,9.78072759060964,9.56750659957866,9.31836755452459,9.17020612254372,8.99134781062483,8.78907746612523,8.6343841319079
"Cambodia","KHM","Lower","female 5q15","female",,,,,,,,,,,,,,,,,,,,,,,,,,,,,,,,,,,,,,,,,,,,,,,,,,,,,,,,,,,,12.6005085992656,12.229184495064,11.6982035920256,11.0866642866138,10.3693176840663,9.59288558339187,8.76421084955504,7.83736290394418,6.79379099164635,5.81696796633395,4.92204166194081,4.19972958179436,3.70516530455945,3.32785546254871,3.04370609881168,2.84904368491119,2.71910639378658,2.61508266127859,2.53936664859562,2.46730392331547,2.41420136587504,2.35588737637174,2.31305337384528,2.26819939933982,2.25824737853144,2.21980828468944,2.18234082964087,2.14985804212882,2.11309447281387,2.05945474478882,2.01423921977885,1.94702493261547,1.87695080298133,1.81142033140425,1.72225932858717
"Cambodia","KHM","Median","female 5q15","female",,,,,,,,,,,,,,,,,,,,,,,,,,,,,,,,,,,,,,,,,,,,,,,,,,,,,,,,,,18.9846950320058,17.8593592763767,17.0281328142093,16.1116383288652,15.1721084340115,14.1740021757277,13.1087741549663,12.0309060117389,10.9250979503707,9.73718700179002,8.46787885398535,7.24652156541783,6.16689298170551,5.30973512707424,4.70030562004783,4.25773400244293,3.92148041953895,3.70232257888961,3.53258676612865,3.42138789099317,3.32347564843767,3.24462545286609,3.19282369650013,3.13525643013663,3.11503055559788,3.10363429466207,3.11509068657916,3.12436276862833,3.14128553052501,3.17706071270836,3.20314234524067,3.22948190050827,3.26530823981422,3.27114729571578,3.23996293215174,3.18165951257657,3.12418098137379
"Cambodia","KHM","Upper","female 5q15","female",,,,,,,,,,,,,,,,,,,,,,,,,,,,,,,,,,,,,,,,,,,,,,,,,,,,,,,,,,,,22.9109579626018,21.2758603060113,19.7373062864596,18.1563976108622,16.5133861217779,14.9885340090305,13.5140084709133,11.9291275606648,10.3616741068445,8.86205616477621,7.59058595024121,6.56290318163729,5.85971369616814,5.31201652141462,4.90150619638156,4.61896897613108,4.4552763921673,4.34182984551581,4.24180432665283,4.1680148110545,4.13636224219613,4.12848387898753,4.14801230769922,4.19253351064051,4.30194672072016,4.37851093969165,4.49328761634831,4.62167454550901,4.75299962222043,4.88822059055922,5.00720122699659,5.08402231670409,5.07467831101151,5.07935740124437,5.06142836234147
"Cameroon","CMR","Lower","female 5q15","female",,,,,,,,,,,,,,,,,,,,,,,,,,,,,,,,,,,,,,,,,,,,,,,,,,,,,,,,,,,,10.8875243781037,10.9606621312438,10.952729350626,11.0570664015374,11.0687515847487,11.0800583401999,11.0787151726406,11.1430203047098,11.173145840038,11.2331073557187,11.1322210967848,11.1067160413331,11.1159128796736,10.9850257667928,10.850912998321,10.7138041289095,10.5545489076208,10.3292892680799,9.98379048634272,9.76266122650595,9.54538937211486,9.3943431118674,9.13773706941605,8.97930755597525,8.85984470727131,8.74258962772721,8.38390650299319,8.04840933353585,7.73631608743863,7.38064127446665,6.88406098358933,6.49161505650575,6.04648929381793,5.5482050907677,5.18091468644453
"Cameroon","CMR","Median","female 5q15","female",,,,,,,,,,,,,,,,,,,,,,,,,,,,,,,,,,,,,,,,,,,,15.1607085526165,15.0701791120004,14.9351144832571,14.8469414454034,14.7036115667226,14.6974071068321,14.5243945416937,14.4468507370699,14.2998209383644,14.2056877081808,14.0710012388902,13.9814669891285,13.7913370184982,13.6379687561378,13.6044282041946,13.4985209501251,13.5061123099995,13.5480783652703,13.5371997489501,13.6754353883645,13.614953480117,13.575805922712,13.4938551099842,13.4988011722225,13.4646956026401,13.4277887572568,13.2797181181621,13.2616957314742,13.2362909140061,13.1702215278842,13.055021030264,12.9000263871871,12.7256713155938,12.5056579028412,12.234847030456,12.0423648263275,11.8901065743198,11.8388938520522,11.7543533955384,11.7277645927467,11.7413265024201,11.7669445900159,11.5858677050732,11.4179958225162,11.2472724906174,10.9903534915847,10.6089015889204,10.3246522931966,9.9363256976613,9.41148597151588,9.10168917192349
"Cameroon","CMR","Upper","female 5q15","female",,,,,,,,,,,,,,,,,,,,,,,,,,,,,,,,,,,,,,,,,,,,,,,,,,,,,,,,,,,,16.6174941360196,16.5666254269607,16.4725882029542,16.520501980534,16.335539915106,16.2514342487617,16.1251820506353,16.0551587702595,15.9907451917727,15.8987394219133,15.775664348544,15.7289585344066,15.6886388773675,15.623990305563,15.5600636662197,15.3787972924753,15.2682860626807,15.078368615995,14.880982059782,14.8354083315067,14.7875477851742,14.8893236601499,15.0349227894986,15.2637576180997,15.5264862848361,15.8925958344406,16.0451626522946,16.265752221774,16.385261825031,16.3871397571894,16.106487294505,15.8969174192099,15.5277890935856,15.0201345641546,14.7009019762681
"Canada","CAN","Lower","female 5q15","female",,,,,,,,,,,,,,,,,,,,,,,,,,,,,,,,,,,,,,,,,,,,,,,,,,,,,,,,,,,,1.71069461656254,1.70906539689994,1.66862998640197,1.62457352551943,1.52975416962304,1.53990234308363,1.55837827134212,1.52468279169351,1.53264100272934,1.54352281614321,1.51511801813087,1.43609970758155,1.40317684346931,1.34652659581933,1.32649458494028,1.35863844867366,1.33753571457311,1.27604613677399,1.25305433055085,1.21498358672213,1.18587431543206,1.18035880816482,1.17000614800269,1.13344395687547,1.09029108951664,1.11268013979815,1.13080196463782,1.15289478314292,1.17172320966218,1.21696280196971,1.26856352328566,1.29233187406133,1.25618571563118,1.20642087062987,1.10174511920431
"Canada","CAN","Median","female 5q15","female",,,,,,,,,,,,,,,,,,,,,,,,,,,,,,,,,,,,,,,2.4790415087313,2.69813351495677,2.8930921367331,2.94872024307308,2.95488154691018,2.85282389330736,2.71717814218543,2.65375619344436,2.58993275703996,2.54780908948183,2.59351187739249,2.43397248275487,2.18057339558934,2.06628341199789,1.97897068169922,1.90603984740556,2.01995834653882,2.03064633578982,1.9694362401022,1.89426558934584,1.82884143111745,1.80781331942751,1.80387447820942,1.76459951694034,1.71674217778303,1.61697615145101,1.62415346462423,1.64718642625215,1.61162204465296,1.6164030205349,1.62941290424811,1.5983284850211,1.51702308985494,1.48233856936061,1.42765328164746,1.40587170374992,1.43531644117848,1.41194799199873,1.3514276819842,1.3267523118553,1.2876254090164,1.25391836222245,1.24755260972112,1.23895704045939,1.20147374821376,1.15614103198731,1.17898203713026,1.2009400427741,1.22268409976278,1.24551092986462,1.29032904600273,1.34158306712934,1.36809385930442,1.33461516255311,1.28902240337212,1.2218376778082
"Canada","CAN","Upper","female 5q15","female",,,,,,,,,,,,,,,,,,,,,,,,,,,,,,,,,,,,,,,,,,,,,,,,,,,,,,,,,,,,1.91169790760359,1.90567766301201,1.86429396139657,1.8152569903972,1.71018141411219,1.71459870794105,1.73896257688138,1.70339524126761,1.70422050943445,1.72026496802684,1.68558922666401,1.59917040638685,1.56484879510463,1.5074092888475,1.48761192566124,1.51623873748312,1.48959824396568,1.4313220848651,1.40232360936972,1.36076764598778,1.32387531840518,1.31837259210904,1.30997326477741,1.27298390310339,1.2241218628881,1.24691371753,1.27101572843439,1.29502176651618,1.31820674399104,1.36624933113205,1.41818452633741,1.44860336353572,1.41700700894369,1.37672625611577,1.35109881039938
"Cape Verde","CPV","Lower","female 5q15","female",,,,,,,,,,,,,,,,,,,,,,,,,,,,,,,,,,,,,,,,,,,,,,,,,,,,,,,,,,,,1.46568647055016,1.61206902257488,1.73178430941338,1.86386038753109,1.98662029903468,3.4913651171838,2.19324457220806,2.27043235363043,2.29428678994945,2.30249605997585,2.26505182903447,2.21917254936846,2.15540577285456,2.07585761262655,2.01134143701833,1.93842570570578,1.89392126109942,1.83259559894509,1.78448126558223,1.7283798312298,1.65778396546522,1.58516455503113,1.52311490244086,1.45846287815669,1.3851777538745,1.3197209471663,1.26202067766103,1.20412319966814,1.14599737779885,1.09208733664561,1.03706577426799,0.989489159227011,0.932774578259918,0.889443114699378,0.843604309490502
"Cape Verde","CPV","Median","female 5q15","female",,,,,,,,,,,,,,,,,,,,,,,,,,,,,,,,,,,,,,,,,,,,,,,,,,,,,,,,,,,1.82494633485293,1.9436662263344,2.06984946072254,2.19265609279335,2.31544287304508,2.43482931848115,4.24228167190848,2.63099367348842,2.68938136390613,2.70094277428311,2.69363038239846,2.64944995273867,2.58785949684406,2.51631841698274,2.42814591966359,2.35896258551365,2.2865417207146,2.23171912405924,2.17068764200883,2.12830286106708,2.07171189616097,2.01255180091275,1.95849855755474,1.90233869032784,1.85427786398105,1.80287869176823,1.74850118349245,1.69988255875639,1.65143851580264,1.60872108905838,1.56224256995695,1.5191680429863,1.48471145903926,1.44567246466888,1.41262138702498,1.37903500302212
"Cape Verde","CPV","Upper","female 5q15","female",,,,,,,,,,,,,,,,,,,,,,,,,,,,,,,,,,,,,,,,,,,,,,,,,,,,,,,,,,,,2.53431127439602,2.62378084699998,2.74771194662456,2.85257628549811,2.95282076994986,5.07560619322746,3.11020112625886,3.15572325829436,3.15083464720681,3.1264118603107,3.06542498044649,2.98713238526397,2.91985123032939,2.82591521630144,2.75235044267313,2.68634306523558,2.63225567173894,2.56793333159369,2.52342905754496,2.47390429164423,2.41876824505022,2.38386499374644,2.34910330387036,2.32936887962193,2.29925357019014,2.28494024097143,2.25920396036941,2.23324022962337,2.22073954352682,2.18844036792552,2.17967875244373,2.15864119561948,2.13594312330145,2.12073856876119,2.09899161897152
"Central African Republic","CAF","Lower","female 5q15","female",,,,,,,,,,,,,,,,,,,,,,,,,,,,,,,,,,,,,,,,,,,,,,,,,,,,,,,,,,,,14.9548693483225,15.0030842064846,14.9360724194005,14.7740094999024,14.6060340457517,14.4754912730914,14.3538473496676,14.1455872905431,13.9900387172355,13.820780767459,13.6508359515187,13.4461769626846,13.1408279793714,12.8516889821866,12.4148381477996,11.9329028715938,11.2632545298793,10.7067868662623,10.046172168249,41.0478312204607,10.2792641882243,8.64218402499775,7.85178036572074,8.04041088967765,11.2070918161377,6.78545872116901,6.76725674088342,8.06706776958408,5.78910160032831,13.2710849274804,5.46073837378573,8.26814251281082,23.2145244620335,3.48013017484635,3.16449174598058
"Central African Republic","CAF","Median","female 5q15","female",,,,,,,,,,,,,,,,,,,,,,,,,,,,72.9145201141836,69.5207683975125,66.2797624470352,62.8302163165197,59.7303709465589,56.6144890885932,53.5742089659073,50.8035071300987,48.2442962023333,45.8025498622716,43.5288424525551,41.4406212663025,39.5288647757283,37.7233277441478,35.8867738437328,34.2847382705413,32.6851654328676,31.3602073237383,30.1632298149347,28.9303585191097,27.839638756045,26.7631693810976,25.6916584339098,24.6647504758578,23.7269435082018,22.8634421480166,21.7975443395579,20.8639182922815,20.1302602469242,19.5769922436077,19.2402558074987,19.0736972071598,19.1300991529198,19.2310769516655,19.2587329396979,19.2639264673052,19.2433044551463,19.2444189210363,19.3019337472438,19.30801049459,19.330400994653,19.3346528572408,19.3700297688737,19.4133421297687,19.4189428162485,19.3982547992522,19.2347174050223,18.9389309738703,18.4520423712879,17.9390358534108,17.3406332330829,72.9680918139695,18.8818441648113,16.5406123552583,15.5197023952468,16.3675568729457,23.2029488340664,14.5186736799747,14.8185134519222,18.3765628074393,13.553827959155,32.1217791982289,13.7245072749709,21.1604753161789,60.8232712132851,9.39909327367621,8.7887286096814
"Central African Republic","CAF","Upper","female 5q15","female",,,,,,,,,,,,,,,,,,,,,,,,,,,,,,,,,,,,,,,,,,,,,,,,,,,,,,,,,,,,24.2404814916092,24.5295081498731,24.7571922584211,24.9819571825988,25.2512547912203,25.5563071292496,25.7773429530048,26.0946933458907,26.4247684385535,26.7952862278601,27.1991240835847,27.7706886319596,28.2340910855527,28.8239540555389,29.1060792531744,29.0165346830563,28.7920692025557,28.2874806133288,27.8399776736661,119.140843004217,31.2572032969988,27.8168908271846,26.5486344636139,28.624490898771,41.3592488852231,26.0992445457341,27.108685035523,34.3231865970712,25.6141417097439,62.1624867192289,27.0380404319232,42.3189239044023,124.209850351064,19.1896926957488,18.2836277281151
"Chad","TCD","Lower","female 5q15","female",,,,,,,,,,,,,,,,,,,,,,,,,,,,,,,,,,,,,,,,,,,,,,,,,,,,,,,,,,,,19.8442725857989,19.677602753792,19.5981536361886,19.5312329586297,19.4622499123994,19.3228654606145,19.1201090784895,18.9019767913644,18.5754250455668,18.2770701217866,17.8436164881076,17.409796071898,16.9390552248392,16.4683809120778,15.9986180494244,15.5392874894655,14.9983978433506,14.6594095637903,14.2918619181553,13.9607382682244,13.62042927654,13.1666899569014,12.8461816879961,12.4583871366642,11.8885986298219,11.3652389928572,10.7613651615742,10.1210130284982,9.51906457492998,8.89452549413144,8.27212770980575,7.79728211617465,7.30826907077642,6.92250861668019,6.49324394039356
"Chad","TCD","Median","female 5q15","female",,,,,,,,,,,,,,,,,,,,,,,,,,,,,,,,,,,,,,,,,,,,,,,,,,,,,,26.077326140048,25.9965051537253,25.8987840290621,25.7940434189196,25.6027508985936,25.4103792780495,25.5470270367337,25.0549344628758,24.7415505494096,24.4399447424298,24.2065390329707,23.9934025832079,23.6476970889422,23.3489132360891,22.9076111290029,22.4245231046914,21.9290107266085,21.3969470649679,20.8636307777989,20.352087585124,19.8344065225959,19.3348264924267,18.8098006464138,18.3328139761329,18.0517415600675,17.8056002296362,17.6110423474485,17.3582173164567,17.3433815076743,17.2598911000555,17.0225740070596,16.7073336592214,16.2365328429928,15.7676746314897,15.2708517816403,14.7875141117737,14.2828121892593,13.8237151704072,13.3172190527776,12.8283529708235,12.4371576865656
"Chad","TCD","Upper","female 5q15","female",,,,,,,,,,,,,,,,,,,,,,,,,,,,,,,,,,,,,,,,,,,,,,,,,,,,,,,,,,,,32.5884603911915,31.8129096093172,31.1670699920812,30.5693786468043,30.1762212727101,29.7241882725582,29.1937755449962,28.6883403739433,28.0674417093159,27.4595580018765,26.733807845201,25.9925684180307,25.3437255930691,24.7493014077321,24.2683237722463,23.7787463319426,23.3710795477236,22.8636232520376,22.7504330032351,22.6267677093539,22.6877747959941,22.7090223993703,23.1252793306834,23.5689092696676,23.7615602758863,23.7871796069021,23.6311168523654,23.1816194843927,22.8501843958062,22.5469849149652,22.004182337464,21.6468529303194,21.3170151917785,20.9154285093072,20.5666254867567
"Chile","CHL","Lower","female 5q15","female",,,,,,,,,,,,,,,,,,,,,,,,,,,,,,,,,,,,,,,,,,,,,,,,,,,,,,,,,,,,1.83464320262898,1.71757703123639,1.71275910686252,1.65663635594997,1.61560380618454,1.58112234818947,1.57175578797922,1.58576594187954,1.47558982779488,1.41550359202243,1.3420218873445,1.27753203240427,1.24974762536975,1.22768889314249,1.23852643403546,1.23799865617391,1.26924096384289,1.34929257760161,1.39991003242157,1.41075726819915,1.37716494183199,1.32101921014529,1.26523048269456,1.22491119779095,1.17210481432061,1.17877819249325,1.19344140192352,1.15462465767941,1.13241975671196,1.15266696250185,1.20204846164056,1.2347290352678,1.22832729644699,1.23516057901806,1.19078567768258
"Chile","CHL","Median","female 5q15","female",,,,,,,,,,,,,,,,,,,,,,,,,,,,,,,,,,,,,,,4.45338134248026,4.79331901979115,4.87618918466169,4.77527991899272,4.51527478537509,4.47482490469624,4.25054500597454,4.03104299830268,3.71257965902966,3.47266716990688,3.3636675315889,3.08963446606616,2.805032007373,2.59876569146149,2.44469076398445,2.42353962203357,2.33720489278039,2.23073432449354,2.19789744663839,2.11137594881962,2.01536473419808,1.94958478717611,1.83027037825509,1.82473296471272,1.76340054123165,1.72622245144898,1.69113984832126,1.67795789216493,1.69019639415,1.57547949234106,1.5142963529191,1.43855949931954,1.36779464557289,1.33919806713976,1.31871693391396,1.32380212907559,1.32401865133125,1.35635761208747,1.43820956138941,1.49121878706592,1.50038789582492,1.47056275007414,1.40969348496266,1.35324110599639,1.30840323261696,1.25514308103978,1.25774330835156,1.27655754175297,1.23371534653125,1.21410458827527,1.23384835152977,1.28914268879554,1.32479619893131,1.31872572244813,1.33192666696248,1.30425684108967
"Chile","CHL","Upper","female 5q15","female",,,,,,,,,,,,,,,,,,,,,,,,,,,,,,,,,,,,,,,,,,,,,,,,,,,,,,,,,,,,2.06880061591312,1.94874645736768,1.94042718230002,1.87786095739515,1.84168618507672,1.80285492577507,1.7896490080705,1.79916601283497,1.68094860197952,1.61423862047734,1.54010727729322,1.46158852282081,1.43353837798939,1.41181027017358,1.4112438817292,1.41136632391143,1.4463130735499,1.53048318876581,1.5905346258852,1.59342011593993,1.56602846262129,1.50650762575679,1.44520795959093,1.39666677051715,1.34114155701282,1.3434783299153,1.36520206695468,1.32007946341313,1.29947601640461,1.3191990503455,1.37476426486496,1.41977522322486,1.41510157556166,1.43784324623407,1.42224714799818
"China","CHN","Lower","female 5q15","female",,,,,,,,,,,,,,,,,,,,,,,,,,,,,,,,,,,,,,,,,,,,,,,,,,,,,,,,,,,,2.61917447392096,2.54785193073679,2.46521014842005,2.36596046528532,2.28455284782356,2.21378578873253,2.10041127054637,2.00264388636438,1.91472257139574,1.83065221466379,1.75254104531929,1.66834329114092,1.58428892289182,1.51837721879582,1.4636680479685,1.39443409109963,1.30619307184716,1.22744786488718,1.1547775266657,1.07794684098265,0.995571186124937,0.908857039008862,0.833798509094805,0.764936766575655,0.704801737994999,0.654904089329316,0.610506416135967,0.568217633874006,0.529152098963582,0.491760569895569,0.459571908379903,0.42748323410654,0.403416240574471,0.379402069067414,0.355969654949015
"China","CHN","Median","female 5q15","female",,,,,,,,,,,,,,,,,,,,,,,,,,,,,,,,,,,,,,,,,,4.69430747176026,4.63380621373871,4.60268449495443,4.53955569248489,4.48464300983366,4.41867351489864,4.333516100099,4.2861198247435,4.22644671424748,4.17065065559188,4.09671675432449,4.02744366746627,3.94059296881971,3.86537614273977,3.78149365029676,3.69099407105587,3.57144534847626,3.45074514110719,3.34477218267669,3.23371263636101,3.11021986392773,2.98532362799761,2.86403001846526,2.74780757930367,2.59320541216096,2.45816221326095,2.33867814989937,2.22100547902937,2.10814938478203,1.98568502473934,1.86492177215351,1.75995975727009,1.66505776235745,1.56514169748765,1.45950393344792,1.37036513921026,1.29517625754293,1.22567583980665,1.15592457354736,1.09379313184481,1.04006273004544,0.993529760123173,0.955265605625553,0.919603104340954,0.888967629311871,0.856491941013517,0.828125265194351,0.802709193465951,0.774558686432124,0.753544404793355,0.733643229689803,0.71269700844929,0.693563627635169
"China","CHN","Upper","female 5q15","female",,,,,,,,,,,,,,,,,,,,,,,,,,,,,,,,,,,,,,,,,,,,,,,,,,,,,,,,,,,,4.25234291985393,4.10237930694967,3.92270213072809,3.73717959974975,3.57519172196457,3.41292384056302,3.21544371412379,3.04024976237556,2.87504195631132,2.70466308358333,2.53394592509345,2.36709000305258,2.19809254929386,2.04534003990324,1.88892069362365,1.75592133598354,1.62419678514745,1.52386539049044,1.45131027490051,1.38588040479056,1.33324475672747,1.30380691220791,1.28112879785175,1.2586863656988,1.24903939937096,1.25098510675203,1.25040809877546,1.23936621218773,1.22927261080497,1.23407866969663,1.22619385453758,1.22502209652598,1.22100886536776,1.2120889746204,1.20798966246166
"Colombia","COL","Lower","female 5q15","female",,,,,,,,,,,,,,,,,,,,,,,,,,,,,,,,,,,,,,,,,,,,,,,,,,,,,,,,,,,,3.13572698860438,3.51042095264641,3.90014559775267,4.07919990447066,4.06965992826209,3.90522108528746,3.75884069142149,3.60947199085994,3.67197343416585,3.93890160729607,4.16076899296801,4.12210748537928,3.7625354933523,3.23096325031374,2.77491954064588,2.46592905305435,2.32207381048123,2.29747252325775,2.33812060830835,2.36523371113933,2.37882588017871,2.34881435176498,2.27728756051117,2.20968863643422,2.14732603375117,2.10217072041558,2.06304126969127,2.00973914100951,1.96959946087204,1.94270060824968,1.9414049543858,1.96829868476023,2.0082565014724,2.0854650933134,2.10635841615238
"Colombia","COL","Median","female 5q15","female",,,,,,,,,,,,,,,,,,,,,,,,,,,,,,,,,,,,,,,,,,,,,,,,,,,,,,,,,,3.05946443434782,3.28529656458623,3.55653388470879,3.95391242027484,4.39589379544818,4.60142095391535,4.60647148032709,4.41376800556743,4.23139816861978,4.07112305564178,4.14161842197238,4.44160536034643,4.68393781695948,4.62433396130337,4.23652624993282,3.63261715607271,3.11655748186403,2.7648070712072,2.60389844338921,2.57909155206688,2.61664553610776,2.6495796450215,2.67159954108985,2.63679388116163,2.55474991978914,2.47910622891349,2.41635190961994,2.36144368467874,2.31320112798412,2.25880750746318,2.20730592231991,2.16889089312375,2.1624927244525,2.16908965523329,2.18076298357629,2.18331891460348,2.21964047274355
"Colombia","COL","Upper","female 5q15","female",,,,,,,,,,,,,,,,,,,,,,,,,,,,,,,,,,,,,,,,,,,,,,,,,,,,,,,,,,,,4.00868066071261,4.44647901562277,4.92434664118045,5.15928190815636,5.16779795159089,4.95738534061152,4.77530432644562,4.59140731685843,4.66593778628381,4.98526424822261,5.25069720848725,5.18333194896731,4.75049889104005,4.09020080737724,3.49244683933898,3.09871463834369,2.91548199146795,2.88294265168637,2.92161303737203,2.95623052030368,2.98150735193921,2.94811391803738,2.85602711215193,2.77541029641343,2.69565499877448,2.63679960012449,2.58768336140859,2.52020475727974,2.46079756777765,2.41571717456942,2.39712089709985,2.394261853505,2.36598314466789,2.28392953316068,2.33736464447255
"Comoros","COM","Lower","female 5q15","female",,,,,,,,,,,,,,,,,,,,,,,,,,,,,,,,,,,,,,,,,,,,,,,,,,,,,,,,,,,,7.66172412554354,7.29513257197496,6.99559507156577,6.58183916570113,6.23324365854379,5.90604562018182,5.52904769873442,5.23903921100227,4.91929213995459,4.60820467271262,4.41036981481531,4.23881453117586,4.07305231872412,3.93617276546662,3.75420983461548,3.57383014129568,3.39467316032226,3.23620722519033,3.12567960805675,3.01633903478487,2.94176281140261,2.88583672917679,2.85951900465477,2.8322308900438,2.77493709219222,2.72070541372371,2.67364488960383,2.61574311736184,2.5265816285174,2.42965826093821,2.29096777575033,2.18381873960192,2.07263489322717,1.97785744667575,2.18563531723805
"Comoros","COM","Median","female 5q15","female",,,,,,,,,,,,,,,,,,,,,,,,,,,25.1589862813855,24.8862053465179,24.5861621239681,24.2908344627156,24.0048688353969,23.7423978632472,23.4549984076451,23.1160121927105,22.7491448629537,22.492935605424,22.1290796770506,21.857350223935,21.4269389585048,21.0963758215689,20.7206174469091,20.4403089219128,20.0418697791751,19.6284118201278,19.2002912569394,18.8053508291699,18.3642786723514,17.8695281528392,17.3435680998191,16.8820495599735,16.3521505146836,15.813427738695,15.2272248831886,14.6359222435001,14.0752262808049,13.5407033743388,13.0059744097112,12.4608225268359,11.921925167707,11.4079412258813,10.9223493952656,10.4338754918724,9.87632575261132,9.34656596791884,8.81088707593722,8.19853399265008,7.76353430635117,7.29201219835915,6.80609032878278,6.44142011120162,6.12536611234639,5.82504708743251,5.57770498026374,5.26557745216218,5.01814827884353,4.78377334400581,4.57301738553724,4.41091325584131,4.26715503675981,4.15998943556467,4.07701372506697,4.02119404898775,3.96882382880463,3.91495899078083,3.85976888251817,3.81420781618398,3.77873550137986,3.7136764869174,3.63324567304677,3.53958992214374,3.44747501557168,3.35511572826314,3.28741207814291,3.71182743065959
"Comoros","COM","Upper","female 5q15","female",,,,,,,,,,,,,,,,,,,,,,,,,,,,,,,,,,,,,,,,,,,,,,,,,,,,,,,,,,,,15.857749811033,15.1600526537422,14.4283784126288,13.6192673990532,12.8731692371461,12.055177169233,11.1670424864722,10.5065669697416,9.77845074810136,9.1521917313741,8.63391947753783,8.15235227945943,7.70429685877014,7.39150393102901,7.00148852275251,6.69173160786639,6.41605726584156,6.15268657815193,5.95210878570526,5.78966123537851,5.63102135023857,5.54034676440282,5.44059757781385,5.39840394375474,5.34530254763082,5.29951407325125,5.2781230482206,5.26095193658536,5.2836641939331,5.25084053996618,5.19619542022762,5.15749329150995,5.08007899970603,5.02577952674791,5.77245401335149
"Congo","COG","Lower","female 5q15","female",,,,,,,,,,,,,,,,,,,,,,,,,,,,,,,,,,,,,,,,,,,,,,,,,,,,,,,,,,,,13.8232686542968,13.9883538715217,14.0839181532998,14.0790167913829,13.7671930239402,13.5914181404114,13.2288486865862,14.0597433361735,12.6988018034881,11.4779966366097,10.5392743584218,9.8565374457897,9.09627291135173,8.45787759625029,7.79048877067781,7.10246336747864,6.39324743051066,5.62204217473949,4.96626436524444,4.2642155232884,3.7147519134312,3.22599899275161,2.77886158666492,2.39473070047518,2.11886823219366,1.94900345577798,1.80664563164249,1.68911779874962,1.59106067859524,2.43827122295196,1.39633115024111,1.31439243839411,1.22014695968105,1.1572619393215,1.08446002300403
"Congo","COG","Median","female 5q15","female",,,,,,,,,,,,,,,,,,,,,,,,,,,,,,,,,,,,,,,,,,,,,,,,,,,,,,,,,,,,26.5411192293823,24.9257429972597,23.5165871025938,22.1238415339098,20.7495516436356,19.6206309673696,18.4751649874628,19.1196039018774,16.9632797405183,15.1104670294399,13.7410401509819,12.7010145945406,11.6991904584905,10.8975109623395,10.0811031415798,9.25306354141112,8.42445080458981,7.5753512385331,6.82024890224079,6.04738473204289,5.46689116611166,4.97908529103243,4.50614437261989,4.12484055065579,3.84588743211126,3.66208388588291,3.52112158484002,3.40491940825731,3.31064817246966,5.19058609660997,3.06433829716878,2.96045976804758,2.87115335990164,2.78747692487168,2.70919175363503
"Congo","COG","Upper","female 5q15","female",,,,,,,,,,,,,,,,,,,,,,,,,,,,,,,,,,,,,,,,,,,,,,,,,,,,,,,,,,,,41.3049733118362,37.9604436244108,35.0200893835353,32.459652402816,29.7607872173499,27.5350998185765,25.2678579176664,25.7007487586113,22.4593657016384,19.5925399730757,17.6257494859541,16.2314920664301,14.875477759808,13.852417050704,12.8456425273857,11.9474437287012,11.0248818403484,10.1243758936992,9.32632844310547,8.48965995217138,7.84553882756524,7.4416803760005,7.01430219098147,6.65979864117808,6.42940992471913,6.26777135508546,6.21908710585713,6.1362423608157,6.03314490660753,9.60061689838633,5.76661894207723,5.66994001707617,5.60187031007705,5.54613336943003,5.5334427671052
"Congo DR","COD","Lower","female 5q15","female",,,,,,,,,,,,,,,,,,,,,,,,,,,,,,,,,,,,,,,,,,,,,,,,,,,,,,,,,,,,14.6870937696246,14.7261534178833,14.8810786469231,14.9632965947941,14.9271719372313,14.995402529551,17.8037877484187,17.3207234026606,17.1908908619451,17.1776187275062,16.9413996260957,16.7834487128557,16.5507689328885,16.2879343459141,16.0488278836093,14.0210725877138,13.7900674249285,13.4970698684197,13.2751125518575,12.9644400163928,12.6275250014158,12.125218852169,11.7026110932836,11.2048003885674,10.8231798049749,10.545066719285,10.3339543825063,10.1573357772818,10.0599330029649,10.0397661283831,9.92536980685511,9.86472877566999,9.7895111371495,9.48601584366327,9.16292222097128
"Congo DR","COD","Median","female 5q15","female",,,,,,,,,,,,,,,,,,,,,,,,32.8359954683521,32.6608760985722,32.6722572349955,32.5006158169247,32.2747192089399,32.0507456322756,31.8748493068318,31.6926126294732,31.4307820225237,31.0930314178769,30.9431357823602,30.6777423653498,30.395279220494,30.0953161185356,29.7803687957067,29.384251142449,29.1132804005714,28.8599265088956,28.5329875220847,28.2101323327774,27.8853635115331,27.5840892450602,27.2816918154478,27.0142281300596,26.7125401474984,26.3567705782475,26.0596460310462,25.6876389503037,25.3114921107458,24.9357537316021,24.6251926619416,24.2129191841404,23.8970022538714,23.6013736506916,23.2639413979581,22.9018176193573,22.6052799457011,22.2939559002051,21.9418813929048,21.5785927507248,21.2035514136405,20.8902696738269,24.4498926693238,23.3772513360486,22.7025622298403,22.3493474737605,21.8173958251889,21.3332036986589,20.9141558655811,20.3870827614175,19.8750703328014,17.2873147478527,16.9270409232541,16.5831621024114,16.2389610460278,15.8446594888741,15.4732934576311,15.0108563192252,14.5970435109072,14.162877049539,13.9354224708413,13.7568693181819,13.6455454766111,13.5735386714444,13.7139790745956,13.8775236373913,14.0295893550946,14.2323277731519,14.3546124680102,14.2697375972265,14.0969581732104
"Congo DR","COD","Upper","female 5q15","female",,,,,,,,,,,,,,,,,,,,,,,,,,,,,,,,,,,,,,,,,,,,,,,,,,,,,,,,,,,,31.7268324613671,31.0143674500681,30.2818674286064,29.4099594089386,28.5957103126482,27.8115669119638,32.3377426446777,30.5970075282779,29.4506435273579,28.6217975110719,27.7584844605131,26.8766743947258,26.1505957177941,25.3534407864616,24.5920250123321,21.2788859464211,20.7524983107122,20.2474878161633,19.7421689893494,19.3561501808722,18.9688369900415,18.4553237268635,18.066401766909,17.6476876939693,17.5756634300335,17.5436624458315,17.6418008731599,17.8068838896769,18.1834735933704,18.6536247197576,19.1113979510391,19.6842923537798,20.1644346220313,20.3503739713763,20.5119703906768
"Cook Islands","COK","Lower","female 5q15","female",,,,,,,,,,,,,,,,,,,,,,,,,,,,,,,,,,,,,,,,,,,,,,,,,,,,,,,,,,,,2.95399502340882,3.03879814062967,3.23435811060751,3.43447476429404,3.60925662233736,3.75575521307797,3.86025202985085,3.97655305206584,4.03316597849722,4.06520361637465,4.03567361994382,3.92586188024988,3.78012150771263,3.6101653840318,3.40452154838232,3.19133805328152,2.93950941728555,2.72411340447196,2.5589077924398,2.44810307433048,2.33914727561384,2.25082766444344,2.13024333717558,2.05278687698857,2.01049586108361,1.94111618066354,1.88136846316388,1.79115408689424,1.71254474847407,1.62543807883476,1.56757265967671,1.48181539121954,1.41254419783156,1.35472074501374,1.27464234637047
"Cook Islands","COK","Median","female 5q15","female",,,,,,,,,,,,,,,,,,,,,,,,,,,,,,,,,,,,,,,,,,,,,,,,,,,,,,,,,,,4.25851359494993,4.30136806884083,4.30315970002666,4.52812601311256,4.75890987244499,4.99683046067466,5.207073939844,5.35761386786677,5.50222768663482,5.59101393380979,5.63004509091124,5.61937222106806,5.50844765947704,5.35339191804992,5.16917724890203,4.96386183057887,4.75774491938991,4.52258832231102,4.34420075054153,4.21656274812581,4.14843151974666,4.07308548075493,3.9859615094114,3.89300617177074,3.82903947071181,3.79994824312573,3.73743722259476,3.69253480590038,3.57896954716665,3.48054433228914,3.39232992380355,3.32520812268011,3.22134983694522,3.14304733998,3.07855842980065,2.98901171671905
"Cook Islands","COK","Upper","female 5q15","female",,,,,,,,,,,,,,,,,,,,,,,,,,,,,,,,,,,,,,,,,,,,,,,,,,,,,,,,,,,,6.14121639259321,6.08892447626749,6.28470472861703,6.52410214512706,6.81496553061498,7.05837654978437,7.2526485115151,7.47773264817798,7.57128106478299,7.67088607298304,7.7286726078891,7.61932265549203,7.43152666085294,7.20407955581686,7.02413352523691,6.79179289957738,6.46290739992383,6.26312252910887,6.10805830369097,5.99811118690643,5.88250937552997,5.79020988743284,5.73512665382384,5.7058867643899,5.70534619665454,5.67619218725428,5.67037493413199,5.54349914405308,5.47884958828887,5.42097128209277,5.36793138075274,5.26560033389169,5.2059585132641,5.11113583001892,5.08080786363379
"Costa Rica","CRI","Lower","female 5q15","female",,,,,,,,,,,,,,,,,,,,,,,,,,,,,,,,,,,,,,,,,,,,,,,,,,,,,,,,,,,,1.5549130242406,1.61561809632382,1.63806700087455,1.66593992974002,1.69872445457849,1.74934660115688,1.7741090842612,1.78122781512784,1.76325027718316,1.74571565640328,1.75919806974019,1.76463604100945,1.7483648436041,1.67762659190674,1.61335177736922,1.61187846526315,1.60677576346709,1.63142698658396,1.64872050383945,1.58265743066721,1.49467176908173,1.43373590508107,1.35200032579079,1.33560241620084,1.35376241795603,1.35354096398276,1.33855534041545,1.38863457704598,1.40099006767024,1.38799669874713,1.39773738281539,1.45544398802774,1.5571219604013,1.54624845056097,1.52372073807361
"Costa Rica","CRI","Median","female 5q15","female",,,,,,,,,,,,,,,,,,,,,,,,,,,,,,,,,,,,,,,,,,,,,,,,,,,,,,,,,,1.6640556859449,1.70224934956617,1.73694734267474,1.79622631542792,1.80756689874802,1.83402212448658,1.87017859934531,1.91693364340391,1.94016954685857,1.94734098119707,1.92904978451266,1.90832871706956,1.91799252532672,1.92027952341839,1.90448926367846,1.82440118796796,1.75855849442625,1.75499477210577,1.75166346354259,1.78270204801133,1.7990022451295,1.72613585246403,1.63358952833725,1.56754369463656,1.48300804803951,1.46396590614322,1.48820253127732,1.49364995832719,1.48050053250965,1.53248121300996,1.54834242163259,1.53423898148109,1.54302013429076,1.61161431098456,1.71951879161235,1.72707246053645,1.73655867237073
"Costa Rica","CRI","Upper","female 5q15","female",,,,,,,,,,,,,,,,,,,,,,,,,,,,,,,,,,,,,,,,,,,,,,,,,,,,,,,,,,,,1.9334223716719,1.97983757164527,1.98649132279808,2.00711282663327,2.04555997848305,2.08739931124343,2.11879870329163,2.12483799954714,2.1012291405664,2.07512383043513,2.08836816635729,2.08945900880924,2.06578656857383,1.98225538059466,1.91177221314411,1.9093936959125,1.9038263980451,1.94224166680381,1.95946461199466,1.88699260801256,1.78785192694371,1.70991936537508,1.62052599941503,1.60516349982218,1.63028041276388,1.63660239471497,1.63243632921326,1.68376080130546,1.69967017599102,1.68829976304152,1.70144148058758,1.77215009588927,1.89202657138983,1.91987417188047,1.96532709302249
"Cote d Ivoire","CIV","Lower","female 5q15","female",,,,,,,,,,,,,,,,,,,,,,,,,,,,,,,,,,,,,,,,,,,,,,,,,,,,,,,,,,,,8.75312003212991,8.75686467830556,8.86201994418822,9.03291588288209,9.1972162582694,9.34533591023489,9.50954147737039,9.68697117790113,9.84465545904459,9.93302897987307,9.99612996350023,9.98297203798859,9.88381714078584,9.78621789156911,9.6969856242242,9.44135310233839,9.19259876602374,8.97860409634065,8.65355151347156,8.27909030700373,7.88412901547707,7.35312817843119,6.94483376094442,6.43973080585777,6.05995581051391,5.60838063735688,5.22314233824497,4.77702360970832,4.36693913221468,4.01421794220343,3.64883988394309,3.34221001920677,3.09793719038077,2.87596556741507,2.68580161548176
"Cote d Ivoire","CIV","Median","female 5q15","female",,,,,,,,,,,,,,,,,,,,,,,,,,,,,,,,,,,,,,,,,,,,,,14.4293456245968,14.1758010364746,13.7929167285999,13.4933379321078,13.1717612271365,12.9079846957885,12.6082701358087,12.3196447343859,12.0784722169743,11.9401881573659,11.7913427231311,11.6530391667886,11.5650237438089,11.4719114001861,11.4768838555175,11.506627341331,11.6570601920598,11.8601497013948,11.9963805630813,12.1388826992627,12.3598723226691,12.5265542998604,12.6634705264189,12.7506803792782,12.7845315067508,12.6766205348638,12.5510214262133,12.4397294747408,12.2407300766328,11.9165271868767,11.6331975817055,11.3710309473151,11.0072205550589,10.5723712182252,10.1080890433504,9.545667770849,9.07689991717448,8.54666961974417,8.09956897157041,7.61715162841509,7.23538448529069,6.75762904553125,6.32977251387358,5.97965289881202,5.61506546185471,5.31977350824033,5.03611619984187,4.814200492602,4.67139476605115
"Cote d Ivoire","CIV","Upper","female 5q15","female",,,,,,,,,,,,,,,,,,,,,,,,,,,,,,,,,,,,,,,,,,,,,,,,,,,,,,,,,,,,14.5238933452384,14.5385788344237,14.6181103437477,14.8553255222876,15.0260630380179,15.1845805070377,15.3905196566524,15.5569872943614,15.6850821085075,15.8217817532647,15.8408054410821,15.7005487711251,15.5965113788747,15.4428883654393,15.1887805391752,14.7900154898748,14.4859504100549,14.2369410133174,13.8343102635353,13.3990471239123,12.9188722692657,12.3296032482965,11.8506391333595,11.2941004803685,10.8427297854899,10.355012979453,9.99998067376481,9.51074393418114,9.07777059234003,8.76543327339376,8.40255706429406,8.12442086394389,7.78724625476302,7.58692439550901,7.43802504179213
"Croatia","HRV","Lower","female 5q15","female",,,,,,,,,,,,,,,,,,,,,,,,,,,,,,,,,,,,,,,,,,,,,,,,,,,,,,,,,,,,1.88971821908037,2.32741417808006,2.09466663731952,2.07640219002868,1.95447745629535,1.87090637726662,1.66557799799346,1.49810052194677,1.39336325057484,1.31350653186182,1.26226205065517,1.24877991588882,1.23494140083081,1.34069760773968,1.19518226676312,1.17831188393807,1.14477312563387,1.10287207913744,1.0603297953499,1.02045708596749,0.961575913297659,0.869995085232331,0.801223800766834,0.75103394963145,0.720444029151007,0.712709599512169,0.706545182183948,0.726822446843412,0.760501724747218,0.786413866187665,0.817316959127993,0.845686403311549,0.955886071428874,0.918055553336102,0.978727376412501
"Croatia","HRV","Median","female 5q15","female",,,,,,,,,,,,,,,,,,,,,,,,,,,,,,,,,,,,,,,,,,,,,,,,,,,2.66603087480361,2.44800259056241,2.2465991909924,2.06250931933711,1.8820566417588,1.79269586486538,1.73895472782075,1.75712575427376,1.91597727681212,2.0949424144368,2.59092568017249,2.3228756425074,2.31284995651141,2.19932727355833,2.09808403180797,1.85224382889596,1.66519302632032,1.54533142476096,1.46255452814239,1.41092739791373,1.39964303338092,1.38916751511032,1.51225719989256,1.34807344448895,1.32609537057576,1.28888731087165,1.24412127083739,1.19662150822781,1.15253744833101,1.08703054084521,0.990870622322411,0.918712801546069,0.864840017122066,0.830835181722041,0.825003250868866,0.825428760144963,0.851080739795271,0.891287589833177,0.927939974944638,0.976619690330935,1.03935041634119,1.20910921700882,1.19998942916692,1.30975351731768
"Croatia","HRV","Upper","female 5q15","female",,,,,,,,,,,,,,,,,,,,,,,,,,,,,,,,,,,,,,,,,,,,,,,,,,,,,,,,,,,,2.31198249040027,2.88136870053848,2.56812698825683,2.56049222590624,2.46025048074395,2.34837159957486,2.0512695803411,1.84232025565517,1.70901952994976,1.62524320967719,1.57127956922263,1.56277599144261,1.55986940356222,1.70368228155068,1.51577903641065,1.48896292326964,1.45131679495732,1.40146426829082,1.34845553763473,1.29941675359549,1.22657856910813,1.12218047698763,1.04702844771355,0.988990697985803,0.954179469811902,0.9501695358335,0.954012211394606,0.987145365368825,1.04161728825631,1.09525008383098,1.16427049559629,1.2670021960302,1.50725471371722,1.52784544105004,1.70357522931646
"Cuba","CUB","Lower","female 5q15","female",,,,,,,,,,,,,,,,,,,,,,,,,,,,,,,,,,,,,,,,,,,,,,,,,,,,,,,,,,,,3.43169250777294,3.44240116683758,3.36076512323764,3.12907346911298,2.98193477850911,2.76143367755459,2.61271066284191,2.40785590062168,2.31083558521854,2.22994816815967,1.99578879933959,1.76952083001041,1.60413341162808,1.52967592945571,1.48312663131483,1.44976750450047,1.36747292435908,1.31889294715796,1.30401478163262,1.25586757704628,1.24285421528296,1.24957844703526,1.25908714183074,1.29520891155617,1.31545068914934,1.32750968473573,1.31647760891979,1.31148258986544,1.31925218814837,1.37710974616963,1.42667315405944,1.47706362697678,1.48749121925341,1.50430213962113,1.467425794062
"Cuba","CUB","Median","female 5q15","female",,,,,,,,,,,,,,,,,,,,,,,,,,,,,,,,,,,,,,,,,,,,,,,,,,,,,,,,,,3.50358993839803,3.63166185417978,3.62245218673546,3.62272201487298,3.53576238591157,3.30734675626569,3.15899466134179,2.93423842410532,2.77802562795225,2.57302145609257,2.47036667197509,2.38572910697761,2.14117064888175,1.89997502919745,1.73025337479533,1.64655770822331,1.59616798424544,1.55667442905549,1.47185912623186,1.42102458333906,1.40570196268691,1.35681979671315,1.34304550374315,1.34877307159579,1.35847384427616,1.39805074978069,1.42119066496857,1.43019577300223,1.41788921681907,1.41711479653112,1.42746570137093,1.48830676945289,1.54288064817111,1.59615485751846,1.62107513850241,1.65618150458817,1.64745450774888
"Cuba","CUB","Upper","female 5q15","female",,,,,,,,,,,,,,,,,,,,,,,,,,,,,,,,,,,,,,,,,,,,,,,,,,,,,,,,,,,,3.82005191780739,3.80599524877753,3.72558176194021,3.49065677862636,3.35069131783985,3.11394085315101,2.94979867427132,2.74096670165469,2.62653965494379,2.53657541634424,2.28462561793885,2.03225774076326,1.85089515299952,1.76533669778448,1.71083113796662,1.66778352014822,1.5805367090648,1.52977838410508,1.51433234681485,1.46310328174766,1.4506253302446,1.45717829315166,1.46769258410989,1.51108092600828,1.53206129486445,1.53924389314285,1.52750326123168,1.5264443255421,1.53885979734449,1.60538687711137,1.66492598606911,1.72320779095198,1.75422091349541,1.80382847786811,1.83656221359601
"Cyprus","CYP","Lower","female 5q15","female",,,,,,,,,,,,,,,,,,,,,,,,,,,,,,,,,,,,,,,,,,,,,,,,,,,,,,,,,,,,1.31422573434005,1.39981871951601,1.48205347433222,1.55470699863185,1.60002555605727,1.62462752276484,1.64145878435259,1.62945022937949,1.59958410590148,1.56234046583819,1.51152692915181,1.44332708106339,1.36042847050141,1.26470538664687,1.16154064589899,1.0481153428309,0.93835416450195,0.824070933097765,0.726884006008695,0.642346265094117,0.573466784301867,0.520766254586604,0.483136834276226,0.455176643485471,0.43458843787795,0.414399586931574,0.39814326322672,0.379495793949838,0.362236903036346,0.343990793892234,0.322647547329236,0.299052125285694,0.275216993527396,0.25094179831361,0.228147784245464
"Cyprus","CYP","Median","female 5q15","female",,,,,,,,,,,,,,,,,,,,,,,,,,,,,,,,,,,,,,,,,,,,,,,,,,,,,,,,,,1.51155559948906,1.58066871051064,1.65822443185747,1.7379543581572,1.81925212747325,1.88845198999263,1.93919208173935,1.97724542447064,1.99071242706827,1.98085977642019,1.94449708835631,1.90397006530362,1.8455179146319,1.77045815484136,1.67609178822425,1.56080675573206,1.4345732049579,1.30524833143779,1.17590118958259,1.04064314449322,0.924268826201191,0.820658667904001,0.736074194776436,0.673625214669017,0.629989820044108,0.59797751575214,0.572867905366132,0.552399548688095,0.535354380188177,0.515268941195977,0.497748828002216,0.479183075255273,0.458661520455662,0.43683049463303,0.414476087308957,0.391705612882032,0.371345670154958
"Cyprus","CYP","Upper","female 5q15","female",,,,,,,,,,,,,,,,,,,,,,,,,,,,,,,,,,,,,,,,,,,,,,,,,,,,,,,,,,,,2.05585978483751,2.12808776752125,2.20336800286953,2.28825041958137,2.34712391014037,2.37124379098875,2.38512422191841,2.38626843540449,2.34339949625716,2.28306505257852,2.22339276123818,2.13887807225519,2.02998627726144,1.90112640532378,1.75169718528007,1.60126898593713,1.4468662288447,1.30012995806224,1.15887505129422,1.03555581550894,0.93514339211047,0.858600460385307,0.804834974260581,0.768565362625438,0.739763376013954,0.720931617623791,0.706522045809929,0.689819958688924,0.673022418055472,0.658148904471464,0.645015270384036,0.625689074369042,0.608078531686461,0.599159918837029,0.587767072676857
"Czech Republic","CZE","Lower","female 5q15","female",,,,,,,,,,,,,,,,,,,,,,,,,,,,,,,,,,,,,,,,,,,,,,,,,,,,,,,,,,,,1.69770264497956,1.66862591584129,1.58620955693681,1.53896036775493,1.50250609193624,1.45966567857473,1.3680356771009,1.34610086175214,1.34518513126541,1.32396670361653,1.34027525574217,1.32797856247954,1.30573574827615,1.25125755728543,1.19982225730765,1.15348768874313,1.07951308007375,1.05502467623623,1.02583625290484,1.01613994824939,1.00356345696217,0.97592859193696,0.936358302486947,0.891761447425306,0.867727630297644,0.870952307888607,0.861787966926632,0.850117519202406,0.833245601151285,0.827288818172631,0.818021586941886,0.813591245171179,0.814854891758623,0.807352616384254,0.780426034840308
"Czech Republic","CZE","Median","female 5q15","female",,,,,,,,,,,,,,,,,,,,,,,,,,,,,,,,,,,,,,,2.86612631450055,2.69268584337924,2.51305193608655,2.38312742597054,2.2693354462309,2.18985600439737,2.11875914378853,2.06044695692808,2.0160770681252,1.97600462374136,1.90788360846789,1.82694712448308,1.75898062803885,1.72989512807224,1.68253158742181,1.63987740215713,1.6026357188613,1.59671368838875,1.64048580578552,1.69013152309392,1.72140003235984,1.81981856833293,1.78676255606607,1.70237942574468,1.65392096229221,1.61351688462298,1.57030584543399,1.4768142389238,1.45256161832419,1.45389376750134,1.43547429885278,1.44967612941798,1.43812219994381,1.41424926616484,1.35447279187543,1.30252544025513,1.25378769333037,1.18101509432935,1.15279541365549,1.12330666261539,1.11028078479314,1.09536819648033,1.06758326257148,1.02831148175097,0.982994357696311,0.959160420659415,0.960284211175621,0.95069892586694,0.940777857690818,0.921319939877234,0.916146420119155,0.908181648610815,0.90480635113513,0.909380414070063,0.905070981844407,0.889366048739363
"Czech Republic","CZE","Upper","female 5q15","female",,,,,,,,,,,,,,,,,,,,,,,,,,,,,,,,,,,,,,,,,,,,,,,,,,,,,,,,,,,,1.94629586903566,1.91155848725325,1.82931626655199,1.77730286779732,1.73147244812457,1.6842612841567,1.59045699962084,1.56716835888954,1.57018153504866,1.54770224891762,1.56361595226077,1.5522833470159,1.52722154386227,1.46783456766777,1.40949061748293,1.35905298587386,1.28296690750883,1.25145351904382,1.22053421168004,1.21177580040081,1.19412405072628,1.16489986170865,1.12379777291971,1.07812690424566,1.05272350132822,1.0580935919911,1.04720350183857,1.0356314976028,1.01337352226766,1.00816041213451,1.0021205223497,0.999268114063691,1.00753338136424,1.01208059165082,1.0041973328578
"Denmark","DNK","Lower","female 5q15","female",,,,,,,,,,,,,,,,,,,,,,,,,,,,,,,,,,,,,,,,,,,,,,,,,,,,,,,,,,,,1.25898664252183,1.22675320379228,1.1945793554625,1.14832722204055,1.12362524881473,1.10845586246782,1.11269643544551,1.10264243020524,1.07462267168471,1.07169529608797,1.06309300047529,1.0331401534416,1.00362321130535,0.967845517932399,0.94774054022653,0.9222632663885,0.896165250530055,0.860709569224921,0.819684601152775,0.780967427732366,0.736059416446737,0.687697864607104,0.644626522818733,0.617643228456644,0.603715548967971,0.599494076251842,0.602154508645388,0.589594739436461,0.580522649743744,0.57946746607654,0.579149924942125,0.571920031405229,0.560401534979748,0.545085943071701,0.535406509130504
"Denmark","DNK","Median","female 5q15","female",,,,,,,,,,,,,,,,,,,,,,,,,,,,,,,,,,,,,,,2.19188073429487,2.15474752805512,2.05602912500547,1.98104977316447,1.91286742154166,1.81307914315753,1.78283040382028,1.78191920622824,1.8135649316479,1.87731854500584,1.8727130502634,1.84872140797223,1.75486205453952,1.67100529817495,1.57972156768557,1.53643239221585,1.50603421277281,1.49076349965971,1.45274138258862,1.43608459322264,1.41385423274392,1.39074139983503,1.35517886362221,1.32346604786332,1.27488279863358,1.24859232567467,1.23016106229788,1.23308445846844,1.22867317800671,1.20168407569515,1.19469194040039,1.18951773014362,1.15570488971894,1.12527705200821,1.0876898151795,1.06487553541795,1.03495660861528,1.001508909415,0.961535493741052,0.91773593722019,0.876266993501495,0.82765927977406,0.777106476515293,0.732251771955727,0.701601249137651,0.688078769803528,0.68196156478996,0.681733280470437,0.668706869546803,0.65698467410897,0.654289950929526,0.656273275526889,0.652413338977023,0.644598562988386,0.632766067538452,0.625124435663717
"Denmark","DNK","Upper","female 5q15","female",,,,,,,,,,,,,,,,,,,,,,,,,,,,,,,,,,,,,,,,,,,,,,,,,,,,,,,,,,,,1.53100779098503,1.49143213751768,1.45749672095508,1.40774634328432,1.38341959065395,1.36608167718862,1.3733170676915,1.36295758672335,1.34009861545662,1.33246863345256,1.32676028878895,1.29563995477543,1.26012479134673,1.22316181607912,1.19318289939307,1.15316815275096,1.11587154490868,1.07251909510258,1.02571140967583,0.979876276242392,0.927086995941255,0.870561747067334,0.821004151233216,0.787898458852659,0.773005965131686,0.76614178786101,0.765459029921291,0.750069976167247,0.737308750679618,0.735921942031844,0.741793773753206,0.739440499296521,0.734834520176441,0.727871788228635,0.732369114953579
"Djibouti","DJI","Lower","female 5q15","female",,,,,,,,,,,,,,,,,,,,,,,,,,,,,,,,,,,,,,,,,,,,,,,,,,,,,,,,,,,,13.9236972374223,13.7588578824589,13.6741955758941,13.3447947765123,13.1906614589935,13.0058449881852,12.8347508989778,12.7088211217267,12.5396380978551,12.3567597376639,12.1310868787432,11.80623690788,11.5658616373811,11.2967182592494,10.973183555465,10.6911996156358,10.3450439330794,10.0756073875216,9.75342022542457,9.48144197672763,9.22711068993264,8.97632978220261,8.67150426420233,8.41791969604702,8.10617500510837,7.82010418000971,7.50942046681341,7.1904368435519,6.9511331951037,6.62271235182467,6.27161317617076,6.06269648904284,5.76090011011374,5.42444297533428,5.15133583303236
"Djibouti","DJI","Median","female 5q15","female",,,,,,,,,,,,,,,,,,,,,,,,,,,,,,,,,,,,,,,,,,,,,,,,,,,,,,,,,,,,18.6961180729348,18.4804377451172,18.3772858739151,17.9130185576223,17.7565680932419,17.5496055337493,17.3330767518844,17.1052333998519,16.9007910981562,16.6417671629038,16.3499686770771,16.0136709270186,15.6925488360809,15.3595826101928,14.9749069839718,14.6385482457761,14.2555155270396,13.9463887988035,13.5617978155037,13.2331537343495,12.864806044938,12.5657804978502,12.1874136823081,11.8656729963143,11.50367703581,11.2052777519485,10.814783873988,10.4075036810402,10.1148441924038,9.76145764469421,9.38482947202493,9.10017613373575,8.67695033403686,8.31194547598097,7.94154284339765
"Djibouti","DJI","Upper","female 5q15","female",,,,,,,,,,,,,,,,,,,,,,,,,,,,,,,,,,,,,,,,,,,,,,,,,,,,,,,,,,,,24.5336033223102,24.3127853364386,24.2110586367243,23.6040224561476,23.4719440014233,23.1711543703504,22.8758334404998,22.6425591048249,22.4428030465119,22.094613898433,21.7856493752707,21.2432939965073,20.8312603034877,20.4134200937602,19.9658608330816,19.5688234814173,19.0781322503629,18.693316294913,18.2584419180234,17.8582654671672,17.4055877020117,17.1372425150072,16.6813110598524,16.2725176730025,15.8039542272198,15.4865249321957,15.1185910868714,14.6493192514,14.2932389630271,13.8090502581445,13.3097620711089,12.9514920083668,12.4662968451229,11.9962456699156,11.5643075299989
"Dominica","DMA","Lower","female 5q15","female",,,,,,,,,,,,,,,,,,,,,,,,,,,,,,,,,,,,,,,,,,,,,,,,,,,,,,,,,,,,1.92698659544204,1.94600775337424,1.93551742495167,1.93346174034333,1.91654228951064,1.88100637237439,1.83475117845127,1.78324673939981,1.73412534629385,1.67258486296827,1.60396753452701,1.53481422709716,1.45019549538152,1.34833610419887,1.25619306613456,1.17304336294934,1.08917743688904,1.02596273851188,0.971730267477078,0.930527155565087,0.90333428311733,0.887824890647567,0.869166013981217,0.846351483214249,0.840021827635525,0.832187995955575,0.823840878893308,0.809923599675454,0.812932148626808,0.804363838625196,0.794272379436758,0.778956597290992,0.757561548232256,0.722600723748989,0.690866815544154
"Dominica","DMA","Median","female 5q15","female",,,,,,,,,,,,,,,,,,,,,,,,,,,,,,,,,,,,,,,,,,,,,,,,,,,,,,,,,,,,3.087565059859,2.97210732384004,2.8622354029397,2.77405594416243,2.68537340958463,2.58763200792356,2.48965162063429,2.39787339725347,2.32234646355064,2.24122825762524,2.1571508102565,2.05967389757237,1.95473044426451,1.84512286332678,1.72577188674341,1.6119761478786,1.51336098750777,1.42952202096036,1.36631507181485,1.31756180616087,1.28186359083294,1.25505130308224,1.23647905656114,1.22112355980076,1.22312832579579,1.2246247674655,1.23569165866212,1.24737068593177,1.28635720554598,1.32088552141127,1.35127799160982,1.37580124585391,1.3774507665787,1.35734505929945,1.3228718166478
"Dominica","DMA","Upper","female 5q15","female",,,,,,,,,,,,,,,,,,,,,,,,,,,,,,,,,,,,,,,,,,,,,,,,,,,,,,,,,,,,4.37368187746146,4.17258299439015,3.95512723908227,3.77386783936378,3.61785696946925,3.4655924992636,3.30250769283972,3.16326312792403,3.04273130606118,2.93374623413656,2.82568784497746,2.70310737246293,2.57550716496573,2.44425078542017,2.30864895139734,2.16985345415437,2.05132136903015,1.95391968871512,1.88230283677931,1.81150736825138,1.76869477455114,1.74759159789253,1.74257327877042,1.71777194514648,1.73619397990779,1.76084601502711,1.8121298085013,1.86663144906936,1.96893924051981,2.08194815101987,2.17642107719612,2.28374583805345,2.33181595572529,2.36072087050063,2.34858960854885
"Dominican Republic","DOM","Lower","female 5q15","female",,,,,,,,,,,,,,,,,,,,,,,,,,,,,,,,,,,,,,,,,,,,,,,,,,,,,,,,,,,,2.45394855738162,2.67743833565045,2.85159992346715,3.05346283081671,3.20632987432002,3.37914099301362,3.52535469759239,3.62402501744498,3.69623619406312,3.7189158376033,3.72504139603796,3.67227362761386,3.60770376516344,3.53473759634782,3.49564207962183,3.42392150274941,3.33557641987517,3.17473638058637,3.0085277623094,2.81252724894151,2.62711947926109,2.41312816213468,2.21227916897813,2.01803597818723,1.87533826605954,1.73728761032783,1.6085111954731,1.49101160825314,1.39709516723254,1.3024615956307,1.21892478234038,1.15438277943412,1.07559640848217,1.01965203915249,0.952035787297389
"Dominican Republic","DOM","Median","female 5q15","female",,,,,,,,,,,,,,,,,,,,,,,,,,,,,,,,,,,,,,,,,,,,,,,,,,,,,,,,,,,,3.91176884873273,4.02286040995682,4.13474466355469,4.28037374344279,4.40368442911579,4.55061976285325,4.65723981929752,4.75452611078525,4.81840035320628,4.82973567150067,4.81757199591586,4.73521230082769,4.66544986185361,4.61422934910124,4.59151420709249,4.53454087049137,4.44671068682559,4.29052103568499,4.11641576726274,3.90522452831707,3.67902330631667,3.46198453149138,3.2671331495066,3.10200896707483,2.97147144301333,2.85964127106942,2.76620308039688,2.65755026851891,2.572814911129,2.48558334860761,2.39282797069373,2.32335972232338,2.23703453586924,2.17742899024872,2.11891500539992
"Dominican Republic","DOM","Upper","female 5q15","female",,,,,,,,,,,,,,,,,,,,,,,,,,,,,,,,,,,,,,,,,,,,,,,,,,,,,,,,,,,,5.70647568582492,5.74468313988347,5.80202654719648,5.90823444805838,5.96721868418827,6.0471551870167,6.08958765179851,6.19946862457072,6.244507295531,6.24311594473164,6.18920186856019,6.09658239908268,6.07648894285832,6.05648484770759,6.03253852019719,5.99268233334671,5.91682980058946,5.78472308139694,5.62118239533207,5.41518499474349,5.15848934148083,4.98320716151687,4.82905898483732,4.70315463564931,4.63760782885225,4.59067623737424,4.54078892479652,4.47047549986628,4.42955799034783,4.38333350381015,4.29236827203953,4.22789965288673,4.11993294108624,4.0779697327692,4.03769050500237
"Ecuador","ECU","Lower","female 5q15","female",,,,,,,,,,,,,,,,,,,,,,,,,,,,,,,,,,,,,,,,,,,,,,,,,,,,,,,,,,,,3.7559656713584,3.692452211605,3.64190670240235,3.59291531811625,3.56144681273407,3.53278689771869,3.50564783728595,3.47669743657404,3.42296322564625,3.3550469781433,3.29543279066309,3.24145836236765,3.19645620456817,3.18617600704457,3.22000089445446,3.23377147402524,3.25006010675881,3.27359539055894,3.257844214699,3.22121652256869,3.14203695936758,3.01228466563098,2.86083686439772,2.70344645339772,2.53164209441814,2.38742163473355,2.27598045404808,2.14200699265962,2.02576302649665,1.9583522504549,1.98348888801944,2.12465180785474,2.40960883425339,2.96755240435541,3.73581268542591
"Ecuador","ECU","Median","female 5q15","female",,,,,,,,,,,,,,,,,,,,,,,,,,,,,,,,,,,,,,,,,,,,,,,,,,,,,,,,,,,4.40867052673992,4.26080253044062,4.15615849237631,4.07183400534551,4.01374461840003,3.96999101712977,3.94241150801989,3.91636085645769,3.8895060404203,3.84804019697192,3.79556068246101,3.75742407610174,3.73832057500534,3.73634450758858,3.76385282575824,3.81901909619564,3.85587001692004,3.86679564929666,3.87420069533945,3.81562198190971,3.72130921498797,3.57705326316023,3.41494580273459,3.22694120568613,3.03478210507122,2.84153546567257,2.6790080989042,2.55269670452888,2.41253121699342,2.27313961944551,2.19323670489768,2.2114491338347,2.35075382128255,2.64987660074004,3.18080697380365,4.22022213397399
"Ecuador","ECU","Upper","female 5q15","female",,,,,,,,,,,,,,,,,,,,,,,,,,,,,,,,,,,,,,,,,,,,,,,,,,,,,,,,,,,,4.79908033455665,4.6449723954913,4.52661822922093,4.44466642739842,4.40370077547129,4.38280755257167,4.34544446283997,4.32327452198277,4.29618977771366,4.26321763691938,4.24892214361759,4.29612564632232,4.34351571008974,4.41367428281031,4.49248075076169,4.53439165785894,4.55299753340345,4.53279294911204,4.43397705970547,4.28025635083253,4.06809526997674,3.85345652028083,3.60882858386908,3.40033284621216,3.18001547602592,2.99282544400286,2.85203000846582,2.69435185781333,2.53181581359833,2.44432628162631,2.46691846216263,2.60777878923349,2.89704999957231,3.40852970589893,4.73259981094636
"Egypt","EGY","Lower","female 5q15","female",,,,,,,,,,,,,,,,,,,,,,,,,,,,,,,,,,,,,,,,,,,,,,,,,,,,,,,,,,,,4.60514624458108,4.28240813351155,4.04393423331063,3.87297592408117,3.72540218054213,3.56946386616606,3.40138436739397,3.233976256951,3.05016126776418,2.86215108900076,2.71448829554806,2.58089709613624,2.4762156895321,2.35728728413279,2.2333623079622,2.13658990232448,2.04395362944543,1.98656056218428,1.9542703791626,1.95273108625753,1.98760705086489,2.04139232990026,2.09826268709081,2.10850472543463,2.09374605845249,2.05658990790658,2.0105254328217,1.98314784514649,1.96981031085869,1.98002646728634,2.01067242542744,2.04657072183304,2.03931147575827,2.00408842908524,1.92979706955921
"Egypt","EGY","Median","female 5q15","female",,,,,,,,,,,,,,,,,,,,,,,,,,,,,,,,,,,,,,,,,,,,,,,,,,,,,,,,,,6.11071729590424,5.58352231550841,5.12884978067595,4.73514166571308,4.45850821373519,4.25117387986607,4.0885829556936,3.91559294251143,3.73559846454434,3.53857949764564,3.33611549848528,3.14591094610257,2.98075477287683,2.84091206297185,2.71591436367798,2.59232843277662,2.46056230426051,2.35160684771618,2.25393617554961,2.19080206208589,2.15901992205389,2.16442735743117,2.20779146174243,2.26503345661102,2.32453152459634,2.33839935655554,2.32394925430005,2.2869845464462,2.2286860812716,2.19508864767528,2.18686004997822,2.21010780884096,2.25792223182622,2.32954796429577,2.39208116485468,2.42041466383859,2.40515228369247
"Egypt","EGY","Upper","female 5q15","female",,,,,,,,,,,,,,,,,,,,,,,,,,,,,,,,,,,,,,,,,,,,,,,,,,,,,,,,,,,,5.65239996306385,5.19756366813316,4.89046825035382,4.6524994095387,4.47026943655826,4.27087071952071,4.07345718285307,3.85760633343494,3.64664959157286,3.43713246835272,3.26011157677489,3.10461151661042,2.97474981500183,2.83566516067251,2.70116424718021,2.57656467471793,2.47647228794294,2.40938034471168,2.37469212267072,2.3834244514551,2.43448136703286,2.49771594028267,2.56711313310027,2.58858898389779,2.56951450223305,2.52945029407724,2.45897952271594,2.41902601261407,2.41110498688307,2.44541593448211,2.51274673911901,2.63735203812766,2.7757392036769,2.87702551426495,2.94882958913341
"El Salvador","SLV","Lower","female 5q15","female",,,,,,,,,,,,,,,,,,,,,,,,,,,,,,,,,,,,,,,,,,,,,,,,,,,,,,,,,,,,4.33583936890862,3.72176367615304,3.73058065618191,3.84901322736653,4.08635218358805,3.99137721234962,4.00538190933842,3.96348198219494,3.65847567648033,3.47038618429051,3.1945430947855,3.03235182836522,2.98353446222712,3.00251183543647,3.1052908017891,3.1985290143982,3.27046321853561,3.42757476364957,3.48759782306485,3.39883509683969,3.17248426201235,2.93078954159356,2.76575384978248,2.77742887765416,2.74427456109402,2.83735995637109,2.77870859894767,2.69367943285246,2.25621511507801,1.71268133811365,1.42546651424871,1.24116277428639,1.11826799995434,1.02055171190569,0.94007439574201
"El Salvador","SLV","Median","female 5q15","female",,,,,,,,,,,,,,,,,,,,,,,,,,,,,,,,,,,,,,,,,,,,,,,,,,,,,,,,,,8.22427862186985,5.82041159217803,4.71951723274193,3.98832072841806,3.97966038234805,4.10047174531549,4.33900793572091,4.23746103286222,4.25172186334051,4.21322939567986,3.90573669484479,3.69967487577517,3.41393724505994,3.24385047088951,3.19617497241182,3.21965364390827,3.32085514842922,3.41503369653969,3.49307749737966,3.66151485289794,3.72783262840871,3.62655390198947,3.3862846570575,3.12485068900961,2.97236560454426,2.98725865625754,2.95040548842259,3.04333484107113,2.98881895686339,2.91547913922116,2.49330982343644,1.98222682615151,1.71842339460103,1.56953665783206,1.48912599211928,1.42436176597055,1.37062440828875
"El Salvador","SLV","Upper","female 5q15","female",,,,,,,,,,,,,,,,,,,,,,,,,,,,,,,,,,,,,,,,,,,,,,,,,,,,,,,,,,,,5.14162508154314,4.26760618367816,4.23735900919046,4.36229592635039,4.59849273440854,4.48981198662794,4.50815108476473,4.46499908264058,4.16247116492496,3.9404873858511,3.63420444292739,3.46095860834765,3.42032083656429,3.43785385135026,3.54874458123524,3.64189138062302,3.72779408229464,3.90088367800907,3.97505269085119,3.86183142170394,3.6068730863173,3.3326194627403,3.18388588722477,3.20932863919722,3.17117513669581,3.25640198590606,3.2180048922408,3.15361592373233,2.74458825652891,2.29484942802995,2.06872969497512,1.96975072329206,1.94476736806847,1.93162392359282,1.9324745894779
"Equatorial Guinea","GNQ","Lower","female 5q15","female",,,,,,,,,,,,,,,,,,,,,,,,,,,,,,,,,,,,,,,,,,,,,,,,,,,,,,,,,,,,15.5441731509007,15.401094216328,15.3055770245065,15.2515121840674,15.1082227256233,15.0323651034326,14.8828266758788,14.6159850459898,14.4267203932161,14.1572209397618,13.8768368314494,13.450694641631,13.1074686697929,12.7296888421746,12.4131148901361,12.0162663694959,11.5951219483517,11.143396683122,10.7579577259604,10.3950799208968,10.0367856522223,9.68956291703493,9.39021105295378,8.98892840273312,8.61154859203436,8.34881745427917,8.07815385280918,7.74711046953402,7.43736700931729,7.2096852067405,6.8347166284807,6.5716849137436,6.22442778283227,5.9788082058072,5.66370560973331
"Equatorial Guinea","GNQ","Median","female 5q15","female",,,,,,,,,,,,,,,,,,,,,,,,,,,,,,,,,,,,,,,,,,,,,,,,,,,,,,,,,,,,20.6635226205867,20.5323030881757,20.3896709528709,20.3293491588773,20.1788288207971,20.0511914170005,19.8696792812992,19.648791054142,19.3551727260573,18.9923177127749,18.6180778553422,18.2030980350141,17.811201689158,17.3865202711549,16.9732768058896,16.4730570373039,15.8989407185962,15.3729928217749,14.8908469263764,14.3740701501889,13.9213675598398,13.5052707759013,13.1265892646607,12.7334126103846,12.3335403780519,11.9530764667315,11.618567391921,11.2035558012066,10.8442248795359,10.5440027487661,10.1482675382668,9.75259976259192,9.36508741036297,9.07750032045408,8.69570471915218
"Equatorial Guinea","GNQ","Upper","female 5q15","female",,,,,,,,,,,,,,,,,,,,,,,,,,,,,,,,,,,,,,,,,,,,,,,,,,,,,,,,,,,,27.2223464659185,27.0876555504562,26.9377740881342,26.9086601847272,26.6841823631725,26.5154943969901,26.3623354815384,26.0521819971712,25.5949844271066,25.2576606588914,24.9119659410949,24.3460771811837,23.9147366646542,23.3716444843298,22.8283435239106,22.3049119636959,21.6133580225535,20.9874010764225,20.3562353231838,19.6852455190888,19.0514043365826,18.4880134210805,18.0367367870652,17.5783160084247,17.039733925517,16.5773134049882,16.2154210904909,15.7395467880185,15.2932094286058,14.9546679925446,14.4537094710326,13.9213875483093,13.498623100729,13.1582148024936,12.6557896480945
"Eritrea","ERI","Lower","female 5q15","female",,,,,,,,,,,,,,,,,,,,,,,,,,,,,,,,,,,,,,,,,,,,,,,,,,,,,,,,,,,,17.7179289946558,17.0735354186334,16.3452971854686,15.6008973517823,14.8235829932797,13.9436448428757,13.164747670161,12.4343014404685,12.5889331426155,14.3370532052712,11.2655392566545,10.1869884080594,9.75096718379643,9.26794175488891,8.86712818073762,8.48279606395351,8.08688217360637,7.69937399518906,7.32777488552273,6.97009504400868,6.64135244221633,6.31188836018283,5.9895011494674,5.68246041937215,5.37272407159909,5.16499942675237,4.87944602006228,4.62354811026586,4.37185769913858,4.12443412082275,3.89161935513238,3.74093605429463,3.53571842832186,3.37464120691237,3.20216687425134
"Eritrea","ERI","Median","female 5q15","female",,,,,,,,,,,,,,,,,,,,,,,,,,,,,,,,,,,,,,,,,,,,,,,,,,,,,,,,,,,,23.4053855222084,22.616517385184,21.6006164601737,20.6349693336497,19.6063140121412,18.5870630086184,17.5830229100316,16.6869953246852,16.8954204838834,19.1809286738254,15.1070642198633,13.7579589227705,13.2100471931489,12.6099016668895,12.1071422222591,11.6345100034171,11.0947671753043,10.6649231139677,10.2102577368552,9.78724749216291,9.35621752488784,8.95835162584043,8.56998948303394,8.17663172514798,7.81019121328351,7.52466018505175,7.18278505204274,6.84809314160663,6.55205182528044,6.24952894922077,5.96879471808488,5.77148910113947,5.53410746774326,5.32321044239328,5.12216889625182
"Eritrea","ERI","Upper","female 5q15","female",,,,,,,,,,,,,,,,,,,,,,,,,,,,,,,,,,,,,,,,,,,,,,,,,,,,,,,,,,,,30.5985547329504,29.6759061766177,28.2744991250503,26.9514663156019,25.6910681405728,24.421879085113,23.1390662009079,22.0561231661466,22.3807834603628,25.4331307225495,20.0404300402464,18.2504897971898,17.5689978622957,16.7542628564046,16.2322773928244,15.5944459003602,14.9650430853342,14.458723932486,13.8458255402414,13.3168038563714,12.8003710522854,12.3000538540368,11.8692770618082,11.3724559266837,10.963300398743,10.6107670579512,10.1718739411557,9.80233800104768,9.4167207595572,9.05978707125371,8.69921107904321,8.47484195746506,8.20082138595702,7.93076441433226,7.71047825464641
"Estonia","EST","Lower","female 5q15","female",,,,,,,,,,,,,,,,,,,,,,,,,,,,,,,,,,,,,,,,,,,,,,,,,,,,,,,,,,,,2.58847608344044,2.74878985997471,2.88890514117395,2.97085999692163,2.95093333472278,2.7165283694303,2.4628049536151,2.2564967801369,2.07746411041977,1.95844761856033,1.88574198431681,1.83349758807702,1.79107975675755,1.76970269027367,1.72705521257904,1.70533415374408,1.6652636488919,1.61456168429249,1.55269444153903,1.47311403064813,1.41682757749223,1.3802860122165,1.34132076081938,1.31022306718326,1.2972544166071,1.28310881476194,1.27648730841739,1.25536418272841,1.24494341606031,1.24867622641703,1.24887206453971,1.25720433902277,1.25752856666302,1.24564299354234,1.22751574651429
"Estonia","EST","Median","female 5q15","female",,,,,,,,,,,,,,,,,,,,,,,,,,,,,,,,,,,,,,,3.05467004373593,2.95431017893952,2.88584170944393,2.82102305086108,2.79843454413635,2.65939765292698,2.59943675011844,2.64716821572819,2.6168809485429,2.59789597922093,2.58038777578127,2.65775688453343,2.68418147399028,2.64703924021241,2.58209449174608,2.55447786205841,2.49172043194201,2.42806547367345,2.47691813281284,2.61102990726367,2.7538774285551,2.91643602490201,3.09661048079903,3.26145454609809,3.34620843762829,3.31328474287217,3.06209318062677,2.7912440716048,2.56355506807896,2.36727046239712,2.23309475588074,2.16115690353667,2.1008091194942,2.0591157082461,2.0349432471582,1.99377726524799,1.9736201793965,1.93137143682311,1.87831193756697,1.8057199156175,1.72926206945231,1.66415217281086,1.62257497423018,1.57774985374363,1.54926231187948,1.5316977292813,1.51908898491384,1.5121358282487,1.49484855607211,1.48929315506175,1.49301431647235,1.50933816272527,1.5367618303886,1.57358113111353,1.60204558094741,1.61920695306982
"Estonia","EST","Upper","female 5q15","female",,,,,,,,,,,,,,,,,,,,,,,,,,,,,,,,,,,,,,,,,,,,,,,,,,,,,,,,,,,,3.272742141792,3.47588703995519,3.66743317551371,3.75363803313148,3.70659886587543,3.43148103785476,3.13988439442358,2.89588446284184,2.69216135686626,2.5431195409775,2.46698598133615,2.3919029533975,2.34931376314393,2.33416384352684,2.29439543058343,2.27026027484172,2.2295759405515,2.179951830605,2.09200246302484,2.01005370023742,1.93909725998038,1.8904148812941,1.84746187853991,1.81716822544816,1.79557110694347,1.78567622719252,1.77964859076082,1.7613296802039,1.75949724407125,1.77518780269758,1.8099353337868,1.86428495149609,1.94250289822434,2.0127838662664,2.07797597556209
"Ethiopia","ETH","Lower","female 5q15","female",,,,,,,,,,,,,,,,,,,,,,,,,,,,,,,,,,,,,,,,,,,,,,,,,,,,,,,,,,,,21.9519106371581,21.4653613758785,21.5524974674642,21.46394953896,21.1795297928988,20.7960881023466,20.2067967680173,19.45751629316,18.7720360961355,17.9731216025177,16.7318191627267,15.7759528053521,14.8652437166762,13.9409884775858,13.0517922816088,12.1786149179539,11.3842922724237,10.5578591361713,9.78599478469782,9.04034523680371,8.23166221380836,7.44381288713599,6.75449902696812,5.91048033128877,5.07516086285082,4.38788363758109,3.85474031461954,3.51181728117746,3.24745654916917,2.97647799298445,2.77546444188328,3.44558619122645,3.24639139916883,2.29613114737688,2.1347476817472
"Ethiopia","ETH","Median","female 5q15","female",,,,,,,,,,,,,,,,,,,,,,,,,,,,,,,,,,,,,,,,,,,,,,,,,,,,20.4301220101129,21.2866656285976,22.2495605073528,23.3290741898088,24.3153573963413,25.1079459150099,25.7245070472624,26.1885013130639,27.5143236137496,26.5556789112403,26.4372534344795,26.1394965501395,25.610739166914,24.9582443211399,24.1149259501897,23.2460469180872,22.3993822183291,21.5620898232784,20.1533567945475,19.0563922315461,17.9519340537651,16.8489726877285,15.8042972922004,14.8004489544745,13.997319414895,13.1046075055115,12.3289796218162,11.551891514459,10.7425416257257,9.95128425298562,9.20022971162141,8.36278047449481,7.45482181648156,6.73398573860461,6.14359543809983,5.7310402043127,5.46304568511707,5.15879703239791,4.97081454103907,6.27327887199259,6.0463525581695,4.41784829837876,4.21483818603553
"Ethiopia","ETH","Upper","female 5q15","female",,,,,,,,,,,,,,,,,,,,,,,,,,,,,,,,,,,,,,,,,,,,,,,,,,,,,,,,,,,,34.8639715563036,33.1814889197864,32.7085776556439,32.0028438207987,31.2243665003441,30.0856528220714,28.927258645505,27.7914561935517,26.7041466583389,25.5785136156135,23.89104721346,22.5940822875763,21.3729681418495,20.0789252769068,18.8761574535642,17.7630449921865,16.9445568295149,16.0821568683754,15.2683358336197,14.5020387427067,13.7275323614055,12.952687862822,12.2009840411913,11.2973993214338,10.3359187454097,9.55250602681458,8.8859390147313,8.40991774096869,8.11713329611434,7.83348090389972,7.63749694307367,9.8718801467325,9.69927970961547,7.17219267595918,6.9265688525138
"Federated States of Micronesia","FSM","Lower","female 5q15","female",,,,,,,,,,,,,,,,,,,,,,,,,,,,,,,,,,,,,,,,,,,,,,,,,,,,,,,,,,,,3.40433958785617,3.34878560363054,3.28785299296635,3.22413596946895,3.19526912196008,3.12412312566612,3.07366987411499,3.01609161542409,2.94440653682887,2.86788139444872,2.78954281552033,2.72548462154301,2.65607574333979,2.6172010393152,2.57522731984792,2.57026451351846,2.56299805941787,2.54909584468135,2.51785530745338,2.48837927587921,2.43096580235768,2.39075226914799,2.32615900077973,2.26927275946848,2.21499044812539,2.15859527436267,2.11103012057304,2.05827718775742,2.00685943787007,1.94123395267611,1.90271851690082,1.84936996596092,1.80987856359031,1.7727793617419,1.71552648934332
"Federated States of Micronesia","FSM","Median","female 5q15","female",,,,,,,,,,,,,,,,,,,,,,,,,,,,,,,,,,,,,,,,,,,,,,,,,,,,,,,,,,,,4.70406792547058,4.62253134118322,4.54359374951474,4.46759852642755,4.40928641447341,4.34174040417882,4.26716576272627,4.20876283781486,4.10685426208876,4.02435683646298,3.91986239687863,3.84268433471959,3.76857833984514,3.7313898585395,3.70241872627855,3.69917573036793,3.69642706000977,3.69296851412928,3.65446165693756,3.62644875028085,3.58321360522868,3.53139237515768,3.46764357019538,3.42076142253398,3.35255922239813,3.28907210247591,3.23429242615926,3.18633819384576,3.12356917926349,3.0724215209301,3.0241953666978,2.98345625862946,2.92532639114197,2.85508185484248,2.79773933660169
"Federated States of Micronesia","FSM","Upper","female 5q15","female",,,,,,,,,,,,,,,,,,,,,,,,,,,,,,,,,,,,,,,,,,,,,,,,,,,,,,,,,,,,6.36328350247815,6.27990615190685,6.18193118216727,6.08823680402757,6.05015776268041,5.94643527901874,5.85430737474967,5.78692831017548,5.68000953042247,5.59323258865016,5.47242567980381,5.38078477150641,5.28586866894156,5.25145053421685,5.19906703504259,5.20821719394433,5.22375430638531,5.23985933722586,5.21998754277962,5.20698175933008,5.12291411086691,5.07056138612727,5.01095043714168,4.92935549667387,4.85852249420904,4.82247757073546,4.75212662130636,4.7088192637316,4.6465575994749,4.5909728750234,4.53263880806571,4.4740997411449,4.4208696212785,4.32897719839143,4.2759530653339
"Fiji","FJI","Lower","female 5q15","female",,,,,,,,,,,,,,,,,,,,,,,,,,,,,,,,,,,,,,,,,,,,,,,,,,,,,,,,,,,,2.11902053682658,2.32635319160374,2.54496434391187,2.76290225314882,2.94320143482212,3.1507083584833,3.3466771761873,3.56757766561069,3.78475252713265,3.95987361225899,4.15761050254893,4.28047450179599,4.36747059818264,4.3050488846836,4.21591028682926,4.1268477451363,3.98687334052145,3.89653059301478,3.84816025847423,3.73773247547313,3.64707908428272,3.54454868810355,3.4575276295569,3.3578554552652,3.28944164128707,3.19878516023893,3.12403564298369,3.08917392720951,3.01094683587095,2.93605446126083,2.85223470555037,2.73059226027124,2.57500318335976,2.41366853259978,2.27413550262428
"Fiji","FJI","Median","female 5q15","female",,,,,,,,,,,,,,,,,,,,,,,,,,,,,,,,,,,,,,,,,,,,,,,,,,,,,,,,,,,,4.68277459266454,4.66082600128736,4.66411332514701,4.67930893544626,4.65871523264494,4.68370373989976,4.68381871077685,4.71963727624575,4.7521480698861,4.76969297266303,4.82167512262617,4.8616144304294,4.89709436659083,4.79639213339391,4.69476483884497,4.58683059432561,4.4389610424839,4.32683282611873,4.26799793574744,4.14918676383928,4.05826037804289,3.95454709220372,3.86158232967559,3.76043399832328,3.69537170913764,3.61597531270649,3.55186639349911,3.53141751652399,3.49267197227405,3.46491290067596,3.44690676941232,3.39978611847021,3.32593960733581,3.24988732831798,3.17089566285468
"Fiji","FJI","Upper","female 5q15","female",,,,,,,,,,,,,,,,,,,,,,,,,,,,,,,,,,,,,,,,,,,,,,,,,,,,,,,,,,,,6.89463979951738,6.67165395612194,6.5284327711643,6.34156632782712,6.1307654444546,6.01309312745101,5.86086219951683,5.76282411664155,5.67760643063866,5.56955382907072,5.51010257175655,5.44966612820499,5.44499169989178,5.31889770733906,5.20604535625525,5.09454006441217,4.92397458684549,4.80789205592352,4.74458610688469,4.59994618312658,4.49837327360403,4.37133472242708,4.26997891640974,4.1770351118288,4.11155515007604,4.04386392093056,4.00196982223875,4.01776913566879,4.02152738964103,4.08936101870072,4.17486125764061,4.23588079232015,4.27486703391051,4.30078594216735,4.31846145528155
"Finland","FIN","Lower","female 5q15","female",,,,,,,,,,,,,,,,,,,,,,,,,,,,,,,,,,,,,,,,,,,,,,,,,,,,,,,,,,,,1.73558747926295,1.6173917104224,1.48930762749547,1.33514653331866,1.23305377047891,1.1828434180731,1.19111329626836,1.21032229722739,1.22383719559699,1.25079802870901,1.25631226409025,1.24825559328077,1.23279169084322,1.21629652699994,1.21928538006353,1.20761763930059,1.17519429799459,1.17124383914622,1.15578367493601,1.12738367957709,1.08212476841557,1.0375907650637,1.00683065423283,0.963070090994421,0.916025208863798,0.911628296316808,0.926983354113182,0.95848449068171,0.99928615203832,1.04794015006177,1.06783384238573,1.08131531472753,1.08818362119867,1.05687919957448,0.995167450174969
"Finland","FIN","Median","female 5q15","female",,,,,,,,,,,,,,,,,,,,,,,,,,,,,,,,,,,,,,,2.32762786510951,2.31313346324499,2.36435552135771,2.37192935717975,2.40193441598143,2.35542366256817,2.17621208748375,2.01389482380424,1.86758365608761,1.74817912133122,1.67447707367492,1.59900469519127,1.54101351376895,1.53353286962409,1.52989161396762,1.55967163527364,1.5893134346146,1.66730250717581,1.74680394665321,1.82351307690802,1.86849386599215,1.90379880925694,1.7826073881575,1.64424772217232,1.47999828211969,1.3687461806554,1.31174202510063,1.321086017572,1.33741930019991,1.35504864958503,1.38064154373341,1.39011395917939,1.37816225891343,1.36697299017404,1.35003316356785,1.35033948007105,1.33871216468045,1.30572361944633,1.30174642861169,1.28414660349535,1.25344178692829,1.20543520855502,1.15619336664189,1.11807186887803,1.06996364232449,1.02034623840658,1.01512918274603,1.03148923841315,1.06771056824609,1.11314526187501,1.16532791352265,1.19150879719174,1.2064457693094,1.22123109885931,1.19950950664816,1.14634701850527
"Finland","FIN","Upper","female 5q15","female",,,,,,,,,,,,,,,,,,,,,,,,,,,,,,,,,,,,,,,,,,,,,,,,,,,,,,,,,,,,2.08730322814695,1.9645568011777,1.80959325584819,1.63492067095138,1.51497571514858,1.45258383464321,1.4593824818764,1.4719230245454,1.49553696080326,1.51871028722069,1.53099751076906,1.52305725823106,1.50401302111508,1.48713801304889,1.48605286996177,1.47401313194759,1.44034906631578,1.43779129209938,1.41985589164972,1.38420138204978,1.33700659439359,1.27663835355993,1.23549466781223,1.18234648018413,1.13044060124541,1.12485454194945,1.14204138697849,1.1817582230574,1.23482528761483,1.29591117769984,1.3261806235514,1.34930080438492,1.3712235084269,1.35831304790273,1.31949144873789
"France","FRA","Lower","female 5q15","female",,,,,,,,,,,,,,,,,,,,,,,,,,,,,,,,,,,,,,,,,,,,,,,,,,,,,,,,,,,,1.54738323432114,1.50487424373259,1.48029247911914,1.47123532481123,1.36946784202885,1.36643028021862,1.31856220060948,1.31021559671839,1.27868658886875,1.26314770874702,1.30162528911641,1.24861712493776,1.15832732446355,1.05105484344398,1.00247770002701,0.938202753317975,0.887084164268527,0.842814236162519,0.814012951937301,0.788456673019097,0.748272994176992,0.744243499531536,0.732877721023017,0.710265983742625,0.686326328821825,0.669603123531598,0.649791582531293,0.647192929564139,0.633583727690357,0.627721830172754,0.618895151219545,0.635926008411599,0.651334665831505,0.632163415903616,0.612034024975465
"France","FRA","Median","female 5q15","female",,,,,,,,,,,,,,,,,,,,,,,,,,,,,,,,,,,,,,,2.57961930250008,2.67932258361883,2.65542332558374,2.70889534164611,2.64770390418149,2.62952170425799,2.58221637873364,2.55611331125011,2.5102399892219,2.46882430096682,2.44159876272141,2.39908269816559,2.44970652994148,2.25635638925908,2.18812596738682,2.11033508170806,1.97498051233947,1.9007881077467,1.77786383905332,1.69359515475307,1.63971467862392,1.61762594691349,1.57672100033436,1.55263470277733,1.5427230030617,1.44254798910729,1.43744065312698,1.38500465405737,1.37493004421846,1.34508624569914,1.32699995517815,1.36865121737815,1.31090175447282,1.21728048781153,1.10882641767182,1.06063177052818,0.99299643110031,0.939649023413918,0.893266781289057,0.86008689893864,0.833714888498234,0.793791100012729,0.788652496218001,0.776772317000473,0.752904901322301,0.72816014137047,0.710129909770543,0.690465745124815,0.687397350388969,0.672785994439371,0.666228715948326,0.65768085411354,0.675808613366029,0.693681978608042,0.682104985851259,0.689583478140824
"France","FRA","Upper","female 5q15","female",,,,,,,,,,,,,,,,,,,,,,,,,,,,,,,,,,,,,,,,,,,,,,,,,,,,,,,,,,,,1.69278743720001,1.64927715854648,1.62702626590121,1.61665441074,1.5151842220742,1.50829415196997,1.45353907557626,1.44244972193875,1.415039252111,1.39894872588005,1.44256426381206,1.3763850771419,1.27781503678199,1.16769354448922,1.11674635028403,1.04837724655973,0.992469830268638,0.944802419391079,0.911087368305016,0.881617177874334,0.840333698160466,0.834386277134576,0.820807480110486,0.798460333679941,0.771699975331505,0.751371790231696,0.732606421268315,0.729429341529186,0.712908631514897,0.706038118692847,0.697906760407691,0.717599913271626,0.737038129453617,0.735062197743111,0.772350177079936
"Gabon","GAB","Lower","female 5q15","female",,,,,,,,,,,,,,,,,,,,,,,,,,,,,,,,,,,,,,,,,,,,,,,,,,,,,,,,,,,,4.56745363580236,5.11602658123978,5.72900603219758,6.31252401964394,6.74527899121088,7.20685995943232,7.56727028007942,7.89190162563974,8.07710321042552,8.15643546837291,8.25674743644019,8.28998480838466,8.17290466368083,7.98643207894828,7.7003973341217,7.29987237638797,6.91380055296891,6.37048400157385,5.76494220296433,5.24578429116114,4.64025425494347,4.15725194680325,3.72662331245607,3.33438425247822,2.99482588205668,2.66954253057898,2.42787732316865,2.25250786293053,2.09892978647702,1.98785268502405,1.87835948144744,1.76376359353996,1.65547333358274,1.56739531919393,1.50181154251294
"Gabon","GAB","Median","female 5q15","female",,,,,,,,,,,,,,,,,,,,,,,,,,,,,,,,,,,,,,,,,,,,,,,,,,,,,,,,,,6.39943740871759,6.93605616802643,7.36810401192198,7.9176940427343,8.57427022720285,9.22127214941333,9.6471902542244,10.1248008503998,10.5196780591751,10.8211452830135,11.0288478282881,11.1070345364937,11.1392099449151,11.1578480037982,10.9898634157687,10.7389110483607,10.345061532858,9.87411289322814,9.37058276249682,8.76408179659495,8.03837105930801,7.42733383359351,6.7213560265412,6.1593599921509,5.64537414299744,5.23612571063696,4.87742150919321,4.54322928335789,4.30029029026154,4.11165159254709,3.9721993293548,3.87617548126246,3.77461836867196,3.66066099764543,3.52629835684773,3.4205599133813,3.31550616643332
"Gabon","GAB","Upper","female 5q15","female",,,,,,,,,,,,,,,,,,,,,,,,,,,,,,,,,,,,,,,,,,,,,,,,,,,,,,,,,,,,11.5913263862941,12.1327029832598,12.7815876602254,13.4641606796876,13.758214397585,14.2135615947604,14.6177091740268,14.8755847014635,15.0232111745963,15.0654552685321,15.0317356437013,15.0146384980307,14.7481456222384,14.3750787847069,13.8872490180328,13.3513679985243,12.7685235486989,12.0452450723338,11.2350693639589,10.5298583952629,9.67559560387021,9.0188538752667,8.41775580289912,7.93593265526753,7.53935102216703,7.18341931494779,6.91729432241162,6.69558542748766,6.57014145937687,6.45540159352575,6.37855341706536,6.25472755134395,6.12895888605616,6.00582325422312,5.91328331217624
"Gambia The","GMB","Lower","female 5q15","female",,,,,,,,,,,,,,,,,,,,,,,,,,,,,,,,,,,,,,,,,,,,,,,,,,,,,,,,,,,,14.929605111769,14.4807142404741,14.137236207739,13.6517247898394,13.212675545987,12.7774182836336,12.3729999067352,11.8683351248703,11.4496786444076,11.0140763533514,10.6072789409617,10.2094342134727,9.75761954735454,9.41873121175204,9.03467010607794,8.65383731578749,8.17625925878332,7.82898765583642,7.4679232412418,7.01952951879878,6.66312587900465,6.29036087744611,5.96647251307714,5.62658018515261,5.30696211416922,4.93257127027786,4.66516223455607,4.38410372582007,4.12956172764013,3.93085131113558,3.76332833556419,3.56589764967472,3.39426531284388,3.26193156518545,3.13431741024336
"Gambia The","GMB","Median","female 5q15","female",,,,,,,,,,,,,,,,,,,,,,,,,,,,,,,,,,,,,,,,,,,,,,,,,,,,,,,,,,,,19.7420313767613,19.2214873766365,18.6693228081502,18.1186546829552,17.5832754335567,17.0360995105723,16.4835051017864,15.9508396469066,15.4047600089036,14.8694387537738,14.356374234289,13.8406768189887,13.3090973653389,12.8369698447983,12.3531133689136,11.8854569721175,11.3368291768219,10.8779214964375,10.4008290483534,9.87459951038846,9.39237644990886,8.95275223483764,8.51156725124997,8.10101594005057,7.6987860988347,7.23015117031003,6.89019232346957,6.54860866877037,6.26336599781993,5.98330103781451,5.78061635673237,5.54963173251,5.33674852691485,5.14173891420067,5.00250985162625
"Gambia The","GMB","Upper","female 5q15","female",,,,,,,,,,,,,,,,,,,,,,,,,,,,,,,,,,,,,,,,,,,,,,,,,,,,,,,,,,,,25.9204804331582,25.2687187067717,24.5807458955531,23.8583889035022,23.205905028578,22.4972051881071,21.8435432930264,21.0320167381683,20.4598870807813,19.7763844132616,19.1434755444623,18.5006553716823,17.8248246718033,17.1631728209894,16.5761165030762,16.0074679237867,15.2983919170756,14.783764393698,14.1670368958103,13.513504699353,12.9386680212174,12.3938191375447,11.8416833440076,11.309039597622,10.8531895101877,10.2691097557782,9.82730455798398,9.44463644752743,9.07573098581911,8.72191219056855,8.51502139906787,8.21285094541675,7.93040317244556,7.66080146225266,7.51568972719393
"Georgia","GEO","Lower","female 5q15","female",,,,,,,,,,,,,,,,,,,,,,,,,,,,,,,,,,,,,,,,,,,,,,,,,,,,,,,,,,,,1.50145523153012,1.39666049301396,1.33155190953096,1.34089019150945,1.31615115887127,1.37972768336277,1.34378808117712,1.24846409337131,1.19516591575908,1.29020730726785,1.43386338539418,1.52120814469535,1.51233269393763,1.40418064835927,1.25826149630071,1.16715290446607,1.16229726357073,1.26800463094762,1.36237662742979,1.36574048405937,1.28890221159285,1.19930943976089,1.16032401619392,1.20273334354697,1.36886673349855,1.53308731134436,1.57954987588685,1.53650879401776,1.45554869829756,1.42624017831818,1.43742556284915,1.42248986008183,1.38837498809431,1.336976390824,1.23728094887517
"Georgia","GEO","Median","female 5q15","female",,,,,,,,,,,,,,,,,,,,,,,,,,,,,,,,,,,,,,,,,,,,,,,,,,,,,,,,,,1.85777179437143,1.76763891892436,1.67292653080933,1.54944217235937,1.49737443456001,1.51129479265367,1.47681765628985,1.54427690215199,1.50479977946404,1.39429425676831,1.32583684169508,1.42532142333501,1.59350511654956,1.69268602356324,1.67875697043719,1.55048701192708,1.3950590607945,1.31384983387584,1.32964442610341,1.44632844744119,1.56106336577885,1.54748528556254,1.45678072785279,1.35351294210833,1.30496458129188,1.3543357941519,1.53786082653432,1.72252749634048,1.77366271618928,1.72794814511953,1.64221174168705,1.60960322328261,1.63059356573497,1.61949082540884,1.59444010860786,1.54973175515519,1.47262735658833
"Georgia","GEO","Upper","female 5q15","female",,,,,,,,,,,,,,,,,,,,,,,,,,,,,,,,,,,,,,,,,,,,,,,,,,,,,,,,,,,,1.85959601390202,1.72001635242575,1.66869106260667,1.69486428053508,1.64569535567199,1.71758729946626,1.6707528779864,1.54049282714048,1.46096201629638,1.57344400226485,1.76714801633607,1.88294023882342,1.8647799180509,1.72240274821924,1.53996960265363,1.46006105383728,1.49706788930792,1.64180273748195,1.78177075837918,1.74561625066241,1.63729733569165,1.52109346314,1.46541352770953,1.52774885283462,1.73133696051363,1.94217937471,2.00245714551405,1.94635653430755,1.85226077691455,1.81529488634469,1.83844006792527,1.8331017653062,1.81450424514273,1.78599262238733,1.73684730109154
"Germany","DEU","Lower","female 5q15","female",,,,,,,,,,,,,,,,,,,,,,,,,,,,,,,,,,,,,,,,,,,,,,,,,,,,,,,,,,,,1.54818127932905,1.56989424969684,1.57632859481782,1.57403636169974,1.51990428451172,1.51135163734144,1.46176058442667,1.37736876924381,1.40986090019252,1.37440475852419,1.33004200509992,1.27106306236818,1.16231491083577,1.10088820693681,1.0531291369513,0.978683587538195,0.927916873002611,0.880651332309602,0.849852350748678,0.860304693857971,0.839386372888746,0.793419373422865,0.773980019261302,0.781624974703489,0.766542286768107,0.774774357644864,0.745901658363944,0.725503019394309,0.704156978549938,0.680667415630117,0.679729422586506,0.716545860355114,0.772385882568933,0.783079187650089,0.764640121752687
"Germany","DEU","Median","female 5q15","female",,,,,,,,,,,,,,,,,,,,,,,,,,,,,,,,,,,,,,,2.96605006809636,2.88853865013093,2.83227533216988,2.79109411100299,2.6426697870411,2.557569267352,2.60369245617666,2.70284969767484,2.67808187149609,2.63093830497521,2.51560651932421,2.386307942155,2.3475440711886,2.18885920950526,2.0531470463973,1.96945407860297,1.83777094254786,1.73164466416744,1.64494518987344,1.63197907971478,1.66804309184499,1.62117071267748,1.64225371097945,1.64782835494718,1.64449756197767,1.58720851121043,1.57795871349914,1.52794805601001,1.44243344828169,1.47458462997821,1.4350742753512,1.38998666961041,1.33139289137293,1.21807315938516,1.15353376477804,1.10285973910759,1.02722616694728,0.974985262682025,0.926649540704975,0.894787393353425,0.905649010623742,0.886387775251896,0.839606556674386,0.81895146865383,0.824544400214697,0.810379190862915,0.81764004418736,0.788412671719069,0.768198831353662,0.745182726337479,0.721341112454475,0.722990338945321,0.759225922267627,0.81914578793725,0.837650440803671,0.851128922334534
"Germany","DEU","Upper","female 5q15","female",,,,,,,,,,,,,,,,,,,,,,,,,,,,,,,,,,,,,,,,,,,,,,,,,,,,,,,,,,,,1.69380810285321,1.71600095241064,1.72094176128995,1.7177702882578,1.65714886434066,1.64739589537274,1.5970067618393,1.50798046507323,1.53935481921067,1.49883124495241,1.45415966988097,1.39352078921098,1.27399581331473,1.20772675396618,1.15571881254995,1.07708370022359,1.02263311866517,0.973618171298048,0.942336166451469,0.952981997537587,0.933574563950725,0.88691084796826,0.862000158048541,0.869784604551218,0.853176716242909,0.859463095807075,0.831256820060356,0.81170461444796,0.787149377905671,0.763476744983479,0.766162173908043,0.804913381657858,0.868518438162115,0.895127298019695,0.944840604863807
"Ghana","GHA","Lower","female 5q15","female",,,,,,,,,,,,,,,,,,,,,,,,,,,,,,,,,,,,,,,,,,,,,,,,,,,,,,,,,,,,6.16535808025627,6.30542324480988,6.37652858479534,6.37976374513317,6.34780796717455,6.21331564666823,5.96474323013202,5.7199351836349,5.50877193700614,5.37986558067443,5.31240694460461,5.33315558635726,5.32422540164191,5.28718975224746,5.30658842022504,5.26322009065747,5.24569809424058,5.09417083287535,5.00251271428534,4.86068947999133,4.69051854641215,4.41741524773585,4.1261330184164,3.83969565670599,3.5439765871926,3.28757255876515,3.0150890457682,2.80852378617545,2.62834537996758,2.47895816049959,2.31864241813216,2.19484169961378,2.07596151432602,1.95951508133863,1.84323587718471
"Ghana","GHA","Median","female 5q15","female",,,,,,,,,,,,,,,,,,,,,,,,,,,,,,,,,,,,,,,,,,,,,,,,,,,,,,,,,,,,12.0032793618748,11.4407093888746,10.8633141113199,10.3328590113789,9.84049225837324,9.33128727695755,8.69350205846799,8.27387106873796,7.91853074432356,7.73277831908523,7.61549609569632,7.65076944154492,7.60001988093734,7.57560566344194,7.56881930331935,7.45883266413161,7.42211018287955,7.30621184470107,7.18822721087321,7.06414145143382,6.9290474089666,6.73174298275503,6.55061769044138,6.3496839399487,6.1587513233733,6.01276222223737,5.83739974253689,5.61881386754776,5.4302324023977,5.2354183537007,5.05463939364072,4.86995648618423,4.6955139589828,4.56915854425205,4.38020400254687
"Ghana","GHA","Upper","female 5q15","female",,,,,,,,,,,,,,,,,,,,,,,,,,,,,,,,,,,,,,,,,,,,,,,,,,,,,,,,,,,,19.835347932743,18.3930840844344,16.9113183956161,15.8842594732455,14.7808999101975,13.6933014275336,12.5736122175589,11.8906259923332,11.2308009660201,10.8482202151613,10.6259639473212,10.6421422113255,10.5488239415199,10.5294341726857,10.5591436449061,10.3779174389991,10.3798131067132,10.3365517054458,10.2790683437612,10.1622061397361,10.1457957298673,10.043331296944,10.0177834789303,9.92932685030994,9.83877282870179,9.81805180163256,9.70340440375552,9.48412015491455,9.31107104232391,9.11304656763434,8.91832127195297,8.68764412821115,8.48833410901949,8.37313958944834,8.16238316230773
"Greece","GRC","Lower","female 5q15","female",,,,,,,,,,,,,,,,,,,,,,,,,,,,,,,,,,,,,,,,,,,,,,,,,,,,,,,,,,,,1.31861153008607,1.25706930307237,1.26891108226288,1.31048068576002,1.29847831182224,1.29155142961951,1.27052142079185,1.27708382128622,1.26595589726016,1.22351553421744,1.19610664523735,1.14224352327423,1.09377160531711,1.09541900360882,1.09148394712463,1.04879269569334,1.0132512896598,0.968991811397314,0.939852959995958,0.918682797171793,0.894080032758037,0.853111738432567,0.789461715876625,0.732349318707446,0.682221137677397,0.660089629749617,0.641987430179962,0.62626369171853,0.626803261253542,0.638842962036277,0.645244020008334,0.653218343960746,0.664972977607996,0.682983737011228,0.680787193929365
"Greece","GRC","Median","female 5q15","female",,,,,,,,,,,,,,,,,,,,,,,,,,,,,,,,,,,,,,,1.92804353623646,1.88747356396049,1.93422198621368,1.89170257102838,1.93068380385286,1.85544090669149,1.84129876944219,1.84511067534807,1.80073522758779,1.75046648832513,1.76412589827805,1.71210599663662,1.72577512561288,1.70859242310292,1.68186997548668,1.71655146951462,1.68383839291668,1.6639683584133,1.59731193684136,1.53479252661652,1.50577248259358,1.4362402329902,1.36879701475581,1.37939299768661,1.42041546445448,1.40534929984064,1.3997224319169,1.3764139390609,1.38405050830213,1.37515914170601,1.32852674607175,1.30313055163838,1.24743349679148,1.19958496167511,1.19904058761898,1.19508447005766,1.15405631884057,1.11568987903524,1.07216836539244,1.04237278245395,1.01934113878625,0.988212287340585,0.946028222835736,0.875495822025862,0.815106480401091,0.761180578879979,0.734974630413891,0.714352090618543,0.698821869468547,0.70006203522516,0.71351366053284,0.722351958811524,0.733555051316023,0.752671971431974,0.783709283823353,0.804026651460777
"Greece","GRC","Upper","female 5q15","female",,,,,,,,,,,,,,,,,,,,,,,,,,,,,,,,,,,,,,,,,,,,,,,,,,,,,,,,,,,,1.55658663745702,1.48805679360364,1.4951274018852,1.53917161486097,1.52079505026986,1.51760096776721,1.49787681085889,1.50297790108471,1.49457487457458,1.44588977300727,1.41795478174988,1.36060986483087,1.31063095039432,1.30894269641796,1.30687914489798,1.26122935923473,1.22838847986559,1.17981395689898,1.14713772225568,1.12077520974313,1.08691372525645,1.04157044156573,0.965844527477053,0.902033254270582,0.845354633704782,0.814220954172087,0.789738629135583,0.774195048460211,0.777238659416514,0.795376701493302,0.809940637998381,0.827708313018344,0.857264481477412,0.907216482921433,0.953074225314843
"Grenada","GRD","Lower","female 5q15","female",,,,,,,,,,,,,,,,,,,,,,,,,,,,,,,,,,,,,,,,,,,,,,,,,,,,,,,,,,,,1.41937500812053,1.44101538922592,1.44844156827745,1.44061657826576,1.41891621192095,1.38826158940541,1.36998542018854,1.35493542686509,1.34254490922707,1.33254727660886,1.32182115280495,1.32365210414963,1.32170302217959,1.31558373026215,1.29946667716551,1.27586624079724,1.24764695776914,1.22266239349224,1.18085790653477,1.14821791309236,1.1111460178771,1.06774941212042,1.02870936731906,0.990133198039104,0.954000901399966,0.926145426227843,0.902810311737576,0.872971123496875,0.84576664578031,0.814659847886435,0.775280776351325,0.736899883185717,0.700904830830619,0.667062032713736,0.635963487898266
"Grenada","GRD","Median","female 5q15","female",,,,,,,,,,,,,,,,,,,,,,,,,,,,,,,,,,,,,,,,,,,,,,,,,,,,,,,,,,,2.02334055666896,2.0076780316606,1.99238763066069,1.95666232142157,1.91787221211258,1.87652691090973,1.8321067882602,1.79921167714874,1.77369128089468,1.75215917972655,1.73503877491954,1.73325919134485,1.72443584550261,1.72095949042239,1.7138902627573,1.70286972454706,1.67959615733913,1.65281047491435,1.62217541572622,1.57931532477136,1.5393855452451,1.4973981560973,1.45088966380194,1.40511488445407,1.35789580346899,1.33568346150072,1.31228519694596,1.29611600420621,1.28134697852155,1.26423117044475,1.24818267381269,1.23059031494444,1.21128442998635,1.18500546038262,1.15723909019314,1.12892036504663
"Grenada","GRD","Upper","female 5q15","female",,,,,,,,,,,,,,,,,,,,,,,,,,,,,,,,,,,,,,,,,,,,,,,,,,,,,,,,,,,,2.80737156377605,2.70465761206096,2.61297152076495,2.52720357420154,2.45581975336983,2.3892453084659,2.33078260088148,2.28564709598381,2.24470437329803,2.21531364484438,2.21551748139665,2.21791665029866,2.21450054331921,2.20475596925188,2.1937934036902,2.16534227470207,2.13439812915592,2.10727341359382,2.06832710054402,2.01491707648924,1.97210804192785,1.92170332166964,1.88464695074095,1.83779701443208,1.82451471583803,1.81100035322648,1.81507406852469,1.81688058754571,1.82115869161103,1.82658847871974,1.83077821103745,1.83806236115689,1.84119714055061,1.82803737798198,1.80300145014399
"Guatemala","GTM","Lower","female 5q15","female",,,,,,,,,,,,,,,,,,,,,,,,,,,,,,,,,,,,,,,,,,,,,,,,,,,,,,,,,,,,6.47103194684067,6.57998938725754,6.70517309146445,6.27586944893649,5.90692988809729,5.43894115694491,5.19830568428526,4.92416133630171,4.81272450003505,4.81316572402597,4.67921519143873,4.64331852987711,4.41313736641357,4.34756660138328,4.26382513603824,4.2088664203846,4.17097257076646,3.98867853776417,3.93235085444013,3.89242852055565,3.74288256940864,3.78213729822454,3.7809563328579,3.96348595549514,4.01640636359752,4.08506162007736,4.00053774472519,3.73071745724491,3.5881564580608,3.54132831862838,3.47680335005755,3.49125443419128,3.34546347789339,3.27358593275731,3.15136973011344
"Guatemala","GTM","Median","female 5q15","female",,,,,,,,,,,,,,,,,,,,,,,,,,,,,,,,,,,,,,,,,,,,,,,,,,,,,4.13931518949396,4.40679680386834,4.66775389059641,4.95713391881078,5.32216344289927,5.76577614539484,6.28678742515544,6.76394495691108,6.86787143144387,6.98284541439825,6.53977550843686,6.16308905273746,5.67859236052675,5.43024284449968,5.16175300974948,5.03494232533775,5.03677786904945,4.89759929698908,4.85064052506216,4.61601332990397,4.54829707610978,4.46772407716686,4.40684265471807,4.36529831443191,4.18353774096467,4.11912010795971,4.06690456856601,3.9209145484509,3.95888782432337,3.95508847286536,4.14855175840146,4.19000520831406,4.26618918276154,4.18001988746221,3.90005624609026,3.75677415377097,3.70203755793314,3.64046082526308,3.65477360635922,3.50542547519065,3.46157604089054,3.48677206424504
"Guatemala","GTM","Upper","female 5q15","female",,,,,,,,,,,,,,,,,,,,,,,,,,,,,,,,,,,,,,,,,,,,,,,,,,,,,,,,,,,,7.05916353386455,7.16229378923564,7.26802784001996,6.80916841810901,6.41471794129888,5.92558362586424,5.67016356209372,5.39186762089498,5.26641738638876,5.26175528587755,5.11275163382542,5.0672731865124,4.82702004112545,4.75863571918844,4.68456976906248,4.6082664522503,4.56928701794618,4.38140179783623,4.30825307607163,4.25197413336713,4.10544961613179,4.13780676304557,4.13548917732091,4.33579846851171,4.37255184384012,4.45238704063642,4.36023166137018,4.07176973225269,3.92479644534089,3.86791752766664,3.80528095660067,3.81615408704907,3.67149336360541,3.65797944516331,3.85810763080145
"Guinea","GIN","Lower","female 5q15","female",,,,,,,,,,,,,,,,,,,,,,,,,,,,,,,,,,,,,,,,,,,,,,,,,,,,,,,,,,,,14.1161884350996,14.2313615209642,14.3919262016929,14.4478592102599,14.5585957137375,14.6664750362444,14.8040107075412,15.1049422605599,15.4085930125954,15.5885139592552,15.6988795122467,15.8233789386743,15.8409451214571,15.5625084723945,15.1789426981302,14.8209703256882,14.457445167051,14.1006988937021,13.8096836493244,13.4929716634316,13.0711768845237,12.6867287570996,12.2135940126576,11.7839149111127,11.1135172120781,10.5866129872372,9.92146985532846,9.28361539137595,8.75463699650254,8.24847650155381,7.71899023418799,7.29913688969797,6.82351699785943,6.39570533415517,5.98307696889378
"Guinea","GIN","Median","female 5q15","female",,,,,,,,,,,,,,,,,,,,,,,,,,,,,,,,,,,,,,,,,,,,,,,,,,,,,,,,,19.1785727479923,18.9741256161414,18.8238150843808,18.717017080082,18.6058007266298,18.4448226427149,18.4147876259645,18.3067628512115,18.2518642802692,18.2468805713458,18.4680011687887,18.7317071053646,18.9287941154432,19.1097869141922,19.2455162885775,19.2406224164947,19.0672816091769,18.7279379415273,18.4589007298443,18.1646830324474,17.9149646164365,17.7156254732422,17.5090492933554,17.2142652003861,16.9322803501172,16.7310439300351,16.5147671686251,16.2885376223342,15.9925882687059,15.5652004155011,15.0892408583176,14.6256559811322,14.0814659462524,13.6039636938629,13.1987264839641,12.7187423976454,12.321912578762,11.8193431899263
"Guinea","GIN","Upper","female 5q15","female",,,,,,,,,,,,,,,,,,,,,,,,,,,,,,,,,,,,,,,,,,,,,,,,,,,,,,,,,,,,24.4143303680892,23.8620243826651,23.405234928787,23.1188193625379,22.8140102794599,22.5784427385596,22.427363909029,22.4666196646228,22.737782305176,22.9434572911339,23.0884941224082,23.3052221721808,23.3856463821894,23.2366596611827,22.8788009178796,22.6802297901951,22.5427422777071,22.4150736110488,22.3486952412044,22.3491124364893,22.2510453262981,22.3026541282741,22.4058314421852,22.59855969986,22.7873120022623,22.8062526394611,22.6123038603171,22.2473241168965,22.022458070619,21.6448860005983,21.3214721961614,21.0338287649947,20.5484267155464,20.1565299537227,19.598896820162
"Guinea-Bissau","GNB","Lower","female 5q15","female",,,,,,,,,,,,,,,,,,,,,,,,,,,,,,,,,,,,,,,,,,,,,,,,,,,,,,,,,,,,18.3159556744352,18.0623160975451,17.7952680199262,17.5298380959055,17.2488429001785,16.8967368943785,16.604252136779,17.9513161724181,16.1701312876156,15.7339185422571,15.2179489943046,14.8681366177128,14.5137083941057,13.9817511782349,13.5260683555523,13.0564167822363,12.517283684046,11.9855112546628,11.5038183410058,10.9818567131355,10.4010105695505,9.93411268964096,9.46559524444665,9.07625409894362,8.74272238892598,8.34640613675701,8.02942784945143,7.68013957056206,7.37682437521346,7.14329937345828,6.81487023515952,6.4933955526227,6.29118958335566,5.96980436677344,5.63705873843228
"Guinea-Bissau","GNB","Median","female 5q15","female",,,,,,,,,,,,,,,,,,,,,,,,,,,,,,,,,,,,,,,,,,,,,,,,,,,,,,,,,,,,24.3372970060712,23.9897255681879,23.6654091357142,23.3237699915257,22.9685037049381,22.598654584165,22.2195569049674,24.0739476115873,21.6595217062313,21.1382109889816,20.5316817415034,20.0305042295903,19.4951689529025,18.9424471817712,18.3394101491064,17.7515843353487,17.0728321472018,16.4219258900521,15.8019849093516,15.1194243075311,14.460433407701,13.8646945176062,13.2653473645397,12.7756836689445,12.338452635817,11.8925181249373,11.4853805764152,11.0726360557696,10.6992362303871,10.3795131623465,9.99445471282137,9.59346326235083,9.29685921150283,8.94646998232605,8.54402189950151
"Guinea-Bissau","GNB","Upper","female 5q15","female",,,,,,,,,,,,,,,,,,,,,,,,,,,,,,,,,,,,,,,,,,,,,,,,,,,,,,,,,,,,32.1829727250253,31.6499491174824,31.2750380560392,30.800998157123,30.3438595403113,30.0100454960593,29.4952439932383,31.8752841364403,28.7502567695484,28.1885885899418,27.3179131041846,26.7690673551569,26.086352123315,25.4029034856132,24.5622102226223,23.8098062604927,23.0021761404735,22.1848313086069,21.3582622685949,20.4929331004996,19.6673920997421,18.9719777151007,18.2532766945902,17.6579883642923,17.0997440492606,16.5711339513857,16.0653903032452,15.5858597757355,15.1041312303414,14.7660553455398,14.260002564158,13.7616095371633,13.3822822454932,12.9014075733024,12.4745889977056
"Guyana","GUY","Lower","female 5q15","female",,,,,,,,,,,,,,,,,,,,,,,,,,,,,,,,,,,,,,,,,,,,,,,,,,,,,,,,,,,,3.65292176124685,3.4817741484273,3.25649652520034,3.12434901277227,3.2911000065293,3.5729594572573,3.87829073544132,4.15095704559881,4.16904747051075,3.92229568821651,3.66989468289638,3.530284293278,3.51772312234041,3.6232993087818,3.75648004550645,3.81320576305039,3.67274448847872,3.43704074633526,3.37984926955037,3.4632568753466,3.79306746764736,4.13732884926065,4.52909319841354,4.69531264833711,4.60883133784531,4.19661014047926,3.7824811887264,3.38517619198818,3.17712017233272,3.06440622826411,3.0042035397481,2.90221341552569,2.7684513050191,2.63483808708782,2.45460756807754
"Guyana","GUY","Median","female 5q15","female",,,,,,,,,,,,,,,,,,,,,,,,,,,,,,,,,,,,,,,,,,,,,,,,,,,,,,,,,,4.18822981780189,4.24863978056736,4.1682442311852,3.92367808064928,3.65077822776352,3.5081582374524,3.69763966443274,4.01508689647666,4.36284369997961,4.64673000648885,4.67403930356715,4.41622647009509,4.12621969080451,3.97995074751853,3.95841574163057,4.07833494837719,4.21362268407599,4.26693641078098,4.10362466030563,3.85252353391444,3.78166519253291,3.87878375214268,4.23099755142216,4.60974394443259,5.0442891436237,5.24569760347664,5.15517900282419,4.71454305356805,4.28544889137475,3.86791981234134,3.68174880650295,3.63094313925801,3.65465799630283,3.64394345716098,3.59556661284856,3.52891743105124,3.43361280444132
"Guyana","GUY","Upper","female 5q15","female",,,,,,,,,,,,,,,,,,,,,,,,,,,,,,,,,,,,,,,,,,,,,,,,,,,,,,,,,,,,4.7426970721832,4.39852219023683,4.06777354453726,3.91567526522265,4.11757941466473,4.46520257053635,4.85380429642886,5.17979261671558,5.20109912798479,4.92060931902086,4.602894345265,4.43847663130404,4.42402604772552,4.5564007773402,4.70771611407661,4.77207517898996,4.58975370970232,4.30985950228889,4.22408044396259,4.31977517465184,4.69756468530007,5.11585970511423,5.57196279248689,5.78861290828342,5.72035707456639,5.27374229080448,4.80669397249337,4.39473362714284,4.23505631575411,4.26610336776321,4.42162796924824,4.5185897137183,4.5938092344079,4.67195615764653,4.6622229596312
"Haiti","HTI","Lower","female 5q15","female",,,,,,,,,,,,,,,,,,,,,,,,,,,,,,,,,,,,,,,,,,,,,,,,,,,,,,,,,,,,13.7992083572944,13.6355844987927,13.4714019913152,13.0887212805999,12.6977086441225,12.3036716669114,11.9933804054717,11.460000942278,10.9811003407331,10.4409589968826,9.96733813607921,9.42954141633186,8.8866232371236,8.28508348425477,7.74887429250156,7.35637582228052,6.92818411294999,6.64973938822665,6.33095794717109,6.00595294426266,33.9592975530835,5.13360779423301,4.76802309025098,4.4615779504293,4.11169538706401,3.78428651269368,3.47966232731304,3.22449325469266,3.01969192959183,2.80179055072888,2.61242291094618,2.43684868413901,2.30390443985987,2.22832880559243,2.09027019646586
"Haiti","HTI","Median","female 5q15","female",,,,,,,,,,,,,,,,,,,,,,,,,,,,,,,,,,,,,,,,,,,,,,,,,,,,,,,,,,21.1375684474251,20.3897469868563,19.5925768147377,18.8755385141635,18.1649259578577,17.3700477411919,16.6544940605249,16.0470154145451,15.4480925098018,14.663506812837,13.9974720433824,13.2814358851681,12.6538785210954,11.9983782159408,11.3433516912829,10.6047055746057,9.96921256400836,9.50119137698893,9.00825021591535,8.67600673750204,8.36997773126912,8.06887421962428,46.322359151205,7.12329394686754,6.77649422486862,6.4986320086953,6.19080612038359,5.89715995203874,5.6466790517591,5.38713856873826,5.18725509443768,4.98765689036019,4.80075092241379,4.61712594334983,4.49642791839475,4.47939626796225,4.34650640139458
"Haiti","HTI","Upper","female 5q15","female",,,,,,,,,,,,,,,,,,,,,,,,,,,,,,,,,,,,,,,,,,,,,,,,,,,,,,,,,,,,27.2720759873737,25.7338218699847,24.360999602702,22.9409616557855,21.7023384001277,20.6820877781366,19.6745174816865,18.5933118992678,17.6951523654915,16.8187420574911,15.9586460800722,15.1723557232891,14.3674624673755,13.4260613734779,12.7006347423308,12.1859939956329,11.6554807406269,11.3134291210023,11.0190538350184,10.7666998903182,62.8864471015852,9.83837278191185,9.56304522911368,9.33341252831986,9.13562846942046,9.01346193230237,8.87795758948971,8.65816367959059,8.45352725454494,8.30982782206297,8.14387271794202,8.01242428349308,7.92002644657775,8.02468607493013,7.94268301274663
"Honduras","HND","Lower","female 5q15","female",,,,,,,,,,,,,,,,,,,,,,,,,,,,,,,,,,,,,,,,,,,,,,,,,,,,,,,,,,,,4.0675195730686,3.90794936398775,3.73809057813153,3.6119782267571,3.50508632244477,3.38075175090071,3.24885233802599,3.17858451093468,7.5008160337769,2.94140149620194,2.81982472932107,2.74317982827534,2.62554180952554,2.54123766474165,2.45756980779612,2.36566379903504,2.3033955496508,2.22946635884969,2.17303538856183,2.1094575491151,2.06131402789146,2.00786086220122,1.95852060046152,1.89865728255113,1.85086935619152,1.79632107284013,1.75148208499894,1.70010162283174,1.65002952115953,1.60096280771035,1.56299944935144,1.51767952472997,1.48290074594778,1.44243017312889,1.40257665827097
"Honduras","HND","Median","female 5q15","female",,,,,,,,,,,,,,,,,,,,,,,,,,,,,,,,,,,,,,,,,,,,,,,,,,,,,,,,,,,,5.56500941410137,5.33331607284954,5.13910020844236,4.98367811931045,4.80956086466078,4.64747370840508,4.49017824834613,4.36527579328139,10.3540713576872,4.07246259533998,3.94070109098811,3.82780681472311,3.70156710212499,3.58428231880269,3.47750489466049,3.38113688202414,3.29965738330607,3.22046991436744,3.14797999163646,3.07734857680387,3.02190535870034,2.95984948150746,2.90451119791851,2.8410637278774,2.7805866545683,2.72119761158393,2.66741790533407,2.60607474294324,2.5557918434154,2.5055911954348,2.46252507469515,2.40968206072749,2.36853356848925,2.32460520225141,2.28647186484804
"Honduras","HND","Upper","female 5q15","female",,,,,,,,,,,,,,,,,,,,,,,,,,,,,,,,,,,,,,,,,,,,,,,,,,,,,,,,,,,,7.52934738640362,7.23313801538242,6.99570500839745,6.77407049904189,6.53888917130068,6.33515750044773,6.14995777200529,5.991811262778,14.2811115590454,5.61594249589462,5.42177727168306,5.28901863214102,5.12362029579485,4.98394616517885,4.8587382496727,4.74289238050219,4.67353148308767,4.56646770573611,4.49257571239876,4.41320411053323,4.3500201002509,4.28875258603317,4.20859289117434,4.1323079582869,4.0613365507958,3.99481780919831,3.95433096548465,3.87739310078943,3.80383350967205,3.73919108152642,3.69083016799859,3.663460172896,3.60914356930086,3.56126095955252,3.52541190587918
"Hungary","HUN","Lower","female 5q15","female",,,,,,,,,,,,,,,,,,,,,,,,,,,,,,,,,,,,,,,,,,,,,,,,,,,,,,,,,,,,1.86851965848054,1.86447656078374,1.77317122659755,1.68022568114388,1.5102236670951,1.40017775227084,1.32493999898911,1.30988862675496,1.2780953159416,1.27832832765188,1.25161487743321,1.22145483223711,1.2015474330458,1.17872185714915,1.15236199665975,1.13613979127051,1.09237290894869,1.06283649359502,1.04016479261637,1.02156030560615,0.979198111238544,0.924527299093433,0.865324964505127,0.824421140477172,0.781734116605848,0.749751685002421,0.736366432643737,0.735313769334397,0.743190686132156,0.739368666734025,0.710449076137422,0.691597732120756,0.656641676870278,0.62422917557592,0.583641344461073
"Hungary","HUN","Median","female 5q15","female",,,,,,,,,,,,,,,,,,,,,,,,,,,,,,,,,,,,,,,2.24189184379625,2.19386849606244,2.21825246609591,2.26143694424734,2.21851838505275,2.24942352713563,2.21487710116717,2.20512225888259,2.18696970696027,2.22556043235773,2.17082053157995,2.19362322489122,2.17770384931459,2.20061189775782,2.20694798025069,2.14772368773852,2.04937985099925,1.98076286319933,1.93692670306814,1.9635620076786,1.94497495731088,2.00399260230085,1.99917792466721,1.90010372017262,1.80480558941676,1.62484683574104,1.51242868126472,1.43332129658657,1.41858825502344,1.38511992392622,1.38619034615306,1.35925607030043,1.32809453158214,1.30546197441504,1.28161101345599,1.25467698841357,1.23867737152944,1.19265842192072,1.16290003366508,1.13747176076565,1.11977227570429,1.07426347260654,1.01469931011507,0.950116166487438,0.907084606211206,0.863416581253907,0.830792003160874,0.816807418442182,0.816454116261352,0.826007209691539,0.822708032890322,0.797090130775822,0.780737495863459,0.752776678672161,0.732119580439753,0.705814352032835
"Hungary","HUN","Upper","female 5q15","female",,,,,,,,,,,,,,,,,,,,,,,,,,,,,,,,,,,,,,,,,,,,,,,,,,,,,,,,,,,,2.14177638946526,2.13849924799618,2.03860121474641,1.93441412987223,1.74583452633644,1.62533163290157,1.54407223285579,1.52714692689162,1.49581332223677,1.49567181135662,1.47011999548104,1.43660700280663,1.41681366450071,1.39046948639275,1.36414767384182,1.35028698005688,1.30063291554466,1.27482448652387,1.24586099764161,1.22430821216212,1.17485548824219,1.1120961033679,1.04245766342419,0.996839165112489,0.953706985906394,0.920477214202159,0.904473588128618,0.903785984926241,0.913635598535075,0.911202758916772,0.891110107892327,0.878653827618124,0.860698483235655,0.851915945889492,0.843862909443736
"Iceland","ISL","Lower","female 5q15","female",,,,,,,,,,,,,,,,,,,,,,,,,,,,,,,,,,,,,,,,,,,,,,,,,,,,,,,,,,,,1.66152443350453,1.59054033528678,1.51629121045416,1.44410171436778,1.38212604163004,1.32635753918353,1.28081513423851,1.23216685252983,1.18461527005485,1.13949625491844,1.09130243253193,1.03669818268848,0.981644982965624,0.92505024932815,0.869765001396339,0.821838002965455,0.776547070569165,0.736297529493076,0.696183055610256,0.658351948090362,0.627198891842238,0.6013856349738,0.575613149534555,0.554648868772845,0.539530779997868,0.521687521367799,0.504753354591869,0.488201933495702,0.467429871008493,0.4480442441789,0.426416652679022,0.405758575201048,0.38918478127829,0.368479358842886,0.349788888127695
"Iceland","ISL","Median","female 5q15","female",,,,,,,,,,,,,,,,,,,,,,,,,,,,,,,,,,,,,,,2.59597509372473,2.57027243721972,2.55436636441674,2.54514501799579,2.54569619277231,2.56221742170907,2.57206656965377,2.59541208475016,2.61890219855067,2.63650645935073,2.64145331535374,2.63607637102318,2.60772087301524,2.57189107830013,2.51751775792525,2.46796943049519,2.41928252263646,2.36689661402642,2.30133192000665,2.22583836775356,2.14535737302361,2.06057259961827,1.97787888479853,1.89929580895333,1.80954224783176,1.73595066485439,1.67082127106344,1.61638588987717,1.56216086528855,1.50611892273249,1.45262623337788,1.39948332061288,1.3408470887083,1.27345858111635,1.20708492042946,1.14022189126065,1.08079045746649,1.02330423358816,0.973849402269841,0.922301143229704,0.875893133723653,0.834657766158314,0.799429176845339,0.771773740285045,0.747287347216377,0.727463549540447,0.708074001093879,0.689714399304062,0.673740827531904,0.653362493275507,0.638579840516284,0.621845920676014,0.606108793932825,0.600101716534794,0.593841433891932,0.585474762636929
"Iceland","ISL","Upper","female 5q15","female",,,,,,,,,,,,,,,,,,,,,,,,,,,,,,,,,,,,,,,,,,,,,,,,,,,,,,,,,,,,2.54321417023718,2.43595062373143,2.33768258391948,2.23521373852835,2.14336676012547,2.0726350479293,2.01071852055958,1.95365763016947,1.89008702545908,1.82783711994327,1.764233622847,1.70087448884707,1.62093764132134,1.53765972247705,1.45727296466331,1.38293519131648,1.31640377432631,1.25239542436374,1.18992829575318,1.13937557127335,1.08692807118082,1.04541532142362,1.00718384993999,0.985310855494437,0.962208560648442,0.942689750190271,0.92810275886969,0.91469788175913,0.896841988126306,0.890632223233079,0.888341634334565,0.887258119471701,0.906157580621876,0.923104409554734,0.934977941119344
"India","IND","Lower","female 5q15","female",,,,,,,,,,,,,,,,,,,,,,,,,,,,,,,,,,,,,,,,,,,,,,,,,,,,,,,,,,,,10.7939943276285,10.5521095460673,10.3872847469154,10.1776033324568,9.93714270439458,9.78238937638165,9.63693592557068,9.44766388685497,9.33836516688076,9.20878505750389,9.04104258291117,8.79318008770989,8.51454584507457,8.20711494000247,7.92689291778822,7.57192799050441,7.25869871014665,6.93176538913711,6.60929260977097,6.28831160642338,5.93296626395656,5.56059126635106,5.20492588702931,4.87105023615333,4.57541237520218,4.30767309398844,4.04503618222491,3.82037419683399,3.64004093917194,3.46908453427749,3.32009053203614,3.12645727233531,2.95926353199856,2.79403415113788,2.63813526647066
"India","IND","Median","female 5q15","female",,,,,,,,,,,,,,,,,,,,,,,,,,,,,,,,,,,,,,,20.6849005879816,20.2278539433687,19.5772286508194,19.0658447320147,18.5982256546268,18.1682145910921,17.7496485194791,17.2894710356588,16.7499101192462,16.2304294959183,15.6828263602159,15.1745802891728,14.6704770475309,14.1712368781883,13.8028466091735,13.4880634928396,13.0466728417799,12.6444651097115,12.4108384446402,12.1639474711651,11.9321957911593,11.6729421226369,11.3863995184362,11.1765431963006,10.9659355918796,10.7118860820009,10.5534887212158,10.3973336236575,10.2243862439423,10.0570215444985,9.91274672653967,9.73070343445491,9.4523871671348,9.17557796085999,8.85783787765104,8.53088578171641,8.15158284690124,7.81901814105886,7.47926461464353,7.13365267797787,6.78990870006312,6.40695125203325,6.01723596560731,5.63772783288168,5.28466710980526,4.96714020676384,4.68046474161487,4.40363362361794,4.17763523605907,3.98556170560979,3.82073586410008,3.70929751451617,3.57432284469767,3.45621764465777,3.35492515087035,3.26223072197926
"India","IND","Upper","female 5q15","female",,,,,,,,,,,,,,,,,,,,,,,,,,,,,,,,,,,,,,,,,,,,,,,,,,,,,,,,,,,,12.5859193087783,12.2356186441818,11.9823385712901,11.7532973894328,11.4879713813254,11.3151494830741,11.1548124259011,11.0070091732521,10.7825966290111,10.6307477144562,10.4283477453811,10.1480699451541,9.85559428277276,9.51688603614847,9.17693460502901,8.75679857926555,8.43732112755474,8.04636190672044,7.67254096191525,7.31115171432637,6.89227572781945,6.48300629924306,6.07455548826978,5.70123184379264,5.36804067197789,5.06039138290478,4.76655000763252,4.54455776645742,4.35356730729979,4.20395828996764,4.12544328059876,4.05359525935309,4.00037077860297,3.96821391870687,3.97990443889618
"Indonesia","IDN","Lower","female 5q15","female",,,,,,,,,,,,,,,,,,,,,,,,,,,,,,,,,,,,,,,,,,,,,,,,,,,,,,,,,,,,3.88070367605966,3.83154353424711,3.78067585028917,3.66489453959849,3.55977692592604,3.48524137001766,3.43598233911676,3.4146537953527,3.41902769293036,3.43630570463475,3.44325497997927,3.46277191059705,3.44790523839744,3.39394620692466,5.6406410284209,3.28168043825386,3.24569058559352,3.17013301762189,3.09745943373172,3.02716427792615,2.94127626770937,2.80064969678611,2.64070127783237,2.47424911527007,2.29766246178227,2.15264980456445,2.01182605671246,1.9052156770169,1.78496678037981,1.67866781776887,1.58894476041876,1.49887455923283,1.41326628776428,1.33600659741577,1.25896636361374
"Indonesia","IDN","Median","female 5q15","female",,,,,,,,,,,,,,,,,,,,,,,,,,,,,,,,,16.4733316487483,15.622430256411,14.7222827443048,13.8386762744532,13.0446755193498,12.3127956340651,11.678329934319,11.0136040937306,10.3605725562091,9.794478858594,9.19012363068107,8.68027516854497,8.07806897039958,7.60557524626037,7.18257798369839,6.77475755444737,6.42753502235993,6.10813670970869,5.91377839666325,5.75747119255365,5.57264209560971,5.44765207245339,5.3640198126282,5.23633111073054,5.16559316767785,5.08149563173387,5.0410621318986,4.91955552191661,4.82724324347475,4.74831024373026,4.62843320726832,4.49163798347684,4.39942139379025,4.33290571303035,4.29701517488552,4.28986324551603,4.2917894167263,4.30532946632043,4.3212452912596,4.29172280234432,4.25491772329861,7.10026429198574,4.15712220365472,4.12930056092006,4.07888588122271,4.04895436735771,4.03364294161393,3.98731532104911,3.8968527021203,3.78298707210735,3.6384167560509,3.48310171004756,3.36553531298301,3.26029987312582,3.16322682924537,3.06184633805192,2.97680476521173,2.89056528681585,2.8043553627264,2.71676608496073,2.64042296486755,2.56400577823967
"Indonesia","IDN","Upper","female 5q15","female",,,,,,,,,,,,,,,,,,,,,,,,,,,,,,,,,,,,,,,,,,,,,,,,,,,,,,,,,,,,6.20872147206889,6.07022303309555,5.92851889715975,5.76623292339737,5.60184466777005,5.446013395414,5.36448239266405,5.32108310016182,5.29885561508409,5.30971649053351,5.34115595013588,5.33145657941941,5.30895598157498,5.30188265473062,8.98323164650416,5.26655806633842,5.2681228965134,5.25525445118732,5.27695115601364,5.32123759442779,5.35744315943955,5.33641777943219,5.25858121164698,5.16358026883084,5.04200582245344,4.90980465958515,4.86250006894529,4.78803402359801,4.70663541552309,4.66770224725603,4.59346003682283,4.54287754721556,4.45558883034299,4.39199979035663,4.3134317569497
"Iran","IRN","Lower","female 5q15","female",,,,,,,,,,,,,,,,,,,,,,,,,,,,,,,,,,,,,,,,,,,,,,,,,,,,,,,,,,,,4.80440792225262,2.50294350881608,2.30489061246276,2.14561598535251,2.02473009125036,1.91952695605965,1.84261778399997,1.81587114585055,1.81860275802591,1.83909010271803,1.89112119282846,1.95907243910361,2.06378832676392,3.61331634455838,2.38093926988495,2.6029007802956,2.8481199531463,3.1116806361633,3.31811560941735,3.33795078708127,3.2048181623564,2.98239250774332,2.7360370175482,2.531188646623,2.40885466092419,2.36571523383346,2.3987246294427,2.4865554294581,2.55079304153115,2.54264724268845,2.46995060814698,2.35934569853648,2.21809186128238,2.07002744336512,1.94806334426047
"Iran","IRN","Median","female 5q15","female",,,,,,,,,,,,,,,,,,,,,,,,,,,,,,,,,,,,,,,,,,,,22.957735153001,21.4660587089558,20.0260037649291,18.67701854381,17.2993178993489,16.0195985589898,14.735672203161,13.4827887212075,12.2841638859577,11.1427807398097,9.89400783047766,8.63278971042611,7.35530645853649,6.30603532112359,5.386894935729,4.71174143209889,7.10998384210596,3.70032072376094,3.36837019015788,3.12737369011428,2.92619410361633,2.75339942621186,2.60954219418418,2.52306125396792,2.4701399415025,2.44710843561537,2.464953065669,2.51518692561875,2.60057547401787,4.46652271662789,2.88793290446122,3.08672952301224,3.31026825007058,3.55190798662096,3.74425516452341,3.75917790553806,3.61688437491641,3.37540041917114,3.104979832038,2.87190987138891,2.73618954940185,2.71094243944409,2.77993743257587,2.92296100172202,3.06661982024074,3.15091471744481,3.15524600387883,3.110909362198,3.03570644791653,2.96035134854947,2.86091264040099
"Iran","IRN","Upper","female 5q15","female",,,,,,,,,,,,,,,,,,,,,,,,,,,,,,,,,,,,,,,,,,,,,,,,,,,,,,,,,,,,10.1962329587313,5.30624669777467,4.80632542773314,4.43239456648729,4.1094180457257,3.82152441207405,3.59353502203918,3.42304585887757,3.29251602768149,3.20671288877134,3.18227104987055,3.18468813088886,3.22464620956136,5.43131630572206,3.45694830982905,3.63007891179624,3.82633428497916,4.04232765864327,4.22794661856368,4.21499278418213,4.05992500143977,3.80105888297536,3.48642012019931,3.23224293858727,3.08033700039945,3.07196925243666,3.1710098581135,3.38901134973083,3.63024790806633,3.82401937502485,3.93900609355725,3.99392181167561,4.01507181730312,4.01182254734121,3.98293151492947
"Iraq","IRQ","Lower","female 5q15","female",,,,,,,,,,,,,,,,,,,,,,,,,,,,,,,,,,,,,,,,,,,,,,,,,,,,,,,,,,,,5.00841723658052,3.60588559145992,2.3680222668336,2.33005663412961,2.30989861973063,2.29911659759776,2.27796953203417,2.25109341513896,2.21090393129109,2.18720995392646,2.15928912407967,2.12886598713707,2.10980363135335,2.17789908582427,2.1970512350063,2.16641579130646,2.21929791164717,2.18202016353777,2.00412707716952,1.87182797662033,1.83169716697426,1.79503827603802,1.75613751711994,1.78053584685905,1.68530742757328,1.65019657087728,1.71832727084007,1.63772658615258,1.54109967048971,1.54582220472634,1.47418654613124,1.4501085404748,1.41302902432383,1.3914992973395,1.34952625593785
"Iraq","IRQ","Median","female 5q15","female",,,,,,,,,,,,,,,,,,,,,,,,,,,,,,,,,,,,,,,,,,,,,,,,,,,,,,,,,,,,6.87072229078203,4.96460738913349,3.24616800393843,3.22280342362446,3.19082808424689,3.16178616682244,3.13683346557241,3.10382260300761,3.08269063050712,3.05447289595072,3.01835510404263,2.99628559449347,2.96865962603793,3.06916932947005,3.10256338302973,3.07410502215928,3.16230262100647,3.11543832861913,2.89586927013726,2.72092915860318,2.68028341184429,2.63837512865299,2.60733139726859,2.6538202855601,2.52550022637207,2.48870876548955,2.61287258530259,2.51447361314543,2.37679930894743,2.39623295428148,2.30903599200346,2.27682839928287,2.24261210309671,2.21268249230225,2.18679708617674
"Iraq","IRQ","Upper","female 5q15","female",,,,,,,,,,,,,,,,,,,,,,,,,,,,,,,,,,,,,,,,,,,,,,,,,,,,,,,,,,,,9.42089273092575,6.75726063474906,4.43716595968333,4.37922885120332,4.36197870730533,4.31124042322183,4.29596246511375,4.25155401101683,4.22247173697794,4.18076797653953,4.17501542153683,4.13498711417714,4.12277519271698,4.29374646684195,4.35420433192107,4.33128965817053,4.47317528766481,4.4186006343998,4.1097179502675,3.87935839573349,3.84894185990925,3.79111552484638,3.74381495363827,3.83974636151072,3.67456098030814,3.63240130742409,3.83919123096115,3.70208882703766,3.50275925931966,3.57051682796545,3.45601712770852,3.42213097435463,3.40496209769176,3.3888790921294,3.36316936074987
"Ireland","IRL","Lower","female 5q15","female",,,,,,,,,,,,,,,,,,,,,,,,,,,,,,,,,,,,,,,,,,,,,,,,,,,,,,,,,,,,1.28111892339567,1.22541175011322,1.1760609875381,1.16506634494451,1.2072897515985,1.27135173212417,1.35807620999573,1.43334868019848,1.45465027354757,1.45188577281192,1.43095896953247,1.37149185601591,1.33564962439857,1.29437514996338,1.26732862174143,1.27580181490101,1.28539719783789,1.21497960175565,1.14304866694266,1.05812213628399,0.998315029344969,0.931889347173586,0.851682618647508,0.779741881374212,0.70966085824318,0.656887438362652,0.628094085620954,0.601652631605266,0.586027016513896,0.581619499592784,0.588231930973788,0.587043630566675,0.587527429646063,0.584452171241664,0.573817958670638
"Ireland","IRL","Median","female 5q15","female",,,,,,,,,,,,,,,,,,,,,,,,,,,,,,,,,,,,,,,2.07126128378318,2.11999663840822,2.1027449889536,2.04935222885997,1.94061978596969,1.8847278271265,1.78302456801527,1.75694592879606,1.73964469582528,1.73360154944289,1.71063959997193,1.72406104233209,1.71547615962711,1.66438149970991,1.60697030163592,1.55444181675555,1.47083757968661,1.39787397167003,1.39834302581661,1.413369995165,1.42377821995068,1.41881858480453,1.36223965978008,1.31201991134921,1.29906545070189,1.34600857860663,1.41235836681153,1.50706875429221,1.58487509478012,1.61230195780032,1.60683357669918,1.58128889581321,1.52101321267996,1.4872737531259,1.44760191560188,1.41938481776969,1.42146301798023,1.43127356733413,1.35765785333326,1.28122516400396,1.19087673765332,1.12439198080236,1.05173068911119,0.968182266711715,0.888208244844536,0.811507395205676,0.752447745407988,0.717498806031668,0.687772793682925,0.670292382333766,0.669974497105699,0.681571899444839,0.688770144757872,0.706832900048089,0.726061459367452,0.731842286247717
"Ireland","IRL","Upper","female 5q15","female",,,,,,,,,,,,,,,,,,,,,,,,,,,,,,,,,,,,,,,,,,,,,,,,,,,,,,,,,,,,1.568193869885,1.510718067725,1.45384062438818,1.44561575826135,1.49372696290488,1.56781126785609,1.66469106991794,1.75181489519787,1.77952912642881,1.77332516994401,1.74246052410298,1.68316824655825,1.64586949532797,1.60948560350541,1.58280808915087,1.58188283668944,1.58869467926515,1.5132868280715,1.42847652419409,1.33171819226382,1.25592415826139,1.1808793507388,1.08881118320295,1.00661582151927,0.923819876790322,0.856854285652211,0.815759074417202,0.784134826838432,0.765115760610023,0.770619939392638,0.785555997592399,0.805431610428319,0.842416091868527,0.887632645071912,0.922287092188428
"Israel","ISR","Lower","female 5q15","female",,,,,,,,,,,,,,,,,,,,,,,,,,,,,,,,,,,,,,,,,,,,,,,,,,,,,,,,,,,,1.14071966207648,1.13255183726135,1.09751722528599,1.09377915024356,1.11735161233508,1.15672845784162,1.16394653766842,1.10396469973418,1.00910144744574,0.961932658291052,1.02494785602994,1.17483677792141,1.2080532865069,1.11160441219853,0.970279148800665,0.895805888148643,0.835401307128037,0.773025500954074,0.714794619111734,0.687519744754121,0.64733235030797,0.623707082659609,0.619813467155126,0.623438231760644,0.627928516441113,0.63085703429519,0.622822839625129,0.598025041094517,0.574706155521095,0.563500821472877,0.56217707458495,0.573282332006038,0.582209810965883,0.588644796883767,0.590703841557048
"Israel","ISR","Median","female 5q15","female",,,,,,,,,,,,,,,,,,,,,,,,,,,,,,,,,,,,,,,,,,,,3.16913298232561,2.69208148916971,2.40792490495727,2.20476311893625,2.04840593870506,1.90885432868942,1.71063199128097,1.60918509231761,1.57521179383304,1.56065679527456,1.57446752963649,1.5353287855202,1.48441214645375,1.39591504701938,1.32679116848327,1.28814382099283,1.25144864879533,1.24175786855447,1.20484465167858,1.20347986260551,1.23126586676119,1.27143810941677,1.27777927688,1.21385067782794,1.1083893240508,1.0570483554315,1.12360469459349,1.28258233489493,1.32373656999123,1.21736128907808,1.06647964470698,0.985471234680803,0.919003497369382,0.855225624958783,0.792929433741435,0.762070959157619,0.718027389450167,0.688331177542148,0.683263382371432,0.690756431655353,0.69501814242306,0.697979813385905,0.686361630219517,0.660492582745114,0.635707432750209,0.625322503246208,0.626670185384319,0.640471283227374,0.657486337676167,0.677473597983599,0.699840781523726
"Israel","ISR","Upper","female 5q15","female",,,,,,,,,,,,,,,,,,,,,,,,,,,,,,,,,,,,,,,,,,,,,,,,,,,,,,,,,,,,1.3696452756042,1.35967596088023,1.31758580268307,1.3185178091628,1.34851106879838,1.39067046975562,1.39877312714153,1.32748615687947,1.21395448209523,1.15717191153275,1.23107470839413,1.39579490079404,1.44129532643245,1.32924703242229,1.16625839406401,1.07943277033591,1.00899571325071,0.940939067526529,0.877401397085904,0.843122864092222,0.794893727421656,0.760679314863285,0.756185364462301,0.763737164048259,0.769901502930926,0.771904286413166,0.757980612256221,0.729458434657181,0.703241438921121,0.693431378982611,0.696376079776459,0.717028481647748,0.740037014841706,0.772226919904575,0.819812288167925
"Italy","ITA","Lower","female 5q15","female",,,,,,,,,,,,,,,,,,,,,,,,,,,,,,,,,,,,,,,,,,,,,,,,,,,,,,,,,,,,1.23885729343274,1.26501126950076,1.28862887624454,1.23111006405731,1.16458377025802,1.13110440963039,1.15069892637316,1.12725814370247,1.15332180708923,1.14487950273384,1.09728058349636,1.02523835586027,0.987827073566669,0.946410716723939,0.94632148267834,0.916127674593787,0.938311330434718,0.908478825398593,0.859249747251943,0.816494770566564,0.781192127096519,0.731699742649892,0.699692829327289,0.668386603456696,0.639762709232076,0.603101652342709,0.585603645402019,0.568306632406581,0.557203433209985,0.540215724387781,0.561625748763638,0.570754540507503,0.568524448439031,0.591600721613093,0.578674375649331
"Italy","ITA","Median","female 5q15","female",,,,,,,,,,,,,,,,,,,,,,,,,,,,,,,,,,,,,,,2.39819346900134,2.23197527806117,2.12490891745952,2.07736724349196,1.98310086411269,1.94396953928518,1.93681064497108,1.84342556202604,1.75739905727667,1.66946806847063,1.66129809258052,1.63119941210489,1.54957328454824,1.53900947992402,1.45717367014723,1.42617199393625,1.36411255965447,1.32179309227315,1.26023669508686,1.29458011337398,1.25075284493673,1.30182520459486,1.32729493970647,1.35118202809901,1.2945589454574,1.22544369190554,1.19249299589169,1.21270633381764,1.18948671630897,1.21446972481959,1.20649322169086,1.15998899214558,1.08428382186268,1.04682712766923,1.00331284581597,1.00419441093808,0.973903031181884,0.993992412062283,0.961636067976872,0.91117722199748,0.86738752715801,0.832442659811025,0.77916025531443,0.746331728576236,0.711595448049657,0.682969337977884,0.644349283945633,0.626258639197136,0.60882874685602,0.595870525892448,0.579011993311709,0.601769651979697,0.610789575789459,0.610241126518669,0.642059860037145,0.651741634267892
"Italy","ITA","Upper","female 5q15","female",,,,,,,,,,,,,,,,,,,,,,,,,,,,,,,,,,,,,,,,,,,,,,,,,,,,,,,,,,,,1.36527051939749,1.39282423113998,1.41700324717472,1.35825244444909,1.28888237187208,1.25557007632184,1.2798756189275,1.25480339625937,1.2785477252028,1.2734330894254,1.22481225906259,1.14598963829267,1.11003042351708,1.0633922734894,1.06388215008737,1.03264281650353,1.0517294186527,1.01626801798278,0.965491948924738,0.921263057304613,0.884799838984263,0.829226993299669,0.793208139290802,0.756710038021285,0.72846915719386,0.686814422526821,0.669115395851333,0.650739620283864,0.638880155608744,0.620512624009635,0.643170795961349,0.652114568425259,0.654513499204129,0.694900693693991,0.729197065234143
"Jamaica","JAM","Lower","female 5q15","female",,,,,,,,,,,,,,,,,,,,,,,,,,,,,,,,,,,,,,,,,,,,,,,,,,,,,,,,,,,,2.38672817996885,2.36224041148463,2.33141609327972,2.2833491162208,2.23621250677466,2.18812386751122,2.1373680740952,2.08174296136276,2.0467155824347,2.00605208481836,1.96537128790705,1.93033548840714,1.89582452649486,1.8617527017513,1.84591158866126,1.84012763804061,1.83312172930112,1.8231436429122,1.81870628047103,1.79862919960691,1.78352858882438,1.76656640931185,1.75376392927981,1.74837031793122,1.74286798123514,1.72934410489172,1.71282686407111,1.69729219161536,1.69063455399755,1.68777867896393,1.67199287350226,1.64635954683108,1.67423586172628,1.65036379101689,1.56092786438068
"Jamaica","JAM","Median","female 5q15","female",,,,,,,,,,,,,,,,,,,,,,,,,,,,,,,,,,,,,,,,,,,,,,,,,,,,,,,,,,,,3.28866680079871,3.23896129270773,3.18639653843328,3.13469594488274,3.07974767235451,3.02049742325442,2.96457160046294,2.90519117616379,2.8482742366263,2.80453002690173,2.75224481628342,2.70597787653835,2.67229570629787,2.648503657124,2.64133729769767,2.63640867199725,2.63252594124007,2.63215161169791,2.63372067411197,2.63385489151775,2.63422113178675,2.63092651790779,2.61977364327277,2.6123098038016,2.60504225042634,2.60522108492328,2.60366143395696,2.60866279922394,2.61616494995393,2.61401391147497,2.61513688614853,2.60244690242115,2.68146062255199,2.66528044955563,2.53843313983823
"Jamaica","JAM","Upper","female 5q15","female",,,,,,,,,,,,,,,,,,,,,,,,,,,,,,,,,,,,,,,,,,,,,,,,,,,,,,,,,,,,4.44344495150845,4.37653306566899,4.30126556527933,4.25323929090183,4.16826789091032,4.10821400655761,4.05417555975327,3.97224849499732,3.89632958274508,3.83320369932451,3.79414020460346,3.74740169986361,3.70022594575238,3.67306816964106,3.6591391942087,3.65784845828324,3.68791835654122,3.70229379178547,3.71570624718702,3.74178167556126,3.74530106627622,3.75607028480784,3.75448705468939,3.78437959201089,3.79450716647649,3.79514295428521,3.81954489235815,3.852986032729,3.87481866013076,3.89472023603506,3.90487295150136,3.91759777895538,4.06865359792059,4.03867802425569,3.87862780611842
"Japan","JPN","Lower","female 5q15","female",,,,,,,,,,,,,,,,,,,,,,,,,,,,,,,,,,,,,,,,,,,,,,,,,,,,,,,,,,,,1.1114005946273,1.06138890315027,1.06539444800102,1.03675713624574,1.01554189885346,1.0419497353722,1.00930010318435,0.980979746707049,0.984971000760684,0.97536862701558,0.930234613968832,0.904077144690478,0.905154217228303,0.916307409579732,0.916873984195357,0.891662809328587,0.864949078937277,0.843291657172478,0.844269806912747,0.802680095416508,0.78717508064976,1.24325915214287,0.706792520140382,0.658084471983632,0.624221793990399,0.611078662317833,0.59605945355786,0.607384616967351,0.65839025130236,0.696624352327527,0.745595551170089,0.810058315892603,0.878445600293556,0.959867575910995,1.02957789485863
"Japan","JPN","Median","female 5q15","female",,,,,,,,,,,,,,,,,,,,,,,,,,,,,,,,,,,,,,,2.32861848694542,2.20934055917803,1.99801497532517,1.9542975263589,1.88330537141369,1.84661877014657,1.69191796206035,1.5727082547009,1.50238784397742,1.39417819406144,1.33740252494562,1.3438327697764,1.30822421466463,1.26387486707943,1.26053614044397,1.2199841216192,1.17997174966926,1.1855113565906,1.16066300650112,1.17595104496729,1.16884548630583,1.15485013371462,1.10556409981718,1.10843483643671,1.07933371768707,1.05972159353051,1.08496069151644,1.05174543739661,1.02342197135422,1.02666768298619,1.01802927772009,0.972683639894911,0.945244323361194,0.946385260858154,0.957472253862403,0.957725519851837,0.932369129999356,0.904924593513441,0.884555149170411,0.884572791902135,0.842947572567419,0.827444569800874,1.33257143262366,0.745010523321815,0.6932130305424,0.65928156990209,0.645574893695422,0.629012669972109,0.639709567704461,0.693528154116209,0.73203233370563,0.781878541697708,0.848279345715952,0.919711617186226,1.00639331544443,1.08503238962724
"Japan","JPN","Upper","female 5q15","female",,,,,,,,,,,,,,,,,,,,,,,,,,,,,,,,,,,,,,,,,,,,,,,,,,,,,,,,,,,,1.19945384244342,1.15077544164004,1.15266665652743,1.12384960585041,1.1065102753269,1.12956284438064,1.0954517441692,1.06783973188798,1.07006602641866,1.06169487445473,1.01515852327435,0.987763301633561,0.98968250434045,1.00065904164711,0.999394929940045,0.973957560990072,0.948306505316489,0.927506427287556,0.92611862898046,0.883711774188703,0.868523835510687,1.42341420795944,0.78393645824116,0.730215818547818,0.695888034126217,0.680507617519079,0.662982066733063,0.673564262677385,0.72841753865663,0.7696789302876,0.820226178111211,0.889042798650624,0.963922834078936,1.05402953159115,1.14270057029142
"Jordan","JOR","Lower","female 5q15","female",,,,,,,,,,,,,,,,,,,,,,,,,,,,,,,,,,,,,,,,,,,,,,,,,,,,,,,,,,,,1.27266160602353,1.254127567613,1.26608689391213,1.28603993258047,1.32186872548344,1.36446784351414,1.39308987489914,1.41691311609974,1.44822798010316,1.47469406642854,1.48865873973637,1.5047540287872,1.49817506051475,1.48452084007909,1.44442709177866,1.37585049065068,1.31034119067807,1.26850358223471,1.26201408357652,1.27807203976806,1.31297909344129,1.34194817206755,1.36157760684748,1.36657714942219,1.30288689726501,1.17094650657923,0.992490493685019,0.812851847837562,0.670918858502715,0.566571823732904,0.523309489379367,0.522652000786925,0.581146208923528,0.682908596011066,0.792112897550471
"Jordan","JOR","Median","female 5q15","female",,,,,,,,,,,,,,,,,,,,,,,,,,,,,,,,,,,,,,,,,,,,,,,,,,,,,,,,2.15925696759971,2.07335327389424,1.99336840569914,1.92411623194957,1.86879686018864,1.80429224957096,1.78934731560449,1.78735731558079,1.79889355284226,1.82016994054574,1.82391346946363,1.83033548653079,1.83671032662056,1.84014912728089,1.8292716007328,1.81133705882621,1.78340678004719,1.73621700293711,1.67724233995394,1.59825920582211,1.51609723319524,1.45712024891033,1.43657140786934,1.44487370120041,1.47981521614487,1.51332444743583,1.53049243613433,1.53276573742303,1.46002022670159,1.31444288383817,1.11238930759094,0.912849013067368,0.75227066467989,0.636668421970067,0.584811969069754,0.587853110053318,0.653847420069859,0.772589844570242,0.930435641741009
"Jordan","JOR","Upper","female 5q15","female",,,,,,,,,,,,,,,,,,,,,,,,,,,,,,,,,,,,,,,,,,,,,,,,,,,,,,,,,,,,2.64128294634482,2.51963639052182,2.46233154843442,2.42036869953381,2.40336187938962,2.38657559860594,2.3572445743358,2.32751427578687,2.31028812969113,2.27924227283426,2.22663675511769,2.16382492394252,2.09871189324772,2.01018637125711,1.92925241245385,1.83343739122368,1.74023681757596,1.6686561193254,1.62773462791576,1.63005454251383,1.65898592977004,1.69538824868329,1.71528238117835,1.71730157914499,1.62924732247131,1.46729991562778,1.24320560647591,1.02219991697162,0.840709623398469,0.713079718133697,0.649502272244282,0.654727681842731,0.731316694282731,0.8687487960915,1.08119113275937
"Kazakhstan","KAZ","Lower","female 5q15","female",,,,,,,,,,,,,,,,,,,,,,,,,,,,,,,,,,,,,,,,,,,,,,,,,,,,,,,,,,,,3.51276858733306,3.58659629564317,3.60585920107556,3.76050614080479,3.80472300278148,3.76932477960166,3.70501145985848,3.87190066541138,3.77252765505924,3.58366252432716,3.38476629369045,3.35529831941957,3.39191497506999,3.34118054729676,3.30190297931458,3.33180289502901,3.38343658855429,3.29943372023106,3.25564919444276,3.15062855315287,2.93209281299845,2.74317545974744,2.51453086982043,2.3694696070544,2.22709230974796,2.15777842200472,2.03722040979029,1.98447558994213,1.91220765102245,1.92910189029949,1.89653517985715,1.87709559833355,1.77775479808683,1.69734490895833,1.59408899441145
"Kazakhstan","KAZ","Median","female 5q15","female",,,,,,,,,,,,,,,,,,,,,,,,,,,,,,,,,,,,,,,,,,,,,,,,,,,,,,,,,,3.42581847180722,3.52862923965775,3.68897710426087,3.76037970671394,3.77691012338837,3.93459956966266,3.97979465473449,3.95238208185859,3.89007794386346,4.05965814748576,3.95335034511185,3.75390858493768,3.54204067042364,3.52061064226304,3.55786736156536,3.50232024267401,3.46735264289836,3.49878417713405,3.54480169761131,3.4563207109067,3.41573544700105,3.30486298951464,3.0774435174355,2.88718743759553,2.65700823587748,2.50392505979184,2.35702682091025,2.2855828232927,2.16129887264971,2.1069058585497,2.03651137184628,2.05161085697403,2.02222966794242,1.9954718543951,1.89944576727912,1.82805713389419,1.7862932493609
"Kazakhstan","KAZ","Upper","female 5q15","female",,,,,,,,,,,,,,,,,,,,,,,,,,,,,,,,,,,,,,,,,,,,,,,,,,,,,,,,,,,,3.86844415942615,3.94295166394347,3.95628641114818,4.10580803408636,4.16608530568427,4.1439963551523,4.07840423310048,4.24287282040027,4.1377378430728,3.92526019989919,3.71206989308898,3.69075663394988,3.72463734718204,3.66671892607298,3.63059970119139,3.66501813333659,3.70944728155275,3.6208058388305,3.58238716640132,3.46674598318437,3.22341282036509,3.03611158605005,2.79870696443553,2.64474967126531,2.493715471355,2.42189674499403,2.29256253950503,2.23426040640941,2.16146283352853,2.17954192317042,2.14854462054244,2.11907145699713,2.02427516257811,1.96421385111695,1.99400144964779
"Kenya","KEN","Lower","female 5q15","female",,,,,,,,,,,,,,,,,,,,,,,,,,,,,,,,,,,,,,,,,,,,,,,,,,,,,,,,,,,,5.96910649875958,6.55935734493143,7.24970108547613,7.77613215565257,8.2880339998848,8.68671639539736,9.09594848530155,9.38351224882871,9.43271113910791,9.4020170395895,9.24665489218129,8.94067689112399,8.66180467420181,8.45700300311532,7.99210104588865,7.6306686858117,7.19692758171803,6.77634607484923,6.2130536990306,5.74752593406551,5.2642270673661,4.7614719140981,4.28614060686706,3.88834205107788,3.6001393079624,3.30575334383847,3.04812851303639,2.82280169136748,2.59646182493702,2.41979305791318,2.25937204857995,2.09582726750421,1.95657775565676,1.82868805421432,1.71921748785192
"Kenya","KEN","Median","female 5q15","female",,,,,,,,,,,,,,,,,,,,,,,,,,,,,,,,,,,,,,,,,,,,,,,,,,,,,,,,5.78530990527475,6.25315482671831,6.70817995519461,7.29303872718269,7.93075900775491,8.54221696958004,9.26430727370444,9.77856968165833,10.3387735757967,10.715230095882,11.1986134970898,11.4634538302746,11.478625048738,11.4251218358541,11.2322096210915,10.8939838403527,10.6043314665054,10.3256443496356,9.83884627911472,9.44904950951963,8.98027900992741,8.52030521001307,7.95967211697874,7.49244337304854,7.03860723184808,6.53301190944976,6.08765399091718,5.7082497272319,5.43116310138301,5.1609791713228,4.9061776699994,4.70022013290382,4.49845545741333,4.30200847786611,4.12339268038144,3.96262732490396,3.8132749490902,3.67233370403062,3.52865334838382
"Kenya","KEN","Upper","female 5q15","female",,,,,,,,,,,,,,,,,,,,,,,,,,,,,,,,,,,,,,,,,,,,,,,,,,,,,,,,,,,,10.4594943291566,11.0460078581889,11.777386007857,12.2670041588002,12.8176938452675,13.1711266087232,13.6062157844493,13.8389036000668,13.7694657343041,13.7049465873351,13.4484232320436,13.0791292231811,12.7457434763053,12.4380638027096,11.9268721477346,11.4998227457179,11.0385956642127,10.6053644889264,10.0673859046909,9.6123336116089,9.26006841329448,8.80098964567352,8.45451972452825,8.08532266796388,7.90044853554912,7.68668078120326,7.4238210200259,7.24529543607983,7.04509278751322,6.85498949127616,6.71847270484954,6.60521021993529,6.45966250880078,6.31240727139402,6.15393592058962
"Kiribati","KIR","Lower","female 5q15","female",,,,,,,,,,,,,,,,,,,,,,,,,,,,,,,,,,,,,,,,,,,,,,,,,,,,,,,,,,,,6.35557470340439,6.08420243034683,5.87997262544801,5.60069475992596,5.43508508927241,5.27311846983918,5.06032844962485,4.89727910164107,4.74229997074215,4.61910824866958,4.41524788845706,4.2995201451586,4.18270638838824,4.11687150882217,4.02909795627265,3.98778889424003,3.89936077713242,3.85707933678861,3.82564806915738,3.78087775011538,3.74476508304151,3.70514621152586,3.68960815514042,3.6627713565816,3.63879911830916,3.69123410772424,3.69173752344612,3.67415348118366,3.64093273065848,3.59576048771537,3.50908729688298,3.46035804932491,3.35540871400771,3.26531613964741,3.15721942391776
"Kiribati","KIR","Median","female 5q15","female",,,,,,,,,,,,,,,,,,,,,,,,,,,,,,,,,,,,,,,,,,,,,,,,,,,,,,,,,,,,8.55915314516926,8.17296847960012,7.91733611737413,7.58301760572207,7.36166624344227,7.15116942916904,6.87486751642579,6.70670979697892,6.52320226246882,6.3520259763994,6.1257459914498,5.96710916724816,5.83236945274886,5.78361796746031,5.68516524088189,5.64981281352134,5.57578280106113,5.5618925304875,5.53067460972769,5.46677522672622,5.43484795693393,5.4320501771588,5.43854365709368,5.46134385325076,5.46985613303471,5.55405838855914,5.56874786813128,5.58056013948118,5.57386264838014,5.53622616814887,5.4571507831654,5.39735004635087,5.28676119865556,5.1933578278742,5.07449852010409
"Kiribati","KIR","Upper","female 5q15","female",,,,,,,,,,,,,,,,,,,,,,,,,,,,,,,,,,,,,,,,,,,,,,,,,,,,,,,,,,,,11.4353790306098,10.9320495847462,10.5903568650075,10.1625111502907,9.8734651295729,9.64113908964538,9.27789089111439,9.0530443381032,8.82633606476247,8.61159219757266,8.35644213196787,8.17672886718203,8.03108553041788,7.97444043839742,7.89480521695725,7.85535619974165,7.75726854570365,7.76981400152668,7.77502375913254,7.70632160020223,7.66964115204885,7.69793105030566,7.70976874924837,7.76662595528745,7.78077397170709,7.94624186329243,8.03909847496318,8.11454071289296,8.09109639521898,8.11137599034812,8.05036964326092,8.02382498598029,7.88308831359977,7.75765949090581,7.5787970272202
"Korea DPR","PRK","Lower","female 5q15","female",,,,,,,,,,,,,,,,,,,,,,,,,,,,,,,,,,,,,,,,,,,,,,,,,,,,,,,,,,,,2.97075939088823,3.0352692366673,3.06845293501772,3.06808987052861,3.07118695882553,7.41459929507252,7.36277127615782,7.22625639455492,7.09006667025713,7.01497758550098,6.84707092410795,6.79560452428821,6.65747227216766,2.52978274290715,2.484550465527,2.46461478588351,2.41666575988961,2.38796129019049,2.31148251339487,2.24705928587352,2.16123995531117,2.0972084220925,2.01264062130331,1.93669519720648,1.84523661059301,1.76668507417729,1.71381863503378,1.62171034282071,1.5772502679925,1.52896015810708,1.49876526516537,1.49325031868125,1.47532320663912,1.48864660954128,1.40457187875779
"Korea DPR","PRK","Median","female 5q15","female",,,,,,,,,,,,,,,,,,,,,,,,,,,,,,,,,,,,,,,,,,,,,,,,,,,,,,,,,,,,4.07021552771686,4.13941536633343,4.20148915223207,4.21509300981455,4.20226340443791,10.0011981098315,9.9114953071172,9.7554723435942,9.59714052162736,9.51717256032473,9.36614716827643,9.27962883353276,9.12644330324241,3.58250526055616,3.52811783133412,3.49782300055115,3.45728504442279,3.43948944074422,3.34079015367726,3.27149131152058,3.18241994621224,3.09408693984991,2.99523624011593,2.88138885448797,2.77431593611541,2.67059849836166,2.62075930031702,2.50080698898783,2.44488523191711,2.39166807688559,2.37514131180986,2.37416363985392,2.39058408306567,2.40843099083795,2.30876528331975
"Korea DPR","PRK","Upper","female 5q15","female",,,,,,,,,,,,,,,,,,,,,,,,,,,,,,,,,,,,,,,,,,,,,,,,,,,,,,,,,,,,5.53010661185932,5.66429388299466,5.72034902483094,5.77257014741378,5.7659145775047,13.4144320870246,13.2852839568892,13.0879928659969,12.9411326398193,12.81137610349,12.6237298572643,12.5160672348028,12.3821037574793,5.02504709411092,4.93273258922862,4.91503874412963,4.89513061753086,4.87473553939027,4.73733074229113,4.62859881834868,4.54141494229923,4.42793976465602,4.30452063036788,4.17174132891976,4.02777963112102,3.89209683377803,3.82665947320753,3.67512827080776,3.62006381563179,3.55509649098606,3.54059120959194,3.56422844905678,3.60671844968062,3.65941782367139,3.53013520793934
"Korea Rep","KOR","Lower","female 5q15","female",,,,,,,,,,,,,,,,,,,,,,,,,,,,,,,,,,,,,,,,,,,,,,,,,,,,,,,,,,,,2.1330278862783,2.01600696082337,2.00834559308044,2.02102962216143,2.16418803434873,2.29245939926054,2.24498978888467,2.03160103273314,1.93595217615602,1.67256250313062,1.49355725481241,1.32806625252745,1.20680891498962,1.11304198703087,1.03375278988413,1.02301986397704,0.99560886092362,0.96598233590414,0.986206050998405,1.01358187206755,0.952540386962414,0.882248226253285,0.839788989387696,0.789876644887324,0.770607629871448,0.743265263596083,0.71491604005525,0.721810099076873,0.768630765890184,0.799636867013093,0.806742550477865,0.836295166918599,0.866739106576276,0.868768791723232,0.846530889224452
"Korea Rep","KOR","Median","female 5q15","female",,,,,,,,,,,,,,,,,,,,,,,,,,,,,,,,,,,,,,,,,,,,,,,,,,,,,,,,,,2.25177938212421,2.27171014215733,2.2291377589823,2.10687836143245,2.09710125455495,2.11061445285881,2.26132456410595,2.3869822364826,2.33383748936555,2.12122411518523,2.01730852641776,1.75311747716348,1.56659061059764,1.39968387284774,1.27275842888862,1.17415158384093,1.09433072430458,1.08049342960527,1.05272594165105,1.02150435942481,1.04363343929171,1.06946131391049,1.01006202559662,0.934989478226723,0.891872970171187,0.839408973181702,0.817859554539629,0.789288808344418,0.761715996236324,0.76913853511384,0.818261199949709,0.85156079803465,0.861043878782253,0.892653304110599,0.931833826533453,0.95853004145965,0.966858317230905
"Korea Rep","KOR","Upper","female 5q15","female",,,,,,,,,,,,,,,,,,,,,,,,,,,,,,,,,,,,,,,,,,,,,,,,,,,,,,,,,,,,2.32640038595478,2.19959039644492,2.18691105267204,2.20527417159132,2.36022364939023,2.48669199546543,2.43320631523059,2.21494737331643,2.10226712886507,1.83530925060518,1.64269904876637,1.47079387544087,1.3427707356687,1.23725887167963,1.15484722141844,1.14175695877743,1.11281016580052,1.08095333891126,1.10395156199921,1.12638123709545,1.06774314983459,0.989408849038609,0.945373099993518,0.89135824623223,0.866547620170579,0.838106909468238,0.809172006672785,0.816974775465983,0.867914098210747,0.905293270101945,0.915296499776956,0.949332620367239,0.998314748312567,1.05121045421713,1.09298994551128
"Kosovo","RKS","Lower","female 5q15","female",,,,,,,,,,,,,,,,,,,,,,,,,,,,,,,,,,,,,,,,,,,,,,,,,,,,,,,,,,,,2.23199293866937,2.19090787833319,2.14218928907322,2.0929456329147,2.04797716912746,1.98277281669194,1.92625683591863,1.8569008732642,1.81051892740395,1.74986316985972,1.68158742356508,1.63955559190163,1.58726135160356,1.53567415375984,1.48436260744081,1.43503816186207,1.38710746999577,1.34302702217267,1.2947094373052,1.24542551193953,1.21818267209438,1.17925438610737,1.15365872881589,1.11825158402482,1.09100577923264,1.05883757583785,1.03244836841131,1.00675293532689,0.984631678943731,0.963753357390471,0.941425543445837,0.918095340155108,0.897818583487069,0.883067897930114,0.864169056710981
"Kosovo","RKS","Median","female 5q15","female",,,,,,,,,,,,,,,,,,,,,,,,,,,,,,,,,,,,,,,,,,,,,,,,,,,,,,,,,,,,3.08615473253887,3.01926015484886,2.94962016916455,2.87999537773868,2.81332509227075,2.7354543306158,2.6594344559456,2.58749345057799,2.51641680366408,2.44016910554973,2.37266751892144,2.30652400843282,2.24158624766656,2.17451393117183,2.11893100517715,2.05766328726845,1.99937673669025,1.94604284623717,1.88943531801868,1.84436491761297,1.79900925083417,1.76492902423401,1.72651064766959,1.68990384844391,1.65801599998466,1.62536545430062,1.59520911385509,1.56261753573883,1.53358515923084,1.50423762211329,1.48052091247542,1.45649238135019,1.43598999488075,1.41380909602073,1.39696559332716
"Kosovo","RKS","Upper","female 5q15","female",,,,,,,,,,,,,,,,,,,,,,,,,,,,,,,,,,,,,,,,,,,,,,,,,,,,,,,,,,,,4.18103841198739,4.10958467951234,4.03164626950304,3.93481686347758,3.83894534102458,3.74557344595375,3.65642492243202,3.55853276257697,3.45924105318697,3.35508281368346,3.26624853622544,3.1965207783289,3.11705098313267,3.03148119553995,2.95274058154949,2.88908590724367,2.82229759863656,2.75968987025606,2.69109757019718,2.63932837491029,2.59494649005599,2.53619296703883,2.48959126503033,2.4678371156036,2.42839299506458,2.38594244632644,2.35515008033786,2.32896148948796,2.30103548460224,2.26404767302146,2.23451422859352,2.20959507908798,2.19019468315312,2.16487779991709,2.15259698198357
"Kuwait","KWT","Lower","female 5q15","female",,,,,,,,,,,,,,,,,,,,,,,,,,,,,,,,,,,,,,,,,,,,,,,,,,,,,,,,,,,,1.45289415911643,1.34599456047204,1.28209062037732,1.31226159135287,1.35054583199988,1.36622509392535,1.33512298719068,1.28621425719402,1.23015797077347,1.17787918095024,1.13433544077182,1.09122479191224,1.07447610209314,1.07388156550683,1.08104860966446,1.06579682315649,1.05674897380409,1.05117022731663,1.04094211600582,1.01698896692501,0.987212991845824,0.961486228260905,0.958114739824622,0.968509206862356,0.990697040912216,0.971792785822283,0.95028186026367,0.920842316468647,0.888710605131862,0.867229565184027,0.841455626908277,0.816171028748461,0.810914442392196,0.75383973855586,0.680755886744202
"Kuwait","KWT","Median","female 5q15","female",,,,,,,,,,,,,,,,,,,,,,,,,,,,,,,,,,,,,,,,,,,,,,,,,,,,,,,,,,1.22411973008916,1.29305377541211,1.75355623243576,1.601501553731,1.50746642700204,1.53995053276888,1.57745052972175,1.58320363965932,1.54676892466951,1.49010048466159,1.42863562442827,1.3725367258083,1.32451153650379,1.2756818537271,1.25252972177255,1.24669107317943,1.25001331304326,1.22622576305355,1.21162265300378,1.20331921982631,1.18853249789197,1.16828392778233,1.13325651313632,1.10909615461965,1.10447080142231,1.11193187150743,1.13060138020175,1.11513424910645,1.10379192279854,1.08023655571391,1.04991298650911,1.02619061145698,1.00389456009036,0.975071594903284,0.969881441683638,0.917539496684691,0.857793028682886
"Kuwait","KWT","Upper","female 5q15","female",,,,,,,,,,,,,,,,,,,,,,,,,,,,,,,,,,,,,,,,,,,,,,,,,,,,,,,,,,,,2.10077443612717,1.89650734936801,1.76907564689164,1.79767723503956,1.83078207226391,1.83531467099059,1.78238099300569,1.71409799967642,1.64536954459488,1.5843528197975,1.52891240470473,1.47014524918962,1.4460197309536,1.42408259994121,1.42489383264579,1.39917013741628,1.38647882581657,1.38036026483524,1.36568122146563,1.34817040007087,1.31396201217228,1.28276782379946,1.27156907643488,1.27313719418088,1.28778092787896,1.2762551022395,1.26829539388939,1.24967578201305,1.22191632926015,1.19963453578389,1.18270128956085,1.15805572480078,1.15356292048072,1.10667443498017,1.07132813026977
"Kyrgyzstan","KGZ","Lower","female 5q15","female",,,,,,,,,,,,,,,,,,,,,,,,,,,,,,,,,,,,,,,,,,,,,,,,,,,,,,,,,,,,2.96210428658811,2.98611743999773,2.9653985097976,2.93356263501718,2.87278146477073,2.91309660312666,2.84654970385298,2.77744599110181,2.6228969637757,2.57174114238009,2.50044306206503,2.3474825637671,2.29537549171046,2.24018657712741,2.19546958519006,2.20902959404684,2.15615099504409,2.12034684863782,2.09210085461465,2.17101433735411,2.17344739144582,2.16217990542383,2.09998137334647,2.03664889896887,2.02159509456967,2.02939748573756,2.07941243123444,2.05156027857629,2.07710614112387,2.07101881832352,2.1508048007173,2.17838091423405,2.05364436204969,1.94818484184526,1.82725852147855
"Kyrgyzstan","KGZ","Median","female 5q15","female",,,,,,,,,,,,,,,,,,,,,,,,,,,,,,,,,,,,,,,,,,,,,,,,,,3.2288881006362,3.22887748553795,3.2109686629548,3.07823401165771,2.9824866715603,2.97603535908828,2.95110314866476,3.00764303618561,3.06399989259965,3.12688513256708,3.17507484043715,3.19360582451185,3.16992348224365,3.14434636484839,3.08851572848514,3.11773821804863,3.05147074284639,2.97333611592276,2.81346749055167,2.75728097135053,2.67742560171905,2.51961702359691,2.45865103008428,2.40127711671644,2.35586535221321,2.36880305488497,2.31836150376693,2.27997063570591,2.24990561750533,2.32584951342803,2.3270702988107,2.31818684764672,2.25599920700179,2.18817911013987,2.1728788912363,2.18063516708791,2.23589830565424,2.20894427942293,2.23508977340919,2.2291992429192,2.30885386096913,2.33884628532366,2.22709408504762,2.14723124440187,2.08113039539159
"Kyrgyzstan","KGZ","Upper","female 5q15","female",,,,,,,,,,,,,,,,,,,,,,,,,,,,,,,,,,,,,,,,,,,,,,,,,,,,,,,,,,,,3.39403083004102,3.41425412646359,3.3802639261702,3.35983639682279,3.30181796493686,3.33081020369692,3.26355958022352,3.18335600138837,3.00814316938516,2.94818156646807,2.8616088310604,2.70178659682352,2.63040050921511,2.56323272830491,2.51830431809686,2.52953984586961,2.48127025123849,2.44219610362597,2.40820433615521,2.48588983655096,2.48910053657155,2.48505238191144,2.41657211684846,2.35255607749461,2.33471572759575,2.33997766205861,2.3958881146857,2.37227536370779,2.4030217412579,2.39506840576119,2.47440764100115,2.50612597903274,2.41199069949858,2.35442688280762,2.35089070967155
"Lao PDR","LAO","Lower","female 5q15","female",,,,,,,,,,,,,,,,,,,,,,,,,,,,,,,,,,,,,,,,,,,,,,,,,,,,,,,,,,,,5.00228408078157,5.72837169737803,6.5120137438166,7.20182961326383,7.89605508386046,8.46862600314931,8.98112822167118,9.36027029636341,9.50795058293385,9.62490167182374,9.67157105191947,9.58288661616106,9.41548554621053,9.17459945428931,8.8200414745527,8.41927011917005,7.76777620307899,7.03895668451603,6.33559350267372,5.52597181748019,4.83501130367475,4.19595877380069,3.65095803472237,3.22430238473455,2.78396115195841,2.39852685971372,2.10989285626226,1.94171075399637,1.81163068166128,1.68272503699755,1.57912008323311,1.49008571276223,1.40004083846162,1.32530835898838,1.24129444307038
"Lao PDR","LAO","Median","female 5q15","female",,,,,,,,,,,,,,,,,,,,,,,,,,,,,,,,,,,,,,,,,,,,,,,,,,,,,,,,,,,,15.1125103060491,14.9203573968929,14.834739462801,14.7801119326559,14.9461255546833,15.1043354666763,15.1834958087072,15.0994001604017,14.8901633849087,14.6963939595371,14.4317846646972,14.0479648853418,13.6654543102684,13.202565681466,12.589799279301,12.0122412727133,11.2116130100185,10.2665650239785,9.37212584379461,8.29466524295271,7.39067993412553,6.52231978227289,5.78261387332409,5.21452968603949,4.68840861289818,4.25691433521928,3.97232710556697,3.79530662710291,3.65692696027286,3.54506148724846,3.44759108237801,3.34124161440219,3.23430066000364,3.14095396359094,3.06009029295698
"Lao PDR","LAO","Upper","female 5q15","female",,,,,,,,,,,,,,,,,,,,,,,,,,,,,,,,,,,,,,,,,,,,,,,,,,,,,,,,,,,,25.4686413787261,24.8179923080062,24.2455369689165,23.8886880986284,23.7970346164039,23.55172909716,23.3178417628764,22.866225245208,22.2044131084573,21.7143538774386,21.0477309024139,20.3601474935639,19.5654596308369,18.7731326782643,17.8618277579036,17.0395407565904,16.0510877008452,14.8449129863885,13.7662739415015,12.4621602562828,11.4371060587389,10.393398060786,9.44703947975393,8.77076874651429,8.17169436007773,7.61599570851774,7.27448181982424,7.08584355039905,6.90381759221604,6.7612501314755,6.61885699103823,6.53152384174093,6.44630889871815,6.31440410077534,6.18198727770518
"Latvia","LVA","Lower","female 5q15","female",,,,,,,,,,,,,,,,,,,,,,,,,,,,,,,,,,,,,,,,,,,,,,,,,,,,,,,,,,,,2.7068971571791,2.82255496591408,2.9434976733273,2.97899871911724,2.92552229884493,2.87262513057945,2.77778865478861,2.66715162110816,2.57571585819329,2.50038984191548,2.36958411096579,2.31216085472745,2.28293367691071,2.20491569113168,2.08951354271965,1.93616038280661,1.81443110913155,1.69511126055143,1.59022771904647,1.48689674029755,1.40987721086355,1.34710922061919,1.29648971297508,1.26414023881582,1.25101498286308,1.25876756624833,1.27031982443761,1.27890394076456,1.26434366170407,1.24000706527664,1.19696972823007,1.14199108017628,1.08579137849776,1.01659408937373,0.954636807827862
"Latvia","LVA","Median","female 5q15","female",,,,,,,,,,,,,,,,,,,,,,,,,,,,,,,,,,,,,,,3.43578861593455,3.29856658991469,3.22828417109848,3.06994070591814,2.97354750613245,2.90843876493292,2.8443367742733,2.80161268674421,2.83011227695281,2.88097822680115,2.89963023072347,2.87344743915882,2.83706218286148,2.77589107869674,2.66867620975568,2.55647138802566,2.49195462486297,2.50266517622512,2.55711852315292,2.70817266330056,2.88102913514632,2.99372476616335,3.12928138664417,3.24720283083737,3.29137751427499,3.24292227473679,3.18219542335161,3.08006392710393,2.96362997472281,2.86430338293273,2.78483213745502,2.64538476720124,2.57616516381873,2.53832000227452,2.44834571463037,2.32152142097596,2.15335944794321,2.02773863352866,1.90723609411314,1.79761448752297,1.69409014510748,1.61528669410971,1.54958543562225,1.50178528672755,1.47335576796906,1.46297644373925,1.47577296924797,1.48859415047716,1.49994883203721,1.48716501583964,1.46527215764088,1.42471902270974,1.37417023478308,1.31873783786606,1.26452449701867,1.21534016080109
"Latvia","LVA","Upper","female 5q15","female",,,,,,,,,,,,,,,,,,,,,,,,,,,,,,,,,,,,,,,,,,,,,,,,,,,,,,,,,,,,3.30995943811159,3.45660078744685,3.58998006625358,3.63848217775734,3.59290525366137,3.51977800033406,3.39979901349311,3.27118293096211,3.16975376907406,3.07931495172098,2.92437701460266,2.85142305844062,2.79533935360451,2.70347407063186,2.57289051502559,2.39526350860604,2.26829628189717,2.14222923737455,2.0333118126312,1.92544966458413,1.8434258833682,1.77764911522084,1.73413613078092,1.70915014079283,1.69654139964004,1.71841740243092,1.73653900357294,1.74677655171349,1.73103939449333,1.71211474961891,1.67719393794575,1.63767537051671,1.59057009916194,1.55084881900583,1.5158203419869
"Lebanon","LBN","Lower","female 5q15","female",,,,,,,,,,,,,,,,,,,,,,,,,,,,,,,,,,,,,,,,,,,,,,,,,,,,,,,,,,,,2.23873446519921,1.830554717159,1.788195578713,1.75407526961612,1.71903991249882,1.68636976886368,1.6517243482888,1.61730798322272,1.5795807036881,1.54650079166102,1.51202507856302,1.4682878646149,1.43348341425052,1.39328332992867,1.34921535485441,1.31340307831047,1.32481367134944,1.25787309854033,1.22689696472144,1.20134506500423,1.17830953256991,1.16925549979159,1.15857257273966,1.15669655992161,1.14644282537449,1.14985203201883,1.15054726554974,1.15897879402983,1.16367652713236,1.17590259738082,1.18680457626631,1.21168851604596,1.23087280763605,1.25296289265314,1.60588246324201
"Lebanon","LBN","Median","female 5q15","female",,,,,,,,,,,,,,,,,,,,,,,,,,,,,,,,,,,,,,,,,,,,,,,,,,,,,,,,,,,,3.08443181632459,2.5342476287205,2.48074864994249,2.42557328367977,2.37670853531465,2.3312356474638,2.28446758680612,2.24099775873836,2.19484832414941,2.15650059770017,2.10622629876778,2.06394945401273,2.0191366363691,1.97398191926793,1.92998825197242,1.88437128284816,1.9079426772651,1.81292062067464,1.78362946642252,1.75385433994252,1.73774005629784,1.72635878615001,1.72334318566494,1.72364089955179,1.72962402646122,1.73973738097393,1.75094599513899,1.77172836044947,1.80413603826201,1.83506766731384,1.8747070230933,1.92501905900805,1.96862424188158,2.01756429902196,2.60626583508664
"Lebanon","LBN","Upper","female 5q15","female",,,,,,,,,,,,,,,,,,,,,,,,,,,,,,,,,,,,,,,,,,,,,,,,,,,,,,,,,,,,4.21807417425897,3.46425340221236,3.38847176287392,3.31753952747451,3.24598700398549,3.18005768009446,3.12528616182351,3.0619241094243,3.02525582361461,2.97613685463406,2.92598497366417,2.87654003039683,2.81772512393448,2.76302676610295,2.7040491617124,2.64913459554465,2.69089341399877,2.57467778549581,2.53902671269258,2.51022333408795,2.48855766805956,2.48789292196465,2.50035653058391,2.51524672628688,2.52899366375981,2.56759739097004,2.6019403653234,2.64021117243894,2.70470700885348,2.77888044505485,2.8502653427339,2.9476388234294,3.02352105563485,3.12168007089179,4.05371297124654
"Lesotho","LSO","Lower","female 5q15","female",,,,,,,,,,,,,,,,,,,,,,,,,,,,,,,,,,,,,,,,,,,,,,,,,,,,,,,,,,,,7.26614728754584,7.82705776927323,8.34366349294272,8.8985584224385,9.4713607430748,9.97944606860879,10.4764653139059,10.98962731707,11.3591607386878,11.5769998652205,11.7360568497985,11.8377507770165,11.7331997718188,11.4004300423814,11.0767711576293,10.7505494090958,10.4114988877013,10.052330167829,9.69355746448388,9.2589492015197,8.75114510054315,8.16962304514857,7.48965733577202,6.73067726605182,5.91859982559512,5.07779193562459,4.30399629086,3.62159891377725,3.02925159718653,2.51164421184053,2.09435007608983,1.7459219178908,1.46110158275947,1.29626774024595,1.17858820834998
"Lesotho","LSO","Median","female 5q15","female",,,,,,,,,,,,,,,,,,,,,,,,,,,,,,,,,,,,,,,,,,,,,,,,,,,,,,,,,,,,11.4012933514354,11.6717868048474,12.0219751204633,12.3382577932396,12.6647398948312,12.9822686825143,13.3768637378919,13.7879527218462,14.1347508516872,14.3595418821734,14.5516582071756,14.7106472243031,14.6421083587288,14.3833483259512,14.1031731405764,13.7430317460404,13.3555200877157,12.9430639904018,12.505701842186,11.9544359534647,11.4115276995411,10.7945209365957,10.03144978941,9.21030566511043,8.28473668735279,7.30639075517053,6.36728962141471,5.53307423409084,4.78044022063491,4.0878750580155,3.55503576057088,3.11088491273565,2.7310351937433,2.51164220052759,2.3550310776277
"Lesotho","LSO","Upper","female 5q15","female",,,,,,,,,,,,,,,,,,,,,,,,,,,,,,,,,,,,,,,,,,,,,,,,,,,,,,,,,,,,17.7590770634952,17.6039522799326,17.5928128153362,17.335018997458,17.224963499615,16.9710943960531,17.0430673587017,17.2835321779249,17.5087810487917,17.5974269559286,17.7836479161108,17.9753922775965,17.9188755823204,17.6735758676808,17.4450798917898,16.9851186881307,16.5840725945569,16.0944175478956,15.676084129825,15.1773766079301,14.6024282658668,14.0378947776267,13.2413993221588,12.4340449583128,11.4350528478804,10.3603210988422,9.28865253359551,8.30039517893847,7.42164916737677,6.55056477926994,5.90077313560199,5.31636249674535,4.80810047488312,4.50226213638562,4.29946539974521
"Liberia","LBR","Lower","female 5q15","female",,,,,,,,,,,,,,,,,,,,,,,,,,,,,,,,,,,,,,,,,,,,,,,,,,,,,,,,,,,,10.5955070248078,9.89715126160853,14.3348909554,15.0289863630823,11.5229146022088,11.0998818129948,11.5522350482354,10.7715675910041,10.9197273374798,11.0512408854196,11.1676034232975,11.1607468417242,11.2197748820986,11.97241185477,11.1380442465444,10.9637304804514,10.7439962738406,10.4994650309833,10.2559554469537,9.98342454481335,9.80602057240329,9.49406756372868,9.22340231554873,8.86120217891726,8.56013773886316,9.37765531266323,8.02714800211314,7.71765795143428,7.35617873880787,7.05566106302045,6.73173648072921,6.34892086262751,5.95185237044474,5.53267570863122,5.18504871008915
"Liberia","LBR","Median","female 5q15","female",,,,,,,,,,,,,,,,,,,,,,,,,,,,,,,,,,,,,,20.8966848418478,20.7041296297407,20.3970319948155,20.1175006466256,19.8507317594813,19.5670924804581,19.335332623663,19.1195682826738,18.9226492172172,18.6676900213422,18.414275924703,18.1580213787626,17.9805672438933,17.7166582040081,17.4524242770073,17.2627386230013,17.0479097294442,16.863981812889,16.6043445626556,16.3861226487872,16.2312375440674,16.0205654747495,17.0017079083444,15.5486561023816,22.0220603453644,22.6554253380768,16.9630989890777,15.9977754078564,16.1820478540601,14.7249879211229,14.6602341092147,14.6054000297601,14.5186543613964,14.3680781167684,14.357850535425,15.2121780157161,14.1074877068887,13.8985872608917,13.644970667184,13.3854288018761,13.1307592792658,12.9067228609959,12.7740873136041,12.5781379866964,12.4480199239707,12.2545795161144,12.1096514503731,13.6122292739851,11.9227914712643,11.8269795203298,11.6533310578993,11.5712077076856,11.3451199877237,11.0093915585318,10.5981139469766,10.211718951179,9.78860793855691
"Liberia","LBR","Upper","female 5q15","female",,,,,,,,,,,,,,,,,,,,,,,,,,,,,,,,,,,,,,,,,,,,,,,,,,,,,,,,,,,,24.0604111124068,21.7615214996095,30.5782066940326,31.1993850972096,23.036440969069,21.4887343862364,21.5948135736536,19.5144579592792,19.2342055753284,18.9559254964636,18.6712003676055,18.336028245481,18.172927928918,19.2100212426623,17.7911266763957,17.5741649737395,17.2708390861946,17.0581411345917,16.7980758376532,16.5904711229321,16.520283778747,16.4874257522985,16.5407071587891,16.5620243716648,16.7186465863926,19.1616004533699,17.2275576285474,17.4836080607774,17.5044332566775,17.7522875421295,17.5563541789206,17.269054268797,16.8512692630524,16.4183184652183,16.0010799101251
"Libya","LBY","Lower","female 5q15","female",,,,,,,,,,,,,,,,,,,,,,,,,,,,,,,,,,,,,,,,,,,,,,,,,,,,,,,,,,,,2.0998636433977,2.05093869652624,1.9961390867717,1.95855629061061,1.91089826403471,1.87340827603629,1.84309932701599,1.81567623485365,1.78594163979813,1.76260839019077,1.73732488432098,1.71683491716238,1.68838523626974,1.66614486357534,1.6239168686832,1.58497686156011,1.53840303263409,1.48114233553492,1.42526146769138,1.38885510870329,1.34765511122365,1.6870507719024,1.28815257456217,1.26556271246878,1.3590891491873,1.33513814419098,1.31354446826039,1.22399187001042,1.16788072442172,1.20562106066695,1.14791339686222,1.04379903977017,1.01508583098554,4.35024446161009,0.970641429257935
"Libya","LBY","Median","female 5q15","female",,,,,,,,,,,,,,,,,,,,,,,,,,,,,,,,,,,,,,,,,,,,,,,,,,,,,,,,,,,,2.91188988929208,2.84211437495088,2.77599997711702,2.72165560634098,2.65944073788506,2.61036440778993,2.56753386835387,2.53034191814699,2.49366845845361,2.46526185742868,2.43427363063826,2.41623766123999,2.38540847900239,2.35401747227005,2.30944924125414,2.25730527662795,2.19590137220943,2.1264839310885,2.07170521455885,2.01760646964763,1.97248723183877,2.49051513689233,1.91732575499863,1.89553818332632,2.04016702379303,2.00865700131677,1.99172295106228,1.86415812287689,1.79512647678148,1.85894620532722,1.78569599250618,1.63436009398224,1.6135948383321,6.94420927555672,1.57412924675955
"Libya","LBY","Upper","female 5q15","female",,,,,,,,,,,,,,,,,,,,,,,,,,,,,,,,,,,,,,,,,,,,,,,,,,,,,,,,,,,,3.9658824397043,3.88697147070169,3.80159786075977,3.74379127332556,3.64901318761187,3.58107958135111,3.52991944331267,3.48997357831359,3.44787415337624,3.41327742306423,3.38760511297596,3.36867214376002,3.35021155268882,3.30965010127563,3.27076038237683,3.18793499823901,3.10957226974471,3.02825915186353,2.94400058337508,2.87746773830097,2.81936648003236,3.60010428141331,2.77010497495673,2.7607606632396,3.00448240834514,2.95559543504148,2.93925145694895,2.77300535235089,2.68822801990863,2.79719973120584,2.68446737878855,2.47932047489634,2.45617634901867,10.6645518042336,2.41646832933482
"Lithuania","LTU","Lower","female 5q15","female",,,,,,,,,,,,,,,,,,,,,,,,,,,,,,,,,,,,,,,,,,,,,,,,,,,,,,,,,,,,2.54598273227837,2.59887008029696,2.60869369690599,2.58240358019339,2.51285876956679,2.43768994359867,2.35003893517901,2.24926856139116,2.23428543123132,2.18781918239705,2.11679227341518,2.04263807208408,2.03378807443045,2.04139320292126,1.98951002431678,1.96041037107576,1.90678020899913,1.83627766411926,1.78432337435307,1.63915926537774,1.53298249704016,1.47867032624643,1.44915685590745,1.40453194315815,1.33657430106456,1.28910680023829,1.24290947519839,1.19835475959395,1.16867323365517,1.1428506574328,1.10472340476904,1.03869694784493,0.973890848268556,0.899123607955287,0.817719187951888
"Lithuania","LTU","Median","female 5q15","female",,,,,,,,,,,,,,,,,,,,,,,,,,,,,,,,,,,,,,,3.32089909299381,2.96789088227636,2.77112378107773,2.64989128804935,2.65021487109763,2.61523417049492,2.51645298578755,2.49386243350874,2.5324198232619,2.67016149880561,2.75234825785016,2.81074260083618,2.82127601532285,2.75792009284309,2.67131554080201,2.60432510262385,2.52129008373955,2.46798952927377,2.51759249120737,2.52271416226951,2.67629549641766,2.78880570536334,2.84503470251817,2.87096686939501,2.83480201241022,2.76786294585332,2.68159648507142,2.58528186765067,2.4820827963694,2.46173818085463,2.40926221143708,2.33296622294845,2.25865390110622,2.2454646422875,2.25366059744333,2.2012842158885,2.16889420148012,2.11638126653702,2.04350056163379,1.99279894952605,1.83801798997747,1.72843825447508,1.67001672667992,1.63760206006273,1.59623547301874,1.52437489277289,1.46919429842598,1.42323874783101,1.37551004726248,1.35172134183442,1.31980717561628,1.28218324131267,1.22157470897519,1.16333508011385,1.10143222177226,1.03079286309012
"Lithuania","LTU","Upper","female 5q15","female",,,,,,,,,,,,,,,,,,,,,,,,,,,,,,,,,,,,,,,,,,,,,,,,,,,,,,,,,,,,3.04698236382927,3.11392466330034,3.13825860600638,3.10672050069982,3.03368087139645,2.94515451151656,2.82801683147998,2.72718995452783,2.69931561816449,2.650095759458,2.57111937608444,2.49319362834484,2.47964016755143,2.48652160637941,2.43300593027409,2.39605122945285,2.34321013334434,2.26797093784264,2.21391502690892,2.05117601702395,1.93932542503241,1.8783815663785,1.84482959852869,1.80352893115823,1.72722246474945,1.66759909926887,1.61998480387537,1.56960715157784,1.54533075449942,1.51823935736467,1.47910115498461,1.43358521925428,1.37755231623356,1.32566551629281,1.26964327134365
"Luxembourg","LUX","Lower","female 5q15","female",,,,,,,,,,,,,,,,,,,,,,,,,,,,,,,,,,,,,,,,,,,,,,,,,,,,,,,,,,,,1.94488209381094,1.88908140216123,1.80214958788759,1.70430174478974,1.58570066015176,1.45809278207647,1.31588042131683,1.17898556513318,1.06808025845553,0.972277611018792,0.888443468883471,0.826580830121675,0.77328748346261,0.727524438152431,0.691724903424398,0.662849927011002,0.636260045108035,0.613466679953701,0.592505785385255,0.572153286274836,0.552419905206479,0.533580159897164,0.510740138450189,0.491895728256167,0.471237656032395,0.456786859362572,0.442651309933999,0.431709833243593,0.419787096482991,0.403860003306908,0.387136917790643,0.370974433144917,0.351269773817277,0.332347014941307,0.316290372717956
"Luxembourg","LUX","Median","female 5q15","female",,,,,,,,,,,,,,,,,,,,,,,,,,,,,,,,,,,,,,,3.87757843499099,3.65525991093735,3.49668839417124,3.36743814132051,3.2700846023462,3.21805296078401,3.19385449603475,3.16839117625966,3.13406756638148,3.08636300658595,3.02909170422829,2.96508648804648,2.89178481572551,2.81702762120838,2.73923223856671,2.67554526601416,2.62457725183704,2.58273691667112,2.55004864943461,2.50578031420871,2.45785870370652,2.40613397068877,2.33692380176602,2.24625557596078,2.1296718883597,1.99093418923065,1.83342624629911,1.6522632620303,1.48976193766523,1.35857118369652,1.23863223950691,1.13498707022709,1.06052029453095,0.995373844750175,0.939817007448716,0.89525603301465,0.861763765411652,0.830992614610213,0.804545521241541,0.775099421131939,0.749523655826942,0.727506864534548,0.703206583762825,0.679413469103091,0.654644213906222,0.632759933568307,0.613883806656421,0.602218266229219,0.592434763392171,0.583034703627336,0.572267560201678,0.561394589200878,0.54916933273495,0.535268243638325,0.524087886542159,0.508718793606002
"Luxembourg","LUX","Upper","female 5q15","female",,,,,,,,,,,,,,,,,,,,,,,,,,,,,,,,,,,,,,,,,,,,,,,,,,,,,,,,,,,,2.94257061984948,2.85735469623173,2.7463964120778,2.61334949125248,2.4505774398964,2.27300867760231,2.06109325212772,1.86906868776885,1.70661403984385,1.55645584301126,1.43795759491693,1.34227358236528,1.26068290324129,1.19980245088958,1.14392959421462,1.10477988905375,1.06617347456295,1.0324142244649,0.998923284597097,0.968314841874305,0.943794809774065,0.910975349491028,0.881351069707124,0.851387260521091,0.825593899588523,0.805390641581377,0.798685701079741,0.792682896166881,0.787630533243006,0.784650964454508,0.780926902692492,0.778587706854317,0.771945592625161,0.768365325606384,0.760488657580561
"Macedonia","MKD","Lower","female 5q15","female",,,,,,,,,,,,,,,,,,,,,,,,,,,,,,,,,,,,,,,,,,,,,,,,,,,,,,,,,,,,1.18417018600917,1.24095482787973,1.27200717359222,1.29948244334337,1.29796840923514,1.29126773617132,1.2891879475353,1.28873608233232,1.29699670191184,1.30177872059978,1.30879382814632,1.30333073836145,1.27941477850985,1.24368643525207,1.19183790235942,1.15236899219052,1.11908187785862,1.08791109837017,1.0582995565326,1.01218016456989,0.973981197961112,0.943918768117664,0.917536745478061,0.896541517436266,0.882349005183747,0.879116665806996,0.878718200402603,0.890895879401258,0.905010519087858,0.930552368659354,0.956471684128801,0.981024021671079,0.99774132458152,1.00472231987695,0.988213380902541
"Macedonia","MKD","Median","female 5q15","female",,,,,,,,,,,,,,,,,,,,,,,,,,,,,,,,,,,,,,,,,,,,,,,,,,,,,,,,,,1.24472344540681,1.31983252044634,1.38854816913101,1.44061016690559,1.47192239700622,1.49992262768509,1.49853708112357,1.48736739148589,1.48219077800382,1.48203508067211,1.49011670691773,1.49540011045132,1.5001314783096,1.49426317031689,1.46581528360552,1.42677141542075,1.37048374502765,1.32638625198585,1.28893150980185,1.25457727869057,1.21700853767,1.16743561848494,1.12534254505328,1.09246838806889,1.06589837762848,1.04719133249051,1.03332309732901,1.03421569398841,1.03884694309679,1.05562663326081,1.07638852250592,1.11241421148989,1.1502121268797,1.19143885366919,1.22264880305319,1.2492520982409,1.24991153140983
"Macedonia","MKD","Upper","female 5q15","female",,,,,,,,,,,,,,,,,,,,,,,,,,,,,,,,,,,,,,,,,,,,,,,,,,,,,,,,,,,,1.62016891832711,1.6692192707201,1.69363056760843,1.72123665607292,1.71659308904133,1.69576494430264,1.69413453251071,1.68652547266177,1.69984942317678,1.70406392277322,1.70328915029995,1.69671029116419,1.66798182919032,1.62170418092057,1.56189402440203,1.51134644977861,1.46735420230258,1.43179929118172,1.39560977902224,1.34299781474346,1.29893760878763,1.26287273743124,1.23488293087809,1.2190245548002,1.2056564980343,1.20830595716609,1.21223085647473,1.23175966283982,1.25731462762511,1.30548464131839,1.35688920151746,1.41389467087676,1.46526385460633,1.51029129115618,1.53318135201817
"Madagascar","MDG","Lower","female 5q15","female",,,,,,,,,,,,,,,,,,,,,,,,,,,,,,,,,,,,,,,,,,,,,,,,,,,,,,,,,,,,11.4946284658432,11.4672750006671,11.4921869977742,11.4340579369887,11.363894075581,11.1264481961956,10.9388013615414,10.7296924405809,10.5767537634862,10.5039434383226,10.3662624282228,10.2653851353412,10.1092912031071,9.98764580598297,9.7807122351044,9.55712709861958,9.35008604527489,9.14701716710444,8.8578618677254,8.53413328329111,8.25173315202933,7.90082236181625,7.5630316943745,7.15416332324963,6.77612661804742,6.38788312822997,5.87571221270613,5.35146948022683,4.86153402086158,4.40953362524429,4.04576185551395,3.70444065664324,3.41510676737601,3.19519445113767,2.97512268191264
"Madagascar","MDG","Median","female 5q15","female",,,,,,,,,,,,,,,,,,,,,,,,,,,,,,,,,,,,,,,,,,,,,,,,,,,,,,,16.1184983039196,15.8008122203212,15.4848918223975,15.1280485123371,14.8685159773787,14.6985228559843,14.4322709693835,14.2402141689651,14.1098861782072,13.8908029926223,13.5630671467701,13.2897530470461,13.0346799672343,12.8847484434594,12.7741048842536,12.671004935278,12.5876109454209,12.4417373222382,12.2939422574733,12.0542588847312,11.8810338758824,11.6814841676159,11.4932422090003,11.2160922988693,10.854255025494,10.5716489008257,10.1985059420261,9.84483633198887,9.4025628492235,9.0266015397697,8.62539974518664,8.14533069358884,7.57593820836834,7.1402102981447,6.71408660345869,6.39632898791884,6.09558078745605,5.82122630203767,5.58278915445399,5.3512648177387
"Madagascar","MDG","Upper","female 5q15","female",,,,,,,,,,,,,,,,,,,,,,,,,,,,,,,,,,,,,,,,,,,,,,,,,,,,,,,,,,,,18.4689959959599,17.8801768878085,17.4976287640531,17.2113447947091,16.7671043179802,16.330362093099,15.9201203168483,15.657357959093,15.4827406875576,15.3238523759393,15.260263912837,15.1896087942794,15.1394665501852,15.0122499892217,14.8417362809738,14.7250788583892,14.5775993077032,14.4447606567333,14.2463107482869,13.9452941455935,13.6939065020483,13.3630179788088,13.0738663169457,12.6812313676193,12.3247257968588,11.9896144819964,11.502626211123,10.9510979186529,10.5538168356259,10.0282334248885,9.68978845903042,9.36745753390972,9.14961728337663,8.93099313101194,8.72417368162209
"Malawi","MWI","Lower","female 5q15","female",,,,,,,,,,,,,,,,,,,,,,,,,,,,,,,,,,,,,,,,,,,,,,,,,,,,,,,,,,,,16.0070721490855,16.3416797088737,16.7499302398197,17.3641666513081,18.0797710679317,18.7691484528855,19.4086366811531,19.7827838949495,19.6969256673483,19.2873114632319,18.8171393594674,23.1945401683947,16.9796991706766,15.9775007412017,14.9382603646651,13.9110415256225,12.9954846293649,12.1965595647911,11.2740912267764,10.4090239109204,9.57787472539957,8.70030079861269,7.71411106136322,6.78047843171238,5.96436845711739,5.29987723359526,4.76014650585628,4.25694805620018,3.87904040636182,3.51830381343884,3.26206690260361,3.03674476659912,2.84122909421792,2.62660052277765,2.44728881947804
"Malawi","MWI","Median","female 5q15","female",,,,,,,,,,,,,,,,,,,,,,,,,,,,,,,,,,,,,,,,48.2383990251243,43.7357415343373,39.3276559837981,35.4033247751723,32.0110570609738,29.2671715886887,27.0072547347917,25.0231706091098,23.2494497937302,21.7428233677452,20.4378732628402,19.4535549382372,18.8451419485967,18.3999807383116,18.1924735664213,18.3519866961172,18.4765701751344,18.6748995366905,18.8955428154237,19.2184851427099,19.5403820020761,19.892873585906,20.3461268961977,21.0361678082828,21.7751645252454,22.4501930416595,23.0705824244411,23.4051486040621,23.2160978651187,22.6640640153951,22.0638144430586,27.1571587814404,19.9066199198614,18.6319395038081,17.436437435542,16.2233736110473,15.2523168737097,14.3428757908913,13.3729006502443,12.4679917727099,11.5699015009587,10.6493128599037,9.60508595905311,8.65109101639248,7.77638532767146,7.06313208727957,6.53388371716196,6.0110744509808,5.60557084226565,5.26651583225285,4.99198703901395,4.77069540870329,4.57409822316679,4.38398231836313,4.22589299784795
"Malawi","MWI","Upper","female 5q15","female",,,,,,,,,,,,,,,,,,,,,,,,,,,,,,,,,,,,,,,,,,,,,,,,,,,,,,,,,,,,23.4648476488443,23.8124725724529,24.2592254192806,24.9269409692383,25.7384016558028,26.4117398830322,27.0620305784183,27.3029239304803,26.9734559789193,26.3193656534637,25.5513252607164,31.4240243453797,22.9839691649795,21.5682744669883,20.1637006267387,18.833909402023,17.7412386387006,16.7392127500687,15.7239999365867,14.8079079110991,13.8328529270716,12.8887413652414,11.8110771310584,10.8640602804735,9.96874976669397,9.27244288143315,8.73793940101435,8.2054446061017,7.81074693214454,7.54450168503114,7.29024815192778,7.11801730813478,6.98306009372003,6.81743329266714,6.74801339641271
"Malaysia","MYS","Lower","female 5q15","female",,,,,,,,,,,,,,,,,,,,,,,,,,,,,,,,,,,,,,,,,,,,,,,,,,,,,,,,,,,,2.34517266829198,2.30143759561723,2.29702421142031,2.32223812349736,2.25706516298065,2.25290408432981,2.27797877634484,2.16700133504344,2.01175076634283,1.85651973262416,1.85118401020331,1.86457775418469,1.88792719903904,1.73469756543426,1.74740080178763,1.72716375620053,1.66228613145661,1.62807596169195,1.62190643666526,1.59924506926138,1.52824544786115,1.49977898825978,1.47071806078825,1.49445856595385,1.53550260534405,1.5759855796105,1.48515184318276,1.46640572231402,1.35108154863135,1.20220185679635,1.14682739733071,1.18754042009848,1.25062575349899,1.32850146931599,1.42153704569411
"Malaysia","MYS","Median","female 5q15","female",,,,,,,,,,,,,,,,,,,,,,,,,,,,,,,,,,,,,,,,,,,,,,,,,,,,,,,,,,,,2.65545452027272,2.45896408511176,2.43079419500491,2.45248597583677,2.38181297519683,2.37341798267222,2.40217287403824,2.28922019485379,2.13139303202133,2.01262890020906,1.96349362582654,1.96731029942826,1.99245382730349,1.83401777180993,1.84488622883665,1.82452159532708,1.75563401634609,1.71898032893108,1.71271330525167,1.6877265127463,1.6125490028906,1.58875442857968,1.55484727755892,1.58330826419222,1.62646086890623,1.66562689853983,1.57223939999706,1.55431351808732,1.42916822871022,1.27502118483253,1.22293801093347,1.26650535788868,1.33055234680541,1.42983798930041,1.62078036752849
"Malaysia","MYS","Upper","female 5q15","female",,,,,,,,,,,,,,,,,,,,,,,,,,,,,,,,,,,,,,,,,,,,,,,,,,,,,,,,,,,,3.00573727283054,2.62384751086803,2.5683052152156,2.58639535055166,2.51464547775399,2.50480837731878,2.5290376493947,2.41574713077762,2.25408252026551,2.17322135020157,2.08382003025146,2.07446694037457,2.0998541708399,1.93906760943823,1.94801999177412,1.92735021076518,1.85074116755945,1.814066489406,1.80661717715047,1.78124746224043,1.70221527739484,1.6788405918152,1.64319572117333,1.67486750215093,1.71947473843725,1.7589457509098,1.66389986280277,1.64836557642523,1.51141684645685,1.35237783596294,1.30221386151073,1.35091617032621,1.41497708948666,1.53886736854832,1.849843438271
"Maldives","MDV","Lower","female 5q15","female",,,,,,,,,,,,,,,,,,,,,,,,,,,,,,,,,,,,,,,,,,,,,,,,,,,,,,,,,,,,3.13586239844885,2.85211060030312,2.56029022638032,2.32648864395417,2.13997609052486,1.99704346984908,1.84970645462702,1.71877162867388,1.59532895587637,1.49162936287136,1.3945440910008,1.31760770038833,1.25552640080217,1.20854024616761,2.30137462625884,1.17867857667962,1.19867450556166,1.21913176659433,1.24341310540666,1.27936427520388,1.3252569665478,1.36430488081982,1.39640644925829,1.4025636123004,1.38786960177547,1.36208162537252,1.29089279359791,1.22593224322034,1.16453609349529,1.1064005197584,1.04165185264395,0.974605192665379,0.921290645700521,0.875804676035543,0.831624846152618
"Maldives","MDV","Median","female 5q15","female",,,,,,,,,,,,,,,,,,,,,,,,,,,,,,,,,,,,,,,,,,,,,,,,,,,,,,,,,,5.09698409773538,4.43545321353742,3.89168605803399,3.48859586952818,3.11938364377948,2.83579647785522,2.61284740837614,2.43150606419669,2.25945224753359,2.101084933951,1.95980378276609,1.83264806494847,1.72484048603907,1.6338050104246,1.56052917233136,1.50483271029386,2.89411333732763,1.48488380932486,1.51377828892934,1.54369028814001,1.58598604734503,1.63676700824498,1.69068284945199,1.74641956435782,1.78376989832128,1.80331239906312,1.80068363596553,1.77424083145679,1.71736357031151,1.65370589507553,1.5959257278045,1.53504318164804,1.47503623564647,1.41695800207145,1.36802483496563,1.32486888466851,1.28294643605807
"Maldives","MDV","Upper","female 5q15","female",,,,,,,,,,,,,,,,,,,,,,,,,,,,,,,,,,,,,,,,,,,,,,,,,,,,,,,,,,,,4.77396698903269,4.24429696474594,3.76479336776331,3.41533616432083,3.14624619586765,2.93197506615591,2.73581296523838,2.55448071915146,2.38305467983311,2.24186101429384,2.10965937053773,2.00239772168869,1.92911716261049,1.86251989287335,3.58217641223199,1.84384041658995,1.87958799774359,1.92280539669345,1.98252528596509,2.05366436681342,2.12336637884777,2.1974260436516,2.25062504678529,2.28608260063911,2.29494821752147,2.27206632025446,2.24839166849375,2.17967115773041,2.12069066076577,2.07318114739456,2.01343275565748,1.96016785440832,1.92032578684027,1.87412436122942,1.84484346642514
"Mali","MLI","Lower","female 5q15","female",,,,,,,,,,,,,,,,,,,,,,,,,,,,,,,,,,,,,,,,,,,,,,,,,,,,,,,,,,,,16.4318402057556,16.3458597396514,16.3059251713709,15.9960811076224,15.6355482532343,15.1379727615422,14.6838683590858,14.2405272438602,13.5879359429949,12.9821603757847,12.4265775399532,11.76543595614,11.183698989109,10.6357832641166,10.0841580674067,9.67588393507141,9.17869436085189,8.80686052524643,8.40068509292482,8.0207559754181,7.7174318429982,7.42883011875228,7.21593113096332,7.11011163659315,6.88089597200253,6.6631941084672,6.37839513882787,6.14893397577884,5.82686894897579,5.41651091162226,5.05729606102551,4.69008276523237,4.43057050282825,4.08645082417446,3.7735240504372
"Mali","MLI","Median","female 5q15","female",,,,,,,,,,,,,,,,,,,,,,,,,,,,,,,,,,,,,,,,,,,,,,,,,,,,,,,22.1547588632611,21.8485966618694,21.5427528923305,21.2682105575582,20.9446824630157,20.6685453728918,20.2909685686841,19.9937905739924,19.4719920292488,18.9567504858805,18.2584158748782,17.5901364660085,17.0147459039491,16.2017978480822,15.5428484238426,14.8887527607246,14.1008253713561,13.457335897231,12.8269367757055,12.2516709757155,11.7602454674243,11.2463249872253,10.834439781726,10.4368713535687,10.0705124791235,9.84029898252193,9.56238270667436,9.42899955570324,9.41838079113463,9.28359763561027,9.17181063413128,8.98450075000049,8.86974381322219,8.63810671698963,8.30524021211333,8.0406408745401,7.69248974689072,7.50061744985809,7.13472148681053,6.87181738787646
"Mali","MLI","Upper","female 5q15","female",,,,,,,,,,,,,,,,,,,,,,,,,,,,,,,,,,,,,,,,,,,,,,,,,,,,,,,,,,,,26.0837018556267,25.4034617224415,24.7691422291916,23.9332628635829,23.1213478473882,22.1101030093421,21.1243539211808,20.3025755636196,19.3074404381585,18.4326432202051,17.6502172601031,16.7688071783641,16.0180383881216,15.3092380860295,14.7370555665409,14.2525198959372,13.6671672114939,13.2481051856177,12.8820846319727,12.5440074800408,12.413825111566,12.1818085688737,12.1245164358041,12.3322133252387,12.3436635763628,12.4042809027126,12.5014933350105,12.6494117712431,12.5823589575028,12.3066349824239,12.0707437705936,11.698812975397,11.5577384368933,11.1787824355488,10.9173120418524
"Malta","MLT","Lower","female 5q15","female",,,,,,,,,,,,,,,,,,,,,,,,,,,,,,,,,,,,,,,,,,,,,,,,,,,,,,,,,,,,0.825220650285801,0.85784703573252,0.877725777732951,0.886309549066186,0.893318754260832,0.89960936282829,0.897504333700114,0.889538629557074,0.873678073597529,0.855439164654394,0.825954742863539,0.792875607045791,0.758240247532527,0.728434885985048,0.700087360377547,0.673515985853215,0.645499745925464,0.619108181281896,0.592392834266524,0.571150036728693,0.546177273631764,0.526822990896327,0.508275544194805,0.492551692441859,0.473852440979182,0.460639994063874,0.449240381351941,0.435393536082357,0.423008565897593,0.409175408653503,0.389946294792355,0.373344772496652,0.356493849802233,0.341342226285749,0.322489136085621
"Malta","MLT","Median","female 5q15","female",,,,,,,,,,,,,,,,,,,,,,,,,,,,,,,,,,,,,,,,,,,,,,,,,,,,,,,,,,,1.11186337092542,1.11791665465614,1.12962815764269,1.13812052023355,1.14068581544577,1.14191405576304,1.14326842514241,1.14082937756134,1.13439153118828,1.11856814992299,1.08969736930832,1.05662194232931,1.01820717897359,0.978668163461254,0.945405658197493,0.912028318564998,0.880317393132157,0.847894569988662,0.815992074617052,0.789400358598795,0.761055886751817,0.735728304440016,0.714712963029302,0.693950383630403,0.674817810128161,0.657530581435519,0.64423451026609,0.636179504949611,0.626216086444543,0.619145179047256,0.613574023017778,0.607741181077113,0.599628027085348,0.599452931556393,0.594179991343246,0.584392843217422
"Malta","MLT","Upper","female 5q15","female",,,,,,,,,,,,,,,,,,,,,,,,,,,,,,,,,,,,,,,,,,,,,,,,,,,,,,,,,,,,1.48456790682714,1.47149026266908,1.46341374984646,1.44574906516692,1.44036849655363,1.43490697683418,1.42944442469978,1.41943440395143,1.3978161094709,1.37125510078402,1.33569427998569,1.28816887475019,1.2470969983465,1.20759621886194,1.17480012675841,1.13810000974059,1.09414232521745,1.05757711066636,1.02952842544887,1.00268412452836,0.974279986579229,0.948965259882471,0.929237299557998,0.909168354082519,0.891311712272841,0.880561320185604,0.877739570566029,0.876472410823711,0.882585553107884,0.896437300190352,0.916225443250659,0.927322186729633,0.947983773285127,0.969382002545799,0.971693382843717
"Marshall Islands","MHL","Lower","female 5q15","female",,,,,,,,,,,,,,,,,,,,,,,,,,,,,,,,,,,,,,,,,,,,,,,,,,,,,,,,,,,,3.35544422757224,3.26486417446276,3.18291022738425,3.10888257796793,3.06093614893788,3.02700541005707,3.00850679726211,3.01802583059539,3.01947211834893,3.0171572165541,3.02309211501558,3.003968705424,3.0020877523895,2.97885548061941,2.92339938452423,2.87668236016573,2.8300441026035,2.80006649771173,2.75760659792978,2.72049404157421,2.64645302052604,2.60954872568391,2.55213340577784,2.48669944347928,2.42991719770634,2.36941188028029,2.29861472692061,2.24381309414588,2.17732320175711,2.12158511883248,2.07372402856349,2.01626869987405,1.95337567832211,1.90984156796484,1.85600183834362
"Marshall Islands","MHL","Median","female 5q15","female",,,,,,,,,,,,,,,,,,,,,,,,,,,,,,,,,,,,,,,,,,,,,,,,,,,,,,,,,,,,4.59850043463676,4.45658014425676,4.35443663012686,4.26796720519266,4.20111544278333,4.15499842129438,4.14139096525383,4.16982438420635,4.18498532472385,4.19904583696047,4.2096320147299,4.21162346229695,4.20094337323502,4.18770127906232,4.14087865443894,4.1107589325001,4.06112454051817,4.03738519456473,3.98889980292808,3.95334343773983,3.90385428290965,3.87428117645699,3.81330256969542,3.74849852860693,3.68430550160794,3.60954683064417,3.54085323220683,3.46631502780027,3.38628645825566,3.31913542903394,3.25654247746396,3.19182498478819,3.13970493645956,3.07312644640981,3.00885188949523
"Marshall Islands","MHL","Upper","female 5q15","female",,,,,,,,,,,,,,,,,,,,,,,,,,,,,,,,,,,,,,,,,,,,,,,,,,,,,,,,,,,,6.2407297788333,6.07121082302089,5.93817059191501,5.8299337617603,5.75738062749792,5.66322861075459,5.66045217306296,5.7147356756049,5.73319382232221,5.78015832266094,5.7937310802368,5.79882987081413,5.79051127760318,5.77459023249208,5.72239068016868,5.71170383797957,5.6797234092528,5.6272242980889,5.5972453475827,5.57802708519007,5.52338426999823,5.52602239776689,5.48614594994378,5.42206348319772,5.34868913967813,5.29200479806402,5.18636630433281,5.12182912234224,5.03389782827802,4.94924805874687,4.88977202143466,4.83416282769914,4.75746676888586,4.67298151477225,4.62007810752788
"Mauritania","MRT","Lower","female 5q15","female",,,,,,,,,,,,,,,,,,,,,,,,,,,,,,,,,,,,,,,,,,,,,,,,,,,,,,,,,,,,5.11787404982137,4.62488111300898,4.20074034181231,3.84609616650135,3.57751213527357,3.40852066645013,3.25130179025807,3.12704178587824,3.02706274997481,2.9232924505677,2.84920528774889,2.78498999417434,2.74369546626832,2.72622292184342,2.7115285493954,2.72463353691681,2.77589624366858,2.82214354116556,2.8695908227837,2.94517428620973,3.01919822478424,3.11388240935689,3.21693057601916,3.27662500367495,3.33273110217254,3.36815189733633,3.39426617757292,3.34842117485441,3.32698255486374,3.24713292733181,3.11952704684199,2.96758300143244,2.8240890636854,2.6522816052584,2.51893705499657
"Mauritania","MRT","Median","female 5q15","female",,,,,,,,,,,,,,,,,,,,,,,,,,,,,,,,,,,,,,,,,,,,,,29.8238032328111,27.1242243892328,24.973802216615,22.9970064991641,21.0647329889569,19.0908839759401,17.210224438561,15.5085752567064,13.9525030485649,12.6422032274686,11.3740807351877,10.3549182496418,9.23992926866391,8.27051502355751,7.50517508664987,6.85211190253547,6.29472205291815,5.79706077430631,5.40927162163285,5.14397358372362,4.89458575826019,4.69559358115955,4.53480343902756,4.37123518181017,4.24825047637578,4.15033349650079,4.09781171044522,4.02477360718851,4.00282095510439,3.98414619610408,3.99970775961105,4.04020478194094,4.09445800810561,4.18351412829704,4.29532266557284,4.42150035418136,4.59776814758225,4.71177849412124,4.85938544559723,5.01337139874729,5.12959789995349,5.21582705051142,5.32015280705517,5.35644304082576,5.32313022424605,5.21910136639155,5.09402787912566,4.95843077853947,4.83189860789988
"Mauritania","MRT","Upper","female 5q15","female",,,,,,,,,,,,,,,,,,,,,,,,,,,,,,,,,,,,,,,,,,,,,,,,,,,,,,,,,,,,10.619917570156,9.72467846958835,8.89816389232473,8.24687608553076,7.74591358065507,7.3768656740183,7.03850459932736,6.71254605164033,6.5145663294272,6.25006912314529,6.08947671666151,5.90659688762772,5.80912121448004,5.71008047537346,5.63174009964884,5.5979945789868,5.60131358845866,5.67958397850173,5.76570236940823,5.861823723067,6.01293119978189,6.20371362065582,6.44859316082337,6.67539610514745,6.95235066046616,7.23083376946976,7.49590876807903,7.75997960405204,8.06298630224925,8.24152110907582,8.33376910436379,8.27256718472945,8.19038384727895,8.09187097961012,8.00564242428085
"Mauritius","MUS","Lower","female 5q15","female",,,,,,,,,,,,,,,,,,,,,,,,,,,,,,,,,,,,,,,,,,,,,,,,,,,,,,,,,,,,2.41168264353915,2.48903467217601,2.48635826813988,2.4552341854944,2.37480962798226,2.28893202928532,2.22041065348486,2.12124530704823,2.02329489625788,1.9492413916768,1.88351931788153,1.82821552703144,1.76313002612847,1.73312222677077,1.70691187504512,1.70418381204504,1.69457315380721,1.6812299236901,1.67307371893405,1.61902366921584,1.5855953861172,1.55887439125078,1.55307284696498,1.55028974663349,1.56812012909042,1.58484388384611,1.59525536987913,1.62825870551888,1.6611674048874,1.67939296801697,1.69094819897864,1.67406454436016,1.66385798078257,1.62624423841455,1.61320588666731
"Mauritius","MUS","Median","female 5q15","female",,,,,,,,,,,,,,,,,,,,,,,,,,,,,,,,,,,,,,,,,,,,,,,,,,,,,,,,,,2.53122526693796,2.66969887526222,2.7688946628404,2.82616638248795,2.80793315635516,2.76661352653786,2.67501269691284,2.5790464071966,2.50745379124069,2.40883837391638,2.2992313625306,2.21891651068825,2.14663446755619,2.08504132172376,2.02143114618424,1.98066830763789,1.95425639727288,1.95297449257986,1.93958732269018,1.92483711221866,1.90976646391324,1.8577231536577,1.82216386164594,1.80176167568303,1.79175589547734,1.79155220729871,1.8095135958462,1.82753799716192,1.84671193882664,1.89138879801623,1.92124474320083,1.94959784193719,1.96979700973975,1.96967438995344,1.97878685154974,1.97494348769896,1.99746473289263
"Mauritius","MUS","Upper","female 5q15","female",,,,,,,,,,,,,,,,,,,,,,,,,,,,,,,,,,,,,,,,,,,,,,,,,,,,,,,,,,,,3.17552410368186,3.19702614344626,3.16457054599753,3.10192511793911,3.0057717193244,2.90041693454373,2.81369783320963,2.71125549350866,2.59018861188008,2.50008897634291,2.41958930993231,2.35833595300748,2.29344281448718,2.25335431371075,2.2244054816673,2.2217804334381,2.20449187035722,2.1910011140053,2.17650671742581,2.10983540263353,2.08091170099301,2.05656687473163,2.05492338724219,2.0554525023621,2.07777553233198,2.09848905279352,2.12315157145655,2.16946831643164,2.20398765970799,2.23745412829765,2.27101591920543,2.29241986282417,2.32925455346708,2.36863388466678,2.45689085192741
"Mexico","MEX","Lower","female 5q15","female",,,,,,,,,,,,,,,,,,,,,,,,,,,,,,,,,,,,,,,,,,,,,,,,,,,,,,,,,,,,2.75028563923822,2.60677431150549,2.47386438265783,2.48271857457403,2.39004230243081,2.49084252417286,2.40345546643012,2.43437415182597,2.36786709417593,2.25867859590488,2.21416319554189,2.20084804830575,2.14587900230691,2.14840614237898,2.13036692525495,2.13158231863541,2.14454554100867,2.2044086761172,2.28297144965293,2.50510942030671,2.46178880165504,2.41123623843461,2.34756748062438,2.25692160397907,2.19989177930274,2.07665223240027,2.10419492203744,2.06036414465484,2.11757294761513,2.27124346643443,2.30446351027746,2.29682095080178,2.28585342413443,2.21026644034535,1.99910706714425
"Mexico","MEX","Median","female 5q15","female",,,,,,,,,,,,,,,,,,,,,,,,,,,,,,,,,,,,,,,,,,,,,,,,,,,,,,,,,,2.88949978971488,2.8031751715186,2.84189474313135,2.68566909310614,2.5486064176121,2.55683130675317,2.46290870971261,2.56500021419586,2.47424806687399,2.50547479587113,2.4412933717381,2.32798964145328,2.28157351208742,2.26855993601985,2.21414020266532,2.21579086351602,2.19590359584825,2.19648399174351,2.20736986154503,2.27106348198841,2.35230635746249,2.57777096118863,2.53492157588986,2.48037683762121,2.41675900540284,2.32574613020383,2.26827038109969,2.14497833234788,2.17158006189294,2.12620707985663,2.18863537390134,2.34337976397905,2.37659436543234,2.36975151697344,2.36158514277545,2.29841682594877,2.20773158418645
"Mexico","MEX","Upper","female 5q15","female",,,,,,,,,,,,,,,,,,,,,,,,,,,,,,,,,,,,,,,,,,,,,,,,,,,,,,,,,,,,2.93338249446127,2.76576435445019,2.62490737569818,2.6299491311942,2.53746633803812,2.63913130949048,2.54794304349757,2.57893978175599,2.51457275486319,2.39629192231159,2.35028263806487,2.33816147606799,2.27989691307954,2.28220539215788,2.26374826057282,2.26354519953875,2.27336408606069,2.34215024637864,2.42591277495875,2.65410463067133,2.61048304564509,2.55563850005655,2.49083549575549,2.39517385884979,2.33762084574317,2.21246756538079,2.23955889122097,2.19285442377079,2.25925625194243,2.41670814341766,2.44855382387584,2.44351880275631,2.43938260632337,2.39367722028639,2.43492477359847
"Moldova","MDA","Lower","female 5q15","female",,,,,,,,,,,,,,,,,,,,,,,,,,,,,,,,,,,,,,,,,,,,,,,,,,,,,,,,,,,,2.81156303949316,2.83250332190302,2.72551451763441,2.57902713038589,2.48983886594223,2.38932995349804,2.31674293122221,2.26218326236006,2.19249517970785,2.09485843294364,2.00939340641045,1.91333415291097,1.82318208205996,1.77619099600114,1.72929432344864,1.67233531362406,1.68105803423693,1.68168121101962,1.61916890639788,1.59785486486278,1.54661275671239,1.47876607475657,1.45414224452763,1.45476856895196,1.44090386907566,1.46213156518138,1.49708083172671,1.5223803933337,1.54140217628788,1.56520397531386,1.57011942278742,1.54160128410474,1.52786036812983,1.49190686919676,1.43969769661695
"Moldova","MDA","Median","female 5q15","female",,,,,,,,,,,,,,,,,,,,,,,,,,,,,,,,,,,,,,,,,,,,,,,,,,,,,,,,,,3.06859150145973,3.01835960183421,3.07249770278586,3.08460043224478,2.98415600199501,2.80642644760523,2.69969064047082,2.59411183069788,2.51571798423413,2.45216588502611,2.37512514154809,2.27210122669701,2.18613689848034,2.08779332809564,1.99101303697265,1.94112924256365,1.88851762239044,1.83006457137713,1.83714767532656,1.83446283468434,1.77796176322575,1.75957482325138,1.70448251144719,1.64124972727805,1.611805653735,1.61967175729614,1.61360149737762,1.63765628689128,1.67514429653588,1.71139132840292,1.73531656232715,1.76275021436464,1.77743543081424,1.7613862556042,1.76199993215893,1.74955217576878,1.71902501648747
"Moldova","MDA","Upper","female 5q15","female",,,,,,,,,,,,,,,,,,,,,,,,,,,,,,,,,,,,,,,,,,,,,,,,,,,,,,,,,,,,3.34643780311492,3.35226863508129,3.26275927804006,3.04118410606301,2.92275048145915,2.81578095751432,2.73687208448288,2.66597263793134,2.58395315719227,2.47118039606944,2.37506009794153,2.26653058753475,2.16000468109111,2.10845032172839,2.0547676566765,1.99572613561624,1.99887731617701,2.00046369866995,1.94985864639168,1.93149227886302,1.87345710090003,1.80962528512691,1.78148357133667,1.79545329234234,1.79926143815774,1.83004530008275,1.87938863613609,1.91968512649151,1.94968649550399,1.98110208194924,2.00638741226829,2.00286678496475,2.01736337442002,2.03024677350002,2.02595174083136
"Monaco","MCO","Lower","female 5q15","female",,,,,,,,,,,,,,,,,,,,,,,,,,,,,,,,,,,,,,,,,,,,,,,,,,,,,,,,,,,,1.10912565444595,1.07064301915854,1.04108199133398,1.00740387996565,0.98216478913406,0.959381355868351,0.931045733850211,0.902270941941052,0.879114306245362,0.852339103830116,0.825601537168834,0.801999076812542,0.784053563024989,0.761178928501815,0.75012151922362,0.738313828551841,0.721950808418575,0.707463112514096,0.696600107539821,0.683184727457416,0.669400380028268,0.653712988136005,0.645572674217122,0.633197133270951,0.615440844746344,0.598170853248234,0.583004257883774,0.569525592783092,0.552109392022085,0.533652315359172,0.520660749058302,0.503176913460546,0.48851281755008,0.479872847561596,0.467709309325969
"Monaco","MCO","Median","female 5q15","female",,,,,,,,,,,,,,,,,,,,,,,,,,,,,,,,,,,,,,,,,,,,,,,,,,,,,,,,,,,,1.52293229140363,1.47541355071338,1.43286140310527,1.38959445838229,1.35298067741586,1.32040538885322,1.2859512256421,1.25086480359762,1.22033433632838,1.18981651064666,1.16023359363571,1.13534936253278,1.11084088924003,1.09011220843751,1.07333809800805,1.06008912908613,1.04528838816879,1.03277770944566,1.02100611578657,1.00473731711703,0.986949729738319,0.973750715695804,0.959709300203178,0.945241789721111,0.928805067741562,0.910354494169287,0.891577007364303,0.872338955482784,0.853263698213816,0.834457582402849,0.819247996276321,0.801259324618276,0.784898395307817,0.77151358799928,0.754293871730686
"Monaco","MCO","Upper","female 5q15","female",,,,,,,,,,,,,,,,,,,,,,,,,,,,,,,,,,,,,,,,,,,,,,,,,,,,,,,,,,,,2.07779659766475,2.00841044676474,1.96341765998356,1.90672751167829,1.86247381541754,1.82827929241141,1.78335851283388,1.73362493711248,1.69353967029252,1.65674915057744,1.62288083154428,1.59302994798265,1.57099115622803,1.530314657192,1.51807202057982,1.50490605361689,1.48545995240758,1.4705611206038,1.45851849930651,1.43695228378225,1.4207045425017,1.40684387922868,1.3891446703579,1.37957265224653,1.35875695277055,1.34254727054823,1.32478785154151,1.3006370108531,1.27522292492774,1.25652410929371,1.23577294012655,1.22107530462997,1.20312958466965,1.1839828305482,1.1711963253548
"Mongolia","MNG","Lower","female 5q15","female",,,,,,,,,,,,,,,,,,,,,,,,,,,,,,,,,,,,,,,,,,,,,,,,,,,,,,,,,,,,3.54856764020824,4.07642587496587,4.47507192299212,4.78495455038082,4.88620924726326,4.77414552398896,4.53052303215438,4.12160572045111,3.65542100204189,3.23193291887346,2.94110458633792,2.7238193703811,2.61301056914603,2.57335046572662,2.53903452392102,2.4898642302381,2.43297329956655,2.36440284185426,2.34007246579923,2.35299695535164,2.35510008091137,2.37778437042618,2.41586791370782,2.43308323842875,2.43977912875216,2.42281521935821,2.40859966337245,2.39965609565807,2.38403903793369,2.36143317220559,2.32153753101284,2.25644731894301,2.1477698741342,1.99743070734074,1.85326567217503
"Mongolia","MNG","Median","female 5q15","female",,,,,,,,,,,,,,,,,,,,,,,,,,,,,,,,,,,,,,,,,,,,,,,,,,,,,,,,,,,,4.18932260279616,4.69222652936233,5.07454288885935,5.36388211610559,5.4639100545796,5.33966757790703,5.06124913672312,4.62361383501361,4.08857611269319,3.62502034200923,3.2962445969143,3.0414454106331,2.919088019998,2.87805023859865,2.83944635700763,2.78589910499489,2.72794491183211,2.6578485933471,2.62302640265863,2.64252371097709,2.65025144468122,2.68193461856171,2.71878831217365,2.74550533501829,2.76006655354527,2.75215761493492,2.74135078765622,2.71809007352384,2.69391294679403,2.67935084996968,2.6437355791861,2.5739426513454,2.46991943545103,2.33353186628263,2.24188196774156
"Mongolia","MNG","Upper","female 5q15","female",,,,,,,,,,,,,,,,,,,,,,,,,,,,,,,,,,,,,,,,,,,,,,,,,,,,,,,,,,,,4.89960906171224,5.3515132248359,5.71441038949372,5.9799817286977,6.07397374347561,5.93070101304537,5.62543074094483,5.14603699617947,4.54089026513517,4.03833526934623,3.66811886446391,3.37747336415691,3.23862878203697,3.19404102235738,3.16281720437065,3.10702752306429,3.04495415634741,2.97326076280847,2.93734985952617,2.95693084659448,2.96272666467988,3.00342396996011,3.05282953964582,3.08012072828384,3.09719644638664,3.08787712975519,3.08875264144707,3.06489343945675,3.0442943525381,3.02473615479772,2.984766424638,2.92610475512533,2.8328868400149,2.70779190342094,2.67193449134142
"Montenegro","MNE","Lower","female 5q15","female",,,,,,,,,,,,,,,,,,,,,,,,,,,,,,,,,,,,,,,,,,,,,,,,,,,,,,,,,,,,1.17456117857908,1.18731063972275,1.19719818745656,1.20300941854409,1.20217436550183,1.20425389472536,1.21517033973339,1.24491520712812,1.28882762697466,1.31943557906742,1.34056743967189,1.34712702842467,1.34333051312304,1.33482626869753,1.29697919303873,1.25021189373392,1.18976857257121,1.12290219489704,1.04542039875013,0.972728599977122,0.902747123181904,0.846104492931789,0.804957309706938,0.777195285416007,0.762839608072595,0.760149375101275,0.767624011659843,0.782838677367817,0.815358181132237,0.857450428709785,0.91356454080455,0.979357030329045,1.0577175417705,1.14064418405312,1.2121347944884
"Montenegro","MNE","Median","female 5q15","female",,,,,,,,,,,,,,,,,,,,,,,,,,,,,,,,,,,,,,,,,,,,,,,,,,,,,,,,,,1.45103840941867,1.46322582862879,1.47581106559583,1.47362614378226,1.46782064720144,1.46109195667787,1.45710728419532,1.45766437546913,1.46954195131886,1.50318730624376,1.54360004376119,1.58318489120926,1.60526058208944,1.61743608901476,1.61598501257135,1.60870086931307,1.56949530510301,1.51945534313923,1.45703986255684,1.38183288441397,1.30025658521385,1.2173231195506,1.13409667109702,1.07093479247685,1.02781308701157,0.997894859918263,0.987949725494041,0.988366504112957,1.00281843950523,1.02995041692215,1.06928070410874,1.1328254861272,1.21514997173003,1.31279481564704,1.43093163456454,1.57601587898129,1.7178107153053
"Montenegro","MNE","Upper","female 5q15","female",,,,,,,,,,,,,,,,,,,,,,,,,,,,,,,,,,,,,,,,,,,,,,,,,,,,,,,,,,,,1.83747506328528,1.80849500395243,1.78193603905447,1.76359308674728,1.75662483196742,1.73917287888237,1.76075725162454,1.7909069978466,1.8364722822755,1.87634504464601,1.91039499560385,1.92701454032739,1.92899563793538,1.92054576300556,1.8816118109506,1.83960172955969,1.7708328005257,1.68408133018589,1.58653806595884,1.49357467189018,1.40085147105825,1.32910571349685,1.28610505383242,1.25130390379464,1.24632674773689,1.25187589286932,1.27135021196797,1.3093684834412,1.37069348847673,1.45773308217416,1.57059477105898,1.70944891525323,1.89189848506161,2.11204108635589,2.36314133225802
"Montserrat","MSR","Lower","female 5q15","female",,,,,,,,,,,,,,,,,,,,,,,,,,,,,,,,,,,,,,,,,,,,,,,,,,,,,,,,,,,,2.00880131186525,1.96615878245846,1.90773497088822,1.8794851923111,1.83285803248415,1.77493681945448,1.72067509441078,1.67887458812134,1.63052183689301,1.57905239034638,1.52944479821797,1.47806321558759,1.43726884947421,1.42624527529026,1.41295895279696,1.40268550216334,1.39408816810948,1.35723663134138,1.31329433175982,1.26387241232479,1.22788562523837,1.19124275452283,1.15917064035016,1.12494730255389,1.09595089955844,1.07782624946831,1.06480993653041,1.05784153203756,1.04513977541639,1.04643633023883,1.02704297701212,0.989081381797718,0.956206249023599,0.936973419170429,0.905041300318877
"Montserrat","MSR","Median","female 5q15","female",,,,,,,,,,,,,,,,,,,,,,,,,,,,,,,,,,,,,,,,,,,,,,,,,,,,,,,,,,,,2.74965083697422,2.69356965856823,2.62916991223218,2.57567619446796,2.50894887889901,2.4495867817513,2.38568872172648,2.32637879195137,2.27413289312257,2.20927220028675,2.14991946188165,2.08567908126238,2.04427975999156,2.02910406607773,2.01450859847622,2.00527485916923,1.99847628307254,1.95162834398857,1.9098054895881,1.86376331433529,1.8207718352721,1.78956549616306,1.75562737134199,1.7154930846572,1.68200980494054,1.65665570384333,1.64613128707366,1.63344064453751,1.62498672295538,1.63211494208476,1.61204355857643,1.5654426334114,1.53566712385901,1.5116340259661,1.48319671557986
"Montserrat","MSR","Upper","female 5q15","female",,,,,,,,,,,,,,,,,,,,,,,,,,,,,,,,,,,,,,,,,,,,,,,,,,,,,,,,,,,,3.74302385676451,3.66097396555599,3.57115353059547,3.49724319158996,3.41251586530442,3.33843083742181,3.28166763556902,3.21572575727458,3.14405121078579,3.07039806033317,2.99945009530569,2.93112822277823,2.86951589880376,2.85584741975812,2.83928355089707,2.82781027516247,2.81520035601769,2.77035819137208,2.72769724829555,2.67747608822592,2.63315012163888,2.60999998445227,2.57648567433648,2.53967098263702,2.49756783656609,2.4747286700527,2.47505066909791,2.45212829926019,2.43260929943136,2.42329411873895,2.39633798922399,2.35526117050298,2.3232613134996,2.30613916337215,2.2658811257124
"Morocco","MAR","Lower","female 5q15","female",,,,,,,,,,,,,,,,,,,,,,,,,,,,,,,,,,,,,,,,,,,,,,,,,,,,,,,,,,,,2.78178038371238,2.65531824765626,2.58352670864452,2.51481857542945,2.44834066051404,2.39458243537326,2.31223961017259,2.23474142957537,2.11236593070927,1.99131358723377,1.87272722300521,1.76443383707797,1.67618550050099,1.58801743703432,1.49872334019881,1.43849528199313,1.36349254754343,1.3049578932113,1.24310853856747,1.18901446488278,1.13432247182713,1.05933359320191,1.0051714986107,0.944297541194263,0.885317183704521,0.828785953078929,0.781912639585117,0.733554821720669,0.689344450263297,0.654156007369315,0.620267689226766,0.585042290645509,0.557079252495462,0.673920485685194,0.500663907371532
"Morocco","MAR","Median","female 5q15","female",,,,,,,,,,,,,,,,,,,,,,,,,,,,,,,,,,,,,,,,,,,,,,,,,,6.06166879884225,5.66193510121718,5.31151543465099,5.04314461482205,4.81559626664596,4.58561663932019,4.39510111998992,4.2157956585317,4.02680377662448,3.86376442067614,3.67751838734633,3.51633566318647,3.41280413303069,3.32842420635163,3.23929276319252,3.15661374189679,3.06129650455854,2.97215520948723,2.83495074799325,2.69410063184983,2.57022419362526,2.45226118416656,2.35431682418713,2.25773257715666,2.17135529686074,2.0970052989199,2.03344306081851,1.97237854353039,1.91473101843939,1.86383665768923,1.81344453721387,1.74990721261553,1.69622354750772,1.63492802032891,1.58120605218915,1.52799176289269,1.48184351309504,1.43461914538526,1.39371642013216,1.34645434706082,1.30848191301435,1.26833280513922,1.22922088908236,1.52232315564902,1.17277165295398
"Morocco","MAR","Upper","female 5q15","female",,,,,,,,,,,,,,,,,,,,,,,,,,,,,,,,,,,,,,,,,,,,,,,,,,,,,,,,,,,,4.8263685763751,4.57735884624227,4.43009499166431,4.30490212827172,4.17277846452681,4.07859650243913,3.96678045858565,3.87072975679507,3.70661036349396,3.55940155531177,3.41900934255317,3.29245856167767,3.18896915780107,3.09718746980197,3.00052916095464,2.93813145573777,2.86441737840561,2.81338328489221,2.77664918859493,2.75142036040629,2.72209262953454,2.65085435327395,2.61165350409801,2.56780761696063,2.52305754736195,2.46626238921851,2.42166168720129,2.39178167748588,2.34031513592109,2.31293750299047,2.27517250242724,2.2436586397052,2.2131291070337,2.78793552041315,2.15792452364096
"Mozambique","MOZ","Lower","female 5q15","female",,,,,,,,,,,,,,,,,,,,,,,,,,,,,,,,,,,,,,,,,,,,,,,,,,,,,,,,,,,,12.4875304367575,12.8051499977132,13.1571182698419,13.6122317830137,14.0110597868536,14.3480637429718,14.6612846811141,14.9967092928723,15.1386399613551,14.9547039908588,14.7167719333952,14.0392828782693,13.320862108285,12.5817912456133,11.9239713884256,11.217345910419,10.5994664452186,9.969241038488,9.33836904970235,8.82002541186098,8.21998856298618,7.68018510994742,7.26393987223853,6.91681548253163,6.6933554823539,6.44272747814362,6.33256374379966,6.13725361041952,5.93213327618283,5.72200198305336,5.45939942491785,5.19594041262674,4.87797879731253,4.58669129042753,4.3084294659321
"Mozambique","MOZ","Median","female 5q15","female",,,,,,,,,,,,,,,,,,,,,,,,,,,,,,,,,,,,,,,,,,,,,,,,,,,,,,,,17.6221985552099,17.4593631380462,17.2819916085836,17.1531636952265,17.0844670433147,17.0208583455793,17.1840930575232,17.5517278499369,17.9340345647721,18.1855954943124,18.543297011311,18.8065051502901,18.8831285148971,18.6212110479404,18.2436828335906,17.4409258192159,16.542902761494,15.7931806789198,15.0744292683872,14.3331150315918,13.6786549930614,12.9802051029835,12.269875697594,11.624841147195,10.9989367518873,10.3961272083855,9.89695665897067,9.46034867373764,9.16189039294804,8.82111870826532,8.73164163771582,8.57423009918753,8.45997127796599,8.32746790861741,8.16639757562158,8.00304644252759,7.74828111907615,7.4582700922221,7.1981530891305
"Mozambique","MOZ","Upper","female 5q15","female",,,,,,,,,,,,,,,,,,,,,,,,,,,,,,,,,,,,,,,,,,,,,,,,,,,,,,,,,,,,22.9548084482985,22.4932347301347,22.336010350986,22.5020443878054,22.7559427056724,22.9119738822797,23.2918418224264,23.6193466265414,23.5664558068235,23.1336304586677,22.5434623692277,21.5857041204529,20.4670704519119,19.6524636156475,18.8159722112886,17.9475659706267,17.1270167628264,16.3078003357755,15.516264664661,14.8021411991058,14.0813315212817,13.3863790319777,12.8264519700274,12.3551895321705,12.0443176357479,11.7707656127169,11.7331016323956,11.6479060037088,11.6887108776567,11.8090823029549,11.8726166408666,12.0454895324244,11.9354556408252,11.6785336817038,11.5612781618409
"Myanmar","MMR","Lower","female 5q15","female",,,,,,,,,,,,,,,,,,,,,,,,,,,,,,,,,,,,,,,,,,,,,,,,,,,,,,,,,,,,8.95089490468276,9.07452122502078,9.04293695830585,8.99494409638148,8.88467269744407,8.73187536181831,8.49002259349303,8.23977200710683,7.95675376493559,7.61669516493007,7.37533524501412,7.01729527977534,6.62038836908632,6.14476249267048,5.67711266440682,5.07752266033472,4.4910716312992,3.96584245456643,9.23094051645297,3.14115005723659,2.78366211853541,2.53613697936511,2.29869430699506,2.05793884286096,1.80209950963854,1.60951204415458,1.46115584488709,1.34448151730965,1.25608573834584,1.17121198306085,1.10924523467048,1.08748186361586,1.07089628713777,0.997660158411172,0.932885031860702
"Myanmar","MMR","Median","female 5q15","female",,,,,,,,,,,,,,,,,,,,,,,,,,,,,,,,,,,,,,,,,,,,,,,,,,,,,,,,,,,14.747660054967,14.5178577672168,14.4680070642127,14.2834634084788,14.133397761957,13.9068850205952,13.5602648030243,13.2368271068279,12.8319105260024,12.3045640536157,11.7031449518491,11.2173604170916,10.5246309206043,9.86154037274888,9.08381915299242,8.27797976102616,7.41997682683671,6.55576888825913,5.78899147945799,13.5613368253576,4.63286262562381,4.12785288268451,3.72042628856366,3.37217391333084,3.05053801152647,2.76081268215941,2.55572826260304,2.42114043059731,2.3125994284755,2.23673599109566,2.16920605200419,2.09868204005524,2.14144186188039,2.16697457127192,2.06883841382037,1.99231685106099
"Myanmar","MMR","Upper","female 5q15","female",,,,,,,,,,,,,,,,,,,,,,,,,,,,,,,,,,,,,,,,,,,,,,,,,,,,,,,,,,,,22.8124038200569,22.5465172551731,22.1990625979795,21.7747054352384,21.4217996169378,20.8803138429522,20.3378314899749,19.6746567509677,18.8171117634427,17.8881703237259,17.0365565780096,15.8215730400725,14.6340070200931,13.3968737393935,12.158055573108,10.8205545652309,9.58900184724204,8.40036697046054,19.5967340108267,6.65825364796351,5.92465813186999,5.35439762056213,4.89905101194908,4.51971251636646,4.19985716002856,4.02705920558559,3.91163769554986,3.83029604426938,3.74994885888791,3.67429479554046,3.63988579544852,3.79834713407289,3.88254455435226,3.78442312201498,3.69606171210799
"Namibia","NAM","Lower","female 5q15","female",,,,,,,,,,,,,,,,,,,,,,,,,,,,,,,,,,,,,,,,,,,,,,,,,,,,,,,,,,,,7.76279616905944,7.86221582955393,8.06874709741247,8.27972779770535,8.48820857431958,8.83737179690378,9.06189469337552,9.34971747459802,9.50629805907153,9.75637517369863,9.91040856430293,10.032587102731,10.1250782145784,10.0017442357305,9.81514106165209,9.57326276095328,9.20084645732335,8.75586704607026,8.35094396076552,7.97403279366915,7.61436350605908,7.27084016826028,6.95872605062572,6.71629965957704,6.41502968475298,6.09518597034426,5.77245620757719,5.32466724920113,4.90230702802975,4.51940653984577,4.14076296011763,3.77126109444374,3.43996791629981,3.16156043996592,2.9275804799481
"Namibia","NAM","Median","female 5q15","female",,,,,,,,,,,,,,,,,,,,,,,,,,,,,,,,,,,,,,,,,,,,,,,,,,12.552111863223,11.9298329966918,11.4934336791765,11.0788107426257,10.7446421309528,10.4431458264211,10.2108260514517,10.0584691589402,9.92676770088811,9.75827147208186,9.81517559406302,9.83913419239019,10.0214654161905,10.2520658698301,10.4651579697931,10.7958091045825,11.0169957428211,11.3148159273348,11.4909793327205,11.7765889996918,11.9278738657556,12.0624801389398,12.1652900139313,12.0530209105461,11.8682894228245,11.5806341110878,11.1745421442144,10.7199859386565,10.2660983909284,9.85734897175443,9.4719035941605,9.11243897667042,8.79207978670341,8.56487603778174,8.23632291234004,7.89581021656958,7.55518142721665,7.10193982472625,6.65946411760991,6.24304023041989,5.82142377646399,5.43487754333711,5.09111369604673,4.75594437356382,4.51512059973994
"Namibia","NAM","Upper","female 5q15","female",,,,,,,,,,,,,,,,,,,,,,,,,,,,,,,,,,,,,,,,,,,,,,,,,,,,,,,,,,,,12.2046219732363,12.0960699547638,12.2585888335877,12.4433528939553,12.656148396903,12.9936646084703,13.223487402188,13.5581936508369,13.7147069892576,13.9684205679922,14.1922367432315,14.3153712855066,14.4593357728894,14.3460464321922,14.1289557516722,13.8281278631609,13.42611512887,12.9239183206093,12.4211700578709,11.9910704806404,11.5961427755315,11.2223071369051,10.9158003812849,10.7306870342056,10.4037168685966,10.104127890661,9.80534067239845,9.35417304016713,8.92674268154436,8.49182906204164,8.04988920541201,7.65554495769116,7.31902498393841,6.96512344372692,6.73619801302883
"Nauru","NRU","Lower","female 5q15","female",,,,,,,,,,,,,,,,,,,,,,,,,,,,,,,,,,,,,,,,,,,,,,,,,,,,,,,,,,,,4.62303055506054,4.42902248674025,4.20167530042644,3.9633505626795,3.74790584880529,3.56312582915656,3.39999726150427,3.25807475723179,3.14359153195065,3.03198842210699,2.94540961801742,2.84438969462073,2.75719058245933,2.6621910255226,2.56980488300763,2.47828331554509,2.40158021500761,2.31815463288893,2.24046125168086,2.16057945842214,2.05730188349189,1.96207028467698,1.85765074266102,1.74175393913495,1.64464963747846,1.55154565642377,1.4724280975689,1.40472599648185,1.34011863939002,1.25437193539129,1.17472872759197,1.10015957993834,1.03643480789276,0.992161460015296,0.955644315968425
"Nauru","NRU","Median","female 5q15","female",,,,,,,,,,,,,,,,,,,,,,,,,,,,,,,,,,,,,,,,,,,,,,,,,,,,,,,,,,,,6.2512300530482,5.97587360467268,5.69546678457962,5.41916324311647,5.12087069178695,4.88489377919053,4.69503034190111,4.52247334218206,4.36496115613539,4.22894601172409,4.13509898149941,4.00667728416021,3.88081419661564,3.78306923045854,3.66049376004406,3.55713427687595,3.45030205079618,3.34885876751715,3.24400656552658,3.13686425112622,3.02518075456945,2.89268080555358,2.75498722362462,2.60312419244205,2.47586359769792,2.36429243978725,2.25633055652379,2.16235367831866,2.06597720432727,1.95453233320281,1.84625910361447,1.74737147102968,1.66481005478083,1.60011446421442,1.55501446221403
"Nauru","NRU","Upper","female 5q15","female",,,,,,,,,,,,,,,,,,,,,,,,,,,,,,,,,,,,,,,,,,,,,,,,,,,,,,,,,,,,8.43468291067778,8.07442334021186,7.69289874914659,7.36494895448542,7.00788047071713,6.67947355063508,6.41796534396384,6.20004614921057,6.02563815572059,5.82684436649367,5.70111457190089,5.53058913005392,5.37490836808444,5.23723877562983,5.09692905147495,4.98994600513534,4.85412071683196,4.75941248450834,4.62379256008227,4.50719281511085,4.36088275731684,4.20100652486341,4.00753456324865,3.81725980334884,3.64737162164974,3.48976350155543,3.32603623589132,3.1932475641262,3.07621689304708,2.94188426294815,2.78129347162666,2.66444956582024,2.56217262902164,2.47688016131918,2.42150400316977
"Nepal","NPL","Lower","female 5q15","female",,,,,,,,,,,,,,,,,,,,,,,,,,,,,,,,,,,,,,,,,,,,,,,,,,,,,,,,,,,,8.26702674999278,8.01186418056022,7.5760283296593,7.21710735090867,6.7714193105166,6.38028259515318,5.91820994818993,5.52928303197261,5.23361315681672,4.96361085313564,4.71075606943963,4.50625993165127,4.30590787627403,4.06768609121367,3.93704709411704,3.80071270527249,3.65525462430386,3.56572363331408,3.45763498382627,3.36906974326492,3.25616764975787,3.14756470572735,2.97404294417621,2.82974832936084,2.66556428158134,3.40809933340127,2.33642415096074,2.19106325179742,2.03240847064426,1.90545567065795,1.79434356119369,1.6701050775822,1.54894273171073,1.47181120334629,1.39771063662036
"Nepal","NPL","Median","female 5q15","female",,,,,,,,,,,,,,,,,,,,,,,,,,,,,,,,,,,,,,,,,,,,,,,,,,,,,,12.6423188110679,12.4459283054009,12.0993174344765,11.887362445669,11.4855434963112,11.191107001195,10.7205458940635,10.2631851407521,9.65581690401039,9.1381757765653,8.55273092493579,8.03271078547468,7.46371818293404,6.98421247308212,6.60018609362264,6.31673986216486,6.05106898028463,5.80850866651699,5.57893319039197,5.30204801863271,5.13970587003938,4.93574529652953,4.77174272903936,4.64786826722344,4.53459160246771,4.44287041644622,4.36683870688492,4.27871790490194,4.1599579154939,4.0506291202023,3.94202413044174,5.19622504625353,3.68329741676525,3.54111257014011,3.41510995277959,3.30225489892847,3.22407337356828,3.10985111684527,2.98461908901171,2.9048805696971,2.82255307269483
"Nepal","NPL","Upper","female 5q15","female",,,,,,,,,,,,,,,,,,,,,,,,,,,,,,,,,,,,,,,,,,,,,,,,,,,,,,,,,,,,13.9693139987466,13.1967809016585,12.3639784310798,11.5812260270318,10.7745700137738,10.0884872629582,9.35477638311319,8.74313376190702,8.28095321939866,7.91867510805531,7.5977040415659,7.31525424708387,7.08141703524926,6.73273346944526,6.54535810974099,6.35440306440167,6.20547024348617,6.04556957753423,5.95041300193869,5.90715412865637,5.88338904318289,5.85754290762816,5.84450594660823,5.80345843236308,5.80664840814764,7.90170833597312,5.73052070383368,5.59400065358269,5.45105676165135,5.37160847348561,5.33840932223016,5.23590605765283,5.09328758528925,5.03314134099508,4.97667172059622
"Netherlands","NLD","Lower","female 5q15","female",,,,,,,,,,,,,,,,,,,,,,,,,,,,,,,,,,,,,,,,,,,,,,,,,,,,,,,,,,,,1.21207486201016,1.21466877502677,1.17825734903375,1.12105034969345,1.13848399161192,1.11370324041173,1.10410694712469,1.10775137876605,1.08939257898559,1.08061153069584,1.07563669897072,1.04662895898672,1.01133722703027,0.959321196255984,0.879578951676176,0.83373165295591,0.798726147967429,0.770829036144116,0.755588509094824,0.73707980904322,0.703985417859047,0.692408956461005,0.690344307007711,0.68202927740373,0.672058831591912,0.660928590332448,0.652872693899792,0.643513782674152,0.651707150374513,0.664085196082319,0.661921164380207,0.651893394443843,0.656221871884654,0.656317165162068,0.674659199921509
"Netherlands","NLD","Median","female 5q15","female",,,,,,,,,,,,,,,,,,,,,,,,,,,,,,,,,,,,,,,2.19794529856556,2.22109522310406,2.1536993705151,2.10081719309659,2.08170080534399,1.87224596714348,1.85574171827165,1.8031165373661,1.67884792476578,1.68471320959659,1.61047577954663,1.57218446170423,1.52478148158157,1.49227637057542,1.43258810237866,1.35945321634086,1.30388203248169,1.29272968343118,1.28216897216244,1.29688281700667,1.33225392630161,1.30066325934506,1.30436407284272,1.26814176112545,1.20725199599856,1.22740326999575,1.1989887094549,1.18977101387163,1.193315814387,1.17416547338431,1.16641117449298,1.15826244758869,1.1267794257336,1.09071210242751,1.03526203561891,0.954405190470824,0.905812673808795,0.868732896370711,0.838589793635895,0.820918734146234,0.800651530714169,0.76790246584482,0.754307176088539,0.749632257001989,0.740620104570105,0.73115136789449,0.718558734710018,0.710978602509998,0.700591641362576,0.709098563222376,0.723171011054935,0.721983525733499,0.714365391227107,0.718108339862054,0.725759763325366,0.752720928836702
"Netherlands","NLD","Upper","female 5q15","female",,,,,,,,,,,,,,,,,,,,,,,,,,,,,,,,,,,,,,,,,,,,,,,,,,,,,,,,,,,,1.39358607300534,1.39597182398592,1.36069145097571,1.29788035745845,1.3219655875525,1.29247403662107,1.28417512541178,1.28476811817499,1.26585397939555,1.26049455584474,1.24769219472337,1.2142218742035,1.17528158847986,1.11726995303124,1.02913792421791,0.978197746550818,0.94121583057496,0.906723856419018,0.886762060656358,0.866100498379905,0.83280635612824,0.816964507377837,0.812720093932353,0.80048433954718,0.791773976956236,0.778188322489861,0.771082813080857,0.760841630907768,0.771034233705239,0.784306970813153,0.785591439451113,0.778479112705288,0.786513395287181,0.800764454260524,0.840897414557462
"New Zealand","NZL","Lower","female 5q15","female",,,,,,,,,,,,,,,,,,,,,,,,,,,,,,,,,,,,,,,,,,,,,,,,,,,,,,,,,,,,2.57946857063171,2.49422968332821,2.4230032509503,2.40348865008924,2.45948612966978,2.43784354233834,2.44152092655741,2.39690348670815,2.38665977017123,2.29284695226594,2.14970951484086,2.07771258608601,2.02711097118689,2.01773156271811,1.97407227055934,1.91803540211335,1.88955850603123,1.86838560620011,1.81858085014962,1.74182986186217,1.66210791453716,1.58275819145927,1.50720453673879,1.43199031977744,1.35949631850266,1.34185016726399,1.33969861232472,1.34599366345398,1.33572535525702,1.33721101547799,1.32662938598456,1.28610802814191,1.20721786308777,1.13690780598184,1.06177889752733
"New Zealand","NZL","Median","female 5q15","female",,,,,,,,,,,,,,,,,,,,,,,,,,,,,,,,,,,,,,,2.83149330826598,2.90207068021062,2.98639454645834,3.072875629054,3.08575490472918,3.10150048357574,3.06314700492774,3.11592026797849,3.161698252162,3.15490037824085,3.05476972541916,3.03544443366948,2.92985134233176,2.7981739749696,2.71036151677073,2.64760234517335,2.6365363494016,2.6978769699403,2.81131663452188,2.87724069450393,2.8597287610548,2.81823794085023,2.73327290137019,2.65433105681049,2.63487942742778,2.69353991293044,2.663577887991,2.67084008589265,2.61660277163774,2.60389647841415,2.50768148868687,2.35691148335109,2.27940454068201,2.22876114640843,2.21137170064105,2.15993869990658,2.09593450388448,2.06874792826306,2.04870091097897,1.99727771118838,1.91495459617063,1.83193049581319,1.74266072650481,1.66085725122665,1.5806540130782,1.50843845018123,1.48718968364244,1.48386876427061,1.49139003434515,1.48132582336841,1.48835309397011,1.49293377370103,1.47853728058502,1.44167463583393,1.4033910285551,1.36186274456267
"New Zealand","NZL","Upper","female 5q15","female",,,,,,,,,,,,,,,,,,,,,,,,,,,,,,,,,,,,,,,,,,,,,,,,,,,,,,,,,,,,3.0732992117917,2.98118463600572,2.89969525441627,2.87714186922753,2.93972634811767,2.9020948168182,2.90862932054102,2.84995451748925,2.83440864603206,2.73668186588562,2.58452875140047,2.49297763744398,2.44177482985391,2.41249970790192,2.35546661932904,2.29137971284777,2.26341933948882,2.24259740459202,2.18769913943649,2.10170148221095,2.01595408393624,1.92124788533468,1.82848016238156,1.74148761623137,1.66436046954452,1.64178109136001,1.6391795942956,1.65019738802582,1.63803074862729,1.64905836239704,1.67117257892586,1.68969551323647,1.69206454161615,1.69423944815343,1.69581492867932
"Nicaragua","NIC","Lower","female 5q15","female",,,,,,,,,,,,,,,,,,,,,,,,,,,,,,,,,,,,,,,,,,,,,,,,,,,,,,,,,,,,4.71979806340376,4.43246912928327,4.20438167275251,4.01685859132088,3.79115172302624,3.63520057190503,3.44239101341458,3.2919883131096,4.42537624800697,2.97824078344154,2.85046578756014,2.72579656180393,2.61351734567473,2.52247084512096,2.43473299810105,2.35814588247021,2.27612996666481,2.18509781880338,2.1086036912272,2.02783149661691,1.94247902002622,1.86472932089717,1.80636128249234,1.74395262229653,1.67413153503325,1.61177246453344,1.55875536109157,1.50350054758829,1.46576677820655,1.43180835869158,1.40947776228198,1.39169956166807,1.38617315526558,1.3734229616999,1.35295101193227
"Nicaragua","NIC","Median","female 5q15","female",,,,,,,,,,,,,,,,,,,,,,,,,,,,,,,,,,,,,,,,,,,,,,,,,,,,,,,,,,,,6.39441445780869,6.05994767960712,5.77203263221918,5.51144416931996,5.2339918242535,4.99842520683046,4.76393497415337,4.55476146900008,6.15078878654576,4.16527698542086,4.00436492871597,3.84920068048905,3.69393227954577,3.56887659459812,3.45285857354154,3.34938086436757,3.24753484281089,3.1486526905932,3.05780023262789,2.96765831866835,2.87393955257218,2.78154308892128,2.68383401212227,2.59787645928035,2.51765215085307,2.44530326823509,2.37656486931694,2.3162974311823,2.27608073321721,2.24190325607751,2.23050725272577,2.22212535966723,2.23045400684106,2.22220085678335,2.21773657086881
"Nicaragua","NIC","Upper","female 5q15","female",,,,,,,,,,,,,,,,,,,,,,,,,,,,,,,,,,,,,,,,,,,,,,,,,,,,,,,,,,,,8.62453801164371,8.19403198646529,7.83028910036308,7.49883854811061,7.11646360381928,6.83653435904462,6.49177939436808,6.25163267042547,8.45808352487418,5.7317658116462,5.53546908233486,5.33392333647837,5.1111543401081,4.95039159833159,4.82444882517184,4.65804824965919,4.54467238749049,4.44914264764096,4.32606452439139,4.21208334235924,4.10821410827447,3.99147876457431,3.88161607874749,3.78539447852748,3.67529024311944,3.58624936407721,3.49812343995786,3.43931524108279,3.39222540566454,3.34946020293223,3.33842695132758,3.34249740797547,3.37457497682568,3.37598943506315,3.3998633199638
"Niger","NER","Lower","female 5q15","female",,,,,,,,,,,,,,,,,,,,,,,,,,,,,,,,,,,,,,,,,,,,,,,,,,,,,,,,,,,,16.1291377367346,15.6575330811472,15.2907971516053,14.9533772978884,14.7405428588971,14.5507073895951,14.2266274916552,13.9880629892892,13.915319178304,13.758743369695,13.5877373117102,13.4515982416576,13.2161996261256,12.7529043967176,12.5031475293671,12.1796619177151,11.6875985609277,11.2543766598556,10.7819290416863,10.2420806193926,9.72470726864933,9.18240283575419,8.63103509480061,8.09189014748521,7.57630321373632,7.06253386520441,6.69394289804727,6.22807069676384,5.67053156081595,5.25617558364076,4.85977429266679,4.4955907153718,4.12756631049434,3.83945078743625,3.52406733902044
"Niger","NER","Median","female 5q15","female",,,,,,,,,,,,,,,,,,,,,,,,,,,,,,,,,,,,,,,,,,,,,,,,,,31.792938552944,30.6495164115507,29.566510596713,28.4551230848717,27.1705460600509,25.990655934702,24.8462095815009,23.7568681356617,22.6863319907473,21.7124064556776,20.9368633632583,20.3282168814241,19.775858503281,19.2729797302042,18.8479258617102,18.4939526124171,18.0353626151712,17.7016158822214,17.3948441221215,17.1116622522068,16.9204133641354,16.6377174827358,16.3204238232591,15.9075798083604,15.7284697403605,15.4150909318532,15.0969113138194,14.7560370094414,14.3930518416262,14.0132694502936,13.7035292206298,13.3464121515467,12.8801389846333,12.4046437303038,11.9913673023118,11.5464438880117,11.199795945971,10.7600775296846,10.1993553736111,9.73770033524687,9.28637596006638,8.84542625989002,8.28955659710458,7.90505303659694,7.50255632243534
"Niger","NER","Upper","female 5q15","female",,,,,,,,,,,,,,,,,,,,,,,,,,,,,,,,,,,,,,,,,,,,,,,,,,,,,,,,,,,,26.8153439677402,25.9292031371856,25.0282886974149,24.2404994176054,23.6857486025102,23.1468546512045,22.467920341489,21.973729410414,21.5499165733271,21.2478941274169,20.8899918354431,20.5750616437136,20.2768952070725,19.8522971551072,19.7109314166564,19.5379573035775,19.4370359504734,19.2661276026749,19.1218722488207,19.031234851131,19.0570855415875,19.050982856018,18.8395586561026,18.6179320822805,18.2572277337166,17.8901981642215,17.5028180825913,17.0907391092467,16.5688172118919,16.0430850554211,15.5233614630713,15.0617686848947,14.4462097527712,14.0594737619279,13.5660152672868
"Nigeria","NGA","Lower","female 5q15","female",,,,,,,,,,,,,,,,,,,,,,,,,,,,,,,,,,,,,,,,,,,,,,,,,,,,,,,,,,,,12.524963239317,12.2279339173868,11.9630464083606,11.686010509086,11.4693056942668,11.2604602465074,11.037432097124,10.8944957920812,10.7092043072908,10.5359933035493,10.3140798535199,10.1687958044429,9.99927255772261,9.85198023551982,9.74378744473198,9.6020206467645,9.28143057464337,8.97826813587379,8.71551849189603,8.37364570558476,7.96238927171664,7.52667917011225,7.10956232249529,6.76964527589703,6.45356896049855,6.20070076039698,6.0618115784528,5.85353811626704,5.65729164780501,5.39662517529398,5.18152848019929,4.92118960557454,4.63191937078564,4.37725853669566,4.15074797555054
"Nigeria","NGA","Median","female 5q15","female",,,,,,,,,,,,,,,,,,,,,,,,,,,,,,,,,,38.5999026975566,37.5669082353595,36.4799586177652,35.3628438689997,34.2268275516741,33.2201201732474,32.2622105334893,31.2350528864281,30.1731497731683,29.1698281210193,28.3484778403311,27.595974726152,26.7663641595092,25.9936788701539,25.2855883822218,24.5994655598232,23.947576834844,23.3095278329591,22.7079200870292,22.0832298547612,21.4326226469741,20.8117753715757,20.1673855991413,19.5212527594652,18.874911519612,18.252861549693,17.7221697698659,17.113519604824,16.5679477174596,15.9622718961641,15.4129531595756,14.9327094895276,14.4000441473453,13.9668196805478,13.515185501742,13.1679690386616,12.7975395331689,12.4909518733598,12.1524498331831,11.8724152339075,11.6635058293741,11.4324175434981,11.0235230623758,10.6256796617311,10.3154251116148,9.93290097950681,9.45197269895761,8.95386327057501,8.49434534144022,8.13960590129808,7.80254046303032,7.55226861606487,7.44161035305769,7.26055332860256,7.12840172238142,6.90301860530453,6.73172852795544,6.53157937262759,6.2991007635447,6.12503754470551,5.91833076759101
"Nigeria","NGA","Upper","female 5q15","female",,,,,,,,,,,,,,,,,,,,,,,,,,,,,,,,,,,,,,,,,,,,,,,,,,,,,,,,,,,,24.1861691100476,23.0531484619569,22.0829165468493,21.0779554433621,20.0081874018311,19.1918994573659,18.2980053607455,17.5533146761721,16.8626334219253,16.1546141400293,15.6141808292273,15.0994646260663,14.603683187364,14.202515083692,13.8855259851172,13.5587905795362,13.017464746456,12.5011423385176,12.1595121909338,11.6992397331928,11.1385028868388,10.5761214378319,10.0427874536147,9.66857441021875,9.35423396046608,9.14507514773469,9.10436669406794,8.98834941027667,9.01668583204657,8.87350710913026,8.79829725601501,8.73801076352022,8.62330592345909,8.61580567992788,8.4733673923073
"Niue","NIU","Lower","female 5q15","female",,,,,,,,,,,,,,,,,,,,,,,,,,,,,,,,,,,,,,,,,,,,,,,,,,,,,,,,,,,,2.10246331464687,2.13841453457994,2.17822646693666,2.23980476192784,2.26515019083949,2.28344879647284,2.2863971364053,2.30447918537414,2.33763338356277,2.41294945723219,2.50099600203656,2.57382889371725,2.60926393483863,2.66339141589351,2.62869711011988,2.54586756466626,2.46692998028117,2.40973925409173,2.31101563018368,2.27544471569403,2.26468856714166,2.23137569861822,2.22903246668784,2.25169250439129,2.27505071050465,2.30222176809388,2.29077376086245,2.32816898353047,2.27962149687779,2.20321953827033,2.11063747502535,2.02456654565577,1.9254834704258,1.86825325941574,1.80848219779461
"Niue","NIU","Median","female 5q15","female",,,,,,,,,,,,,,,,,,,,,,,,,,,,,,,,,,,,,,,,,,,,,,,,,,,,,,,,,,,,2.90175558567687,2.94653149252815,3.00140662834862,3.07554512316344,3.12169564064885,3.1535017849089,3.18195101110392,3.21601337872826,3.2692636320706,3.36766812319749,3.47905867191274,3.58434033840778,3.65272226759674,3.73523092234547,3.73323286950249,3.64014591260124,3.5595711982168,3.52567245218344,3.42876206331507,3.39250041046422,3.36663390772045,3.34393661579301,3.34512559921602,3.38166051475132,3.40351251566517,3.42573265095857,3.42470835688346,3.45303387313715,3.41748188783491,3.32975486223804,3.23869753630404,3.14734236093952,3.0497684132039,2.97501674537454,2.92716954079516
"Niue","NIU","Upper","female 5q15","female",,,,,,,,,,,,,,,,,,,,,,,,,,,,,,,,,,,,,,,,,,,,,,,,,,,,,,,,,,,,3.99491853122803,4.05727079509545,4.11390397740483,4.20712326315964,4.28739844846092,4.34897723147558,4.39280329438046,4.46004005697684,4.54656829430004,4.69413141796519,4.85227143295502,4.98313812326642,5.1030570986902,5.25898764139027,5.2496396554499,5.20858014695559,5.15435954385984,5.14803546682661,5.03294593057852,5.00640446138246,4.9966560939883,4.94124952082852,4.95448942385467,4.95984081875113,4.98693263938315,5.00973447021572,4.98174505401388,4.99887628964838,4.9639692459786,4.87137857825432,4.81038045153689,4.69244816058439,4.59313703397656,4.52010414785209,4.46334669468235
"Norway","NOR","Lower","female 5q15","female",,,,,,,,,,,,,,,,,,,,,,,,,,,,,,,,,,,,,,,,,,,,,,,,,,,,,,,,,,,,1.31405853196787,1.28257068716708,1.24559986134291,1.24001880000449,1.24091029233652,1.24768687331187,1.28925507095679,1.34241546174071,1.39169094042579,1.41868090149909,1.4143094535325,1.38278075341458,1.34386537140017,1.2949343394579,1.25086734973294,1.20463784850395,1.16321392136443,1.13155357794777,1.11682980527623,1.11366818646793,1.10303808492484,1.05009460709414,0.967893145750798,0.893208976250473,0.837564914838896,0.798134638781283,0.784386697618916,0.769891498698123,0.761766915521521,0.759577237988702,0.761661776780685,0.770287650167629,0.772346909616013,0.767765803796206,0.758765679372171
"Norway","NOR","Median","female 5q15","female",,,,,,,,,,,,,,,,,,,,,,,,,,,,,,,,,,,,,,,1.83236346040998,1.7888611192683,1.75359262020148,1.73299189584381,1.72860787849584,1.75931586823196,1.7656681489356,1.74895312696679,1.74374444908207,1.76310792165457,1.7314337042925,1.72950611617473,1.71770035801766,1.68752180372913,1.66943991579855,1.68383825529189,1.68562269302311,1.65051525044399,1.63027264705938,1.55683620023115,1.49603399800675,1.45708305794088,1.42264104257823,1.3842381284474,1.37652720084041,1.37952873196231,1.39121211953581,1.43404871795334,1.49118235165343,1.53998911054248,1.56826277434365,1.57004597380163,1.53998236901519,1.49803966452478,1.44567269718176,1.3979188477867,1.34409815280006,1.29744314980503,1.2639914114682,1.24547983006922,1.23940413332911,1.2243725105372,1.16477404597486,1.07688175242911,0.99857158147171,0.937854703234905,0.896145039972333,0.87901487269206,0.864272859496865,0.859910925521839,0.855741900698655,0.859254842524179,0.874128302434041,0.886000103679312,0.888245597569856,0.893313819696519
"Norway","NOR","Upper","female 5q15","female",,,,,,,,,,,,,,,,,,,,,,,,,,,,,,,,,,,,,,,,,,,,,,,,,,,,,,,,,,,,1.61654250356247,1.5812077534345,1.53487147000491,1.528910272707,1.53137370405854,1.54334339129319,1.59214856684106,1.64959074170559,1.70419218889584,1.73140527791975,1.73589681717492,1.70119924651478,1.65701083971322,1.60241389680493,1.54937707973009,1.49162204985819,1.44221429789907,1.40078205277903,1.37928269479251,1.36907285906235,1.35226119467577,1.28748113257827,1.19295672961211,1.10999861622563,1.04503426431142,0.998730340565204,0.978081012541437,0.963805678402065,0.96142284604845,0.959215353405745,0.966686966583525,0.991425453413544,1.00839850277798,1.02307237941103,1.04689484512766
"Oman","OMN","Lower","female 5q15","female",,,,,,,,,,,,,,,,,,,,,,,,,,,,,,,,,,,,,,,,,,,,,,,,,,,,,,,,,,,,1.98417815481785,1.88682160513644,1.79520842670027,1.71636253457926,1.65461495890412,1.58863944730849,1.53548105585825,1.49121074991912,1.44713646728731,1.40050641377097,1.36115214653828,1.33247647904554,1.29332869586575,1.26224355619065,1.22915677346268,1.20207926651304,1.17565566007646,1.16043504677211,1.15208916789337,1.14820455651917,1.14673041333826,1.14173091024052,1.12276249746833,1.1055874574265,1.0968218237877,1.087757551709,1.08160756066604,1.08256497025459,1.06509061562979,1.05222816933535,1.04033287514838,1.03223703968349,1.02285941695525,1.01180999748054,0.994096916788264
"Oman","OMN","Median","female 5q15","female",,,,,,,,,,,,,,,,,,,,,,,,,,,,,,,,,,,,,,,,,,,,,,,,,,,,,,,,,,,,2.75689173593229,2.61790206731784,2.4986352293845,2.39478028033294,2.30351138374747,2.21741240429004,2.14991254652332,2.08329491212582,2.0271227143917,1.97183223174298,1.92053697278344,1.87304916757069,1.83256405838589,1.79502382542945,1.75956006263677,1.7253748124141,1.70176316309692,1.68641527418153,1.6814737096023,1.6826900487814,1.68423218911238,1.68751479770231,1.67688476722663,1.66623552217569,1.66456365951837,1.66138140702872,1.65848740568434,1.65663514165814,1.6512121900603,1.64501137242586,1.63855158456766,1.63176981287969,1.62419720093377,1.62091825900147,1.61636675370727
"Oman","OMN","Upper","female 5q15","female",,,,,,,,,,,,,,,,,,,,,,,,,,,,,,,,,,,,,,,,,,,,,,,,,,,,,,,,,,,,3.8018012405077,3.60403832271489,3.45916564136539,3.30414858490694,3.19107473359364,3.06362190820372,2.96163825951572,2.87515398648705,2.79451434033754,2.73556354294986,2.67100991497423,2.62509824794148,2.57370594089138,2.52396013578226,2.47702927437572,2.4394087296933,2.40644208078029,2.41506932561967,2.40403330940035,2.42009786645926,2.42272848330621,2.42822394503931,2.42497921540298,2.42721428971991,2.42572242433694,2.43378834391151,2.44182227820281,2.44857233745093,2.46297672275004,2.47015879126438,2.47445953817943,2.46652497162711,2.47533620415833,2.48230574215283,2.4925612627525
"Pakistan","PAK","Lower","female 5q15","female",,,,,,,,,,,,,,,,,,,,,,,,,,,,,,,,,,,,,,,,,,,,,,,,,,,,,,,,,,,,8.42870168178987,8.19044316853873,7.70940843877453,7.29176627211508,6.89519517593871,6.52054672333034,6.19666923606293,5.91078327056251,5.45972316906031,5.0743065950549,4.7053426649162,4.41430976599508,4.16396722795787,3.91590853422982,3.72840764811869,5.0021670175234,3.39831303464928,3.19234450075506,2.99510148031064,2.81057392557262,2.64512291083167,2.50108292105047,2.36732314605646,2.22083126289665,2.12530145073332,2.00480318349826,1.89367379298806,1.79168253481172,1.70538403270712,1.62257770054687,1.54606884155697,1.47569779804201,1.37119284479935,1.28747412561698,1.21261335013582
"Pakistan","PAK","Median","female 5q15","female",,,,,,,,,,,,,,,,,,,,,,,,,,,,,,,21.0316078647308,21.0080275617673,20.8719756146737,20.6690938764064,20.2767133696592,19.7889697253866,19.3143910706023,18.8738316568827,18.4608761311573,17.9872758388388,17.5170737151941,17.0190644735151,16.6186754090859,16.1577833940661,15.7218813385795,15.292122898798,14.9423245059591,14.5734073540089,14.1677777433092,13.8109874927971,13.4151455163773,12.9861520081088,12.662535255556,12.3333397914247,11.9409438669212,11.6485193351687,11.2736857687895,10.8653512498454,10.5381525108015,10.1094683425761,9.70111153018096,9.16776989269202,8.64485104351294,8.15295712422707,7.72541061101086,7.32590248854901,6.98223775028573,6.55214853443413,6.12536926114746,5.75850280001792,5.44423439192283,5.16723675058745,4.89013684440712,4.68171767512229,6.30149989813272,4.31114744575432,4.0889279391304,3.89348680132572,3.71692608932297,3.54452092835342,3.39792273483525,3.26034480956233,3.13395170709393,3.01141667020369,2.88387732217631,2.76683679411791,2.664317413903,2.57359375629777,2.49636874870161,2.42006574653785,2.36181980274729,2.26705757744168,2.18947997122655,2.11897505002931
"Pakistan","PAK","Upper","female 5q15","female",,,,,,,,,,,,,,,,,,,,,,,,,,,,,,,,,,,,,,,,,,,,,,,,,,,,,,,,,,,,12.016182963177,11.3950161485316,10.7524641197996,10.1640650468314,9.612186105779,9.08300993881698,8.59677923528898,8.16783285419748,7.71487058724976,7.27934486780661,6.88268868557763,6.55686901603596,6.28199457888765,6.01424429077764,5.76754276745533,7.84286639663525,5.40585147683019,5.1910041984992,5.0548824719561,4.91790700762664,4.7844202355143,4.67380411392613,4.59215703785958,4.48379745493189,4.36500327813157,4.24025227268593,4.12050379578123,4.00835736435286,3.95060305823333,3.87100418355693,3.8158677833729,3.79775535522915,3.74162109229342,3.66268248757746,3.56884137064174
"Palau","PLW","Lower","female 5q15","female",,,,,,,,,,,,,,,,,,,,,,,,,,,,,,,,,,,,,,,,,,,,,,,,,,,,,,,,,,,,2.05239067204931,2.17690465655337,2.3435631067199,2.48541157960727,2.61263461322463,2.75923180694892,2.90243403821335,3.06000414870269,3.23419641783075,3.3873033150526,3.5801997655348,3.7422392873018,3.88356432199011,4.07464683866778,4.22005994826224,4.28655630380513,4.23629905793634,4.08151299351697,3.8241676683685,3.61794077511319,3.37976805009827,3.13958744903934,2.8919363713291,2.72128004728792,2.58763739427503,2.44528116464268,2.30651783773227,2.15932099857623,2.01775151238119,1.89021265373834,1.77554824242944,1.67201973626971,1.58281889007377,1.47653553699621,1.41239858932781
"Palau","PLW","Median","female 5q15","female",,,,,,,,,,,,,,,,,,,,,,,,,,,,,,,,,,,,,,,,,,,,,,,,,,,,,,,,,2.88161727204075,2.88391223219328,3.00262602120419,3.09482391188882,3.2202898924934,3.37246947807616,3.5379962964434,3.66991300160172,3.87621403881061,4.05028561654562,4.25413533409581,4.51989514099985,4.76761648042096,5.08673775704057,5.38489382245669,5.7430363768822,6.19693283946028,6.60420085084057,6.98241787110533,7.14665283459379,7.13842972718113,6.90785399152109,6.71181410377328,6.43607311445226,6.16641330910338,5.81001406162371,5.60142544862234,5.46433089533856,5.27075140794058,5.10440264305737,4.91822924022598,4.7231932831657,4.54400644025279,4.37472694557131,4.23081603678859,4.12828247007664,3.94587090111667,3.81382364023917
"Palau","PLW","Upper","female 5q15","female",,,,,,,,,,,,,,,,,,,,,,,,,,,,,,,,,,,,,,,,,,,,,,,,,,,,,,,,,,,,4.6812936266668,4.72541826299657,4.82674249591767,4.98908010637749,5.12127491144688,5.35318077139457,5.5757528531404,5.89259163579288,6.3162615354715,6.73473236726265,7.27903754375063,7.83067201204189,8.45898062614497,9.31893552081454,10.1052053990257,10.8864845378736,11.3468405866148,11.4756819782248,11.2206747173724,11.0908462080508,10.7689820658171,10.4839232248042,9.99543429123377,9.74663844690935,9.58803731071748,9.42965317560423,9.30641837379456,9.08473871350821,8.85448139387145,8.64915188805438,8.39564175316561,8.28802293801445,8.11106550912751,7.8439351188374,7.71535555749832
"Panama","PAN","Lower","female 5q15","female",,,,,,,,,,,,,,,,,,,,,,,,,,,,,,,,,,,,,,,,,,,,,,,,,,,,,,,,,,,,2.43003457690541,2.51679568823369,2.6015705707543,2.686033583295,2.72377206935629,2.74255034660671,2.68950036303975,2.59972042331332,2.48797785638474,2.36127641267143,2.25359458557483,2.18732792226913,2.15108673799283,2.14647173180297,2.1614304366699,2.18125645744769,2.25534966927662,2.39786390222475,2.53613102664218,2.65850011600873,2.78002038427682,2.83206229301587,2.77348620698154,2.66969495028531,2.53372675366165,2.39347256657022,2.25415528228791,2.13659804478667,2.06982996089414,2.02245897620669,1.96784031033781,1.88479169519493,1.81645306078522,1.72283500761842,1.63170799525203
"Panama","PAN","Median","female 5q15","female",,,,,,,,,,,,,,,,,,,,,,,,,,,,,,,,,,,,,,,,,,,,,,,,,,,,,,,,,,,2.7841958365002,2.81740834209874,2.88419026499444,2.9575178778252,3.03946807212706,3.09115835718971,3.08943014925966,3.03933377765907,2.93014475985907,2.80378609161797,2.66478208436103,2.54787045674975,2.47083004959039,2.42517270421229,2.4199193657822,2.43783194779533,2.46465155557885,2.54449343717751,2.70974975811798,2.86502734355007,3.0097981205822,3.14648125408967,3.19952834169305,3.13506997668451,3.01664839949136,2.86638013766251,2.70886121278933,2.55488216585929,2.43387766533876,2.36936392976217,2.32683421397493,2.27652336035379,2.21755519606017,2.1667765948289,2.10802268996021,2.05310112659466
"Panama","PAN","Upper","female 5q15","female",,,,,,,,,,,,,,,,,,,,,,,,,,,,,,,,,,,,,,,,,,,,,,,,,,,,,,,,,,,,3.2475937796067,3.2813701873502,3.34177592057432,3.41661296938715,3.46447595964737,3.46802421540635,3.40544626293309,3.28499102786444,3.14625873000817,2.98648255229865,2.86235893143778,2.76705462513073,2.71361467013289,2.7146834717215,2.73572405141545,2.77001267366034,2.85681403074129,3.04754847825258,3.22539466510087,3.39566538109298,3.54696765104411,3.60942197674561,3.54035329532553,3.40674380289011,3.23425190169719,3.05409337252435,2.87295977621229,2.74867414210972,2.69162733196066,2.65635446734465,2.6135335961094,2.56312661704057,2.55118413705357,2.54744368071059,2.55378456359237
"Papua New Guinea","PNG","Lower","female 5q15","female",,,,,,,,,,,,,,,,,,,,,,,,,,,,,,,,,,,,,,,,,,,,,,,,,,,,,,,,,,,,5.84126231693254,5.69112393264991,5.6066693649808,5.48213392098096,5.34669012333488,5.24875103904978,5.17359407207652,5.0824442669482,6.17778180005657,4.90878993384606,4.81434067703518,4.67343502177614,4.6055123612731,4.48868510882718,4.39385247688693,4.27711152200121,4.19381328472458,4.07001941838648,3.94800387189971,3.84195097386287,3.72550365543343,3.61528246813741,3.52876911978816,3.42545594126469,3.31958833964976,3.22602082972723,3.12461924551803,3.04884712638115,2.9646723475351,2.8648593396921,2.77639013105216,2.69776659584145,2.59307699654938,2.52967905896948,2.44920710700316
"Papua New Guinea","PNG","Median","female 5q15","female",,,,,,,,,,,,,,,,,,,,,,,,,,,,,,,,,,,,,,,,,,,,,,,,,,,,,,,,,,,,7.87299542610507,7.69141937822716,7.61173964626078,7.45270181779696,7.3093742514592,7.15140697341203,7.10004892836293,6.96777933084695,8.50474731196693,6.76684404911477,6.63963821552948,6.51394246081217,6.44358361694378,6.3137168072614,6.1856236119569,6.05515578054096,5.98397819644521,5.85378298640321,5.70553613955005,5.57799944167184,5.45269753744372,5.31850682995607,5.20663889682311,5.10003821693435,4.9946043856828,4.85831530708545,4.75889678034687,4.64971150331371,4.56608801649336,4.42928003418851,4.33444285636284,4.23906179180582,4.1141045848945,4.02873395853218,3.94277154382759
"Papua New Guinea","PNG","Upper","female 5q15","female",,,,,,,,,,,,,,,,,,,,,,,,,,,,,,,,,,,,,,,,,,,,,,,,,,,,,,,,,,,,10.5707090857433,10.3563951128884,10.2551076167274,10.0549616659775,9.86151694509384,9.64691916526184,9.61363868593485,9.46185962645639,11.6488282171015,9.26471434212571,9.0994729710723,8.92349388118597,8.91950537071697,8.72746840850574,8.55452164818917,8.41004414140629,8.3418467202583,8.16844001793325,8.04760901838924,7.89343172495707,7.7632513580023,7.58106757928593,7.47342319472409,7.34797942151876,7.21881052939873,7.06658147276831,6.93448513076344,6.83480153043498,6.72368283830249,6.57793384003245,6.46814771189419,6.37337013188167,6.23665292712547,6.15863210780259,6.04281779205549
"Paraguay","PRY","Lower","female 5q15","female",,,,,,,,,,,,,,,,,,,,,,,,,,,,,,,,,,,,,,,,,,,,,,,,,,,,,,,,,,,,3.34155997611351,3.23850133889807,3.14863584599534,3.06742902654733,2.96990152868725,2.88700521923459,2.83793547125531,2.7706792886581,2.71564451523272,2.66922611425021,2.6098847497407,2.57282762507052,2.51299504170876,2.45993529774722,2.41039752834744,2.35595994030956,2.30997929697943,2.26817938134153,2.21835628844795,2.17000609554152,2.10280154450787,2.04853378619102,2.00472727628429,1.96672797283239,1.92448758003541,1.86111792572065,1.81345338734357,1.77465684706826,1.73196848689353,1.68483487934679,1.63840034242983,1.59073119077201,1.54997778176285,1.51441730364869,1.48670482316263
"Paraguay","PRY","Median","female 5q15","female",,,,,,,,,,,,,,,,,,,,,,,,,,,,,,,,,,,,,,,,,,,,,,,,,,,,,,,,,,,,4.55827419334898,4.44559017334001,4.3159972171367,4.22159231875047,4.11584898564009,3.99992456864333,3.92742771387254,3.84413893055804,3.76488887205624,3.70342072862826,3.63861290903687,3.5783702750812,3.51700668192967,3.46522268444588,3.41362395531854,3.36301289603305,3.31868189153897,3.26126531806999,3.20834611558142,3.1534588052004,3.09824941811914,3.04370373523823,2.9845082050145,2.93538595204687,2.88541944371742,2.82750460532899,2.77465901737602,2.72409666627199,2.66655088701883,2.61716754209408,2.57441985341983,2.51421604406412,2.47187009170352,2.42815648734312,2.38416600915622
"Paraguay","PRY","Upper","female 5q15","female",,,,,,,,,,,,,,,,,,,,,,,,,,,,,,,,,,,,,,,,,,,,,,,,,,,,,,,,,,,,6.180271577822,6.02348347068972,5.85116573220829,5.71686353590956,5.61299552837916,5.47432781427151,5.38742298265398,5.26883615595939,5.16382913640191,5.11264196749482,5.01747114685117,4.9631429695432,4.87492947516612,4.81989571704996,4.77086741968855,4.72384542763616,4.65253635607313,4.60484020002519,4.52913929982939,4.50033092747959,4.44180016175724,4.35653941402779,4.29685151160462,4.25341846929133,4.20920093421196,4.1252589007534,4.08498111618803,4.03964027476071,3.97089922103013,3.91450113733232,3.84634395091662,3.78862157193412,3.75227606931308,3.71351796684746,3.65938000076826
"Peru","PER","Lower","female 5q15","female",,,,,,,,,,,,,,,,,,,,,,,,,,,,,,,,,,,,,,,,,,,,,,,,,,,,,,,,,,,,5.9203716868864,5.73861360914248,5.49694856935289,5.23041451538775,4.96910491830772,4.68642857792733,4.36782392027433,4.04503094725939,3.76893596761791,3.49843067680546,3.28504079956343,3.05875445163336,2.89658347648528,2.72074711641079,2.57297891830364,2.4575474001205,2.37139517957192,2.29092104391993,2.23237165971541,2.19780578302524,2.1738177387152,2.13206626594583,2.05880615020016,1.97452010059356,1.89463716656217,1.84458853001486,1.83432329828055,1.87170654083775,1.90059575191336,1.87961107783583,1.8026130486932,1.69301155767359,1.58075747038718,1.47759525317376,1.38995802040457
"Peru","PER","Median","female 5q15","female",,,,,,,,,,,,,,,,,,,,,,,,,,,,,,,,,,,,,,,,,,,,,,,,,8.26178841077504,8.12651674322051,7.9859864393428,7.87612796274652,7.82468796003158,7.81073263484062,7.86985385115035,7.92457657090106,7.81126681966279,7.65464740268194,7.32183250967669,7.09385868207664,6.85601071640983,6.55385457194911,6.20794597970169,5.90411921423903,5.55101170231014,5.16513078274297,4.78932739922456,4.46019513719805,4.14524597212751,3.87372881765962,3.60399115862477,3.38566811154005,3.15701043339868,2.96807087988906,2.81301660117674,2.68789601622983,2.57071899872734,2.48803415716733,2.4379595749305,2.40966520927125,2.35813365058454,2.28019788236295,2.19307944458875,2.11488324132365,2.0664621985915,2.07498083500638,2.14786734630523,2.23102858806157,2.26931070186888,2.25759964970199,2.20974892810413,2.15366664350511,2.10325117188339,2.0446782515003
"Peru","PER","Upper","female 5q15","female",,,,,,,,,,,,,,,,,,,,,,,,,,,,,,,,,,,,,,,,,,,,,,,,,,,,,,,,,,,,8.5004120397648,8.1621210699706,7.74060651990488,7.31429813836636,6.95845666328186,6.50510558558477,6.05235502148424,5.59393304184741,5.2167438872909,4.84015607780654,4.50441448270364,4.18295631448951,3.90899915728174,3.64411576068856,3.39838443879061,3.19104871603963,3.02079959766657,2.87137488364974,2.75454850052112,2.68174126440883,2.64421757738891,2.58741772662067,2.50372225337447,2.41666795955563,2.34161756364513,2.30164862591059,2.32628841548104,2.43862577592221,2.58795577020931,2.69787842014893,2.75593024939858,2.7942708403006,2.80485885756987,2.82591373686884,2.83116963842099
"Philippines","PHL","Lower","female 5q15","female",,,,,,,,,,,,,,,,,,,,,,,,,,,,,,,,,,,,,,,,,,,,,,,,,,,,,,,,,,,,3.71073704263483,3.60872637028601,3.5404122383049,3.2274245502343,3.1572149617426,2.96571151923386,2.91760024996119,2.8862032482389,2.87325873122,2.69700756498912,2.66036316321772,2.73812493539134,2.68693738125447,2.7032730625581,2.69707198875416,2.66499373897541,2.63474512406086,2.63040276667905,2.68090729894021,2.71010384321673,2.75689776384689,2.72653611403565,2.65010444010392,2.65395116626243,2.66360072644136,2.70791788903926,2.66528237553771,2.5372682739698,2.52118596549582,2.60819841553627,2.68508711640933,2.76206379888174,2.79488615032788,2.74088277573486,2.6487716579362
"Philippines","PHL","Median","female 5q15","female",,,,,,,,,,,,,,,,,,,,,,,,,,,,,,,,,,,,,,,,,,,,,,,,,,,4.18622831209678,4.29069117083244,4.38709773656879,4.45230136497316,4.52161580625059,4.5164113751321,4.45997050532705,4.30808491160445,4.06390030298957,3.8329589832087,3.72455772775138,3.64794511088667,3.32720047257382,3.25539463553981,3.05951914601296,3.01355801540014,2.97892641488856,2.96231167492675,2.7871725497556,2.74865158199248,2.82448792063388,2.77506238832456,2.7861400896387,2.78258743081311,2.74981200199357,2.71597237139768,2.70900428850524,2.76429861844201,2.79040220777551,2.8403202803183,2.80983152208468,2.73005947258342,2.7354423405712,2.74539560758192,2.79217061605886,2.74694904299104,2.61571077125438,2.60245995544971,2.69116259094061,2.77066356658631,2.84921671503882,2.90713213701957,3.00453696600985,3.04561614761624
"Philippines","PHL","Upper","female 5q15","female",,,,,,,,,,,,,,,,,,,,,,,,,,,,,,,,,,,,,,,,,,,,,,,,,,,,,,,,,,,,3.96212416481214,3.84299616174918,3.75847282994566,3.43350678323178,3.35522247511176,3.15560529009381,3.10804330425668,3.07157083012474,3.05781380495157,2.87839371674821,2.83959149529424,2.91395135936722,2.86509121508424,2.87357528885452,2.86944759872102,2.83671240987631,2.79841323828989,2.7881089299548,2.85029786322352,2.87259747491157,2.92658078608608,2.89465280184381,2.81363302199018,2.81930857937337,2.82667628778536,2.87556891535696,2.8308839333963,2.69521896234712,2.68570907725933,2.77512657544498,2.85765096423667,2.93953916188031,3.02193416624291,3.27812480902713,3.45790913667265
"Poland","POL","Lower","female 5q15","female",,,,,,,,,,,,,,,,,,,,,,,,,,,,,,,,,,,,,,,,,,,,,,,,,,,,,,,,,,,,1.68965971562383,1.74897237312681,1.67758590237216,1.6698356859621,1.60172828749736,1.54469729079987,1.54231622219604,1.5053451988068,1.45688655313049,1.4292417726531,1.41420605832923,1.36241121147961,1.31274229726619,1.29088777053459,1.2617545947623,1.19889274155656,1.2039379837987,1.207907348825,1.23218467602317,1.16487713159385,1.10910160229985,1.1353282688775,1.10352770009788,1.08060147135069,1.06078047841183,1.02813826274559,1.02074467860756,1.04282407634995,1.06224714237289,1.07611795310367,1.10281778977973,1.17319736840672,1.21838673082969,1.20064594971983,1.13065328511335
"Poland","POL","Median","female 5q15","female",,,,,,,,,,,,,,,,,,,,,,,,,,,,,,,,,,,,,,,2.27819371470883,2.22521856408636,2.21598121527375,2.12007901192555,2.10005392132111,2.10165970975235,2.0194226434207,2.00328268072163,2.01868999662655,2.06474186504652,2.0781616991507,1.93815962271605,1.8818153879616,1.95078542237173,1.88116625728886,1.81517149471926,1.69866855737565,1.61731182378712,1.58934402708757,1.63326119593004,1.68452010623689,1.77542389863488,1.83736200701059,1.76228379305984,1.75006272073938,1.67941661734781,1.62346725024625,1.6226878503551,1.58102882597031,1.53372113365055,1.50211972704248,1.48810948260446,1.43540624504454,1.38169317618378,1.36139896408812,1.33209727244877,1.26629085695951,1.27297685422364,1.27715210247518,1.3037083276072,1.23539366147931,1.17961736913112,1.20517993142026,1.17217220699852,1.15094323754356,1.13149045440279,1.09444789607762,1.08947723480504,1.11438852259318,1.13549508885589,1.14775252270889,1.17947151671633,1.24697338562848,1.29629379544017,1.28197272234533,1.21806654570666
"Poland","POL","Upper","female 5q15","female",,,,,,,,,,,,,,,,,,,,,,,,,,,,,,,,,,,,,,,,,,,,,,,,,,,,,,,,,,,,1.86638053968189,1.93093813628432,1.85236602852119,1.83910574553259,1.76215695432944,1.70829965368973,1.70575464407173,1.66148731093974,1.61273137843114,1.57710717829257,1.56162713966319,1.50563968151061,1.45054672757505,1.43010139015039,1.4024026739619,1.33755626717793,1.34519587566858,1.35072191295057,1.37978636621136,1.3076665115367,1.25339878337213,1.2793505402803,1.24615732305142,1.22286707260285,1.20176594559633,1.16474672556012,1.15956308092278,1.18468464619281,1.21054459404407,1.22367834469402,1.25659217491553,1.32491163307209,1.37857281481958,1.36715620010328,1.31374405632085
"Portugal","PRT","Lower","female 5q15","female",,,,,,,,,,,,,,,,,,,,,,,,,,,,,,,,,,,,,,,,,,,,,,,,,,,,,,,,,,,,1.96375477439133,1.90996430285338,1.83213475898236,1.86063325893519,1.82230353430981,1.78994945023492,1.78323663392935,1.75627945224227,1.67716984761215,1.60582363896097,1.50907606190566,1.40465237734591,1.33505845461356,1.29216074526966,1.24062425756688,1.15177057966441,1.08546493095662,1.02533185889783,0.975349065625841,0.924203857023337,0.86962687150223,0.812724415907511,0.744350929949544,0.703029851917193,0.665419112714537,0.644478574801078,0.642012683663972,0.634187474464374,0.647701457800522,0.665735142243882,0.68316759149755,0.70386007220677,0.724837125812859,0.726623516779792,0.732667568517992
"Portugal","PRT","Median","female 5q15","female",,,,,,,,,,,,,,,,,,,,,,,,,,,,,,,,,,,,,,,2.85606769131548,2.68347366339406,2.6054746509675,2.58716368487105,2.59958853620417,2.64437321745027,2.6516235654967,2.72846799193157,2.74794422868228,2.78199320618354,2.85054739732624,2.83673587036829,2.71927225158052,2.7068508119886,2.78491529001726,2.68283080076454,2.56939143324362,2.42076879716647,2.28872240532644,2.1576866457212,2.1369821686473,2.11298730616099,2.05905154252001,1.97759738472804,2.00666441623653,1.96516527234161,1.93015971721643,1.92395119684041,1.89814219871709,1.81892333189744,1.74135306415785,1.64151193362995,1.52987172439493,1.45645974346947,1.40959821024875,1.35594280124907,1.25980532838587,1.19380269343173,1.12840109886254,1.07441629575063,1.01732764249406,0.961766722496582,0.89775583503438,0.826753637839732,0.780950930894436,0.739880567045849,0.716701346229113,0.71444695655514,0.708549845981311,0.725001773755529,0.744554431668166,0.762979601969974,0.785447626381332,0.814406652487788,0.828073556429663,0.853858563371502
"Portugal","PRT","Upper","female 5q15","female",,,,,,,,,,,,,,,,,,,,,,,,,,,,,,,,,,,,,,,,,,,,,,,,,,,,,,,,,,,,2.26640764623972,2.20973116403642,2.12961531772738,2.15948341083385,2.11717948461875,2.07725325755147,2.07499663285288,2.04716184356312,1.96537888449753,1.88090997093352,1.77481437770686,1.65899689079438,1.58208308741479,1.53310922519767,1.47781558537643,1.37372619213882,1.3046329167144,1.23734668991527,1.17666626548064,1.11679477955681,1.0570326879559,0.990229973236283,0.914304497218091,0.866014247754459,0.820198007943641,0.794720557596745,0.792953356626104,0.788993533399367,0.806745314730401,0.828139443148615,0.848821383987729,0.875683676712763,0.91182422445422,0.937932825021603,0.987588068240844
"Qatar","QAT","Lower","female 5q15","female",,,,,,,,,,,,,,,,,,,,,,,,,,,,,,,,,,,,,,,,,,,,,,,,,,,,,,,,,,,,1.51689938842486,1.51348819732826,1.507567963747,1.50251411949599,1.49058883117047,1.48499476803609,1.47768535882441,1.46629695161107,1.40993044311273,1.38263306851094,1.40330064762445,1.44935983589434,1.52532379422242,1.60081466650891,1.6720529272973,1.70082377860677,1.63683034957995,1.53677872362905,1.42553738462767,1.33864239542513,1.29539037734564,1.18043691678889,1.07572409609742,1.03378575091756,0.964469138554902,0.903840594546245,0.882470850911606,0.872981912500837,0.881596696382176,0.872701939970653,0.873876507330021,0.848820150162302,0.811381095729853,0.772435460439165,0.717752090287031
"Qatar","QAT","Median","female 5q15","female",,,,,,,,,,,,,,,,,,,,,,,,,,,,,,,,,,,,,,,,,,,,,,,,,,,,,,,,,,2.03323557183423,1.9905305533837,1.95150893941845,1.9278332885345,1.90638199607121,1.88905424255509,1.87772170546319,1.87875921607025,1.88876048545374,1.88830244990058,1.83859165782568,1.81974738303054,1.83282395226254,1.87140687875001,1.93291970154561,2.00750060507758,2.07123886739499,2.09576177345159,2.01598038975664,1.89528922267489,1.77627832909792,1.66999491135866,1.61190736433512,1.47441361677085,1.3568709050732,1.29819958408056,1.21406966369868,1.14630973799618,1.11806497962199,1.10220335415066,1.10480198217279,1.09683895475163,1.09624798688191,1.0733418946708,1.03776865222948,1.00627715635742,0.971099661906468
"Qatar","QAT","Upper","female 5q15","female",,,,,,,,,,,,,,,,,,,,,,,,,,,,,,,,,,,,,,,,,,,,,,,,,,,,,,,,,,,,2.53735744205357,2.45919878699766,2.41187903553724,2.37435155228594,2.3484316550808,2.33162984876376,2.31869879275366,2.32103787953633,2.27858554666929,2.26286213042048,2.27159664605975,2.31578395520469,2.3939397142334,2.46406940491028,2.5360588882676,2.56229350206394,2.47622083208016,2.33806226037022,2.18947085043601,2.07498377867184,1.99271777059779,1.83955426144997,1.69679224849786,1.62162761654188,1.52266732582243,1.43459391440677,1.39600709809916,1.37250497682863,1.37268478222962,1.36248518753803,1.35318084011488,1.34531662410513,1.30416432420685,1.28617793443826,1.2588402261128
"Romania","ROU","Lower","female 5q15","female",,,,,,,,,,,,,,,,,,,,,,,,,,,,,,,,,,,,,,,,,,,,,,,,,,,,,,,,,,,,2.22762745634352,2.11444520585017,2.0071469668264,1.97219925271069,1.98694241829816,2.06212617215692,2.08375445952743,2.16042820591116,2.15501434061003,1.94721679101511,1.78913789022151,1.68589160990778,1.70619090483158,1.79541457707479,1.95575246671197,2.08774988731351,2.14136592256622,2.16927592909835,2.10355253633068,1.91452572250086,1.70071196669544,1.47526381902884,1.36096775144239,1.32516998591243,1.26578408755232,1.23967594210608,1.2350974326638,1.19721196535004,1.21114252107514,1.20288544753375,1.15514967096698,1.11375807084821,1.08864341347597,1.04092447477705,0.942718484977617
"Romania","ROU","Median","female 5q15","female",,,,,,,,,,,,,,,,,,,,,,,,,,,,,,,,,,,,,,,,,,,,,,,,,,,,,,,,,,3.03114889927275,2.69049431781106,2.35022707210443,2.23475492842118,2.12305886176431,2.08575298357158,2.09532795463822,2.18016122467824,2.1997900347433,2.2857907441039,2.27934510275417,2.05876380868788,1.89561473756591,1.79485592117597,1.81492653401275,1.90683017980213,2.06536983312122,2.21134050749521,2.27398136699146,2.30911510767204,2.2450721519524,2.0408359811248,1.82760068207111,1.59053718972067,1.47028160461291,1.42760948206446,1.36512522432197,1.34093065787447,1.33563247392668,1.29717460480438,1.31322961894089,1.30178876547799,1.25514565504205,1.20980789962375,1.18416122075163,1.13595205916995,1.05628583478948
"Romania","ROU","Upper","female 5q15","female",,,,,,,,,,,,,,,,,,,,,,,,,,,,,,,,,,,,,,,,,,,,,,,,,,,,,,,,,,,,2.47813834799609,2.35969082154056,2.24152578970334,2.20353662875477,2.21292384996176,2.29950399882163,2.3195957375989,2.41541817577889,2.41060983997788,2.17829821159531,2.01024781441868,1.90766562164486,1.93099623138747,2.02300909447566,2.17897499302301,2.34061075029393,2.40922187136267,2.45606468291125,2.38572210577481,2.17421639222519,1.9609664146268,1.71434391324241,1.58448164315018,1.5359591643007,1.47060268255428,1.44882356680996,1.44361019205497,1.40556348851596,1.42012953916869,1.40491309064624,1.3633676013453,1.30977481608804,1.28432392307045,1.23792581211737,1.17967829258841
"Russian Federation","RUS","Lower","female 5q15","female",,,,,,,,,,,,,,,,,,,,,,,,,,,,,,,,,,,,,,,,,,,,,,,,,,,,,,,,,,,,3.05088981952907,3.25427651024171,3.52607710707189,3.8026653049418,4.1732302477243,3.93431518080866,3.80381934706494,3.79762670333988,3.99716721646958,4.0092427571841,3.83442566539426,3.74640565695356,3.53240960775539,3.40602047381902,3.30998172513247,3.31550665738504,3.14670479281407,3.16664394473805,2.91401102397375,2.82807148581679,2.64470141447796,2.53183046129173,2.41125314816915,2.21205296704915,2.17808552683627,2.07875932068127,1.98031429766089,1.79869500235841,1.71693078216548,1.67867286642194,1.71661016850331,1.87541824073363,1.85298915166626,1.79011890014883,1.67558307311619
"Russian Federation","RUS","Median","female 5q15","female",,,,,,,,,,,,,,,,,,,,,,,,,,,,,,,,,,,,,,,3.55176285301294,3.30784750198189,3.13439093164477,3.02229778944238,2.96962631276605,2.94722860164509,2.97342227911396,3.00943966404326,3.04362141475051,3.05744148412315,3.02653766344621,2.95995339502753,2.94280877403935,2.96174642492126,2.8505930427775,2.85795066450822,2.73533169478261,2.67458413129923,2.63421784458588,2.90712950093969,3.07857629074101,3.14400586202452,3.34946598372333,3.62907936674634,3.91337712842978,4.29422457165688,4.0485085620798,3.91096121081261,3.90789111389947,4.10775244486713,4.12428475758043,3.94411802564391,3.85379662820353,3.63614993134599,3.50515969361144,3.40846343197491,3.41158500011437,3.2439263975222,3.26208894140059,3.00505015507804,2.92013630694764,2.7331630835495,2.62119957328404,2.49755525417284,2.29482651255914,2.25833961993235,2.157894612411,2.05521597255301,1.86832534962632,1.78237009360131,1.74701658708065,1.78566205316891,1.94952277999364,2.02297131204179,2.01712142538993,1.95435240315789
"Russian Federation","RUS","Upper","female 5q15","female",,,,,,,,,,,,,,,,,,,,,,,,,,,,,,,,,,,,,,,,,,,,,,,,,,,,,,,,,,,,3.23929424698538,3.44942556980691,3.73595392861633,4.02939732687881,4.41259767838866,4.16453592328848,4.01722044533271,4.02109008696979,4.22253115185294,4.2392644691392,4.0522342824932,3.96167806793155,3.74344589726127,3.60862903846779,3.50590328305217,3.50893949385372,3.34246365452344,3.36281149821328,3.10218557452425,3.01622611070049,2.8228192785657,2.70916106164483,2.58492501072511,2.37529250907151,2.34129511139653,2.2394601398142,2.13281500867909,1.93683809383674,1.85284042643509,1.81657542333899,1.85625143793922,2.02747344694709,2.2010873076024,2.25476159561163,2.25201802406446
"Rwanda","RWA","Lower","female 5q15","female",,,,,,,,,,,,,,,,,,,,,,,,,,,,,,,,,,,,,,,,,,,,,,,,,,,,,,,,,,,,20.8791862768827,22.0118125622226,23.3189138657891,24.5843847508546,294.410577760939,27.3508198962611,27.4170402485043,26.9245047137764,24.2166335411618,21.259136216259,18.2734504304325,15.4586608186026,12.8145455714095,10.6217076081104,9.05612157221725,7.79576346992001,6.5030558884945,5.59869330520975,4.93959233973046,4.51737968762903,4.25770602980401,4.10986883867132,3.95700788906595,3.78253696594729,3.55948957198908,3.31438212980728,3.05371918635266,2.82934216581476,2.62303610341804,2.42116739562453,2.23721933698385,2.09407549366471,1.9622756170619,1.83023386489016,1.71793861952567
"Rwanda","RWA","Median","female 5q15","female",,,,,,,,,,,,,,,,,,,,,,,,,,,,,,,,,,,,,,,,,,,,,,,,,,,,,,,,,,26.6926320130757,27.1936197527271,27.7997599042905,28.6592594117439,29.7665561932158,30.7131778936216,364.737443993474,33.5674519102778,33.3436529222818,32.4773463234087,29.1066577573589,25.1990875200497,21.6571166529379,18.2981469669455,15.143014920448,12.5533171636251,10.7702098875312,9.29398186373455,7.81876379667568,6.75006721922518,5.99563826783327,5.51616326808656,5.2323115187356,5.06535880545022,4.92627552787473,4.75968615706194,4.56003701734198,4.29534430024743,4.00591489767448,3.77243229399051,3.55790630125488,3.36614876862068,3.18025564381153,3.04148252658282,2.92710019393191,2.81476526134978,2.72021470052739
"Rwanda","RWA","Upper","female 5q15","female",,,,,,,,,,,,,,,,,,,,,,,,,,,,,,,,,,,,,,,,,,,,,,,,,,,,,,,,,,,,36.2991040073084,36.8459103391857,37.7470317711461,38.2461654987993,449.456139262869,41.2375912139111,40.3969293655551,39.1486314712176,35.0011745140103,29.8944268911376,25.5658915532767,21.5261995742348,17.7659825585772,14.7646070240204,12.7074290520438,10.9983734400787,9.31419335620201,8.08882946597236,7.23855261535431,6.69409155345066,6.38306178209012,6.22042928590159,6.09321623802481,5.95869791145091,5.73683152236716,5.48655926489771,5.17423922443462,4.91779457948141,4.70042044528137,4.51006450513466,4.34000745987779,4.24409928756162,4.14627977815612,4.05270271013277,3.98595645444893
"Saint Kitts & Nevis","KNA","Lower","female 5q15","female",,,,,,,,,,,,,,,,,,,,,,,,,,,,,,,,,,,,,,,,,,,,,,,,,,,,,,,,,,,,1.14517000822012,1.30204127302004,1.48969892694035,1.67086574162347,1.89320729969887,2.09773817546578,2.27254946369908,2.4010019259298,2.50013529513915,2.54702729485934,2.56922009515995,2.56760972761892,2.56363135753432,2.54763440367351,2.55678787416846,2.57283463973306,2.62080856437105,2.67751233556805,2.75074915691117,2.80604307326495,2.86416195254278,2.91976977888072,2.92224604816191,2.89873536231849,2.8072284269735,2.71332054300469,2.59566866962267,2.48585919605019,2.34500475623227,2.19351311766829,2.06137218787209,1.926208135688,1.80885813517455,1.69402810143515,1.59895191916065
"Saint Kitts & Nevis","KNA","Median","female 5q15","female",,,,,,,,,,,,,,,,,,,,,,,,,,,,,,,,,,,,,,,,,,,,,,,,,,,,,,,,,,,,1.97823142178061,2.13215682430659,2.30350496055551,2.48774032593571,2.70708185665269,2.93458123078257,3.11284358930089,3.25801706865672,3.36979480232054,3.42067853953717,3.44418089096433,3.44096351849316,3.44083708634418,3.43055654059128,3.45362759002289,3.4825069454893,3.54176167268125,3.63300879330662,3.74515977021789,3.86050309780157,3.94545138404677,4.07101276135007,4.13692146288571,4.17309945726954,4.1744905191973,4.14864107501735,4.10459266151398,4.03088552772413,3.92688436454669,3.78208114727528,3.65583268285408,3.54892419183412,3.4290193033865,3.29325718609379,3.19437380745668
"Saint Kitts & Nevis","KNA","Upper","female 5q15","female",,,,,,,,,,,,,,,,,,,,,,,,,,,,,,,,,,,,,,,,,,,,,,,,,,,,,,,,,,,,3.02760699682743,3.18265180361253,3.38094794310749,3.58062875236213,3.81859098745197,4.06535148450687,4.24056378572885,4.37925619033645,4.50713297280922,4.54997348219122,4.55874528620656,4.54876737201093,4.52484405819484,4.52716197087969,4.55888863387207,4.61496284486414,4.71754432093212,4.84892127345985,5.01115618553046,5.19164153999098,5.35450440198989,5.5781032010232,5.72247452355966,5.87426783270957,6.02515237741185,6.12336098362518,6.17475219064454,6.16896146154656,6.10100780474134,6.04713272696309,5.96024996089095,5.84765782042392,5.7756029803254,5.66561985410121,5.58674827793192
"Saint Lucia","LCA","Lower","female 5q15","female",,,,,,,,,,,,,,,,,,,,,,,,,,,,,,,,,,,,,,,,,,,,,,,,,,,,,,,,,,,,1.95275123042019,1.91807479467365,1.88757379823171,1.84853762212426,1.82201281127875,1.79040278309688,1.75439162034098,1.71710132989366,1.69421039956655,1.67200086428013,1.65139380132864,1.63483794723716,1.61431518583427,1.57878813118732,1.54670325265112,1.51450438289062,1.47487357183941,1.44591654799157,1.4120192011663,1.39235227359091,1.36212163920307,1.35054338071014,1.33947072325272,1.33615716959495,1.34506496397571,1.36192791438629,1.4011217450629,1.44340653053347,1.5076442791076,1.57116031291664,1.64227002871509,1.74476802702617,1.84483676206845,1.94339339429262,2.0128361255844
"Saint Lucia","LCA","Median","female 5q15","female",,,,,,,,,,,,,,,,,,,,,,,,,,,,,,,,,,,,,,,,,,,,,,,,,,,,,,,,,,2.74753420104377,2.65407257291859,2.57044142975834,2.48507924661118,2.41028465648734,2.35018468741162,2.30121911660696,2.25494672983291,2.21555342003033,2.18106396123833,2.14952079457668,2.13529397756134,2.12050333607599,2.10174561124826,2.07329856884251,2.04119741810175,2.00769783046392,1.97054285017073,1.93504163109836,1.89924011466455,1.86600663727927,1.84251621089678,1.81405828736426,1.79957803836022,1.79180126291528,1.79108363875119,1.81024410316297,1.84875167033978,1.91004024885492,1.98210299601933,2.08090449840776,2.19671702379598,2.35634442266495,2.53882777784212,2.75254323910469,2.96277848470155,3.17153792653789
"Saint Lucia","LCA","Upper","female 5q15","female",,,,,,,,,,,,,,,,,,,,,,,,,,,,,,,,,,,,,,,,,,,,,,,,,,,,,,,,,,,,3.32255587617385,3.18102641901112,3.05394040099948,2.94427204627146,2.88114259603372,2.81991840696734,2.76922000113725,2.73240177192989,2.70914780732131,2.68869712047839,2.67016586564986,2.66382972673293,2.62563464522059,2.59351877458584,2.56295507317892,2.52225348587071,2.48861086165159,2.45799259712602,2.42249158619306,2.4066880666891,2.37070283330869,2.36050668758286,2.35368645100412,2.35755564826601,2.39207917956092,2.45405311361709,2.55178929424968,2.67374743127476,2.82732451231412,3.0412413238072,3.29741337983356,3.60179534091167,3.97965645467895,4.40700452227302,4.80382140598266
"Samoa","WSM","Lower","female 5q15","female",,,,,,,,,,,,,,,,,,,,,,,,,,,,,,,,,,,,,,,,,,,,,,,,,,,,,,,,,,,,1.61954840459822,1.68474119051025,1.78323682144178,1.88270740892585,1.97463602634918,2.03101679424633,2.12284794579226,2.2031341265924,2.23872468563889,2.25477477913422,2.27117322917404,2.27835782372294,2.28556840319605,2.28588298209609,2.26009078688832,2.21802761789559,2.17008009878812,2.06678227110856,1.9840791725329,3.93714587055807,1.8214823836956,1.74756233902319,1.68543041939154,1.63603137284896,1.59106376710088,1.54775565550088,1.49153800784849,1.42053588477232,1.35220059354894,1.2682187180427,1.20558167326657,1.13965033613768,1.08557137723876,1.03208022964414,0.984586157569437
"Samoa","WSM","Median","female 5q15","female",,,,,,,,,,,,,,,,,,,,,,,,,,,,,,,,,,,,,,,,,,,,,,,,,,,,,,,,,,,,6.28475782226883,5.80250421962574,5.47528123699087,5.16135119317309,4.92881750640384,4.66985334119136,4.47935221848555,4.28929965480539,4.10318906691013,3.93980294204062,3.78560816724565,3.65680863066539,3.57361166584496,3.50630114359248,3.4016319162116,3.31629738543029,3.20869417603013,3.05731229811551,2.92646647943223,5.80713270187224,2.71177777042358,2.64485972926917,2.60362655257168,2.5860233225568,2.5793992636532,2.58534403088988,2.58455121696582,2.56659514171958,2.52030232857768,2.46011814174657,2.4006856590629,2.35035619331251,2.28498375250233,2.21865623713628,2.17088083915142
"Samoa","WSM","Upper","female 5q15","female",,,,,,,,,,,,,,,,,,,,,,,,,,,,,,,,,,,,,,,,,,,,,,,,,,,,,,,,,,,,13.1403295206541,11.7136193219275,10.6096874190203,9.65141916678025,8.9849723539132,8.14308177526025,7.58072876881934,7.07198172548709,6.55760577776115,6.09856769093834,5.73652432582465,5.42455418137023,5.20998014056112,5.03471970387888,4.83289720454088,4.70717477047777,4.54643264250833,4.35868878962254,4.19538831787546,8.43587203895628,3.97186127842399,3.92621088103748,3.90079677556263,3.91524383049047,3.94545184712321,4.01654258939104,4.05974158928859,4.08640236572181,4.03458281088561,3.987268207101,3.94765777673211,3.89963279260709,3.8528861535614,3.81973298113764,3.77375773922092
"San Marino","SMR","Lower","female 5q15","female",,,,,,,,,,,,,,,,,,,,,,,,,,,,,,,,,,,,,,,,,,,,,,,,,,,,,,,,,,,,1.55323113588795,1.45531584458702,1.36608960267708,1.2845007014411,1.2033309259325,1.13524970786128,1.06663207036749,1.00899871358254,0.946908168782568,0.888870115242208,0.845291788596543,0.800947571188531,0.76006514111973,0.718967925135245,0.680575116155068,0.64327506515652,0.609997756236453,0.580390866372817,0.553710301569619,0.529557068423072,0.505791453773634,0.483342199137095,0.456807624228812,0.435005106321045,0.41618359102348,0.400919278430685,0.385739146471361,0.367918232779451,0.351627791705295,0.337115263327377,0.320170293648183,0.304581924045842,0.297347031415629,0.29253823997108,0.282762400731199
"San Marino","SMR","Median","female 5q15","female",,,,,,,,,,,,,,,,,,,,,,,,,,,,,,,,,,,,,,,,,,,,,,,,,,,,,,,,,,,,2.13933406871756,2.01515059770646,1.88557907055009,1.7730901017196,1.66708467081484,1.57888155864364,1.48832641650862,1.40172137309074,1.32138278955974,1.24232414219897,1.18221422130737,1.12781573258894,1.07634367971893,1.02293142156677,0.970784327634672,0.924081523108303,0.878926479539868,0.841147302190628,0.806398157676712,0.775560553575327,0.746588906975633,0.718214525393427,0.683814509919478,0.656220462030296,0.634223217777611,0.610867157851541,0.59015553085594,0.568783749229337,0.548575473064887,0.529355950734298,0.509055740961972,0.489295183597141,0.479777089807991,0.472229716267316,0.460839566836081
"San Marino","SMR","Upper","female 5q15","female",,,,,,,,,,,,,,,,,,,,,,,,,,,,,,,,,,,,,,,,,,,,,,,,,,,,,,,,,,,,2.89884829304509,2.74108251154064,2.56785233246639,2.42600061956034,2.28002927421828,2.14433084977097,2.03455032223408,1.90704446598375,1.81287204000923,1.70056158273599,1.63213649495986,1.5609621973795,1.49063908758502,1.42382595061028,1.35910401656359,1.29817193391339,1.24463868099869,1.19113079552806,1.14775864453181,1.1084661670377,1.07116193035807,1.02986803587027,0.988601171310978,0.955002702426243,0.925616905604871,0.898919847003265,0.867621761692239,0.8383044217593,0.809952390242764,0.790812571013258,0.771747633867921,0.74844511536985,0.733333652161892,0.7244660861944,0.709607931576955
"Sao Tome & Principe","STP","Lower","female 5q15","female",,,,,,,,,,,,,,,,,,,,,,,,,,,,,,,,,,,,,,,,,,,,,,,,,,,,,,,,,,,,2.19672077152123,2.33623682312809,2.44008466820867,2.5552071901587,2.63403643593819,2.73645401970239,2.80523921212527,2.90778717064049,2.95713775603863,3.00421161810877,3.04082280686946,3.04029296007674,3.05618789397215,3.05577545621639,3.05536133201614,3.03670761217491,3.0108206198245,2.96670701908981,2.93647155176229,2.89117405840109,2.83934789155746,2.74441683811377,2.68095186210114,2.57924238034033,2.4042064152071,2.27314881640513,2.1022551041606,1.97534880537251,1.83191882650671,1.70907254878784,1.56925554606578,1.47022687768248,1.38893757642862,1.29739408233474,1.23372347517253
"Sao Tome & Principe","STP","Median","female 5q15","female",,,,,,,,,,,,,,,,,,,,,,,,,,,,,,,,,,,,,,,,,,,,,,,,,,,,,,,,,,,,9.12531682216178,8.53608904925336,7.95090342074228,7.42089963349905,6.92724170478703,6.49212050719493,6.17995707519284,5.88909109796511,5.58034507989594,5.38654040413439,5.15741020256354,4.96246918916641,4.81790213442409,4.66319911995769,4.58816945457123,4.50875927037623,4.47970086601964,4.43305853881698,4.42523500027893,4.44596099370107,4.50685280896138,4.55768265900809,4.6703341655129,4.69111112275292,4.55340031490717,4.43212918208861,4.23266675693766,4.12429537407323,3.92211583910156,3.78093808141634,3.59988243488519,3.44673580226106,3.34217220345241,3.22045367630163,3.13775957271764
"Sao Tome & Principe","STP","Upper","female 5q15","female",,,,,,,,,,,,,,,,,,,,,,,,,,,,,,,,,,,,,,,,,,,,,,,,,,,,,,,,,,,,17.7273299851037,16.332805552398,15.0955432605985,13.7493534865717,12.6523322791159,11.7254475839756,11.0557491236801,10.3239873013537,9.60397708939652,9.01096851487332,8.47502519518439,7.97975095107196,7.54592869745771,7.15321694610738,6.91440911263131,6.69539294487679,6.56836316010772,6.48284245973976,6.46673533016721,6.58419546113852,6.81828674009929,7.09563935475069,7.44471886009167,7.63358643423125,7.66849565300892,7.59663811039576,7.39870088709486,7.30016616306674,7.06306390735054,6.99031740210865,6.763885073095,6.6233215096134,6.57688370665021,6.42094502253259,6.35033276942584
"Saudi Arabia","SAU","Lower","female 5q15","female",,,,,,,,,,,,,,,,,,,,,,,,,,,,,,,,,,,,,,,,,,,,,,,,,,,,,,,,,,,,1.79125877295309,1.95370397833789,2.09805092751294,2.24819208798132,2.36095861950545,2.45505237275001,2.54454893543886,2.60573384484665,2.60383644456304,2.58514665972665,2.56933218630698,2.47010958274651,2.40276326903023,2.32278943581562,2.23816032036417,2.20158892360886,2.13354792361697,2.07068108217645,2.01402496252871,1.94511920224624,1.88900181994294,1.83203889188221,1.77142891866649,1.70342617764599,1.63222887478405,1.57089053949029,1.49729589660501,1.4174582765217,1.34254995033605,1.26025951767863,1.19872990231657,1.14692597204336,1.09085098762056,1.02945414932633,0.972229344301816
"Saudi Arabia","SAU","Median","female 5q15","female",,,,,,,,,,,,,,,,,,,,,,,,,,,,,,,,,,,,,,,,,,,,,,,,,,,,,,,,,,,,5.26261208246847,5.07980937525606,4.91724054977859,4.70859932412251,4.57548388524151,4.40407027665629,4.24293901024105,4.10791588013638,3.94884931699101,3.80527612097317,3.67058212745893,3.46307999718518,3.32028309206574,3.18303752528356,3.0621621023877,2.99724982521397,2.91029150123042,2.84408916436542,2.77482757407961,2.70848974683323,2.66740206874877,2.6185947845866,2.58093983106128,2.54256354220662,2.50029970853909,2.44651402463467,2.39971607353028,2.34611928135227,2.31578967113391,2.26522846357495,2.21654475090076,2.16917065627178,2.12180034488637,2.07087261661837,2.01407590764607
"Saudi Arabia","SAU","Upper","female 5q15","female",,,,,,,,,,,,,,,,,,,,,,,,,,,,,,,,,,,,,,,,,,,,,,,,,,,,,,,,,,,,8.58809763960666,8.18133686978527,7.78799147942352,7.34330644885349,7.01996519593292,6.63556664154071,6.31412385844785,6.01845059210415,5.7140073688829,5.4005967661851,5.1328051065143,4.84024859848752,4.5734643949534,4.32787507141183,4.15429415730121,4.06601483471364,3.97340729568413,3.90727918466363,3.82381585475836,3.78422590036309,3.7464840840896,3.71225757613159,3.72801936604117,3.73863747027427,3.74716580177857,3.73324282364227,3.73726978516339,3.68820406053869,3.69330514548933,3.69393359241707,3.65109889966903,3.64605680275889,3.6133441506186,3.58575488469376,3.55150074746759
"Senegal","SEN","Lower","female 5q15","female",,,,,,,,,,,,,,,,,,,,,,,,,,,,,,,,,,,,,,,,,,,,,,,,,,,,,,,,,,,,9.07659327828369,9.06011628628891,9.01705807087895,8.99800796109309,9.02028204179959,9.04407916388859,9.08428665664975,9.11173416217893,9.07144406739109,8.93418539757504,8.87582139244737,8.8570926017026,8.65241986122376,8.45020152635073,8.11269320239749,7.83375694642624,7.38420953577939,6.98253320583445,6.54388503672657,6.03370305744993,5.56901503384389,5.0896826018413,4.64904163103601,4.2900344067535,3.90567428752152,3.53052606555774,3.2173153435979,2.92823680672334,2.6902723197651,2.46698736966981,2.27518127694498,2.07777145527373,1.90285813636112,1.7466694653007,1.63159600991497
"Senegal","SEN","Median","female 5q15","female",,,,,,,,,,,,,,,,,,,,,,,,,,,,,,,,,,,,,,,,,,,,,,,,,,12.2000597828284,12.0963673133256,11.9706966680805,11.8681391551894,11.8150593866989,11.7509169389161,11.7032904063408,11.7275978737393,11.7451664095144,11.7525942579306,11.7429838746047,11.6304821213555,11.5206219178491,11.3774812359645,11.3158648130579,11.2851397336575,11.2598532740431,11.2322100722595,11.1164121641397,10.9115416228716,10.7552733803431,10.6989408828372,10.4468127220645,10.1787350713104,9.77734987659297,9.4539734162969,8.97082059693142,8.50475922145166,8.00197102452358,7.45974536711653,6.93744462426287,6.36345607677356,5.87924425139026,5.46239881821162,5.04873139957877,4.65607245294063,4.28707571220261,3.98997214430078,3.73538343324036,3.53221199929583,3.33689045694258,3.15866098874671,2.99086452528263,2.85740022879771,2.74337180283965
"Senegal","SEN","Upper","female 5q15","female",,,,,,,,,,,,,,,,,,,,,,,,,,,,,,,,,,,,,,,,,,,,,,,,,,,,,,,,,,,,14.9640492608134,14.7437485447206,14.4767542835418,14.2021931689515,14.0048117045369,13.9111933883108,13.8108513646847,13.6912425983758,13.5043586099803,13.1677641640373,12.921862489489,12.8281579570885,12.4750510363794,12.1359901511548,11.7078312627762,11.3455497448638,10.7985188855973,10.2641696245974,9.67820790942062,9.11499128175458,8.5096566701082,7.89711821861092,7.35646588880061,6.91885683404306,6.48925489588301,6.06780097184625,5.69577360034746,5.36949792619061,5.13469295077188,4.929786780935,4.73098607806217,4.56410570937634,4.39098412691646,4.27266027340062,4.14801424991303
"Serbia","SRB","Lower","female 5q15","female",,,,,,,,,,,,,,,,,,,,,,,,,,,,,,,,,,,,,,,,,,,,,,,,,,,,,,,,,,,,1.66682412587425,1.73530928974135,1.73512065490323,1.66721910569338,1.53681252998773,1.41551120482146,1.44697294574319,1.59514209658554,1.70039499469827,1.70247355820345,1.57448862244435,1.4422149107701,1.28609360246471,1.16253880116891,1.13443618709062,1.1534919078281,1.16368181991546,1.13475068149755,1.10620983804441,1.06596720706488,1.0087637916474,0.967925840246776,0.93637526968943,0.905293100183903,0.875571062656955,0.853299838232703,0.84108522956974,0.839803694759837,0.85383592968072,0.896924259100488,0.931427807093725,0.945648613977523,0.939164133307618,0.944294316344266,0.961507785259422
"Serbia","SRB","Median","female 5q15","female",,,,,,,,,,,,,,,,,,,,,,,,,,,,,,,,,,,,,,,,,,,,,,,,,,,,,,,,,,1.36224167369041,1.62928666738581,1.81122976731054,1.88091366118157,1.87667291714756,1.79953462385148,1.65461378992032,1.52224826689682,1.55941117179083,1.72186753723383,1.83924706237464,1.84353137101226,1.71691155992053,1.57037247112003,1.40747610284202,1.27661661498108,1.25027510478429,1.27439835127819,1.28674590961743,1.25729522635551,1.22157289304187,1.17617949922282,1.11491571507883,1.07267796158501,1.03815656269658,1.00909288402606,0.975866340635389,0.949858606985412,0.9369853049815,0.937821124865421,0.955507931095546,0.999081666971281,1.04180239033364,1.06340509545955,1.06204180213975,1.07717217840943,1.11557794104085
"Serbia","SRB","Upper","female 5q15","female",,,,,,,,,,,,,,,,,,,,,,,,,,,,,,,,,,,,,,,,,,,,,,,,,,,,,,,,,,,,1.96409376952921,2.03177713825721,2.02252758484477,1.93914662210815,1.78504286415791,1.64108661840079,1.67820838475184,1.85054494437985,1.98955743763662,1.994179824876,1.86568629159646,1.70772852096657,1.53425928920576,1.39462718650401,1.36925788203889,1.39982451310573,1.41552171056016,1.37994096246083,1.34060386873217,1.29428748687647,1.2272293686186,1.18029865011423,1.14755127278222,1.11825122174274,1.0842043649197,1.05900542465987,1.044026956207,1.04545319981044,1.06373030074105,1.11379151469966,1.16137930834082,1.1886560618019,1.19715701954354,1.22269743689255,1.28219586690868
"Seychelles","SYC","Lower","female 5q15","female",,,,,,,,,,,,,,,,,,,,,,,,,,,,,,,,,,,,,,,,,,,,,,,,,,,,,,,,,,,,1.18541645858515,1.24144936530457,1.30037118660781,1.34931450693489,1.4025648706129,1.45932248269221,1.50448017718842,1.54417987374936,1.56159213012111,1.57118719746187,1.56369638257444,1.54135234311199,1.50750672316078,1.4760518458155,1.42119057810456,1.3689514809068,1.31715837968587,1.27218284447712,1.24120759685141,1.23178717842568,1.22557310911567,1.21133452184711,1.218155595564,1.23315548164189,1.25485558944789,1.28215317103603,1.30538648655245,1.32413430319698,1.31324445327963,1.2878136894382,1.23516666486993,1.19247458922558,1.14991168651771,1.0891503281392,1.03110610983461
"Seychelles","SYC","Median","female 5q15","female",,,,,,,,,,,,,,,,,,,,,,,,,,,,3.1839100855017,3.07759628324063,2.97742650106522,2.88217846990762,2.79748585154863,2.70498771273253,2.61783897011258,2.54026468887723,2.46558050089478,2.40583754170118,2.35090177217079,2.27887934949535,2.21891938321139,2.16126164940422,2.10365727394823,2.05440881150118,1.99200256696089,1.9436418723538,1.90003692827636,1.86308432782367,1.82962876566737,1.80399086512345,1.77925126778601,1.74874642604663,1.72727698989312,1.71333646145744,1.6981803430255,1.68475307306987,1.67379951468048,1.67279785613912,1.6801653055585,1.69000568454887,1.7146976769489,1.74313253494908,1.78186595651757,1.8326486950947,1.87671463553785,1.92939093294486,1.98102567213469,2.0196408975799,2.03470538251993,2.04229780837696,2.0343152939177,2.01703681582954,1.98239780526162,1.92986405280262,1.86572774989143,1.80292879798767,1.73845344450506,1.6863649155138,1.65629856762313,1.64578405926942,1.64613006261926,1.64521733901392,1.67957290572137,1.72587084688236,1.79312682590938,1.87872225062012,1.96812918038685,2.05841658050971,2.10514651950351,2.12635202810255,2.10059679645215,2.07516790292733,2.04304414764323,1.996296526494,1.94055949237867
"Seychelles","SYC","Upper","female 5q15","female",,,,,,,,,,,,,,,,,,,,,,,,,,,,,,,,,,,,,,,,,,,,,,,,,,,,,,,,,,,,2.41693157101009,2.40578259938013,2.42044440762966,2.44633225589028,2.47594051167441,2.5151981492898,2.56096011631459,2.60506880826085,2.63112583207978,2.62296756495441,2.62489903518339,2.60081490136877,2.54262459200529,2.47642504887748,2.40544173990419,2.33747978276922,2.25972047472099,2.20827826913667,2.18323117401215,2.18195427740037,2.19969702107401,2.22476931550479,2.29344612643684,2.39107712122723,2.53778559096609,2.69409903756864,2.87694281216103,3.05808615418309,3.18055381731092,3.25080453424488,3.25348234500506,3.24707075306303,3.24812593249633,3.19582772221864,3.1648444826362
"Sierra Leone","SLE","Lower","female 5q15","female",,,,,,,,,,,,,,,,,,,,,,,,,,,,,,,,,,,,,,,,,,,,,,,,,,,,,,,,,,,,13.0379566572054,13.9071106688783,14.7692895074625,15.5316466028555,16.4287294295853,17.1842877308406,17.3163541217146,17.6360559288957,18.2852310790727,18.2515519230639,18.0807233862139,18.4137893300621,18.7780463563077,19.0724584254603,19.3065777660598,19.4818037957147,19.4913273422463,19.2003309327226,19.0195592635301,18.7458400481604,18.4491790082201,17.6398639269266,16.8971846540541,16.1974135208799,15.408547229749,14.735283505705,13.9596640520506,13.013415724959,11.8881486472796,10.9533457649901,10.1100630877741,9.44901382585313,8.80411887186832,8.24838780547939,7.66232721199258
"Sierra Leone","SLE","Median","female 5q15","female",,,,,,,,,,,,,,,,,,,,,,,,,,,,,,,,,,,,,,,,,,,,,,,,,,,,,,,,,,,,26.8183091867166,26.6300421491508,26.4302987929839,26.1292884037254,26.2853929219292,26.1418541854531,25.1918682558335,24.8347452179172,25.1926949842304,24.6621361544302,23.951755306799,23.9003300402226,23.8417946838945,23.8048799472294,23.8933662496721,23.8839257264118,23.7701842628019,23.3776916316405,23.1093437449716,22.8712680839581,22.5948027333769,21.8362420437417,21.1208798815175,20.5682318929417,19.9075793178344,19.436195011698,18.8992555165978,18.2639342867583,17.5327697955406,16.9496341036044,16.2359409170451,15.6265490634436,15.1491752240179,14.5541616742737,13.9666666981932
"Sierra Leone","SLE","Upper","female 5q15","female",,,,,,,,,,,,,,,,,,,,,,,,,,,,,,,,,,,,,,,,,,,,,,,,,,,,,,,,,,,,44.030871202275,42.8145016548642,41.3005065431312,39.8201055491628,38.9786254715529,37.6384830316524,35.2744875942953,33.7692383488121,33.6477917609761,32.365874412683,30.9384143612617,30.2690045304011,29.7792355612306,29.2266263845777,29.0351261921617,28.8095450378938,28.5632400369107,28.0697762584974,27.8198457099029,27.4879165644664,27.3014127929105,26.68405201133,25.9844663312986,25.6198989586385,25.1367241313172,25.031396424567,24.936344774405,24.7117712933637,24.1870297681404,23.9745544517244,23.4297201487417,22.7785160522372,22.4725912766144,22.0522458416125,21.4418516035006
"Singapore","SGP","Lower","female 5q15","female",,,,,,,,,,,,,,,,,,,,,,,,,,,,,,,,,,,,,,,,,,,,,,,,,,,,,,,,,,,,1.34021521745124,1.26346150323204,1.19447796603991,1.13991754639018,1.11413858501485,1.08524761659009,1.06528063527043,1.05580521576657,1.06614489316917,1.07409657798028,1.07762682115286,1.07379622522241,1.05472853941457,1.00024822939525,0.944296384434639,0.871863792007097,0.814212625898705,0.768474104949498,0.723357386867551,0.694470362189176,0.683658220598365,0.675594001965667,0.667757356982758,0.655957615952283,0.645540994719099,0.640684490430455,0.634252953906638,0.637908323552018,0.650797600837161,0.676610145210887,0.707606692991733,0.749924680558176,0.779191935979317,0.812717150368961,0.845948332775354
"Singapore","SGP","Median","female 5q15","female",,,,,,,,,,,,,,,,,,,,,,,,,,,,,,,,,,,,,,,,,,,,,,,,,,,,,,,,,,1.86209988677383,1.69666888102625,1.53665472673126,1.43368905691762,1.34892312024192,1.28553530020881,1.25384524625894,1.22373585498048,1.20548890816415,1.19434822801009,1.20348157781751,1.20839370537454,1.21281997076807,1.20678813338728,1.18832695219479,1.12964687726777,1.07145009531802,0.993754187159879,0.930675395872628,0.876808246503781,0.828814794227433,0.798044152293543,0.782755875879762,0.773943639339198,0.763093480156131,0.748503330354151,0.735003166360958,0.730197466406562,0.725786390174309,0.731467062738799,0.750572335085463,0.781626995323473,0.819467936947732,0.869278890070892,0.911261611203483,0.960332315619069,1.01703027339355
"Singapore","SGP","Upper","female 5q15","female",,,,,,,,,,,,,,,,,,,,,,,,,,,,,,,,,,,,,,,,,,,,,,,,,,,,,,,,,,,,1.75407569740686,1.62168744643597,1.5207969550361,1.4468693130982,1.40949115645881,1.37768935969986,1.35635249373784,1.34571239674247,1.35714821824743,1.35837098484334,1.36198729667642,1.35172181967564,1.33077187483078,1.26550338638369,1.20247400396594,1.11795182666089,1.05198222658711,0.993375800885921,0.938622196261075,0.906000410107098,0.887557770223634,0.87569289082556,0.864647934646924,0.847529106573298,0.834328966472077,0.831439032781248,0.827985964921672,0.834493845899315,0.859428233125748,0.897233344755617,0.942296229173927,1.001382909987,1.05649812268594,1.12763787949594,1.21132091205189
"Slovakia","SVK","Lower","female 5q15","female",,,,,,,,,,,,,,,,,,,,,,,,,,,,,,,,,,,,,,,,,,,,,,,,,,,,,,,,,,,,1.59259759803307,1.58449352759174,1.55374193148246,1.53694035709636,1.4818747653169,1.45203542529336,1.43478097579203,1.41876755027309,1.39766515851717,1.38264252012837,1.39387262286152,1.36847756505432,1.31299437353751,1.26856619048616,1.22193287162927,1.18650228014655,1.13708155332584,1.1064640272253,1.08367232263437,1.07458754198941,1.05933273038642,1.04779781585499,1.03460884455055,1.0424133650453,1.0405759954691,1.03089295175843,1.02006547843893,1.01236463202919,1.0086579722775,1.00164684546331,0.962847603225792,0.929911314549985,0.892148940364894,0.866763340169182,0.846229607642264
"Slovakia","SVK","Median","female 5q15","female",,,,,,,,,,,,,,,,,,,,,,,,,,,,,,,,,,,,,,,2.4045772719426,2.29066221759075,2.16441369452422,2.07647699065517,2.03035985972788,1.98857135705865,1.96281746264527,1.97235249879921,1.94636189442016,1.9417586584521,1.88336479451499,1.82058834107988,1.74919355213145,1.70401586481267,1.70549589230321,1.68967587756771,1.70246525209782,1.73751452744326,1.73592678267868,1.71595140868147,1.73647800823187,1.73273610342117,1.72485258048111,1.69329559836707,1.67180574311416,1.61347228719208,1.58201417608783,1.56714608426675,1.54955198532331,1.53006553007201,1.51260775815586,1.5227279019204,1.49632442712792,1.43633030725107,1.38561179420871,1.33933828526151,1.30182142312746,1.25356866804326,1.22112652227197,1.19670142323456,1.18945295972866,1.17367589237976,1.15756073394537,1.14787930022645,1.1581512564216,1.15888871236302,1.14922015795225,1.13982290792341,1.13200976539002,1.13062679800675,1.12244987463334,1.08652620392387,1.05520182735817,1.0242558751117,1.00675081387555,0.998210870917486
"Slovakia","SVK","Upper","female 5q15","female",,,,,,,,,,,,,,,,,,,,,,,,,,,,,,,,,,,,,,,,,,,,,,,,,,,,,,,,,,,,1.87709442278946,1.87051795680009,1.83548436439504,1.81364410969627,1.75218115935425,1.71451599620473,1.70450826929182,1.68333656341748,1.66477343842146,1.64728612973784,1.6588707218376,1.62787203378577,1.5654036543534,1.51149272625611,1.46353857055263,1.42319094406432,1.37379152981935,1.34083955256219,1.31535416075747,1.31025401911346,1.29356440383436,1.28383383356112,1.27271556466095,1.28305181039317,1.28315888273727,1.276110783347,1.26643953575037,1.25588418555859,1.25720791629355,1.25033330532946,1.21779051179758,1.19217693144649,1.16802628592603,1.15996017276791,1.16614658602637
"Slovenia","SVN","Lower","female 5q15","female",,,,,,,,,,,,,,,,,,,,,,,,,,,,,,,,,,,,,,,,,,,,,,,,,,,,,,,,,,,,1.69492292241295,1.65824871686308,1.65142252130609,1.6125626752198,1.5805378342514,1.567409756027,1.51572645412186,1.48855320617514,1.45041142386184,1.41127952086521,1.37750436950591,1.32906029440655,1.30210419288604,1.26418620412571,1.20827270819714,1.15257924771794,1.10802197828303,1.05543632801479,0.994579763410805,0.942444396015298,0.894093557885909,0.849939668319856,0.815060402357655,0.778037373816707,0.743899812505927,0.711940170276601,0.68613683582765,0.653106560642657,0.620278527306606,0.589822649339549,0.561119461201216,0.534822759849036,0.511881853655531,0.486670693846151,0.462961531294401
"Slovenia","SVN","Median","female 5q15","female",,,,,,,,,,,,,,,,,,,,,,,,,,,,,,,,,,,,,,,,,,,,,,,,,,,2.30851582679958,2.22763591097133,2.1515486096725,2.10555954122449,2.04822445879941,2.00939145962767,2.01787504546389,1.99794441938796,1.96347588568267,1.9197812036363,1.87730754436842,1.86717785701827,1.82273396929624,1.78808679036205,1.77080105230086,1.71700979912374,1.69017371818559,1.64537069269115,1.60515587902654,1.57381866637946,1.51913255466206,1.48903840952277,1.44974468182178,1.39391536764725,1.33865309724414,1.29285828527884,1.24032206650484,1.17958596889733,1.12690573545827,1.07553716113587,1.03046995142935,0.989153407646246,0.947483155027577,0.909341417020966,0.875109218688834,0.846413651081919,0.81316470425194,0.77900591601094,0.747746793857131,0.719248705691897,0.695129937117862,0.672563240324406,0.651078522265999,0.63221418053505
"Slovenia","SVN","Upper","female 5q15","female",,,,,,,,,,,,,,,,,,,,,,,,,,,,,,,,,,,,,,,,,,,,,,,,,,,,,,,,,,,,2.1614292691356,2.12123405357676,2.10270050237426,2.05732702882624,2.01850954010359,1.99666242384455,1.94457531900235,1.91462100350424,1.86816979144568,1.82486191578382,1.79304195294511,1.73381689881166,1.70194014399055,1.65875726431251,1.60146051224242,1.54104698454365,1.49171040151619,1.43364263218517,1.37385005104724,1.31982727241082,1.26596122888807,1.21709838116416,1.17569461868998,1.13207250604969,1.08950613147756,1.05517315394173,1.02492706870905,0.993586371734536,0.960128767812613,0.933741614779055,0.908420136716359,0.889717196927702,0.874482150234337,0.855125048494908,0.845641383461548
"Solomon Islands","SLB","Lower","female 5q15","female",,,,,,,,,,,,,,,,,,,,,,,,,,,,,,,,,,,,,,,,,,,,,,,,,,,,,,,,,,,,2.77807709360961,2.73440183426568,2.68501693582192,2.62705779419017,2.57062123626677,2.53680537687741,2.48119283791513,2.44410842672854,2.41099452623566,2.38011364507808,2.33856820869353,2.32175953783965,2.29923786047829,2.28205461373549,2.2702117588139,2.25034717537794,2.23138080391483,2.20764462986436,2.17917683558543,2.13764778417894,2.10417381486145,2.07685840024379,2.03835033775877,2.01419307130068,1.97085460687456,1.94859235108635,1.92774758083331,1.89386555140775,1.85182769910595,1.81270218469649,1.77027335401854,1.71995300208109,1.67904876517181,1.64043104069682,1.58803657501943
"Solomon Islands","SLB","Median","female 5q15","female",,,,,,,,,,,,,,,,,,,,,,,,,,,,,,,,,,,,,,,,,,,,,,,,,,,,,,,,,,,,3.82550779657613,3.75048417550943,3.67483397249834,3.60714432113973,3.54626906467187,3.48905462199402,3.43824821134788,3.39701218546525,3.35002073318196,3.3145055996086,3.28201106505578,3.25990659197275,3.24353793685799,3.23789192567448,3.22615676503275,3.2171352368879,3.19706754200719,3.17815322087769,3.15068855506479,3.11827328857601,3.07694626664908,3.04180867103211,3.00625217196895,2.97771719761043,2.95563268688294,2.93224021254849,2.90770020447957,2.8864129233361,2.84196353356706,2.79877023580021,2.7484453893591,2.70214003178432,2.64564946338856,2.59630792108825,2.5483452254337
"Solomon Islands","SLB","Upper","female 5q15","female",,,,,,,,,,,,,,,,,,,,,,,,,,,,,,,,,,,,,,,,,,,,,,,,,,,,,,,,,,,,5.23186615606276,5.12979618705276,5.03497606571414,4.94999762710276,4.87112223796704,4.80703381509626,4.73872099470071,4.69279760471879,4.63654999841768,4.57967790866995,4.5277875042342,4.55482227029229,4.52986807581519,4.5332025821179,4.51195469025043,4.50118888945271,4.50262512627046,4.49333724161181,4.44976387630056,4.43485069257793,4.38912472872831,4.33923255018427,4.32844419694552,4.28490785890834,4.2990338708898,4.29807934939407,4.299475792593,4.27791390305717,4.24384297177229,4.1977141956987,4.15882750492064,4.09524056640072,4.05606230183425,3.99465252225896,3.92745910152565
"Somalia","SOM","Lower","female 5q15","female",,,,,,,,,,,,,,,,,,,,,,,,,,,,,,,,,,,,,,,,,,,,,,,,,,,,,,,,,,,,19.7778944939852,30.7906822244269,31.3802801946378,30.5795128349395,18.9212672495298,18.8890712885621,18.9578839157756,18.9272938073826,18.8598436326271,18.8246630447506,18.7420861139093,18.6800159361959,18.6083076261055,18.666823097987,18.6022225768527,18.5247191841114,18.5361410062809,18.3102544802435,17.9434281042815,17.5735009465461,17.1961645196476,29.141046235476,18.3260251832229,15.9172639054461,15.5944563665137,14.9963923007949,14.7524199588148,15.837615366223,13.8416054183063,13.3486711895243,12.965300268106,12.5144362025435,14.0479731110144,11.9059665472852,11.4715007118721
"Somalia","SOM","Median","female 5q15","female",,,,,,,,,,,,,,,,,,,,,,,,,,,,,,,,,,,,,,,,,,,,,,,,,,,,,,,,,,,,26.4315671262181,41.1456161067188,41.99841637563,40.8413796622952,25.2369412431352,25.2543506070998,25.2778410451097,25.2948177450313,25.2963586000293,25.2965200922284,25.2727676742985,25.2526770781068,25.2439632409793,25.2397632032973,25.2382806245912,25.2428871909808,25.1942734917639,24.9869112336467,24.6086020760243,24.233513952639,23.7096454622672,40.1264216394499,25.3519239677522,22.093374839979,21.7295774134608,21.0134043406055,20.776850503297,22.5120937284262,19.7339491632146,19.0305439460417,18.5709821240168,18.0847778537746,20.3540957515685,17.4093182178756,16.8346202651547
"Somalia","SOM","Upper","female 5q15","female",,,,,,,,,,,,,,,,,,,,,,,,,,,,,,,,,,,,,,,,,,,,,,,,,,,,,,,,,,,,34.7811114982896,54.2356009586259,55.1893848698591,53.775893044505,33.2777659254882,33.2839555324814,33.3333066506665,33.3830933117704,33.4615140620117,33.3839496659836,33.4179975885836,33.3847003676689,33.4757428274192,33.6093248394452,33.5884011618518,33.6401984423293,33.6474087998368,33.4305832911721,32.9035161488675,32.3709114504337,31.8521646578533,54.050665032818,34.183623929031,29.9001615805586,29.4669372211166,28.6893235824844,28.2584335795197,30.7567632001046,27.1306031041011,26.1519937144176,25.4632791242407,24.9322555312807,28.125149600698,24.1274380993602,23.4458832243047
"South Africa","ZAF","Lower","female 5q15","female",,,,,,,,,,,,,,,,,,,,,,,,,,,,,,,,,,,,,,,,,,,,,,,,,,,,,,,,,,,,3.88894419396429,3.99101397592048,4.17118823397743,4.37394246826976,4.579705463037,4.96139230897769,5.38102877415235,5.85466239966674,6.41036528890768,6.96346537653765,7.63033836009932,8.20176566579065,8.59557546821364,8.90941039594103,9.0186500115614,8.91755538612624,8.71126343546095,8.39091812916061,7.99751084496787,7.60630882340396,7.28927276499035,6.89881848500996,6.5132478679856,6.20829678859013,6.03034411698305,5.81155961456383,5.66973196398511,5.53552718859894,5.41612858382518,5.35728704102719,5.29189675767656,5.26721318613382,5.20902234132362,5.16371761094409,5.06820311656099
"South Africa","ZAF","Median","female 5q15","female",,,,,,,,,,,,,,,,,,,,,,,,,,,,,,,,,,,,,,,,,,,,,,,,,,,,,,,,5.83801730910742,5.75763819836787,5.6174846693691,5.5281142496826,5.49715937788024,5.50176339080544,5.59435089606423,5.72979307171494,5.87831555447476,6.22657609690496,6.59361474451403,7.02146578412363,7.53953488759078,8.01938958522518,8.59418887512637,9.10473981273178,9.48105746036238,9.77525707794143,9.88572522200618,9.77374043282224,9.56062489888389,9.21136655378597,8.77416778828046,8.34150814971603,7.98376449765652,7.54722909393681,7.13840879204691,6.81096633797283,6.61862893674034,6.38876205096563,6.22869043430293,6.10191394044164,5.95358545545671,5.88541251711021,5.83294861725605,5.80277469282692,5.79842756910147,5.82616790263649,5.83874762702698
"South Africa","ZAF","Upper","female 5q15","female",,,,,,,,,,,,,,,,,,,,,,,,,,,,,,,,,,,,,,,,,,,,,,,,,,,,,,,,,,,,7.67931609515411,7.55565721035239,7.51739195200964,7.50739972724984,7.56541252199753,7.81502616966481,8.0781369421639,8.38693834471161,8.84992325425158,9.19404728226151,9.64028058858563,10.0832971492804,10.4007504061494,10.7058581742504,10.8031449774972,10.6722951773111,10.4493169531035,10.063215274362,9.56340542849155,9.09053910413467,8.69579175112371,8.24266893110898,7.80577963138807,7.4830614626383,7.2682259117386,7.02865451398567,6.85705923382719,6.71543989434981,6.5349026840173,6.462301476232,6.414473582767,6.40255004110056,6.41351346855627,6.51198455534619,6.6796750751864
"South Sudan","SSD","Lower","female 5q15","female",,,,,,,,,,,,,,,,,,,,,,,,,,,,,,,,,,,,,,,,,,,,,,,,,,,,,,,,,,,,62.0666746055461,61.1327025796961,95.7391086759683,94.955104647022,22.4098678871024,56.8194023304609,55.5539886760321,54.2183890389747,93.0288443555852,27.9452035268965,23.1782139182382,22.3205969216921,21.3884871524629,17.1838651607752,16.5391116056107,15.8725347295922,15.2853442138661,14.5630725598982,13.9917284158844,13.3794472963617,12.7301652741048,12.2225721784503,11.8649580433232,11.5995918905494,16.9201644609022,20.6625420194291,22.7547929432104,23.8888143836267,13.9945014362996,11.2403570993394,11.2293445609181,11.282238634951,11.2112693656542,11.0239603009847,10.9966813793837
"South Sudan","SSD","Median","female 5q15","female",,,,,,,,,,,,,,,,,,,,,,,,,,,,,,,,,,,,,,,,,,,,,,,,,,,,,,,,,,,,83.0450737175692,81.6433825968213,127.745832033887,126.578404396237,30.0912117101905,76.2094589182505,74.4690469482434,72.5877674233793,124.271595194919,37.430461587636,30.9996948417639,29.9470184808303,28.8777666105191,23.2981855969335,22.4281550810054,21.583647377173,20.7426813553127,19.88734189176,19.1570714370573,18.3645241235573,17.5918246867547,16.9413559405455,16.4478161617619,16.1722404031726,23.6841059386047,28.8613953169821,32.0030714560295,33.7668448198401,19.9929492501756,16.1195117717144,16.0959220586948,16.3397199406859,16.3573290549629,16.1513223466091,16.1466128778916
"South Sudan","SSD","Upper","female 5q15","female",,,,,,,,,,,,,,,,,,,,,,,,,,,,,,,,,,,,,,,,,,,,,,,,,,,,,,,,,,,,110.178870401612,108.679552320293,170.196794884054,168.478048699188,39.8908859723342,101.177387946439,98.5323146819118,96.3608824427512,165.220333434829,49.6122229556613,41.0785760011529,39.6038349543307,38.2388225958569,30.9296666271685,29.7402018212507,28.6699628823072,27.6763587846956,26.602691610502,25.6612809394511,24.5905090265847,23.6889358311563,22.8864099241139,22.2253486001404,21.9718141101429,32.305224698857,39.5730895272973,43.9718137420674,46.4956713487495,27.4885469579382,22.1541240231761,22.2607829459452,22.6437148861213,22.6832971998227,22.416000869247,22.5171137352719
"Spain","ESP","Lower","female 5q15","female",,,,,,,,,,,,,,,,,,,,,,,,,,,,,,,,,,,,,,,,,,,,,,,,,,,,,,,,,,,,1.69758650974082,1.59619256409381,1.46996153578413,1.35529405560869,1.22100833705575,1.18076051326745,1.20669513436507,1.24088924043442,1.26703413680832,1.22456071231308,1.20869705473346,1.1654934079723,1.1370348407671,1.11170009428622,1.0668531351833,0.983356394206928,0.926125119721271,0.873015264000703,0.849350816313354,0.798533966508995,0.739350415846826,0.706456436788821,0.648724703637026,0.599044463687107,0.571842512335033,0.552660799574948,0.563315343164782,0.56343218763174,0.560645991373182,0.549754823021233,0.55330957620694,0.545685350467115,0.552128021973256,0.566840581621547,0.542875173841741
"Spain","ESP","Median","female 5q15","female",,,,,,,,,,,,,,,,,,,,,,,,,,,,,,,,,,,,,,,1.88105220106504,1.90311676579639,1.91641326591581,1.89067945767873,1.88376053746288,1.80528846735038,1.75331473221374,1.71016174010183,1.74123839922209,1.73904000484203,1.72196488507792,1.68672279209545,1.6262420433418,1.65165600998283,1.63446014220843,1.58361499521533,1.59837092516371,1.67372877123784,1.75345682302712,1.78396480384963,1.82467711674123,1.78081659589496,1.67891730633302,1.55079904171417,1.431301664146,1.29312679431618,1.24634480541183,1.27470854645016,1.30939717134536,1.33839200284303,1.299015601242,1.28198661389567,1.23814164491098,1.20730822964041,1.18083599578112,1.13510694480946,1.04766358613316,0.988620317959431,0.934837588678657,0.906820101157179,0.853597032449913,0.79323419411612,0.757908313332854,0.698267411331424,0.644790970586793,0.616676047414711,0.595631321566986,0.606221172389525,0.606620231619654,0.602928038938742,0.591583955696753,0.59528476177867,0.587330425912661,0.597958878520818,0.622242125805576,0.617091407906904
"Spain","ESP","Upper","female 5q15","female",,,,,,,,,,,,,,,,,,,,,,,,,,,,,,,,,,,,,,,,,,,,,,,,,,,,,,,,,,,,1.86955003436165,1.76308090336392,1.63559140273956,1.50947913809058,1.36761896941335,1.3149406754204,1.34491064798963,1.38379634580617,1.41232314566858,1.37319828150898,1.357266678038,1.31341028362031,1.27795287987239,1.25405507239879,1.20574648584811,1.11769226478675,1.05535737328784,0.999475900364968,0.965782106495403,0.911518640304178,0.850014645152448,0.810405288736062,0.748746498097941,0.692536591418735,0.661993038602002,0.641623216418283,0.650839218460388,0.651850129758989,0.645031238247507,0.635775519388054,0.638967005706301,0.63095856853059,0.646225539321438,0.681557819410214,0.699633855025953
"Sri Lanka","LKA","Lower","female 5q15","female",,,,,,,,,,,,,,,,,,,,,,,,,,,,,,,,,,,,,,,,,,,,,,,,,,,,,,,,,,,,5.018086170382,4.86639979745299,4.77812150487662,4.73633168143699,4.66956670709842,4.37188168724525,4.24344891921525,4.15891183098356,4.11554777368152,4.05396019919837,3.98166854803948,3.83260760671097,3.65485275627301,3.2677070826092,9.20202230238125,2.67397983530253,2.73655093192675,2.94294686845853,3.34316592178643,4.76071931166562,3.72606737700804,3.07510342185593,2.38239309191033,1.94878021203318,1.57420011181628,1.303203548073,1.12843604823455,1.00622454098069,0.91911280432835,0.849220863465907,0.784535764790216,0.73184241520478,0.681569518994727,0.635680543699102,0.598175500591331
"Sri Lanka","LKA","Median","female 5q15","female",,,,,,,,,,,,,,,,,,,,,,,,,,,,,,,,,,,,,,,,,,,,,,,,,,,,,,,,,,5.94481776424591,5.52264620948711,5.42095302622975,5.30939086786079,5.13967237669148,4.94017755845111,4.87472074008679,4.71919923010115,4.65051608516442,4.58381423920608,4.54150243969964,4.45188348827539,4.30352909288086,4.01356542780453,3.82069276820905,3.42648607031692,9.96791967155914,2.94330155688487,3.03270681505868,3.25862799727216,3.67013884768963,5.13478451052259,3.89688774481918,3.22701828630228,2.51034269509083,2.06373755763034,1.69753760831056,1.46477380316034,1.31202304990579,1.22593448991225,1.17124527689719,1.13006149235806,1.08844959928735,1.05621419918887,1.02549563040161,0.995837373394094,0.966818469787647
"Sri Lanka","LKA","Upper","female 5q15","female",,,,,,,,,,,,,,,,,,,,,,,,,,,,,,,,,,,,,,,,,,,,,,,,,,,,,,,,,,,,5.84858817686436,5.75045350522032,5.52575148151359,5.1570425619286,5.07985975774492,5.08096789798447,5.08598757503409,5.040168447404,4.99483330440882,4.87350550917546,4.64521270231448,4.20806456544567,3.98898190010926,3.58763969567929,10.7941112056931,3.23671476046001,3.34507959242472,3.58671729501963,4.00413333725009,5.51850685979379,4.06992980382973,3.38028140670307,2.64385363724917,2.18691959969489,1.82642047645337,1.6372075603578,1.52355861972085,1.47915219037505,1.47187379030692,1.4659904000901,1.46361584399958,1.46522740609629,1.45829796184811,1.45696706080278,1.44826373119244
"St Vincent & the Grenadines","VCT","Lower","female 5q15","female",,,,,,,,,,,,,,,,,,,,,,,,,,,,,,,,,,,,,,,,,,,,,,,,,,,,,,,,,,,,1.67510724298711,1.71161938508159,1.74153647175294,1.74067787167825,1.74234773193139,1.72218025433392,1.69796604067559,1.66363752369376,1.62977336137698,1.58228444535374,1.54435442260017,1.50604950440887,1.47367140400306,1.45571311256677,1.45900718905581,1.46301640280726,1.48524995124855,1.52263354852806,1.56482614085289,1.61467776843185,1.66551371825427,1.73266748225952,1.8086378624865,1.88292007907452,1.94884379838517,2.01589322838445,2.02880335356483,2.03569996811047,1.9980409242599,1.92708200373827,1.83552075910883,1.72295666922127,1.60258088995104,1.47898524613259,1.37139652904478
"St Vincent & the Grenadines","VCT","Median","female 5q15","female",,,,,,,,,,,,,,,,,,,,,,,,,,,,,,,,,,,,,,,,,,,,,,,,,,,,,,,,,,2.13214133074351,2.1711613093895,2.20508824279481,2.22508084409181,2.23462455504031,2.23427613530257,2.2234757471332,2.19660841306856,2.17175644167651,2.13965740463436,2.10151917743385,2.05736592936262,2.01056242096887,1.96207328743172,1.92407567450713,1.90283316448488,1.90154912440654,1.92503143830317,1.95637816771769,2.00829483171716,2.06863463809245,2.14160112432997,2.22488208876194,2.32383438334983,2.43985468333708,2.54484235572907,2.65638957251407,2.74133245140073,2.78330034596291,2.79551589960638,2.7710345450211,2.71060995784324,2.62036803717428,2.51247689482974,2.4111167330793,2.2975365759855,2.1906397883729
"St Vincent & the Grenadines","VCT","Upper","female 5q15","female",,,,,,,,,,,,,,,,,,,,,,,,,,,,,,,,,,,,,,,,,,,,,,,,,,,,,,,,,,,,2.84656918218789,2.84512305094286,2.83852526762454,2.82543849576951,2.81379183122732,2.77536256309174,2.74234679728045,2.71668552605434,2.68640002089944,2.63423060079361,2.57751481386314,2.5311862677341,2.48108769951407,2.46438409196467,2.4583006915378,2.48805810093361,2.52963986101667,2.60236721194989,2.69028518302668,2.80077607907265,2.92203297086531,3.05784084691631,3.22201228136303,3.39028630754533,3.5506169967892,3.66156900763209,3.75269154900642,3.79875824792685,3.79394534504897,3.73079129417336,3.67538414870467,3.57911868368981,3.50876381836169,3.44177517576625,3.39868265007076
"State of Palestine","PSE","Lower","female 5q15","female",,,,,,,,,,,,,,,,,,,,,,,,,,,,,,,,,,,,,,,,,,,,,,,,,,,,,,,,,,,,2.23285659127431,2.15990913636444,2.12613778682726,2.09596855823391,2.02605399696775,1.99341433573464,1.94702019007471,1.90227437853878,1.86678256692676,1.8295018399877,1.84695161426311,1.85768311572523,1.80801591179969,1.75645703210125,1.73949751498897,1.66228174629895,1.66699178232405,1.64098239185653,1.72154787143478,1.70798042266956,1.50550635998358,1.47826782903044,1.45505628353891,1.42260765075847,1.67153041219061,1.35974693069343,1.33382189877186,1.31495541477238,1.27960350822605,1.24386755941946,1.20933795116524,1.17983537204438,1.15726254584842,13.3522521480859,12.7956486564037
"State of Palestine","PSE","Median","female 5q15","female",,,,,,,,,,,,,,,,,,,,,,,,,,,,,,,,,,,,,,,,,,,,,,,,,,,,,,,,,,,,3.06274284308353,2.97843774453166,2.94190307902067,2.8989961760904,2.80800963503549,2.77489410718678,2.70810855882308,2.66244816345913,2.61876582470852,2.57966830850406,2.59902758115709,2.63314066464338,2.57021674072519,2.50176607804929,2.48614914366648,2.39690846688324,2.39893678857617,2.36974464767504,2.4937942868364,2.51322468361852,2.220577819197,2.19134979175608,2.1616919443904,2.13311327747878,2.52495300537025,2.07269537693157,2.03880854722519,2.01088387826274,1.97920454671989,1.94928874703365,1.91988284748842,1.89092279936375,1.8638913488402,21.5728061570935,20.7841562250717
"State of Palestine","PSE","Upper","female 5q15","female",,,,,,,,,,,,,,,,,,,,,,,,,,,,,,,,,,,,,,,,,,,,,,,,,,,,,,,,,,,,4.16859021398741,4.04298465141879,3.99511283711012,3.9515602377833,3.84826680267934,3.79768020609506,3.71765898612244,3.64877270403401,3.58873077860265,3.53723529942709,3.58062622008057,3.64279031474414,3.55775767106511,3.49053888838431,3.48092326651063,3.37469162551545,3.38119483932474,3.34575622069696,3.56240216578892,3.57807954552762,3.19340981583515,3.15595225473466,3.13706479559222,3.09858046742286,3.6860972599687,3.03245049064761,3.00460857956419,2.98009220177892,2.94093269605463,2.92328003332589,2.90731414334975,2.87193837239266,2.84481769008644,33.287017572562,32.3802832614027
"Sudan","SDN","Lower","female 5q15","female",,,,,,,,,,,,,,,,,,,,,,,,,,,,,,,,,,,,,,,,,,,,,,,,,,,,,,,,,,,,15.5119114286332,15.2514319876986,15.0639499542669,14.80824734014,14.5010609208373,14.1921011745779,13.8733988425235,13.571482724999,15.4277822477542,12.8971071689242,12.4770976040141,12.2050334265649,11.9413540235188,12.0037723937641,12.2161841339924,11.8494604052345,10.6595192064131,9.9747941124408,9.97789548910533,9.30975830320017,9.05068079084345,8.72526280061661,8.45264322814799,8.16974347678129,7.91214776896941,7.61467596611575,7.37186022529604,7.03773704890658,6.68722086883162,6.41659547791377,6.09951720244108,5.78865605033995,5.5703018580084,6.49665243470484,6.17097672965423
"Sudan","SDN","Median","female 5q15","female",,,,,,,,,,,,,,,,,,,,,,,,,,,,,,,,,,,,,,,,,,,,,,,,,,,,,,,,,,,,20.6625075749339,20.3748470967393,20.0728695893328,19.7438610198444,19.377284581985,19.0223080510479,18.6590669172065,18.2280106013414,20.6959922826582,17.3113598879719,16.8130429384678,16.3648468440047,16.0831681993857,16.1872520996049,16.5360111499607,16.1246823433741,14.5554182702357,13.6368956984088,13.6887003088702,12.8523916324975,12.5322305185081,12.1493930839169,11.8674638941896,11.5089853469057,11.2185852946365,10.8454149614413,10.5367808098799,10.1713739304204,9.79942699440374,9.51044526119624,9.1251617865061,8.74311158627664,8.45241929931313,9.94298952705245,9.55624869903449
"Sudan","SDN","Upper","female 5q15","female",,,,,,,,,,,,,,,,,,,,,,,,,,,,,,,,,,,,,,,,,,,,,,,,,,,,,,,,,,,,27.2725595356186,26.8431816891159,26.5380505851966,26.0492335000067,25.5953464814104,25.1490461453894,24.5907466346589,24.0490384181536,27.45163376534,22.9852034966154,22.3699640594214,21.8292136304078,21.4528533174585,21.7062732004257,22.1266623359241,21.5999971451561,19.546327178466,18.3961937855695,18.4839071598425,17.3690618346546,16.9689945543396,16.5662269289011,16.1920885658881,15.7601308205105,15.4528229636883,15.0184952610925,14.6843541765265,14.242532594388,13.8096883476147,13.4126236311234,12.9730131542156,12.515330585488,12.1572783520933,14.4154604225366,13.9649024043129
"Suriname","SUR","Lower","female 5q15","female",,,,,,,,,,,,,,,,,,,,,,,,,,,,,,,,,,,,,,,,,,,,,,,,,,,,,,,,,,,,3.17496816862175,3.41710952760516,3.58486847227893,3.66107290765395,3.61426614994626,3.44742363614301,3.2326521633833,3.00692331923873,2.85620672007403,2.72985169483749,2.62477453503487,2.56255333076428,2.54480404113724,2.53660909804335,2.57539631148756,2.66059123815047,2.75131089578886,2.87233331600077,2.9617206745858,2.98968813447046,2.99217222047159,2.95421853074983,2.90833739184183,2.84789851820316,2.79592305710531,2.77251211426919,2.75500934498588,2.76234679582659,2.76302754147802,2.77354631298888,2.79907215454943,2.85337274772816,2.89187109175897,2.90561276703212,2.85193058945724
"Suriname","SUR","Median","female 5q15","female",,,,,,,,,,,,,,,,,,,,,,,,,,,,,,,,,,,,,,,,,,,,,,,,,,,,,,,,,,3.24646091936397,3.51641134311435,3.78707683740511,4.00404128719038,4.14074172668462,4.21489359667206,4.14868711868988,3.96655629501173,3.73654264293594,3.47961683052346,3.3158700210042,3.16639657778632,3.05059258029578,2.97464056071739,2.95173556128928,2.94927697352012,2.98869854621265,3.08107690124858,3.18425581988872,3.313612126778,3.40813821302886,3.44847497861675,3.44168851838417,3.39984548999799,3.34321967464787,3.26716023198046,3.207485472314,3.18176463446811,3.17062120869458,3.17901549213698,3.20266622432588,3.22931017263863,3.27395341312677,3.3674300363021,3.47803704846196,3.56360437453476,3.61265381103716
"Suriname","SUR","Upper","female 5q15","female",,,,,,,,,,,,,,,,,,,,,,,,,,,,,,,,,,,,,,,,,,,,,,,,,,,,,,,,,,,,4.46554991557827,4.65442958351176,4.77039328601884,4.80932030014326,4.73263633925072,4.5320239016902,4.27778409752585,3.99732283245805,3.79636781165359,3.63386639652732,3.50958193787688,3.42966342114839,3.41668443118474,3.40824699788577,3.46139298659906,3.56467216307726,3.67384519233384,3.80276204331425,3.89673350729198,3.93141230331558,3.92180822313794,3.87450157014938,3.8080923606209,3.71698325890216,3.64530336459563,3.61686307086936,3.60965570140828,3.6357760194805,3.67879858895267,3.71941960856099,3.78787509925732,3.93496327936959,4.12696398721657,4.31633483369401,4.49486958199099
"Swaziland","SWZ","Lower","female 5q15","female",,,,,,,,,,,,,,,,,,,,,,,,,,,,,,,,,,,,,,,,,,,,,,,,,,,,,,,,,,,,8.23310609983534,7.80572386746799,7.42605096355863,7.05874671719132,6.64995906827417,6.39499778234844,6.09601149092395,5.82676626923216,5.68213723321303,5.53039490744934,5.38594470182498,5.26930478722029,5.25428251237728,5.25225675539885,5.26907352396073,5.25505661476082,5.32260064452703,5.32564198851094,5.31172452133874,5.39258704701661,5.38458492696728,5.37020278053859,5.40510895225874,5.36843871730594,5.30371988382451,5.19128664467022,5.15853485331902,5.08616384991756,4.97024724242748,4.89624959257227,4.76792327902366,4.63229633651824,4.44215652991881,4.31099473210199,4.13877088484975
"Swaziland","SWZ","Median","female 5q15","female",,,,,,,,,,,,,,,,,,,,,,,,,,,,,,,,,,,,,,,,,,,,,,,,,,,,,,,,,,,,11.0415658846933,10.4678251690239,9.98736236686681,9.52939806008742,8.99515695027186,8.68609596233015,8.29694792965848,7.94358121326181,7.74144002162842,7.56120826917059,7.41458721327024,7.27760342033116,7.27232636893252,7.27217377553113,7.29957702028488,7.30408994018687,7.40120634719925,7.42915615249114,7.45766324420434,7.57201119653761,7.6092481034405,7.64300175341935,7.72810501412676,7.7413158109058,7.72063814100939,7.61379114566491,7.5779487974721,7.55042794084783,7.42242972159662,7.37660359762861,7.22991866840325,7.06860080361469,6.86638550212449,6.69687389782555,6.50729187558962
"Swaziland","SWZ","Upper","female 5q15","female",,,,,,,,,,,,,,,,,,,,,,,,,,,,,,,,,,,,,,,,,,,,,,,,,,,,,,,,,,,,14.6820957689956,13.9594082939812,13.2868136506308,12.7506725724733,12.0078546053714,11.6233657256984,11.1447319563288,10.748931839293,10.4289082852922,10.2773373337131,10.0483567345078,9.90271649669776,9.91341624686579,9.9638517859276,9.9560327391656,10.0002866265291,10.1203273179686,10.1881200326465,10.289803020266,10.4724131483255,10.5683373958499,10.6331495615253,10.7862860889679,10.8589781217919,10.8775955649059,10.7953627197733,10.7953561358335,10.752276837708,10.6219953370312,10.6372198420778,10.4683273513761,10.3122221932184,10.0625000340102,9.84434718709136,9.64341335948838
"Sweden","SWE","Lower","female 5q15","female",,,,,,,,,,,,,,,,,,,,,,,,,,,,,,,,,,,,,,,,,,,,,,,,,,,,,,,,,,,,1.19878318552337,1.13595740222022,1.10133722554319,1.06054100799732,1.00986296701837,0.992056549567207,0.995442168619639,1.0182412502132,1.01529889392777,1.02683619906599,1.04574897584623,1.07369291742596,1.10649610697093,1.11867009174679,1.07672565695553,1.01986363294448,0.982248597736619,0.9403669722821,0.918079211016274,0.894704961981424,0.862842810668265,0.827713332492925,0.798523765282183,0.764232176187529,0.748321187230254,0.731455452089555,0.724892196099111,0.727132321753055,0.727617112776351,0.716685301434328,0.688625038062245,0.671866770904478,0.653391146199325,0.621692152125924,0.577414364371284
"Sweden","SWE","Median","female 5q15","female",,,,,,,,,,,,,,,,,,,,,,,,,,,,,,,,,,,,,,,2.01963670275581,2.06431294065306,2.02181237034346,1.98012358287901,1.98551333193294,2.02332483303324,2.04024194093514,2.02892683787822,1.9370001953572,1.81756744824648,1.69577397873672,1.59866881908049,1.52942939743487,1.45595878782863,1.4031090173634,1.37637863147656,1.3979797189441,1.39157595092888,1.40524908496284,1.39819678377214,1.36795013397505,1.30771523730893,1.24166632598405,1.20291010384304,1.15781465468856,1.10348956336183,1.08467454809104,1.09071466603573,1.11400671004969,1.10647893569666,1.12190515150649,1.14135253958564,1.17194599332474,1.20490830480701,1.21607295446863,1.17223738280433,1.1141859278288,1.07220513711227,1.02854108196309,1.0021378507534,0.978253054453081,0.94420399002675,0.909752224738038,0.879800933032891,0.846095078148022,0.82669465119169,0.808818562826781,0.803267829845331,0.806919655322593,0.807802145137472,0.794039050899113,0.764915798947478,0.748535108277065,0.729498914263917,0.702501652371156,0.665022710186971
"Sweden","SWE","Upper","female 5q15","female",,,,,,,,,,,,,,,,,,,,,,,,,,,,,,,,,,,,,,,,,,,,,,,,,,,,,,,,,,,,1.42750180172992,1.35458806627437,1.31526065958052,1.26278662389485,1.20956100245118,1.18588659734378,1.19086707557589,1.21664826563232,1.20687659985574,1.22338315048584,1.24439277003603,1.27527224436736,1.30956773773863,1.31895180133191,1.27276964483707,1.21410407093994,1.16336250398938,1.11882349355649,1.09221705936068,1.06534808591058,1.02962584077218,0.9911211586195,0.962487684509707,0.927316286106342,0.907193176632222,0.891560174410013,0.887082355301475,0.890136129923076,0.892446117762346,0.877780520480447,0.847051438362603,0.829871399304622,0.811717021784198,0.788629758714162,0.759771430528995
"Switzerland","CHE","Lower","female 5q15","female",,,,,,,,,,,,,,,,,,,,,,,,,,,,,,,,,,,,,,,,,,,,,,,,,,,,,,,,,,,,1.66808373059176,1.66356291200977,1.62439194597068,1.56742161446049,1.52090075452111,1.44573822545051,1.38581962276184,1.31400639245653,1.23185933867264,1.20158584432768,1.14676431627251,1.10895409604596,1.09266426283058,1.05829052508001,1.03998172899177,1.02813348626657,0.985121791270662,0.923468876051296,0.864355925746341,0.804826306481121,0.755610949443391,0.703150816554189,0.664612931039074,0.645977499024566,0.631995620709412,0.630485485343159,0.641660337313975,0.64456580259897,0.653446130663656,0.661350935670341,0.676026885885573,0.6929793698952,0.70455679403335,0.709942987981667,0.702579082573322
"Switzerland","CHE","Median","female 5q15","female",,,,,,,,,,,,,,,,,,,,,,,,,,,,,,,,,,,,,,,2.48221217580038,2.42071243011189,2.39361561144236,2.32196359672918,2.27482116764721,2.22340778414982,2.19722901941375,2.15375612032408,2.13615612682113,2.11558793049777,2.15481553174638,2.15553610847811,2.16321215258499,2.10682329830551,1.96482787302135,1.87438595455115,1.81347068190703,1.79780336854894,1.81791788179044,1.84161365242323,1.85883005962393,1.81950840855185,1.81592014587477,1.78432879179075,1.7275420065638,1.67405382145458,1.59134579440785,1.52751371951806,1.44546846887762,1.35803914573893,1.32093281801007,1.26274479870713,1.22341292237144,1.20449724340646,1.16941527549134,1.14612969594905,1.13365715768428,1.08483868662995,1.02361704102619,0.959947098763249,0.8951918397573,0.8423081333146,0.786417849426315,0.745446395024422,0.724052125686613,0.708659029291324,0.708228683919048,0.719185497496094,0.723360803889386,0.733481935892757,0.742562721187606,0.75950005980535,0.779784263355403,0.79555164307648,0.810111095963977,0.815424014662499
"Switzerland","CHE","Upper","female 5q15","female",,,,,,,,,,,,,,,,,,,,,,,,,,,,,,,,,,,,,,,,,,,,,,,,,,,,,,,,,,,,1.98191450306341,1.97737893634326,1.9497039936719,1.89192303422874,1.83264505709836,1.74067294539156,1.67161539374858,1.58224182248341,1.48762073906602,1.44935570784295,1.38473000062469,1.34494423670062,1.32366330271304,1.28520148840108,1.26079240674485,1.24534101061978,1.19623206984962,1.13189498757467,1.06294246532786,0.995431790784645,0.936291315529379,0.875624029330777,0.827778705628832,0.805772978515616,0.789683693646729,0.7893247532914,0.803408602973826,0.807062603946511,0.818496745890976,0.829610205798091,0.851259237545836,0.875320468244722,0.896723022518607,0.922550510367208,0.942759171994205
"Syria","SYR","Lower","female 5q15","female",,,,,,,,,,,,,,,,,,,,,,,,,,,,,,,,,,,,,,,,,,,,,,,,,,,,,,,,,,,,4.98156052370674,4.83735061561377,4.67548448065573,4.539780966636,4.36116006648441,4.15079439882087,3.86762823264048,3.64043781834902,3.43498996887626,2.92276757739447,2.70030269348783,2.2864370360294,2.13338957267928,1.97040621957644,1.92276822736817,1.77909574213911,1.79550993737358,1.7599094015922,1.6446005796722,1.64900800378287,1.67358438598527,1.94392395694666,3.35797329754226,3.48506634447855,3.16870320348544,3.27871807299195,2.60089715978221,2.47053924121469,2.20948419256562,1.39373709108717,1.0952609603274,0.926642804770585,0.949686560943402,1.50800628496801,0.847879330132164
"Syria","SYR","Median","female 5q15","female",,,,,,,,,,,,,,,,,,,,,,,,,,,,,,,,,,,,,,,,,,,,,,,,,,,,,,,,,,,,6.79072758423235,6.36934821695446,5.96998427704851,5.60283758512638,5.22686899362,4.83749274936666,4.40072701659591,4.00697536828597,3.62299615323422,3.06354196911125,2.82051654505926,2.39757576808697,2.23755408260823,2.07372193667813,2.02676334089455,1.86859641991537,1.88708539798915,1.85127227962648,1.7345238248993,1.74189264248974,1.78335388840092,2.16459329835988,3.89870355064078,4.21840040339601,3.98122237683762,4.29356025931409,3.54062857697685,3.49632410885579,3.23088622320693,2.10734868814817,1.72106707429541,1.50107541681507,1.58038101689034,2.57061893597076,1.48706177749271
"Syria","SYR","Upper","female 5q15","female",,,,,,,,,,,,,,,,,,,,,,,,,,,,,,,,,,,,,,,,,,,,,,,,,,,,,,,,,,,,8.70529707970782,8.02700844577316,7.36558032553673,6.77027046215365,6.1754606658992,5.58572529135701,4.95453060749691,4.39175202973135,3.81646569764109,3.20712129233478,2.94553206463058,2.51590938002651,2.34643070259391,2.17836059752979,2.13636351878581,1.96572493124679,1.9794568428514,1.95081135132721,1.824693613552,1.83485281116763,1.90084897689838,2.40385631022583,4.47955976267336,5.00665909548502,4.90212243644225,5.46778547557737,4.63082632052546,4.71180241719817,4.49869937462178,2.98769957973807,2.49628906795753,2.21954626288566,2.37975431618705,3.9626642914638,2.31134358113451
"Tajikistan","TJK","Lower","female 5q15","female",,,,,,,,,,,,,,,,,,,,,,,,,,,,,,,,,,,,,,,,,,,,,,,,,,,,,,,,,,,,2.67046065236644,3.180656555626,4.16797993615402,4.84250946533447,4.42012456778531,4.1050406964702,4.033762388594,3.2138732747311,2.90518541259865,2.63636381284305,2.44100666676662,2.29831310225537,2.15341235727328,2.00898583551404,1.90644352680222,1.85680157855446,1.75703020890065,1.69054372814967,1.65367348869754,1.62369639596304,1.62295041751842,1.61009019964956,1.58370298287295,1.55571846864271,1.52215255375411,1.47629843202406,1.42398422154466,1.34514402438529,1.2795446647397,1.2644844256238,1.21311320889045,1.14731155075902,1.0836450281299,1.02146018406781,0.955035582429444
"Tajikistan","TJK","Median","female 5q15","female",,,,,,,,,,,,,,,,,,,,,,,,,,,,,,,,,,,,,,,,,,,,,,,,,,,,,,,,,,2.14108226144174,2.47022338270761,2.88800960802587,3.43780261137069,4.55436314808584,5.32358987792682,4.83586944058793,4.41784258645926,4.41190265826834,3.51939672844349,3.1786540099538,2.84039123369645,2.63736095900627,2.45473702973927,2.29580586929265,2.14694232833328,2.04797303575044,2.01384173112243,1.95555501645813,1.92093931876449,1.90058120583399,1.88762124267134,1.89640324687257,1.88202430400157,1.8425100545688,1.80025383950026,1.73935518165641,1.65536322925936,1.56015608238977,1.46081181156369,1.38333781322732,1.36556997233339,1.3201243047534,1.27671174171771,1.25334988503662,1.22290250527583,1.1891124440023
"Tajikistan","TJK","Upper","female 5q15","female",,,,,,,,,,,,,,,,,,,,,,,,,,,,,,,,,,,,,,,,,,,,,,,,,,,,,,,,,,,,3.11994179465162,3.70603754243087,4.96508978036841,5.81149961956921,5.26671962621355,4.74201656673277,4.79434112498946,3.84377999000538,3.45583825494651,3.05267619626112,2.84175739855083,2.62036201605303,2.44894002739206,2.29350364009298,2.1899659991606,2.17725752698748,2.16546867482599,2.16785812532456,2.17185668085681,2.1827844535892,2.19663099796882,2.18570352835006,2.12759025040879,2.06443143765645,1.97093599702555,1.84891618115097,1.70422801514866,1.58713395619097,1.49641098311692,1.47363067403977,1.43544343095614,1.41327251571611,1.43494207704331,1.4471636921463,1.45562326478785
"Tanzania","TZA","Lower","female 5q15","female",,,,,,,,,,,,,,,,,,,,,,,,,,,,,,,,,,,,,,,,,,,,,,,,,,,,,,,,,,,,9.73775247052989,10.5139966070925,11.2439162787145,11.7680636432311,12.1448772221501,12.2974189354714,12.3763427327789,12.3394562379998,12.1525941578942,11.9180195864055,11.5093906639027,11.0705675304636,10.6007652260209,9.98732670131343,9.17084279509513,8.39442415500793,7.57555486709365,6.82152806903298,6.17402054633205,5.65151327719812,5.30622509862268,5.02983623283358,4.80071404546318,4.55349976282763,4.32709105427479,4.09511787990426,3.90087409341785,3.73397107128316,3.54398090435855,3.39670401789655,3.24333226045109,3.09586832256014,2.95862753078154,2.79761044076759,2.64043799097852
"Tanzania","TZA","Median","female 5q15","female",,,,,,,,,,,,,,,,,,,,,,,,,,,,,,,,,,,,30.8276526177553,27.2105061892906,24.2209881975009,21.5293041502341,18.9969229497784,16.6026266426263,14.4720812187547,12.7863958744765,11.3446436105213,10.1936758481144,9.26301382757606,8.51053259840604,7.81474661557468,7.41620197955052,7.11196709573984,6.99458633378579,6.96875154136313,7.15199232770942,7.39701350898402,7.86603746979671,8.50290433123195,9.37516031623153,10.2589056529482,11.2172117978007,12.1496022838286,13.0294325894257,13.7972070133555,14.3717387541902,14.7854201477625,14.8897889818416,14.9714003721741,14.8911313553336,14.6648099792776,14.3369790814229,13.8402437080415,13.2671837457796,12.6981499415786,11.9557506632743,11.0236764430652,10.1417244275281,9.17837278601256,8.29513679557207,7.54177184293649,6.97173204254364,6.55082950256287,6.2478377523351,6.00690087359944,5.75506353971513,5.51906077548517,5.32063358053758,5.15123576075062,5.00292271644301,4.87538918710606,4.75089021666714,4.64656580776936,4.54976729155573,4.43384158694178,4.32039118795839,4.21184760182689
"Tanzania","TZA","Upper","female 5q15","female",,,,,,,,,,,,,,,,,,,,,,,,,,,,,,,,,,,,,,,,,,,,,,,,,,,,,,,,,,,,14.8603018421791,15.8091263799331,16.6524705277035,17.2518700225871,17.7223084614098,17.740996992276,17.7823011074121,17.6692498472706,17.3470881218586,16.9820211850517,16.353236257601,15.6300698357543,14.9566841997144,14.1018387512094,13.0357021723303,12.0581611396344,10.9283368837612,9.95000517551773,9.05923493620099,8.42876028111713,7.95206046501806,7.61299084316873,7.3894468520931,7.16510581016717,6.94912804839789,6.79558587335016,6.6852499777207,6.59017796873763,6.51650690349838,6.49873705173183,6.46693360318021,6.48356895175086,6.45680752551193,6.3497334163548,6.30773910815399
"Thailand","THA","Lower","female 5q15","female",,,,,,,,,,,,,,,,,,,,,,,,,,,,,,,,,,,,,,,,,,,,,,,,,,,,,,,,,,,,3.51042183810772,3.65432253816995,3.95326848445114,4.51868715502,5.01662624111329,4.97584784048151,4.44122970154467,3.78013021477524,3.18009722993299,2.84566735182496,2.79519038732056,2.90851811486755,3.08021718084341,3.22816538064389,3.28963029660861,3.182991241615,3.04495933726736,2.92644028100172,2.88864592615626,2.84827715800971,2.79605264516632,2.73067292087279,2.66951868426903,2.65573812619228,2.68991073734116,2.76128342446505,2.83996938675482,2.88328551899273,2.83651632803595,2.7378041553765,2.63536028345858,2.55689277551928,2.53531472181075,2.55896283289333,2.34950346800109
"Thailand","THA","Median","female 5q15","female",,,,,,,,,,,,,,,,,,,,,,,,,,,,,,,,,,,,,,,,,,,,,,,,,,,,,,,,,,,3.96752692736316,4.04024608732241,4.16074054481244,4.48348326527556,5.11105210163387,5.65184170772698,5.59776201816264,5.00439300533879,4.26164667063988,3.59886887093881,3.22162710118342,3.15409119741336,3.27881181082729,3.47277490196757,3.63972318224623,3.69689518044912,3.57590795081337,3.42846507504116,3.29441423581471,3.25858549278757,3.20638310495566,3.14877079556914,3.07903451639499,3.01047831194753,2.98987453228858,3.02669907378274,3.09806343173838,3.18396990916597,3.2335626643425,3.17372612601895,3.05794910413199,2.93239704559181,2.82191935694465,2.75305847709984,2.69823995829723,2.60708543861512
"Thailand","THA","Upper","female 5q15","female",,,,,,,,,,,,,,,,,,,,,,,,,,,,,,,,,,,,,,,,,,,,,,,,,,,,,,,,,,,,4.60558169615102,4.70553562962338,5.05071388217417,5.73603381046624,6.31692660087876,6.24892227740746,5.60468607498615,4.79505386037691,4.05243268915561,3.630325607947,3.55387098749222,3.67277987390322,3.8923056922809,4.07619394889235,4.13804717987593,3.99520030667016,3.84653721034249,3.68583269362049,3.64057263932144,3.58241172843832,3.51453073147286,3.44838841852582,3.37431052385192,3.35272525836043,3.3823672658048,3.47102055872849,3.55158602543409,3.60601521424649,3.54460273442244,3.42208902634172,3.25472413992546,3.10407168010594,2.98956959895059,2.83793998957714,2.89886696770126
"Timor Leste","TLS","Lower","female 5q15","female",,,,,,,,,,,,,,,,,,,,,,,,,,,,,,,,,,,,,,,,,,,,,,,,,,,,,,,,,,,,5.54773438325619,6.78591999242775,7.77113370685966,8.8584181408144,9.8446227481236,11.2145653411571,11.7415857927327,11.7853719760314,11.8618961814776,12.7681836582789,6.12227521752148,4.89683898613281,4.07114423375125,3.54412731059535,3.15757223664681,2.93160997406687,2.82324986223973,2.77513019232974,2.82843725917646,2.9288501213214,3.13298719735812,3.56434402308517,4.30305309489186,5.47421417696534,7.56213764994144,9.70023522985102,11.2552241532758,11.9486901460222,11.9175025485549,11.6161207879352,11.0993463561068,10.4935121014384,9.99510025278139,9.48312448959944,9.12280624037704
"Timor Leste","TLS","Median","female 5q15","female",,,,,,,,,,,,,,,,,,,,,,,,,,,,,,,,,,,,,,,,,,,,,,,,,,,,,,,,,,,,10.741370701451,12.4022797112276,13.5330048810675,14.6858109923092,15.7261163041433,17.1310937461377,17.3871835994587,17.0223348426854,16.798094927911,17.9573550009858,8.51984421846186,6.78313189874409,5.58657618824926,4.81074178878068,4.28216478465193,3.97246434705873,3.80828940974154,3.72180914094417,3.78783366471135,3.92747986986732,4.23923895487515,4.84306182516486,5.86771645997185,7.57219847200478,10.6061197625785,13.9219163994872,16.5922551397578,18.0613704354989,18.5304881045384,18.4851096766677,18.1885962827165,17.7964053007459,17.320070710953,16.7812158683634,16.4813511132585
"Timor Leste","TLS","Upper","female 5q15","female",,,,,,,,,,,,,,,,,,,,,,,,,,,,,,,,,,,,,,,,,,,,,,,,,,,,,,,,,,,,18.4151499811381,20.7002500359688,21.9163832669143,23.2879876616772,24.1314004075289,25.6622186494924,25.5582231893786,24.6283627991433,23.8012829186732,25.0048873235244,11.7400629656675,9.29214895353304,7.55739678583268,6.45289930804552,5.68172290740728,5.23826555759779,4.99758240936037,4.88519516337108,4.97399695066472,5.16872476702859,5.60407740275682,6.42970480136618,7.81623422599156,10.2187784261286,14.2599828441256,18.92510265827,22.7420277623148,25.0224026278346,25.966972290686,26.3166489109155,26.2930039089701,26.1061421989811,25.7924369980512,25.2823212993367,25.1342560831257
"Togo","TGO","Lower","female 5q15","female",,,,,,,,,,,,,,,,,,,,,,,,,,,,,,,,,,,,,,,,,,,,,,,,,,,,,,,,,,,,8.52527588496617,8.632797298147,8.75215828290315,8.89555956396555,9.04937839685622,9.16037102711283,9.40379801135139,9.5956196492462,9.71508709203655,9.75420446475097,9.78744245972024,9.75380169785345,9.67843866972681,9.55131541073388,9.42052508989824,9.17354813538305,8.90104966573154,8.57301687146827,8.1910114588608,7.61034174872873,6.96770010936095,6.30184866615994,5.65782608846522,5.05045738650886,4.61911269476288,4.16729825169678,3.83368647505201,3.54796658795749,3.27271661911742,3.03169600912699,2.84296702853868,2.64443319426487,2.47701034384601,2.3140478950343,2.12608980690638
"Togo","TGO","Median","female 5q15","female",,,,,,,,,,,,,,,,,,,,,,,,,,,,,,58.2901450414866,53.3885459411646,48.8449979596987,44.4608907276724,40.7830534104461,37.4241843166651,34.3326657133644,31.6080182534739,29.2675825267584,27.2155547582834,25.3360551905316,23.7045290946268,22.0678214260066,20.5271408606586,19.0628664556404,17.794644864857,16.4998298286499,15.4319761140455,14.4605417043173,13.69511996362,13.0461388230361,12.5241316348781,12.1450776164512,11.8794483540575,11.6414642929926,11.4673303322746,11.3081847224409,11.2261834541573,11.1601735894271,11.1061009248828,11.1375057056225,11.2131689595526,11.3341386709719,11.4463071319029,11.6120286063766,11.7312165272631,12.0026774330916,12.2656818986519,12.4088032467383,12.4632065522878,12.4601613271128,12.4423687865203,12.3695177892086,12.2361604511167,12.0406420403086,11.7717234657967,11.4679793772167,11.0947429346997,10.6953401769311,10.1227214780237,9.47834049676158,8.79112651845226,8.17108588466356,7.60989566854483,7.18790716842909,6.70300258171728,6.3780704516206,6.10304600925281,5.84284192138854,5.53964402036382,5.32363355746839,5.08093524185582,4.87126829719696,4.67037193024287,4.44363742208686
"Togo","TGO","Upper","female 5q15","female",,,,,,,,,,,,,,,,,,,,,,,,,,,,,,,,,,,,,,,,,,,,,,,,,,,,,,,,,,,,14.416640005746,14.50933489513,14.5139642524816,14.5961130685928,14.7994450110218,14.9277203090256,15.3243726413137,15.6467843966712,15.877228973744,15.9786933517619,15.9763864453786,15.935465786332,15.8160652625558,15.6237882918451,15.3753106937724,15.1063098918691,14.7794933881947,14.3856895497938,14.004006419881,13.4294488955089,12.8548775917114,12.1992362074393,11.5107806337943,10.891128445837,10.4543552068716,9.96978979124662,9.628954009626,9.37209832944023,9.12322933701099,8.80637907499865,8.60213671045366,8.32242904696001,8.08854468725497,7.91714194663968,7.6730566271964
"Tonga","TON","Lower","female 5q15","female",,,,,,,,,,,,,,,,,,,,,,,,,,,,,,,,,,,,,,,,,,,,,,,,,,,,,,,,,,,,0.807179592247663,0.89143320788379,0.981293217622578,1.06563254030521,1.15858740849486,1.25057185827163,1.34306051826852,1.43784334210688,1.53682149980898,1.63966199288189,1.7447987293528,1.84645340243663,1.94948562465868,2.0466612316674,2.11689464991851,2.14260376033703,2.13365460248818,2.05548747919478,1.96922091702987,1.86202321874851,1.74379574242545,1.63390311767262,1.54368195254409,1.48179671570643,1.41909429812363,1.37595672304659,1.32348120061299,1.27383259603524,1.21606287756786,1.16313174189381,1.10200800508102,1.04853620913668,0.985728310004302,0.926543161158321,0.870278422156551
"Tonga","TON","Median","female 5q15","female",,,,,,,,,,,,,,,,,,,,,,,,,,,,,,,,,,,,,,,,,,,,,,,,,,,,,,,,,,,,1.34355117041647,1.39816818803876,1.45558895053337,1.51434460592401,1.59143821138704,1.68135508448702,1.7744724108452,1.87439860522756,1.9863354198011,2.10226921112187,2.22839731333884,2.35565561933124,2.48910446147535,2.59793076956984,2.68334602226359,2.71843288091964,2.70744624841289,2.63092062158009,2.53765877318663,2.41681791448392,2.2983201501844,2.17408993903203,2.0844043387152,2.02601182060483,1.97639929479457,1.94581907087308,1.91018101312408,1.88811783845215,1.8754813759818,1.85365447406161,1.81714004762265,1.76550920458256,1.71364723583291,1.66505021266628,1.60219045132814
"Tonga","TON","Upper","female 5q15","female",,,,,,,,,,,,,,,,,,,,,,,,,,,,,,,,,,,,,,,,,,,,,,,,,,,,,,,,,,,,2.10321290271378,2.10459101580084,2.12100135911455,2.13328010719001,2.17958574278818,2.24080378172626,2.32810336577763,2.42521214833748,2.53801966543843,2.67044663115403,2.82084093322227,2.97524798579876,3.13907077847111,3.2696374195076,3.3747954596806,3.41725608878568,3.41124286758649,3.33056820837153,3.22688310047596,3.1054157614192,2.96144248607257,2.83518162878559,2.74664629258622,2.70389541536919,2.67729945834211,2.68541416700132,2.69751406370042,2.73368683644463,2.77676001864127,2.80684118827708,2.82648040826908,2.80122207163625,2.78526019566745,2.76037782349876,2.72416288683355
"Trinidad & Tobago","TTO","Lower","female 5q15","female",,,,,,,,,,,,,,,,,,,,,,,,,,,,,,,,,,,,,,,,,,,,,,,,,,,,,,,,,,,,2.47300100822403,2.53846860326925,2.63515792237599,2.73281081125144,2.8383704054243,2.83999228111438,2.82938007067581,2.85580719452248,2.82842667325068,2.83441973166259,2.81372619956768,2.7696594611859,2.71999674829121,2.67333451630883,2.65754170744005,2.68358840499157,2.7359452304692,2.8120173000317,2.79759191759149,2.66372350182389,2.51914168504121,2.33568710295688,2.1858927570681,2.08170466389378,2.05211639446409,2.0844187047538,2.14604427303374,2.14564337893292,2.23222290157592,2.13146764706699,2.08364007039587,2.00503778800819,1.99568227793907,1.87249730125829,1.74627913756118
"Trinidad & Tobago","TTO","Median","female 5q15","female",,,,,,,,,,,,,,,,,,,,,,,,,,,,,,,,,,,,,,,,,,,,,,,,,,,,,,,,,,2.78868644494011,2.78295987216169,2.80849910769402,2.86381776512361,2.94387757731297,3.03504680024867,3.1428810263287,3.14594486081698,3.13983049342982,3.16115591046683,3.13078837736562,3.1281512808375,3.10666765219853,3.05999630823469,3.00924639886916,2.96393442525973,2.94771921820651,2.99510913105951,3.05316502352076,3.13879815418824,3.13108383971787,2.99562557181764,2.84498052511259,2.64826811953469,2.48078810726253,2.3730479128045,2.34357330641995,2.38657299126202,2.472642076634,2.51291380300823,2.65629865270501,2.58145712483556,2.58730815500466,2.56514199005713,2.64367180424999,2.59110791235901,2.50761259266728
"Trinidad & Tobago","TTO","Upper","female 5q15","female",,,,,,,,,,,,,,,,,,,,,,,,,,,,,,,,,,,,,,,,,,,,,,,,,,,,,,,,,,,,3.16854677849663,3.20476374117743,3.2740574454924,3.36335853912148,3.45699811177014,3.46899412230229,3.4518024533798,3.47248524936854,3.43760938313045,3.4285124192085,3.4082300554311,3.36772189626534,3.31800859152301,3.28174819241087,3.27349398767329,3.3227887594901,3.3938364169211,3.49558401249864,3.49308700822519,3.35668253162052,3.18641763856549,2.97896911752441,2.81402935840588,2.69491954014827,2.66539675800663,2.7265427573091,2.84607515526687,2.93579951303851,3.15822327449062,3.10702786034462,3.18754035985727,3.23602941002167,3.42865625139583,3.4916107998636,3.48376846349405
"Tunisia","TUN","Lower","female 5q15","female",,,,,,,,,,,,,,,,,,,,,,,,,,,,,,,,,,,,,,,,,,,,,,,,,,,,,,,,,,,,1.80728012058838,1.85434510739637,1.89208955502162,1.93118533190355,1.96751358389691,1.96609428833351,1.93565026350157,1.90125384823071,1.8453060509925,1.77722035337978,1.68932179316347,1.61487872728406,1.54178294405523,1.47794158467127,1.41601249863214,1.36910453260343,1.33285908139939,1.29682610606093,1.28021527952032,1.26489853771455,1.26560461653697,1.2715260710953,1.30046420961065,1.33039906650024,1.37812089482586,1.43278618239281,1.48629553491694,1.52564707184255,1.54765026305653,1.56376918850591,1.5766085125189,1.60771652669187,1.64755746143727,1.65600267366817,1.63721816197619
"Tunisia","TUN","Median","female 5q15","female",,,,,,,,,,,,,,,,,,,,,,,,,,,,,,,,,,,,,,,,,,,,,,,,,,,,,,,,,,,,2.29963162060183,2.28499542543767,2.27366427326224,2.26432924744801,2.25778002485961,2.22604913533386,2.18401613770487,2.14174591447581,2.07922545530097,2.01659097931509,1.93939049434362,1.88474711608174,1.83218358149377,1.78199868839965,1.73887772929393,1.70045809004476,1.66216071820606,1.62928427442894,1.6008506834388,1.58337891925259,1.57137482347417,1.56543031505731,1.57324768518671,1.58753622310145,1.61158336006581,1.64343720401054,1.68421730662951,1.72038171920086,1.74393927214273,1.75987599836005,1.78167619739605,1.82801265618677,1.9015537072663,1.97179660982971,2.0083698698772
"Tunisia","TUN","Upper","female 5q15","female",,,,,,,,,,,,,,,,,,,,,,,,,,,,,,,,,,,,,,,,,,,,,,,,,,,,,,,,,,,,2.85503865553021,2.76686778756738,2.68863761995105,2.61907810707005,2.56923158161322,2.50350413023472,2.4490912315543,2.39521201390161,2.33387803996629,2.26970880104608,2.21317454027731,2.18698718066448,2.15679805489011,2.12500948557807,2.09477140534421,2.0654143349075,2.0302486278273,2.00424952235756,1.97399137135096,1.94753431705313,1.91873682458177,1.8924178717623,1.88043938522097,1.87020435293002,1.87581202740468,1.88268856803684,1.90423708694012,1.9305006864187,1.94752501619871,1.97134184609121,1.99878547509328,2.06769559884454,2.18539828017509,2.32402744850789,2.42512572685942
"Turkey","TUR","Lower","female 5q15","female",,,,,,,,,,,,,,,,,,,,,,,,,,,,,,,,,,,,,,,,,,,,,,,,,,,,,,,,,,,,3.33068112533785,3.1912762569113,3.10535107834055,2.98136215461618,2.92183478025534,2.85324959978988,2.76362655497225,2.70388766394138,2.59961279106027,3.33143458133797,2.41017141548172,2.3289870902712,2.23829964156438,2.13991976647766,2.0523518111466,1.96338883158269,1.89156054837135,1.83708691782802,1.78066238579536,1.7536967101448,1.76068639295277,1.66576675487001,1.55751129701749,1.39892983114441,1.31167331742418,1.31353872572476,1.25175266603779,1.21389447699715,1.19938784903995,1.20019721812274,1.20907053710744,1.25268058650068,1.31426980275129,3.56428516309022,1.31213132278562
"Turkey","TUR","Median","female 5q15","female",,,,,,,,,,,,,,,,,,,,,,,,,,,,,,,,,,,,,,,,,,,,,,,,,,,,,,,,,,,,8.15222095777285,7.32105041573411,6.65370115120282,6.04889930680942,5.54061345370451,5.13852227685607,4.70316557744551,4.37242008510732,4.0173241083289,4.89423270847226,3.41958828817066,3.19271669074526,2.96050489836019,2.75325819455891,2.5668487409548,2.40527186750873,2.26061046784633,2.13501539621864,2.02062687821382,1.92192304289066,1.84520562927542,1.73449708602007,1.61954436762525,1.45982200364681,1.36969488530302,1.37066916661043,1.30493995526303,1.26725843047225,1.25367973353476,1.25421289843349,1.26518475944809,1.30976597742089,1.37324648987179,3.81914363227821,1.38866066905375
"Turkey","TUR","Upper","female 5q15","female",,,,,,,,,,,,,,,,,,,,,,,,,,,,,,,,,,,,,,,,,,,,,,,,,,,,,,,,,,,,11.9987737251284,10.7741487477473,9.73570898671285,8.83072220839226,8.00608601911537,7.33876336309994,6.65829288894732,6.11178478462346,5.53824174073643,6.67568622701453,4.56635042355716,4.17548573320175,3.80524397791085,3.47286790720564,3.14109271427815,2.89484687559384,2.66912477170238,2.46379945823158,2.27654742648175,2.11157966322713,1.93527446390088,1.80566861026932,1.6866265807585,1.52209669490637,1.42803902130013,1.43049832765448,1.3592813995861,1.32340569570129,1.30935599420886,1.30809324185904,1.32116737965431,1.36796351611582,1.43528221413764,4.08836276036539,1.46846478408863
"Turkmenistan","TKM","Lower","female 5q15","female",,,,,,,,,,,,,,,,,,,,,,,,,,,,,,,,,,,,,,,,,,,,,,,,,,,,,,,,,,,,2.99128156574426,3.1534459789206,3.3088284191389,3.49422257889579,3.74097836956839,4.05239875662207,4.386890810633,4.51419017579422,4.40890807293281,4.18912301465186,3.94945090712499,3.82209213772939,3.81392501981251,3.89305070982003,3.97180877404877,4.04031736762549,4.01907756096538,3.91071270644222,3.73016171723902,3.5750096572855,3.48394791535626,3.44131923243858,3.40149426822,3.33611348958983,3.21707124387598,3.07283418952958,2.88170137479583,2.69201871535042,2.49566867816475,2.30616830065792,2.14295464902492,1.9909762671927,1.87043994801754,1.72860097580918,1.63034754453863
"Turkmenistan","TKM","Median","female 5q15","female",,,,,,,,,,,,,,,,,,,,,,,,,,,,,,,,,,,,,,,,,,,,,,,,,,,,,,,,,,2.96950181404483,3.18361530033033,3.34726822459261,3.50739281627811,3.67424454936646,3.87383457564755,4.14391041989581,4.49492074526731,4.86422691057197,5.01100519121384,4.8953972538857,4.67160812405054,4.41021721117556,4.26033270507286,4.23795889809773,4.31104575454651,4.40372844030421,4.46433649292423,4.45803730815617,4.33584528104952,4.13916696903522,3.96438276237198,3.85929488541437,3.80601172551426,3.77191243079772,3.72658595079868,3.62802489717754,3.51933675620103,3.39632010037485,3.28275425282952,3.1720519920511,3.06499191248458,2.96174566682404,2.89108611420519,2.81832258162349,2.71952236237841,2.6443417647588
"Turkmenistan","TKM","Upper","female 5q15","female",,,,,,,,,,,,,,,,,,,,,,,,,,,,,,,,,,,,,,,,,,,,,,,,,,,,,,,,,,,,3.74240182696024,3.88075359852863,4.04498343171582,4.26577886761664,4.56333016956137,4.95277268598234,5.36909062007214,5.51409919292915,5.39133849723411,5.15720169555987,4.88052096747825,4.70547239071343,4.66749568435406,4.74704523548193,4.86316869344143,4.93117021117377,4.91128703853659,4.7724695882892,4.54949563810584,4.35346746413617,4.24507389951765,4.18836824779089,4.14772192980681,4.12096140285506,4.05172723969969,4.00139290281641,3.96554141024873,3.94216376174442,3.94043115575804,3.94703160713699,3.93904307967918,3.94989630121527,3.95505599472343,3.91956894725468,3.9171856167708
"Turks and Caicos Islands","TCA","Lower","female 5q15","female",,,,,,,,,,,,,,,,,,,,,,,,,,,,,,,,,,,,,,,,,,,,,,,,,,,,,,,,,,,,1.97874253930468,1.93815686555605,1.87534641858493,1.81097397863299,1.76503631399198,1.7157894332401,1.66252712840993,1.62337511781561,1.58158734509164,1.52790826891076,1.48157101981686,1.42596017813713,1.37539500023637,1.31958427780565,1.27318424909835,1.22956364353077,1.18796087853821,1.15820714872032,1.12581576309401,1.11624793207755,1.1063165149639,1.08858419619107,1.07545604950912,1.06096992887148,1.0371426560394,1.01633302183495,0.996242017089439,0.978559522707079,0.960349132469559,0.943324047020833,0.92424774118659,0.906099888678461,0.882376599859731,0.855698429414763,0.828238592793362
"Turks and Caicos Islands","TCA","Median","female 5q15","female",,,,,,,,,,,,,,,,,,,,,,,,,,,,,,,,,,,,,,,,,,,,,,,,,,,,,,,,,,,,2.74617165707723,2.66577929098508,2.58988186768939,2.50913332647158,2.43810482468731,2.37386054425148,2.31189947816013,2.24896022854743,2.19176130728722,2.1318242703054,2.07321334079158,2.00633918028977,1.93965859793411,1.87226719574887,1.81256927082089,1.75871460149182,1.71199826435314,1.67210930331103,1.64410105722445,1.62892614854692,1.6180932125533,1.6010710594109,1.58453067953101,1.56337821223466,1.53844743966793,1.51581082122813,1.49074977004672,1.46889345370549,1.44770922862311,1.43152204213716,1.41540004417088,1.39517070215747,1.37275678022178,1.34169986523033,1.31486414952296
"Turks and Caicos Islands","TCA","Upper","female 5q15","female",,,,,,,,,,,,,,,,,,,,,,,,,,,,,,,,,,,,,,,,,,,,,,,,,,,,,,,,,,,,3.74754257014819,3.64315219764651,3.53713999980861,3.42646032196903,3.33932133729825,3.25333293738399,3.16255344822771,3.08628843863512,3.00572981338546,2.93632682905705,2.85038081683715,2.77514862925251,2.70169488267589,2.60606299036557,2.53283607980357,2.47241045608944,2.42728309700566,2.38024545452219,2.3433245492873,2.3321444602848,2.31577369527536,2.29250089248384,2.27961658439401,2.2515620899603,2.22780583887303,2.21233482155798,2.19013341579728,2.1578996556925,2.13361185421488,2.12271038795843,2.10321952677347,2.08595610703936,2.06769631378755,2.03244530053423,1.99675476960757
"Tuvalu","TUV","Lower","female 5q15","female",,,,,,,,,,,,,,,,,,,,,,,,,,,,,,,,,,,,,,,,,,,,,,,,,,,,,,,,,,,,3.65601084180462,3.65652784716224,3.59769123595011,3.56312081352819,3.54684843729069,3.50342835997844,3.41332814735167,3.33656663006102,3.2259674163952,3.10587439337707,2.9562906612431,2.84643041596989,2.74991518505272,2.68536498447842,2.64899513368863,2.58419266854664,2.55913310660578,2.49074689067165,2.43858029525774,2.36712192465573,2.31052852831185,2.2562140754932,2.20474064936271,2.13533491115965,2.06874172272075,2.01553359201664,1.95386034106057,1.89550693637096,1.83066777882554,1.78070561578718,1.74160716025262,1.69881611192328,1.65290557951985,1.59029053780472,1.54364755267467
"Tuvalu","TUV","Median","female 5q15","female",,,,,,,,,,,,,,,,,,,,,,,,,,,,,,,,,,,,,,,,,,,,,,,,,,,,,,,,,,,,5.0254097264967,5.01015858985352,4.94706693607233,4.90007967571245,4.87830674383645,4.81120283307471,4.70368993760041,4.58732244923492,4.44438135751751,4.30631538511883,4.1315471735671,4.00033805133212,3.88790969497284,3.80568570417849,3.77758878290833,3.71295715492273,3.6541624952888,3.59385593914958,3.52121581526064,3.43452016162343,3.35723545963829,3.29350857360372,3.2178047157539,3.15161138392744,3.09160744239418,3.0235195588312,2.96365158026453,2.900851513914,2.82802756868809,2.76544987997853,2.70973473365144,2.66075019737589,2.60458553893556,2.54371706834157,2.48169194252439
"Tuvalu","TUV","Upper","female 5q15","female",,,,,,,,,,,,,,,,,,,,,,,,,,,,,,,,,,,,,,,,,,,,,,,,,,,,,,,,,,,,6.84952223180525,6.83744836727145,6.73610993463139,6.70280252221416,6.63387725865721,6.56829755901675,6.44838242748242,6.28893799429024,6.10660394679117,5.92988239021541,5.75397736696598,5.59265363451261,5.4701579711383,5.40051438262014,5.3738503728849,5.2663065990789,5.20583870198051,5.13752642858222,5.03034603429238,4.92363971850822,4.82147327794129,4.72580122803128,4.63291316155552,4.55476022754114,4.46306612509577,4.38977897149864,4.3273460773096,4.26494337190445,4.1880161053538,4.12093383071155,4.05515028534997,4.02112991724771,3.95488051123581,3.8954437118454,3.84647510716573
"Uganda","UGA","Lower","female 5q15","female",,,,,,,,,,,,,,,,,,,,,,,,,,,,,,,,,,,,,,,,,,,,,,,,,,,,,,,,,,,,16.1848645241975,17.0950547615885,17.8452337452917,18.4931702220058,18.6982758885509,18.5533802472609,18.0919928799325,17.5053374297632,17.018201648408,16.3292659670918,15.5638650566624,14.7106556601095,13.777350705249,12.7794158463708,11.6066432718487,10.6544700075933,9.8224599751782,9.10080644139499,8.59157997445761,8.1057073241154,7.86598520896312,7.66992241959737,7.45255116646092,7.308666743973,7.06554223040452,6.7820721661125,6.39778990981259,5.91205054858633,5.41891532082822,4.92973581583708,4.47201559089187,3.95312113887956,3.52123035004846,3.13337430942558,2.81409061203489
"Uganda","UGA","Median","female 5q15","female",,,,,,,,,,,,,,,,,,,,,,,,,,,,,,,,,,,,,,,,,,,,,,,,,,,,,13.8087804379383,14.6114869862455,15.3836356939629,16.2200819890711,17.0538390050945,17.9510492181003,18.9212269464784,19.8105642698873,20.7008865058558,21.5265822367869,22.0704802165614,22.2268767088933,21.9860249530514,21.4773976631647,20.7459344663398,20.1359575799593,19.3326314832921,18.4332891579802,17.3951982529605,16.3170089543214,15.1469399698317,13.907380995751,12.7553650323567,11.8454185442726,11.0452913832507,10.4646770149376,9.94737115730407,9.72116659546333,9.55603577057495,9.35155596117752,9.24900182055814,9.02918763108794,8.74909243718647,8.39838827518997,7.898777033685,7.3760219649022,6.82411481988901,6.33273620267468,5.76854889583931,5.27171089856949,4.82588166080201,4.50867711717399
"Uganda","UGA","Upper","female 5q15","female",,,,,,,,,,,,,,,,,,,,,,,,,,,,,,,,,,,,,,,,,,,,,,,,,,,,,,,,,,,,24.2705662184521,25.0898594511059,25.8738921337271,26.3376134513699,26.4570625077999,25.9855357821369,25.310460003763,24.3523548281201,23.5930901217924,22.610684630044,21.5313796846637,20.4069283806106,19.1469497305592,17.7932848497784,16.4057761076545,15.1578859983156,14.1251538493515,13.2699863702963,12.6682830027852,12.1426858841646,11.9967491536404,11.8990615667267,11.8264336810804,11.9068000620902,11.8710119963878,11.7212665959268,11.47166954887,11.0372210805178,10.5206829880732,9.97328353885355,9.42311745290915,8.81821662301502,8.23385380901603,7.71777592587405,7.37214692180172
"Ukraine","UKR","Lower","female 5q15","female",,,,,,,,,,,,,,,,,,,,,,,,,,,,,,,,,,,,,,,,,,,,,,,,,,,,,,,,,,,,2.68818280639656,2.69340050063482,2.72474345823768,2.7507582050682,2.84624864053452,2.91282428391286,2.88258690062702,2.69584315941341,2.62275648615109,2.49429443394495,2.47716813895553,2.51195444237083,2.47718615480162,2.30431875089116,2.15397918962554,2.06084815202987,2.13113086708726,2.1123989006958,2.0570457526868,1.88273654837842,1.87189266087143,1.70917297237141,1.66111976506665,1.6050477681642,1.56794845798854,1.47887066631475,1.43435361617996,1.3639424341369,1.31417994308899,1.32461737959007,1.36642359103818,1.43078336087963,2.29836804467026,1.7770672353474,1.85926826109008
"Ukraine","UKR","Median","female 5q15","female",,,,,,,,,,,,,,,,,,,,,,,,,,,,,,,,,,,,,,,2.62929455328105,2.5786599780221,2.53383301345018,2.49377570191563,2.48656681675927,2.4708709438452,2.45612835630717,2.45759985895584,2.47461934925041,2.49870067800544,2.52197799446528,2.52623343544398,2.52652631609338,2.43149333226393,2.47574344614046,2.3916507580445,2.43182085334313,2.46883852151409,2.43898663358332,2.58492652981736,2.63392620785043,2.7946017216529,2.79950983034776,2.83373266502006,2.86368906387357,2.95776883798181,3.02877709236893,2.9991708042739,2.80228142883449,2.72949126196881,2.59867567292325,2.58163143456098,2.61600243397478,2.58032069014899,2.4010796351568,2.24421134537661,2.15219185906784,2.22947506791953,2.20635739102947,2.15121042665542,1.97737497303377,1.96324888972696,1.79893776875221,1.75016326369735,1.69658360001313,1.68719403624367,1.56808826699287,1.52135858656818,1.44983715946771,1.39710138778494,1.4066397511281,1.4545158637242,1.5412945737901,2.57725661543355,2.06396552441656,2.25366974147956
"Ukraine","UKR","Upper","female 5q15","female",,,,,,,,,,,,,,,,,,,,,,,,,,,,,,,,,,,,,,,,,,,,,,,,,,,,,,,,,,,,2.90605280563076,2.91487755835319,2.94528388735703,2.97801595775272,3.07468898339996,3.14991970147995,3.11577510942107,2.91206312426657,2.83497598030394,2.70137328493929,2.68608919703944,2.72129469335339,2.6871810717243,2.4975970018778,2.33954373850282,2.24296513008449,2.32834260185783,2.29975760977495,2.25039015627587,2.07520149846373,2.05729137450254,1.89294125453579,1.84231098141762,1.79360468473108,1.81724263291326,1.66508269461992,1.61165873521104,1.53902367121881,1.48341450101304,1.49454837363069,1.54606254091332,1.65636386401067,2.87377127940818,2.39291440198501,2.71819341054245
"United Arab Emirates","ARE","Lower","female 5q15","female",,,,,,,,,,,,,,,,,,,,,,,,,,,,,,,,,,,,,,,,,,,,,,,,,,,,,,,,,,,,1.23776129260971,1.21778099178727,1.21229339921048,1.19649378286282,1.19465010794169,1.19709042944685,1.19007773691914,1.11367503942602,1.08154988685395,1.06203989205654,1.0488738805762,1.02760505625604,1.00938631435599,1.00008800278,0.98500922361031,0.973927795713665,0.967006025186043,0.963324386787222,0.965726992382349,0.970487581487836,0.973117111507956,0.967363714079234,0.968269309937023,0.95529454598374,0.938738130518647,0.919171930476933,0.902576978194642,0.879878691224961,0.856047850541179,0.832376082239016,0.80339879628741,0.776098816483826,0.757734541232436,0.733395527610115,0.719302482765765
"United Arab Emirates","ARE","Median","female 5q15","female",,,,,,,,,,,,,,,,,,,,,,,,,,,,,,,,,,,,,,,,,,,,,,,,,,,,,,,,,,,,1.72806963332686,1.70135321758346,1.68398039146637,1.67485158144254,1.66695797942384,1.66444193663214,1.65436480017222,1.57215573987572,1.53386481265877,1.51270686346251,1.50254289133103,1.49175541999294,1.47489221589369,1.46202994112201,1.4446031022536,1.43241977450115,1.43093031403866,1.43431017585095,1.43981277507315,1.44899322650753,1.45168393986016,1.45078266469549,1.45431921258402,1.44691501207473,1.42540177200072,1.40454164769142,1.381572988276,1.3592433838399,1.33083001817034,1.30205248737077,1.2737272245691,1.24300185786276,1.21433185629003,1.18963265513055,1.16872512891439
"United Arab Emirates","ARE","Upper","female 5q15","female",,,,,,,,,,,,,,,,,,,,,,,,,,,,,,,,,,,,,,,,,,,,,,,,,,,,,,,,,,,,2.38225836481418,2.35154384286342,2.33875845086264,2.32042966337767,2.31426471299681,2.30491588421543,2.29948320257064,2.19572026976946,2.16287655808055,2.1501811637056,2.12482642909131,2.10186348863801,2.09557097638023,2.08460334514117,2.0651867960703,2.06180009436177,2.0631297924583,2.076429751194,2.07807575318197,2.09810766890819,2.10654070984776,2.10709384355043,2.11690551871892,2.11322927223607,2.0927405678668,2.08126918773351,2.05816418492278,2.03139524674007,1.98966244282547,1.96102534905584,1.92420472387168,1.89046343268205,1.86058398087472,1.83163837062964,1.81625522852865
"United Kingdom","GBR","Lower","female 5q15","female",,,,,,,,,,,,,,,,,,,,,,,,,,,,,,,,,,,,,,,,,,,,,,,,,,,,,,,,,,,,1.3514128908046,1.34683693396954,1.3653226604849,1.33130747489983,1.27229295208842,1.27372771205969,1.31780300235906,1.3175973166362,1.3127194237447,1.2711120665112,1.22539588230709,1.18125115029052,1.17682118326624,1.16915555272012,1.17848507766749,1.11370056649609,1.07247724864341,1.03634288434363,1.00238703189951,0.949069394407705,0.932356833818022,0.834287101875341,0.775178568260642,0.773684752059582,0.805081933815879,0.811297389020963,0.799688062943595,0.791625884876497,0.789536956440002,0.796531099040456,0.771987750519646,0.744789220729809,0.747625664578248,0.719489231122204,0.690603950462302
"United Kingdom","GBR","Median","female 5q15","female",,,,,,,,,,,,,,,,,,,,,,,,,,,,,,,,,,,,,,,1.77058333414073,1.79774785076986,1.89442722576153,1.99415248329338,2.01271718684161,1.90406354110409,1.88157518321182,1.80722953172341,1.82748515580158,1.78884101993338,1.65916468899628,1.65524100571614,1.5778994381325,1.50138015034975,1.51489863602131,1.47137588029072,1.45132131523241,1.43697100381735,1.45032443369595,1.48421049544492,1.47484628240939,1.41625637785724,1.41171643916756,1.43387645350355,1.40168513130856,1.33876247304037,1.33995874614262,1.38388989850547,1.38531941845651,1.3805287055652,1.33302113530513,1.28685543648167,1.24205162728055,1.23649938092015,1.22919999859564,1.23565150881619,1.17028277514886,1.12786302921177,1.08832460520391,1.05210015506956,1.00009716694685,0.981686368637225,0.880556087733887,0.819300940600475,0.816625088612305,0.848392539050229,0.855557787685956,0.844189159155591,0.836394600389852,0.832206163244664,0.842466219967269,0.817633643346286,0.788884964345366,0.794134523478607,0.772806343564063,0.772873184724059
"United Kingdom","GBR","Upper","female 5q15","female",,,,,,,,,,,,,,,,,,,,,,,,,,,,,,,,,,,,,,,,,,,,,,,,,,,,,,,,,,,,1.4847637772798,1.48002092898223,1.50469038944393,1.47319578511801,1.4058036499886,1.40999910632699,1.45138098085209,1.45134978315083,1.44804222935081,1.39844935955951,1.35132055673652,1.30555692387626,1.29871187579299,1.29181140385305,1.2959026486147,1.22888160342732,1.18451830864203,1.14237856610118,1.10558925833251,1.05181562665525,1.03393551614122,0.929694785499165,0.866044708391808,0.862921878941721,0.892516521968905,0.89992011634147,0.889291978063349,0.882102820603462,0.87720718355187,0.888562504500021,0.864068602607511,0.834435694985443,0.842692943454608,0.82846029474368,0.862382238369592
"United States of America","USA","Lower","female 5q15","female",,,,,,,,,,,,,,,,,,,,,,,,,,,,,,,,,,,,,,,,,,,,,,,,,,,,,,,,,,,,2.24445078819622,2.22964067979726,2.18785875726415,2.19201264277099,2.14240177546438,2.18869385704514,2.15065763265819,2.11160858343751,2.01714989801903,2.0092442934069,1.9376562652786,1.88323860726374,1.91972459616486,1.89562415897413,1.91207722707429,1.81440116345217,1.75896113001809,1.71096473440203,1.58586861255754,1.5356429813545,1.39388208600826,1.3416064016215,1.31570063235601,1.32442286349844,1.3361121784796,1.38831488190444,1.39478484077493,1.39737925394163,1.4672143068463,1.47827351081696,1.50690222108024,1.61831207021788,1.64030067169812,1.53746194793514,1.34169797229697
"United States of America","USA","Median","female 5q15","female",,,,,,,,,,,,,,,,,,,,,,,,,,,,,,,,,,,,,,,3.25184602984734,3.11616259124213,3.14821187660028,3.08011400041182,2.98144479713509,2.79010181458305,2.73508253829317,2.710860808411,2.70956369985236,2.6936075276728,2.63558656201806,2.57571870202939,2.50072104981851,2.32192838867017,2.32095428221416,2.31759989387484,2.34320274558126,2.35801681950606,2.45791248971542,2.42181245439113,2.45252678477298,2.3018793695773,2.28772396796331,2.24831099680064,2.24953445109123,2.20037500225166,2.24771582938427,2.20668050833287,2.16545983648699,2.07010524461785,2.06640081032832,1.98953735490093,1.93407006736212,1.96992921270065,1.94588085811411,1.96253829931111,1.86220366220211,1.80624069503096,1.75753640785787,1.62969083375517,1.57803710410073,1.43484991709273,1.38192170199686,1.35499882422173,1.3628680040654,1.37482134772402,1.42771935978729,1.4346656678365,1.4386208628749,1.51047070721497,1.52212938518036,1.55046714308398,1.6641934086613,1.69217422538653,1.59354590453555,1.47797126613173
"United States of America","USA","Upper","female 5q15","female",,,,,,,,,,,,,,,,,,,,,,,,,,,,,,,,,,,,,,,,,,,,,,,,,,,,,,,,,,,,2.36135571845785,2.34991170605696,2.31063506426505,2.30986948336325,2.26082453886164,2.30815984730816,2.26548864713604,2.22144705250232,2.12446351770265,2.12168920890131,2.04271546636639,1.98576276933913,2.02074876135749,1.99682994690197,2.0127060288853,1.91034120818156,1.85427959833438,1.80565378187969,1.67510049184051,1.62156009121224,1.47632468111505,1.42236281116956,1.3945596760748,1.40128901511679,1.41464301073353,1.46851954915895,1.47702602625299,1.48148871888945,1.55395675576795,1.56721586359206,1.59434947635972,1.71307562979496,1.74708531961758,1.6527397480725,1.62468077374762
"Uruguay","URY","Lower","female 5q15","female",,,,,,,,,,,,,,,,,,,,,,,,,,,,,,,,,,,,,,,,,,,,,,,,,,,,,,,,,,,,2.39965521664272,2.41229925604454,2.33698081346437,2.30459922295443,2.28507719016022,2.29091365768412,2.27552501822857,2.21867765464706,2.08948158542572,1.95704300095861,1.8716083756523,1.76371205436182,1.65444350632634,1.60121367212018,1.6073957057491,1.61442725813378,1.60809121037024,1.64300537900079,1.67391082716373,1.71993921702258,1.72768064301246,1.71907404384382,1.68646551481173,1.6837324089129,1.66379497050753,1.63917262828059,1.59022563307453,1.56567173754297,1.60211232931401,1.6816614073846,1.73925765234726,1.78539683998732,1.79274704604833,1.75080702893691,1.68304432054914
"Uruguay","URY","Median","female 5q15","female",,,,,,,,,,,,,,,,,,,,,,,,,,,,,,,,,,,,,,,,,,,,,,,,,,,,,,,,,,2.63180108673899,2.62357078972222,2.64945654579637,2.639719348047,2.563818429096,2.52394208221573,2.50299747101169,2.50956227602449,2.50518610571796,2.44371338595642,2.31150098832316,2.16476560817644,2.07259897011564,1.95301801359568,1.83877517720046,1.77893376740138,1.78113563357644,1.78957120530224,1.77912692411925,1.81884184829638,1.85555772075947,1.9100845346663,1.91960341646321,1.92038937320605,1.88241882033769,1.87169336204373,1.8461730072859,1.82114848809635,1.77144876965137,1.74747449887384,1.7869584452381,1.88044586681066,1.95615542598811,2.01732533213193,2.064194282246,2.07844943116351,2.07196739973143
"Uruguay","URY","Upper","female 5q15","female",,,,,,,,,,,,,,,,,,,,,,,,,,,,,,,,,,,,,,,,,,,,,,,,,,,,,,,,,,,,2.92333231576687,2.89218740042029,2.80647540180733,2.75935493353578,2.72931433478664,2.73643872274341,2.73464823045613,2.6765127981859,2.53153801557966,2.3831652439172,2.27939236021348,2.15390974700808,2.02868993739612,1.96285340468335,1.95885085527989,1.96806680874753,1.96764633476916,2.0098176287058,2.05372727279271,2.1237218356902,2.14418370463335,2.15761119592185,2.10472884424906,2.07935314288656,2.04628892857501,2.01828927965767,1.96685946623025,1.9428470866317,1.98326927041439,2.09180150385354,2.18334154340197,2.27386361832112,2.36124579654938,2.44500185775603,2.50910786320324
"Uzbekistan","UZB","Lower","female 5q15","female",,,,,,,,,,,,,,,,,,,,,,,,,,,,,,,,,,,,,,,,,,,,,,,,,,,,,,,,,,,,2.69454355386978,2.84579003299582,2.98478616443657,3.08113401363962,3.11534106241921,3.11980977029918,3.08258312649151,3.04358921373096,3.00363769929423,2.92203748373397,2.80838095431248,2.66214643235949,2.47657997393439,2.28136625190677,2.10611093886499,1.99002182805005,1.94973047376086,1.94646568034664,1.95849901045486,2.00582363438767,2.07386400759753,2.16770673081017,2.28053969511388,2.38383330800639,2.49660466467871,2.61960828804661,2.72629035820047,2.76164342515731,2.7125447502038,2.67313770768916,2.69790517522334,2.8013485261968,2.97634637086976,3.25120517355264,3.3570464302484
"Uzbekistan","UZB","Median","female 5q15","female",,,,,,,,,,,,,,,,,,,,,,,,,,,,,,,,,,,,,,,,,,,,,,,,,,,,,,,,,,2.69882620635377,2.86026233247304,3.01646844376528,3.16678374668296,3.31376982128671,3.41197135438566,3.44303831237982,3.4371978674332,3.40443606417922,3.36276586359085,3.31437431356062,3.23033838287019,3.10630179346505,2.94841617036103,2.74687570598862,2.5233012171604,2.32987559230564,2.20322786448728,2.15375826333495,2.14937935299878,2.16315118022038,2.21133856154657,2.28658661013659,2.38746951948869,2.49966108427884,2.61045775970901,2.73754875202216,2.87516557319472,2.98501813781697,3.0155991393866,2.96395332990519,2.91678653480085,2.93193485768696,3.0324406085867,3.19397352808198,3.4066445067253,3.55151752589482
"Uzbekistan","UZB","Upper","female 5q15","female",,,,,,,,,,,,,,,,,,,,,,,,,,,,,,,,,,,,,,,,,,,,,,,,,,,,,,,,,,,,3.3549941792942,3.50609971975456,3.65581422411492,3.75427973970608,3.78690160238389,3.77526047074906,3.74537059075133,3.69618676222413,3.64394255871712,3.55489254707488,3.42315975594739,3.24683751491818,3.02269831744472,2.7759266012391,2.5617018332293,2.42192230719534,2.36567987417222,2.35513816298148,2.37624540587559,2.42036471982071,2.49663367937768,2.60552046317182,2.7342217568847,2.85763896449449,2.99080044131503,3.1387587178501,3.25381617536807,3.29785240910669,3.22868319351196,3.16146778982111,3.17285882627803,3.26753885293956,3.4117009838316,3.56607648636577,3.75466065023832
"Vanuatu","VUT","Lower","female 5q15","female",,,,,,,,,,,,,,,,,,,,,,,,,,,,,,,,,,,,,,,,,,,,,,,,,,,,,,,,,,,,2.55965669287683,2.46371303487812,2.3905546531159,2.34067594168241,2.30593309733895,2.29361997392885,2.27729314657492,2.2771585129562,2.24823047170796,2.22341200207133,2.19821110092766,2.17093749318496,2.13930780288921,2.10394501067155,2.07803096917072,2.04325050197639,2.00702546020002,1.96656392181281,1.91855265423396,1.86528884965745,1.81803137060384,1.7721730540043,1.73227838590235,1.70686971664087,1.67294868371159,1.64858607640163,1.62717367133916,1.61030310928347,1.58699071705387,1.57787358793797,1.56259279959876,1.53876747477164,1.51086710034326,1.48043380514095,1.44726261621768
"Vanuatu","VUT","Median","female 5q15","female",,,,,,,,,,,,,,,,,,,,,,,,,,,,,,,,,,,,,,,,,,,,,,,,,,,,,,,,,,,,3.53136371047465,3.40442149844315,3.31286909010102,3.23541911675537,3.19791193065944,3.17555244870295,3.15973751540005,3.14039095945163,3.12541399294133,3.10421728491235,3.07119012745935,3.04026120341198,3.00760580025796,2.98286482241342,2.9647079931714,2.93282325905555,2.89922213149359,2.85308553011728,2.80544349151009,2.73758184674682,2.67969212404672,2.62324978408271,2.57752362035668,2.54012199340024,2.51406009687633,2.48871709904639,2.47811303774653,2.47339783230466,2.45566972082396,2.44182855108026,2.43335752577403,2.42270827146465,2.39911107195996,2.37573396245523,2.34805305745851
"Vanuatu","VUT","Upper","female 5q15","female",,,,,,,,,,,,,,,,,,,,,,,,,,,,,,,,,,,,,,,,,,,,,,,,,,,,,,,,,,,,4.83227604119025,4.66310392994739,4.53786495966561,4.43080982166088,4.37407916796624,4.33703504583202,4.32023893840262,4.29992546002692,4.28456933835016,4.25446753823672,4.21686100085199,4.19696702405927,4.16021324400736,4.1445335766633,4.13270889454429,4.10086518507243,4.08452934259131,4.02642569070559,3.97237420243667,3.90821532328764,3.83576537491123,3.76748879513081,3.71657938823525,3.68475178900011,3.66148885837186,3.66335648724189,3.66349038464297,3.65281056510241,3.65588948741866,3.64746645020848,3.67365292161183,3.66460973838087,3.65136709408864,3.62954771705005,3.59997253267936
"Venezuela","VEN","Lower","female 5q15","female",,,,,,,,,,,,,,,,,,,,,,,,,,,,,,,,,,,,,,,,,,,,,,,,,,,,,,,,,,,,2.67335938941337,2.78136096304523,2.86418372228215,2.88627623293938,2.81908483973899,2.6512482126814,2.41682540245606,2.21893714494284,2.12927311239138,2.22130121991542,2.43075251738629,2.66225144322109,2.86507744003241,2.86165189397993,2.71563488419742,2.57645470374559,2.59497228577271,2.80354577323552,2.94960452484077,3.00246861362082,2.99051340824011,2.93824968336349,2.94134598701554,2.90983531222519,2.87386743459329,2.82648159195967,2.704365162388,2.68213099355627,2.45168434465968,2.07743011522882,1.88817108656221,1.69708722335521,1.54911070326465,1.429920683356,1.31731212370454
"Venezuela","VEN","Median","female 5q15","female",,,,,,,,,,,,,,,,,,,,,,,,,,,,,,,,,,,,,,,,,,,,,,,,,,,,,,,,,,,2.9700574840196,3.02179666127172,3.1176385557553,3.1975925791086,3.23236980140743,3.143950178977,2.95525151848725,2.7050024825399,2.48317582675716,2.39877915885407,2.49140149547818,2.72710325267934,3.00007403710107,3.23012188419004,3.230877820008,3.07757289424285,2.92313163348011,2.94735323737618,3.1898510677954,3.36000656217693,3.42211052005412,3.41248302519626,3.34749841238363,3.36914371549281,3.37824342540373,3.39417656382415,3.43741286362479,3.38263205445577,3.47890626973285,3.33774172387718,2.94708411760111,2.79690344699588,2.61620832696592,2.49312365327275,2.38267164845744,2.2750358821813
"Venezuela","VEN","Upper","female 5q15","female",,,,,,,,,,,,,,,,,,,,,,,,,,,,,,,,,,,,,,,,,,,,,,,,,,,,,,,,,,,,3.39979337608693,3.49747768818403,3.56539940218369,3.59218239835803,3.49874429246721,3.28260181841327,3.01515214436167,2.77332549824712,2.68054958759193,2.78923630006569,3.06469991413708,3.37672288992729,3.62796459579743,3.64434827140313,3.48488155124628,3.31350169866618,3.33938195554494,3.60444843459288,3.80009174253427,3.87823944809122,3.87152528441199,3.82009246131073,3.87204381011225,3.90804574023423,3.99493904906054,4.13748110125152,4.19429624350903,4.47169608303931,4.45013777540753,4.0717913767889,4.01925108989795,3.87412385497999,3.80317372150103,3.73000433580965,3.68000561324341
"Vietnam","VNM","Lower","female 5q15","female",,,,,,,,,,,,,,,,,,,,,,,,,,,,,,,,,,,,,,,,,,,,,,,,,,,,,,,,,,,,2.75510040120808,2.62234273162818,2.49693787291499,2.40374948468744,2.3076203422253,2.2149810520632,2.12469533762014,2.05507688468368,1.98221243253374,1.90855601550722,1.85585443681476,1.81845386483086,1.76218193650117,1.73730189576233,1.70791451582392,1.68369194194788,1.65415284755587,1.62217631583089,1.58671485586381,1.56063194031851,1.52401032928883,1.49219358430702,1.44865092354593,1.4076082710975,1.36028437721758,1.3108806889497,1.26880920922534,1.20703968891858,1.15939803671358,1.10897091415524,1.06436926586549,1.00845879849017,0.962928344378829,0.913921015277447,0.866841398798356
"Vietnam","VNM","Median","female 5q15","female",,,,,,,,,,,,,,,,,,,,,,,,,,,,,,,,,,,,,,,,,,,,,,,5.56149028923496,5.46758206197189,5.35526235769694,5.26265414181454,5.1558982172571,5.07166735163614,4.97205126186904,4.86758263009862,4.76658374569185,4.61063777212238,4.44306794180675,4.27581660397203,4.09924683755032,3.88510451760056,3.70139621584978,3.53516261499668,3.37375264948056,3.23671305485697,3.1048566888801,2.97737637335566,2.8594964736498,2.75552919020936,2.6502614040755,2.55868247687981,2.47722290730406,2.40538377762906,2.33901931658079,2.27388124325964,2.20745215024658,2.14671072440716,2.08102809113549,2.02133873992381,1.96890161218652,1.90888037915088,1.85063324202261,1.80395069245964,1.75411111478479,1.70615781937233,1.65977094797477,1.61300552617031,1.57298295052196,1.54008835839152,1.50930899408817,1.47548747713461,1.44700670649465,1.41165337839546,1.37738141317975,1.34598873165724
"Vietnam","VNM","Upper","female 5q15","female",,,,,,,,,,,,,,,,,,,,,,,,,,,,,,,,,,,,,,,,,,,,,,,,,,,,,,,,,,,,5.38666754200604,5.13045208177879,4.88734285608459,4.64755677996397,4.42243420916516,4.23349051452934,4.04531529119247,3.88770507112239,3.73230669276759,3.57067324405359,3.43222442732167,3.30458678607289,3.191878452949,3.07941407321018,2.97878242145715,2.86852787757918,2.75282130605591,2.63966158474227,2.5555248268782,2.45751934466747,2.37834905958728,2.28988890070303,2.21951617455463,2.16350495921496,2.11014334652182,2.08320572873171,2.04755036231004,2.02902327074968,2.0179978154711,2.02066259828992,2.01144779023373,2.01606930225187,2.01244789195004,2.00622841972099,1.9964799142548
"Yemen","YEM","Lower","female 5q15","female",,,,,,,,,,,,,,,,,,,,,,,,,,,,,,,,,,,,,,,,,,,,,,,,,,,,,,,,,,,,3.93019784371881,3.85003280214787,3.76025886579656,3.69939556619826,3.64399977636369,3.58343883748526,3.53132852557585,3.45322246387592,3.38057726991112,3.30507557442823,3.19584533340351,3.0861611746204,2.99956071325144,2.89271580148675,2.77915149601746,2.67066581316069,2.57220584245385,2.48085858002261,2.37950899467184,2.33226079416955,2.26973105747906,2.24021435199705,2.20917911477785,2.11580882044905,2.10446197560844,2.27590266233928,2.23068153288181,2.32034915138985,2.33504944934834,2.27677152780547,2.06026692767185,2.01104643503591,1.87584661375459,1.78527407316045,1.73606793213988
"Yemen","YEM","Median","female 5q15","female",,,,,,,,,,,,,,,,,,,,,,,,,,,,,,,,,,,,,,,,,,,,,,,,,,,,,,,,,,,,5.37788579825152,5.26539611667893,5.16155498459458,5.07770694713352,5.01966988772515,4.94656063444781,4.8639766041809,4.77642612156942,4.68248929579606,4.58381424392528,4.45440209421924,4.30723068941539,4.18024034093328,4.04461986989088,3.9175894338515,3.78384042894026,3.67915235795643,3.56700323925732,3.46638846426182,3.38440954086403,3.31140620062534,3.29541789329876,3.26277719389259,3.16080284513509,3.17193512981364,3.43840946865377,3.37281533907359,3.55382605033812,3.606379087165,3.53862424745584,3.20937128847042,3.17762890235544,2.99552897653124,2.88514837641655,2.80609869109314
"Yemen","YEM","Upper","female 5q15","female",,,,,,,,,,,,,,,,,,,,,,,,,,,,,,,,,,,,,,,,,,,,,,,,,,,,,,,,,,,,7.24299342036697,7.08732156634418,6.93030716687223,6.82941745734943,6.78951733466492,6.70196037465568,6.58345770450712,6.49456978298698,6.38209450971245,6.27496532113054,6.12371720662997,5.96071781487681,5.81219620921496,5.59886734048314,5.47175693052623,5.30888773433154,5.1672863291418,5.03535652119001,4.91459044493304,4.80485905258718,4.73356653631464,4.75366117856081,4.73532404572374,4.60594967885782,4.63209430774323,5.04874546898967,4.99793481700495,5.27977209829704,5.3662466649045,5.29384331795879,4.84333548950827,4.82385353612825,4.54716933968986,4.39358811175773,4.32657576375424
"Zambia","ZMB","Lower","female 5q15","female",,,,,,,,,,,,,,,,,,,,,,,,,,,,,,,,,,,,,,,,,,,,,,,,,,,,,,,,,,,,16.4032994824008,16.8091525389693,17.1378058015166,17.2711920989711,17.0428360353428,16.7741775752041,16.504769684289,16.293871871454,16.0183533454363,15.5150602475923,15.041675774405,14.4830940251474,13.7913089200875,13.0262120511343,12.2482348641484,11.4362325229827,10.6041810255748,9.859298431395,9.17667395053067,8.38902506899482,7.67028806136337,6.91795523885633,6.21659497384377,5.49589179216841,4.93219082374493,4.48832480093563,4.06102462646587,3.68861012127244,3.35146036056992,3.06290461683956,2.81358653974873,2.55712250011546,2.31949848682112,2.13867874267631,1.97881641086245
"Zambia","ZMB","Median","female 5q15","female",,,,,,,,,,,,,,,,,,,,,,,,,,,,,,,,,,,,,,,,,,,,,,,,,,,,,,18.1538180349817,18.5298655018958,18.8459491596679,19.2382726616563,19.5694785509599,19.93460395659,20.1931155927372,20.5196851019986,20.7432709074605,20.6842693102622,20.3422623309814,19.9208368967205,19.579788103025,19.3686831241104,19.0448828359544,18.4952252300559,17.9125302922436,17.221210074521,16.4588212579748,15.5638298025399,14.6739488633227,13.697706376828,12.727234527161,11.9078819260655,11.0940249449787,10.1675919828884,9.2891881262086,8.4179261377984,7.67908660276847,6.87116530986235,6.25763564145884,5.73906592724718,5.24647290855576,4.85031157146943,4.50101956717563,4.1917638198812,3.92859255816205,3.6325779126381,3.40694647904429,3.22519894729371,3.06628598580747
"Zambia","ZMB","Upper","female 5q15","female",,,,,,,,,,,,,,,,,,,,,,,,,,,,,,,,,,,,,,,,,,,,,,,,,,,,,,,,,,,,24.9599775375568,25.0104944505519,24.9875798139929,24.6952532818509,24.0866598550292,23.5621086144867,23.0725598603757,22.7416541511632,22.3354913640761,21.7277100282745,21.0363834843551,20.2500752415537,19.2997699164391,18.2956927623814,17.2759334694223,16.1444840415919,15.0621804065769,14.1084400102519,13.1927914260677,12.1281609509009,11.1948584481137,10.1946187746353,9.36707695078125,8.47381734651829,7.82094247370337,7.27082461985565,6.75024283467313,6.34352198876974,6.0118067325038,5.69751676938512,5.47121626754602,5.19260503395762,4.99871413222694,4.83317754803896,4.7032028211141
"Zimbabwe","ZWE","Lower","female 5q15","female",,,,,,,,,,,,,,,,,,,,,,,,,,,,,,,,,,,,,,,,,,,,,,,,,,,,,,,,,,,,4.9060041959009,5.4880072893087,6.16397571490873,6.86766505812931,7.49846955867516,8.03658585356919,8.57827669558026,9.03863909897848,9.40376677228526,9.71536553032906,9.87822497762237,9.95734211035707,9.92331991393616,9.82503324574737,9.6139007090436,9.31512690909175,9.07734115352862,8.82216326310694,8.49150464139739,8.21247111748461,7.98024489033476,7.6666496579175,7.46037776117669,7.14604596620861,6.96275568842894,6.76198521138771,6.61193184767638,6.46408990051154,6.42724625715512,6.30108784679078,6.17879500607253,6.14857730824276,5.93622501579456,5.67551229396959,5.36064949251267
"Zimbabwe","ZWE","Median","female 5q15","female",,,,,,,,,,,,,,,,,,,,,,,,,,,,,,,,,,,,,,,,,,,,,,,,,,,,3.54840722492223,3.73436375604019,3.94607761690627,4.18994759937065,4.45300029182284,4.78307859292331,5.11820065434439,5.59572617246556,6.1376006014235,6.77847544222227,7.51040750279897,8.24826379998278,8.90457341983768,9.55204785217471,10.2057097505303,10.773461616646,11.2445259115654,11.6219893462624,11.8456434756385,11.9564644887147,11.8272197930403,11.7015607012339,11.4331517312007,11.1011533037938,10.8260801709011,10.535011094266,10.123354980056,9.82374276018163,9.55908795490089,9.24209090151177,8.98378987804394,8.71725269834022,8.57665686216417,8.4610243535336,8.36692405309107,8.3219399791112,8.40013071875859,8.38360870115392,8.38051803579051,8.50950589374171,8.49455769170296,8.36425360283799,8.12299315135171
"Zimbabwe","ZWE","Upper","female 5q15","female",,,,,,,,,,,,,,,,,,,,,,,,,,,,,,,,,,,,,,,,,,,,,,,,,,,,,,,,,,,,7.7012881360953,8.361490019243,9.1303756843977,9.85298422253184,10.538408039306,11.244918244121,11.9441971102675,12.6106037155362,13.1260001376135,13.583059917839,13.8391416142633,13.9309269853843,13.7988281448841,13.6860350013005,13.3199557094565,12.9678771981548,12.6373890866065,12.3516780778341,11.9118812876663,11.6244830443539,11.3853366080959,11.0330327369365,10.7809936136397,10.6083053862326,10.5562656298683,10.5636950718608,10.5921665056368,10.6784078987257,10.9905648026504,11.2469280972883,11.5198849999343,11.9115628850204,12.1816617962298,12.2203406435191,12.0681598886513
