"CountryName","OfficialName","Code","ISO3Code","UNCode","UNICEFCode","MDGRegion1","MDGRegion1excl","MDGRegion2","MDGRegion3","MDGRegion4","MDGRegion5","MDGRegion6","UNICEFProgRegion1","UNICEFProgRegion2","UNICEFProgRegion3","UNICEFProgRegion4","UNICEFProgRegion5","UNICEFProgRegion6","ECACountries","WHORegion1","WBRegion1","WBRegion2","WBRegion3","WBRegion4","WBRegion5","UNPDRegion1","UNPDRegion2","UNPDRegion3","UNPDRegion4","UNPDRegion5","OICRegion1","OICRegion2","OICRegion3","OICRegion4","Countdown.and.COIA.75.Priority.Countries","ECAAfrica","AURegion1","AURegion2","FragileCountries2013","FragileCountries2014","FragileCountries2015","FragileCountries2017","FragileCountries2018","FragileCountries2018OECD1","FragileCountries2018OECD2","USAIDcountry","M49Region1","M49Region2","M49Region3","SDGSimpleRegion1","SDGSimpleRegion2","SDGSimpleRegion3","SDGSimpleRegion4","SDGSimpleRegion5","SDGRegion1","SDGRegion2","SDGRegion3","SDGRegion4","SDGRegion5","SDGRegion6","SDGRegion7","HAC","GlobalStrategy","Conflict","UNICEFReportRegion1","UNICEFReportRegion2","Wealthdata1","Wealthdata2","Wealthdata3","WealthdataGlobal","Wealthall1","Wealthall2","Wealthall3","WealthallGlobal","UNRegion","AfricanEconomicCommunity","GAVICountries","AdhocCountries","ARR 1990-2018 median","ARR 1990-2000 median","ARR 2000-2018 median","Required ARR median","Change in ARR median","Percentage decline 1990-2018 median","Percentage decline 1990-2000 median","Percentage decline 2000-2018 median"
"Afghanistan","Afghanistan",67,"AFG",4,"AFG","Southern Asia","Southern Asia excluding India","Developing regions","","Least developed countries","","LLDC","South Asia","South Asia","Asia","Developing countries","Least developed countries","","","Eastern Mediterranean","South Asia","South Asia (excluding high-income)","Low income","Low income","Low and middle income","Asia","","Less developed regions","Least developed countries","Excluding China","OIC","Asia/other","OIC Low income","","Countdown","","","","Fragile","Fragile","Fragile","Fragile","Fragile","Fragile","Extremely Fragile","USAID","Asia","Southern Asia","","Central Asia and Southern Asia","Southern Asia","Least developed countries (LDCs)","Landlocked developing countries (LLDCs)","","Central Asia (M49) and Southern Asia (MDG=M49)","Asia (M49)","Southern Asia (MDG=M49)","Southern Asia (MDG=M49)","Least developed countries (LDCs)","Landlocked developing countries (LLDCs)","Developing regions (MDG)","HAC","Global Strategy","Conflict","South Asia","","South Asia","","Low income","Low and middle income","South Asia","","Low income","Low and middle income","Asia-Pacific Group","","GAVI","",3.65593647489948,3.14984907411901,3.93709614199974,,0.787247067880733,64.0723220129288,27.0200111244946,50.7705077232071
"Albania","Albania",146,"ALB",8,"ALB","Developed regions","Developed regions","Developed regions","","","","","CEE/CIS","CEE/CIS","","","","","","Europe","Europe and Central Asia","Europe and Central Asia (excluding high-income)","Middle income","Upper middle income","Low and middle income","Europe","","More developed regions","More developed regions","","OIC","Asia/other","OIC Lower middle income","OIC Middle income","","","","","Non-fragile","Non-fragile","Non-fragile","Non-fragile","Non-fragile","Non-fragile","","","Europe","Southern Europe","","Northern America and Europe","Europe","","","North America, Europe, Australia and New Zealand","Northern America (M49) and Europe (M49)","Europe (M49)","Southern Europe (M49)","Developed regions (MDG)","","","Developed regions","","","Non conflict","Europe and Central Asia","Eastern Europe and Central Asia","Europe and Central Asia","Eastern Europe and Central Asia","Upper middle income","Low and middle income","Europe and Central Asia","Eastern Europe and Central Asia","Upper middle income","Low and middle income","Eastern European Group","","","",5.48673937344987,4.46328989310545,6.05532241808565,,1.59203252498021,78.4821427230323,36.002680691513,66.3769396757935
"Algeria","Algeria",50,"DZA",12,"ALG","Northern Africa","Northern Africa","Developing regions","North Africa","","","","Middle East and North Africa","Middle East and North Africa","Africa","Developing countries","","North Africa","","Africa","Middle East and North Africa","Middle East and North Africa (excluding high-income)","Middle income","Upper middle income","Low and middle income","Africa","","Less developed regions","Excluding least developed countries","Excluding China","OIC","Arab","OIC Upper middle income","OIC Middle income","Countdown","North Africa","Africa","Northern Africa","Non-fragile","Non-fragile","Non-fragile","Non-fragile","Non-fragile","Non-fragile","","","Africa","Northern Africa","","Western Asia and Northern Africa","Northern Africa","","","","Western Asia (M49) and Northern Africa (M49)","Northern Africa (M49)","Northern Africa (M49)","Northern Africa (MDG)","","","Developing regions (MDG)","","","Non conflict","Middle East and North Africa","","Middle East and North Africa","","Upper middle income","Low and middle income","Middle East and North Africa","","Upper middle income","Low and middle income","African Group","","","",2.73401122310621,2.31123383886359,2.96888754768544,,0.657653708821856,53.4909441302852,20.6358462583302,41.3979061364383
"Andorra","Andorra",167,"AND",20,"AND","Developed regions","Developed regions","Developed regions","","","","","Industrialized countries","Industrialized countries","","","","","","Europe","Europe and Central Asia","","High income","High income","","Europe","","More developed regions","More developed regions","","","","","","","","","","","","","","","Non-fragile","","","Europe","Southern Europe","","Northern America and Europe","Europe","","","North America, Europe, Australia and New Zealand","Northern America (M49) and Europe (M49)","Europe (M49)","Southern Europe (M49)","Developed regions (MDG)","","","Developed regions","","","","Europe and Central Asia","Western Europe","","","","","","","","","Western European and Others Group (WEOG)","","","",4.76170224504295,5.33279594375515,4.44442796798061,,-0.888367975774536,73.6387914258222,41.3322253886428,55.0669703277366
"Angola","Angola",1,"AGO",24,"ANG","Sub-Saharan Africa","Sub-Saharan Africa","Developing regions","South Africa","Least developed countries","","","Eastern and Southern Africa","Sub-Saharan Africa","Africa","Developing countries","Least developed countries","","","Africa","Sub-Saharan Africa","Sub-Saharan Africa (excluding high-income)","Middle income","Lower middle income","Low and middle income","Africa","Sub-Saharan Africa","Less developed regions","Least developed countries","Excluding China","","","","","Countdown","Southern Africa","Africa","Southern Africa","Fragile","Non-fragile","Non-fragile","Non-fragile","Non-fragile","Fragile","Other Fragile","","Africa","Middle Africa","","Sub-Saharan Africa","","Least developed countries (LDCs)","","","Sub-Saharan Africa (M49)","Sub-Saharan Africa (M49)","Middle Africa (M49)","Sub-Saharan Africa (MDG)","Least developed countries (LDCs)","","Developing regions (MDG)","","","Non conflict","Sub-Saharan Africa","Eastern and Southern Africa","Sub-Saharan Africa","Eastern and Southern Africa","Lower middle income","Low and middle income","Sub-Saharan Africa","Eastern and Southern Africa","Lower middle income","Low and middle income","African Group","Economic Community of Central African States","GAVI","",3.71093519288535,0.789496886430293,5.33395647424928,,4.54445958781898,64.6213570358403,7.59135846829197,61.7150058936639
"Antigua & Barbuda","Antigua and Barbuda",105,"ATG",28,"ANT","Latin America and the Caribbean","Latin America and the Caribbean","Developing regions","","","Caribbean","SIDS","Latin America and the Caribbean","Latin America and the Caribbean","","Developing countries","","","Eastern Caribbean Area","Americas","Latin America and the Caribbean","","High income","High income","","Latin America and the Caribbean","","Less developed regions","Excluding least developed countries","Excluding China","","","","","","","","","","","","","","Non-fragile","","","Americas","Latin America and the Caribbean","Caribbean","Latin America and the Caribbean","","","Small island developing States (SIDS)","","Latin America and the Caribbean (MDG=M49)","Latin America and the Caribbean (MDG=M49)","Caribbean (M49)","Latin America and the Caribbean (MDG=M49)","","Small island developing States (SIDS)","Developing regions (MDG)","","","Non conflict","Latin America and Caribbean","","","","","","","","","","Latin American and Caribbean Group (GRULAC)","","","",5.30941269250642,5.69890429699252,5.09302846779191,,-0.605875829200606,77.3867813324666,43.441259311319,60.0181715643132
"Argentina","Argentina",106,"ARG",32,"ARG","Latin America and the Caribbean","Latin America and the Caribbean","Developing regions","","","Latin America","","Latin America and the Caribbean","Latin America and the Caribbean","","Developing countries","","","","Americas","Latin America and the Caribbean","Latin America and the Caribbean (excluding high-income)","Middle income","Upper middle income","Low and middle income","Latin America and the Caribbean","","Less developed regions","Excluding least developed countries","Excluding China","","","","","","","","","Non-fragile","Non-fragile","Non-fragile","Non-fragile","","Non-fragile","","","Americas","Latin America and the Caribbean","South America","Latin America and the Caribbean","","","","","Latin America and the Caribbean (MDG=M49)","Latin America and the Caribbean (MDG=M49)","South America (M49)","Latin America and the Caribbean (MDG=M49)","","","Developing regions (MDG)","","","Non conflict","Latin America and Caribbean","","","","","","Latin America and Caribbean","","Upper middle income","Low and middle income","Latin American and Caribbean Group (GRULAC)","","","",3.82582457232056,3.76671431995481,3.85866360141264,,0.0919492814578291,65.7413425257156,31.3858518999559,50.0705635456803
"Armenia","Armenia",137,"ARM",51,"ARM","Caucasus and Central Asia","Caucasus and Central Asia","Developing regions","","","","LLDC","CEE/CIS","CEE/CIS","","Developing countries","","","","Europe","Europe and Central Asia","Europe and Central Asia (excluding high-income)","Middle income","Upper middle income","Low and middle income","Asia","","Less developed regions","Excluding least developed countries","Excluding China","","","","","","","","","Non-fragile","Non-fragile","Non-fragile","Non-fragile","Non-fragile","Non-fragile","","","Asia","Western Asia","","Western Asia and Northern Africa","Western Asia","","Landlocked developing countries (LLDCs)","","Western Asia (M49) and Northern Africa (M49)","Asia (M49)","Western Asia (M49)","Caucasus and Central Asia (MDG)","","Landlocked developing countries (LLDCs)","Developing regions (MDG)","","","Non conflict","Europe and Central Asia","Eastern Europe and Central Asia","Europe and Central Asia","Eastern Europe and Central Asia","Upper middle income","Low and middle income","Europe and Central Asia","Eastern Europe and Central Asia","Upper middle income","Low and middle income","Eastern European Group","","GAVI","",4.87819688255348,4.57354303129274,5.04744902214278,,0.473905990850037,74.4847819897951,36.7043957976024,59.6887993538761
"Australia","Australia",169,"AUS",36,"AUS","Developed regions","Developed regions","Developed regions","","","","","Industrialized countries","Industrialized countries","","","","","","Western Pacific","East Asia and Pacific","","High income","High income","","Oceania","","More developed regions","More developed regions","","","","","","","","","","","","","","","Non-fragile","","","Oceania","Australia and New Zealand","","Oceania","Australia and New Zealand","","","North America, Europe, Australia and New Zealand","Australia and New Zealand (M49)","Oceania (M49)","Australia and New Zealand (M49)","Developed regions (MDG)","","","Developed regions","","","","East Asia and Pacific","","","","","","","","","","Western European and Others Group (WEOG)","","","",3.36269266453022,4.07824964020971,2.96516101137495,,-1.11308862883476,60.9978707840702,33.4904715761239,41.3585840402252
"Austria","Austria",168,"AUT",40,"ATR","Developed regions","Developed regions","Developed regions","","","","","Industrialized countries","Industrialized countries","","","","","","Europe","Europe and Central Asia","","High income","High income","","Europe","","More developed regions","More developed regions","","","","","","","","","","","","","","","Non-fragile","","","Europe","Western Europe","","Northern America and Europe","Europe","","","North America, Europe, Australia and New Zealand","Northern America (M49) and Europe (M49)","Europe (M49)","Western Europe (M49)","Developed regions (MDG)","","","Developed regions","","","","Europe and Central Asia","Western Europe","","","","","","","","","Western European and Others Group (WEOG)","","","",3.61491557271327,5.61491917361143,2.50380246110318,,-3.11111671250825,63.6572830233599,42.9642497482864,36.2808119184016
"Azerbaijan","Azerbaijan",138,"AZE",31,"AZE","Caucasus and Central Asia","Caucasus and Central Asia","Developing regions","","","","LLDC","CEE/CIS","CEE/CIS","","Developing countries","","","","Europe","Europe and Central Asia","Europe and Central Asia (excluding high-income)","Middle income","Upper middle income","Low and middle income","Asia","","Less developed regions","Excluding least developed countries","Excluding China","OIC","Asia/other","OIC Upper middle income","OIC Middle income","Countdown","","","","Non-fragile","Non-fragile","Non-fragile","Non-fragile","Non-fragile","Non-fragile","","","Asia","Western Asia","","Western Asia and Northern Africa","Western Asia","","Landlocked developing countries (LLDCs)","","Western Asia (M49) and Northern Africa (M49)","Asia (M49)","Western Asia (M49)","Caucasus and Central Asia (MDG)","","Landlocked developing countries (LLDCs)","Developing regions (MDG)","","","Non conflict","Europe and Central Asia","Eastern Europe and Central Asia","Europe and Central Asia","Eastern Europe and Central Asia","Upper middle income","Low and middle income","Europe and Central Asia","Eastern Europe and Central Asia","Upper middle income","Low and middle income","Eastern European Group","","GAVI","",5.20640765491925,2.38772934415092,6.77234004979055,,4.38461070563963,76.7250879921915,21.2406302505869,70.4480722968432
"Bahamas","Bahamas",107,"BHS",44,"BAH","Latin America and the Caribbean","Latin America and the Caribbean","Developing regions","","","Caribbean","SIDS","Latin America and the Caribbean","Latin America and the Caribbean","","Developing countries","","","","Americas","Latin America and the Caribbean","","High income","High income","","Latin America and the Caribbean","","Less developed regions","Excluding least developed countries","Excluding China","","","","","","","","","","","","","","Non-fragile","","","Americas","Latin America and the Caribbean","Caribbean","Latin America and the Caribbean","","","Small island developing States (SIDS)","","Latin America and the Caribbean (MDG=M49)","Latin America and the Caribbean (MDG=M49)","Caribbean (M49)","Latin America and the Caribbean (MDG=M49)","","Small island developing States (SIDS)","Developing regions (MDG)","","","Non conflict","Latin America and Caribbean","","","","","","","","","","Latin American and Caribbean Group (GRULAC)","","","",2.98281936564376,4.08063062076576,2.37292422390931,,-1.70770639685645,56.6207696320615,33.5063054804351,34.7618888055998
"Bahrain","Bahrain",51,"BHR",48,"BRN","Western Asia","Western Asia","Developing regions","","","","SIDS","Middle East and North Africa","Middle East and North Africa","","Developing countries","","Middle East","","Eastern Mediterranean","Middle East and North Africa","","High income","High income","","Asia","","Less developed regions","Excluding least developed countries","Excluding China","OIC","Arab","OIC High income: nonOECD","OIC High income","","","","","","","","","","Non-fragile","","","Asia","Western Asia","","Western Asia and Northern Africa","Western Asia","","","","Western Asia (M49) and Northern Africa (M49)","Asia (M49)","Western Asia (M49)","Western Asia (MDG)","","","Developing regions (MDG)","","","Non conflict","Middle East and North Africa","","","","","","","","","","Asia-Pacific Group","","","",4.19749527070222,6.04871067498823,3.16904226832111,,-2.87966840666712,69.1273243293679,45.3855162079581,43.4716332975196
"Bangladesh","Bangladesh",68,"BGD",50,"BAN","Southern Asia","Southern Asia excluding India","Developing regions","","Least developed countries","","","South Asia","South Asia","Asia","Developing countries","Least developed countries","","","South-East Asia","South Asia","South Asia (excluding high-income)","Middle income","Lower middle income","Low and middle income","Asia","","Less developed regions","Least developed countries","Excluding China","OIC","Asia/other","OIC Low income","","Countdown","","","","Non-fragile","Non-fragile","Non-fragile","Non-fragile","Non-fragile","Fragile","Other Fragile","USAID","Asia","Southern Asia","","Central Asia and Southern Asia","Southern Asia","Least developed countries (LDCs)","","","Central Asia (M49) and Southern Asia (MDG=M49)","Asia (M49)","Southern Asia (MDG=M49)","Southern Asia (MDG=M49)","Least developed countries (LDCs)","","Developing regions (MDG)","","Global Strategy","Non conflict","South Asia","","South Asia","","Lower middle income","Low and middle income","South Asia","","Lower middle income","Low and middle income","Asia-Pacific Group","","GAVI","",5.42502586061412,4.84486749385515,5.7473360643691,,0.902468570513942,78.1070877033807,38.3986715161879,64.4603244191845
"Barbados","Barbados",108,"BRB",52,"BAR","Latin America and the Caribbean","Latin America and the Caribbean","Developing regions","","","Caribbean","SIDS","Latin America and the Caribbean","Latin America and the Caribbean","","Developing countries","","","Eastern Caribbean Area","Americas","Latin America and the Caribbean","","High income","High income","","Latin America and the Caribbean","","Less developed regions","Excluding least developed countries","Excluding China","","","","","","","","","","","","","","Non-fragile","","","Americas","Latin America and the Caribbean","Caribbean","Latin America and the Caribbean","","","Small island developing States (SIDS)","","Latin America and the Caribbean (MDG=M49)","Latin America and the Caribbean (MDG=M49)","Caribbean (M49)","Latin America and the Caribbean (MDG=M49)","","Small island developing States (SIDS)","Developing regions (MDG)","","","Non conflict","Latin America and Caribbean","","","","","","","","","","Latin American and Caribbean Group (GRULAC)","","","",1.43368101806925,1.87231177136224,1.18999726623981,,-0.682314505122428,33.0638285140722,17.0747989880014,19.2812671310345
"Belarus","Belarus",148,"BLR",112,"BSR","Developed regions","Developed regions","Developed regions","","","","","CEE/CIS","CEE/CIS","","","","","","Europe","Europe and Central Asia","Europe and Central Asia (excluding high-income)","Middle income","Upper middle income","Low and middle income","Europe","","More developed regions","More developed regions","","","","","","","","","","Non-fragile","Non-fragile","Non-fragile","Non-fragile","Non-fragile","Non-fragile","","","Europe","Eastern Europe","","Northern America and Europe","Europe","","","North America, Europe, Australia and New Zealand","Northern America (M49) and Europe (M49)","Europe (M49)","Eastern Europe (M49)","Developed regions (MDG)","","","Developed regions","","","Non conflict","Europe and Central Asia","Eastern Europe and Central Asia","Europe and Central Asia","Eastern Europe and Central Asia","Upper middle income","Low and middle income","Europe and Central Asia","Eastern Europe and Central Asia","Upper middle income","Low and middle income","Eastern European Group","","","",5.41625952413726,1.79229802004602,7.42957147085462,,5.6372734508086,78.0532839197223,16.4086217339455,73.7452395982445
"Belgium","Belgium",170,"BEL",56,"BEL","Developed regions","Developed regions","Developed regions","","","","","Industrialized countries","Industrialized countries","","","","","","Europe","Europe and Central Asia","","High income","High income","","Europe","","More developed regions","More developed regions","","","","","","","","","","","","","","","Non-fragile","","","Europe","Western Europe","","Northern America and Europe","Europe","","","North America, Europe, Australia and New Zealand","Northern America (M49) and Europe (M49)","Europe (M49)","Western Europe (M49)","Developed regions (MDG)","","","Developed regions","","","","Europe and Central Asia","Western Europe","","","","","","","","","Western European and Others Group (WEOG)","","","",3.66687963138002,5.5777992888967,2.6052575994263,,-2.9725416894704,64.182238946198,42.7521402704743,37.4338862220749
"Belize","Belize",111,"BLZ",84,"BZE","Latin America and the Caribbean","Latin America and the Caribbean","Developing regions","","","Latin America","SIDS","Latin America and the Caribbean","Latin America and the Caribbean","","Developing countries","","","","Americas","Latin America and the Caribbean","Latin America and the Caribbean (excluding high-income)","Middle income","Upper middle income","Low and middle income","Latin America and the Caribbean","","Less developed regions","Excluding least developed countries","Excluding China","","","","","","","","","Non-fragile","Non-fragile","Non-fragile","Non-fragile","Non-fragile","Non-fragile","","","Americas","Latin America and the Caribbean","Central America","Latin America and the Caribbean","","","Small island developing States (SIDS)","","Latin America and the Caribbean (MDG=M49)","Latin America and the Caribbean (MDG=M49)","Central America (M49)","Latin America and the Caribbean (MDG=M49)","","Small island developing States (SIDS)","Developing regions (MDG)","","","Non conflict","Latin America and Caribbean","","Latin America and Caribbean","","Upper middle income","Low and middle income","Latin America and Caribbean","","Upper middle income","Low and middle income","Latin American and Caribbean Group (GRULAC)","","","",3.8459350209176,4.76204673711212,3.3369840674762,,-1.42506266963593,65.9337083701915,37.8863661043202,45.1548887205295
"Benin","Benin",23,"BEN",204,"BEN","Sub-Saharan Africa","Sub-Saharan Africa","Developing regions","West Africa","Least developed countries","","","West and Central Africa","Sub-Saharan Africa","Africa","Developing countries","Least developed countries","","","Africa","Sub-Saharan Africa","Sub-Saharan Africa (excluding high-income)","Low income","Low income","Low and middle income","Africa","Sub-Saharan Africa","Less developed regions","Least developed countries","Excluding China","OIC","Africa","OIC Low income","","Countdown","West Africa","Africa","Western Africa","Non-fragile","Non-fragile","Non-fragile","Non-fragile","Non-fragile","Non-fragile","","","Africa","Western Africa","","Sub-Saharan Africa","","Least developed countries (LDCs)","","","Sub-Saharan Africa (M49)","Sub-Saharan Africa (M49)","Western Africa (M49)","Sub-Saharan Africa (MDG)","Least developed countries (LDCs)","","Developing regions (MDG)","","Global Strategy","Non conflict","Sub-Saharan Africa","West and Central Africa","Sub-Saharan Africa","West and Central Africa","Low income","Low and middle income","Sub-Saharan Africa","West and Central Africa","Low income","Low and middle income","African Group","Economic Community of West African States","GAVI","",2.19594463499269,2.28189703620572,2.14819330098546,,-0.133703735220262,45.9285841695316,20.4026753494721,32.0688024781373
"Bhutan","Bhutan",69,"BTN",64,"BTN","Southern Asia","Southern Asia excluding India","Developing regions","","Least developed countries","","LLDC","South Asia","South Asia","Asia","Developing countries","Least developed countries","","","South-East Asia","South Asia","South Asia (excluding high-income)","Middle income","Lower middle income","Low and middle income","Asia","","Less developed regions","Least developed countries","Excluding China","","","","","Countdown","","","","Non-fragile","Non-fragile","Non-fragile","Non-fragile","Non-fragile","Non-fragile","","","Asia","Southern Asia","","Central Asia and Southern Asia","Southern Asia","Least developed countries (LDCs)","Landlocked developing countries (LLDCs)","","Central Asia (M49) and Southern Asia (MDG=M49)","Asia (M49)","Southern Asia (MDG=M49)","Southern Asia (MDG=M49)","Least developed countries (LDCs)","Landlocked developing countries (LLDCs)","Developing regions (MDG)","","","Non conflict","South Asia","","South Asia","","Lower middle income","Low and middle income","South Asia","","Lower middle income","Low and middle income","Asia-Pacific Group","","","",5.02266481880333,4.80620321730536,5.14292126407998,,0.336718046774624,75.496302201247,38.1600333949274,60.3756289921039
"Bolivia","Bolivia (Plurinational State of)",109,"BOL",68,"BOL","Latin America and the Caribbean","Latin America and the Caribbean","Developing regions","","","Latin America","LLDC","Latin America and the Caribbean","Latin America and the Caribbean","","Developing countries","","","","Americas","Latin America and the Caribbean","Latin America and the Caribbean (excluding high-income)","Middle income","Lower middle income","Low and middle income","Latin America and the Caribbean","","Less developed regions","Excluding least developed countries","Excluding China","","","","","Countdown","","","","Non-fragile","Non-fragile","Non-fragile","Non-fragile","Non-fragile","Non-fragile","","","Americas","Latin America and the Caribbean","South America","Latin America and the Caribbean","","","Landlocked developing countries (LLDCs)","","Latin America and the Caribbean (MDG=M49)","Latin America and the Caribbean (MDG=M49)","South America (M49)","Latin America and the Caribbean (MDG=M49)","","Landlocked developing countries (LLDCs)","Developing regions (MDG)","","","Non conflict","Latin America and Caribbean","","Latin America and Caribbean","","Lower middle income","Low and middle income","Latin America and Caribbean","","Lower middle income","Low and middle income","Latin American and Caribbean Group (GRULAC)","","GAVI","",5.22940780874587,4.65240670136096,5.54996397951526,,0.8975572781543,76.8744978087922,37.2016049981615,63.1750107776946
"Bosnia & Herzegovina","Bosnia and Herzegovina",147,"BIH",70,"BHG","Developed regions","Developed regions","Developed regions","","","","","CEE/CIS","CEE/CIS","","","","","","Europe","Europe and Central Asia","Europe and Central Asia (excluding high-income)","Middle income","Upper middle income","Low and middle income","Europe","","More developed regions","More developed regions","","","","","","","","","","Fragile","Fragile","Fragile","Non-fragile","Non-fragile","Non-fragile","","","Europe","Southern Europe","","Northern America and Europe","Europe","","","North America, Europe, Australia and New Zealand","Northern America (M49) and Europe (M49)","Europe (M49)","Southern Europe (M49)","Developed regions (MDG)","","","Developed regions","","","Non conflict","Europe and Central Asia","Eastern Europe and Central Asia","","","","","Europe and Central Asia","Eastern Europe and Central Asia","Upper middle income","Low and middle income","Eastern European Group","","","",4.11023717568522,6.09722288264338,3.00635622737512,,-3.09086665526826,68.363744881868,45.6498215057992,41.7918100830017
"Botswana","Botswana",15,"BWA",72,"BTW","Sub-Saharan Africa","Sub-Saharan Africa","Developing regions","South Africa","","","LLDC","Eastern and Southern Africa","Sub-Saharan Africa","Africa","Developing countries","","","","Africa","Sub-Saharan Africa","Sub-Saharan Africa (excluding high-income)","Middle income","Upper middle income","Low and middle income","Africa","Sub-Saharan Africa","Less developed regions","Excluding least developed countries","Excluding China","","","","","Countdown","Southern Africa","Africa","Southern Africa","Non-fragile","Non-fragile","Non-fragile","Non-fragile","Non-fragile","Non-fragile","","","Africa","Southern Africa","","Sub-Saharan Africa","","","Landlocked developing countries (LLDCs)","","Sub-Saharan Africa (M49)","Sub-Saharan Africa (M49)","Southern Africa (M49)","Sub-Saharan Africa (MDG)","","Landlocked developing countries (LLDCs)","Developing regions (MDG)","","","Non conflict","Sub-Saharan Africa","Eastern and Southern Africa","","","","","Sub-Saharan Africa","Eastern and Southern Africa","Upper middle income","Low and middle income","African Group","","","",1.19384980597521,-4.94684314683639,4.60534589087054,,9.55218903770693,28.4145214166864,-63.9980439586602,56.349797317486
"Brazil","Brazil",110,"BRA",76,"BRZ","Latin America and the Caribbean","Latin America and the Caribbean","Developing regions","","","Latin America","","Latin America and the Caribbean","Latin America and the Caribbean","","Developing countries","","","","Americas","Latin America and the Caribbean","Latin America and the Caribbean (excluding high-income)","Middle income","Upper middle income","Low and middle income","Latin America and the Caribbean","","Less developed regions","Excluding least developed countries","Excluding China","","","","","","","","","Non-fragile","Non-fragile","Non-fragile","Non-fragile","Non-fragile","Non-fragile","","","Americas","Latin America and the Caribbean","South America","Latin America and the Caribbean","","","","","Latin America and the Caribbean (MDG=M49)","Latin America and the Caribbean (MDG=M49)","South America (M49)","Latin America and the Caribbean (MDG=M49)","","","Developing regions (MDG)","","","Non conflict","Latin America and Caribbean","","Latin America and Caribbean","","Upper middle income","Low and middle income","Latin America and Caribbean","","Upper middle income","Low and middle income","Latin American and Caribbean Group (GRULAC)","","","",5.22006305487888,5.79302804120448,4.90174917358689,,-0.891278867617587,76.8139099831065,43.9711138490545,58.6176138600566
"Brunei","Brunei Darussalam",92,"BRN",96,"BRI","South-eastern Asia","South-eastern Asia","Developing regions","","","","","East Asia and Pacific","East Asia and Pacific","Asia","Developing countries","","","","Western Pacific","East Asia and Pacific","","High income","High income","","Asia","","Less developed regions","Excluding least developed countries","Excluding China","OIC","Asia/other","OIC High income: nonOECD","OIC High income","","","","","","","","","","Non-fragile","","","Asia","South-Eastern Asia","","Eastern Asia and South-eastern Asia","South-eastern Asia","","","South Eastern Asia and Oceania (excl. Australia and New Zealand)","Eastern Asia (M49) and South-eastern Asia (MDG=M49)","Asia (M49)","South-eastern Asia (MDG=M49)","South-eastern Asia (MDG=M49)","","","Developing regions (MDG)","","","Non conflict","East Asia and Pacific","","","","","","","","","","Asia-Pacific Group","","","",0.549232840473861,2.71097254591391,-0.651733662548386,,-3.36270620846229,14.2543813178138,23.745766794421,-12.4470276306087
"Bulgaria","Bulgaria",149,"BGR",100,"BUL","Developed regions","Developed regions","Developed regions","","","","","CEE/CIS","CEE/CIS","","","","","","Europe","Europe and Central Asia","Europe and Central Asia (excluding high-income)","Middle income","Upper middle income","Low and middle income","Europe","","More developed regions","More developed regions","","","","","","","","","","Non-fragile","Non-fragile","Non-fragile","Non-fragile","Non-fragile","Non-fragile","","","Europe","Eastern Europe","","Northern America and Europe","Europe","","","North America, Europe, Australia and New Zealand","Northern America (M49) and Europe (M49)","Europe (M49)","Eastern Europe (M49)","Developed regions (MDG)","","","Developed regions","","","Non conflict","Europe and Central Asia","Eastern Europe and Central Asia","","","","","Europe and Central Asia","Eastern Europe and Central Asia","Upper middle income","Low and middle income","Eastern European Group","","","",3.46747100212783,0.530189378172724,5.09929412654733,,4.5691047483746,62.1254907976302,5.16379475950201,60.0632383947431
"Burkina Faso","Burkina Faso",24,"BFA",854,"UPV","Sub-Saharan Africa","Sub-Saharan Africa","Developing regions","West Africa","Least developed countries","","LLDC","West and Central Africa","Sub-Saharan Africa","Africa","Developing countries","Least developed countries","","","Africa","Sub-Saharan Africa","Sub-Saharan Africa (excluding high-income)","Low income","Low income","Low and middle income","Africa","Sub-Saharan Africa","Less developed regions","Least developed countries","Excluding China","OIC","Africa","OIC Low income","","Countdown","West Africa","Africa","Western Africa","Non-fragile","Non-fragile","Non-fragile","Non-fragile","Non-fragile","Fragile","Other Fragile","","Africa","Western Africa","","Sub-Saharan Africa","","Least developed countries (LDCs)","Landlocked developing countries (LLDCs)","","Sub-Saharan Africa (M49)","Sub-Saharan Africa (M49)","Western Africa (M49)","Sub-Saharan Africa (MDG)","Least developed countries (LDCs)","Landlocked developing countries (LLDCs)","Developing regions (MDG)","","Global Strategy","Non conflict","Sub-Saharan Africa","West and Central Africa","Sub-Saharan Africa","West and Central Africa","Low income","Low and middle income","Sub-Saharan Africa","West and Central Africa","Low income","Low and middle income","African Group","Economic Community of West African States","GAVI","",3.35878697019451,1.09843114857069,4.61454020442996,,3.51610905585926,60.9551949426478,10.4025310611978,56.4219776297242
"Burundi","Burundi",2,"BDI",108,"BRD","Sub-Saharan Africa","Sub-Saharan Africa","Developing regions","Eastern Africa","Least developed countries","","LLDC","Eastern and Southern Africa","Sub-Saharan Africa","Africa","Developing countries","Least developed countries","","","Africa","Sub-Saharan Africa","Sub-Saharan Africa (excluding high-income)","Low income","Low income","Low and middle income","Africa","Sub-Saharan Africa","Less developed regions","Least developed countries","Excluding China","","","","","Countdown","Eastern Africa","Africa","Central Africa","Fragile","Fragile","Fragile","Fragile","Fragile","Fragile","Extremely Fragile","","Africa","Eastern Africa","","Sub-Saharan Africa","","Least developed countries (LDCs)","Landlocked developing countries (LLDCs)","","Sub-Saharan Africa (M49)","Sub-Saharan Africa (M49)","Eastern Africa (M49)","Sub-Saharan Africa (MDG)","Least developed countries (LDCs)","Landlocked developing countries (LLDCs)","Developing regions (MDG)","","Global Strategy","Non conflict","Sub-Saharan Africa","Eastern and Southern Africa","Sub-Saharan Africa","Eastern and Southern Africa","Low income","Low and middle income","Sub-Saharan Africa","Eastern and Southern Africa","Low income","Low and middle income","African Group","Economic Community of Central African States","GAVI","",3.78556770921147,1.0431803381748,5.30911624867629,,4.26593591050148,65.3529970339458,9.90612771279295,61.5434412058522
"Cambodia","Cambodia",85,"KHM",116,"KMP","South-eastern Asia","South-eastern Asia","Developing regions","","Least developed countries","","","East Asia and Pacific","East Asia and Pacific","Asia","Developing countries","Least developed countries","","","Western Pacific","East Asia and Pacific","East Asia and Pacific (excluding high-income)","Middle income","Lower middle income","Low and middle income","Asia","","Less developed regions","Least developed countries","Excluding China","","","","","Countdown","","","","Non-fragile","Non-fragile","Non-fragile","Non-fragile","Non-fragile","Non-fragile","","","Asia","South-Eastern Asia","","Eastern Asia and South-eastern Asia","South-eastern Asia","Least developed countries (LDCs)","","South Eastern Asia and Oceania (excl. Australia and New Zealand)","Eastern Asia (M49) and South-eastern Asia (MDG=M49)","Asia (M49)","South-eastern Asia (MDG=M49)","South-eastern Asia (MDG=M49)","Least developed countries (LDCs)","","Developing regions (MDG)","","Global Strategy","Non conflict","East Asia and Pacific","","East Asia and Pacific","","Lower middle income","Low and middle income","East Asia and Pacific","","Lower middle income","Low and middle income","Asia-Pacific Group","","GAVI","",4.92189849827167,0.80450907865737,7.20933706472407,,6.4048279860667,74.7950953015019,7.72998002060036,72.6835382672234
"Cameroon","Cameroon",41,"CMR",120,"CAM","Sub-Saharan Africa","Sub-Saharan Africa","Developing regions","Central Africa","","","","West and Central Africa","Sub-Saharan Africa","Africa","Developing countries","","","","Africa","Sub-Saharan Africa","Sub-Saharan Africa (excluding high-income)","Middle income","Lower middle income","Low and middle income","Africa","Sub-Saharan Africa","Less developed regions","Excluding least developed countries","Excluding China","OIC","Africa","OIC Lower middle income","OIC Middle income","Countdown","Central Africa","Africa","Central Africa","Non-fragile","Non-fragile","Non-fragile","Non-fragile","Non-fragile","Fragile","Other Fragile","","Africa","Middle Africa","","Sub-Saharan Africa","","","","","Sub-Saharan Africa (M49)","Sub-Saharan Africa (M49)","Middle Africa (M49)","Sub-Saharan Africa (MDG)","","","Developing regions (MDG)","HAC","","Conflict","Sub-Saharan Africa","West and Central Africa","Sub-Saharan Africa","West and Central Africa","Lower middle income","Low and middle income","Sub-Saharan Africa","West and Central Africa","Lower middle income","Low and middle income","African Group","Economic Community of Central African States","GAVI","",2.05841748822411,-0.8499823535709,3.67419517811022,,4.52417753168112,43.8058145791084,-8.87151455032412,48.3848592967661
"Canada","Canada",171,"CAN",124,"CAN","Developed regions","Developed regions","Developed regions","","","","","Industrialized countries","Industrialized countries","","","","","","Americas","North America","","High income","High income","","Northern America","","More developed regions","More developed regions","","","","","","","","","","","","","","","Non-fragile","","","Americas","Northern America","","Northern America and Europe","Northern America","","","North America, Europe, Australia and New Zealand","Northern America (M49) and Europe (M49)","Northern America (M49)","Northern America (M49)","Developed regions (MDG)","","","Developed regions","","","","North America","","","","","","","","","","Western European and Others Group (WEOG)","","","",1.92304445570916,2.99084633402205,1.32982118997977,,-1.66102514404228,41.6349215991241,25.8503348604997,21.2874686742393
"Cape Verde","Cabo Verde",25,"CPV",132,"CVR","Sub-Saharan Africa","Sub-Saharan Africa","Developing regions","West Africa","","","SIDS","West and Central Africa","Sub-Saharan Africa","Africa","Developing countries","","","","Africa","Sub-Saharan Africa","Sub-Saharan Africa (excluding high-income)","Middle income","Lower middle income","Low and middle income","Africa","Sub-Saharan Africa","Less developed regions","Excluding least developed countries","Excluding China","","","","","","West Africa","Africa","Western Africa","Non-fragile","Non-fragile","Non-fragile","Non-fragile","Non-fragile","Non-fragile","","","Africa","Western Africa","","Sub-Saharan Africa","","","Small island developing States (SIDS)","","Sub-Saharan Africa (M49)","Sub-Saharan Africa (M49)","Western Africa (M49)","Sub-Saharan Africa (MDG)","","Small island developing States (SIDS)","Developing regions (MDG)","","","Non conflict","Sub-Saharan Africa","West and Central Africa","","","","","Sub-Saharan Africa","West and Central Africa","Lower middle income","Low and middle income","African Group","Economic Community of West African States","","",3.9732269989472,5.21105003012931,3.28554753717936,,-1.92550249294995,67.1265077514937,40.6136036196012,44.644743153069
"Central African Republic","Central African Republic",26,"CAF",140,"CAR","Sub-Saharan Africa","Sub-Saharan Africa","Developing regions","Central Africa","Least developed countries","","LLDC","West and Central Africa","Sub-Saharan Africa","Africa","Developing countries","Least developed countries","","","Africa","Sub-Saharan Africa","Sub-Saharan Africa (excluding high-income)","Low income","Low income","Low and middle income","Africa","Sub-Saharan Africa","Less developed regions","Least developed countries","Excluding China","","","","","Countdown","Central Africa","Africa","Central Africa","Fragile","Fragile","Fragile","Fragile","Fragile","Fragile","Extremely Fragile","","Africa","Middle Africa","","Sub-Saharan Africa","","Least developed countries (LDCs)","Landlocked developing countries (LLDCs)","","Sub-Saharan Africa (M49)","Sub-Saharan Africa (M49)","Middle Africa (M49)","Sub-Saharan Africa (MDG)","Least developed countries (LDCs)","Landlocked developing countries (LLDCs)","Developing regions (MDG)","HAC","Global Strategy","Conflict","Sub-Saharan Africa","West and Central Africa","Sub-Saharan Africa","West and Central Africa","Low income","Low and middle income","Sub-Saharan Africa","West and Central Africa","Low income","Low and middle income","African Group","Economic Community of Central African States","GAVI","",1.50875206389706,0.458811900952228,2.09205215442197,,1.63324025346974,34.4561353313492,4.48445626238447,31.3788498668845
"Chad","Chad",27,"TCD",148,"CHD","Sub-Saharan Africa","Sub-Saharan Africa","Developing regions","Central Africa","Least developed countries","","LLDC","West and Central Africa","Sub-Saharan Africa","Africa","Developing countries","Least developed countries","","","Africa","Sub-Saharan Africa","Sub-Saharan Africa (excluding high-income)","Low income","Low income","Low and middle income","Africa","Sub-Saharan Africa","Less developed regions","Least developed countries","Excluding China","OIC","Africa","OIC Low income","","Countdown","Central Africa","Africa","Central Africa","Fragile","Fragile","Fragile","Fragile","Fragile","Fragile","Extremely Fragile","","Africa","Middle Africa","","Sub-Saharan Africa","","Least developed countries (LDCs)","Landlocked developing countries (LLDCs)","","Sub-Saharan Africa (M49)","Sub-Saharan Africa (M49)","Middle Africa (M49)","Sub-Saharan Africa (MDG)","Least developed countries (LDCs)","Landlocked developing countries (LLDCs)","Developing regions (MDG)","HAC","Global Strategy","Conflict","Sub-Saharan Africa","West and Central Africa","Sub-Saharan Africa","West and Central Africa","Low income","Low and middle income","Sub-Saharan Africa","West and Central Africa","Low income","Low and middle income","African Group","Economic Community of Central African States","GAVI","",2.03475789728332,1.31228177043651,2.43613352330932,,1.12385175287281,43.4323099665149,12.2982363733024,35.4999401445729
"Chile","Chile",113,"CHL",152,"CLE","Latin America and the Caribbean","Latin America and the Caribbean","Developing regions","","","Latin America","","Latin America and the Caribbean","Latin America and the Caribbean","","Developing countries","","","","Americas","Latin America and the Caribbean","","High income","High income","","Latin America and the Caribbean","","Less developed regions","Excluding least developed countries","Excluding China","","","","","","","","","","","","","","Non-fragile","","","Americas","Latin America and the Caribbean","South America","Latin America and the Caribbean","","","","","Latin America and the Caribbean (MDG=M49)","Latin America and the Caribbean (MDG=M49)","South America (M49)","Latin America and the Caribbean (MDG=M49)","","","Developing regions (MDG)","","","Non conflict","Latin America and Caribbean","","","","","","","","","","Latin American and Caribbean Group (GRULAC)","","","",3.53619692220415,5.65494072927616,2.35911702938636,,-3.2958236998898,62.8473519796741,43.1920595244886,34.5995512082654
"China","China",93,"CHN",156,"CHN","Eastern Asia","","Developing regions","","","","","East Asia and Pacific","East Asia and Pacific","Asia","Developing countries","","","","Western Pacific","East Asia and Pacific","East Asia and Pacific (excluding high-income)","Middle income","Upper middle income","Low and middle income","Asia","","Less developed regions","Excluding least developed countries","","","","","","","","","","Non-fragile","Non-fragile","Non-fragile","Non-fragile","Non-fragile","Non-fragile","","","Asia","Eastern Asia","","Eastern Asia and South-eastern Asia","Eastern Asia","","","","Eastern Asia (M49) and South-eastern Asia (MDG=M49)","Asia (M49)","Eastern Asia (M49)","Eastern Asia (MDG)","","","Developing regions (MDG)","","","Non conflict","East Asia and Pacific","","","","","","","","","","Asia-Pacific Group","","","Adhoc",6.48151215249898,3.66225335915395,8.04776703769067,,4.38551367853672,83.7133332335467,30.6653452273362,76.5100629405967
"Colombia","Colombia",114,"COL",170,"COL","Latin America and the Caribbean","Latin America and the Caribbean","Developing regions","","","Latin America","","Latin America and the Caribbean","Latin America and the Caribbean","","Developing countries","","","","Americas","Latin America and the Caribbean","Latin America and the Caribbean (excluding high-income)","Middle income","Upper middle income","Low and middle income","Latin America and the Caribbean","","Less developed regions","Excluding least developed countries","Excluding China","","","","","","","","","Non-fragile","Non-fragile","Non-fragile","Non-fragile","Non-fragile","Non-fragile","","","Americas","Latin America and the Caribbean","South America","Latin America and the Caribbean","","","","","Latin America and the Caribbean (MDG=M49)","Latin America and the Caribbean (MDG=M49)","South America (M49)","Latin America and the Caribbean (MDG=M49)","","","Developing regions (MDG)","HAC","","Conflict","Latin America and Caribbean","","Latin America and Caribbean","","Upper middle income","Low and middle income","Latin America and Caribbean","","Upper middle income","Low and middle income","Latin American and Caribbean Group (GRULAC)","","","",3.24145176201051,3.39774224707159,3.15462371475436,,-0.24311853231723,59.6511177638819,28.8068958941905,43.3247324401668
"Comoros","Comoros",3,"COM",174,"COM","Sub-Saharan Africa","Sub-Saharan Africa","Developing regions","Eastern Africa","Least developed countries","","SIDS","Eastern and Southern Africa","Sub-Saharan Africa","Africa","Developing countries","Least developed countries","","","Africa","Sub-Saharan Africa","Sub-Saharan Africa (excluding high-income)","Middle income","Lower middle income","Low and middle income","Africa","Sub-Saharan Africa","Less developed regions","Least developed countries","Excluding China","OIC","Arab","OIC Low income","","Countdown","Eastern Africa","Africa","Eastern Africa","Fragile","Fragile","Fragile","Fragile","Fragile","Fragile","Other Fragile","","Africa","Eastern Africa","","Sub-Saharan Africa","","Least developed countries (LDCs)","Small island developing States (SIDS)","","Sub-Saharan Africa (M49)","Sub-Saharan Africa (M49)","Eastern Africa (M49)","Sub-Saharan Africa (MDG)","Least developed countries (LDCs)","Small island developing States (SIDS)","Developing regions (MDG)","","Global Strategy","Non conflict","Sub-Saharan Africa","Eastern and Southern Africa","Sub-Saharan Africa","Eastern and Southern Africa","Lower middle income","Low and middle income","Sub-Saharan Africa","Eastern and Southern Africa","Lower middle income","Low and middle income","African Group","","GAVI","",2.14357358647205,2.00672104137057,2.2196027781951,,0.212881736824524,45.129844678995,18.1819334369566,32.9363823591141
"Congo","Congo",42,"COG",178,"CBR","Sub-Saharan Africa","Sub-Saharan Africa","Developing regions","Central Africa","","","","West and Central Africa","Sub-Saharan Africa","Africa","Developing countries","","","","Africa","Sub-Saharan Africa","Sub-Saharan Africa (excluding high-income)","Middle income","Lower middle income","Low and middle income","Africa","Sub-Saharan Africa","Less developed regions","Excluding least developed countries","Excluding China","","","","","Countdown","Central Africa","Africa","Central Africa","Fragile","Fragile","Non-fragile","Fragile","Fragile","Fragile","Other Fragile","","Africa","Middle Africa","","Sub-Saharan Africa","","","","","Sub-Saharan Africa (M49)","Sub-Saharan Africa (M49)","Middle Africa (M49)","Sub-Saharan Africa (MDG)","","","Developing regions (MDG)","","","Non conflict","Sub-Saharan Africa","West and Central Africa","Sub-Saharan Africa","West and Central Africa","Lower middle income","Low and middle income","Sub-Saharan Africa","West and Central Africa","Lower middle income","Low and middle income","African Group","Economic Community of Central African States","GAVI","",2.02285651934953,-2.31416027941262,4.43231029643961,,6.74647057585224,43.2434901628099,-26.0383485137766,54.9688562993299
"Congo DR","Democratic Republic of the Congo",28,"COD",180,"ZAI","Sub-Saharan Africa","Sub-Saharan Africa","Developing regions","Eastern Africa","Least developed countries","","","West and Central Africa","Sub-Saharan Africa","Africa","Developing countries","Least developed countries","","","Africa","Sub-Saharan Africa","Sub-Saharan Africa (excluding high-income)","Low income","Low income","Low and middle income","Africa","Sub-Saharan Africa","Less developed regions","Least developed countries","Excluding China","","","","","Countdown","Eastern Africa","Africa","Central Africa","Fragile","Fragile","Fragile","Fragile","Fragile","Fragile","Extremely Fragile","USAID","Africa","Middle Africa","","Sub-Saharan Africa","","Least developed countries (LDCs)","","","Sub-Saharan Africa (M49)","Sub-Saharan Africa (M49)","Middle Africa (M49)","Sub-Saharan Africa (MDG)","Least developed countries (LDCs)","","Developing regions (MDG)","HAC","Global Strategy","Conflict","Sub-Saharan Africa","West and Central Africa","Sub-Saharan Africa","West and Central Africa","Low income","Low and middle income","Sub-Saharan Africa","West and Central Africa","Low income","Low and middle income","African Group","Economic Community of Central African States","GAVI","",2.56565501032896,1.32789799694623,3.2532977955416,,1.92539979859537,51.2460225372092,12.4350865519317,44.322473987592
"Cook Islands","Cook Islands",75,"COK",184,"COK","Oceania","Oceania","Developing regions","","","","SIDS","East Asia and Pacific","East Asia and Pacific","Asia","Developing countries","","","","Western Pacific","","","","","","Oceania","","Less developed regions","Excluding least developed countries","Excluding China","","","","","","","","","","","","","","Non-fragile","","","Oceania","Polynesia","","Oceania","Oceania excluding Australia and New Zealand","","Small island developing States (SIDS)","South Eastern Asia and Oceania (excl. Australia and New Zealand)","Oceania (M49) excluding Australia and New Zealand (M49)","Oceania (M49)","Polynesia (M49)","Oceania (MDG)","","Small island developing States (SIDS)","Developing regions (MDG)","","","Non conflict","East Asia and Pacific","","","","","","","","","","","","","",4.03014354176543,2.87989904422656,4.66916826262037,,1.78926921839381,67.6462480446699,25.0230838446606,56.8483826564716
"Costa Rica","Costa Rica",115,"CRI",188,"CTR","Latin America and the Caribbean","Latin America and the Caribbean","Developing regions","","","Latin America","","Latin America and the Caribbean","Latin America and the Caribbean","","Developing countries","","","","Americas","Latin America and the Caribbean","Latin America and the Caribbean (excluding high-income)","Middle income","Upper middle income","Low and middle income","Latin America and the Caribbean","","Less developed regions","Excluding least developed countries","Excluding China","","","","","","","","","Non-fragile","Non-fragile","Non-fragile","Non-fragile","Non-fragile","Non-fragile","","","Americas","Latin America and the Caribbean","Central America","Latin America and the Caribbean","","","","","Latin America and the Caribbean (MDG=M49)","Latin America and the Caribbean (MDG=M49)","Central America (M49)","Latin America and the Caribbean (MDG=M49)","","","Developing regions (MDG)","","","Non conflict","Latin America and Caribbean","","","","","","Latin America and Caribbean","","Upper middle income","Low and middle income","Latin American and Caribbean Group (GRULAC)","","","",2.38698767091251,2.58592372189214,2.27646764259049,,-0.309456079301641,48.7449762229423,22.7862296295161,33.6193226530345
"Cote d Ivoire","Cote d'Ivoire",43,"CIV",384,"IVC","Sub-Saharan Africa","Sub-Saharan Africa","Developing regions","West Africa","","","","West and Central Africa","Sub-Saharan Africa","Africa","Developing countries","","","","Africa","Sub-Saharan Africa","Sub-Saharan Africa (excluding high-income)","Middle income","Lower middle income","Low and middle income","Africa","Sub-Saharan Africa","Less developed regions","Excluding least developed countries","Excluding China","OIC","Africa","OIC Lower middle income","OIC Middle income","Countdown","West Africa","Africa","Western Africa","Fragile","Fragile","Fragile","Fragile","Fragile","Fragile","Other Fragile","","Africa","Western Africa","","Sub-Saharan Africa","","","","","Sub-Saharan Africa (M49)","Sub-Saharan Africa (M49)","Western Africa (M49)","Sub-Saharan Africa (MDG)","","","Developing regions (MDG)","","Global Strategy","Non conflict","Sub-Saharan Africa","West and Central Africa","Sub-Saharan Africa","West and Central Africa","Lower middle income","Low and middle income","Sub-Saharan Africa","West and Central Africa","Lower middle income","Low and middle income","African Group","Economic Community of West African States","GAVI","",2.24766283113622,0.638729605554722,3.14151462312594,,2.50278501757122,46.7059552974461,6.18758292656044,43.1908415057322
"Croatia","Croatia",150,"HRV",191,"CRO","Developed regions","Developed regions","Developed regions","","","","","CEE/CIS","CEE/CIS","","","","","","Europe","Europe and Central Asia","","High income","High income","","Europe","","More developed regions","More developed regions","","","","","","","","","","Non-fragile","Non-fragile","Non-fragile","Non-fragile","","Non-fragile","","","Europe","Southern Europe","","Northern America and Europe","Europe","","","North America, Europe, Australia and New Zealand","Northern America (M49) and Europe (M49)","Europe (M49)","Southern Europe (M49)","Developed regions (MDG)","","","Developed regions","","","Non conflict","Europe and Central Asia","Eastern Europe and Central Asia","","","","","","","","","Eastern European Group","","","",3.72818395764248,4.53888896427152,3.27779228729301,,-1.26109667697851,64.7918116951626,36.4846702873477,44.5674163007235
"Cuba","Cuba",112,"CUB",192,"CBA","Latin America and the Caribbean","Latin America and the Caribbean","Developing regions","","","Caribbean","SIDS","Latin America and the Caribbean","Latin America and the Caribbean","","Developing countries","","","","Americas","Latin America and the Caribbean","Latin America and the Caribbean (excluding high-income)","Middle income","Upper middle income","Low and middle income","Latin America and the Caribbean","","Less developed regions","Excluding least developed countries","Excluding China","","","","","","","","","Non-fragile","Non-fragile","Non-fragile","Non-fragile","Non-fragile","Non-fragile","","","Americas","Latin America and the Caribbean","Caribbean","Latin America and the Caribbean","","","Small island developing States (SIDS)","","Latin America and the Caribbean (MDG=M49)","Latin America and the Caribbean (MDG=M49)","Caribbean (M49)","Latin America and the Caribbean (MDG=M49)","","Small island developing States (SIDS)","Developing regions (MDG)","","","Non conflict","Latin America and Caribbean","","","","","","Latin America and Caribbean","","Upper middle income","Low and middle income","Latin American and Caribbean Group (GRULAC)","","GAVI","",3.62654354442364,4.55639156400748,3.10996131132151,,-1.44643025268597,63.7754163915666,36.5957413966404,42.8672704225675
"Cyprus","Cyprus",157,"CYP",196,"CYP","Developed regions","Developed regions","Developed regions","","","","","Industrialized countries","Industrialized countries","","Developing countries","","","","Europe","Europe and Central Asia","","High income","High income","","Asia","","Less developed regions","Excluding least developed countries","Excluding China","","","","","","","","","","","","","","Non-fragile","","","Asia","Western Asia","","Western Asia and Northern Africa","Western Asia","","","","Western Asia (M49) and Northern Africa (M49)","Asia (M49)","Western Asia (M49)","Developed regions (MDG)","","","Developed regions","","","","Europe and Central Asia","Western Europe","","","","","","","","","Asia-Pacific Group","","","",5.54797573510218,5.29745494470262,5.68715395199082,,0.389699007288201,78.8479467711322,41.1245208037539,64.0732380990685
"Czech Republic","Czechia",162,"CZE",203,"CZE","Developed regions","Developed regions","Developed regions","","","","","Industrialized countries","Industrialized countries","","","","","","Europe","Europe and Central Asia","","High income","High income","","Europe","","More developed regions","More developed regions","","","","","","","","","","","","","","","Non-fragile","","","Europe","Eastern Europe","","Northern America and Europe","Europe","","","North America, Europe, Australia and New Zealand","Northern America (M49) and Europe (M49)","Europe (M49)","Eastern Europe (M49)","Developed regions (MDG)","","","Developed regions","","","","Europe and Central Asia","Western Europe","","","","","","","","","Eastern European Group","","","",4.6258091578951,8.16391401141778,2.6601953503825,,-5.50371866103528,72.6164184092738,55.7976133228558,38.0495406487057
"Denmark","Denmark",172,"DNK",208,"DAN","Developed regions","Developed regions","Developed regions","","","","","Industrialized countries","Industrialized countries","","","","","","Europe","Europe and Central Asia","","High income","High income","","Europe","","More developed regions","More developed regions","","","","","","","","","","","","","","","Non-fragile","","","Europe","Northern Europe","","Northern America and Europe","Europe","","","North America, Europe, Australia and New Zealand","Northern America (M49) and Europe (M49)","Europe (M49)","Northern Europe (M49)","Developed regions (MDG)","","","Developed regions","","","","Europe and Central Asia","Western Europe","","","","","","","","","Western European and Others Group (WEOG)","","","",2.78016336560856,5.04542834383298,1.52168282215055,,-3.52374552168243,54.0880953677733,39.6218459498321,23.9594098983571
"Djibouti","Djibouti",47,"DJI",262,"DJB","Sub-Saharan Africa","Sub-Saharan Africa","Developing regions","Eastern Africa","Least developed countries","","","Middle East and North Africa","Sub-Saharan Africa","Africa","Developing countries","Least developed countries","Middle East","","Eastern Mediterranean","Middle East and North Africa","Middle East and North Africa (excluding high-income)","Middle income","Lower middle income","Low and middle income","Africa","Sub-Saharan Africa","Less developed regions","Least developed countries","Excluding China","OIC","Arab","OIC Lower middle income","OIC Middle income","Countdown","Eastern Africa","Africa","Eastern Africa","Non-fragile","Non-fragile","Non-fragile","Fragile","Fragile","Fragile","Other Fragile","","Africa","Eastern Africa","","Sub-Saharan Africa","","Least developed countries (LDCs)","","","Sub-Saharan Africa (M49)","Sub-Saharan Africa (M49)","Eastern Africa (M49)","Sub-Saharan Africa (MDG)","Least developed countries (LDCs)","","Developing regions (MDG)","HAC","","Non conflict","Sub-Saharan Africa","Eastern and Southern Africa","","","","","Sub-Saharan Africa","Eastern and Southern Africa","Lower middle income","Low and middle income","African Group","","GAVI","",2.39869654692042,1.53276579588221,2.87976918638609,,1.34700339050388,48.9127399083813,14.210758653487,40.4502717476296
"Dominica","Dominica",117,"DMA",212,"DOM","Latin America and the Caribbean","Latin America and the Caribbean","Developing regions","","","Caribbean","SIDS","Latin America and the Caribbean","Latin America and the Caribbean","","Developing countries","","","Eastern Caribbean Area","Americas","Latin America and the Caribbean","Latin America and the Caribbean (excluding high-income)","Middle income","Upper middle income","Low and middle income","Latin America and the Caribbean","","Less developed regions","Excluding least developed countries","Excluding China","","","","","","","","","Non-fragile","Non-fragile","Non-fragile","Non-fragile","Non-fragile","Non-fragile","","","Americas","Latin America and the Caribbean","Caribbean","Latin America and the Caribbean","","","Small island developing States (SIDS)","","Latin America and the Caribbean (MDG=M49)","Latin America and the Caribbean (MDG=M49)","Caribbean (M49)","Latin America and the Caribbean (MDG=M49)","","Small island developing States (SIDS)","Developing regions (MDG)","","","Non conflict","Latin America and Caribbean","","","","","","Latin America and Caribbean","","Upper middle income","Low and middle income","Latin American and Caribbean Group (GRULAC)","","","",-2.78850625437949,0.971671780967924,-4.87749405179471,,-5.84916583276264,-118.317830087754,9.25957046708501,-140.5959848455
"Dominican Republic","Dominican Republic",116,"DOM",214,"DMR","Latin America and the Caribbean","Latin America and the Caribbean","Developing regions","","","Caribbean","SIDS","Latin America and the Caribbean","Latin America and the Caribbean","","Developing countries","","","","Americas","Latin America and the Caribbean","Latin America and the Caribbean (excluding high-income)","Middle income","Upper middle income","Low and middle income","Latin America and the Caribbean","","Less developed regions","Excluding least developed countries","Excluding China","","","","","Countdown","","","","Non-fragile","Non-fragile","Non-fragile","Non-fragile","Non-fragile","Non-fragile","","","Americas","Latin America and the Caribbean","Caribbean","Latin America and the Caribbean","","","Small island developing States (SIDS)","","Latin America and the Caribbean (MDG=M49)","Latin America and the Caribbean (MDG=M49)","Caribbean (M49)","Latin America and the Caribbean (MDG=M49)","","Small island developing States (SIDS)","Developing regions (MDG)","","","Non conflict","Latin America and Caribbean","","Latin America and Caribbean","","Upper middle income","Low and middle income","Latin America and Caribbean","","Upper middle income","Low and middle income","Latin American and Caribbean Group (GRULAC)","","","",2.55271713960482,3.74317186614747,1.89135340263669,,-1.85181846351078,51.0690859008857,31.22412706346,28.8545357406613
"Ecuador","Ecuador",118,"ECU",218,"ECU","Latin America and the Caribbean","Latin America and the Caribbean","Developing regions","","","Latin America","","Latin America and the Caribbean","Latin America and the Caribbean","","Developing countries","","","","Americas","Latin America and the Caribbean","Latin America and the Caribbean (excluding high-income)","Middle income","Upper middle income","Low and middle income","Latin America and the Caribbean","","Less developed regions","Excluding least developed countries","Excluding China","","","","","","","","","Non-fragile","Non-fragile","Non-fragile","Non-fragile","Non-fragile","Non-fragile","","","Americas","Latin America and the Caribbean","South America","Latin America and the Caribbean","","","","","Latin America and the Caribbean (MDG=M49)","Latin America and the Caribbean (MDG=M49)","South America (M49)","Latin America and the Caribbean (MDG=M49)","","","Developing regions (MDG)","","","Non conflict","Latin America and Caribbean","","","","","","Latin America and Caribbean","","Upper middle income","Low and middle income","Latin American and Caribbean Group (GRULAC)","","","",4.70469071968833,5.99866215591654,3.98581769956155,,-2.01284445635499,73.2146047805941,45.1114936554338,51.2003568629491
"Egypt","Egypt",52,"EGY",818,"EGY","Northern Africa","Northern Africa","Developing regions","North Africa","","","","Middle East and North Africa","Middle East and North Africa","Africa","Developing countries","","North Africa","","Eastern Mediterranean","Middle East and North Africa","Middle East and North Africa (excluding high-income)","Middle income","Lower middle income","Low and middle income","Africa","","Less developed regions","Excluding least developed countries","Excluding China","OIC","Arab","OIC Lower middle income","OIC Middle income","","North Africa","Africa","Northern Africa","Non-fragile","Non-fragile","Non-fragile","Non-fragile","Non-fragile","Fragile","Other Fragile","","Africa","Northern Africa","","Western Asia and Northern Africa","Northern Africa","","","","Western Asia (M49) and Northern Africa (M49)","Northern Africa (M49)","Northern Africa (M49)","Northern Africa (MDG)","","","Developing regions (MDG)","HAC","","Non conflict","Middle East and North Africa","","Middle East and North Africa","","Lower middle income","Low and middle income","Middle East and North Africa","","Lower middle income","Low and middle income","African Group","","","",4.78589724803472,5.727361136495,4.26286175444568,,-1.46449938204932,73.8167745285592,43.6019788250149,53.5742124884088
"El Salvador","El Salvador",119,"SLV",222,"ESL","Latin America and the Caribbean","Latin America and the Caribbean","Developing regions","","","Latin America","","Latin America and the Caribbean","Latin America and the Caribbean","","Developing countries","","","","Americas","Latin America and the Caribbean","Latin America and the Caribbean (excluding high-income)","Middle income","Lower middle income","Low and middle income","Latin America and the Caribbean","","Less developed regions","Excluding least developed countries","Excluding China","","","","","","","","","Non-fragile","Non-fragile","Non-fragile","Non-fragile","Non-fragile","Non-fragile","","","Americas","Latin America and the Caribbean","Central America","Latin America and the Caribbean","","","","","Latin America and the Caribbean (MDG=M49)","Latin America and the Caribbean (MDG=M49)","Central America (M49)","Latin America and the Caribbean (MDG=M49)","","","Developing regions (MDG)","","","Non conflict","Latin America and Caribbean","","Latin America and Caribbean","","Lower middle income","Low and middle income","Latin America and Caribbean","","Lower middle income","Low and middle income","Latin American and Caribbean Group (GRULAC)","","","",5.19803380618939,5.81426562930473,4.85568279334754,,-0.958582835957194,76.6704517992325,44.0899794240503,58.2730466552484
"Equatorial Guinea","Equatorial Guinea",29,"GNQ",226,"EQG","Sub-Saharan Africa","Sub-Saharan Africa","Developing regions","Central Africa","","","","West and Central Africa","Sub-Saharan Africa","Africa","Developing countries","","","","Africa","Sub-Saharan Africa","Sub-Saharan Africa (excluding high-income)","Middle income","Upper middle income","Low and middle income","Africa","Sub-Saharan Africa","Less developed regions","","Excluding China","","","","","Countdown","Central Africa","Africa","Central Africa","Non-fragile","Non-fragile","Non-fragile","Non-fragile","Non-fragile","Fragile","Other Fragile","","Africa","Middle Africa","","Sub-Saharan Africa","","","","","Sub-Saharan Africa (M49)","Sub-Saharan Africa (M49)","Middle Africa (M49)","Sub-Saharan Africa (MDG)","","","Developing regions (MDG)","","","Non conflict","Sub-Saharan Africa","West and Central Africa","Sub-Saharan Africa","West and Central Africa","Upper middle income","Low and middle income","Sub-Saharan Africa","West and Central Africa","Upper middle income","Low and middle income","African Group","Economic Community of Central African States","","",2.58135624511651,1.31176258549905,3.28668605601511,,1.97492347051606,51.4598914131312,12.2936829116326,44.6560861312158
"Eritrea","Eritrea",4,"ERI",232,"ETHB","Sub-Saharan Africa","Sub-Saharan Africa","Developing regions","Eastern Africa","Least developed countries","","","Eastern and Southern Africa","Sub-Saharan Africa","Africa","Developing countries","Least developed countries","","","Africa","Sub-Saharan Africa","Sub-Saharan Africa (excluding high-income)","Low income","Low income","Low and middle income","Africa","Sub-Saharan Africa","Less developed regions","Least developed countries","Excluding China","","","","","Countdown","Eastern Africa","Africa","Eastern Africa","Fragile","Fragile","Fragile","Fragile","Fragile","Fragile","Extremely Fragile","","Africa","Eastern Africa","","Sub-Saharan Africa","","Least developed countries (LDCs)","","","Sub-Saharan Africa (M49)","Sub-Saharan Africa (M49)","Eastern Africa (M49)","Sub-Saharan Africa (MDG)","Least developed countries (LDCs)","","Developing regions (MDG)","HAC","Global Strategy","Non conflict","Sub-Saharan Africa","Eastern and Southern Africa","Sub-Saharan Africa","Eastern and Southern Africa","Low income","Low and middle income","Sub-Saharan Africa","Eastern and Southern Africa","Low income","Low and middle income","African Group","","GAVI","",4.49653760657246,5.66667535835374,3.84646107780509,,-1.82021428054866,71.6070846043475,43.2586824380987,49.9607752945153
"Estonia","Estonia",163,"EST",233,"EST","Developed regions","Developed regions","Developed regions","","","","","Industrialized countries","Industrialized countries","","","","","","Europe","Europe and Central Asia","","High income","High income","","Europe","","More developed regions","More developed regions","","","","","","","","","","","","","","","Non-fragile","","","Europe","Northern Europe","","Northern America and Europe","Europe","","","North America, Europe, Australia and New Zealand","Northern America (M49) and Europe (M49)","Europe (M49)","Northern Europe (M49)","Developed regions (MDG)","","","Developed regions","","","","Europe and Central Asia","Western Europe","","","","","","","","","Eastern European Group","","","",6.86866406325086,4.85897538815269,7.98515777163873,,3.12618238348604,85.3865220771567,38.4855167447022,76.2438418572187
"Ethiopia","Ethiopia",5,"ETH",231,"ETH","Sub-Saharan Africa","Sub-Saharan Africa","Developing regions","Eastern Africa","Least developed countries","","LLDC","Eastern and Southern Africa","Sub-Saharan Africa","Africa","Developing countries","Least developed countries","","","Africa","Sub-Saharan Africa","Sub-Saharan Africa (excluding high-income)","Low income","Low income","Low and middle income","Africa","Sub-Saharan Africa","Less developed regions","Least developed countries","Excluding China","","","","","Countdown","Eastern Africa","Africa","Eastern Africa","Non-fragile","Non-fragile","Non-fragile","Non-fragile","Non-fragile","Fragile","Extremely Fragile","USAID","Africa","Eastern Africa","","Sub-Saharan Africa","","Least developed countries (LDCs)","Landlocked developing countries (LLDCs)","","Sub-Saharan Africa (M49)","Sub-Saharan Africa (M49)","Eastern Africa (M49)","Sub-Saharan Africa (MDG)","Least developed countries (LDCs)","Landlocked developing countries (LLDCs)","Developing regions (MDG)","HAC","Global Strategy","Non conflict","Sub-Saharan Africa","Eastern and Southern Africa","Sub-Saharan Africa","Eastern and Southern Africa","Low income","Low and middle income","Sub-Saharan Africa","Eastern and Southern Africa","Low income","Low and middle income","African Group","","GAVI","",4.48560640942726,3.43369641205335,5.07000085241277,,1.63630444035942,71.5200482791217,29.0624051489063,59.8521041195983
"Federated States of Micronesia","Micronesia (Federated States of)",77,"FSM",583,"FSM","Oceania","Oceania","Developing regions","","","","SIDS","East Asia and Pacific","East Asia and Pacific","Asia","Developing countries","","","","Western Pacific","East Asia and Pacific","East Asia and Pacific (excluding high-income)","Middle income","Lower middle income","Low and middle income","Oceania","","Less developed regions","Excluding least developed countries","Excluding China","","","","","","","","","Fragile","Fragile","Fragile","Fragile","Fragile","Non-fragile","","","Oceania","Micronesia","","Oceania","Oceania excluding Australia and New Zealand","","Small island developing States (SIDS)","South Eastern Asia and Oceania (excl. Australia and New Zealand)","Oceania (M49) excluding Australia and New Zealand (M49)","Oceania (M49)","Micronesia (M49)","Oceania (MDG)","","Small island developing States (SIDS)","Developing regions (MDG)","","","Non conflict","East Asia and Pacific","","","","","","East Asia and Pacific","","Lower middle income","Low and middle income","Asia-Pacific Group","","","",2.03731510963646,0.314477642477419,2.99444703583593,,2.67996939335851,43.4727990361121,3.09584262527139,41.6668979997452
"Fiji","Fiji",76,"FJI",242,"FJI","Oceania","Oceania","Developing regions","","","","SIDS","East Asia and Pacific","East Asia and Pacific","Asia","Developing countries","","","","Western Pacific","East Asia and Pacific","East Asia and Pacific (excluding high-income)","Middle income","Upper middle income","Low and middle income","Oceania","","Less developed regions","Excluding least developed countries","Excluding China","","","","","","","","","Non-fragile","Non-fragile","Non-fragile","Non-fragile","Non-fragile","Non-fragile","","","Oceania","Melanesia","","Oceania","Oceania excluding Australia and New Zealand","","Small island developing States (SIDS)","South Eastern Asia and Oceania (excl. Australia and New Zealand)","Oceania (M49) excluding Australia and New Zealand (M49)","Oceania (M49)","Melanesia (M49)","Oceania (MDG)","","Small island developing States (SIDS)","Developing regions (MDG)","","","Non conflict","East Asia and Pacific","","","","","","East Asia and Pacific","","Upper middle income","Low and middle income","Asia-Pacific Group","","","",0.449290859492768,2.53310088423748,-0.708381376476516,,-3.241482260714,11.8210082972346,22.3772854551117,-13.5994692014701
"Finland","Finland",173,"FIN",246,"FIN","Developed regions","Developed regions","Developed regions","","","","","Industrialized countries","Industrialized countries","","","","","","Europe","Europe and Central Asia","","High income","High income","","Europe","","More developed regions","More developed regions","","","","","","","","","","","","","","","Non-fragile","","","Europe","Northern Europe","","Northern America and Europe","Europe","","","North America, Europe, Australia and New Zealand","Northern America (M49) and Europe (M49)","Europe (M49)","Northern Europe (M49)","Developed regions (MDG)","","","Developed regions","","","","Europe and Central Asia","Western Europe","","","","","","","","","Western European and Others Group (WEOG)","","","",4.96240651682695,4.57027229249871,5.18025886367597,,0.609986571177262,75.0793603612474,36.6836900728205,60.6410423042435
"France","France",174,"FRA",250,"FRA","Developed regions","Developed regions","Developed regions","","","","","Industrialized countries","Industrialized countries","","","","","","Europe","Europe and Central Asia","","High income","High income","","Europe","","More developed regions","More developed regions","","","","","","","","","","","","","","","Non-fragile","","","Europe","Western Europe","","Northern America and Europe","Europe","","","North America, Europe, Australia and New Zealand","Northern America (M49) and Europe (M49)","Europe (M49)","Western Europe (M49)","Developed regions (MDG)","","","Developed regions","","","","Europe and Central Asia","Western Europe","","","","","","","","","Western European and Others Group (WEOG)","","","",2.98225075054952,5.32986088420646,1.67802289851788,,-3.65183798568858,56.6138625783865,41.3150035201986,26.0694555267692
"Gabon","Gabon",44,"GAB",266,"GAB","Sub-Saharan Africa","Sub-Saharan Africa","Developing regions","Central Africa","","","","West and Central Africa","Sub-Saharan Africa","Africa","Developing countries","","","","Africa","Sub-Saharan Africa","Sub-Saharan Africa (excluding high-income)","Middle income","Upper middle income","Low and middle income","Africa","Sub-Saharan Africa","Less developed regions","Excluding least developed countries","Excluding China","OIC","Africa","OIC Upper middle income","OIC Middle income","Countdown","Central Africa","Africa","Central Africa","Non-fragile","Non-fragile","Non-fragile","Non-fragile","Non-fragile","Non-fragile","","","Africa","Middle Africa","","Sub-Saharan Africa","","","","","Sub-Saharan Africa (M49)","Sub-Saharan Africa (M49)","Middle Africa (M49)","Sub-Saharan Africa (MDG)","","","Developing regions (MDG)","","","Non conflict","Sub-Saharan Africa","West and Central Africa","Sub-Saharan Africa","West and Central Africa","Upper middle income","Low and middle income","Sub-Saharan Africa","West and Central Africa","Upper middle income","Low and middle income","African Group","Economic Community of Central African States","","",2.5221869548671,0.882102402107709,3.43334503973342,,2.55124263762571,50.6490094000521,8.4431632799082,46.0979732722483
"Gambia The","Gambia",30,"GMB",270,"GAM","Sub-Saharan Africa","Sub-Saharan Africa","Developing regions","West Africa","Least developed countries","","","West and Central Africa","Sub-Saharan Africa","Africa","Developing countries","Least developed countries","","","Africa","Sub-Saharan Africa","Sub-Saharan Africa (excluding high-income)","Low income","Low income","Low and middle income","Africa","Sub-Saharan Africa","Less developed regions","Least developed countries","Excluding China","OIC","Africa","OIC Low income","","Countdown","West Africa","Africa","Western Africa","Non-fragile","Non-fragile","Non-fragile","Fragile","Fragile","Fragile","Other Fragile","","Africa","Western Africa","","Sub-Saharan Africa","","Least developed countries (LDCs)","","","Sub-Saharan Africa (M49)","Sub-Saharan Africa (M49)","Western Africa (M49)","Sub-Saharan Africa (MDG)","Least developed countries (LDCs)","","Developing regions (MDG)","","Global Strategy","Non conflict","Sub-Saharan Africa","West and Central Africa","Sub-Saharan Africa","West and Central Africa","Low income","Low and middle income","Sub-Saharan Africa","West and Central Africa","Low income","Low and middle income","African Group","Economic Community of West African States","GAVI","",3.68025239259249,3.73364730733317,3.65058855106989,,-0.0830587562632794,64.3161032332824,31.1585898730944,48.1650699761435
"Georgia","Georgia",139,"GEO",268,"GEO","Caucasus and Central Asia","Caucasus and Central Asia","Developing regions","","","","","CEE/CIS","CEE/CIS","","Developing countries","","","","Europe","Europe and Central Asia","Europe and Central Asia (excluding high-income)","Middle income","Upper middle income","Low and middle income","Asia","","Less developed regions","Excluding least developed countries","Excluding China","","","","","","","","","Non-fragile","Non-fragile","Non-fragile","Non-fragile","Non-fragile","Non-fragile","","","Asia","Western Asia","","Western Asia and Northern Africa","Western Asia","","","","Western Asia (M49) and Northern Africa (M49)","Asia (M49)","Western Asia (M49)","Caucasus and Central Asia (MDG)","","","Developing regions (MDG)","","","Non conflict","Europe and Central Asia","Eastern Europe and Central Asia","Europe and Central Asia","Eastern Europe and Central Asia","Upper middle income","Low and middle income","Europe and Central Asia","Eastern Europe and Central Asia","Upper middle income","Low and middle income","Eastern European Group","","GAVI","",5.6390461289477,2.54171350620012,7.35978647491859,,4.81807296871846,79.3804991774771,22.4441101837836,73.4133656755344
"Germany","Germany",175,"DEU",276,"GERB","Developed regions","Developed regions","Developed regions","","","","","Industrialized countries","Industrialized countries","","","","","","Europe","Europe and Central Asia","","High income","High income","","Europe","","More developed regions","More developed regions","","","","","","","","","","","","","","","Non-fragile","","","Europe","Western Europe","","Northern America and Europe","Europe","","","North America, Europe, Australia and New Zealand","Northern America (M49) and Europe (M49)","Europe (M49)","Western Europe (M49)","Developed regions (MDG)","","","Developed regions","","","","Europe and Central Asia","Western Europe","","","","","","","","","Western European and Others Group (WEOG)","","","",3.15139477948879,4.84148723127125,2.21245452849854,,-2.6290327027727,58.6207458506538,38.3778451298742,32.8500370742362
"Ghana","Ghana",45,"GHA",288,"GHA","Sub-Saharan Africa","Sub-Saharan Africa","Developing regions","West Africa","","","","West and Central Africa","Sub-Saharan Africa","Africa","Developing countries","","","","Africa","Sub-Saharan Africa","Sub-Saharan Africa (excluding high-income)","Middle income","Lower middle income","Low and middle income","Africa","Sub-Saharan Africa","Less developed regions","Excluding least developed countries","Excluding China","","","","","Countdown","West Africa","Africa","Western Africa","Non-fragile","Non-fragile","Non-fragile","Non-fragile","Non-fragile","Non-fragile","","USAID","Africa","Western Africa","","Sub-Saharan Africa","","","","","Sub-Saharan Africa (M49)","Sub-Saharan Africa (M49)","Western Africa (M49)","Sub-Saharan Africa (MDG)","","","Developing regions (MDG)","","Global Strategy","Non conflict","Sub-Saharan Africa","West and Central Africa","Sub-Saharan Africa","West and Central Africa","Lower middle income","Low and middle income","Sub-Saharan Africa","West and Central Africa","Lower middle income","Low and middle income","African Group","Economic Community of West African States","GAVI","",3.37633444321309,2.38057316079345,3.92953515566845,,1.548961994875,61.1465629798194,21.1842484299562,50.7034618763339
"Greece","Greece",176,"GRC",300,"GRE","Developed regions","Developed regions","Developed regions","","","","","Industrialized countries","Industrialized countries","","","","","","Europe","Europe and Central Asia","","High income","High income","","Europe","","More developed regions","More developed regions","","","","","","","","","","","","","","","Non-fragile","","","Europe","Southern Europe","","Northern America and Europe","Europe","","","North America, Europe, Australia and New Zealand","Northern America (M49) and Europe (M49)","Europe (M49)","Southern Europe (M49)","Developed regions (MDG)","","","Developed regions","","","","Europe and Central Asia","Western Europe","","","","","","","","","Western European and Others Group (WEOG)","","","",3.05574529827545,4.88536840746321,2.03928801539336,,-2.84608039206985,57.497559301945,38.6476579751924,30.7240126532263
"Grenada","Grenada",120,"GRD",308,"GND","Latin America and the Caribbean","Latin America and the Caribbean","Developing regions","","","Caribbean","SIDS","Latin America and the Caribbean","Latin America and the Caribbean","","Developing countries","","","Eastern Caribbean Area","Americas","Latin America and the Caribbean","Latin America and the Caribbean (excluding high-income)","Middle income","Upper middle income","Low and middle income","Latin America and the Caribbean","","Less developed regions","Excluding least developed countries","Excluding China","","","","","","","","","Non-fragile","Non-fragile","Non-fragile","Non-fragile","Non-fragile","Non-fragile","","","Americas","Latin America and the Caribbean","Caribbean","Latin America and the Caribbean","","","Small island developing States (SIDS)","","Latin America and the Caribbean (MDG=M49)","Latin America and the Caribbean (MDG=M49)","Caribbean (M49)","Latin America and the Caribbean (MDG=M49)","","Small island developing States (SIDS)","Developing regions (MDG)","","","Non conflict","Latin America and Caribbean","","","","","","Latin America and Caribbean","","Upper middle income","Low and middle income","Latin American and Caribbean Group (GRULAC)","","","",1.3444229231997,3.58490093299277,0.0997129177591055,,-3.48518801523366,31.3698620143301,30.1269452081268,1.77882133521356
"Guatemala","Guatemala",121,"GTM",320,"GUA","Latin America and the Caribbean","Latin America and the Caribbean","Developing regions","","","Latin America","","Latin America and the Caribbean","Latin America and the Caribbean","","Developing countries","","","","Americas","Latin America and the Caribbean","Latin America and the Caribbean (excluding high-income)","Middle income","Upper middle income","Low and middle income","Latin America and the Caribbean","","Less developed regions","Excluding least developed countries","Excluding China","","","","","Countdown","","","","Non-fragile","Non-fragile","Non-fragile","Non-fragile","Non-fragile","Fragile","Other Fragile","","Americas","Latin America and the Caribbean","Central America","Latin America and the Caribbean","","","","","Latin America and the Caribbean (MDG=M49)","Latin America and the Caribbean (MDG=M49)","Central America (M49)","Latin America and the Caribbean (MDG=M49)","","","Developing regions (MDG)","","","Non conflict","Latin America and Caribbean","","Latin America and Caribbean","","Upper middle income","Low and middle income","Latin America and Caribbean","","Upper middle income","Low and middle income","Latin American and Caribbean Group (GRULAC)","","","",3.87574495763685,4.26114337626494,3.66163472506569,,-0.599508651199243,66.2168689059366,34.6958329382744,48.2680315604799
"Guinea","Guinea",31,"GIN",324,"GUI","Sub-Saharan Africa","Sub-Saharan Africa","Developing regions","West Africa","Least developed countries","","","West and Central Africa","Sub-Saharan Africa","Africa","Developing countries","Least developed countries","","","Africa","Sub-Saharan Africa","Sub-Saharan Africa (excluding high-income)","Low income","Low income","Low and middle income","Africa","Sub-Saharan Africa","Less developed regions","Least developed countries","Excluding China","OIC","Africa","OIC Low income","","Countdown","West Africa","Africa","Western Africa","Fragile","Non-fragile","Non-fragile","Non-fragile","Non-fragile","Fragile","Other Fragile","","Africa","Western Africa","","Sub-Saharan Africa","","Least developed countries (LDCs)","","","Sub-Saharan Africa (M49)","Sub-Saharan Africa (M49)","Western Africa (M49)","Sub-Saharan Africa (MDG)","Least developed countries (LDCs)","","Developing regions (MDG)","HAC","Global Strategy","Non conflict","Sub-Saharan Africa","West and Central Africa","Sub-Saharan Africa","West and Central Africa","Low income","Low and middle income","Sub-Saharan Africa","West and Central Africa","Low income","Low and middle income","African Group","Economic Community of West African States","GAVI","",2.97644907818379,3.43036253888731,2.7242749333485,,-0.706087605538809,56.5433258983293,29.0387515118203,38.7599922105239
"Guinea-Bissau","Guinea-Bissau",32,"GNB",624,"BIS","Sub-Saharan Africa","Sub-Saharan Africa","Developing regions","West Africa","Least developed countries","","SIDS","West and Central Africa","Sub-Saharan Africa","Africa","Developing countries","Least developed countries","","","Africa","Sub-Saharan Africa","Sub-Saharan Africa (excluding high-income)","Low income","Low income","Low and middle income","Africa","Sub-Saharan Africa","Less developed regions","Least developed countries","Excluding China","OIC","Africa","OIC Low income","","Countdown","West Africa","Africa","Western Africa","Fragile","Fragile","Fragile","Fragile","Fragile","Fragile","Other Fragile","","Africa","Western Africa","","Sub-Saharan Africa","","Least developed countries (LDCs)","Small island developing States (SIDS)","","Sub-Saharan Africa (M49)","Sub-Saharan Africa (M49)","Western Africa (M49)","Sub-Saharan Africa (MDG)","Least developed countries (LDCs)","Small island developing States (SIDS)","Developing regions (MDG)","","Global Strategy","Non conflict","Sub-Saharan Africa","West and Central Africa","Sub-Saharan Africa","West and Central Africa","Low income","Low and middle income","Sub-Saharan Africa","West and Central Africa","Low income","Low and middle income","African Group","Economic Community of West African States","GAVI","",3.50459746624103,2.34324432099042,4.14979365804692,,1.8065493370565,62.5171724744719,20.8894885636089,52.6196622358253
"Guyana","Guyana",122,"GUY",328,"GUY","Latin America and the Caribbean","Latin America and the Caribbean","Developing regions","","","Latin America","SIDS","Latin America and the Caribbean","Latin America and the Caribbean","","Developing countries","","","","Americas","Latin America and the Caribbean","Latin America and the Caribbean (excluding high-income)","Middle income","Upper middle income","Low and middle income","Latin America and the Caribbean","","Less developed regions","Excluding least developed countries","Excluding China","OIC","Asia/other","OIC Lower middle income","OIC Middle income","Countdown","","","","Non-fragile","Non-fragile","Non-fragile","Non-fragile","Non-fragile","Non-fragile","","","Americas","Latin America and the Caribbean","South America","Latin America and the Caribbean","","","Small island developing States (SIDS)","","Latin America and the Caribbean (MDG=M49)","Latin America and the Caribbean (MDG=M49)","South America (M49)","Latin America and the Caribbean (MDG=M49)","","Small island developing States (SIDS)","Developing regions (MDG)","","","Non conflict","Latin America and Caribbean","","Latin America and Caribbean","","Upper middle income","Low and middle income","Latin America and Caribbean","","Upper middle income","Low and middle income","Latin American and Caribbean Group (GRULAC)","","GAVI","",2.42840318719215,2.52212089601319,2.37633779340269,,-0.1457831026105,49.3359141568641,22.2920089977903,34.8019615618487
"Haiti","Haiti",104,"HTI",332,"HTI","Latin America and the Caribbean","Latin America and the Caribbean","Developing regions","","Least developed countries","Caribbean","SIDS","Latin America and the Caribbean","Latin America and the Caribbean","","Developing countries","Least developed countries","","","Americas","Latin America and the Caribbean","Latin America and the Caribbean (excluding high-income)","Low income","Low income","Low and middle income","Latin America and the Caribbean","","Less developed regions","Least developed countries","Excluding China","","","","","Countdown","","","","Fragile","Fragile","Fragile","Fragile","Fragile","Fragile","Extremely Fragile","USAID","Americas","Latin America and the Caribbean","Caribbean","Latin America and the Caribbean","","Least developed countries (LDCs)","Small island developing States (SIDS)","","Latin America and the Caribbean (MDG=M49)","Latin America and the Caribbean (MDG=M49)","Caribbean (M49)","Latin America and the Caribbean (MDG=M49)","Least developed countries (LDCs)","Small island developing States (SIDS)","Developing regions (MDG)","HAC","Global Strategy","Non conflict","Latin America and Caribbean","","Latin America and Caribbean","","Low income","Low and middle income","Latin America and Caribbean","","Low income","Low and middle income","Latin American and Caribbean Group (GRULAC)","","GAVI","",2.77568181579902,3.25367178739071,2.51013183158141,,-0.743539955809303,54.0304473895287,27.7737894340892,36.3533650038011
"Honduras","Honduras",123,"HND",340,"HON","Latin America and the Caribbean","Latin America and the Caribbean","Developing regions","","","Latin America","","Latin America and the Caribbean","Latin America and the Caribbean","","Developing countries","","","","Americas","Latin America and the Caribbean","Latin America and the Caribbean (excluding high-income)","Middle income","Lower middle income","Low and middle income","Latin America and the Caribbean","","Less developed regions","Excluding least developed countries","Excluding China","","","","","Countdown","","","","Non-fragile","Non-fragile","Non-fragile","Non-fragile","Non-fragile","Fragile","Other Fragile","","Americas","Latin America and the Caribbean","Central America","Latin America and the Caribbean","","","","","Latin America and the Caribbean (MDG=M49)","Latin America and the Caribbean (MDG=M49)","Central America (M49)","Latin America and the Caribbean (MDG=M49)","","","Developing regions (MDG)","","","Non conflict","Latin America and Caribbean","","Latin America and Caribbean","","Lower middle income","Low and middle income","Latin America and Caribbean","","Lower middle income","Low and middle income","Latin American and Caribbean Group (GRULAC)","","","",4.19477418327444,4.35562065914176,4.10541503001482,,-0.250205629126938,69.1037933364255,35.3099036106624,52.2396651295346
"Hungary","Hungary",164,"HUN",348,"HUN","Developed regions","Developed regions","Developed regions","","","","","Industrialized countries","Industrialized countries","","","","","","Europe","Europe and Central Asia","","High income","High income","","Europe","","More developed regions","More developed regions","","","","","","","","","","","","","","","Non-fragile","","","Europe","Eastern Europe","","Northern America and Europe","Europe","","","North America, Europe, Australia and New Zealand","Northern America (M49) and Europe (M49)","Europe (M49)","Eastern Europe (M49)","Developed regions (MDG)","","","Developed regions","","","","Europe and Central Asia","Western Europe","","","","","","","","","Eastern European Group","","","",5.07914893705381,5.42837318038959,4.88513546853394,,-0.543237711855647,75.8807932514482,41.8902846300952,58.4936759799666
"Iceland","Iceland",177,"ISL",352,"ICE","Developed regions","Developed regions","Developed regions","","","","","Industrialized countries","Industrialized countries","","","","","","Europe","Europe and Central Asia","","High income","High income","","Europe","","More developed regions","More developed regions","","","","","","","","","","","","","","","Non-fragile","","","Europe","Northern Europe","","Northern America and Europe","Europe","","","North America, Europe, Australia and New Zealand","Northern America (M49) and Europe (M49)","Europe (M49)","Northern Europe (M49)","Developed regions (MDG)","","","Developed regions","","","","Europe and Central Asia","Western Europe","","","","","","","","","Western European and Others Group (WEOG)","","","",4.24555787531682,4.63589520952958,4.02870380075417,,-0.607191408775408,69.5400111656481,37.0978298289857,51.575615353907
"India","India",72,"IND",356,"IND","Southern Asia","","Developing regions","","","","","South Asia","South Asia","Asia","Developing countries","","","","South-East Asia","South Asia","South Asia (excluding high-income)","Middle income","Lower middle income","Low and middle income","Asia","","Less developed regions","Excluding least developed countries","Excluding China","","","","","Countdown","","","","Non-fragile","Non-fragile","Non-fragile","Non-fragile","Non-fragile","Non-fragile","","USAID","Asia","Southern Asia","","Central Asia and Southern Asia","Southern Asia","","","","Central Asia (M49) and Southern Asia (MDG=M49)","Asia (M49)","Southern Asia (MDG=M49)","Southern Asia (MDG=M49)","","","Developing regions (MDG)","","","Conflict","South Asia","","South Asia","","Lower middle income","Low and middle income","South Asia","","Lower middle income","Low and middle income","Asia-Pacific Group","","GAVI","",4.38117268748424,3.39426376733311,4.92945542090154,,1.53519165356843,70.674957802674,28.7821272095568,58.8234792077907
"Indonesia","Indonesia",96,"IDN",360,"IDS","South-eastern Asia","South-eastern Asia","Developing regions","","","","","East Asia and Pacific","East Asia and Pacific","Asia","Developing countries","","","","South-East Asia","East Asia and Pacific","East Asia and Pacific (excluding high-income)","Middle income","Lower middle income","Low and middle income","Asia","","Less developed regions","Excluding least developed countries","Excluding China","OIC","Asia/other","OIC Lower middle income","OIC Middle income","Countdown","","","","Non-fragile","Non-fragile","Non-fragile","Non-fragile","Non-fragile","Non-fragile","","USAID","Asia","South-Eastern Asia","","Eastern Asia and South-eastern Asia","South-eastern Asia","","","South Eastern Asia and Oceania (excl. Australia and New Zealand)","Eastern Asia (M49) and South-eastern Asia (MDG=M49)","Asia (M49)","South-eastern Asia (MDG=M49)","South-eastern Asia (MDG=M49)","","","Developing regions (MDG)","","","Non conflict","East Asia and Pacific","","East Asia and Pacific","","Lower middle income","Low and middle income","East Asia and Pacific","","Lower middle income","Low and middle income","Asia-Pacific Group","","GAVI","",4.23598788745358,4.67604794842567,3.99151007580242,,-0.684537872623253,69.4582812303544,37.3498928807225,51.2503327224993
"Iran","Iran (Islamic Republic of)",53,"IRN",364,"IRN","Southern Asia","Southern Asia excluding India","Developing regions","","","","","Middle East and North Africa","Middle East and North Africa","","Developing countries","","Middle East","","Eastern Mediterranean","Middle East and North Africa","Middle East and North Africa (excluding high-income)","Middle income","Upper middle income","Low and middle income","Asia","","Less developed regions","Excluding least developed countries","Excluding China","OIC","Asia/other","OIC Upper middle income","OIC Middle income","","","","","Non-fragile","Non-fragile","Non-fragile","Non-fragile","Non-fragile","Fragile","Other Fragile","","Asia","Southern Asia","","Central Asia and Southern Asia","Southern Asia","","","","Central Asia (M49) and Southern Asia (MDG=M49)","Asia (M49)","Southern Asia (MDG=M49)","Southern Asia (MDG=M49)","","","Developing regions (MDG)","","","Non conflict","Middle East and North Africa","","","","","","Middle East and North Africa","","Upper middle income","Low and middle income","Asia-Pacific Group","","","",4.7255681096781,4.70333319517144,4.73792083995959,,0.0345876447881466,73.3707265775909,37.5206022455964,57.3791131484902
"Iraq","Iraq",54,"IRQ",368,"IRQ","Western Asia","Western Asia","Developing regions","","","","","Middle East and North Africa","Middle East and North Africa","","Developing countries","","Middle East","","Eastern Mediterranean","Middle East and North Africa","Middle East and North Africa (excluding high-income)","Middle income","Upper middle income","Low and middle income","Asia","","Less developed regions","Excluding least developed countries","Excluding China","OIC","Arab","OIC Lower middle income","OIC Middle income","Countdown","","","","Fragile","Fragile","Fragile","Fragile","Fragile","Fragile","Extremely Fragile","","Asia","Western Asia","","Western Asia and Northern Africa","Western Asia","","","","Western Asia (M49) and Northern Africa (M49)","Asia (M49)","Western Asia (M49)","Western Asia (MDG)","","","Developing regions (MDG)","HAC","","Conflict","Middle East and North Africa","","Middle East and North Africa","","Upper middle income","Low and middle income","Middle East and North Africa","","Upper middle income","Low and middle income","Asia-Pacific Group","","","",2.41861996650887,1.86549686948042,2.72591057596913,,0.86041370648871,49.1969396761393,17.0182670163546,38.7780195746535
"Ireland","Ireland",178,"IRL",372,"IRE","Developed regions","Developed regions","Developed regions","","","","","Industrialized countries","Industrialized countries","","","","","","Europe","Europe and Central Asia","","High income","High income","","Europe","","More developed regions","More developed regions","","","","","","","","","","","","","","","Non-fragile","","","Europe","Northern Europe","","Northern America and Europe","Europe","","","North America, Europe, Australia and New Zealand","Northern America (M49) and Europe (M49)","Europe (M49)","Northern Europe (M49)","Developed regions (MDG)","","","Developed regions","","","","Europe and Central Asia","Western Europe","","","","","","","","","Western European and Others Group (WEOG)","","","",3.32837618646584,2.56332491423235,3.75340467104,,1.19007975680766,60.621308159556,22.6115383986574,49.115551562068
"Israel","Israel",158,"ISR",376,"ISR","Developed regions","Developed regions","Developed regions","","","","","Industrialized countries","Industrialized countries","","Developing countries","","","","Europe","Middle East and North Africa","","High income","High income","","Asia","","Less developed regions","Excluding least developed countries","Excluding China","","","","","","","","","","","","","","Non-fragile","","","Asia","Western Asia","","Western Asia and Northern Africa","Western Asia","","","","Western Asia (M49) and Northern Africa (M49)","Asia (M49)","Western Asia (M49)","Developed regions (MDG)","","","Developed regions","","","","Middle East and North Africa","","","","","","","","","","Western European and Others Group (WEOG)","","","",4.03496387266905,5.1907265419901,3.39287350082403,,-1.79785304116607,67.6898862103011,40.4927870182016,45.7038698828297
"Italy","Italy",179,"ITA",380,"ITY","Developed regions","Developed regions","Developed regions","","","","","Industrialized countries","Industrialized countries","","","","","","Europe","Europe and Central Asia","","High income","High income","","Europe","","More developed regions","More developed regions","","","","","","","","","","","","","","","Non-fragile","","","Europe","Southern Europe","","Northern America and Europe","Europe","","","North America, Europe, Australia and New Zealand","Northern America (M49) and Europe (M49)","Europe (M49)","Southern Europe (M49)","Developed regions (MDG)","","","Developed regions","","","","Europe and Central Asia","Western Europe","","","","","","","","","Western European and Others Group (WEOG)","","","",4.18272303907013,5.71226288016534,3.33297868290612,,-2.37928419725921,68.9993635460041,43.5167633329171,45.1153328257083
"Jamaica","Jamaica",124,"JAM",388,"JAM","Latin America and the Caribbean","Latin America and the Caribbean","Developing regions","","","Caribbean","SIDS","Latin America and the Caribbean","Latin America and the Caribbean","","Developing countries","","","","Americas","Latin America and the Caribbean","Latin America and the Caribbean (excluding high-income)","Middle income","Upper middle income","Low and middle income","Latin America and the Caribbean","","Less developed regions","Excluding least developed countries","Excluding China","","","","","Countdown","","","","Non-fragile","Non-fragile","Non-fragile","Non-fragile","Non-fragile","Non-fragile","","","Americas","Latin America and the Caribbean","Caribbean","Latin America and the Caribbean","","","Small island developing States (SIDS)","","Latin America and the Caribbean (MDG=M49)","Latin America and the Caribbean (MDG=M49)","Caribbean (M49)","Latin America and the Caribbean (MDG=M49)","","Small island developing States (SIDS)","Developing regions (MDG)","","","Non conflict","Latin America and Caribbean","","","","","","Latin America and Caribbean","","Upper middle income","Low and middle income","Latin American and Caribbean Group (GRULAC)","","","",2.66976064798272,3.07770957714065,2.44312235400609,,-0.634587223134557,52.6466671567085,26.4916336028089,35.581029528768
"Japan","Japan",180,"JPN",392,"JPN","Developed regions","Developed regions","Developed regions","","","","","Industrialized countries","Industrialized countries","","","","","","Western Pacific","East Asia and Pacific","","High income","High income","","Asia","","More developed regions","More developed regions","","","","","","","","","","","","","","","Non-fragile","","","Asia","Eastern Asia","","Eastern Asia and South-eastern Asia","Eastern Asia","","","","Eastern Asia (M49) and South-eastern Asia (MDG=M49)","Asia (M49)","Eastern Asia (M49)","Developed regions (MDG)","","","Developed regions","","","","East Asia and Pacific","","","","","","","","","","Asia-Pacific Group","","","",3.45204041545697,3.50952449159376,3.42010481760319,,-0.0894196739905704,61.961497529891,29.5982770329203,45.9693586080328
"Jordan","Jordan",55,"JOR",400,"JDN","Western Asia","Western Asia","Developing regions","","","","","Middle East and North Africa","Middle East and North Africa","","Developing countries","","Middle East","","Eastern Mediterranean","Middle East and North Africa","Middle East and North Africa (excluding high-income)","Middle income","Upper middle income","Low and middle income","Asia","","Less developed regions","Excluding least developed countries","Excluding China","OIC","Arab","OIC Upper middle income","OIC Middle income","","","","","Non-fragile","Non-fragile","Non-fragile","Non-fragile","Non-fragile","Non-fragile","","","Asia","Western Asia","","Western Asia and Northern Africa","Western Asia","","","","Western Asia (M49) and Northern Africa (M49)","Asia (M49)","Western Asia (M49)","Western Asia (MDG)","","","Developing regions (MDG)","HAC","","Non conflict","Middle East and North Africa","","Middle East and North Africa","","Upper middle income","Low and middle income","Middle East and North Africa","","Upper middle income","Low and middle income","Asia-Pacific Group","","","",2.78214084085801,2.72025372134709,2.81652257391963,,0.0962688525725426,54.1135094347459,23.8165068533885,39.7684607649222
"Kazakhstan","Kazakhstan",140,"KAZ",398,"KAZ","Caucasus and Central Asia","Caucasus and Central Asia","Developing regions","","","","LLDC","CEE/CIS","CEE/CIS","","Developing countries","","","","Europe","Europe and Central Asia","Europe and Central Asia (excluding high-income)","Middle income","Upper middle income","Low and middle income","Asia","","Less developed regions","Excluding least developed countries","Excluding China","OIC","Asia/other","OIC Upper middle income","OIC Middle income","","","","","Non-fragile","Non-fragile","Non-fragile","Non-fragile","Non-fragile","Non-fragile","","","Asia","Central Asia","","Central Asia and Southern Asia","Central Asia","","Landlocked developing countries (LLDCs)","","Central Asia (M49) and Southern Asia (MDG=M49)","Asia (M49)","Central Asia (M49)","Caucasus and Central Asia (MDG)","","Landlocked developing countries (LLDCs)","Developing regions (MDG)","","","Non conflict","Europe and Central Asia","Eastern Europe and Central Asia","Europe and Central Asia","Eastern Europe and Central Asia","Upper middle income","Low and middle income","Europe and Central Asia","Eastern Europe and Central Asia","Upper middle income","Low and middle income","Asia-Pacific Group","","","",5.91315876268097,1.92566856314908,8.12843109575425,,6.20276253260517,80.9038693179695,17.5160829347199,76.8486617010231
"Kenya","Kenya",16,"KEN",404,"KEN","Sub-Saharan Africa","Sub-Saharan Africa","Developing regions","Eastern Africa","","","","Eastern and Southern Africa","Sub-Saharan Africa","Africa","Developing countries","","","","Africa","Sub-Saharan Africa","Sub-Saharan Africa (excluding high-income)","Middle income","Lower middle income","Low and middle income","Africa","Sub-Saharan Africa","Less developed regions","Excluding least developed countries","Excluding China","","","","","Countdown","Eastern Africa","Africa","Eastern Africa","Non-fragile","Non-fragile","Non-fragile","Non-fragile","Non-fragile","Fragile","Other Fragile","USAID","Africa","Eastern Africa","","Sub-Saharan Africa","","","","","Sub-Saharan Africa (M49)","Sub-Saharan Africa (M49)","Eastern Africa (M49)","Sub-Saharan Africa (MDG)","","","Developing regions (MDG)","HAC","Global Strategy","Non conflict","Sub-Saharan Africa","Eastern and Southern Africa","Sub-Saharan Africa","Eastern and Southern Africa","Lower middle income","Low and middle income","Sub-Saharan Africa","Eastern and Southern Africa","Lower middle income","Low and middle income","African Group","","GAVI","",3.29473066780544,0.0636573011379984,5.08977142706513,,5.02611412592713,60.2485785979734,0.634551177809704,59.9947246520671
"Kiribati","Kiribati",86,"KIR",296,"KRB","Oceania","Oceania","Developing regions","","Least developed countries","","SIDS","East Asia and Pacific","East Asia and Pacific","Asia","Developing countries","Least developed countries","","","Western Pacific","East Asia and Pacific","East Asia and Pacific (excluding high-income)","Middle income","Lower middle income","Low and middle income","Oceania","","Less developed regions","Least developed countries","Excluding China","","","","","","","","","Fragile","Fragile","Fragile","Fragile","Fragile","Non-fragile","","","Oceania","Micronesia","","Oceania","Oceania excluding Australia and New Zealand","Least developed countries (LDCs)","Small island developing States (SIDS)","South Eastern Asia and Oceania (excl. Australia and New Zealand)","Oceania (M49) excluding Australia and New Zealand (M49)","Oceania (M49)","Micronesia (M49)","Oceania (MDG)","Least developed countries (LDCs)","Small island developing States (SIDS)","Developing regions (MDG)","HAC","","Non conflict","East Asia and Pacific","","","","","","East Asia and Pacific","","Lower middle income","Low and middle income","Asia-Pacific Group","","GAVI","",2.06601867132205,2.82646117745125,1.64355061236139,,-1.18291056508986,43.9252872371913,24.6213507670455,25.6092894560737
"Korea DPR","Democratic People's Republic of Korea",94,"PRK",408,"DRK","Eastern Asia","Eastern Asia excluding China","Developing regions","","","","","East Asia and Pacific","East Asia and Pacific","Asia","Developing countries","","","","South-East Asia","East Asia and Pacific","East Asia and Pacific (excluding high-income)","Low income","Low income","Low and middle income","Asia","","Less developed regions","Excluding least developed countries","Excluding China","","","","","Countdown","","","","Non-fragile","Non-fragile","Non-fragile","Non-fragile","Non-fragile","Fragile","Other Fragile","","Asia","Eastern Asia","","Eastern Asia and South-eastern Asia","Eastern Asia","","","","Eastern Asia (M49) and South-eastern Asia (MDG=M49)","Asia (M49)","Eastern Asia (M49)","Eastern Asia (MDG)","","","Developing regions (MDG)","HAC","Global Strategy","Non conflict","East Asia and Pacific","","","","","","East Asia and Pacific","","Low income","Low and middle income","Asia-Pacific Group","","GAVI","Adhoc",3.07119456156659,-3.10452009168872,6.50214714670842,,9.60666723839714,57.681019002573,-36.4041534088076,68.9752988161617
"Korea Rep","Republic of Korea",97,"KOR",410,"KOR","Eastern Asia","Eastern Asia excluding China","Developing regions","","","","","East Asia and Pacific","East Asia and Pacific","Asia","Developing countries","","","","Western Pacific","East Asia and Pacific","","High income","High income","","Asia","","Less developed regions","Excluding least developed countries","Excluding China","","","","","","","","","","","","","","Non-fragile","","","Asia","Eastern Asia","","Eastern Asia and South-eastern Asia","Eastern Asia","","","","Eastern Asia (M49) and South-eastern Asia (MDG=M49)","Asia (M49)","Eastern Asia (M49)","Eastern Asia (MDG)","","","Developing regions (MDG)","","","Non conflict","East Asia and Pacific","","","","","","","","","","Asia-Pacific Group","","","Adhoc",5.65065562380868,7.38055117796176,4.68960253816808,,-2.69094863979368,79.4474173114226,52.1957251172569,57.0068100834291
"Kuwait","Kuwait",56,"KWT",414,"KWT","Western Asia","Western Asia","Developing regions","","","","","Middle East and North Africa","Middle East and North Africa","","Developing countries","","Middle East","","Eastern Mediterranean","Middle East and North Africa","","High income","High income","","Asia","","Less developed regions","Excluding least developed countries","Excluding China","OIC","Arab","OIC High income: nonOECD","OIC High income","","","","","","","","","","Non-fragile","","","Asia","Western Asia","","Western Asia and Northern Africa","Western Asia","","","","Western Asia (M49) and Northern Africa (M49)","Asia (M49)","Western Asia (M49)","Western Asia (MDG)","","","Developing regions (MDG)","","","Non conflict","Middle East and North Africa","","","","","","","","","","Asia-Pacific Group","","","",2.8610876350086,3.49286560539321,2.51009987368382,,-0.982765731709395,55.1167062718738,29.4808978606292,36.3529988804723
"Kyrgyzstan","Kyrgyzstan",141,"KGZ",417,"KIR","Caucasus and Central Asia","Caucasus and Central Asia","Developing regions","","","","LLDC","CEE/CIS","CEE/CIS","","Developing countries","","","","Europe","Europe and Central Asia","Europe and Central Asia (excluding high-income)","Middle income","Lower middle income","Low and middle income","Asia","","Less developed regions","Excluding least developed countries","Excluding China","OIC","Asia/other","OIC Low income","","Countdown","","","","Non-fragile","Non-fragile","Non-fragile","Non-fragile","Non-fragile","Non-fragile","","","Asia","Central Asia","","Central Asia and Southern Asia","Central Asia","","Landlocked developing countries (LLDCs)","","Central Asia (M49) and Southern Asia (MDG=M49)","Asia (M49)","Central Asia (M49)","Caucasus and Central Asia (MDG)","","Landlocked developing countries (LLDCs)","Developing regions (MDG)","","Global Strategy","Non conflict","Europe and Central Asia","Eastern Europe and Central Asia","Europe and Central Asia","Eastern Europe and Central Asia","Lower middle income","Low and middle income","Europe and Central Asia","Eastern Europe and Central Asia","Lower middle income","Low and middle income","Asia-Pacific Group","","GAVI","",4.31043895679181,2.58310098517596,5.27007116324506,,2.6869701780691,70.0883726888873,22.764431138629,61.2722120752414
"Lao PDR","Lao People's Democratic Republic",87,"LAO",418,"LAO","South-eastern Asia","South-eastern Asia","Developing regions","","Least developed countries","","LLDC","East Asia and Pacific","East Asia and Pacific","Asia","Developing countries","Least developed countries","","","Western Pacific","East Asia and Pacific","East Asia and Pacific (excluding high-income)","Middle income","Lower middle income","Low and middle income","Asia","","Less developed regions","Least developed countries","Excluding China","","","","","Countdown","","","","Non-fragile","Non-fragile","Non-fragile","Non-fragile","Non-fragile","Fragile","Other Fragile","","Asia","South-Eastern Asia","","Eastern Asia and South-eastern Asia","South-eastern Asia","Least developed countries (LDCs)","Landlocked developing countries (LLDCs)","South Eastern Asia and Oceania (excl. Australia and New Zealand)","Eastern Asia (M49) and South-eastern Asia (MDG=M49)","Asia (M49)","South-eastern Asia (MDG=M49)","South-eastern Asia (MDG=M49)","Least developed countries (LDCs)","Landlocked developing countries (LLDCs)","Developing regions (MDG)","","Global Strategy","Non conflict","East Asia and Pacific","","East Asia and Pacific","","Lower middle income","Low and middle income","East Asia and Pacific","","Lower middle income","Low and middle income","Asia-Pacific Group","","GAVI","",4.04518302950022,3.46803035784033,4.36582340264461,,0.897793044804275,67.7822050620121,29.3055442673807,54.4267020601415
"Latvia","Latvia",160,"LVA",428,"LAT","Developed regions","Developed regions","Developed regions","","","","","Industrialized countries","Industrialized countries","","","","","","Europe","Europe and Central Asia","","High income","High income","","Europe","","More developed regions","More developed regions","","","","","","","","","","","","","","","Non-fragile","","","Europe","Northern Europe","","Northern America and Europe","Europe","","","North America, Europe, Australia and New Zealand","Northern America (M49) and Europe (M49)","Europe (M49)","Northern Europe (M49)","Developed regions (MDG)","","","Developed regions","","","","Europe and Central Asia","Western Europe","","","","","","","","","Eastern European Group","","","",5.43228960587763,1.98856700545652,7.3454688283338,,5.35690182287728,78.1515693242443,18.0332657199528,73.3447588614322
"Lebanon","Lebanon",58,"LBN",422,"LEB","Western Asia","Western Asia","Developing regions","","","","","Middle East and North Africa","Middle East and North Africa","","Developing countries","","Middle East","","Eastern Mediterranean","Middle East and North Africa","Middle East and North Africa (excluding high-income)","Middle income","Upper middle income","Low and middle income","Asia","","Less developed regions","Excluding least developed countries","Excluding China","OIC","Arab","OIC Upper middle income","OIC Middle income","","","","","Non-fragile","Non-fragile","Non-fragile","Fragile","Fragile","Non-fragile","","","Asia","Western Asia","","Western Asia and Northern Africa","Western Asia","","","","Western Asia (M49) and Northern Africa (M49)","Asia (M49)","Western Asia (M49)","Western Asia (MDG)","","","Developing regions (MDG)","HAC","","Conflict","Middle East and North Africa","","","","","","Middle East and North Africa","","Upper middle income","Low and middle income","Asia-Pacific Group","","","",5.25176211579689,4.82240342343981,5.49029472266194,,0.667891299222123,77.0187930324074,38.2601343108961,62.7773615781474
"Lesotho","Lesotho",6,"LSO",426,"LES","Sub-Saharan Africa","Sub-Saharan Africa","Developing regions","South Africa","Least developed countries","","LLDC","Eastern and Southern Africa","Sub-Saharan Africa","Africa","Developing countries","Least developed countries","","","Africa","Sub-Saharan Africa","Sub-Saharan Africa (excluding high-income)","Middle income","Lower middle income","Low and middle income","Africa","Sub-Saharan Africa","Less developed regions","Least developed countries","Excluding China","","","","","Countdown","Southern Africa","Africa","Southern Africa","Non-fragile","Non-fragile","Non-fragile","Non-fragile","Non-fragile","Non-fragile","","","Africa","Southern Africa","","Sub-Saharan Africa","","Least developed countries (LDCs)","Landlocked developing countries (LLDCs)","","Sub-Saharan Africa (M49)","Sub-Saharan Africa (M49)","Southern Africa (M49)","Sub-Saharan Africa (MDG)","Least developed countries (LDCs)","Landlocked developing countries (LLDCs)","Developing regions (MDG)","","","Non conflict","Sub-Saharan Africa","Eastern and Southern Africa","Sub-Saharan Africa","Eastern and Southern Africa","Lower middle income","Low and middle income","Sub-Saharan Africa","Eastern and Southern Africa","Lower middle income","Low and middle income","African Group","","GAVI","",0.358848508656277,-2.61565773648774,2.01135197818073,,4.62700971466847,9.55946132377695,-29.8962376257315,30.3747819572663
"Liberia","Liberia",33,"LBR",430,"LBR","Sub-Saharan Africa","Sub-Saharan Africa","Developing regions","West Africa","Least developed countries","","","West and Central Africa","Sub-Saharan Africa","Africa","Developing countries","Least developed countries","","","Africa","Sub-Saharan Africa","Sub-Saharan Africa (excluding high-income)","Low income","Low income","Low and middle income","Africa","Sub-Saharan Africa","Less developed regions","Least developed countries","Excluding China","","","","","Countdown","West Africa","Africa","Western Africa","Fragile","Fragile","Fragile","Fragile","Fragile","Fragile","Other Fragile","USAID","Africa","Western Africa","","Sub-Saharan Africa","","Least developed countries (LDCs)","","","Sub-Saharan Africa (M49)","Sub-Saharan Africa (M49)","Western Africa (M49)","Sub-Saharan Africa (MDG)","Least developed countries (LDCs)","","Developing regions (MDG)","HAC","Global Strategy","Non conflict","Sub-Saharan Africa","West and Central Africa","Sub-Saharan Africa","West and Central Africa","Low income","Low and middle income","Sub-Saharan Africa","West and Central Africa","Low income","Low and middle income","African Group","Economic Community of West African States","GAVI","",4.57875420575516,3.37644040664287,5.24670631637311,,1.87026590973024,72.2532418935066,28.6550798392007,61.1089927019934
"Libya","Libya",57,"LBY",434,"LBY","Northern Africa","Northern Africa","Developing regions","North Africa","","","","Middle East and North Africa","Middle East and North Africa","Africa","Developing countries","","North Africa","","Eastern Mediterranean","Middle East and North Africa","Middle East and North Africa (excluding high-income)","Middle income","Upper middle income","Low and middle income","Africa","","Less developed regions","Excluding least developed countries","Excluding China","OIC","Arab","OIC Upper middle income","OIC Middle income","","North Africa","Africa","Northern Africa","Fragile","Fragile","Fragile","Fragile","Fragile","Fragile","Other Fragile","","Africa","Northern Africa","","Western Asia and Northern Africa","Northern Africa","","","","Western Asia (M49) and Northern Africa (M49)","Northern Africa (M49)","Northern Africa (M49)","Northern Africa (MDG)","","","Developing regions (MDG)","","","Conflict","Middle East and North Africa","","","","","","Middle East and North Africa","","Upper middle income","Low and middle income","African Group","","","",4.41021043336822,3.8034050893076,4.7473245134019,,0.943919424094306,70.9124204160089,31.6371412063772,57.45119484865
"Liechtenstein","Liechtenstein",181,"LIE",438,"LIE","Developed regions","Developed regions","Developed regions","","","","","Industrialized countries","Industrialized countries","","","","","","N/A","Europe and Central Asia","","High income","High income","","Europe","","More developed regions","More developed regions","","","","","","","","","","","","","","","","","","Europe","Western Europe","","Northern America and Europe","Europe","","","North America, Europe, Australia and New Zealand","Northern America (M49) and Europe (M49)","Europe (M49)","Western Europe (M49)","Developed regions (MDG)","","","Developed regions","","","","Europe and Central Asia","Western Europe","","","","","","","","","Western European and Others Group (WEOG)","","","",,,,,,,,
"Lithuania","Lithuania",161,"LTU",440,"LIT","Developed regions","Developed regions","Developed regions","","","","","Industrialized countries","Industrialized countries","","","","","","Europe","Europe and Central Asia","","High income","High income","","Europe","","More developed regions","More developed regions","","","","","","","","","","","","","","","Non-fragile","","","Europe","Northern Europe","","Northern America and Europe","Europe","","","North America, Europe, Australia and New Zealand","Northern America (M49) and Europe (M49)","Europe (M49)","Northern Europe (M49)","Developed regions (MDG)","","","Developed regions","","","","Europe and Central Asia","Western Europe","","","","","","","","","Eastern European Group","","","",4.78737721462053,3.46791678952798,5.5204107841164,,2.05249399458842,73.827622364449,29.3047413978187,62.9785955196386
"Luxembourg","Luxembourg",182,"LUX",442,"LUX","Developed regions","Developed regions","Developed regions","","","","","Industrialized countries","Industrialized countries","","","","","","Europe","Europe and Central Asia","","High income","High income","","Europe","","More developed regions","More developed regions","","","","","","","","","","","","","","","Non-fragile","","","Europe","Western Europe","","Northern America and Europe","Europe","","","North America, Europe, Australia and New Zealand","Northern America (M49) and Europe (M49)","Europe (M49)","Western Europe (M49)","Developed regions (MDG)","","","Developed regions","","","","Europe and Central Asia","Western Europe","","","","","","","","","Western European and Others Group (WEOG)","","","",4.59680403300633,6.05884123184673,3.78456114476167,,-2.27428008708506,72.3931189033212,45.4408157058286,49.4001212557936
"Macedonia","Republic of North Macedonia",151,"MKD",807,"MCD","Developed regions","Developed regions","Developed regions","","","","LLDC","CEE/CIS","CEE/CIS","","","","","","Europe","Europe and Central Asia","Europe and Central Asia (excluding high-income)","Middle income","Upper middle income","Low and middle income","Europe","","More developed regions","More developed regions","","","","","","","","","","Non-fragile","Non-fragile","Non-fragile","Non-fragile","Non-fragile","Non-fragile","","","Europe","Southern Europe","","Northern America and Europe","Europe","","Landlocked developing countries (LLDCs)","North America, Europe, Australia and New Zealand","Northern America (M49) and Europe (M49)","Europe (M49)","Southern Europe (M49)","Developed regions (MDG)","","Landlocked developing countries (LLDCs)","Developed regions","","","Non conflict","Europe and Central Asia","Eastern Europe and Central Asia","Europe and Central Asia","Eastern Europe and Central Asia","Upper middle income","Low and middle income","Europe and Central Asia","Eastern Europe and Central Asia","Upper middle income","Low and middle income","Eastern European Group","","","",4.64378669921118,8.28151960024338,2.62282397641551,,-5.65869562382787,72.7539131160432,56.3144132098038,37.6314045755903
"Madagascar","Madagascar",7,"MDG",450,"MAD","Sub-Saharan Africa","Sub-Saharan Africa","Developing regions","Eastern Africa","Least developed countries","","","Eastern and Southern Africa","Sub-Saharan Africa","Africa","Developing countries","Least developed countries","","","Africa","Sub-Saharan Africa","Sub-Saharan Africa (excluding high-income)","Low income","Low income","Low and middle income","Africa","Sub-Saharan Africa","Less developed regions","Least developed countries","Excluding China","","","","","Countdown","Eastern Africa","Africa","Eastern Africa","Non-fragile","Fragile","Fragile","Non-fragile","Non-fragile","Fragile","Other Fragile","USAID","Africa","Eastern Africa","","Sub-Saharan Africa","","Least developed countries (LDCs)","","","Sub-Saharan Africa (M49)","Sub-Saharan Africa (M49)","Eastern Africa (M49)","Sub-Saharan Africa (MDG)","Least developed countries (LDCs)","","Developing regions (MDG)","","Global Strategy","Non conflict","Sub-Saharan Africa","Eastern and Southern Africa","Sub-Saharan Africa","Eastern and Southern Africa","Low income","Low and middle income","Sub-Saharan Africa","Eastern and Southern Africa","Low income","Low and middle income","African Group","","GAVI","",3.77650840450528,3.87494428122452,3.72182180632793,,-0.153122474896594,65.2649997019123,32.1244583817058,48.8254539559715
"Malawi","Malawi",8,"MWI",454,"MLW","Sub-Saharan Africa","Sub-Saharan Africa","Developing regions","South Africa","Least developed countries","","LLDC","Eastern and Southern Africa","Sub-Saharan Africa","Africa","Developing countries","Least developed countries","","","Africa","Sub-Saharan Africa","Sub-Saharan Africa (excluding high-income)","Low income","Low income","Low and middle income","Africa","Sub-Saharan Africa","Less developed regions","Least developed countries","Excluding China","","","","","Countdown","Southern Africa","Africa","Southern Africa","Non-fragile","Fragile","Non-fragile","Non-fragile","Non-fragile","Fragile","Other Fragile","USAID","Africa","Eastern Africa","","Sub-Saharan Africa","","Least developed countries (LDCs)","Landlocked developing countries (LLDCs)","","Sub-Saharan Africa (M49)","Sub-Saharan Africa (M49)","Eastern Africa (M49)","Sub-Saharan Africa (MDG)","Least developed countries (LDCs)","Landlocked developing countries (LLDCs)","Developing regions (MDG)","HAC","Global Strategy","Non conflict","Sub-Saharan Africa","Eastern and Southern Africa","Sub-Saharan Africa","Eastern and Southern Africa","Low income","Low and middle income","Sub-Saharan Africa","Eastern and Southern Africa","Low income","Low and middle income","African Group","","GAVI","",5.45182390278555,3.15039989545238,6.73039279574842,,3.57999290029604,78.2707453492549,27.0240309072627,70.2240957936007
"Malaysia","Malaysia",99,"MYS",458,"MLY","South-eastern Asia","South-eastern Asia","Developing regions","","","","","East Asia and Pacific","East Asia and Pacific","Asia","Developing countries","","","","Western Pacific","East Asia and Pacific","East Asia and Pacific (excluding high-income)","Middle income","Upper middle income","Low and middle income","Asia","","Less developed regions","Excluding least developed countries","Excluding China","OIC","Asia/other","OIC Upper middle income","OIC Middle income","","","","","Non-fragile","Non-fragile","Non-fragile","Non-fragile","Non-fragile","Non-fragile","","","Asia","South-Eastern Asia","","Eastern Asia and South-eastern Asia","South-eastern Asia","","","South Eastern Asia and Oceania (excl. Australia and New Zealand)","Eastern Asia (M49) and South-eastern Asia (MDG=M49)","Asia (M49)","South-eastern Asia (MDG=M49)","South-eastern Asia (MDG=M49)","","","Developing regions (MDG)","","","Non conflict","East Asia and Pacific","","","","","","East Asia and Pacific","","Upper middle income","Low and middle income","Asia-Pacific Group","","","",2.77294536220376,4.91959343290202,1.58036310070472,,-3.3392303321973,53.9952116990324,38.8572776053713,24.7583579873292
"Maldives","Maldives",70,"MDV",462,"MAL","Southern Asia","Southern Asia excluding India","Developing regions","","","","SIDS","South Asia","South Asia","Asia","Developing countries","","","","South-East Asia","South Asia","South Asia (excluding high-income)","Middle income","Upper middle income","Low and middle income","Asia","","Less developed regions","Excluding least developed countries","Excluding China","OIC","Asia/other","OIC Upper middle income","OIC Middle income","","","","","Non-fragile","Non-fragile","Non-fragile","Non-fragile","Non-fragile","Non-fragile","","","Asia","Southern Asia","","Central Asia and Southern Asia","Southern Asia","","Small island developing States (SIDS)","","Central Asia (M49) and Southern Asia (MDG=M49)","Asia (M49)","Southern Asia (MDG=M49)","Southern Asia (MDG=M49)","","Small island developing States (SIDS)","Developing regions (MDG)","","","Non conflict","South Asia","","South Asia","","Upper middle income","Low and middle income","South Asia","","Upper middle income","Low and middle income","Asia-Pacific Group","","","",8.10450147904221,7.55339829572082,8.41066991422075,,0.857271618499931,89.6611383426309,53.0149081639229,77.995442270413
"Mali","Mali",34,"MLI",466,"MLI","Sub-Saharan Africa","Sub-Saharan Africa","Developing regions","West Africa","Least developed countries","","LLDC","West and Central Africa","Sub-Saharan Africa","Africa","Developing countries","Least developed countries","","","Africa","Sub-Saharan Africa","Sub-Saharan Africa (excluding high-income)","Low income","Low income","Low and middle income","Africa","Sub-Saharan Africa","Less developed regions","Least developed countries","Excluding China","OIC","Africa","OIC Low income","","Countdown","West Africa","Africa","Western Africa","Non-fragile","Fragile","Fragile","Fragile","Fragile","Fragile","Extremely Fragile","USAID","Africa","Western Africa","","Sub-Saharan Africa","","Least developed countries (LDCs)","Landlocked developing countries (LLDCs)","","Sub-Saharan Africa (M49)","Sub-Saharan Africa (M49)","Western Africa (M49)","Sub-Saharan Africa (MDG)","Least developed countries (LDCs)","Landlocked developing countries (LLDCs)","Developing regions (MDG)","HAC","Global Strategy","Conflict","Sub-Saharan Africa","West and Central Africa","Sub-Saharan Africa","West and Central Africa","Low income","Low and middle income","Sub-Saharan Africa","West and Central Africa","Low income","Low and middle income","African Group","Economic Community of West African States","GAVI","",2.99380593287722,1.96822597024413,3.56357257878449,,1.59534660854036,56.7540094608933,17.8663672102524,47.3467944005212
"Malta","Malta",183,"MLT",470,"MLT","Developed regions","Developed regions","Developed regions","","","","","Industrialized countries","Industrialized countries","","","","","","Europe","Middle East and North Africa","","High income","High income","","Europe","","More developed regions","More developed regions","","","","","","","","","","","","","","","Non-fragile","","","Europe","Southern Europe","","Northern America and Europe","Europe","","","North America, Europe, Australia and New Zealand","Northern America (M49) and Europe (M49)","Europe (M49)","Southern Europe (M49)","Developed regions (MDG)","","","Developed regions","","","","Europe and Central Asia","Western Europe","","","","","","","","","Western European and Others Group (WEOG)","","","",1.75725914946267,4.1108420426518,0.449713097690933,,-3.66112894496086,38.8617542235317,33.706889237633,7.77586830157467
"Marshall Islands","Marshall Islands",78,"MHL",584,"MSI","Oceania","Oceania","Developing regions","","","","SIDS","East Asia and Pacific","East Asia and Pacific","Asia","Developing countries","","","","Western Pacific","East Asia and Pacific","East Asia and Pacific (excluding high-income)","Middle income","Upper middle income","Low and middle income","Oceania","","Less developed regions","Excluding least developed countries","Excluding China","","","","","","","","","Fragile","Fragile","Fragile","Fragile","Fragile","Non-fragile","","","Oceania","Micronesia","","Oceania","Oceania excluding Australia and New Zealand","","Small island developing States (SIDS)","South Eastern Asia and Oceania (excl. Australia and New Zealand)","Oceania (M49) excluding Australia and New Zealand (M49)","Oceania (M49)","Micronesia (M49)","Oceania (MDG)","","Small island developing States (SIDS)","Developing regions (MDG)","","","Non conflict","East Asia and Pacific","","","","","","East Asia and Pacific","","Upper middle income","Low and middle income","Asia-Pacific Group","","","",1.34345859360549,1.76620111853793,1.10860163530969,,-0.657599483228237,31.3513285318368,16.1901892407982,18.0899338081062
"Mauritania","Mauritania",35,"MRT",478,"MTA","Sub-Saharan Africa","Sub-Saharan Africa","Developing regions","North Africa","Least developed countries","","","West and Central Africa","Sub-Saharan Africa","Africa","Developing countries","Least developed countries","","","Africa","Sub-Saharan Africa","Sub-Saharan Africa (excluding high-income)","Middle income","Lower middle income","Low and middle income","Africa","Sub-Saharan Africa","Less developed regions","Least developed countries","Excluding China","OIC","Arab","OIC Low income","","Countdown","North Africa","Africa","Northern Africa","Non-fragile","Non-fragile","Non-fragile","Non-fragile","Non-fragile","Fragile","Other Fragile","","Africa","Western Africa","","Sub-Saharan Africa","","Least developed countries (LDCs)","","","Sub-Saharan Africa (M49)","Sub-Saharan Africa (M49)","Western Africa (M49)","Sub-Saharan Africa (MDG)","Least developed countries (LDCs)","","Developing regions (MDG)","","Global Strategy","Non conflict","Sub-Saharan Africa","West and Central Africa","Sub-Saharan Africa","West and Central Africa","Lower middle income","Low and middle income","Sub-Saharan Africa","West and Central Africa","Lower middle income","Low and middle income","African Group","","GAVI","",1.51194208257455,0.273677171050236,2.19986703342139,,1.92618986237116,34.5146533158704,2.69966142546608,32.6977196138258
"Mauritius","Mauritius",17,"MUS",480,"MTS","Sub-Saharan Africa","Sub-Saharan Africa","Developing regions","South Africa","","","SIDS","Eastern and Southern Africa","Sub-Saharan Africa","Africa","Developing countries","","","","Africa","Sub-Saharan Africa","Sub-Saharan Africa (excluding high-income)","Middle income","Upper middle income","Low and middle income","Africa","Sub-Saharan Africa","Less developed regions","Excluding least developed countries","Excluding China","","","","","","Southern Africa","Africa","Eastern Africa","Non-fragile","Non-fragile","Non-fragile","Non-fragile","Non-fragile","Non-fragile","","","Africa","Eastern Africa","","Sub-Saharan Africa","","","Small island developing States (SIDS)","","Sub-Saharan Africa (M49)","Sub-Saharan Africa (M49)","Eastern Africa (M49)","Sub-Saharan Africa (MDG)","","Small island developing States (SIDS)","Developing regions (MDG)","","","Non conflict","Sub-Saharan Africa","Eastern and Southern Africa","","","","","Sub-Saharan Africa","Eastern and Southern Africa","Upper middle income","Low and middle income","African Group","","","",1.50112017368691,2.22070381367515,1.10135148480456,,-1.11935232887059,34.3159229706094,19.9141003200311,17.9829691720133
"Mexico","Mexico",125,"MEX",484,"MEX","Latin America and the Caribbean","Latin America and the Caribbean","Developing regions","","","Latin America","","Latin America and the Caribbean","Latin America and the Caribbean","","Developing countries","","","","Americas","Latin America and the Caribbean","Latin America and the Caribbean (excluding high-income)","Middle income","Upper middle income","Low and middle income","Latin America and the Caribbean","","Less developed regions","Excluding least developed countries","Excluding China","","","","","","","","","Non-fragile","Non-fragile","Non-fragile","Non-fragile","Non-fragile","Non-fragile","","","Americas","Latin America and the Caribbean","Central America","Latin America and the Caribbean","","","","","Latin America and the Caribbean (MDG=M49)","Latin America and the Caribbean (MDG=M49)","Central America (M49)","Latin America and the Caribbean (MDG=M49)","","","Developing regions (MDG)","","","Non conflict","Latin America and Caribbean","","","","","","Latin America and Caribbean","","Upper middle income","Low and middle income","Latin American and Caribbean Group (GRULAC)","","","",4.45299549002,5.17037606831374,4.05445072430125,,-1.11592534401249,71.258805307067,40.3715637153223,51.7995163319109
"Moldova","Republic of Moldova",152,"MDA",498,"MOL","Developed regions","Developed regions","Developed regions","","","","LLDC","CEE/CIS","CEE/CIS","","","","","","Europe","Europe and Central Asia","Europe and Central Asia (excluding high-income)","Middle income","Lower middle income","Low and middle income","Europe","","More developed regions","More developed regions","","","","","","","","","","Non-fragile","Non-fragile","Non-fragile","Non-fragile","Non-fragile","Non-fragile","","","Europe","Eastern Europe","","Northern America and Europe","Europe","","Landlocked developing countries (LLDCs)","North America, Europe, Australia and New Zealand","Northern America (M49) and Europe (M49)","Europe (M49)","Eastern Europe (M49)","Developed regions (MDG)","","Landlocked developing countries (LLDCs)","Developed regions","","","Non conflict","Europe and Central Asia","Eastern Europe and Central Asia","Europe and Central Asia","Eastern Europe and Central Asia","Lower middle income","Low and middle income","Europe and Central Asia","Eastern Europe and Central Asia","Lower middle income","Low and middle income","Eastern European Group","","GAVI","",2.64878698400662,0.604145836230362,3.78469873277121,,3.18055289654085,52.3677605917821,5.86258256442688,49.401374388864
"Monaco","Monaco",184,"MCO",492,"MON","Developed regions","Developed regions","Developed regions","","","","","Industrialized countries","Industrialized countries","","","","","","Europe","Europe and Central Asia","","High income","High income","","Europe","","More developed regions","More developed regions","","","","","","","","","","","","","","","Non-fragile","","","Europe","Western Europe","","Northern America and Europe","Europe","","","North America, Europe, Australia and New Zealand","Northern America (M49) and Europe (M49)","Europe (M49)","Western Europe (M49)","Developed regions (MDG)","","","Developed regions","","","","Europe and Central Asia","Western Europe","","","","","","","","","Western European and Others Group (WEOG)","","","",3.17506689900662,4.11652318053148,2.65203563149281,,-1.46448754903867,58.8941086011924,33.7445405717707,37.9584840954348
"Mongolia","Mongolia",98,"MNG",496,"MGL","Eastern Asia","Eastern Asia excluding China","Developing regions","","","","LLDC","East Asia and Pacific","East Asia and Pacific","Asia","Developing countries","","","","Western Pacific","East Asia and Pacific","East Asia and Pacific (excluding high-income)","Middle income","Lower middle income","Low and middle income","Asia","","Less developed regions","Excluding least developed countries","Excluding China","","","","","","","","","Non-fragile","Non-fragile","Non-fragile","Non-fragile","Non-fragile","Non-fragile","","","Asia","Eastern Asia","","Eastern Asia and South-eastern Asia","Eastern Asia","","Landlocked developing countries (LLDCs)","","Eastern Asia (M49) and South-eastern Asia (MDG=M49)","Asia (M49)","Eastern Asia (M49)","Eastern Asia (MDG)","","Landlocked developing countries (LLDCs)","Developing regions (MDG)","","","Non conflict","East Asia and Pacific","","East Asia and Pacific","","Lower middle income","Low and middle income","East Asia and Pacific","","Lower middle income","Low and middle income","Asia-Pacific Group","","","Adhoc",6.58298517012865,5.07794329173544,7.41911954701377,,2.34117625527833,84.1695652316414,39.8178463832968,73.6957988090925
"Montenegro","Montenegro",156,"MNE",499,"YUGA","Developed regions","Developed regions","Developed regions","","","","","CEE/CIS","CEE/CIS","","","","","","Europe","Europe and Central Asia","Europe and Central Asia (excluding high-income)","Middle income","Upper middle income","Low and middle income","Europe","","More developed regions","More developed regions","","","","","","","","","","Non-fragile","Non-fragile","Non-fragile","Non-fragile","Non-fragile","Non-fragile","","","Europe","Southern Europe","","Northern America and Europe","Europe","","","North America, Europe, Australia and New Zealand","Northern America (M49) and Europe (M49)","Europe (M49)","Southern Europe (M49)","Developed regions (MDG)","","","Developed regions","","","Non conflict","Europe and Central Asia","Eastern Europe and Central Asia","","","","","Europe and Central Asia","Eastern Europe and Central Asia","Upper middle income","Low and middle income","Eastern European Group","","","",6.71694913349903,1.46907365376576,9.63243551112862,,8.16336185736287,84.75236470193,13.6626047967026,82.3394772772949
"Morocco","Morocco",59,"MAR",504,"MOR","Northern Africa","Northern Africa","Developing regions","North Africa","","","","Middle East and North Africa","Middle East and North Africa","Africa","Developing countries","","North Africa","","Eastern Mediterranean","Middle East and North Africa","Middle East and North Africa (excluding high-income)","Middle income","Lower middle income","Low and middle income","Africa","","Less developed regions","Excluding least developed countries","Excluding China","OIC","Arab","OIC Lower middle income","OIC Middle income","Countdown","North Africa","Africa","Northern Africa","Non-fragile","Non-fragile","Non-fragile","Non-fragile","Non-fragile","Non-fragile","","","Africa","Northern Africa","","Western Asia and Northern Africa","Northern Africa","","","","Western Asia (M49) and Northern Africa (M49)","Northern Africa (M49)","Northern Africa (M49)","Northern Africa (MDG)","","","Developing regions (MDG)","","","Non conflict","Middle East and North Africa","","Middle East and North Africa","","Lower middle income","Low and middle income","Middle East and North Africa","","Lower middle income","Low and middle income","African Group","","","",4.37365442656555,4.49396256654786,4.30681657101982,,-0.187145995528037,70.6131602508451,36.1986768391921,53.9400778960541
"Mozambique","Mozambique",9,"MOZ",508,"MOZ","Sub-Saharan Africa","Sub-Saharan Africa","Developing regions","South Africa","Least developed countries","","","Eastern and Southern Africa","Sub-Saharan Africa","Africa","Developing countries","Least developed countries","","","Africa","Sub-Saharan Africa","Sub-Saharan Africa (excluding high-income)","Low income","Low income","Low and middle income","Africa","Sub-Saharan Africa","Less developed regions","Least developed countries","Excluding China","OIC","Africa","OIC Low income","","Countdown","Southern Africa","Africa","Southern Africa","Non-fragile","Non-fragile","Non-fragile","Fragile","Fragile","Fragile","Other Fragile","USAID","Africa","Eastern Africa","","Sub-Saharan Africa","","Least developed countries (LDCs)","","","Sub-Saharan Africa (M49)","Sub-Saharan Africa (M49)","Eastern Africa (M49)","Sub-Saharan Africa (MDG)","Least developed countries (LDCs)","","Developing regions (MDG)","","Global Strategy","Non conflict","Sub-Saharan Africa","Eastern and Southern Africa","Sub-Saharan Africa","Eastern and Southern Africa","Low income","Low and middle income","Sub-Saharan Africa","Eastern and Southern Africa","Low income","Low and middle income","African Group","","GAVI","",4.17347992384943,3.42560229403135,4.58896749597058,,1.16336520193923,68.9190277461133,29.0049641788506,56.2209217948902
"Myanmar","Myanmar",84,"MMR",104,"BUR","South-eastern Asia","South-eastern Asia","Developing regions","","Least developed countries","","","East Asia and Pacific","East Asia and Pacific","Asia","Developing countries","Least developed countries","","","South-East Asia","East Asia and Pacific","East Asia and Pacific (excluding high-income)","Middle income","Lower middle income","Low and middle income","Asia","","Less developed regions","Least developed countries","Excluding China","","","","","Countdown","","","","Fragile","Fragile","Fragile","Fragile","Fragile","Fragile","Other Fragile","","Asia","South-Eastern Asia","","Eastern Asia and South-eastern Asia","South-eastern Asia","Least developed countries (LDCs)","","South Eastern Asia and Oceania (excl. Australia and New Zealand)","Eastern Asia (M49) and South-eastern Asia (MDG=M49)","Asia (M49)","South-eastern Asia (MDG=M49)","South-eastern Asia (MDG=M49)","Least developed countries (LDCs)","","Developing regions (MDG)","HAC","Global Strategy","Conflict","East Asia and Pacific","","East Asia and Pacific","","Lower middle income","Low and middle income","East Asia and Pacific","","Lower middle income","Low and middle income","Asia-Pacific Group","","GAVI","",3.16084918741492,2.48513805354693,3.53624426178602,,1.05110620823909,58.730141566281,22.004090685112,47.0871500874453
"Namibia","Namibia",18,"NAM",516,"NMB","Sub-Saharan Africa","Sub-Saharan Africa","Developing regions","South Africa","","","","Eastern and Southern Africa","Sub-Saharan Africa","Africa","Developing countries","","","","Africa","Sub-Saharan Africa","Sub-Saharan Africa (excluding high-income)","Middle income","Upper middle income","Low and middle income","Africa","Sub-Saharan Africa","Less developed regions","Excluding least developed countries","Excluding China","","","","","Countdown","Southern Africa","Africa","Southern Africa","Non-fragile","Non-fragile","Non-fragile","Non-fragile","Non-fragile","Non-fragile","","","Africa","Southern Africa","","Sub-Saharan Africa","","","","","Sub-Saharan Africa (M49)","Sub-Saharan Africa (M49)","Southern Africa (M49)","Sub-Saharan Africa (MDG)","","","Developing regions (MDG)","","","Non conflict","Sub-Saharan Africa","Eastern and Southern Africa","Sub-Saharan Africa","Eastern and Southern Africa","Upper middle income","Low and middle income","Sub-Saharan Africa","Eastern and Southern Africa","Upper middle income","Low and middle income","African Group","","","",2.13669015087803,-0.42151793739193,3.55791686658357,,3.9794348039755,45.023988049291,-4.30527956187272,47.2931646589395
"Nauru","Nauru",79,"NRU",520,"NAU","Oceania","Oceania","Developing regions","","","","SIDS","East Asia and Pacific","East Asia and Pacific","Asia","Developing countries","","","","Western Pacific","East Asia and Pacific","East Asia and Pacific (excluding high-income)","Middle income","Upper middle income","Low and middle income","Oceania","","Less developed regions","Excluding least developed countries","Excluding China","","","","","","","","","Non-fragile","Non-fragile","Non-fragile","Non-fragile","Non-fragile","Non-fragile","","","Oceania","Micronesia","","Oceania","Oceania excluding Australia and New Zealand","","Small island developing States (SIDS)","South Eastern Asia and Oceania (excl. Australia and New Zealand)","Oceania (M49) excluding Australia and New Zealand (M49)","Oceania (M49)","Micronesia (M49)","Oceania (MDG)","","Small island developing States (SIDS)","Developing regions (MDG)","","","Non conflict","East Asia and Pacific","","","","","","East Asia and Pacific","","Upper middle income","Low and middle income","Asia-Pacific Group","","","",2.16916875645972,3.48093091999105,1.44041199894232,,-2.04051892104874,45.5216740173002,29.3966852882094,22.8388550805504
"Nepal","Nepal",71,"NPL",524,"NEP","Southern Asia","Southern Asia excluding India","Developing regions","","Least developed countries","","LLDC","South Asia","South Asia","Asia","Developing countries","Least developed countries","","","South-East Asia","South Asia","South Asia (excluding high-income)","Low income","Low income","Low and middle income","Asia","","Less developed regions","Least developed countries","Excluding China","","","","","Countdown","","","","Fragile","Fragile","Non-fragile","Non-fragile","Non-fragile","Fragile","Other Fragile","USAID","Asia","Southern Asia","","Central Asia and Southern Asia","Southern Asia","Least developed countries (LDCs)","Landlocked developing countries (LLDCs)","","Central Asia (M49) and Southern Asia (MDG=M49)","Asia (M49)","Southern Asia (MDG=M49)","Southern Asia (MDG=M49)","Least developed countries (LDCs)","Landlocked developing countries (LLDCs)","Developing regions (MDG)","HAC","Global Strategy","Non conflict","South Asia","","South Asia","","Low income","Low and middle income","South Asia","","Low income","Low and middle income","Asia-Pacific Group","","GAVI","",5.03297125646823,5.26979229723572,4.90140401159741,,-0.368388285638305,75.5669131011847,40.961430169273,58.615042727375
"Netherlands","Netherlands",185,"NLD",528,"NET","Developed regions","Developed regions","Developed regions","","","","","Industrialized countries","Industrialized countries","","","","","","Europe","Europe and Central Asia","","High income","High income","","Europe","","More developed regions","More developed regions","","","","","","","","","","","","","","","Non-fragile","","","Europe","Western Europe","","Northern America and Europe","Europe","","","North America, Europe, Australia and New Zealand","Northern America (M49) and Europe (M49)","Europe (M49)","Western Europe (M49)","Developed regions (MDG)","","","Developed regions","","","","Europe and Central Asia","Western Europe","","","","","","","","","Western European and Others Group (WEOG)","","","",2.8290789963084,3.1402995360568,2.65617869644817,,-0.484120839608632,54.712635373168,26.9502853191772,38.004734413123
"New Zealand","New Zealand",187,"NZL",554,"NZD","Developed regions","Developed regions","Developed regions","","","","","Industrialized countries","Industrialized countries","","","","","","Western Pacific","East Asia and Pacific","","High income","High income","","Oceania","","More developed regions","More developed regions","","","","","","","","","","","","","","","Non-fragile","","","Oceania","Australia and New Zealand","","Oceania","Australia and New Zealand","","","North America, Europe, Australia and New Zealand","Australia and New Zealand (M49)","Oceania (M49)","Australia and New Zealand (M49)","Developed regions (MDG)","","","Developed regions","","","","East Asia and Pacific","","","","","","","","","","Western European and Others Group (WEOG)","","","",2.45890803291011,4.23353511242847,1.47300409984435,,-2.76053101258412,49.7668113480569,34.5152903622117,23.2902017435902
"Nicaragua","Nicaragua",126,"NIC",558,"NIC","Latin America and the Caribbean","Latin America and the Caribbean","Developing regions","","","Latin America","","Latin America and the Caribbean","Latin America and the Caribbean","","Developing countries","","","","Americas","Latin America and the Caribbean","Latin America and the Caribbean (excluding high-income)","Middle income","Lower middle income","Low and middle income","Latin America and the Caribbean","","Less developed regions","Excluding least developed countries","Excluding China","","","","","Countdown","","","","Non-fragile","Non-fragile","Non-fragile","Non-fragile","Non-fragile","Non-fragile","","","Americas","Latin America and the Caribbean","Central America","Latin America and the Caribbean","","","","","Latin America and the Caribbean (MDG=M49)","Latin America and the Caribbean (MDG=M49)","Central America (M49)","Latin America and the Caribbean (MDG=M49)","","","Developing regions (MDG)","","","Non conflict","Latin America and Caribbean","","Latin America and Caribbean","","Lower middle income","Low and middle income","Latin America and Caribbean","","Lower middle income","Low and middle income","Latin American and Caribbean Group (GRULAC)","","GAVI","",4.50621461844859,5.78713568697759,3.79459180259914,,-1.99254388437845,71.683912874067,43.9380899161606,49.4913978428725
"Niger","Niger",36,"NER",562,"NIG","Sub-Saharan Africa","Sub-Saharan Africa","Developing regions","West Africa","Least developed countries","","LLDC","West and Central Africa","Sub-Saharan Africa","Africa","Developing countries","Least developed countries","","","Africa","Sub-Saharan Africa","Sub-Saharan Africa (excluding high-income)","Low income","Low income","Low and middle income","Africa","Sub-Saharan Africa","Less developed regions","Least developed countries","Excluding China","OIC","Africa","OIC Low income","","Countdown","West Africa","Africa","Western Africa","Non-fragile","Non-fragile","Non-fragile","Non-fragile","Non-fragile","Fragile","Other Fragile","","Africa","Western Africa","","Sub-Saharan Africa","","Least developed countries (LDCs)","Landlocked developing countries (LLDCs)","","Sub-Saharan Africa (M49)","Sub-Saharan Africa (M49)","Western Africa (M49)","Sub-Saharan Africa (MDG)","Least developed countries (LDCs)","Landlocked developing countries (LLDCs)","Developing regions (MDG)","HAC","Global Strategy","Conflict","Sub-Saharan Africa","West and Central Africa","Sub-Saharan Africa","West and Central Africa","Low income","Low and middle income","Sub-Saharan Africa","West and Central Africa","Low income","Low and middle income","African Group","Economic Community of West African States","GAVI","",4.76533833714483,3.63569745847873,5.39291660307044,,1.75721914459171,73.6656162672839,30.4809761107394,62.1191693159198
"Nigeria","Nigeria",46,"NGA",566,"NGR","Sub-Saharan Africa","Sub-Saharan Africa","Developing regions","West Africa","","","","West and Central Africa","Sub-Saharan Africa","Africa","Developing countries","","","","Africa","Sub-Saharan Africa","Sub-Saharan Africa (excluding high-income)","Middle income","Lower middle income","Low and middle income","Africa","Sub-Saharan Africa","Less developed regions","Excluding least developed countries","Excluding China","OIC","Africa","OIC Lower middle income","OIC Middle income","Countdown","West Africa","Africa","Western Africa","Non-fragile","Non-fragile","Non-fragile","Non-fragile","Non-fragile","Fragile","Other Fragile","USAID","Africa","Western Africa","","Sub-Saharan Africa","","","","","Sub-Saharan Africa (M49)","Sub-Saharan Africa (M49)","Western Africa (M49)","Sub-Saharan Africa (MDG)","","","Developing regions (MDG)","HAC","Global Strategy","Conflict","Sub-Saharan Africa","West and Central Africa","Sub-Saharan Africa","West and Central Africa","Lower middle income","Low and middle income","Sub-Saharan Africa","West and Central Africa","Lower middle income","Low and middle income","African Group","Economic Community of West African States","GAVI","",1.98985987883643,1.34918545346846,2.34579011515196,,0.9966046616835,42.7166835488554,12.6212917186854,34.4424773747836
"Niue","Niue",80,"NIU",570,"NIU","Oceania","Oceania","Developing regions","","","","SIDS","East Asia and Pacific","East Asia and Pacific","Asia","Developing countries","","","","Western Pacific","","","","","","Oceania","","Less developed regions","Excluding least developed countries","Excluding China","","","","","","","","","","","","","","Non-fragile","","","Oceania","Polynesia","","Oceania","Oceania excluding Australia and New Zealand","","Small island developing States (SIDS)","South Eastern Asia and Oceania (excl. Australia and New Zealand)","Oceania (M49) excluding Australia and New Zealand (M49)","Oceania (M49)","Polynesia (M49)","Oceania (MDG)","","Small island developing States (SIDS)","Developing regions (MDG)","","","Non conflict","East Asia and Pacific","","","","","","","","","","","","","",-2.05598820824974,-5.68007924490318,-0.0426042989978263,,5.63747494590536,-77.8333515122258,-76.4748036181776,-0.769825417676977
"Norway","Norway",186,"NOR",578,"NOR","Developed regions","Developed regions","Developed regions","","","","","Industrialized countries","Industrialized countries","","","","","","Europe","Europe and Central Asia","","High income","High income","","Europe","","More developed regions","More developed regions","","","","","","","","","","","","","","","Non-fragile","","","Europe","Northern Europe","","Northern America and Europe","Europe","","","North America, Europe, Australia and New Zealand","Northern America (M49) and Europe (M49)","Europe (M49)","Northern Europe (M49)","Developed regions (MDG)","","","Developed regions","","","","Europe and Central Asia","Western Europe","","","","","","","","","Western European and Others Group (WEOG)","","","",4.44620215771712,5.90933726110409,3.63334932250213,,-2.27598793860196,71.2040837035082,44.619006355657,48.003973201674
"Oman","Oman",60,"OMN",512,"OMN","Western Asia","Western Asia","Developing regions","","","","","Middle East and North Africa","Middle East and North Africa","","Developing countries","","Middle East","","Eastern Mediterranean","Middle East and North Africa","","High income","High income","","Asia","","Less developed regions","Excluding least developed countries","Excluding China","OIC","Arab","OIC High income: nonOECD","OIC High income","","","","","","","","","","Non-fragile","","","Asia","Western Asia","","Western Asia and Northern Africa","Western Asia","","","","Western Asia (M49) and Northern Africa (M49)","Asia (M49)","Western Asia (M49)","Western Asia (MDG)","","","Developing regions (MDG)","","","Non conflict","Middle East and North Africa","","","","","","","","","","Asia-Pacific Group","","","",4.34709078818625,8.47374921136943,2.05450277530671,,-6.41924643606272,70.3937713873692,57.1461596191701,30.9134762496694
"Pakistan","Pakistan",73,"PAK",586,"PAK","Southern Asia","Southern Asia excluding India","Developing regions","","","","","South Asia","South Asia","Asia","Developing countries","","","","Eastern Mediterranean","South Asia","South Asia (excluding high-income)","Middle income","Lower middle income","Low and middle income","Asia","","Less developed regions","Excluding least developed countries","Excluding China","OIC","Asia/other","OIC Lower middle income","OIC Middle income","Countdown","","","","Non-fragile","Non-fragile","Non-fragile","Non-fragile","Non-fragile","Fragile","Other Fragile","USAID","Asia","Southern Asia","","Central Asia and Southern Asia","Southern Asia","","","","Central Asia (M49) and Southern Asia (MDG=M49)","Asia (M49)","Southern Asia (MDG=M49)","Southern Asia (MDG=M49)","","","Developing regions (MDG)","","Global Strategy","Conflict","South Asia","","South Asia","","Lower middle income","Low and middle income","South Asia","","Lower middle income","Low and middle income","Asia-Pacific Group","","GAVI","",2.31569481731114,1.97866943768127,2.50293113932774,,0.524261701646464,47.7115431105091,17.9520984278549,36.2708175497781
"Palau","Palau",81,"PLW",585,"PAL","Oceania","Oceania","Developing regions","","","","SIDS","East Asia and Pacific","East Asia and Pacific","Asia","Developing countries","","","","Western Pacific","East Asia and Pacific","","High income","High income","","Oceania","","Less developed regions","Excluding least developed countries","Excluding China","","","","","","","","","","","","","","Non-fragile","","","Oceania","Micronesia","","Oceania","Oceania excluding Australia and New Zealand","","Small island developing States (SIDS)","South Eastern Asia and Oceania (excl. Australia and New Zealand)","Oceania (M49) excluding Australia and New Zealand (M49)","Oceania (M49)","Micronesia (M49)","Oceania (MDG)","","Small island developing States (SIDS)","Developing regions (MDG)","","","Non conflict","East Asia and Pacific","","","","","","","","","","Asia-Pacific Group","","","",2.38316084019858,1.95294323482433,2.62217062096206,,0.669227386137721,48.6900263846925,17.7407485869938,37.6240693491228
"Panama","Panama",127,"PAN",591,"PAN","Latin America and the Caribbean","Latin America and the Caribbean","Developing regions","","","Latin America","","Latin America and the Caribbean","Latin America and the Caribbean","","Developing countries","","","","Americas","Latin America and the Caribbean","","High income","High income","","Latin America and the Caribbean","","Less developed regions","Excluding least developed countries","Excluding China","","","","","Countdown","","","","Non-fragile","Non-fragile","Non-fragile","Non-fragile","","Non-fragile","","","Americas","Latin America and the Caribbean","Central America","Latin America and the Caribbean","","","","","Latin America and the Caribbean (MDG=M49)","Latin America and the Caribbean (MDG=M49)","Central America (M49)","Latin America and the Caribbean (MDG=M49)","","","Developing regions (MDG)","","","Non conflict","Latin America and Caribbean","","","","","","","","","","Latin American and Caribbean Group (GRULAC)","","","",2.49606440445294,1.72600521280541,2.92387506647935,,1.19786985367394,50.2867174093519,15.8526301453436,40.9211688059705
"Papua New Guinea","Papua New Guinea",82,"PNG",598,"PAP","Oceania","Oceania","Developing regions","","","","SIDS","East Asia and Pacific","East Asia and Pacific","Asia","Developing countries","","","","Western Pacific","East Asia and Pacific","East Asia and Pacific (excluding high-income)","Middle income","Lower middle income","Low and middle income","Oceania","","Less developed regions","Excluding least developed countries","Excluding China","","","","","Countdown","","","","Non-fragile","Non-fragile","Non-fragile","Fragile","Fragile","Fragile","Other Fragile","","Oceania","Melanesia","","Oceania","Oceania excluding Australia and New Zealand","","Small island developing States (SIDS)","South Eastern Asia and Oceania (excl. Australia and New Zealand)","Oceania (M49) excluding Australia and New Zealand (M49)","Oceania (M49)","Melanesia (M49)","Oceania (MDG)","","Small island developing States (SIDS)","Developing regions (MDG)","","Global Strategy","Non conflict","East Asia and Pacific","","","","","","East Asia and Pacific","","Lower middle income","Low and middle income","Asia-Pacific Group","","GAVI","",2.0699957647242,1.79321085744222,2.22376515765863,,0.430554300216407,43.9876965053373,16.4162519192923,32.9866095014335
"Paraguay","Paraguay",128,"PRY",600,"PAR","Latin America and the Caribbean","Latin America and the Caribbean","Developing regions","","","Latin America","LLDC","Latin America and the Caribbean","Latin America and the Caribbean","","Developing countries","","","","Americas","Latin America and the Caribbean","Latin America and the Caribbean (excluding high-income)","Middle income","Upper middle income","Low and middle income","Latin America and the Caribbean","","Less developed regions","Excluding least developed countries","Excluding China","","","","","Countdown","","","","Non-fragile","Non-fragile","Non-fragile","Non-fragile","Non-fragile","Non-fragile","","","Americas","Latin America and the Caribbean","South America","Latin America and the Caribbean","","","Landlocked developing countries (LLDCs)","","Latin America and the Caribbean (MDG=M49)","Latin America and the Caribbean (MDG=M49)","South America (M49)","Latin America and the Caribbean (MDG=M49)","","Landlocked developing countries (LLDCs)","Developing regions (MDG)","","","Non conflict","Latin America and Caribbean","","Latin America and Caribbean","","Upper middle income","Low and middle income","Latin America and Caribbean","","Upper middle income","Low and middle income","Latin American and Caribbean Group (GRULAC)","","","",2.84155479400652,2.88287109299331,2.81860129456941,,-0.0642697984238909,54.8705582624385,25.0453640387249,39.7909933671383
"Peru","Peru",129,"PER",604,"PER","Latin America and the Caribbean","Latin America and the Caribbean","Developing regions","","","Latin America","","Latin America and the Caribbean","Latin America and the Caribbean","","Developing countries","","","","Americas","Latin America and the Caribbean","Latin America and the Caribbean (excluding high-income)","Middle income","Upper middle income","Low and middle income","Latin America and the Caribbean","","Less developed regions","Excluding least developed countries","Excluding China","","","","","","","","","Non-fragile","Non-fragile","Non-fragile","Non-fragile","Non-fragile","Non-fragile","","","Americas","Latin America and the Caribbean","South America","Latin America and the Caribbean","","","","","Latin America and the Caribbean (MDG=M49)","Latin America and the Caribbean (MDG=M49)","South America (M49)","Latin America and the Caribbean (MDG=M49)","","","Developing regions (MDG)","","","Non conflict","Latin America and Caribbean","","Latin America and Caribbean","","Upper middle income","Low and middle income","Latin America and Caribbean","","Upper middle income","Low and middle income","Latin American and Caribbean Group (GRULAC)","","","",6.02603868479577,7.10027925842606,5.42923836611228,,-1.67104089231378,81.497990380879,50.8369531925808,62.3660232214719
"Philippines","Philippines",100,"PHL",608,"PHI","South-eastern Asia","South-eastern Asia","Developing regions","","","","","East Asia and Pacific","East Asia and Pacific","Asia","Developing countries","","","","Western Pacific","East Asia and Pacific","East Asia and Pacific (excluding high-income)","Middle income","Lower middle income","Low and middle income","Asia","","Less developed regions","Excluding least developed countries","Excluding China","","","","","Countdown","","","","Non-fragile","Non-fragile","Non-fragile","Non-fragile","Non-fragile","Non-fragile","","","Asia","South-Eastern Asia","","Eastern Asia and South-eastern Asia","South-eastern Asia","","","South Eastern Asia and Oceania (excl. Australia and New Zealand)","Eastern Asia (M49) and South-eastern Asia (MDG=M49)","Asia (M49)","South-eastern Asia (MDG=M49)","South-eastern Asia (MDG=M49)","","","Developing regions (MDG)","HAC","","Conflict","East Asia and Pacific","","East Asia and Pacific","","Lower middle income","Low and middle income","East Asia and Pacific","","Lower middle income","Low and middle income","Asia-Pacific Group","","","",2.42858016765739,3.96193488882784,1.57671643367381,,-2.38521845515404,49.3384247296339,32.7123510779135,24.7089531556854
"Poland","Poland",165,"POL",616,"POL","Developed regions","Developed regions","Developed regions","","","","","Industrialized countries","Industrialized countries","","","","","","Europe","Europe and Central Asia","","High income","High income","","Europe","","More developed regions","More developed regions","","","","","","","","","","","","","","","Non-fragile","","","Europe","Eastern Europe","","Northern America and Europe","Europe","","","North America, Europe, Australia and New Zealand","Northern America (M49) and Europe (M49)","Europe (M49)","Eastern Europe (M49)","Developed regions (MDG)","","","Developed regions","","","","Europe and Central Asia","Western Europe","","","","","","","","","Eastern European Group","","","",4.95060338977834,6.46447829063667,4.10956177819038,,-2.35491651244629,74.9968645038408,47.6096529934607,52.2753008430383
"Portugal","Portugal",188,"PRT",620,"POR","Developed regions","Developed regions","Developed regions","","","","","Industrialized countries","Industrialized countries","","","","","","Europe","Europe and Central Asia","","High income","High income","","Europe","","More developed regions","More developed regions","","","","","","","","","","","","","","","Non-fragile","","","Europe","Southern Europe","","Northern America and Europe","Europe","","","North America, Europe, Australia and New Zealand","Northern America (M49) and Europe (M49)","Europe (M49)","Southern Europe (M49)","Developed regions (MDG)","","","Developed regions","","","","Europe and Central Asia","Western Europe","","","","","","","","","Western European and Others Group (WEOG)","","","",4.92831562954683,7.26144644028788,3.63213184580181,,-3.62931459448608,74.8403427301359,51.6229493108077,47.9925772418267
"Qatar","Qatar",62,"QAT",634,"QTR","Western Asia","Western Asia","Developing regions","","","","","Middle East and North Africa","Middle East and North Africa","","Developing countries","","Middle East","","Eastern Mediterranean","Middle East and North Africa","","High income","High income","","Asia","","Less developed regions","Excluding least developed countries","Excluding China","OIC","Arab","OIC High income: nonOECD","OIC High income","","","","","","","","","","Non-fragile","","","Asia","Western Asia","","Western Asia and Northern Africa","Western Asia","","","","Western Asia (M49) and Northern Africa (M49)","Asia (M49)","Western Asia (M49)","Western Asia (MDG)","","","Developing regions (MDG)","","","Non conflict","Middle East and North Africa","","","","","","","","","","Asia-Pacific Group","","","",4.00853083528023,5.13330137653102,3.38365831236313,,-1.74964306416789,67.4498638282534,40.1500828125319,45.6137323134638
"Romania","Romania",153,"ROU",642,"ROM","Developed regions","Developed regions","Developed regions","","","","","CEE/CIS","CEE/CIS","","","","","","Europe","Europe and Central Asia","Europe and Central Asia (excluding high-income)","Middle income","Upper middle income","Low and middle income","Europe","","More developed regions","More developed regions","","","","","","","","","","Non-fragile","Non-fragile","Non-fragile","Non-fragile","Non-fragile","Non-fragile","","","Europe","Eastern Europe","","Northern America and Europe","Europe","","","North America, Europe, Australia and New Zealand","Northern America (M49) and Europe (M49)","Europe (M49)","Eastern Europe (M49)","Developed regions (MDG)","","","Developed regions","","","Non conflict","Europe and Central Asia","Eastern Europe and Central Asia","","","","","Europe and Central Asia","Eastern Europe and Central Asia","Upper middle income","Low and middle income","Eastern European Group","","","",5.1989340248424,3.47857451556235,6.15468930777576,,2.67611479221342,76.6763315326228,29.3800463315341,66.9729768205838
"Russian Federation","Russian Federation",154,"RUS",643,"RUS","Developed regions","Developed regions","Developed regions","","","","","CEE/CIS","CEE/CIS","","","","","","Europe","Europe and Central Asia","Europe and Central Asia (excluding high-income)","Middle income","Upper middle income","Low and middle income","Europe","","More developed regions","More developed regions","","","","","","","","","","Non-fragile","Non-fragile","Non-fragile","Non-fragile","Non-fragile","Non-fragile","","","Europe","Eastern Europe","","Northern America and Europe","Europe","","","North America, Europe, Australia and New Zealand","Northern America (M49) and Europe (M49)","Europe (M49)","Eastern Europe (M49)","Developed regions (MDG)","","","Developed regions","","","Non conflict","Europe and Central Asia","Eastern Europe and Central Asia","","","","","Europe and Central Asia","Eastern Europe and Central Asia","Upper middle income","Low and middle income","Eastern European Group","","","",4.0775234960872,1.28523100707489,5.62879710109403,,4.34356609401915,68.0726309122069,12.0606752422407,63.693865997105
"Rwanda","Rwanda",10,"RWA",646,"RWA","Sub-Saharan Africa","Sub-Saharan Africa","Developing regions","Eastern Africa","Least developed countries","","LLDC","Eastern and Southern Africa","Sub-Saharan Africa","Africa","Developing countries","Least developed countries","","","Africa","Sub-Saharan Africa","Sub-Saharan Africa (excluding high-income)","Low income","Low income","Low and middle income","Africa","Sub-Saharan Africa","Less developed regions","Least developed countries","Excluding China","","","","","Countdown","Eastern Africa","Africa","Eastern Africa","Non-fragile","Non-fragile","Non-fragile","Non-fragile","Non-fragile","Fragile","Other Fragile","USAID","Africa","Eastern Africa","","Sub-Saharan Africa","","Least developed countries (LDCs)","Landlocked developing countries (LLDCs)","","Sub-Saharan Africa (M49)","Sub-Saharan Africa (M49)","Eastern Africa (M49)","Sub-Saharan Africa (MDG)","Least developed countries (LDCs)","Landlocked developing countries (LLDCs)","Developing regions (MDG)","HAC","Global Strategy","Non conflict","Sub-Saharan Africa","Eastern and Southern Africa","Sub-Saharan Africa","Eastern and Southern Africa","Low income","Low and middle income","Sub-Saharan Africa","Eastern and Southern Africa","Low income","Low and middle income","African Group","Economic Community of Central African States","GAVI","",5.1348281551962,-1.66283904690742,8.91130993414265,,10.5741489810501,76.253900093492,-18.0908319547324,79.8916651585531
"Saint Kitts & Nevis","Saint Kitts and Nevis",130,"KNA",659,"STK","Latin America and the Caribbean","Latin America and the Caribbean","Developing regions","","","Caribbean","SIDS","Latin America and the Caribbean","Latin America and the Caribbean","","Developing countries","","","Eastern Caribbean Area","Americas","Latin America and the Caribbean","","High income","High income","","Latin America and the Caribbean","","Less developed regions","Excluding least developed countries","Excluding China","","","","","","","","","","","","","","Non-fragile","","","Americas","Latin America and the Caribbean","Caribbean","Latin America and the Caribbean","","","Small island developing States (SIDS)","","Latin America and the Caribbean (MDG=M49)","Latin America and the Caribbean (MDG=M49)","Caribbean (M49)","Latin America and the Caribbean (MDG=M49)","","Small island developing States (SIDS)","Developing regions (MDG)","","","Non conflict","Latin America and Caribbean","","","","","","","","","","Latin American and Caribbean Group (GRULAC)","","","",3.36911967970598,2.75985562362698,3.70759971086098,,0.947744087234001,61.0679945064542,24.1176113693798,48.694280456749
"Saint Lucia","Saint Lucia",131,"LCA",662,"STL","Latin America and the Caribbean","Latin America and the Caribbean","Developing regions","","","Caribbean","SIDS","Latin America and the Caribbean","Latin America and the Caribbean","","Developing countries","","","Eastern Caribbean Area","Americas","Latin America and the Caribbean","Latin America and the Caribbean (excluding high-income)","Middle income","Upper middle income","Low and middle income","Latin America and the Caribbean","","Less developed regions","Excluding least developed countries","Excluding China","","","","","","","","","Non-fragile","Non-fragile","Non-fragile","Non-fragile","Non-fragile","Non-fragile","","","Americas","Latin America and the Caribbean","Caribbean","Latin America and the Caribbean","","","Small island developing States (SIDS)","","Latin America and the Caribbean (MDG=M49)","Latin America and the Caribbean (MDG=M49)","Caribbean (M49)","Latin America and the Caribbean (MDG=M49)","","Small island developing States (SIDS)","Developing regions (MDG)","","","Non conflict","Latin America and Caribbean","","","","","","Latin America and Caribbean","","Upper middle income","Low and middle income","Latin American and Caribbean Group (GRULAC)","","","",1.07103033984422,2.21727226915156,0.434229268006804,,-1.78304300114476,25.9099169892845,19.8866137711887,7.51847288153903
"Samoa","Samoa",91,"WSM",882,"WTS","Oceania","Oceania","Developing regions","","","","SIDS","East Asia and Pacific","East Asia and Pacific","Asia","Developing countries","","","","Western Pacific","East Asia and Pacific","East Asia and Pacific (excluding high-income)","Middle income","Upper middle income","Low and middle income","Oceania","","Less developed regions","Excluding least developed countries","Excluding China","","","","","","","","","Non-fragile","Non-fragile","Non-fragile","Non-fragile","Non-fragile","Non-fragile","","","Oceania","Polynesia","","Oceania","Oceania excluding Australia and New Zealand","","Small island developing States (SIDS)","South Eastern Asia and Oceania (excl. Australia and New Zealand)","Oceania (M49) excluding Australia and New Zealand (M49)","Oceania (M49)","Polynesia (M49)","Oceania (MDG)","","Small island developing States (SIDS)","Developing regions (MDG)","","","Non conflict","East Asia and Pacific","","","","","","East Asia and Pacific","","Upper middle income","Low and middle income","Asia-Pacific Group","","","",2.29820977145035,3.53733578547588,1.60980643032506,,-1.92752935515082,47.4549209373479,29.7938013184499,25.1560687668156
"San Marino","San Marino",189,"SMR",674,"SAN","Developed regions","Developed regions","Developed regions","","","","","Industrialized countries","Industrialized countries","","","","","","Europe","Europe and Central Asia","","High income","High income","","Europe","","More developed regions","More developed regions","","","","","","","","","","","","","","","Non-fragile","","","Europe","Southern Europe","","Northern America and Europe","Europe","","","North America, Europe, Australia and New Zealand","Northern America (M49) and Europe (M49)","Europe (M49)","Southern Europe (M49)","Developed regions (MDG)","","","Developed regions","","","","Europe and Central Asia","Western Europe","","","","","","","","","Western European and Others Group (WEOG)","","","",6.82395870227442,7.77985401154584,6.29290575267918,,-1.48694825886666,85.2024481824897,54.0669553603396,67.784517805002
"Sao Tome & Principe","Sao Tome and Principe",37,"STP",678,"STP","Sub-Saharan Africa","Sub-Saharan Africa","Developing regions","Central Africa","Least developed countries","","SIDS","West and Central Africa","Sub-Saharan Africa","Africa","Developing countries","Least developed countries","","","Africa","Sub-Saharan Africa","Sub-Saharan Africa (excluding high-income)","Middle income","Lower middle income","Low and middle income","Africa","Sub-Saharan Africa","Less developed regions","Least developed countries","Excluding China","","","","","","Central Africa","Africa","Central Africa","Non-fragile","Non-fragile","Non-fragile","Non-fragile","Non-fragile","Non-fragile","","","Africa","Middle Africa","","Sub-Saharan Africa","","Least developed countries (LDCs)","Small island developing States (SIDS)","","Sub-Saharan Africa (M49)","Sub-Saharan Africa (M49)","Middle Africa (M49)","Sub-Saharan Africa (MDG)","Least developed countries (LDCs)","Small island developing States (SIDS)","Developing regions (MDG)","","Global Strategy","Non conflict","Sub-Saharan Africa","West and Central Africa","Sub-Saharan Africa","West and Central Africa","Lower middle income","Low and middle income","Sub-Saharan Africa","West and Central Africa","Lower middle income","Low and middle income","African Group","Economic Community of Central African States","GAVI","",4.28405566784586,2.41525758975697,5.32227682233968,,2.90701923258271,69.8665877093582,21.4571428307083,61.6344332550927
"Saudi Arabia","Saudi Arabia",63,"SAU",682,"SDA","Western Asia","Western Asia","Developing regions","","","","","Middle East and North Africa","Middle East and North Africa","","Developing countries","","Middle East","","Eastern Mediterranean","Middle East and North Africa","","High income","High income","","Asia","","Less developed regions","Excluding least developed countries","Excluding China","OIC","Arab","OIC High income: nonOECD","OIC High income","","","","","","","","","","Non-fragile","","","Asia","Western Asia","","Western Asia and Northern Africa","Western Asia","","","","Western Asia (M49) and Northern Africa (M49)","Asia (M49)","Western Asia (M49)","Western Asia (MDG)","","","Developing regions (MDG)","","","Non conflict","Middle East and North Africa","","","","","","","","","","Asia-Pacific Group","","","",6.59972286706106,6.91804424327183,6.42287765805508,,-0.495166585216744,84.2435818601113,49.9328170933227,68.5294493815283
"Senegal","Senegal",38,"SEN",686,"SEN","Sub-Saharan Africa","Sub-Saharan Africa","Developing regions","West Africa","Least developed countries","","","West and Central Africa","Sub-Saharan Africa","Africa","Developing countries","Least developed countries","","","Africa","Sub-Saharan Africa","Sub-Saharan Africa (excluding high-income)","Middle income","Lower middle income","Low and middle income","Africa","Sub-Saharan Africa","Less developed regions","Least developed countries","Excluding China","OIC","Africa","OIC Lower middle income","OIC Middle income","Countdown","West Africa","Africa","Western Africa","Non-fragile","Non-fragile","Non-fragile","Non-fragile","Non-fragile","Non-fragile","","USAID","Africa","Western Africa","","Sub-Saharan Africa","","Least developed countries (LDCs)","","","Sub-Saharan Africa (M49)","Sub-Saharan Africa (M49)","Western Africa (M49)","Sub-Saharan Africa (MDG)","Least developed countries (LDCs)","","Developing regions (MDG)","","Global Strategy","Non conflict","Sub-Saharan Africa","West and Central Africa","Sub-Saharan Africa","West and Central Africa","Lower middle income","Low and middle income","Sub-Saharan Africa","West and Central Africa","Lower middle income","Low and middle income","African Group","Economic Community of West African States","GAVI","",3.99949456457952,0.543080643207813,5.91972452089714,,5.37664387768933,67.3674026367114,5.28597185738228,65.5461835979024
"Serbia","Serbia",156,"SRB",688,"YUGC","Developed regions","Developed regions","Developed regions","","","","","CEE/CIS","CEE/CIS","","","","","","Europe","Europe and Central Asia","Europe and Central Asia (excluding high-income)","Middle income","Upper middle income","Low and middle income","Europe","","More developed regions","More developed regions","","","","","","","","","","Non-fragile","Non-fragile","Non-fragile","Non-fragile","Non-fragile","Non-fragile","","","Europe","Southern Europe","","Northern America and Europe","Europe","","","North America, Europe, Australia and New Zealand","Northern America (M49) and Europe (M49)","Europe (M49)","Southern Europe (M49)","Developed regions (MDG)","","","Developed regions","","","Non conflict","Europe and Central Asia","Eastern Europe and Central Asia","Europe and Central Asia","Eastern Europe and Central Asia","Upper middle income","Low and middle income","Europe and Central Asia","Eastern Europe and Central Asia","Upper middle income","Low and middle income","Eastern European Group","","","",5.6555527802482,7.42903565969784,4.67028451388729,,-2.75875114581054,79.4755797783146,52.426940695189,56.8570520340495
"Seychelles","Seychelles",19,"SYC",690,"SEY","Sub-Saharan Africa","Sub-Saharan Africa","Developing regions","Eastern Africa","","","SIDS","Eastern and Southern Africa","Sub-Saharan Africa","Africa","Developing countries","","","","Africa","Sub-Saharan Africa","","High income","High income","","Africa","","Less developed regions","Excluding least developed countries","Excluding China","","","","","","Eastern Africa","Africa","Eastern Africa","","","","","","Non-fragile","","","Africa","Eastern Africa","","Sub-Saharan Africa","","","Small island developing States (SIDS)","","Sub-Saharan Africa (M49)","Sub-Saharan Africa (M49)","Eastern Africa (M49)","Sub-Saharan Africa (MDG)","","Small island developing States (SIDS)","Developing regions (MDG)","","","Non conflict","Sub-Saharan Africa","Eastern and Southern Africa","","","","","","","","","African Group","","","",0.484369000160475,1.93256530945004,-0.320184505000396,,-2.25274981445044,12.6828523257063,17.572950387437,-5.93263750760933
"Sierra Leone","Sierra Leone",39,"SLE",694,"SRL","Sub-Saharan Africa","Sub-Saharan Africa","Developing regions","West Africa","Least developed countries","","","West and Central Africa","Sub-Saharan Africa","Africa","Developing countries","Least developed countries","","","Africa","Sub-Saharan Africa","Sub-Saharan Africa (excluding high-income)","Low income","Low income","Low and middle income","Africa","Sub-Saharan Africa","Less developed regions","Least developed countries","Excluding China","OIC","Africa","OIC Low income","","Countdown","West Africa","Africa","Western Africa","Fragile","Fragile","Fragile","Fragile","Non-fragile","Fragile","Other Fragile","","Africa","Western Africa","","Sub-Saharan Africa","","Least developed countries (LDCs)","","","Sub-Saharan Africa (M49)","Sub-Saharan Africa (M49)","Western Africa (M49)","Sub-Saharan Africa (MDG)","Least developed countries (LDCs)","","Developing regions (MDG)","HAC","Global Strategy","Non conflict","Sub-Saharan Africa","West and Central Africa","Sub-Saharan Africa","West and Central Africa","Low income","Low and middle income","Sub-Saharan Africa","West and Central Africa","Low income","Low and middle income","African Group","Economic Community of West African States","GAVI","",3.2263250523976,1.16052317846694,4.37399276013685,,3.21346958166991,59.4798585064948,10.9571363230081,54.4936676334958
"Singapore","Singapore",101,"SGP",702,"SIN","South-eastern Asia","South-eastern Asia","Developing regions","","","","SIDS","East Asia and Pacific","East Asia and Pacific","Asia","Developing countries","","","","Western Pacific","East Asia and Pacific","","High income","High income","","Asia","","Less developed regions","Excluding least developed countries","Excluding China","","","","","","","","","","","","","","Non-fragile","","","Asia","South-Eastern Asia","","Eastern Asia and South-eastern Asia","South-eastern Asia","","Small island developing States (SIDS)","South Eastern Asia and Oceania (excl. Australia and New Zealand)","Eastern Asia (M49) and South-eastern Asia (MDG=M49)","Asia (M49)","South-eastern Asia (MDG=M49)","South-eastern Asia (MDG=M49)","","Small island developing States (SIDS)","Developing regions (MDG)","","","Non conflict","East Asia and Pacific","","","","","","","","","","Asia-Pacific Group","","","",3.591776624049,6.90425455449097,1.75151110713681,,-5.15274344735416,63.4210575750032,49.8637283816374,27.0409600788911
"Slovakia","Slovakia",166,"SVK",703,"SLK","Developed regions","Developed regions","Developed regions","","","","","Industrialized countries","Industrialized countries","","","","","","Europe","Europe and Central Asia","","High income","High income","","Europe","","More developed regions","More developed regions","","","","","","","","","","","","","","","Non-fragile","","","Europe","Eastern Europe","","Northern America and Europe","Europe","","","North America, Europe, Australia and New Zealand","Northern America (M49) and Europe (M49)","Europe (M49)","Eastern Europe (M49)","Developed regions (MDG)","","","Developed regions","","","","Europe and Central Asia","Western Europe","","","","","","","","","Eastern European Group","","","",3.54535019701498,4.23690193295454,3.16115478815967,,-1.07574714479487,62.9424492156995,34.5373341775802,43.3913203522351
"Slovenia","Slovenia",190,"SVN",705,"SLV","Developed regions","Developed regions","Developed regions","","","","","Industrialized countries","Industrialized countries","","","","","","Europe","Europe and Central Asia","","High income","High income","","Europe","","More developed regions","More developed regions","","","","","","","","","","","","","","","Non-fragile","","","Europe","Southern Europe","","Northern America and Europe","Europe","","","North America, Europe, Australia and New Zealand","Northern America (M49) and Europe (M49)","Europe (M49)","Southern Europe (M49)","Developed regions (MDG)","","","Developed regions","","","","Europe and Central Asia","Western Europe","","","","","","","","","Eastern European Group","","","",5.71142396426603,6.46812784550969,5.29103291913066,,-1.17709492637903,79.79416395106,47.628769649506,61.4180611879603
"Solomon Islands","Solomon Islands",88,"SLB",90,"SOL","Oceania","Oceania","Developing regions","","Least developed countries","","SIDS","East Asia and Pacific","East Asia and Pacific","Asia","Developing countries","Least developed countries","","","Western Pacific","East Asia and Pacific","East Asia and Pacific (excluding high-income)","Middle income","Lower middle income","Low and middle income","Oceania","","Less developed regions","Least developed countries","Excluding China","","","","","Countdown","","","","Fragile","Fragile","Fragile","Fragile","Fragile","Fragile","Other Fragile","","Oceania","Melanesia","","Oceania","Oceania excluding Australia and New Zealand","Least developed countries (LDCs)","Small island developing States (SIDS)","South Eastern Asia and Oceania (excl. Australia and New Zealand)","Oceania (M49) excluding Australia and New Zealand (M49)","Oceania (M49)","Melanesia (M49)","Oceania (MDG)","Least developed countries (LDCs)","Small island developing States (SIDS)","Developing regions (MDG)","HAC","Global Strategy","Non conflict","East Asia and Pacific","","","","","","East Asia and Pacific","","Lower middle income","Low and middle income","Asia-Pacific Group","","GAVI","",2.30815857301176,2.30995418332922,2.30716101172428,,-0.0027931716049463,47.6010902116458,20.6256897306447,33.9850518252827
"Somalia","Somalia",11,"SOM",706,"SOM","Sub-Saharan Africa","Sub-Saharan Africa","Developing regions","Eastern Africa","Least developed countries","","","Eastern and Southern Africa","Sub-Saharan Africa","Africa","Developing countries","Least developed countries","","","Eastern Mediterranean","Sub-Saharan Africa","Sub-Saharan Africa (excluding high-income)","Low income","Low income","Low and middle income","Africa","Sub-Saharan Africa","Less developed regions","Least developed countries","Excluding China","OIC","Arab","OIC Low income","","Countdown","Eastern Africa","Africa","Eastern Africa","Fragile","Fragile","Fragile","Fragile","Fragile","Fragile","Extremely Fragile","","Africa","Eastern Africa","","Sub-Saharan Africa","","Least developed countries (LDCs)","","","Sub-Saharan Africa (M49)","Sub-Saharan Africa (M49)","Eastern Africa (M49)","Sub-Saharan Africa (MDG)","Least developed countries (LDCs)","","Developing regions (MDG)","HAC","Global Strategy","Conflict","Sub-Saharan Africa","Eastern and Southern Africa","Sub-Saharan Africa","Eastern and Southern Africa","Low income","Low and middle income","Sub-Saharan Africa","Eastern and Southern Africa","Low income","Low and middle income","African Group","","GAVI","",1.36915438751608,0.395971454156129,1.90981157271606,,1.51384011855993,31.8434709621739,3.88234244428815,29.0905222088657
"South Africa","South Africa",20,"ZAF",710,"SAF","Sub-Saharan Africa","Sub-Saharan Africa","Developing regions","South Africa","","","","Eastern and Southern Africa","Sub-Saharan Africa","Africa","Developing countries","","","","Africa","Sub-Saharan Africa","Sub-Saharan Africa (excluding high-income)","Middle income","Upper middle income","Low and middle income","Africa","Sub-Saharan Africa","Less developed regions","Excluding least developed countries","Excluding China","","","","","Countdown","Southern Africa","Africa","Southern Africa","Non-fragile","Non-fragile","Non-fragile","Non-fragile","Non-fragile","Non-fragile","","","Africa","Southern Africa","","Sub-Saharan Africa","","","","","Sub-Saharan Africa (M49)","Sub-Saharan Africa (M49)","Southern Africa (M49)","Sub-Saharan Africa (MDG)","","","Developing regions (MDG)","","","Non conflict","Sub-Saharan Africa","Eastern and Southern Africa","Sub-Saharan Africa","Eastern and Southern Africa","Upper middle income","Low and middle income","Sub-Saharan Africa","Eastern and Southern Africa","Upper middle income","Low and middle income","African Group","","","",1.97375245702554,-2.02015274565383,4.1925886807363,,6.21274142639013,42.4577478462213,-22.3866702000547,52.9832357888981
"South Sudan","South Sudan",999,"SSD",728,"SSUD","Sub-Saharan Africa","Sub-Saharan Africa","Developing regions","Eastern Africa","Least developed countries","","LLDC","Eastern and Southern Africa","Sub-Saharan Africa","Africa","Developing countries","Least developed countries","","","Africa","Sub-Saharan Africa","Sub-Saharan Africa (excluding high-income)","Low income","Low income","Low and middle income","Africa","Sub-Saharan Africa","Less developed regions","Least developed countries","Excluding China","","","","","Countdown","Eastern Africa","Africa","Eastern Africa","Fragile","Fragile","Fragile","Fragile","Fragile","Fragile","Extremely Fragile","USAID","Africa","Eastern Africa","","Sub-Saharan Africa","","Least developed countries (LDCs)","Landlocked developing countries (LLDCs)","","Sub-Saharan Africa (M49)","Sub-Saharan Africa (M49)","Eastern Africa (M49)","Sub-Saharan Africa (MDG)","Least developed countries (LDCs)","Landlocked developing countries (LLDCs)","Developing regions (MDG)","HAC","","Conflict","Sub-Saharan Africa","Eastern and Southern Africa","Sub-Saharan Africa","Eastern and Southern Africa","Low income","Low and middle income","Sub-Saharan Africa","Eastern and Southern Africa","Low income","Low and middle income","African Group","","GAVI","",3.32281554229249,3.21774320319556,3.38118906401301,,0.16344586081745,60.5599485539667,27.513824155778,45.5895541643791
"Spain","Spain",191,"ESP",724,"SPN","Developed regions","Developed regions","Developed regions","","","","","Industrialized countries","Industrialized countries","","","","","","Europe","Europe and Central Asia","","High income","High income","","Europe","","More developed regions","More developed regions","","","","","","","","","","","","","","","Non-fragile","","","Europe","Southern Europe","","Northern America and Europe","Europe","","","North America, Europe, Australia and New Zealand","Northern America (M49) and Europe (M49)","Europe (M49)","Southern Europe (M49)","Developed regions (MDG)","","","Developed regions","","","","Europe and Central Asia","Western Europe","","","","","","","","","Western European and Others Group (WEOG)","","","",3.98923610920028,5.30515661743576,3.25816916018058,,-2.04698745725518,67.2735350778775,41.1698473142935,44.371273185436
"Sri Lanka","Sri Lanka",74,"LKA",144,"SRI","Southern Asia","Southern Asia excluding India","Developing regions","","","","","South Asia","South Asia","Asia","Developing countries","","","","South-East Asia","South Asia","South Asia (excluding high-income)","Middle income","Upper middle income","Low and middle income","Asia","","Less developed regions","Excluding least developed countries","Excluding China","","","","","","","","","Non-fragile","Non-fragile","Non-fragile","Non-fragile","Non-fragile","Non-fragile","","","Asia","Southern Asia","","Central Asia and Southern Asia","Southern Asia","","","","Central Asia (M49) and Southern Asia (MDG=M49)","Asia (M49)","Southern Asia (MDG=M49)","Southern Asia (MDG=M49)","","","Developing regions (MDG)","","","Non conflict","South Asia","","","","","","South Asia","","Upper middle income","Low and middle income","Asia-Pacific Group","","","",3.85026050255064,2.83154095206396,4.41621580837658,,1.58467485631262,65.9749422684956,24.6596316981687,54.8382115744485
"St Vincent & the Grenadines","Saint Vincent and the Grenadines",132,"VCT",670,"STV","Latin America and the Caribbean","Latin America and the Caribbean","Developing regions","","","Caribbean","SIDS","Latin America and the Caribbean","Latin America and the Caribbean","","Developing countries","","","Eastern Caribbean Area","Americas","Latin America and the Caribbean","Latin America and the Caribbean (excluding high-income)","Middle income","Upper middle income","Low and middle income","Latin America and the Caribbean","","Less developed regions","Excluding least developed countries","Excluding China","","","","","","","","","Non-fragile","Non-fragile","Non-fragile","Non-fragile","Non-fragile","Non-fragile","","","Americas","Latin America and the Caribbean","Caribbean","Latin America and the Caribbean","","","Small island developing States (SIDS)","","Latin America and the Caribbean (MDG=M49)","Latin America and the Caribbean (MDG=M49)","Caribbean (M49)","Latin America and the Caribbean (MDG=M49)","","Small island developing States (SIDS)","Developing regions (MDG)","","","Non conflict","Latin America and Caribbean","","","","","","Latin America and Caribbean","","Upper middle income","Low and middle income","Latin American and Caribbean Group (GRULAC)","","","",1.31131269537269,0.501878970789854,1.76099809791871,,1.25911912712885,30.730642874623,4.89492919389204,27.1654428746524
"State of Palestine","State of Palestine",61,"PSE",275,"PLW","Western Asia","Western Asia","Developing regions","","","","","Middle East and North Africa","Middle East and North Africa","","Developing countries","","Middle East","","N/A","Middle East and North Africa","Middle East and North Africa (excluding high-income)","Middle income","Lower middle income","Low and middle income","Asia","","Less developed regions","Excluding least developed countries","Excluding China","OIC","Arab","OIC Lower middle income","OIC Middle income","","","","","Fragile","Fragile","Fragile","Fragile","Fragile","Fragile","Other Fragile","","Asia","Western Asia","","Western Asia and Northern Africa","Western Asia","","","","Western Asia (M49) and Northern Africa (M49)","Asia (M49)","Western Asia (M49)","Western Asia (MDG)","","","Developing regions (MDG)","HAC","","Conflict","Middle East and North Africa","","Middle East and North Africa","","Lower middle income","Low and middle income","Middle East and North Africa","","Lower middle income","Low and middle income","","","","",2.71911947029591,3.75749622427497,2.1422434958631,,-1.61525272841187,53.2966108752888,31.3225735609298,31.996011577187
"Sudan","Sudan",48,"SDN",729,"SUD","Sub-Saharan Africa","Sub-Saharan Africa","Developing regions","North Africa","Least developed countries","","","Middle East and North Africa","Sub-Saharan Africa","Africa","Developing countries","Least developed countries","Middle East","","Eastern Mediterranean","Sub-Saharan Africa","Sub-Saharan Africa (excluding high-income)","Middle income","Lower middle income","Low and middle income","Africa","","Less developed regions","Least developed countries","Excluding China","OIC","Arab","OIC Lower middle income","OIC Middle income","Countdown","North Africa","Africa","Eastern Africa","Fragile","Fragile","Fragile","Fragile","Fragile","Fragile","Extremely Fragile","","Africa","Northern Africa","","Western Asia and Northern Africa","Northern Africa","Least developed countries (LDCs)","","","Western Asia (M49) and Northern Africa (M49)","Northern Africa (M49)","Northern Africa (M49)","Sub-Saharan Africa (MDG)","Least developed countries (LDCs)","","Developing regions (MDG)","HAC","","Conflict","Sub-Saharan Africa","Eastern and Southern Africa","Sub-Saharan Africa","Eastern and Southern Africa","Lower middle income","Low and middle income","Sub-Saharan Africa","Eastern and Southern Africa","Lower middle income","Low and middle income","African Group","","GAVI","",2.69768363367549,2.2539120618462,2.94422339580286,,0.69031133395666,53.0154526172962,20.1796104628518,41.13716099965
"Suriname","Suriname",133,"SUR",740,"SUR","Latin America and the Caribbean","Latin America and the Caribbean","Developing regions","","","Latin America","SIDS","Latin America and the Caribbean","Latin America and the Caribbean","","Developing countries","","","","Americas","Latin America and the Caribbean","Latin America and the Caribbean (excluding high-income)","Middle income","Upper middle income","Low and middle income","Latin America and the Caribbean","","Less developed regions","Excluding least developed countries","Excluding China","OIC","Asia/other","OIC Upper middle income","OIC Middle income","Countdown","","","","Non-fragile","Non-fragile","Non-fragile","Non-fragile","Non-fragile","Non-fragile","","","Americas","Latin America and the Caribbean","South America","Latin America and the Caribbean","","","Small island developing States (SIDS)","","Latin America and the Caribbean (MDG=M49)","Latin America and the Caribbean (MDG=M49)","South America (M49)","Latin America and the Caribbean (MDG=M49)","","Small island developing States (SIDS)","Developing regions (MDG)","","","Non conflict","Latin America and Caribbean","","Latin America and Caribbean","","Upper middle income","Low and middle income","Latin America and Caribbean","","Upper middle income","Low and middle income","Latin American and Caribbean Group (GRULAC)","","","",3.26992743312936,3.1894865805575,3.31461679566928,,0.125130215111789,59.9715478618265,27.3087130531695,44.9336312239841
"Swaziland","Eswatini",21,"SWZ",748,"SZD","Sub-Saharan Africa","Sub-Saharan Africa","Developing regions","South Africa","","","LLDC","Eastern and Southern Africa","Sub-Saharan Africa","Africa","Developing countries","","","","Africa","Sub-Saharan Africa","Sub-Saharan Africa (excluding high-income)","Middle income","Lower middle income","Low and middle income","Africa","Sub-Saharan Africa","Less developed regions","Excluding least developed countries","Excluding China","","","","","Countdown","Southern Africa","Africa","Southern Africa","Non-fragile","Non-fragile","Non-fragile","Non-fragile","Non-fragile","Fragile","Other Fragile","","Africa","Southern Africa","","Sub-Saharan Africa","","","Landlocked developing countries (LLDCs)","","Sub-Saharan Africa (M49)","Sub-Saharan Africa (M49)","Southern Africa (M49)","Sub-Saharan Africa (MDG)","","Landlocked developing countries (LLDCs)","Developing regions (MDG)","","","Non conflict","Sub-Saharan Africa","Eastern and Southern Africa","Sub-Saharan Africa","Eastern and Southern Africa","Lower middle income","Low and middle income","Sub-Saharan Africa","Eastern and Southern Africa","Lower middle income","Low and middle income","African Group","","","",0.922442556041645,-5.53463408898056,4.50970735883176,,10.0443414478123,22.7624088666991,-73.9266389162921,55.5918566502777
"Sweden","Sweden",192,"SWE",752,"SWD","Developed regions","Developed regions","Developed regions","","","","","Industrialized countries","Industrialized countries","","","","","","Europe","Europe and Central Asia","","High income","High income","","Europe","","More developed regions","More developed regions","","","","","","","","","","","","","","","Non-fragile","","","Europe","Northern Europe","","Northern America and Europe","Europe","","","North America, Europe, Australia and New Zealand","Northern America (M49) and Europe (M49)","Europe (M49)","Northern Europe (M49)","Developed regions (MDG)","","","Developed regions","","","","Europe and Central Asia","Western Europe","","","","","","","","","Western European and Others Group (WEOG)","","","",3.42900412915884,5.36139224330852,2.35545517685347,,-3.00593706645506,61.7153501048264,41.4997538654456,34.5564293744741
"Switzerland","Switzerland",193,"CHE",756,"SWZ","Developed regions","Developed regions","Developed regions","","","","","Industrialized countries","Industrialized countries","","","","","","Europe","Europe and Central Asia","","High income","High income","","Europe","","More developed regions","More developed regions","","","","","","","","","","","","","","","Non-fragile","","","Europe","Western Europe","","Northern America and Europe","Europe","","","North America, Europe, Australia and New Zealand","Northern America (M49) and Europe (M49)","Europe (M49)","Western Europe (M49)","Developed regions (MDG)","","","Developed regions","","","","Europe and Central Asia","Western Europe","","","","","","","","","Western European and Others Group (WEOG)","","","",2.55625650311041,3.87451679869329,1.82388967223104,,-2.05062712646225,51.1175534823686,32.1215567588526,27.985315832937
"Syria","Syrian Arab Republic",64,"SYR",760,"SYR","Western Asia","Western Asia","Developing regions","","","","","Middle East and North Africa","Middle East and North Africa","","Developing countries","","Middle East","","Eastern Mediterranean","Middle East and North Africa","Middle East and North Africa (excluding high-income)","Low income","Low income","Low and middle income","Asia","","Less developed regions","Excluding least developed countries","Excluding China","OIC","Arab","OIC Lower middle income","OIC Middle income","","","","","Fragile","Fragile","Fragile","Fragile","Fragile","Fragile","Extremely Fragile","","Asia","Western Asia","","Western Asia and Northern Africa","Western Asia","","","","Western Asia (M49) and Northern Africa (M49)","Asia (M49)","Western Asia (M49)","Western Asia (MDG)","","","Developing regions (MDG)","HAC","","Conflict","Middle East and North Africa","","Middle East and North Africa","","Low income","Low and middle income","Middle East and North Africa","","Low income","Low and middle income","Asia-Pacific Group","","","",2.95805060766924,4.47060705785563,2.11774146867681,,-2.35286558917882,56.3188780908232,36.0494914562155,31.6954268170205
"Tajikistan","Tajikistan",142,"TJK",762,"TAD","Caucasus and Central Asia","Caucasus and Central Asia","Developing regions","","","","LLDC","CEE/CIS","CEE/CIS","","Developing countries","","","","Europe","Europe and Central Asia","Europe and Central Asia (excluding high-income)","Low income","Low income","Low and middle income","Asia","","Less developed regions","Excluding least developed countries","Excluding China","OIC","Asia/other","OIC Low income","","Countdown","","","","Non-fragile","Non-fragile","Non-fragile","Non-fragile","Non-fragile","Fragile","Other Fragile","","Asia","Central Asia","","Central Asia and Southern Asia","Central Asia","","Landlocked developing countries (LLDCs)","","Central Asia (M49) and Southern Asia (MDG=M49)","Asia (M49)","Central Asia (M49)","Caucasus and Central Asia (MDG)","","Landlocked developing countries (LLDCs)","Developing regions (MDG)","","Global Strategy","Non conflict","Europe and Central Asia","Eastern Europe and Central Asia","Europe and Central Asia","Eastern Europe and Central Asia","Low income","Low and middle income","Europe and Central Asia","Eastern Europe and Central Asia","Low income","Low and middle income","Asia-Pacific Group","","GAVI","",3.71936751238367,1.8571762963369,4.75391818796521,,2.8967418916283,64.7047892291641,16.9491927255687,57.5016644278879
"Tanzania","United Republic of Tanzania",12,"TZA",834,"TNZ","Sub-Saharan Africa","Sub-Saharan Africa","Developing regions","Eastern Africa","Least developed countries","","","Eastern and Southern Africa","Sub-Saharan Africa","Africa","Developing countries","Least developed countries","","","Africa","Sub-Saharan Africa","Sub-Saharan Africa (excluding high-income)","Low income","Low income","Low and middle income","Africa","Sub-Saharan Africa","Less developed regions","Least developed countries","Excluding China","","","","","Countdown","Eastern Africa","Africa","Eastern Africa","Non-fragile","Non-fragile","Non-fragile","Non-fragile","Non-fragile","Fragile","Other Fragile","USAID","Africa","Eastern Africa","","Sub-Saharan Africa","","Least developed countries (LDCs)","","","Sub-Saharan Africa (M49)","Sub-Saharan Africa (M49)","Eastern Africa (M49)","Sub-Saharan Africa (MDG)","Least developed countries (LDCs)","","Developing regions (MDG)","HAC","Global Strategy","Non conflict","Sub-Saharan Africa","Eastern and Southern Africa","Sub-Saharan Africa","Eastern and Southern Africa","Low income","Low and middle income","Sub-Saharan Africa","Eastern and Southern Africa","Low income","Low and middle income","African Group","","GAVI","",3.9639908834665,2.42407171327861,4.81950153357088,,2.39542982029227,67.0413831843046,21.5263409746622,58.0004077482182
"Thailand","Thailand",103,"THA",764,"THL","South-eastern Asia","South-eastern Asia","Developing regions","","","","","East Asia and Pacific","East Asia and Pacific","Asia","Developing countries","","","","South-East Asia","East Asia and Pacific","East Asia and Pacific (excluding high-income)","Middle income","Upper middle income","Low and middle income","Asia","","Less developed regions","Excluding least developed countries","Excluding China","","","","","","","","","Non-fragile","Non-fragile","Non-fragile","Non-fragile","Non-fragile","Non-fragile","","","Asia","South-Eastern Asia","","Eastern Asia and South-eastern Asia","South-eastern Asia","","","South Eastern Asia and Oceania (excl. Australia and New Zealand)","Eastern Asia (M49) and South-eastern Asia (MDG=M49)","Asia (M49)","South-eastern Asia (MDG=M49)","South-eastern Asia (MDG=M49)","","","Developing regions (MDG)","","","Conflict","East Asia and Pacific","","East Asia and Pacific","","Upper middle income","Low and middle income","East Asia and Pacific","","Upper middle income","Low and middle income","Asia-Pacific Group","","","",4.99405742352429,5.13728675397414,4.91448557327438,,-0.222801180699759,75.2992376531819,40.1739305111054,58.7123764642381
"Timor Leste","Timor-Leste",95,"TLS",626,"ETM","South-eastern Asia","South-eastern Asia","Developing regions","","Least developed countries","","SIDS","East Asia and Pacific","East Asia and Pacific","Asia","Developing countries","Least developed countries","","","South-East Asia","East Asia and Pacific","East Asia and Pacific (excluding high-income)","Middle income","Lower middle income","Low and middle income","Asia","","Less developed regions","Least developed countries","Excluding China","","","","","Countdown","","","","Fragile","Fragile","Fragile","Non-fragile","Fragile","Fragile","Other Fragile","","Asia","South-Eastern Asia","","Eastern Asia and South-eastern Asia","South-eastern Asia","Least developed countries (LDCs)","Small island developing States (SIDS)","South Eastern Asia and Oceania (excl. Australia and New Zealand)","Eastern Asia (M49) and South-eastern Asia (MDG=M49)","Asia (M49)","South-eastern Asia (MDG=M49)","South-eastern Asia (MDG=M49)","Least developed countries (LDCs)","Small island developing States (SIDS)","Developing regions (MDG)","","","Non conflict","East Asia and Pacific","","East Asia and Pacific","","Lower middle income","Low and middle income","East Asia and Pacific","","Lower middle income","Low and middle income","Asia-Pacific Group","","GAVI","",4.62525226830722,4.62167704518099,4.62723850337734,,0.0055614581963459,72.6121481795452,37.0083308791867,56.5214698979845
"Togo","Togo",40,"TGO",768,"TGO","Sub-Saharan Africa","Sub-Saharan Africa","Developing regions","West Africa","Least developed countries","","","West and Central Africa","Sub-Saharan Africa","Africa","Developing countries","Least developed countries","","","Africa","Sub-Saharan Africa","Sub-Saharan Africa (excluding high-income)","Low income","Low income","Low and middle income","Africa","Sub-Saharan Africa","Less developed regions","Least developed countries","Excluding China","OIC","Africa","OIC Low income","","Countdown","West Africa","Africa","Western Africa","Fragile","Fragile","Fragile","Fragile","Fragile","Non-fragile","","","Africa","Western Africa","","Sub-Saharan Africa","","Least developed countries (LDCs)","","","Sub-Saharan Africa (M49)","Sub-Saharan Africa (M49)","Western Africa (M49)","Sub-Saharan Africa (MDG)","Least developed countries (LDCs)","","Developing regions (MDG)","","Global Strategy","Non conflict","Sub-Saharan Africa","West and Central Africa","Sub-Saharan Africa","West and Central Africa","Low income","Low and middle income","Sub-Saharan Africa","West and Central Africa","Low income","Low and middle income","African Group","Economic Community of West African States","GAVI","",2.56496055530956,1.83388370726025,2.97111435978141,,1.13723065252116,51.2365415310383,16.7555204240324,41.4213906827769
"Tonga","Tonga",83,"TON",776,"TGA","Oceania","Oceania","Developing regions","","","","SIDS","East Asia and Pacific","East Asia and Pacific","Asia","Developing countries","","","","Western Pacific","East Asia and Pacific","East Asia and Pacific (excluding high-income)","Middle income","Upper middle income","Low and middle income","Oceania","","Less developed regions","Excluding least developed countries","Excluding China","","","","","","","","","Non-fragile","Non-fragile","Non-fragile","Non-fragile","Non-fragile","Non-fragile","","","Oceania","Polynesia","","Oceania","Oceania excluding Australia and New Zealand","","Small island developing States (SIDS)","South Eastern Asia and Oceania (excl. Australia and New Zealand)","Oceania (M49) excluding Australia and New Zealand (M49)","Oceania (M49)","Polynesia (M49)","Oceania (MDG)","","Small island developing States (SIDS)","Developing regions (MDG)","","","Non conflict","East Asia and Pacific","","","","","","East Asia and Pacific","","Upper middle income","Low and middle income","Asia-Pacific Group","","","",1.25112023874532,2.36675319339271,0.631324152830112,,-1.7354290405626,29.5532912911287,21.0752500178429,10.7419298448237
"Trinidad & Tobago","Trinidad and Tobago",134,"TTO",780,"TDT","Latin America and the Caribbean","Latin America and the Caribbean","Developing regions","","","Caribbean","SIDS","Latin America and the Caribbean","Latin America and the Caribbean","","Developing countries","","","Eastern Caribbean Area","Americas","Latin America and the Caribbean","","High income","High income","","Latin America and the Caribbean","","Less developed regions","Excluding least developed countries","Excluding China","","","","","","","","","","","","","","Non-fragile","","","Americas","Latin America and the Caribbean","Caribbean","Latin America and the Caribbean","","","Small island developing States (SIDS)","","Latin America and the Caribbean (MDG=M49)","Latin America and the Caribbean (MDG=M49)","Caribbean (M49)","Latin America and the Caribbean (MDG=M49)","","Small island developing States (SIDS)","Developing regions (MDG)","","","Non conflict","Latin America and Caribbean","","","","","","","","","","Latin American and Caribbean Group (GRULAC)","","","",1.79222670225536,0.571322079875163,2.47050704802214,,1.89918496814698,39.4574327006732,5.5530805259514,35.8977850876733
"Tunisia","Tunisia",65,"TUN",788,"TUN","Northern Africa","Northern Africa","Developing regions","North Africa","","","","Middle East and North Africa","Middle East and North Africa","Africa","Developing countries","","North Africa","","Eastern Mediterranean","Middle East and North Africa","Middle East and North Africa (excluding high-income)","Middle income","Lower middle income","Low and middle income","Africa","","Less developed regions","Excluding least developed countries","Excluding China","OIC","Arab","OIC Upper middle income","OIC Middle income","","North Africa","Africa","Northern Africa","Non-fragile","Non-fragile","Non-fragile","Non-fragile","Non-fragile","Non-fragile","","","Africa","Northern Africa","","Western Asia and Northern Africa","Northern Africa","","","","Western Asia (M49) and Northern Africa (M49)","Northern Africa (M49)","Northern Africa (M49)","Northern Africa (MDG)","","","Developing regions (MDG)","","","Non conflict","Middle East and North Africa","","Middle East and North Africa","","Lower middle income","Low and middle income","Middle East and North Africa","","Lower middle income","Low and middle income","African Group","","","",4.15162476271027,5.88892541132469,3.18645773570226,,-2.70246767562243,68.7282462992233,44.5058480541431,43.6485600657757
"Turkey","Turkey",144,"TUR",792,"TUR","Western Asia","Western Asia","Developing regions","","","","","CEE/CIS","CEE/CIS","","Developing countries","","","","Europe","Europe and Central Asia","Europe and Central Asia (excluding high-income)","Middle income","Upper middle income","Low and middle income","Asia","","Less developed regions","Excluding least developed countries","Excluding China","OIC","Asia/other","OIC Upper middle income","OIC Middle income","","","","","Non-fragile","Non-fragile","Non-fragile","Non-fragile","Non-fragile","Non-fragile","","","Asia","Western Asia","","Western Asia and Northern Africa","Western Asia","","","","Western Asia (M49) and Northern Africa (M49)","Asia (M49)","Western Asia (M49)","Western Asia (MDG)","","","Developing regions (MDG)","HAC","","Non conflict","Europe and Central Asia","Eastern Europe and Central Asia","Europe and Central Asia","Eastern Europe and Central Asia","Upper middle income","Low and middle income","Europe and Central Asia","Eastern Europe and Central Asia","Upper middle income","Low and middle income","Western European and Others Group (WEOG)","","","",6.84926807575121,6.54171446624451,7.02013119214382,,0.478416725899305,85.3069421846365,48.0127373590671,71.7371966344026
"Turkmenistan","Turkmenistan",143,"TKM",795,"TUK","Caucasus and Central Asia","Caucasus and Central Asia","Developing regions","","","","LLDC","CEE/CIS","CEE/CIS","","Developing countries","","","","Europe","Europe and Central Asia","Europe and Central Asia (excluding high-income)","Middle income","Upper middle income","Low and middle income","Asia","","Less developed regions","Excluding least developed countries","Excluding China","OIC","Asia/other","OIC Upper middle income","OIC Middle income","Countdown","","","","Non-fragile","Non-fragile","Non-fragile","Non-fragile","Non-fragile","Non-fragile","","","Asia","Central Asia","","Central Asia and Southern Asia","Central Asia","","Landlocked developing countries (LLDCs)","","Central Asia (M49) and Southern Asia (MDG=M49)","Asia (M49)","Central Asia (M49)","Caucasus and Central Asia (MDG)","","Landlocked developing countries (LLDCs)","Developing regions (MDG)","","","Non conflict","Europe and Central Asia","Eastern Europe and Central Asia","Europe and Central Asia","Eastern Europe and Central Asia","Upper middle income","Low and middle income","Europe and Central Asia","Eastern Europe and Central Asia","Upper middle income","Low and middle income","Asia-Pacific Group","","","",2.1395888043673,0.39789193393338,3.10719817683058,,2.7093062428972,45.0685897414462,3.90079987363269,42.8388475800831
"Tuvalu","Tuvalu",89,"TUV",798,"TUV","Oceania","Oceania","Developing regions","","Least developed countries","","SIDS","East Asia and Pacific","East Asia and Pacific","Asia","Developing countries","Least developed countries","","","Western Pacific","East Asia and Pacific","East Asia and Pacific (excluding high-income)","Middle income","Upper middle income","Low and middle income","Oceania","","Less developed regions","Least developed countries","Excluding China","","","","","","","","","Fragile","Fragile","Fragile","Fragile","Fragile","Non-fragile","","","Oceania","Polynesia","","Oceania","Oceania excluding Australia and New Zealand","Least developed countries (LDCs)","Small island developing States (SIDS)","South Eastern Asia and Oceania (excl. Australia and New Zealand)","Oceania (M49) excluding Australia and New Zealand (M49)","Oceania (M49)","Polynesia (M49)","Oceania (MDG)","Least developed countries (LDCs)","Small island developing States (SIDS)","Developing regions (MDG)","HAC","","Non conflict","East Asia and Pacific","","","","","","East Asia and Pacific","","Upper middle income","Low and middle income","Asia-Pacific Group","","","",2.7108809373164,2.48936255211855,2.83394670687075,,0.344584154752202,53.1887516436241,22.0370330871149,39.957071658545
"Uganda","Uganda",13,"UGA",800,"UGD","Sub-Saharan Africa","Sub-Saharan Africa","Developing regions","Eastern Africa","Least developed countries","","LLDC","Eastern and Southern Africa","Sub-Saharan Africa","Africa","Developing countries","Least developed countries","","","Africa","Sub-Saharan Africa","Sub-Saharan Africa (excluding high-income)","Low income","Low income","Low and middle income","Africa","Sub-Saharan Africa","Less developed regions","Least developed countries","Excluding China","OIC","Africa","OIC Low income","","Countdown","Eastern Africa","Africa","Eastern Africa","Non-fragile","Non-fragile","Non-fragile","Non-fragile","Non-fragile","Fragile","Other Fragile","USAID","Africa","Eastern Africa","","Sub-Saharan Africa","","Least developed countries (LDCs)","Landlocked developing countries (LLDCs)","","Sub-Saharan Africa (M49)","Sub-Saharan Africa (M49)","Eastern Africa (M49)","Sub-Saharan Africa (MDG)","Least developed countries (LDCs)","Landlocked developing countries (LLDCs)","Developing regions (MDG)","HAC","Global Strategy","Non conflict","Sub-Saharan Africa","Eastern and Southern Africa","Sub-Saharan Africa","Eastern and Southern Africa","Low income","Low and middle income","Sub-Saharan Africa","Eastern and Southern Africa","Low income","Low and middle income","African Group","","GAVI","",4.81619939288718,2.1562937566942,6.29392474632772,,4.13763098963352,74.0379889529361,19.3966017673936,67.7904261900443
"Ukraine","Ukraine",155,"UKR",804,"UKR","Developed regions","Developed regions","Developed regions","","","","","CEE/CIS","CEE/CIS","","","","","","Europe","Europe and Central Asia","Europe and Central Asia (excluding high-income)","Middle income","Lower middle income","Low and middle income","Europe","","More developed regions","More developed regions","","","","","","","","","","Non-fragile","Non-fragile","Non-fragile","Non-fragile","Non-fragile","Non-fragile","","","Europe","Eastern Europe","","Northern America and Europe","Europe","","","North America, Europe, Australia and New Zealand","Northern America (M49) and Europe (M49)","Europe (M49)","Eastern Europe (M49)","Developed regions (MDG)","","","Developed regions","HAC","","Conflict","Europe and Central Asia","Eastern Europe and Central Asia","Europe and Central Asia","Eastern Europe and Central Asia","Lower middle income","Low and middle income","Europe and Central Asia","Eastern Europe and Central Asia","Lower middle income","Low and middle income","Eastern European Group","","","",2.87920147904349,0.529960097958695,4.18433557964615,,3.65437548168745,55.343772474334,5.16162032803088,52.9133377435118
"United Arab Emirates","United Arab Emirates",66,"ARE",784,"UAE","Western Asia","Western Asia","Developing regions","","","","","Middle East and North Africa","Middle East and North Africa","","Developing countries","","Middle East","","Eastern Mediterranean","Middle East and North Africa","","High income","High income","","Asia","","Less developed regions","Excluding least developed countries","Excluding China","OIC","Arab","OIC High income: nonOECD","OIC High income","","","","","","","","","","Non-fragile","","","Asia","Western Asia","","Western Asia and Northern Africa","Western Asia","","","","Western Asia (M49) and Northern Africa (M49)","Asia (M49)","Western Asia (M49)","Western Asia (MDG)","","","Developing regions (MDG)","","","Non conflict","Middle East and North Africa","","","","","","","","","","Asia-Pacific Group","","","",2.8455435898379,3.95148865667624,2.2311296638166,,-1.72035899285964,54.9209335222154,32.6420241115603,33.0753843428344
"United Kingdom","United Kingdom",194,"GBR",826,"UKD","Developed regions","Developed regions","Developed regions","","","","","Industrialized countries","Industrialized countries","","","","","","Europe","Europe and Central Asia","","High income","High income","","Europe","","More developed regions","More developed regions","","","","","","","","","","","","","","","Non-fragile","","","Europe","Northern Europe","","Northern America and Europe","Europe","","","North America, Europe, Australia and New Zealand","Northern America (M49) and Europe (M49)","Europe (M49)","Northern Europe (M49)","Developed regions (MDG)","","","Developed regions","","","","Europe and Central Asia","Western Europe","","","","","","","","","Western European and Others Group (WEOG)","","","",2.8860156083487,3.68927149591618,2.43976233747789,,-1.24950915843829,55.42889337146,30.852421709137,35.5420569596007
"United States of America","United States of America",195,"USA",840,"USA","Developed regions","Developed regions","Developed regions","","","","","Industrialized countries","Industrialized countries","","","","","","Americas","North America","","High income","High income","","Northern America","","More developed regions","More developed regions","","","","","","","","","","","","","","","Non-fragile","","","Americas","Northern America","","Northern America and Europe","Northern America","","","North America, Europe, Australia and New Zealand","Northern America (M49) and Europe (M49)","Northern America (M49)","Northern America (M49)","Developed regions (MDG)","","","Developed regions","","","","North America","","","","","","","","","","Western European and Others Group (WEOG)","","","",2.0019290726663,2.96300253860638,1.46799936936626,,-1.49500316924013,42.9099385902316,25.6435863502829,23.2210664722052
"Uruguay","Uruguay",135,"URY",858,"URG","Latin America and the Caribbean","Latin America and the Caribbean","Developing regions","","","Latin America","","Latin America and the Caribbean","Latin America and the Caribbean","","Developing countries","","","","Americas","Latin America and the Caribbean","","High income","High income","","Latin America and the Caribbean","","Less developed regions","Excluding least developed countries","Excluding China","","","","","","","","","","","","","","Non-fragile","","","Americas","Latin America and the Caribbean","South America","Latin America and the Caribbean","","","","","Latin America and the Caribbean (MDG=M49)","Latin America and the Caribbean (MDG=M49)","South America (M49)","Latin America and the Caribbean (MDG=M49)","","","Developing regions (MDG)","","","Non conflict","Latin America and Caribbean","","","","","","","","","","Latin American and Caribbean Group (GRULAC)","","","",3.97693470634484,2.95634267614066,4.5439302786805,,1.58758760253984,67.1606179238657,25.5940495078508,55.8645755360664
"Uzbekistan","Uzbekistan",145,"UZB",860,"UZB","Caucasus and Central Asia","Caucasus and Central Asia","Developing regions","","","","LLDC","CEE/CIS","CEE/CIS","","Developing countries","","","","Europe","Europe and Central Asia","Europe and Central Asia (excluding high-income)","Middle income","Lower middle income","Low and middle income","Asia","","Less developed regions","Excluding least developed countries","Excluding China","OIC","Asia/other","OIC Lower middle income","OIC Middle income","Countdown","","","","Non-fragile","Non-fragile","Non-fragile","Non-fragile","Non-fragile","Non-fragile","","","Asia","Central Asia","","Central Asia and Southern Asia","Central Asia","","Landlocked developing countries (LLDCs)","","Central Asia (M49) and Southern Asia (MDG=M49)","Asia (M49)","Central Asia (M49)","Caucasus and Central Asia (MDG)","","Landlocked developing countries (LLDCs)","Developing regions (MDG)","","Global Strategy","Non conflict","Europe and Central Asia","Eastern Europe and Central Asia","Europe and Central Asia","Eastern Europe and Central Asia","Lower middle income","Low and middle income","Europe and Central Asia","Eastern Europe and Central Asia","Lower middle income","Low and middle income","Asia-Pacific Group","","GAVI","",4.28616064657067,1.38862216532653,5.89590424726186,,4.50728208193533,69.8843429301313,12.9652060245897,65.3981405662002
"Vanuatu","Vanuatu",90,"VUT",548,"VAN","Oceania","Oceania","Developing regions","","Least developed countries","","SIDS","East Asia and Pacific","East Asia and Pacific","Asia","Developing countries","Least developed countries","","","Western Pacific","East Asia and Pacific","East Asia and Pacific (excluding high-income)","Middle income","Lower middle income","Low and middle income","Oceania","","Less developed regions","Least developed countries","Excluding China","","","","","","","","","Non-fragile","Non-fragile","Non-fragile","Non-fragile","Non-fragile","Non-fragile","","","Oceania","Melanesia","","Oceania","Oceania excluding Australia and New Zealand","Least developed countries (LDCs)","Small island developing States (SIDS)","South Eastern Asia and Oceania (excl. Australia and New Zealand)","Oceania (M49) excluding Australia and New Zealand (M49)","Oceania (M49)","Melanesia (M49)","Oceania (MDG)","Least developed countries (LDCs)","Small island developing States (SIDS)","Developing regions (MDG)","HAC","","Non conflict","East Asia and Pacific","","East Asia and Pacific","","Lower middle income","Low and middle income","East Asia and Pacific","","Lower middle income","Low and middle income","Asia-Pacific Group","","","",1.06073905145814,2.13391281315791,0.464531406069372,,-1.66938140708854,25.6961140190745,19.216001732353,8.02152954258604
"Venezuela","Venezuela (Bolivarian Republic of)",136,"VEN",862,"VNZ","Latin America and the Caribbean","Latin America and the Caribbean","Developing regions","","","Latin America","","Latin America and the Caribbean","Latin America and the Caribbean","","Developing countries","","","","Americas","Latin America and the Caribbean","Latin America and the Caribbean (excluding high-income)","Middle income","Upper middle income","Low and middle income","Latin America and the Caribbean","","Less developed regions","Excluding least developed countries","Excluding China","","","","","Countdown","","","","Non-fragile","Non-fragile","Non-fragile","Non-fragile","Non-fragile","Fragile","Other Fragile","","Americas","Latin America and the Caribbean","South America","Latin America and the Caribbean","","","","","Latin America and the Caribbean (MDG=M49)","Latin America and the Caribbean (MDG=M49)","South America (M49)","Latin America and the Caribbean (MDG=M49)","","","Developing regions (MDG)","","","Non conflict","Latin America and Caribbean","","","","","","Latin America and Caribbean","","Upper middle income","Low and middle income","Latin American and Caribbean Group (GRULAC)","","","",0.737568850079633,3.01067902452064,-0.525270135720927,,-3.53594916024157,18.6589419641494,25.9972478642664,-9.91626079886513
"Vietnam","Viet Nam",102,"VNM",704,"SVN","South-eastern Asia","South-eastern Asia","Developing regions","","","","","East Asia and Pacific","East Asia and Pacific","Asia","Developing countries","","","","Western Pacific","East Asia and Pacific","East Asia and Pacific (excluding high-income)","Middle income","Lower middle income","Low and middle income","Asia","","Less developed regions","Excluding least developed countries","Excluding China","","","","","","","","","Non-fragile","Non-fragile","Non-fragile","Non-fragile","Non-fragile","Non-fragile","","","Asia","South-Eastern Asia","","Eastern Asia and South-eastern Asia","South-eastern Asia","","","South Eastern Asia and Oceania (excl. Australia and New Zealand)","Eastern Asia (M49) and South-eastern Asia (MDG=M49)","Asia (M49)","South-eastern Asia (MDG=M49)","South-eastern Asia (MDG=M49)","","","Developing regions (MDG)","","Global Strategy","Non conflict","East Asia and Pacific","","East Asia and Pacific","","Lower middle income","Low and middle income","East Asia and Pacific","","Lower middle income","Low and middle income","Asia-Pacific Group","","GAVI","",3.19660387903844,5.29295721512547,2.03196313676787,,-3.2609940783576,59.1412457832918,41.0980342493175,30.6326135367821
"Yemen","Yemen",49,"YEM",887,"YMN","Western Asia","Western Asia","Developing regions","","Least developed countries","","","Middle East and North Africa","Middle East and North Africa","","Developing countries","Least developed countries","Middle East","","Eastern Mediterranean","Middle East and North Africa","Middle East and North Africa (excluding high-income)","Low income","Low income","Low and middle income","Asia","","Less developed regions","Least developed countries","Excluding China","OIC","Arab","OIC Lower middle income","OIC Middle income","Countdown","","","","Fragile","Fragile","Fragile","Fragile","Fragile","Fragile","Extremely Fragile","USAID","Asia","Western Asia","","Western Asia and Northern Africa","Western Asia","Least developed countries (LDCs)","","","Western Asia (M49) and Northern Africa (M49)","Asia (M49)","Western Asia (M49)","Western Asia (MDG)","Least developed countries (LDCs)","","Developing regions (MDG)","HAC","Global Strategy","Conflict","Middle East and North Africa","","Middle East and North Africa","","Low income","Low and middle income","Middle East and North Africa","","Low income","Low and middle income","Asia-Pacific Group","","GAVI","",2.85074126259086,2.7662760415198,2.89766638540811,,0.13139034388831,54.9864915517155,24.1663153972676,40.6418022754725
"Zambia","Zambia",14,"ZMB",894,"ZAM","Sub-Saharan Africa","Sub-Saharan Africa","Developing regions","South Africa","Least developed countries","","LLDC","Eastern and Southern Africa","Sub-Saharan Africa","Africa","Developing countries","Least developed countries","","","Africa","Sub-Saharan Africa","Sub-Saharan Africa (excluding high-income)","Middle income","Lower middle income","Low and middle income","Africa","Sub-Saharan Africa","Less developed regions","Least developed countries","Excluding China","","","","","Countdown","Southern Africa","Africa","Southern Africa","Non-fragile","Non-fragile","Non-fragile","Non-fragile","Non-fragile","Fragile","Other Fragile","USAID","Africa","Eastern Africa","","Sub-Saharan Africa","","Least developed countries (LDCs)","Landlocked developing countries (LLDCs)","","Sub-Saharan Africa (M49)","Sub-Saharan Africa (M49)","Eastern Africa (M49)","Sub-Saharan Africa (MDG)","Least developed countries (LDCs)","Landlocked developing countries (LLDCs)","Developing regions (MDG)","","Global Strategy","Non conflict","Sub-Saharan Africa","Eastern and Southern Africa","Sub-Saharan Africa","Eastern and Southern Africa","Lower middle income","Low and middle income","Sub-Saharan Africa","Eastern and Southern Africa","Lower middle income","Low and middle income","African Group","","GAVI","",4.045967991445,1.27205305418434,5.58703184547869,,4.31497879129435,67.7892854119226,11.9447128237694,63.4198971793573
"Zimbabwe","Zimbabwe",22,"ZWE",716,"ZIM","Sub-Saharan Africa","Sub-Saharan Africa","Developing regions","South Africa","","","LLDC","Eastern and Southern Africa","Sub-Saharan Africa","Africa","Developing countries","","","","Africa","Sub-Saharan Africa","Sub-Saharan Africa (excluding high-income)","Middle income","Lower middle income","Low and middle income","Africa","Sub-Saharan Africa","Less developed regions","Excluding least developed countries","Excluding China","","","","","Countdown","Southern Africa","Africa","Southern Africa","Fragile","Fragile","Fragile","Fragile","Fragile","Fragile","Other Fragile","","Africa","Eastern Africa","","Sub-Saharan Africa","","","Landlocked developing countries (LLDCs)","","Sub-Saharan Africa (M49)","Sub-Saharan Africa (M49)","Eastern Africa (M49)","Sub-Saharan Africa (MDG)","","Landlocked developing countries (LLDCs)","Developing regions (MDG)","","Global Strategy","Non conflict","Sub-Saharan Africa","Eastern and Southern Africa","Sub-Saharan Africa","Eastern and Southern Africa","Lower middle income","Low and middle income","Sub-Saharan Africa","Eastern and Southern Africa","Lower middle income","Low and middle income","African Group","","GAVI","",1.92286332956974,-2.50200884394171,4.38112564818722,,6.88313449212893,41.6319615204924,-28.4283383265536,54.5520566254656
