"Region","Year","Under-five population","Infant population","Population coverage (under 5)","Population coverage (age 0)","U5MR median","IMR median","Under-five deaths median","Infant deaths median"
"Africa","1950","19523576","4465598","7.06","6.89",,,,
"Northern Africa","1950","4219086","1020560","0","0",,,,
"Southern Africa","1950","1199326","263598","2.01","2.1",,,,
"Eastern Africa","1950","5977974","1369127","0.04","0.04",,,,
"Western Africa","1950","5938815","1319509","22.77","22.87",,,,
"Middle Africa","1950","2188375","492804","0","0",,,,
"Asia","1950","100981804","23021808","14.97","14.32",,,,
"Eastern Asia","1950","47298988","10970125","11.86","11.03",,,,
"Central Asia","1950","960198","275583","0","0",,,,
"Southern Asia","1950","36700132","8157709","18.52","17.98",,,,
"South-Eastern Asia","1950","12151455","2716563","18.42","19.14",,,,
"Western Asia","1950","3871031","901828","12.09","11.02",,,,
"Americas","1950","23171121","5132942","42.75","42.2",,,,
"Northern America","1950","9647309","2105528","100","100",,"37.3604190952527",,
"Latin America and the Caribbean","1950","13523812","3027414","1.9","2",,,,
"Central America","1950","3371336","739090","0","0",,,,
"South America","1950","9091920","2058696","0.38","0.4",,,,
"Caribbean","1950","1060556","229628","21","22.79",,,,
"Europe","1950","26320154","6678744","31.19","28.23",,,,
"Northern Europe","1950","3599385","781702","86","85.56",,"34.8039200018338",,
"Southern Europe","1950","5530851","1255997","40.65","41.04",,,,
"Eastern Europe","1950","11341239","3297397","0","0",,,,
"Western Europe","1950","5848679","1343648","48.97","52.16",,"47.0667105156166",,
"Oceania","1950","770570","170066","78.09","78.23",,"32.6942085310429",,
"Australia and New Zealand","1950","573773","126828","100","100",,"28.6926312289945",,
"Melanesia","1950","174698","38340","16.03","16.19",,,,
"Micronesia","1950","7588","1689","0","0",,,,
"Polynesia","1950","14511","3209","0","0",,,,
"Africa","1951","20162919","4533773","10.65","10.42",,,,
"Northern Africa","1951","4445796","1019228","0","0",,,,
"Southern Africa","1951","1253989","287079","1.99","1.94",,,,
"Eastern Africa","1951","6165920","1385785","12.08","11.84",,,,
"Western Africa","1951","6046282","1334003","22.8","22.7",,,,
"Middle Africa","1951","2250932","507678","0","0",,,,
"Asia","1951","107291311","25480100","21.06","18.71",,,,
"Eastern Asia","1951","51005291","12372043","14.09","11.02",,,,
"Central Asia","1951","1076470","263874","0","0",,,,
"Southern Asia","1951","38296366","8857664","19.61","17.92",,,,
"South-Eastern Asia","1951","12792340","3000880","57.72","56.16","246.64412062057","189.976071118959",,
"Western Asia","1951","4120844","985639","12.38","13.48",,,,
"Americas","1951","24064631","5235481","55.75","54.77","80.5587143280591","73.7936543008595",,
"Northern America","1951","9943628","2075673","100","100","41.9419958488324","36.2999407821902",,"76971"
"Latin America and the Caribbean","1951","14121003","3159808","24.59","25.06",,,,
"Central America","1951","3526442","810894","75.46","75.6",,"178.937523303723",,
"South America","1951","9500001","2108173","6.05","5.85",,,,
"Caribbean","1951","1094560","240741","21.58","22.99",,,,
"Europe","1951","27910432","6115773","30.67","26.64",,,,
"Northern Europe","1951","3572981","658744","92.97","92","39.2533998131264","33.754246816384",,"22203"
"Southern Europe","1951","5647387","1143908","40.32","38.62",,,,
"Eastern Europe","1951","12668516","3069385","0","0",,,,
"Western Europe","1951","6021548","1243736","49.19","46.73",,,,
"Oceania","1951","800383","166502","78.41","76.72","40.8148634969518","32.1801904206397",,"5845"
"Australia and New Zealand","1951","597566","121243","100","100","35.1193908619719","28.186151489762",,"3414"
"Melanesia","1951","179662","39937","15.94","15.54",,,,
"Micronesia","1951","7978","1839","0","0",,,,
"Polynesia","1951","15177","3483","8.93","8.35",,,,
"Africa","1952","20669273","4626628","13.77","13.65",,,,
"Northern Africa","1952","4601707","1031571","0","0",,,,
"Southern Africa","1952","1315687","304809","6.61","6.15",,,,
"Eastern Africa","1952","6310456","1411053","21.55","21.68",,,,
"Western Africa","1952","6133666","1357019","22.8","22.61",,,,
"Middle Africa","1952","2307757","522176","0","0",,,,
"Asia","1952","114074895","27284305","19.94","17.37",,,,
"Eastern Asia","1952","54821515","13305468","12.67","9.17",,,,
"Central Asia","1952","1155652","270410","0","0",,,,
"Southern Asia","1952","40159118","9419285","18.75","16.83",,,,
"South-Eastern Asia","1952","13555468","3234568","56.77","54.97","266.624573518622","184.512590215544",,"678374"
"Western Asia","1952","4383142","1054574","13.02","14.71",,,,
"Americas","1952","24866159","5375438","63.74","62.9","105.368586667663","81.2375841353687",,"478242"
"Northern America","1952","10140294","2071873","100","100","40.6267711343869","35.149564965079",,"76518"
"Latin America and the Caribbean","1952","14725865","3303565","38.77","39.64",,,,
"Central America","1952","3717179","868892","75.74","76.26","243.661707398479","167.415289392184",,"159092"
"South America","1952","9869856","2179610","25.76","25.99",,,,
"Caribbean","1952","1138830","255063","30.83","31.51",,,,
"Europe","1952","28277708","5747087","29.34","24.76",,,,
"Northern Europe","1952","3431697","580124","92.58","90.73","37.7965761867611","32.2897301785928",,"21210"
"Southern Europe","1952","5604699","1073161","39.52","36.71",,,,
"Eastern Europe","1952","13205851","2907891","0","0",,,,
"Western Europe","1952","6035461","1185911","48.15","42.39",,,,
"Oceania","1952","816849","164943","78.74","76.11","40.7565630473478","32.377695583632",,"6007"
"Australia and New Zealand","1952","607576","117875","100","100","34.3413538903479","27.6427887734832",,"3439"
"Melanesia","1952","184930","41394","18.5","17.82",,,,
"Micronesia","1952","8417","1959","0","0",,,,
"Polynesia","1952","15926","3715","8.65","7.83",,,,
"Africa","1953","21125846","4736920","17.56","17.34",,,,
"Northern Africa","1953","4733627","1052811","12.02","11.89",,,,
"Southern Africa","1953","1371512","318123","6.43","5.96",,,,
"Eastern Africa","1953","6440265","1442584","25.36","25.24",,,,
"Western Africa","1953","6220871","1387005","22.83","22.58",,,,
"Middle Africa","1953","2359571","536397","0","0",,,,
"Asia","1953","119598225","28423413","22.84","20.54",,,,
"Eastern Asia","1953","57586806","13750843","11.59","8.16",,,,
"Central Asia","1953","1235991","286859","0","0",,,,
"Southern Asia","1953","41865949","9850426","18.1","16.32",,,,
"South-Eastern Asia","1953","14293732","3427328","70.4","68.86","244.451534145216","163.238384250907",,"622615"
"Western Asia","1953","4615747","1107957","65.05","67.73","301.664009831952","205.15418701377",,
"Americas","1953","25646274","5532244","63.8","62.84","109.002730486215","77.7741335232086",,"468382"
"Northern America","1953","10334178","2091605","100","100","39.523723070395","34.1968233317302",,"76743"
"Latin America and the Caribbean","1953","15312096","3440639","39.38","40.25",,,,
"Central America","1953","3901439","915115","76.01","76.62","228.603922615165","157.309429465079",,"153773"
"South America","1953","10225129","2256984","25.8","26.02",,,,
"Caribbean","1953","1185528","268540","35.89","35.97",,,,
"Europe","1953","28280090","5521435","29.71","24.78",,,,
"Northern Europe","1953","3308730","538037","92.49","90.15","36.1545943051815","30.88715918081",,"20310"
"Southern Europe","1953","5544218","1034167","38.74","35.41",,,,
"Eastern Europe","1953","13399830","2790663","0","0",,,,
"Western Europe","1953","6027312","1158568","53","44.64","47.8030969045723",,,"50815"
"Oceania","1953","831138","165464","78.49","75.39","40.040570481467","31.5194698744886",,"6005"
"Australia and New Zealand","1953","615724","116813","100","100","33.4746466806345","27.0126893543162",,"3471"
"Melanesia","1953","189980","42703","18.53","17.86",,,,
"Micronesia","1953","8820","2052","0","0",,,,
"Polynesia","1953","16614","3896","8.44","7.6",,,,
"Africa","1954","21603450","4861212","27.58","28.08",,,,
"Northern Africa","1954","4866390","1080822","30.37","32.47",,,,
"Southern Africa","1954","1420118","327892","9.25","9.12",,,,
"Eastern Africa","1954","6577511","1479195","38.35","39.06",,,,
"Western Africa","1954","6328108","1422903","22.89","22.63",,,,
"Middle Africa","1954","2411323","550400","15.73","15.35",,,,
"Asia","1954","123319264","28936051","49.55","48.05",,,,
"Eastern Asia","1954","58861392","13738776","10.93","7.71",,,,
"Central Asia","1954","1326792","307960","0","0",,,,
"Southern Asia","1954","43328089","10158531","94.44","94.3","276.278767086699","189.812424001799",,
"South-Eastern Asia","1954","14992833","3584832","70.78","69.44","229.908802405421","157.613928268553",,"623492"
"Western Asia","1954","4810158","1145952","65.25","67.68","289.45945147867","199.143327349864",,"254022"
"Americas","1954","26418755","5691820","64.23","63.17","104.104507352962","74.7018585147055",,"460773"
"Northern America","1954","10562600","2131954","100","100","38.4382084544402","33.2632682303321",,"76511"
"Latin America and the Caribbean","1954","15856155","3559866","40.39","41.12",,,,
"Central America","1954","4069329","950764","76.2","76.75","214.621101121609","148.395645675275",,"149078"
"South America","1954","10561159","2330437","26.94","27.05",,,,
"Caribbean","1954","1225667","278665","37.44","37.25",,,,
"Europe","1954","28245425","5414296","33.45","29.21",,,,
"Northern Europe","1954","3238905","526887","92.2","89.73","34.7082161313607","29.666342079837",,"19601"
"Southern Europe","1954","5507121","1020808","46.85","43.91",,,,
"Eastern Europe","1954","13463146","2711851","3.62","4.17",,,,
"Western Europe","1954","6036253","1154750","56.26","47.41","45.9936994884564",,,"49555"
"Oceania","1954","847124","168095","78.36","75.18","38.8693191747287","30.6938838886012",,"5993"
"Australia and New Zealand","1954","625861","118087","100","100","32.6402197830566","26.4005812457739",,"3490"
"Melanesia","1954","194899","43861","18.75","18.18",,,,
"Micronesia","1954","9177","2122","0","0",,,,
"Polynesia","1954","17187","4025","8.38","7.63",,,,
"Africa","1955","22173664","4996549","36.95","36.29",,,,
"Northern Africa","1955","5020973","1113955","71.2","68.91","286.749351492113","205.969887859914",,
"Southern Africa","1955","1465477","334742","9.19","9.11",,,,
"Eastern Africa","1955","6743719","1520036","38.68","39.2",,,,
"Western Africa","1955","6472972","1463620","22.98","22.76",,,,
"Middle Africa","1955","2470523","564196","15.64","15.3",,,,
"Asia","1955","125764654","28877133","49.89","49.01",,,,
"Eastern Asia","1955","58981267","13316283","10.6","7.71",,,,
"Central Asia","1955","1433001","330324","0","0",,,,
"Southern Asia","1955","44668091","10351389","94.41","94.3","262.270258988618","186.06422750842",,"2164699"
"South-Eastern Asia","1955","15698230","3710329","70.59","69.56","222.376443717126","152.976019519452",,"624885"
"Western Asia","1955","4984065","1168808","65.08","67.05","281.297995401405","193.384273883352",,"251165"
"Americas","1955","27194040","5844077","87.14","86.93","123.176688168166","96.1804620786693",,"607122"
"Northern America","1955","10823638","2188896","100","100","37.4558527638939","32.4223469998947",,"76033"
"Latin America and the Caribbean","1955","16370402","3655181","78.64","79.11","201.569779900578","142.789260727868",,
"Central America","1955","4227314","976608","85.23","85.97","202.711372064704","140.922674982555",,"145368"
"South America","1955","10886046","2394436","80.77","81.2","205.552754290858","146.108329780421",,
"Caribbean","1955","1257042","284137","38.02","37.91",,,,
"Europe","1955","28366402","5405844","34.39","30.89",,,,
"Northern Europe","1955","3212359","541225","91.99","89.82","33.3600319102104","28.524939171147",,"19016"
"Southern Europe","1955","5499635","1027946","53.27","50.46","76.0803872798508","59.7196291052171",,
"Eastern Europe","1955","13578619","2667702","3.55","4.04",,,,
"Western Europe","1955","6075789","1168971","55.75","47.66","43.3110223899132",,,"47083"
"Oceania","1955","864917","172677","96.08","95.49","69.5293161027578","61.9599319835143",,"12411"
"Australia and New Zealand","1955","637665","121540","100","100","31.7898237215126","25.7759730167939",,"3494"
"Melanesia","1955","200106","44863","95.86","95.88","179.544023346506","149.858793284864",,
"Micronesia","1955","9491","2170","0","0",,,,
"Polynesia","1955","17655","4104","8.49","7.99",,,,
"Africa","1956","22885850","5113007","44.65","44.53",,,,
"Northern Africa","1956","5191131","1146063","91.47","91.5","291.866120530923","193.050201572255",,"265802"
"Southern Africa","1956","1528400","337942","9.15","9.16",,,,
"Eastern Africa","1956","6950256","1555872","43.57","43.71",,,,
"Western Africa","1956","6665755","1498986","28.59","28.63",,,,
"Middle Africa","1956","2550308","574144","15.54","15.29",,,,
"Asia","1956","130177276","28153104","50.07","50.66","236.850987166832","166.836683089791",,
"Eastern Asia","1956","60193073","12462741","9.9","8.18",,,,
"Central Asia","1956","1547295","351899","0","0",,,,
"Southern Asia","1956","46571775","10377002","94.37","94.31","257.244724014449","182.433425797708",,"2158644"
"South-Eastern Asia","1956","16636469","3790282","70.33","69.94","215.771892091385","148.521700998819","888734","624991"
"Western Asia","1956","5228664","1171180","68.22","68.69","269.178626790597","183.433349286529",,"242789"
"Americas","1956","27982846","5973684","89.47","89.56","128.688396713216","95.6508293235217","828791","612371"
"Northern America","1956","10989179","2256979","100","100","36.6639936761858","31.7563330076867","86700","75542"
"Latin America and the Caribbean","1956","16993667","3716705","82.67","83.22","192.772202248127","139.483243919406",,"565705"
"Central America","1956","4430220","988451","89.52","89.87","194.414532014564","135.883058671231",,"143813"
"South America","1956","11259060","2443976","82.44","82.87","192.923974715548","140.698927049322",,"378295"
"Caribbean","1956","1304387","284278","61.3","63.11","178.092784506704","142.620354869571",,
"Europe","1956","28143040","5483210","33.4","31.84",,,,
"Northern Europe","1956","3082471","576080","91.47","90.34","32.2432533814903","27.5726941724014","21709","18610"
"Southern Europe","1956","5411747","1052956","52.49","50.9","73.0625587868492","58.4102373818776",,"70275"
"Eastern Europe","1956","13594089","2656686","3.62","3.76",,,,
"Western Europe","1956","6054733","1197488","53.63","49.2","40.8123655932173",,,
"Oceania","1956","874983","179207","95.95","95.61","84.0126731936937","59.9410005366956","17184","12069"
"Australia and New Zealand","1956","640121","127467","100","100","31.0145945406348","25.1822626868805","4249","3488"
"Melanesia","1956","206578","45429","95.78","95.79","212.19407799707","144.850969349003",,"8334"
"Micronesia","1956","9892","2185","0","0",,,,
"Polynesia","1956","18392","4126","8.49","8.63",,,,
"Africa","1957","23501247","5241367","44.87","44.79",,,,
"Northern Africa","1957","5353556","1181192","91.56","91.62","285.135776821544","188.82410513385",,"266035"
"Southern Africa","1957","1569954","340446","9.15","9.21",,,,
"Eastern Africa","1957","7132774","1596162","43.84","43.75",,,,
"Western Africa","1957","6832909","1538435","28.81","29",,,,
"Middle Africa","1957","2612054","585132","15.49","15.29",,,,
"Asia","1957","131422047","27292848","50.72","52.45","231.587599390988","163.280916320095",,"5110368"
"Eastern Asia","1957","59377097","11522780","9.81","8.95",,,,
"Central Asia","1957","1657743","372058","0","0",,,,
"Southern Asia","1957","47685907","10368774","94.36","94.32","252.536594603326","179.114654038464",,"2155697"
"South-Eastern Asia","1957","17329506","3860351","70.35","70.4","209.052675785417","144.046719267619","887371","623121"
"Western Asia","1957","5371794","1168885","67.8","67.27","258.625853374229","177.930578039518",,"240242"
"Americas","1957","28681150","6091237","90.85","91.03","127.430827319828","94.4117229533486","830353","615432"
"Northern America","1957","11219265","2324334","100","100","35.8494322541238","31.0536796287095","85711","74564"
"Latin America and the Caribbean","1957","17461885","3766903","84.98","85.5","188.018071201456","135.942295366156",,"564886"
"Central America","1957","4569845","997561","97.52","97.44","189.220524967897","133.217359102521","204411","144522"
"South America","1957","11563441","2487377","82.63","83.07","186.381293244523","136.811301662648",,"377026"
"Caribbean","1957","1328599","281965","62.22","64.7","201.480425512751","140.106513438181",,"44089"
"Europe","1957","28300673","5601686","33.19","33.03",,,,
"Northern Europe","1957","3090081","621860","91.36","90.99","31.2601321766489","26.7336301011717","21354","18325"
"Southern Europe","1957","5425222","1086303","52.28","51.6","71.3834478938018","57.4617113830807",,"69482"
"Eastern Europe","1957","13668036","2659737","3.52","3.43",,,,
"Western Europe","1957","6117334","1233786","53.16","51.27","38.4027569166623","32.2557263974247",,
"Oceania","1957","894817","186492","95.93","95.76","81.3104551227037","58.2467496128977","16740","11932"
"Australia and New Zealand","1957","654576","134200","100","100","30.3313768470788","24.6904617610192","4239","3483"
"Melanesia","1957","211251","45963","95.69","95.71","205.106414798741","140.433233771056",,"8207"
"Micronesia","1957","10160","2195","0","0",,,,
"Polynesia","1957","18830","4134","8.78","9.36",,,,
"Africa","1958","24071230","5379395","45.62","45.52",,,,
"Northern Africa","1958","5511750","1218043","93.8","93.88","279.190004573321","184.81980483388",,"266029"
"Southern Africa","1958","1599530","342777","9.16","9.28",,,,
"Eastern Africa","1958","7306786","1640529","44.05","43.75",,,,
"Western Africa","1958","6987781","1580685","29.09","29.37",,,,
"Middle Africa","1958","2665383","597361","15.46","15.31",,,,
"Asia","1958","131155979","26497972","51.62","54.25","226.626296824047","159.746029179235",,"5080766"
"Eastern Asia","1958","57675701","10657184","10.05","9.89",,,,
"Central Asia","1958","1763040","391217","0","0",,,,
"Southern Asia","1958","48376596","10358585","94.35","94.33","247.996023536518","175.754640022792",,"2151542"
"South-Eastern Asia","1958","17881370","3925008","70.51","70.88","202.694617636502","139.807463935232","884278","620511"
"Western Asia","1958","5459272","1165978","67.06","65.84","250.488016695606","172.416228890612","341608","237507"
"Americas","1958","29299870","6197642","90.97","91.2","124.87083035637","92.2565927373017","820564","611516"
"Northern America","1958","11454259","2381196","100","100","35.1144107672119","30.4003584264705","84477","73333"
"Latin America and the Caribbean","1958","17845611","3816446","85.18","85.7","182.515094218676","131.908010329547",,"561694"
"Central America","1958","4674588","1006220","97.44","97.25","182.770463084319","127.915900414743","200123","142120"
"South America","1958","11829959","2530607","82.83","83.27","180.970633236346","133.193052410404",,"376013"
"Caribbean","1958","1341064","279619","63.23","66.19","198.118036607553","137.856607801859",,"44677"
"Europe","1958","28662221","5734110","39.97","40.77",,,,
"Northern Europe","1958","3173560","672041","91.5","91.62","30.4706937879013","26.0633751637869","21169","18194"
"Southern Europe","1958","5494904","1123591","52.41","52.38","69.7328824123187","56.5434364729774",,"68796"
"Eastern Europe","1958","13763219","2663881","16.95","17",,,,
"Western Europe","1958","6230538","1274597","53.57","53.41","36.1667309119362","30.364579872622","48528","40968"
"Oceania","1958","919127","193813","95.96","95.89","78.8930518913785","56.6997142097317","16352","11798"
"Australia and New Zealand","1958","674721","140949","100","100","29.676674836192","24.2146452652906","4218","3469"
"Melanesia","1958","214934","46508","95.61","95.64","198.55947136319","136.257343978179",,"8089"
"Micronesia","1958","10358","2203","0","0",,,,
"Polynesia","1958","19114","4153","9.19","10.09",,,,
"Africa","1959","24654390","5526160","46.19","46.06",,,,
"Northern Africa","1959","5669735","1255897","93.88","93.94","273.687988524608","180.516167840936",,"265359"
"Southern Africa","1959","1626289","345572","9.18","9.35",,,,
"Eastern Africa","1959","7490408","1688866","44.21","43.74",,,,
"Western Africa","1959","7147192","1624665","29.38","29.69",,,,
"Middle Africa","1959","2720766","611160","18.54","18.38",,,,
"Asia","1959","131082013","26037482","52.45","55.65","221.687091762076","156.324512918374",,"5068800"
"Eastern Asia","1959","56262938","10079010","10.33","10.76",,,,
"Central Asia","1959","1866747","410541","0","0",,,,
"Southern Asia","1959","49020696","10388599","94.34","94.33","243.427964419704","172.533011031849","3014456","2148381"
"South-Eastern Asia","1959","18392318","3990906","70.71","71.32","196.533792964638","135.714603735762","879387","616911"
"Western Asia","1959","5539314","1168426","66.65","64.94","241.884608389439","166.49599579391","336367","234093"
"Americas","1959","29867919","6296630","92.99","93.23","123.263646761823","91.6981885243666","820982","617262"
"Northern America","1959","11633731","2416788","100","100","34.5707276010654","29.9267181123827","83296","72187"
"Latin America and the Caribbean","1959","18234188","3879842","88.52","89.01","177.464601783621","128.866652822305",,"562238"
"Central America","1959","4773973","1017501","97.35","97.09","175.260095806406","123.094325963173","196614","140128"
"South America","1959","12102536","2581838","87.8","88.22","176.779914725472","130.777200346792",,"377938"
"Caribbean","1959","1357679","280503","63.89","66.92","194.946702786812","135.65321030438",,"45381"
"Europe","1959","29015061","5854525","40.35","41.85",,,,
"Northern Europe","1959","3277522","720141","91.71","92.15","29.7791323976637","25.4733221516868","21080","18132"
"Southern Europe","1959","5579490","1160592","52.63","53.12","67.6597765981244","55.2183035220265",,"67649"
"Eastern Europe","1959","13794946","2656381","16.83","16.69",,,,
"Western Europe","1959","6363103","1317411","54.1","55.17","34.2112973330571","28.6973310316421","46667","39385"
"Oceania","1959","942631","200319","96.13","96.12","76.6939834647534","55.2848446781223","16030","11666"
"Australia and New Zealand","1959","694153","146783","100","100","29.0221827821635","23.7382141673229","4185","3446"
"Melanesia","1959","218491","47119","95.54","95.58","192.243182874559","132.12742667119",,"7966"
"Micronesia","1959","10548","2219","13.28","12.93",,,,
"Polynesia","1959","19439","4198","9.51","10.58",,,,
"Africa","1960","25318997","5681220","47","46.9",,,,
"Northern Africa","1960","5834923","1294223","93.91","93.94","267.209063361535","176.26684732146","396914","264544"
"Southern Africa","1960","1657713","349533","9.2","9.42",,,,
"Eastern Africa","1960","7704627","1741071","44.34","43.74",,,,
"Western Africa","1960","7333167","1669508","31.83","32.26",,,,
"Middle Africa","1960","2788567","626885","18.58","18.47",,,,
"Asia","1960","132375496","26179013","52.95","56.15","216.909416070701","153.030478115713",,"5071609"
"Eastern Asia","1960","55889406","9996910","10.44","11.2",,,,
"Central Asia","1960","1977153","431001","0","0",,,,
"Southern Asia","1960","49913746","10502518","94.33","94.33","239.016934263573","169.420461427655","3010088","2145702"
"South-Eastern Asia","1960","18944519","4066035","70.88","71.64","190.740482267246","131.935222269603","873913","613264"
"Western Asia","1960","5650672","1182549","66.28","64.33","233.031750283707","160.628934533322","330805","230540"
"Americas","1960","30421911","6392652","94.07","94.28","121.646636871197","91.0959712478862","829133","621267"
"Northern America","1960","11719876","2421465","100","100","33.984915840481","29.4135209003186","81622","70609"
"Latin America and the Caribbean","1960","18702035","3971187","90.35","90.79","172.38725826902","126.416211855197","766578","564601"
"Central America","1960","4891653","1034785","97.29","96.99","168.620026266561","118.912961614556","193818","138702"
"South America","1960","12419659","2648709","90.54","90.98","172.297924112535","128.985427580237","509767","381059"
"Caribbean","1960","1390723","287693","64.33","66.79","191.658842695449","133.362719873346",,"46060"
"Europe","1960","29205229","5939189","40.68","42.7",,,,
"Northern Europe","1960","3367593","760157","91.85","92.55","29.2112066408438","24.9995466305293","21078","18147"
"Southern Europe","1960","5653450","1193254","52.81","53.72","65.5985662255387","53.8962998322228","80794","66499"
"Eastern Europe","1960","13689774","2625919","16.65","16.24",,,,
"Western Europe","1960","6494412","1359859","54.23","56.24","32.4644310436998","27.2127218488572","45021","37978"
"Oceania","1960","961974","205239","97.15","97.17","75.5072545205293","54.8943664742638","16072","11725"
"Australia and New Zealand","1960","708455","150823","100","100","28.3384931604848","23.2377450716469","4135","3409"
"Melanesia","1960","222735","47868","100","100","186.438327140884","128.685098334792","11330","7879"
"Micronesia","1960","10790","2256","13.19","12.81",,,,
"Polynesia","1960","19994","4292","9.55","10.6",,,,
"Africa","1961","26150542","5820042","47.59","47.52",,,,
"Northern Africa","1961","6035348","1329748","93.88","93.87","260.661927612218","171.879843256436","395128","263258"
"Southern Africa","1961","1688674","355046","9.25","9.47",,,,
"Eastern Africa","1961","7971868","1788062","44.34","43.84",,,,
"Western Africa","1961","7582002","1705462","32.05","32.41",,,,
"Middle Africa","1961","2872650","641724","22.91","22.91",,,,
"Asia","1961","132371499","27114711","54.47","56.08","213.558718680954","151.194055904819","7190167","5130588"
"Eastern Asia","1961","54377604","10581601","10.79","10.97",,,,
"Central Asia","1961","2105521","454982","0","0",,,,
"Southern Asia","1961","50670475","10712323","95.93","96.01","236.325070749492","168.089495914868","3041499","2164935"
"South-Eastern Asia","1961","19472628","4154368","71.18","71.77","185.23743674795","128.394271943291","867703","609404"
"Western Asia","1961","5745271","1211437","65.56","64.26","223.947808448002","154.429466907582","324356","226223"
"Americas","1961","31015537","6488615","94.1","94.14","120.127672686845","89.3301887310741","820757","615825"
"Northern America","1961","11845717","2390991","100","100","33.2353059122223","28.7518549948327","79194","68369"
"Latin America and the Caribbean","1961","19169820","4097624","90.46","90.71","168.561350201847","122.900040593863","760605","561133"
"Central America","1961","5002054","1060314","97.18","96.98","162.577165647469","115.094807882997","191514","137584"
"South America","1961","12749117","2733878","90.71","91.19","169.418509736906","125.492370412582","505608","378282"
"Caribbean","1961","1418649","303432","64.5","64.55","188.671366375622","131.309853872919","65936","46722"
"Europe","1961","29382275","5962316","41.39","43.19",,,,
"Northern Europe","1961","3525102","785525","92.1","92.81","28.6157077497809","24.5008416955629","21025","18111"
"Southern Europe","1961","5769202","1217044","53.14","54.15","63.2192478958266","52.3280817110149","78377","64985"
"Eastern Europe","1961","13446216","2564158","16.4","15.6",,,,
"Western Europe","1961","6641755","1395589","54.87","56.4","30.9484529571228","25.9187562745775","43588","36735"
"Oceania","1961","987364","207933","97.14","97.12","73.9160652198509","53.5136301023901","15804","11551"
"Australia and New Zealand","1961","728368","152566","100","100","27.649660048877","22.7036211411077","4075","3360"
"Melanesia","1961","227305","48624","100","100","180.683201915201","124.876349920845","11136","7762"
"Micronesia","1961","11007","2308","13.11","12.69",,,,
"Polynesia","1961","20684","4435","9.73","10.3",,,,
"Africa","1962","26871410","5969619","49.12","49.02",,,,
"Northern Africa","1962","6208296","1365065","100","100","255.773383473032","169.25526530228","395996","264464"
"Southern Africa","1962","1722043","362458","9.28","9.52",,,,
"Eastern Africa","1962","8210123","1839662","44.42","43.97",,,,
"Western Africa","1962","7782314","1743377","32.21","32.47",,,,
"Middle Africa","1962","2948634","659057","23","23.04",,,,
"Asia","1962","135290527","28704364","54.79","54.88","211.125552675158","149.382005073479","7275782","5193402"
"Eastern Asia","1962","55475337","11688345","10.74","10.26",,,,
"Central Asia","1962","2232530","478907","0","0",,,,
"Southern Asia","1962","51698149","11024516","95.93","95.98","233.488993715542","165.347878487068","3041709","2164480"
"South-Eastern Asia","1962","20002666","4258244","71.34","71.76","179.964638411118","124.997326987773","860659","605061"
"Western Asia","1962","5881845","1254352","73.08","72.95","232.688926757418","167.609618097698","358784","250522"
"Americas","1962","31532762","6580477","94.04","93.91","117.822413077529","87.7592931274718","812594","610459"
"Northern America","1962","11802166","2328314","100","100","32.5633596890348","28.1700198908187","76640","66059"
"Latin America and the Caribbean","1962","19730596","4252163","90.48","90.58","163.732164684841","119.625874009158","754606","557673"
"Central America","1962","5132533","1093713","97.15","97.03","157.280487083391","111.597545644265","189968","136777"
"South America","1962","13122268","2833103","90.91","91.42","164.652804688676","122.232074405104","500759","375351"
"Caribbean","1962","1475795","325347","63.44","61.53","185.846590852476","129.369448978829","66714","47226"
"Europe","1962","29406400","5930533","41.82","43.42",,,,
"Northern Europe","1962","3627136","797825","92.24","92.94","27.9430012882457","23.9394957533298","20855","17964"
"Southern Europe","1962","5856939","1232255","53.38","54.39","60.4565788193175","50.3947670892537","75369","62919"
"Eastern Europe","1962","13141969","2474631","16.02","14.84",,,,
"Western Europe","1962","6780356","1425822","54.87","55.83","29.6184516070462","24.7839866226945","42274","35575"
"Oceania","1962","1003115","208862","97.08","97","71.873953476999","52.1908316901374","15519","11378"
"Australia and New Zealand","1962","738630","152264","100","100","26.9242329550308","22.1481412777887","4000","3302"
"Melanesia","1962","231700","49586","100","100","174.906040854847","121.261710605292","10941","7652"
"Micronesia","1962","11284","2381","13.19","12.85",,,,
"Polynesia","1962","21501","4631","9.53","9.63",,,,
"Africa","1963","27537702","6127037","52.03","51.91","250.811080072707","157.952271662287",,
"Northern Africa","1963","6362090","1399183","100","100","249.344738145992","164.870097027399","393273","262586"
"Southern Africa","1963","1759322","371534","9.31","9.56",,,,
"Eastern Africa","1963","8436784","1894834","44.56","44.12",,,,
"Western Africa","1963","7956903","1783131","42.02","42.19",,,,
"Middle Africa","1963","3022603","678355","23.1","23.17",,,,
"Asia","1963","140347572","30660639","54.17","53.08","207.713823171128","146.655139290455","7315763","5223017"
"Eastern Asia","1963","58447825","13085931","10.42","9.43",,,,
"Central Asia","1963","2352420","499133","0","0",,,,
"Southern Asia","1963","52953397","11398421","95.92","95.94","229.943213179561","162.862056627202","3044445","2167176"
"South-Eastern Asia","1963","20542878","4372100","71.4","71.67","174.94554325108","121.787860757411","853128","600588"
"Western Asia","1963","6051052","1305054","74","74.41","233.993856086872","162.577162845003","355250","246517"
"Americas","1963","31971742","6658380","95.63","95.69","115.001829888028","85.6195053219627","796222","599615"
"Northern America","1963","11626169","2243918","100","100","31.853418530104","27.5312056137366","73741","63405"
"Latin America and the Caribbean","1963","20345573","4414462","93.13","93.5","157.323152989405","114.644108862486","734731","544716"
"Central America","1963","5281108","1132377","97.16","97.13","152.463994146295","108.51306564421","188905","136429"
"South America","1963","13514586","2933325","91.11","91.65","160.116975768063","119.168675290568","495259","371903"
"Caribbean","1963","1549879","348760","97.04","97.3","156.909574039689","99.6790053958757","51093","37160"
"Europe","1963","29277662","5855813","45.92","46.82",,,,
"Northern Europe","1963","3681941","798941","92.31","92.98","27.0836299280571","23.2000295099947","20452","17602"
"Southern Europe","1963","5916900","1238983","53.53","54.47","57.3678584959154","48.1556530862882","71808","60344"
"Eastern Europe","1963","12780441","2370235","24.44","22.36",,,,
"Western Europe","1963","6898380","1447654","54.42","54.85","28.3182875078066","23.6727999257581","40818","34281"
"Oceania","1963","1012357","208806","98.1","98.05","70.3293880836338","51.2731514165909","15379","11283"
"Australia and New Zealand","1963","742115","150783","100","100","26.2267999550153","21.6113780287287","3923","3243"
"Melanesia","1963","236222","50708","100","100","169.511303538812","117.746302853334","10761","7541"
"Micronesia","1963","11602","2466","49.42","49.72",,,,
"Polynesia","1963","22418","4849","40.57","41.43",,,,
"Africa","1964","28208647","6289387","70.64","70.54","263.397886503345","167.899999045062",,"1210772"
"Northern Africa","1964","6507682","1431201","100","100","243.095315447219","160.700590473537","390734","260846"
"Southern Africa","1964","1799658","381818","9.32","9.59",,,,
"Eastern Africa","1964","8669987","1952441","56.16","55.78","214.763224851936","135.486398179181",,
"Western Africa","1964","8131433","1825022","94.21","94.08","331.456904700646","194.595767321535",,
"Middle Africa","1964","3099887","698905","23.21","23.28",,,,
"Asia","1964","145966254","32585524","55.65","53.61","201.173818464446","141.058194205758","7220031","5141969"
"Eastern Asia","1964","61967902","14457847","10.06","8.75",,,,
"Central Asia","1964","2449128","511367","0","0",,,,
"Southern Asia","1964","54253886","11774179","95.92","95.92","226.701835521948","160.57599524298","3050258","2171558"
"South-Eastern Asia","1964","21071895","4487552","87.01","86.77","161.238812044748","109.277166571232","783567","548314"
"Western Asia","1964","6223443","1354579","74.17","75.07","225.901684063859","156.722772663604","347655","242143"
"Americas","1964","32319280","6710282","95.64","95.7","112.488494413466","84.1798874221399","785980","592301"
"Northern America","1964","11390471","2153591","100","100","31.0456725081896","26.7976278521649","70448","60407"
"Latin America and the Caribbean","1964","20928809","4556691","93.27","93.67","151.951338286507","111.756508740668","727178","540085"
"Central America","1964","5435107","1172343","97.19","97.24","148.183262465903","105.716958448767","188392","136393"
"South America","1964","13875119","3016851","91.28","91.81","155.746504497613","116.204343529295","488882","367640"
"Caribbean","1964","1618583","367497","97.15","97.47","135.007130085979","97.3460429970769","50574","36829"
"Europe","1964","29068636","5759306","46.06","46.83",,,,
"Northern Europe","1964","3716318","792733","92.36","92.98","26.1554390196222","22.4034520708202","19890","17092"
"Southern Europe","1964","5959891","1238478","53.65","54.46","54.3369030664913","45.8785152798267","68159","57580"
"Eastern Europe","1964","12402878","2269994","23.99","21.9",,,,
"Western Europe","1964","6989549","1458101","54.13","54.05","27.141093482998","22.676064308148","39337","32971"
"Oceania","1964","1021054","208917","98.04","97.94","68.7038228120801","50.0920530184168","15115","11117"
"Australia and New Zealand","1964","744854","149404","100","100","25.6214976060503","21.1431867615398","3857","3191"
"Melanesia","1964","240978","51927","100","100","164.269768861409","114.477439551041","10584","7442"
"Micronesia","1964","11922","2547","48.99","48.72",,,,
"Polynesia","1964","23300","5039","40.28","40.64",,,,
"Africa","1965","28950826","6455009","70.63","70.49","267.343453070649","164.796512621495",,"1211954"
"Northern Africa","1965","6657850","1460691","100","100","237.286522352201","156.898812384259","388530","259391"
"Southern Africa","1965","1842806","392904","9.35","9.6",,,,
"Eastern Africa","1965","8930066","2011744","56.22","55.92","216.211646570614","134.32395098593",,"303995"
"Western Africa","1965","8332842","1869523","94.18","94","323.904573413669","191.045924244433",,"421075"
"Middle Africa","1965","3187262","720147","23.49","23.55",,,,
"Asia","1965","151106154","34184825","55","52.49","196.436084909951","138.623315433777","7231100","5164214"
"Eastern Asia","1965","65142918","15570870","9.76","8.29",,,,
"Central Asia","1965","2505827","513423","0","0",,,,
"Southern Asia","1965","55496216","12106356","95.91","95.9","223.561595626805","158.407076039401","3056182","2176717"
"South-Eastern Asia","1965","21580226","4597692","87.02","86.65","153.728191282125","106.713550506536","775638","545067"
"Western Asia","1965","6380967","1396484","74.49","75.81","217.638158617326","151.152330978578","340134","237914"
"Americas","1965","32582045","6729239","96.09","96.14","110.478683624441","82.7465480408188","774682","583901"
"Northern America","1965","11154776","2070040","100","100","30.2775009124313","26.1091053822626","67171","57471"
"Latin America and the Caribbean","1965","21427269","4659199","94.05","94.42","147.695781003499","108.753675761371","717392","533378"
"Central America","1965","5586932","1210542","99.83","99.84","143.544135415766","102.435764490267","186509","135628"
"South America","1965","14172798","3071316","91.41","91.9","151.586019530378","113.320322680735","481821","362544"
"Caribbean","1965","1667539","377341","97.23","97.59","132.024587134371","95.1993923651339","49905","36231"
"Europe","1965","28815693","5659384","46.37","47.08",,,,
"Northern Europe","1965","3749212","782526","92.44","92.98","25.2538348157989","21.6285738138007","19231","16490"
"Southern Europe","1965","5990943","1232313","53.75","54.39","51.8075871152385","44.0444634060184","64999","55250"
"Eastern Europe","1965","12026991","2189156","23.95","22.39",,,,
"Western Europe","1965","7048547","1455389","53.86","53.37","26.0576540570341","21.7482698616188","37770","31562"
"Oceania","1965","1033844","210065","98","97.88","67.0180613865179","49.0180581408854","14877","10976"
"Australia and New Zealand","1965","751434","149079","100","100","25.1380678135256","20.7700020131488","3807","3152"
"Melanesia","1965","246192","53208","100","100","159.263958060623","111.385266692533","10416","7352"
"Micronesia","1965","12197","2609","48.54","47.8",,,,
"Polynesia","1965","24021","5169","40.18","40.01",,,,
"Africa","1966","29850095","6594770","79.77","79.75","263.258976940253","162.618245401601",,"1223057"
"Northern Africa","1966","6840705","1482298","100","100","232.086234944098","153.528312542877","386926","258324"
"Southern Africa","1966","1889192","404165","9.38","9.56",,,,
"Eastern Africa","1966","9242616","2062651","85.86","85.86","225.528459568351","145.622054126535",,"338345"
"Western Africa","1966","8582472","1907499","94.15","94.01","318.220597377742","187.577411825508",,"422533"
"Middle Africa","1966","3295110","738157","23.59","23.61",,,,
"Asia","1966","157449206","35116117","54.11","52.11","193.007165241976","136.315401372047","7249269","5174287"
"Eastern Asia","1966","69327474","16157285","9.3","8.12",,,,
"Central Asia","1966","2524491","503593","0","0",,,,
"Southern Asia","1966","56937925","12334663","95.9","95.9","220.648824849049","156.426757591133","3064877","2183898"
"South-Eastern Asia","1966","22091763","4696605","86.97","86.61","149.695688822666","104.125905703172","768385","540366"
"Western Asia","1966","6567553","1423971","75.01","76.59","209.755147360362","145.890887273595","333122","233883"
"Americas","1966","32883495","6701367","96.09","96.1","108.492766928975","81.3558085516167","762936","574987"
"Northern America","1966","10877323","2000715","100","100","29.4684183492099","25.3784586643764","63816","54482"
"Latin America and the Caribbean","1966","22006172","4700652","94.16","94.43","143.732305387759","106.124232761997","708601","527203"
"Central America","1966","5756033","1243881","99.83","99.84","139.158890128165","99.995421630846","186301","135892"
"South America","1966","14520800","3082675","91.54","91.87","147.65122691104","110.558279973537","474101","356804"
"Caribbean","1966","1729339","374096","97.32","97.63","129.362683182235","93.2631094472537","49071","35517"
"Europe","1966","28532795","5562861","46.74","47.79",,,,
"Northern Europe","1966","3795052","769100","92.59","92.98","24.3955263968793","20.8810589307595","18483","15811"
"Southern Europe","1966","6026380","1218972","53.85","54.25","49.5803231504852","42.363221339067","62107","53016"
"Eastern Europe","1966","11581369","2133360","23.77","24.22",,,,
"Western Europe","1966","7129994","1441429","53.63","53.08","25.1228768607035","20.9580822468374","36188","30152"
"Oceania","1966","1047548","211647","97.97","97.83","65.4377293957566","48.0457233682489","14674","10872"
"Australia and New Zealand","1966","758297","149507","100","100","24.8055203822938","20.5180793686055","3783","3137"
"Melanesia","1966","252052","54236","100","100","154.375172002695","108.438939352888","10257","7275"
"Micronesia","1966","12500","2657","47.89","46.82",,,,
"Polynesia","1966","24699","5247","40.15","39.53",,,,
"Africa","1967","30615385","6742312","81.37","81.33","259.47217812533","159.479562688822",,"1226808"
"Northern Africa","1967","6981110","1502862","100","100","227.311447140476","150.532315998832","385625","257568"
"Southern Africa","1967","1937840","416199","12.53","12.71",,,,
"Eastern Africa","1967","9514835","2116529","85.87","85.84","234.739029002122","144.773837998367",,"344597"
"Western Africa","1967","8793015","1949338","99.12","99.12","310.534799132069","181.743635552577",,"418728"
"Middle Africa","1967","3388585","757384","23.67","23.65",,,,
"Asia","1967","162131374","35746949","53.61","52.05","189.696697508084","134.089360436493","7252120","5170753"
"Eastern Asia","1967","72266592","16498622","9.03","8.03",,,,
"Central Asia","1967","2505341","483831","0","0",,,,
"Southern Asia","1967","58083282","12528455","95.9","95.9","217.914167945013","154.567063267271","3075427","2192424"
"South-Eastern Asia","1967","22566492","4790929","86.95","86.59","145.643079681409","101.517142335535","759781","534785"
"Western Asia","1967","6709667","1445112","75.62","77.47","202.144109987508","140.820706224706","326841","229951"
"Americas","1967","32974644","6645300","96.11","96.07","106.588215900272","80.0080667413619","750713","565867"
"Northern America","1967","10613993","1938859","100","100","28.653210756507","24.6449659997739","60538","51590"
"Latin America and the Caribbean","1967","22360651","4706441","94.26","94.45","140.111660819764","103.647232177411","699234","520694"
"Central America","1967","5910515","1274769","100","100","135.463226393786","97.5791070140019","186058","136051"
"South America","1967","14703529","3068985","91.58","91.77","143.954582935069","108.025075435285","465948","350960"
"Caribbean","1967","1746607","362687","97.37","97.65","126.900755082301","91.4063316454769","48114","34715"
"Europe","1967","28165617","5459156","47.84","49.31",,,,
"Northern Europe","1967","3796366","751263","96.43","96.54","23.7730237980158","20.3552948296167","17897","15205"
"Southern Europe","1967","6014341","1199260","53.83","54.03","47.6426306354105","40.9030970299891","59505","51009"
"Eastern Europe","1967","11224074","2093936","24.6","27.15",,,,
"Western Europe","1967","7130836","1414697","53.49","53","24.235175842424","20.1989604585301","34456","28601"
"Oceania","1967","1060985","214010","97.94","97.82","63.9933890031218","47.156552702081","14512","10797"
"Australia and New Zealand","1967","765780","150754","100","100","24.5988127348734","20.3720228037564","3784","3143"
"Melanesia","1967","257294","55293","100","100","149.739603918455","105.581145317061","10116","7206"
"Micronesia","1967","12736","2691","47.13","45.89",,,,
"Polynesia","1967","25175","5272","40.08","39.21",,,,
"Africa","1968","31316176","6899842","83.17","83.11","255.949882047258","155.833473616582","1977108","1226858"
"Northern Africa","1968","7094125","1522712","100","100","222.945641753679","147.843547991961","384597","257071"
"Southern Africa","1968","1988795","428831","12.53","12.68",,,,
"Eastern Africa","1968","9769254","2174178","91.8","91.74","230.680883505273","140.955533814969",,"344759"
"Western Africa","1968","8988681","1996316","99.12","99.13","307.939660429202","178.534097157492",,"421224"
"Middle Africa","1968","3475321","777805","23.73","23.67",,,,
"Asia","1968","165464999","36118788","54.72","53.59","186.473952464889","131.911411618947","7237512","5152023"
"Eastern Asia","1968","74138871","16609308","8.9","8.04",,,,
"Central Asia","1968","2460387","461540","0","0",,,,
"Southern Asia","1968","59032493","12703669","95.9","95.91","215.279374745055","152.728671853584","3086919","2201161"
"South-Eastern Asia","1968","23008758","4880322","96.18","96.14","144.838781877063","102.377280599285","777270","546967"
"Western Asia","1968","6824490","1463949","76.24","78.3","194.773741400101","135.909740807547","320804","226127"
"Americas","1968","32943603","6582872","96.11","96.03","104.657283178984","78.6347050595815","737855","556426"
"Northern America","1968","10380096","1887854","100","100","27.8035391348879","23.8960856751168","57340","48824"
"Latin America and the Caribbean","1968","22563507","4695018","94.32","94.44","136.61657481081","101.246866122419","689208","513784"
"Central America","1968","6059261","1306502","100","100","131.723981896811","95.163835636884","185529","136016"
"South America","1968","14771494","3041681","91.56","91.62","140.521229424432","105.661153988317","457764","345115"
"Caribbean","1968","1732752","346835","98.06","98.2","124.157190447205","89.2172003999774","46868","33742"
"Europe","1968","27756278","5360388","60.41","62.42","34.7788106153598","29.784254749025",,
"Northern Europe","1968","3767560","730557","96.44","96.51","23.3187579155012","19.8737534355917","17187","14572"
"Southern Europe","1968","5972606","1177613","53.71","53.74","45.9516841319186","39.625894368636","57181","49212"
"Eastern Europe","1968","10949897","2075540","26.11","30.43",,,,
"Western Europe","1968","7066215","1376678","99.99","99.99","26.5173713530351","22.6221263378492","37175","31362"
"Oceania","1968","1075226","217218","97.94","97.84","62.5988577163014","46.2778031828935","14370","10728"
"Australia and New Zealand","1968","774250","152662","100","100","24.4320589582495","20.2560956094208","3795","3157"
"Melanesia","1968","262637","56592","100","100","145.206589803762","102.697467783128","9984","7138"
"Micronesia","1968","12908","2717","46.4","45.05",,,,
"Polynesia","1968","25431","5247","39.97","38.94",,,,
"Africa","1969","32033497","7070985","88.68","88.67","251.462120909849","153.877451759783","1996007","1240512"
"Northern Africa","1969","7197040","1542550","100","100","218.885961118419","145.383868216947","383717","256762"
"Southern Africa","1969","2042608","441832","12.53","12.68",,,,
"Eastern Africa","1969","10032466","2236961","91.81","91.73","226.992702494765","140.20164339503","561486","352731"
"Western Africa","1969","9197201","2050178","99.4","99.4","302.5730177572","175.131612043954","718606","423406"
"Middle Africa","1969","3564182","799464","73.01","72.72","233.520392044315","150.751998935074",,
"Asia","1969","168209660","36317318","94.89","95.08","167.060885244556","112.403846403168","6172686","4427926"
"Eastern Asia","1969","75447888","16534759","98.34","98.07","90.344935579766","82.2081356640005",,
"Central Asia","1969","2418864","446571","0","0",,,,
"Southern Asia","1969","59966266","12885113","95.94","95.96","212.685165888199","150.964270056506","3099106","2211051"
"South-Eastern Asia","1969","23431842","4964506","96.22","96.19","142.657811943388","99.9226816059823","766623","540453"
"Western Asia","1969","6944800","1486369","76.9","79.02","187.614218299034","131.05926047164","314777","222253"
"Americas","1969","32912557","6544502","99.83","99.83","102.107835157118","76.6544289913188","717340","542872"
"Northern America","1969","10171102","1850807","100","100","26.8592180231866","23.054753294408","54156","46068"
"Latin America and the Caribbean","1969","22741455","4693695","99.75","99.77","131.371199725442","97.0137214179034","663372","496981"
"Central America","1969","6222320","1343530","100","100","127.935259574596","92.6773292598255","184572","135619"
"South America","1969","14807419","3017930","99.78","99.79","134.03199888859","100.068365456252","433075","328473"
"Caribbean","1969","1711716","332235","98.56","98.68","121.380974002076","87.273993950707","45668","32848"
"Europe","1969","27362173","5282057","60.98","62.84","33.5359467140707","28.856271586623",,"158587"
"Northern Europe","1969","3720080","709082","96.42","96.43","22.7635694413078","19.3925015375371","16429","13895"
"Southern Europe","1969","5926957","1160021","53.52","53.38","44.0868612755624","38.1627591833555","54622","47182"
"Eastern Europe","1969","10760647","2083040","27.61","32.96",,,,
"Western Europe","1969","6954489","1329914","99.99","100","25.7529134274873","21.8382538374582","35028","29429"
"Oceania","1969","1090287","221257","97.95","97.88","61.2523139928948","45.4355418918413","14243","10675"
"Australia and New Zealand","1969","782470","154959","100","100","24.2385599932869","20.1085427319586","3804","3168"
"Melanesia","1969","269341","58400","100","100","140.828882684455","99.9448085270607","9870","7086"
"Micronesia","1969","13027","2729","45.87","44.63",,,,
"Polynesia","1969","25449","5169","39.81","38.58",,,,
"Africa","1970","32850652","7258513","88.74","88.72","247.912819111012","151.617615714687","2012945","1251951"
"Northern Africa","1970","7308169","1563339","100","100","214.797380036058","142.908363993361","382463","256289"
"Southern Africa","1970","2100061","454948","12.56","12.71",,,,
"Eastern Africa","1970","10331162","2305798","92.06","91.98","225.709095152863","139.450964424872","573440","360945"
"Western Africa","1970","9446746","2111991","99.4","99.4","296.813786739875","171.646652536198","722681","425650"
"Middle Africa","1970","3664514","822437","73.12","72.8","241.392521078476","148.26965978854",,"135784"
"Asia","1970","171008013","36424178","94.89","94.97","153.8443733511","109.929109773787","6065235","4364501"
"Eastern Asia","1970","76617593","16326025","98.24","97.86","107.893818982714","78.4929793294715",,"1349656"
"Central Asia","1970","2404738","445669","0","0",,,,
"Southern Asia","1970","61037230","13092614","95.94","95.96","209.92215904485","149.101186122205","3108043","2219536"
"South-Eastern Asia","1970","23850408","5043135","96.23","96.2","138.787868984863","97.5338579893078","755022","533898"
"Western Asia","1970","7098044","1516735","77.3","79.26","180.713664143129","126.527262699866","309079","218756"
"Americas","1970","32962608","6552661","99.86","99.87","99.4655676863613","75.1411320335939","703338","533070"
"Northern America","1970","9969298","1829568","100","100","25.8519702253049","22.1398931990949","51092","43391"
"Latin America and the Caribbean","1970","22993310","4723093","99.8","99.82","126.813171160148","94.7327184340655","652442","489869"
"Central America","1970","6415272","1388338","100","100","124.010591008114","90.1180532249098","182991","134789"
"South America","1970","14877121","3011402","99.78","99.79","128.994524010789","97.878853773204","424910","323059"
"Caribbean","1970","1700917","323353","99.15","99.24","118.915069652816","85.5278195686363","44523","32016"
"Europe","1970","27034871","5234708","78.73","79.04","33.904046892734","29.4198577667226",,"159865"
"Northern Europe","1970","3663527","688533","96.37","96.28","22.164850781877","18.8796671014439","15607","13177"
"Southern Europe","1970","5899439","1150549","53.3","52.94","41.917974071364","36.417752347905","51680","44800"
"Eastern Europe","1970","10660378","2118418","73.15","74.98","43.6826290975586","37.504867843468",,
"Western Europe","1970","6811527","1277208","100","99.99","24.8262089513187","21.0182890744443","32763","27419"
"Oceania","1970","1105505","226017","97.98","97.95","59.9029296626695","44.572683450162","14104","10603"
"Australia and New Zealand","1970","788748","157361","100","100","23.9228176443721","19.8540029514619","3792","3159"
"Melanesia","1970","278436","60873","100","100","136.504191482594","97.1793058820433","9763","7037"
"Micronesia","1970","13110","2737","45.71","44.68",,,,
"Polynesia","1970","25211","5046","39.49","38.13",,,,
"Africa","1971","33830325","7441176","88.74","88.77","244.028255611561","149.30975720974","2029475","1263453"
"Northern Africa","1971","7445255","1582320","100","100","210.546816995459","140.377998537263","380705","255673"
"Southern Africa","1971","2165833","467316","12.6","12.78",,,,
"Eastern Africa","1971","10683460","2374003","92.12","92.14","224.2269608405","138.606332566346","586074","369242"
"Western Africa","1971","9749425","2173837","99.4","99.4","290.859673989138","168.004537972515","726225","427709"
"Middle Africa","1971","3786352","843700","73.17","72.88","237.134415290984","146.136461364219",,"137456"
"Asia","1971","174175558","36386787","96.78","96.73","150.423164654528","107.815058616833","5960842","4286575"
"Eastern Asia","1971","77921426","15956668","98.12","97.81","102.391371807593","74.9154380977745",,"1268710"
"Central Asia","1971","2376700","464999","32.14","30.99",,,,
"Southern Asia","1971","62292871","13302111","100","100","206.292906491921","146.342624385332","3098571","2214397"
"South-Eastern Asia","1971","24314442","5111772","96.23","96.15","135.032746783985","95.1372547909061","742900","526498"
"Western Asia","1971","7270119","1551237","77.87","79.16","174.182785795112","122.190964819212","303641","215376"
"Americas","1971","32900222","6620438","99.87","99.88","97.2372790120047","73.5827469646451","689444","523479"
"Northern America","1971","9672232","1827496","100","100","24.8843772134105","21.2777654138608","48349","41038"
"Latin America and the Caribbean","1971","23227990","4792942","99.82","99.83","123.455482492866","92.4575517980563","641286","482607"
"Central America","1971","6637027","1444230","100","100","119.994291723006","87.5161016919799","180773","133512"
"South America","1971","14919684","3025952","99.79","99.8","125.823298632716","95.6914736407757","417123","317898"
"Caribbean","1971","1671279","322760","99.36","99.39","116.598471126965","83.9252920522705","43385","31201"
"Europe","1971","26695560","5228236","85.76","85.47","33.6295519937341","28.6705726860325",,"154265"
"Northern Europe","1971","3572823","670442","96.28","96.03","21.512035708406","18.3180282550913","14741","12427"
"Southern Europe","1971","5850206","1149932","53.05","52.39","39.5689965020587","34.4862453707227","48506","42185"
"Eastern Europe","1971","10646813","2188506","91.35","91.53","41.8266451601947","35.190959365617",,"78613"
"Western Europe","1971","6625718","1219356","100","99.99","23.8434778987869","20.1552385555685","30411","25360"
"Oceania","1971","1122114","233275","98","98.03","58.5827518005939","43.6866244704576","13937","10494"
"Australia and New Zealand","1971","794464","161441","100","100","23.3872793068163","19.4084478759348","3732","3107"
"Melanesia","1971","289492","64146","100","100","132.351939891207","94.4397034115706","9673","6992"
"Micronesia","1971","13285","2761","45.37","44.77",,,,
"Polynesia","1971","24873","4927","38.84","37.55",,,,
"Africa","1972","34735448","7642921","89.74","89.84","239.85308940823","146.769861905655","2046155","1273217"
"Northern Africa","1972","7557200","1603081","100","100","205.910412977836","137.647915323194","378123","254710"
"Southern Africa","1972","2227785","479845","12.65","12.88",,,,
"Eastern Africa","1972","11015929","2449099","92.25","92.35","222.838847278397","137.764076747719","599500","377811"
"Western Africa","1972","10039460","2244114","99.4","99.4","284.424021001612","164.136627086151","728564","429279"
"Middle Africa","1972","3895074","866782","81.94","81.79","232.301375929396","143.18684401183",,"138359"
"Asia","1972","176060753","36295225","97.23","97.15","147.11108329893","105.667312852113","5829263","4189884"
"Eastern Asia","1972","78051444","15486560","98.08","97.86","96.9836965104474","71.3359083515794",,"1177935"
"Central Asia","1972","2419369","498033","42.49","41.95",,,,
"Southern Asia","1972","63426745","13540285","100","100","202.660973235571","144.082515916198","3098414","2216499"
"South-Eastern Asia","1972","24711357","5176541","96.19","96.05","131.352387521019","92.8280410180483","730141","518822"
"Western Asia","1972","7451838","1593806","85.87","86.86","167.451851669756","117.622749250408","297068","211321"
"Americas","1972","33056958","6734317","99.87","99.88","94.9008935188697","71.9788851504149","675429","514148"
"Northern America","1972","9505515","1842101","100","100","23.8986663205096","20.3945347121767","45786","38828"
"Latin America and the Caribbean","1972","23551443","4892216","99.82","99.84","120.061730461599","90.1940439181801","629845","475479"
"Central America","1972","6882443","1507350","100","100","116.012585402856","84.8991718678821","178067","131810"
"South America","1972","15003383","3056850","99.79","99.81","122.544536786146","93.4943103453179","409504","313261"
"Caribbean","1972","1665617","328016","99.37","99.36","114.578656163094","82.5461053445762","42274","30412"
"Europe","1972","26518632","5255598","85.54","85.07","32.4653996994256","27.5323499904177",,"146960"
"Northern Europe","1972","3492621","654312","96.12","95.7","20.8266546942536","17.7196338411507","13868","11670"
"Southern Europe","1972","5836886","1157542","52.71","51.82","37.0967185777636","32.4162395262566","45171","39386"
"Eastern Europe","1972","10779369","2286924","91.3","91.32","40.0605042452932","33.6585395541389",,"76315"
"Western Europe","1972","6409756","1156820","99.99","99.99","22.8600754811765","19.2937949231058","28106","23367"
"Oceania","1972","1143884","241449","98.05","98.12","57.3751309250339","42.8740732061716","13738","10357"
"Australia and New Zealand","1972","803400","165861","100","100","22.7030621763556","18.841860004281","3627","3015"
"Melanesia","1972","302752","68047","100","100","128.383090417579","91.8397670216117","9597","6959"
"Micronesia","1972","13402","2779","45.4","45.2",,,,
"Polynesia","1972","24330","4762","38.2","36.79",,,,
"Africa","1973","35623161","7862454","89.79","89.92","235.910869572259","144.229725185276","2059711","1283004"
"Northern Africa","1973","7662185","1628276","100","100","200.609747505307","134.438543489142","374225","252901"
"Southern Africa","1973","2286368","491937","12.73","13.01",,,,
"Eastern Africa","1973","11344476","2529868","92.39","92.52","221.483504988388","136.903796433859","613315","386516"
"Western Africa","1973","10331318","2320769","99.41","99.41","277.554954606336","160.135016583612","729773","430429"
"Middle Africa","1973","3998814","891604","82.02","81.85","232.75590398204","141.450121293126",,"140466"
"Asia","1973","177028239","36126328","97.2","97.11","143.777703233524","103.510761781276","5676414","4080125"
"Eastern Asia","1973","77293689","14908331","98.1","97.99","91.6294503232432","67.7287197052051",,"1080673"
"Central Asia","1973","2510281","537229","42.33","42.19",,,,
"Southern Asia","1973","64521925","13803703","100","100","198.982909501913","141.677104715093","3092051","2215660"
"South-Eastern Asia","1973","25055705","5235211","96.14","95.97","127.852726381981","90.5542804926234","717529","510682"
"Western Asia","1973","7646639","1641854","85.95","86.49","160.496486516851","113.306989742326","290515","207416"
"Americas","1973","33368061","6876207","99.88","99.89","92.458710285203","70.2803467529449","661252","504683"
"Northern America","1973","9423985","1867516","100","100","22.8475784163196","19.4568644029756","43278","36665"
"Latin America and the Caribbean","1973","23944076","5008691","99.83","99.85","116.631024191411","87.8743139917123","618178","468167"
"Central America","1973","7133263","1568177","100","100","112.094308345322","82.3108773895629","174923","129762"
"South America","1973","15134651","3104422","99.8","99.82","119.142945701927","91.1653604565227","402094","308775"
"Caribbean","1973","1676162","336092","99.36","99.33","112.868121872166","81.3623724790036","41170","29637"
"Europe","1973","26449406","5297125","85.25","84.65","31.223315829756","26.4898719411438","165925","140415"
"Northern Europe","1973","3419251","639826","95.91","95.35","20.1557769787015","17.1335330253368","13032","10955"
"Southern Europe","1973","5845679","1168077","52.32","51.25","34.5081770290182","30.2195746511532","41667","36407"
"Eastern Europe","1973","11004450","2393487","91.16","91.06","38.5052064578624","32.3910780941112",,"74652"
"Western Europe","1973","6180026","1095735","99.99","99.99","21.8891409552781","18.4520795024337","25924","21508"
"Oceania","1973","1165655","248729","98.11","98.21","56.2269520025751","42.0979773861458","13502","10189"
"Australia and New Zealand","1973","811376","169337","100","100","21.8146944140825","18.1010826188977","3469","2877"
"Melanesia","1973","317127","72002","100","100","124.543766796021","89.3759669778046","9530","6935"
"Micronesia","1973","13501","2799","45.77","45.98",,,,
"Polynesia","1973","23651","4591","37.59","36.07",,,,
"Africa","1974","36555250","8097795","95.9","95.87","229.261261585223","139.225941786274","2025299","1270043"
"Northern Africa","1974","7783800","1661274","100","100","194.458811960729","130.757835861291","368683","250249"
"Southern Africa","1974","2341645","502891","100","100","133.668427471507","96.1750641606718",,
"Eastern Africa","1974","11685328","2614515","94.01","94.11","220.165339029097","136.174964732084","627730","395731"
"Western Africa","1974","10638152","2401030","99.41","99.41","270.372543229983","155.975104765186","729959","430931"
"Middle Africa","1974","4106325","918085","82.08","81.87","229.710444389214","139.950666421628","229966","142826"
"Asia","1974","177269444","35858490","97.31","97.23","140.477548946109","101.399726952339","5506818","3964521"
"Eastern Asia","1974","75798076","14223150","98.15","98.15","86.2394749229423","64.1919079263008","1351553","982480"
"Central Asia","1974","2606059","571905","42.21","42.36",,,,
"Southern Asia","1974","65655896","14086107","100","100","195.206313159033","139.22811131503","3083561","2213725"
"South-Eastern Asia","1974","25358268","5285465","96.15","95.99","124.398684708026","88.3269113531046","704323","502255"
"Western Asia","1974","7851145","1691863","88.64","88.95","151.87823135285","106.888580217554","278154","199282"
"Americas","1974","33725665","7019185","99.88","99.89","89.8922508405237","68.4909472281264","646799","495088"
"Northern America","1974","9377452","1894912","100","100","21.7747962646623","18.5031257057622","40891","34605"
"Latin America and the Caribbean","1974","24348213","5124273","99.84","99.85","113.118707532429","85.4916741023659","606103","460623"
"Central America","1974","7354651","1614289","100","100","108.343801619059","79.8447986833144","171531","127533"
"South America","1974","15308655","3167461","99.81","99.83","115.503359222447","88.6501921451195","394471","304186"
"Caribbean","1974","1684907","342523","99.36","99.32","111.452893301481","80.4021833056089","40113","28914"
"Europe","1974","26388783","5326066","91.41","90.85","29.836917161019","25.2739176938796","157225","133126"
"Northern Europe","1974","3344596","626195","95.7","95.05","19.4528034201","16.5202991665977","12229","10270"
"Southern Europe","1974","5847957","1173983","80.95","80.45","29.8521410510736","25.9148027146328","35673","30907"
"Eastern Europe","1974","11241808","2481970","91.02","90.85","37.1984146890766","31.3114440740062",,"73329"
"Western Europe","1974","5954422","1043918","99.99","100","20.899317748248","17.5954427713958","23870","19781"
"Oceania","1974","1180011","252707","98.15","98.27","55.1441641625291","41.3593507321939","13223","9981"
"Australia and New Zealand","1974","812895","170171","100","100","20.7845830890152","17.2383512136762","3268","2701"
"Melanesia","1974","330522","75251","100","100","120.793356073157","87.0007800466927","9463","6911"
"Micronesia","1974","13620","2831","46.27","46.94",,,,
"Polynesia","1974","22974","4454","37.05","35.59",,,,
"Africa","1975","37603918","8346731","95.85","95.81","221.619732748419","136.426575702937","2031878","1276784"
"Northern Africa","1975","7944400","1704051","100","100","187.667683225422","126.813616887839","361897","247118"
"Southern Africa","1975","2394525","512296","100","100","127.879330440594","91.9105856253124",,"49146"
"Eastern Africa","1975","12059758","2701564","93.88","93.97","218.859519216438","135.352323219423","642015","404757"
"Western Africa","1975","10977968","2482664","99.41","99.41","262.915458308882","151.730197038096","729019","430863"
"Middle Africa","1975","4227267","946156","82.08","81.85","226.89139390433","138.557457041604","233472","145355"
"Asia","1975","177022547","35496621","98.01","98.02","137.542860768508","99.6663544810545","5363587","3862019"
"Eastern Asia","1975","73718071","13451957","98.18","98.3","81.0769390422993","60.7414446351417","1217921","887347"
"Central Asia","1975","2673232","594585","50.93","51.42","104.64314774199","85.0675421183824",,
"Southern Asia","1975","66932761","14381868","100","100","191.013453611126","136.52305736174","3067932","2207711"
"South-Eastern Asia","1975","25631651","5326950","98.73","98.67","123.657684792335","88.8574342467085","724666","509390"
"Western Asia","1975","8066832","1741261","93.31","93.48","142.981746352792","101.330162398716","266611","192352"
"Americas","1975","34068113","7142456","99.89","99.9","87.2018481678841","66.6092003353763","632066","485323"
"Northern America","1975","9336963","1917515","100","100","20.7008810628759","17.5497388752596","38656","32674"
"Latin America and the Caribbean","1975","24731150","5224941","99.84","99.86","109.526509869466","83.0474162878381","593593","452780"
"Central America","1975","7525300","1637304","100","100","104.669615216249","77.4294737234595","167762","125035"
"South America","1975","15526023","3243473","99.82","99.85","111.671449447568","85.9924656676758","386668","299484"
"Caribbean","1975","1679827","344164","99.36","99.32","110.380411853624","79.6387174625561","39178","28273"
"Europe","1975","26269215","5324844","91.23","90.63","28.5970363786204","24.2473845798233","149998","127000"
"Northern Europe","1975","3262296","612924","95.53","94.87","18.680655186763","15.8476350124814","11451","9616"
"Southern Europe","1975","5822410","1169854","80.74","80.14","27.5237526196472","23.8866058598309","32503","28128"
"Eastern Europe","1975","11444033","2534845","90.94","90.72","36.0029630564568","30.3196119679243","85099","72036"
"Western Europe","1975","5740476","1007221","99.99","99.99","19.8684744568138","16.7003798503207","21966","18190"
"Oceania","1975","1183498","251834","98.21","98.32","54.1570863978053","40.6325769806384","12932","9753"
"Australia and New Zealand","1975","805616","167311","100","100","19.661017473825","16.2972268109081","3040","2505"
"Melanesia","1975","341643","77273","100","100","117.242392853219","84.6421728147739","9403","6883"
"Micronesia","1975","13814","2877","46.72","47.93",,,,
"Polynesia","1975","22425","4373","38.41","37.57",,,,
"Africa","1976","38860316","8579972","95.86","95.82","216.690002728253","133.577525851003","2037352","1282360"
"Northern Africa","1976","8142617","1753284","100","100","180.357697030946","122.554400914193","354063","243378"
"Southern Africa","1976","2454349","519723","100","100","121.666476536883","87.890967971152",,"47892"
"Eastern Africa","1976","12503639","2783131","93.93","94","217.369903431186","134.469510944324","655866","413669"
"Western Africa","1976","11389555","2552110","99.41","99.42","255.477511709735","147.549924468679","727645","430567"
"Middle Africa","1976","4370156","971724","82.09","81.86","224.052611754875","137.177566736456","237037","147963"
"Asia","1976","176156269","34982113","98.11","98.16","134.526345688477","97.54223107146","5187630","3748973"
"Eastern Asia","1976","70656852","12588865","98.23","98.43","76.0246842616513","57.4203449690191","1090705","799358"
"Central Asia","1976","2767819","602023","50.96","51.15","103.521505363179","83.6019334379007",,"50854"
"Southern Asia","1976","68502912","14649363","100","100","186.435507302647","133.553492159241","3046326","2198236"
"South-Eastern Asia","1976","25921375","5357266","98.72","98.68","122.451221606892","86.4429333181267","706016","498858"
"Western Asia","1976","8307311","1784596","95.35","95.5","135.285008570678","96.8091122873485","257885","187176"
"Americas","1976","34639935","7233329","99.89","99.9","84.4052104314489","64.6368654861284","617161","475361"
"Northern America","1976","9429679","1930868","100","100","19.6863556320342","16.6474599750517","36686","30968"
"Latin America and the Caribbean","1976","25210256","5302461","99.85","99.87","105.870943465954","80.5378291506335","580646","444517"
"Central America","1976","7723399","1629076","100","100","101.051738213206","75.0371680921579","163624","122257"
"South America","1976","15808208","3334731","99.83","99.86","107.703846366472","83.2097477370218","378651","294508"
"Caribbean","1976","1678649","338654","99.35","99.34","109.497472892192","79.0265580704301","38389","27764"
"Europe","1976","26265208","5280923","91","90.54","27.4266637526538","23.2509859315476","143110","121175"
"Northern Europe","1976","3170964","599818","95.3","94.84","17.9112777648189","15.1861292730187","10753","9034"
"Southern Europe","1976","5803456","1152471","80.47","79.87","25.4292638569925","22.0450107403013","29575","25545"
"Eastern Europe","1976","11825441","2538193","90.85","90.68","34.7989155995208","29.3401789142563","83312","70572"
"Western Europe","1976","5465347","990441","99.99","99.99","18.8630954030212","15.8330198804553","20301","16820"
"Oceania","1976","1199143","244633","98.25","98.29","53.2017202730279","39.929010398403","12630","9526"
"Australia and New Zealand","1976","807921","159945","100","100","18.532581176261","15.3477876445237","2809","2307"
"Melanesia","1976","355252","77398","100","100","113.787043732921","82.4025429079617","9338","6855"
"Micronesia","1976","14054","2929","47.41","49.47",,,,
"Polynesia","1976","21916","4361","38.09","38.11",,,,
"Africa","1977","40023817","8829236","96.76","96.71","212.34623690722","131.398897236158","2053892","1294129"
"Northern Africa","1977","8358115","1811846","100","100","172.762842742177","118.09092369132","345565","239173"
"Southern Africa","1977","2501300","525634","100","100","115.715829685987","84.0744771135408",,"46761"
"Eastern Africa","1977","12914288","2868438","96.74","96.72","217.388659351164","135.381022296659","680424","428330"
"Western Africa","1977","11749484","2623953","99.42","99.42","248.377755943895","143.660363963146","726697","430665"
"Middle Africa","1977","4500630","999365","82.1","81.83","221.350955680943","135.846276123546","240820","150704"
"Asia","1977","174656718","34405529","98.26","98.34","131.133188643968","95.3833242785348","5022923","3646000"
"Eastern Asia","1977","67273475","11669891","98.29","98.55","71.3088980846693","54.3042802353624","977096","722051"
"Central Asia","1977","2811237","598240","58.3","58.26","106.258541419954","86.8974798605968",,"53944"
"Southern Asia","1977","69912275","14930555","100","100","181.448337414771","130.309458751968","3018703","2185374"
"South-Eastern Asia","1977","26130537","5379416","98.73","98.7","118.749789539547","84.1483887401118","688975","489474"
"Western Asia","1977","8529194","1827427","95.48","95.56","128.700961811208","92.7410612922213","250649","182706"
"Americas","1977","35058962","7305963","99.9","99.91","81.5027266258562","62.5871788008328","601936","465152"
"Northern America","1977","9458774","1938955","100","100","18.7906353811493","15.8622223545646","35082","29604"
"Latin America and the Caribbean","1977","25600188","5367008","99.86","99.88","102.139989736107","77.9634246217271","567015","435665"
"Central America","1977","7800092","1600161","100","100","97.3364702040045","72.5561455532401","158926","119063"
"South America","1977","16142463","3438198","99.85","99.87","103.664123674041","80.3691365858145","370316","289209"
"Caribbean","1977","1657633","328649","99.37","99.37","108.713033071215","78.4592525627154","37795","27407"
"Europe","1977","26097506","5208209","90.86","90.54","26.3291874907949","22.308227256293","136789","115780"
"Northern Europe","1977","3087601","587283","95.17","94.94","17.0894233035467","14.4795053039708","10098","8496"
"Southern Europe","1977","5736207","1125789","80.21","79.61","23.5226311579168","20.365830700897","26867","23152"
"Eastern Europe","1977","11985328","2506147","90.81","90.69","33.7136309303099","28.4394231216591","81617","69127"
"Western Europe","1977","5288370","988990","99.99","99.98","17.884259291796","14.9888547595087","18869","15651"
"Oceania","1977","1186331","232839","98.24","98.21","52.2591668851697","39.2286275956238","12348","9315"
"Australia and New Zealand","1977","788606","149026","100","100","17.5017375475385","14.4883228756458","2599","2131"
"Melanesia","1977","361759","76411","100","100","110.425851610909","80.2061472564151","9268","6820"
"Micronesia","1977","14339","2998","48.22","50.97",,"78.2525472604131",,
"Polynesia","1977","21627","4404","38.05","38.96",,,,
"Africa","1978","41148808","9089792","96.79","96.72","207.927222317233","128.546017242122","2057336","1298617"
"Northern Africa","1978","8590397","1875684","100","100","165.093047035603","113.595467495652","336678","234722"
"Southern Africa","1978","2540710","531160","100","100","110.026176220374","80.3275295597512",,"45687"
"Eastern Africa","1978","13310147","2956187","96.44","96.39","216.848397799372","134.14366281751","692613","436171"
"Western Africa","1978","12080251","2697536","99.42","99.42","241.821705737164","140.074964453558","726701","431197"
"Middle Africa","1978","4627303","1029225","83.25","82.92","217.721840135002","133.748981323888","243048","152654"
"Asia","1978","173001864","33934155","98.53","98.65","127.729488268782","93.22229066828","4879041","3557705"
"Eastern Asia","1978","63875457","10837682","98.55","98.91","67.2640967816792","51.7283190757807","885032","661036"
"Central Asia","1978","2819744","589340","58.02","57.82","106.050418272506","85.444575390016",,"54165"
"Southern Asia","1978","71266226","15233233","100","100","176.121356012649","126.805084991524","2985869","2168874"
"South-Eastern Asia","1978","26298918","5403697","99.79","99.81","115.907409719991","82.7336026171254","680348","485188"
"Western Asia","1978","8741519","1870203","95.59","95.63","122.60732620376","88.7421236395445","243386","178247"
"Americas","1978","35371806","7365424","99.9","99.92","78.4751068301063","60.4431330943678","585963","454326"
"Northern America","1978","9449687","1944467","100","100","17.9051336233858","15.0838726981549","33621","28356"
"Latin America and the Caribbean","1978","25922119","5420957","99.87","99.89","98.3394464759708","75.3346196401251","552494","426081"
"Central America","1978","7792341","1560633","100","100","93.5592473839148","70.0046865853351","153803","115552"
"South America","1978","16504693","3542745","99.86","99.88","99.5704098219226","77.4991829670728","361368","283391"
"Caribbean","1978","1625085","317579","99.39","99.41","107.743588205257","77.7264051341537","37349","27156"
"Europe","1978","25823802","5123182","91.45","91.3","25.8177925351049","21.9345201283719","134199","113461"
"Northern Europe","1978","3012888","577082","95.14","95.11","16.2800610542689","13.7853230203353","9520","8021"
"Southern Europe","1978","5630571","1092688","82.97","82.52","24.3497805699465","21.4026492684911","27762","23760"
"Eastern Europe","1978","11997532","2454076","90.82","90.78","32.8191887241114","27.6963910019643","80231","67941"
"Western Europe","1978","5182811","999336","99.99","99.98","16.9355611515042","14.1696445528679","17634","14645"
"Oceania","1978","1156649","219644","98.2","98.1","51.2971115365493","38.5098847923121","12097","9130"
"Australia and New Zealand","1978","756918","137171","100","100","16.5677835340563","13.7098504669977","2416","1982"
"Melanesia","1978","363525","74909","100","100","107.270372465169","78.1462086855737","9199","6784"
"Micronesia","1978","14685","3082","49","52.21",,"77.6740847031239",,
"Polynesia","1978","21521","4482","38.22","39.96",,,,
"Africa","1979","42292076","9356002","96.71","96.64","203.134410468522","125.841723567203","2061724","1304021"
"Northern Africa","1979","8833921","1939245","100","100","157.364521442503","109.085675334909","327256","229935"
"Southern Africa","1979","2580399","537893","100","100","104.664305484129","76.7998957203241","60164","44741"
"Eastern Africa","1979","13707689","3044921","96.22","96.18","214.378470930054","132.64156550125","703381","443320"
"Western Africa","1979","12410221","2772379","99.42","99.42","236.102722016498","137.053322358176","728630","432992"
"Middle Africa","1979","4759846","1061564","83.19","82.83","214.008184479767","132.194085454227","246336","155287"
"Asia","1979","171902180","33782819","99.27","99.43","124.361985662859","90.9649059391344","4749609","3482169"
"Eastern Asia","1979","60924405","10272977","98.6","98.95","63.7335618138516","49.2438234511048","809236","610994"
"Central Asia","1979","2829801","584176","100","100","113.761365732308","93.9303169452521",,"60938"
"Southern Asia","1979","72701609","15568747","100","100","170.794655588459","123.33571433755","2953037","2152863"
"South-Eastern Asia","1979","26489406","5442948","99.81","99.83","112.791291105251","80.4935211142767","664126","475915"
"Western Asia","1979","8956959","1913971","96.03","96.02","116.452443946268","84.5946862770269","235503","173317"
"Americas","1979","35671392","7421629","99.91","99.92","75.3273072987922","58.2186049660519","568978","442746"
"Northern America","1979","9449918","1951792","100","100","17.0937536827885","14.3785359515374","32397","27324"
"Latin America and the Caribbean","1979","26221474","5469837","99.88","99.89","94.4426947247884","72.6374150859383","536725","415531"
"Central America","1979","7761322","1525632","100","100","89.579239018248","67.4004258911878","148097","111804"
"South America","1979","16861039","3633766","99.86","99.88","95.4496028043386","74.5729409656568","351626","276753"
"Caribbean","1979","1599113","310439","99.41","99.45","106.488335096728","76.77822161191","37031","26992"
"Europe","1979","25557309","5050779","91.77","91.74","25.0001068289732","21.1405792269321","129120","109056"
"Northern Europe","1979","2953278","571478","98.12","98.15","15.6335360510312","13.2509234233956","9165","7687"
"Southern Europe","1979","5507997","1057656","82.69","82.2","23.327417290761","20.0187081830117","25421","21641"
"Eastern Europe","1979","11980866","2405801","90.88","90.94","32.0453622306678","27.04840364591","79006","66875"
"Western Europe","1979","5115168","1015844","99.99","99.98","16.0592695316492","13.4157990347873","16608","13810"
"Oceania","1979","1128824","209570","98.15","98","50.2420137351008","37.7424659849468","11867","8973"
"Australia and New Zealand","1979","727681","128046","100","100","15.7600813376839","13.0315555698887","2269","1862"
"Melanesia","1979","364532","73773","100","100","104.191335039277","76.1788412279063","9117","6744"
"Micronesia","1979","15100","3184","49.62","53.08",,"77.0739831156636",,
"Polynesia","1979","21511","4567","38.5","40.9",,,,
"Africa","1980","43518819","9623596","98.56","98.55","199.143849507597","123.844182235841","2078405","1315860"
"Northern Africa","1980","9090038","1998097","100","100","149.579982628422","104.663838141662","317150","224905"
"Southern Africa","1980","2626560","546886","100","100","99.6024492912513","73.5123771753732","58659","43904"
"Eastern Africa","1980","14123039","3133981","96.18","96.16","211.757703622209","131.094789261708","713638","450278"
"Western Africa","1980","12771117","2848106","99.42","99.42","231.382264928422","134.547787726434","732980","435943"
"Middle Africa","1980","4908065","1096526","99.7","99.72","213.856074025546","133.929410407078","257977","161939"
"Asia","1980","171861888","34092985","99.29","99.42","120.615339527735","88.5149806156465","4635824","3417382"
"Eastern Asia","1980","58706620","10097369","98.62","98.89","60.5300585276642","47.1430705671994","751809","576150"
"Central Asia","1980","2869378","589192","100","100","112.907265874301","90.6043803815205","74365","60143"
"Southern Asia","1980","74342185","15942124","100","100","165.581734166118","119.965439278899","2920887","2137255"
"South-Eastern Asia","1980","26757848","5504933","99.81","99.83","109.281587556637","78.2789192337548","648651","466725"
"Western Asia","1980","9185857","1959367","96.09","96.04","110.540511738619","80.8058253815876","228193","168881"
"Americas","1980","36039777","7482607","99.91","99.92","72.132875590423","55.9484963879077","551280","430480"
"Northern America","1980","9501132","1964133","100","100","16.3438936560548","13.721567158264","31360","26435"
"Latin America and the Caribbean","1980","26538645","5518474","99.88","99.89","90.5326122778634","69.9131733846045","520059","404148"
"Central America","1980","7752400","1506950","100","100","85.5455412936119","64.7058741038089","142130","107816"
"South America","1980","17194132","3700785","99.87","99.88","91.3702790513736","71.6751902379627","341173","269483"
"Caribbean","1980","1592113","310739","99.42","99.46","104.813715840444","75.5510974149195","36788","26870"
"Europe","1980","25389464","5009585","93.47","93.56","24.1411728136657","20.3991927848628","124452","105052"
"Northern Europe","1980","2913897","571895","100","100","15.1637665540748","12.7664646980216","8856","7422"
"Southern Europe","1980","5385557","1024480","82.34","81.74","21.9221962740478","18.808238185929","23260","19788"
"Eastern Europe","1980","12025357","2379246","94.13","94.3","31.0607434201633","26.1911535627188","77070","65180"
"Western Europe","1980","5064653","1033964","99.99","99.98","15.2568670453973","12.7274094446872","15762","13122"
"Oceania","1980","1116361","205830","98.12","97.94","49.1491608063316","36.9238965270405","11679","8836"
"Australia and New Zealand","1980","711328","124231","100","100","15.1024873964505","12.4822022871599","2161","1778"
"Melanesia","1980","367942","73663","100","100","101.33630840557","74.2666594442882","9037","6694"
"Micronesia","1980","15567","3297","50.04","53.41","103.649301304941","76.3927967582068",,"274"
"Polynesia","1980","21524","4639","38.83","41.75",,,,
"Africa","1981","44945672","9862291","98.55","98.5","195.394853505663","121.417517484","2084518","1321949"
"Northern Africa","1981","9404985","2043544","100","100","141.525622488723","100.039569942609","305687","218914"
"Southern Africa","1981","2671592","558190","100","100","94.784426224865","70.4038632658667","57211","43103"
"Eastern Africa","1981","14577716","3212620","96.16","96.05","208.793582662885","129.323070030631","722675","456409"
"Western Africa","1981","13211329","2916628","99.42","99.41","227.709234678447","132.626616195096","740025","440330"
"Middle Africa","1981","5080050","1131309","99.7","99.69","214.090400219954","132.220090767332","261203","164483"
"Asia","1981","171604657","34918243","99.32","99.36","116.858531582491","86.0004198559878","4545511","3368412"
"Eastern Asia","1981","55938143","10372014","98.67","98.71","57.9999434278072","45.4360751459305","716382","556984"
"Central Asia","1981","2912539","607582","100","100","108.303533270743","87.205747748281","73109","59446"
"Southern Asia","1981","76274515","16347825","100","100","160.604957712406","116.774815565196","2890077","2122206"
"South-Eastern Asia","1981","27054323","5588084","99.81","99.81","105.848048157179","76.0881388930205","633278","457270"
"Western Asia","1981","9425137","2002738","96.07","96.03","104.857928570652","77.0473393502733","220715","164186"
"Americas","1981","36544795","7548695","99.91","99.92","68.9487884327871","53.6737259476015","533052","417654"
"Northern America","1981","9635794","1982100","100","100","15.6512593943033","13.1204994014127","30473","25678"
"Latin America and the Caribbean","1981","26909001","5566595","99.88","99.89","86.6662650838994","67.198980248554","502713","392078"
"Central America","1981","7688403","1513922","100","100","81.4994463615318","62.0443014219628","136042","103839"
"South America","1981","17637960","3732060","99.87","99.88","87.4033876786244","68.811131787744","330159","261526"
"Caribbean","1981","1582638","320613","99.43","99.45","102.682887139992","74.0070639699503","36548","26735"
"Europe","1981","25266597","5011109","97.59","97.6","23.4332948348186","19.808801886677","120435","101896"
"Northern Europe","1981","2894164","579680","100","100","14.5426382996339","12.1953239857381","8505","7139"
"Southern Europe","1981","5256989","994702","88.43","87.91","21.738204664671","18.7952539452567","22467","19204"
"Eastern Europe","1981","12030888","2384054","100","100","29.8398748758525","25.1341512796812","74178","62870"
"Western Europe","1981","5084556","1052673","99.98","99.98","14.5301722841175","12.105265431048","15063","12551"
"Oceania","1981","1094788","209990","98.7","98.63","48.0793440641502","36.1698253242494","11540","8745"
"Australia and New Zealand","1981","687044","126899","100","100","14.5650364502147","12.0335439325971","2086","1720"
"Melanesia","1981","370003","75010","100","100","98.6590481152951","72.5094428647722","8951","6642"
"Micronesia","1981","15975","3418","93","94.24","91.0147654247569","63.8119840373988",,"234"
"Polynesia","1981","21766","4663","39.84","42.55",,,,
"Africa","1982","46204987","10104667","99.83","99.82","191.459523464779","119.186902669011","2093572","1328957"
"Northern Africa","1982","9664399","2084262","100","100","133.310809847805","95.2181164183029","292976","211886"
"Southern Africa","1982","2723951","571611","100","100","90.2718607435786","67.4370291843589","55803","42271"
"Eastern Africa","1982","14980917","3291834","100","100","205.638158606685","127.41257101937","731476","461996"
"Western Africa","1982","13590049","2987683","99.42","99.4","224.958367448035","131.17625810887","749433","445878"
"Middle Africa","1982","5245671","1169277","100","100","210.689249970969","130.504943299753","264334","167139"
"Asia","1982","173473557","36157756","99.53","99.49","113.122428497961","83.4960155199362","4475980","3333473"
"Eastern Asia","1982","55214492","10993357","98.61","98.44","56.0212244343177","44.0323107222281","700143","551302"
"Central Asia","1982","2988896","634611","100","100","103.823850294109","84.0139484964004","71954","58876"
"Southern Asia","1982","78192464","16788608","100","100","155.947860007668","113.8054316024","2860536","2107261"
"South-Eastern Asia","1982","27422979","5693644","99.8","99.78","102.548168915818","73.9662798900306","618030","447596"
"Western Asia","1982","9654726","2047536","100","100","100.087650552833","74.1321742644479","214545","160903"
"Americas","1982","36975109","7619111","99.91","99.91","65.8348491205715","51.4540827147232","514587","404591"
"Northern America","1982","9750473","2004542","100","100","15.0793766211509","12.6338374285458","29833","25144"
"Latin America and the Caribbean","1982","27224636","5614569","99.88","99.88","82.878800145479","64.536741822694","484883","379546"
"Central America","1982","7698289","1536564","100","100","77.5942148478302","59.4036727767253","130135","99876"
"South America","1982","17920292","3740495","99.87","99.87","83.5271699526986","66.041843498898","318521","253149"
"Caribbean","1982","1606055","337510","99.43","99.42","100.184085801699","72.2374745279822","36266","26546"
"Europe","1982","25239107","5039565","97.58","97.58","22.593719197749","19.1149977874536","116171","98282"
"Northern Europe","1982","2900332","593074","100","100","13.9329380062702","11.6780571345473","8226","6916"
"Southern Europe","1982","5125401","966406","88.12","87.42","20.6207372501519","17.76854045692","20638","17620"
"Eastern Europe","1982","12102298","2407286","100","100","28.9471305522444","24.4870929537629","72614","61544"
"Western Europe","1982","5111076","1072799","99.99","99.99","13.8382676736465","11.5085417022878","14437","12028"
"Oceania","1982","1101835","220437","98.72","98.7","46.9381291497946","35.3364569002387","11397","8649"
"Australia and New Zealand","1982","687615","134827","100","100","14.1429063241282","11.6811606928341","2037","1685"
"Melanesia","1982","375893","77383","100","100","96.1175808397751","70.7904707662966","8855","6577"
"Micronesia","1982","16466","3551","93.27","94.37","84.266392528815","63.5406420731213",,"241"
"Polynesia","1982","21861","4676","40.52","43.22",,,,
"Africa","1983","47365805","10349759","99.83","99.82","187.917704843813","117.031355962422","2102047","1335263"
"Northern Africa","1983","9883492","2120220","100","100","125.18079709576","90.2355805246377","279465","203827"
"Southern Africa","1983","2779980","585566","100","100","86.1310435152965","64.7065847436205","54431","41422"
"Eastern Africa","1983","15358094","3374451","100","100","202.760105542156","125.614952866504","740352","467873"
"Western Africa","1983","13933898","3060096","99.42","99.39","222.970259074363","130.178340948357","760844","452647"
"Middle Africa","1983","5410341","1209426","100","100","207.217905261043","128.758946532705","267541","169758"
"Asia","1983","176926910","37665390","99.5","99.4","109.44617074637","81.0528327257504","4421476","3307562"
"Eastern Asia","1983","56047785","11875705","98.5","98.2","54.5428677959869","43.0373427851","699766","557797"
"Central Asia","1983","3091212","666917","100","100","99.535175218289","80.9311992565159","70872","58309"
"Southern Asia","1983","80082181","17227810","100","100","151.575940812847","110.995030162637","2830148","2090303"
"South-Eastern Asia","1983","27833559","5803928","99.84","99.8","99.4507390965538","71.9224882434127","603053","437614"
"Western Asia","1983","9872173","2091030","100","100","94.8586563387896","70.7359565184109","207095","156120"
"Americas","1983","37359485","7688434","99.97","99.97","62.8739880804354","49.3207919055927","496397","391483"
"Northern America","1983","9859592","2029488","100","100","14.5605665198488","12.1831594350282","29282","24658"
"Latin America and the Caribbean","1983","27499893","5658946","99.96","99.96","79.2699151853863","61.9672221192597","467148","366850"
"Central America","1983","7763390","1569462","100","100","73.906850629496","56.8862688756317","124561","96109"
"South America","1983","18085037","3731970","100","100","79.8451859453203","63.367052505363","306715","244463"
"Caribbean","1983","1651466","357514","99.41","99.39","97.5006778291608","70.4179709853949","35908","26296"
"Europe","1983","25282482","5080922","97.57","97.57","21.830875701098","18.4656985310411","112199","94917"
"Northern Europe","1983","2925902","609288","100","100","13.4248245383486","11.2454527529529","8023","6749"
"Southern Europe","1983","4995446","940477","87.74","86.86","19.5403909528375","16.8287732931859","19003","16212"
"Eastern Europe","1983","12220015","2439801","100","100","28.1982859287838","23.8640480376633","71007","60196"
"Western Europe","1983","5141119","1091356","99.99","100","13.1937083034765","10.9561460010379","13871","11553"
"Oceania","1983","1128956","234176","98.76","98.79","45.8445308113427","34.5645548811136","11271","8564"
"Australia and New Zealand","1983","705658","145567","100","100","13.7881064060665","11.3861270535007","2005","1660"
"Melanesia","1983","384460","80250","100","100","93.8071040875553","69.2505411953908","8760","6516"
"Micronesia","1983","17001","3687","93.39","94.3","83.7013565352866","63.1912770105675",,"247"
"Polynesia","1983","21837","4672","40.96","43.77",,,,
"Africa","1984","48511640","10597764","99.83","99.82","184.612854200525","115.038205238999","2112013","1341728"
"Northern Africa","1984","10084093","2152298","100","100","117.178972417226","85.1406727632386","265220","194799"
"Southern Africa","1984","2832603","597836","100","100","82.3082105246118","62.22091140183","53027","40541"
"Eastern Africa","1984","15748169","3464371","100","100","199.959691595782","123.950135936715","749761","474040"
"Western Africa","1984","14268104","3132819","99.41","99.39","221.55943448399","129.475998781099","773722","460198"
"Middle Africa","1984","5578671","1250440","100","100","203.970581859032","127.063148855056","270981","172446"
"Asia","1984","181176491","39229865","99.46","99.33","105.918371183757","78.716838657668","4375548","3286091"
"Eastern Asia","1984","57811907","12887693","98.41","98.08","53.5969628720798","42.4097496012473","712860","573346"
"Central Asia","1984","3201097","699557","100","100","95.3869867122903","77.8863785022787","69757","57629"
"Southern Asia","1984","81872716","17617998","100","100","147.343824706687","108.262048812061","2795182","2069225"
"South-Eastern Asia","1984","28217646","5894938","99.82","99.77","96.4608621568261","69.9720440680689","587850","427391"
"Western Asia","1984","10073125","2129679","100","100","89.9987359243339","67.5155209118973","199658","151269"
"Americas","1984","37707313","7750107","99.97","99.97","60.0966120998444","47.3156011916455","478774","378658"
"Northern America","1984","9969298","2054413","100","100","14.146999387046","11.8312896138759","28910","24334"
"Latin America and the Caribbean","1984","27738015","5695694","99.96","99.96","75.869621714557","59.5396479779508","449897","354350"
"Central America","1984","7842163","1603881","100","100","70.5125754024035","54.5578510462624","119462","92653"
"South America","1984","18196835","3716653","100","100","76.3811151284043","60.8426937137216","295068","235775"
"Caribbean","1984","1699017","375160","99.4","99.36","94.6198922337671","68.5072312908595","35407","25941"
"Europe","1984","25329406","5114829","99.99","99.99","21.5255595072402","18.263756985735","110808","93810"
"Northern Europe","1984","2960015","624493","100","100","13.0031911564225","10.8927941013742","7881","6638"
"Southern Europe","1984","4866930","917024","99.96","99.97","21.012814937618","18.4314442923973","20183","17254"
"Eastern Europe","1984","12325248","2468299","100","100","27.495283085158","23.2733458554826","69378","58798"
"Western Europe","1984","5177213","1105013","99.99","99.99","12.6152318320323","10.4608784516606","13364","11120"
"Oceania","1984","1159270","246888","99.88","99.89","44.8100837444255","33.8363119031527","11142","8483"
"Australia and New Zealand","1984","727171","155572","100","100","13.4761509335561","11.1281301835007","1980","1642"
"Melanesia","1984","392802","82850","100","100","91.6888747339791","67.8280302210389","8667","6454"
"Micronesia","1984","17529","3813","93.45","94.23","82.853252258015","62.6660362318945",,"250"
"Polynesia","1984","21768","4653","98.93","98.99","33.968968464645","28.8680299555637",,
"Africa","1985","49733711","10848344","100","100","181.802961055962","113.329717418652","2125916","1349673"
"Northern Africa","1985","10286617","2181231","100","100","109.794537403146","80.313115609214","251379","185662"
"Southern Africa","1985","2877499","606791","100","100","78.7269818768098","59.8601189314559","51517","39533"
"Eastern Africa","1985","16192865","3563453","100","100","197.505144319066","122.441429617737","760127","480473"
"Western Africa","1985","14618842","3205441","100","100","220.550749654768","129.065671553064","787865","468622"
"Middle Africa","1985","5757888","1291428","100","100","201.051791977102","125.530578225187","274945","175375"
"Asia","1985","185718103","40674409","100","100","102.517332154415","76.3715098916283","4324174","3256382"
"Eastern Asia","1985","60078324","13909790","100","100","53.0555961392079","41.9135525056377","733366","591481"
"Central Asia","1985","3305632","728430","100","100","91.4450213879486","74.9920872661855","68567","56855"
"Southern Asia","1985","83546423","17925542","100","100","143.29629944563","105.603406817056","2755933","2043705"
"South-Eastern Asia","1985","28527223","5949615","100","100","93.7822132312253","68.2587993328817","573992","417885"
"Western Asia","1985","10260501","2161032","100","100","85.5209558901643","64.5395293390127","192437","146498"
"Americas","1985","38036437","7800048","100","100","57.5395491237548","45.4739411415876","461963","366442"
"Northern America","1985","10089250","2077465","100","100","13.8465002445197","11.583322669675","28729","24182"
"Latin America and the Caribbean","1985","27947187","5722583","100","100","72.7083089142467","57.2786833430021","433233","342260"
"Central America","1985","7904334","1632946","100","100","67.4072736070684","52.4317716161255","114822","89524"
"South America","1985","18306634","3703072","100","100","73.1805146060651","58.5091561654329","283762","227347"
"Caribbean","1985","1736219","386565","100","100","91.5027002014024","66.3534334206105","34649","25389"
"Europe","1985","25335034","5125769","100","100","20.9019962851115","17.6929854803017","107115","90635"
"Northern Europe","1985","2996210","635892","100","100","12.6474183512011","10.6005332954327","7775","6553"
"Southern Europe","1985","4739680","896236","100","100","20.3057546623846","17.5169613823366","18682","15965"
"Eastern Europe","1985","12373634","2482339","100","100","26.8886634667952","22.7683359541778","67757","57395"
"Western Europe","1985","5225510","1111302","100","100","12.0995812611927","10.0226621984919","12903","10722"
"Oceania","1985","1181346","255439","100","100","43.7572154571032","33.1424382599718","11019","8401"
"Australia and New Zealand","1985","742803","162266","100","100","13.130500450336","10.8394324083087","1951","1618"
"Melanesia","1985","398780","84639","100","100","89.7182035507487","66.5564980814561","8576","6397"
"Micronesia","1985","18037","3917","100","100","80.6769221896251","60.815030491585","323","248"
"Polynesia","1985","21726","4617","100","100","33.9957291326114","27.807640823338",,"138"
"Africa","1986","51133486","11077009","100","100","179.361653348076","111.765417857163","2139570","1357331"
"Northern Africa","1986","10506627","2205345","100","100","103.316878597308","75.9849004433961","238657","176976"
"Southern Africa","1986","2930291","612104","100","100","75.4399654457394","57.6945549421938","49920","38438"
"Eastern Africa","1986","16717434","3664385","100","100","195.263561845925","121.04346569537","770722","486838"
"Western Africa","1986","15013905","3268617","100","100","219.483187001931","128.528090928894","800791","476446"
"Middle Africa","1986","5965229","1326558","100","100","198.473156838425","124.194306417982","279442","178633"
"Asia","1986","192227524","41924235","100","100","99.4195420663495","74.3887583844079","4274926","3226482"
"Eastern Asia","1986","63935058","14933876","100","100","52.8054423489953","41.7943748315638","757475","611449"
"Central Asia","1986","3432059","753491","100","100","87.7434020936808","72.2603663855223","67248","55935"
"Southern Asia","1986","85497514","18102541","100","100","139.228557883799","102.881096853282","2708186","2011106"
"South-Eastern Asia","1986","28887740","5947710","100","100","90.8327315806349","66.2738583970345","556602","406157"
"Western Asia","1986","10475153","2186617","100","100","81.4247423062697","61.7975300686439","185470","141835"
"Americas","1986","38400086","7836320","100","100","55.1260104374647","43.7344981415524","445484","354431"
"Northern America","1986","10244564","2097418","100","100","13.5063123968099","11.2933184830492","28418","23899"
"Latin America and the Caribbean","1986","28155522","5738902","100","100","69.7381590097638","55.1612303939307","417065","330532"
"Central America","1986","7978419","1653111","100","100","64.4798704865917","50.4085030585951","110438","86539"
"South America","1986","18381928","3696505","100","100","70.1819355033726","56.3271526668184","272727","219140"
"Caribbean","1986","1795175","389286","100","100","88.5825510112965","64.5373114086072","33900","24853"
"Europe","1986","25398078","5109604","100","100","20.2504907893507","17.1334269744347","103267","87267"
"Northern Europe","1986","3063183","641468","100","100","12.3229881124427","10.3349258321767","7675","6472"
"Southern Europe","1986","4610551","879600","100","100","19.3685173669195","16.6895306775323","17395","14858"
"Eastern Europe","1986","12387275","2484077","100","100","26.2663754114775","22.2419038092622","65725","55588"
"Western Europe","1986","5337069","1104459","100","100","11.6480298942235","9.64171072610919","12473","10349"
"Oceania","1986","1216771","258184","100","100","42.7726275457431","32.4481693564844","10895","8316"
"Australia and New Zealand","1986","770565","164249","100","100","12.7695293688349","10.5408647837284","1920","1593"
"Melanesia","1986","405750","85407","100","100","87.8859026829903","65.3355034636277","8488","6341"
"Micronesia","1986","18642","3987","100","100","78.6964863776013","59.8218102283107","324","249"
"Polynesia","1986","21814","4541","100","100","32.8678320978087","26.9920027954969",,"133"
"Africa","1987","52371318","11313904","100","100","177.232919357477","110.454990886389","2154879","1366204"
"Northern Africa","1987","10680733","2226869","100","100","97.9237249750473","72.3152902361025","227583","169204"
"Southern Africa","1987","2965469","614711","100","100","72.4825388973896","55.7411602599026","48279","37281"
"Eastern Africa","1987","17225335","3776590","100","100","193.188382316306","119.781226856872","781202","493139"
"Western Africa","1987","15352713","3333659","100","100","218.275704947125","128.008587694787","813150","484280"
"Middle Africa","1987","6147068","1362075","100","100","196.325589147989","123.079210552081","284646","182300"
"Asia","1987","197889596","43064288","100","100","96.7083467569078","72.6015455337566","4214377","3184852"
"Eastern Asia","1987","67809149","15967260","100","100","52.8631613917713","41.8423013306809","778728","626550"
"Central Asia","1987","3542189","775126","100","100","84.4948884174994","69.8322295381683","65923","54943"
"Southern Asia","1987","86853438","18205230","100","100","135.139990063552","100.093886871537","2652634","1972133"
"South-Eastern Asia","1987","29040802","5911232","100","100","87.7497030718805","64.2411572538573","538292","393837"
"Western Asia","1987","10644018","2205440","100","100","77.6971910656183","59.2968090673703","178835","137389"
"Americas","1987","38675638","7862787","100","100","52.8411087259366","42.0790862806073","429312","342592"
"Northern America","1987","10372174","2115145","100","100","13.1715832598925","11.0070361395473","28073","23586"
"Latin America and the Caribbean","1987","28303464","5747642","100","100","66.9239632479064","53.1439335645634","401239","319006"
"Central America","1987","8043133","1668391","100","100","61.6787964207826","48.4428330596023","106200","83601"
"South America","1987","18437460","3692970","100","100","67.3564406816749","54.2725791816443","261992","211176"
"Caribbean","1987","1822871","386281","100","100","85.8951206631744","62.7644356930647","33047","24229"
"Europe","1987","25359329","5074338","100","100","19.5744481085651","16.5548255344117","98955","83473"
"Northern Europe","1987","3104973","643056","100","100","11.9716457018596","10.0428116087023","7540","6358"
"Southern Europe","1987","4498704","866150","100","100","18.4596489138388","15.8915492942494","16220","13850"
"Eastern Europe","1987","12373810","2474832","100","100","25.6122853992459","21.6924763418328","63159","53299"
"Western Europe","1987","5381842","1090300","100","100","11.2237887157214","9.2818624629019","12037","9966"
"Oceania","1987","1233227","256930","100","100","41.798718242328","31.7524794919394","10767","8227"
"Australia and New Zealand","1987","782909","162995","100","100","12.3432495735485","10.1876394085369","1878","1558"
"Melanesia","1987","409524","85446","100","100","86.1937498482049","64.1975605675258","8410","6294"
"Micronesia","1987","19096","4038","100","100","76.8653905776405","58.6337196326071","322","247"
"Polynesia","1987","21698","4451","100","100","31.8070453852595","26.2104316351486",,"128"
"Africa","1988","53504232","11549395","100","100","175.404166910874","109.320304899901","2171243","1375668"
"Northern Africa","1988","10816614","2243043","100","100","93.5130866381503","69.3164856806883","218075","162505"
"Southern Africa","1988","2987866","614996","100","100","69.8868624685542","53.9960527201144","46651","36100"
"Eastern Africa","1988","17718099","3889612","100","100","191.191652856799","118.528936332879","791111","498856"
"Western Africa","1988","15662298","3401953","100","100","216.942994873672","127.403413877147","824827","491801"
"Middle Africa","1988","6319355","1399791","100","100","194.571028354338","122.179564858274","290571","186406"
"Asia","1988","202547041","43915530","100","100","94.4203789392174","71.1214215178357","4145256","3135079"
"Eastern Asia","1988","71314858","16796273","100","100","53.0059533654319","41.9130358477211","791302","632244"
"Central Asia","1988","3629384","790161","100","100","81.8453106978723","67.8695218525322","64690","53991"
"Southern Asia","1988","87774695","18253724","100","100","131.333316489686","97.5763385867913","2596753","1934505"
"South-Eastern Asia","1988","29045048","5855817","100","100","84.5401897987145","62.1610559175453","518807","381044"
"Western Asia","1988","10783056","2219555","100","100","74.7918548723611","57.0561065372864","173721","133295"
"Americas","1988","38886701","7881277","100","100","50.6504917413537","40.5016661708832","413312","330993"
"Northern America","1988","10482696","2131195","100","100","12.8333644541291","10.720037276361","27680","23236"
"Latin America and the Caribbean","1988","28404005","5750082","100","100","64.2204475647221","51.2191667924101","385632","307757"
"Central America","1988","8098265","1680197","100","100","58.9820455365011","46.5805797901073","102051","80771"
"South America","1988","18478132","3690508","100","100","64.6389107903813","52.3029455455272","251437","203405"
"Caribbean","1988","1827608","379377","100","100","83.4133220899381","61.1256716307614","32144","23581"
"Europe","1988","25211233","5011184","100","100","18.8051709545216","15.9007510349869","93823","78968"
"Northern Europe","1988","3128685","641460","100","100","11.565764278429","9.70226107886138","7348","6186"
"Southern Europe","1988","4398164","854644","100","100","17.5123757712957","15.0605191874553","15081","12873"
"Eastern Europe","1988","12299127","2443776","100","100","24.8288781942428","21.0396410462683","59813","50337"
"Western Europe","1988","5385257","1071304","100","100","10.80957668741","8.93444424891981","11581","9572"
"Oceania","1988","1236492","253469","100","100","40.8042490058018","31.0567267431028","10630","8139"
"Australia and New Zealand","1988","784304","159800","100","100","11.832197750662","9.76257276274959","1823","1511"
"Melanesia","1988","411287","85233","100","100","84.5565704752498","63.152117789194","8340","6260"
"Micronesia","1988","19424","4073","100","100","74.8416031044887","57.2440876447308","317","245"
"Polynesia","1988","21477","4363","100","100","30.7850336244077","25.44444075116",,"123"
"Africa","1989","54573499","11772073","100","100","173.794676824616","108.310779546015","2188159","1385460"
"Northern Africa","1989","10916602","2250590","100","100","89.9289102527923","66.8708158122687","209900","156715"
"Southern Africa","1989","3003583","613694","100","100","67.7289611453563","52.4450740458107","45129","34915"
"Eastern Africa","1989","18173273","3990173","100","100","189.182133132527","117.270990160881","800119","503982"
"Western Africa","1989","15975123","3475438","100","100","215.463769506433","126.649598669018","835855","498836"
"Middle Africa","1989","6504918","1442178","100","100","193.128518912303","121.516883473873","297155","191012"
"Asia","1989","205966650","44271806","100","100","92.2821430499959","69.762307903314","4055502","3069700"
"Eastern Asia","1989","73872728","17157500","100","100","53.0085975356607","41.9019355848226","789858","625913"
"Central Asia","1989","3686956","794859","100","100","80.1165759362484","66.5655509307304","63800","53232"
"Southern Asia","1989","88493989","18281704","100","100","127.565751028028","95.050570460982","2536577","1893534"
"South-Eastern Asia","1989","29004578","5805245","100","100","81.2573815199413","60.0420341931063","498609","367901"
"Western Asia","1989","10908399","2232498","100","100","71.1990722610308","54.8619941766305","166661","129120"
"Americas","1989","39056467","7895002","100","100","48.5553513486713","38.9854746767676","397589","319560"
"Northern America","1989","10584834","2146638","100","100","12.4931232934667","10.4385679846585","27239","22861"
"Latin America and the Caribbean","1989","28471633","5748364","100","100","61.6247930830526","49.3581508527666","370350","296699"
"Central America","1989","8155455","1690839","100","100","56.3819208921647","44.7433031256138","97966","77902"
"South America","1989","18491468","3686028","100","100","62.0314097248812","50.4065217458008","241183","195863"
"Caribbean","1989","1824710","371497","100","100","81.0989492665225","59.6375790395197","31201","22934"
"Europe","1989","24943397","4910827","100","100","18.0092022109587","15.2198956843936","88259","74072"
"Northern Europe","1989","3144742","638200","100","100","11.1040326696723","9.30726403424065","7093","5958"
"Southern Europe","1989","4302642","843316","100","100","16.4744585279625","14.148324466553","13932","11882"
"Eastern Europe","1989","12120454","2377603","100","100","24.084298003208","20.4158039097956","56153","47090"
"Western Europe","1989","5375559","1051708","100","100","10.3770809825263","8.56884172835737","11081","9142"
"Oceania","1989","1238757","250540","100","100","39.8344419987106","30.3569127318105","10496","8052"
"Australia and New Zealand","1989","784139","156716","100","100","11.2711754899871","9.29527954675492","1759","1458"
"Melanesia","1989","413664","85428","100","100","82.9988635925164","62.1055328142532","8282","6233"
"Micronesia","1989","19673","4091","100","100","72.6773679943266","55.8143594961298","311","241"
"Polynesia","1989","21281","4305","100","100","29.8299442597285","24.6936576073467","144","120"
"Africa","1990","55634665","11976076","100","100","172.396950557178","107.413030436968","2206130","1395814"
"Northern Africa","1990","10988152","2247539","100","100","86.938304697899","64.7900511236502","202618","151465"
"Southern Africa","1990","3016777","611573","100","100","65.9388459084499","51.1980123796984","43705","33833"
"Eastern Africa","1990","18578236","4070849","100","100","187.182034716443","115.945142812044","808440","508398"
"Western Africa","1990","16325484","3555410","100","100","213.938640579066","125.920852834767","846854","506147"
"Middle Africa","1990","6726016","1490705","100","100","192.055234464746","120.990905680421","304513","195971"
"Asia","1990","208099916","44017628","100","100","90.3633899243604","68.5420779153074","3951246","2992581"
"Eastern Asia","1990","75145302","16888108","100","100","52.7761195445925","41.7201733971161","772772","606980"
"Central Asia","1990","3712848","787079","100","100","79.4143122110491","66.0506525139946","63321","52751"
"Southern Asia","1990","89214884","18317799","100","100","123.96984644496","92.6704810011244","2476027","1853121"
"South-Eastern Asia","1990","29000333","5777382","100","100","77.9534948809414","57.8952828522996","477991","354395"
"Western Asia","1990","11026549","2247260","100","100","68.3494055230197","52.8932866713893","161135","125334"
"Americas","1990","39203004","7906747","100","100","46.5566696269278","37.5279628272682","382185","308284"
"Northern America","1990","10683161","2162072","100","100","12.1615831752211","10.1662404752674","26761","22459"
"Latin America and the Caribbean","1990","28519843","5744675","100","100","59.1260933324269","47.5483432583395","355424","285825"
"Central America","1990","8223343","1702079","100","100","53.878409924037","42.9623002822355","93948","75055"
"South America","1990","18470902","3677608","100","100","59.5098795455258","48.5497255035901","231203","188466"
"Caribbean","1990","1825598","364988","100","100","79.0144880146468","58.2966537700301","30273","22304"
"Europe","1990","24556646","4769771","100","100","17.2585017898853","14.5790257553799","82712","69200"
"Northern Europe","1990","3160176","634512","100","100","10.6331390594139","8.90156584053269","6807","5699"
"Southern Europe","1990","4210499","831035","100","100","15.4413965615113","13.2440738651512","12848","10947"
"Eastern Europe","1990","11813640","2269479","100","100","23.4886433581204","19.9202865934605","52518","43877"
"Western Europe","1990","5372331","1034745","100","100","9.91809869089655","8.18301440807367","10539","8677"
"Oceania","1990","1248412","250180","100","100","38.9024674658539","29.6918335391917","10365","7965"
"Australia and New Zealand","1990","788649","155273","100","100","10.6717415860108","8.79625877312156","1684","1395"
"Melanesia","1990","418651","86515","100","100","81.4675806242519","61.0889613894833","8236","6217"
"Micronesia","1990","19884","4102","100","100","70.6026596985365","54.4138563127713","306","238"
"Polynesia","1990","21228","4290","100","100","28.898845701449","23.9774590765175","139","115"
"Africa","1991","56828517","12127267","100","100","171.08479219976","106.602218376264","2224179","1406829"
"Northern Africa","1991","11052569","2228538","100","100","84.2899285730359","62.9342496324774","195742","146490"
"Southern Africa","1991","3019984","605140","100","100","64.7134638103942","50.2831191652504","42548","32900"
"Eastern Africa","1991","19044968","4124855","100","100","185.051799691059","114.616874171205","815762","512611"
"Western Africa","1991","16734745","3630806","100","100","212.299847587557","125.125948793237","857634","513430"
"Middle Africa","1991","6976251","1537928","100","100","191.240851901593","120.678198338598","312493","201398"
"Asia","1991","210897665","42996106","100","100","88.501318081012","67.3336069851675","3831088","2903451"
"Eastern Asia","1991","77189697","15816250","100","100","52.151158453427","41.2679297653309","739964","576752"
"Central Asia","1991","3753680","766625","100","100","79.7610224164834","66.2926324841987","63238","52486"
"Southern Asia","1991","89895654","18360159","100","100","120.473099581859","90.3241584138031","2414607","1811742"
"South-Eastern Asia","1991","28965706","5793200","100","100","74.7081677572806","55.784168058334","457286","340732"
"Western Asia","1991","11092928","2259872","100","100","65.7294924254575","51.051540393922","155993","121739"
"Americas","1991","39328240","7915750","100","100","44.5558834165536","36.0753938729779","366307","296712"
"Northern America","1991","10780279","2177787","100","100","11.7750245101277","9.85165436115171","26089","21897"
"Latin America and the Caribbean","1991","28547961","5737963","100","100","56.6046705565406","45.7281886611181","340218","274815"
"Central America","1991","8311434","1712286","100","100","51.4196848470964","41.2301682942456","89913","72218"
"South America","1991","18416116","3664995","100","100","56.9301404588792","46.6533142017099","220981","180932"
"Caribbean","1991","1820411","360682","100","100","76.9688897660621","56.9670295789684","29324","21665"
"Europe","1991","24164458","4583262","100","100","16.609124028248","14.0228377441622","77519","64658"
"Northern Europe","1991","3168363","631627","100","100","10.1294966283898","8.46693012880099","6471","5402"
"Southern Europe","1991","4155426","818455","100","100","14.5754251931136","12.4885971234046","11943","10171"
"Eastern Europe","1991","11507322","2113048","100","100","23.1120137747447","19.6049450512204","49143","40894"
"Western Europe","1991","5333347","1020132","100","100","9.43512562845694","7.77860291449588","9962","8191"
"Oceania","1991","1256931","253468","100","100","38.0452651335145","29.0946592078114","10241","7883"
"Australia and New Zealand","1991","791413","156451","100","100","10.0531169224115","8.28113132105086","1601","1325"
"Melanesia","1991","424158","88560","100","100","79.9627787159026","60.1159860099119","8205","6214"
"Micronesia","1991","20133","4136","100","100","68.7127164139094","53.1245584373699","301","233"
"Polynesia","1991","21227","4321","100","100","27.9955298443451","23.2858824881776","134","111"
"Africa","1992","57764506","12267660","100","100","169.788026469775","105.771642926263","2241973","1417583"
"Northern Africa","1992","11049450","2201272","100","100","81.8080566833374","61.2087578096608","188962","141645"
"Southern Africa","1992","3011588","597273","100","100","64.2526773407453","49.8445706611032","41821","32238"
"Eastern Africa","1992","19366019","4162870","100","100","182.742463462269","113.138268643637","822082","516189"
"Western Africa","1992","17111948","3714364","100","100","210.502462417178","124.18991071223","868113","520427"
"Middle Africa","1992","7225501","1591881","100","100","190.641297877363","120.460097544473","320995","207084"
"Asia","1992","209975182","41410836","100","100","86.6166724426198","66.0875413834197","3700322","2807779"
"Eastern Asia","1992","75652619","14155816","100","100","51.1461636101802","40.5592796278958","696187","539953"
"Central Asia","1992","3723958","734988","100","100","80.6570415678436","66.9787563051948","63135","52184"
"Southern Asia","1992","90418906","18413207","100","100","117.074441255362","88.0231370299794","2353284","1770281"
"South-Eastern Asia","1992","29012361","5832647","100","100","71.5872554759058","53.7688557416153","436764","327150"
"Western Asia","1992","11167338","2274178","100","100","63.2129929093644","49.282050822441","150952","118211"
"Americas","1992","39410865","7923448","100","100","42.569520186542","34.6033829757086","350149","284680"
"Northern America","1992","10861117","2194425","100","100","11.3348783797348","9.48161970835766","25216","21140"
"Latin America and the Caribbean","1992","28549748","5729023","100","100","54.0828278595912","43.8708248674203","324933","263540"
"Central America","1992","8384147","1722391","100","100","49.0678107563313","39.5292679456394","85993","69376"
"South America","1992","18350386","3649065","100","100","54.2944990600782","44.6828427592529","210545","173129"
"Caribbean","1992","1815215","357567","100","100","74.9925774755916","55.6523595456747","28395","21035"
"Europe","1992","23531405","4358781","100","100","16.0522729400145","13.5385838401093","72762","60482"
"Northern Europe","1992","3171545","628498","100","100","9.61396865082509","8.02931639471601","6110","5085"
"Southern Europe","1992","4087315","805247","100","100","13.9442205928858","11.8784424239231","11271","9541"
"Eastern Europe","1992","10970547","1917041","100","100","22.9128834688985","19.4425801528475","46040","38183"
"Western Europe","1992","5301998","1007995","100","100","8.90685389506252","7.33806415579984","9341","7673"
"Oceania","1992","1273440","259094","100","100","37.3284011832126","28.606943380167","10138","7826"
"Australia and New Zealand","1992","799170","159116","100","100","9.47642633410828","7.80316608539346","1520","1257"
"Melanesia","1992","432588","91412","100","100","78.5397261745814","59.2062300888922","8194","6231"
"Micronesia","1992","20327","4164","100","100","67.1436648026406","52.0564734559431","295","230"
"Polynesia","1992","21355","4402","100","100","27.115927435874","22.6138833648689","129","108"
"Africa","1993","58553416","12414328","100","100","168.516972187895","104.920992628964","2260434","1428465"
"Northern Africa","1993","10996512","2168857","100","100","79.4100550660562","59.5206546491595","182225","136811"
"Southern Africa","1993","2997833","591271","100","100","64.6921652338728","49.8959243248152","41652","31881"
"Eastern Africa","1993","19605333","4200705","100","100","180.493013733746","111.581466927683","828857","519613"
"Western Africa","1993","17478861","3804990","100","100","208.448945586356","123.149196926888","877917","527276"
"Middle Africa","1993","7474877","1648505","100","100","190.132814396803","120.260898232168","329783","212884"
"Asia","1993","206552441","39545389","100","100","84.6570475469648","64.732335490911","3565914","2709705"
"Eastern Asia","1993","71705189","12200277","100","100","49.8718255935203","39.6108069685092","648420","501568"
"Central Asia","1993","3643647","696678","100","100","81.4450767341897","67.538552343871","62535","51453"
"Southern Asia","1993","90858934","18481254","100","100","113.739542751272","85.7233804522771","2292098","1728285"
"South-Eastern Asia","1993","29103433","5877233","100","100","68.6410724578853","51.8504754472575","416702","313654"
"Western Asia","1993","11241238","2289947","100","100","60.8426070033451","47.5767493028726","146159","114745"
"Americas","1993","39460581","7930226","100","100","40.610644848041","33.1581090145516","333868","272608"
"Northern America","1993","10921417","2207719","100","100","10.9100449959469","9.12618626958762","24297","20347"
"Latin America and the Caribbean","1993","28539164","5722507","100","100","51.5600855120471","42.0195830190175","309571","252261"
"Central America","1993","8446444","1731934","100","100","46.8349253850728","37.9099871621575","82220","66636"
"South America","1993","18281276","3635008","100","100","51.6052478174275","42.6900811421541","199879","165226"
"Caribbean","1993","1811444","355565","100","100","72.9861370178421","54.2726562372445","27472","20399"
"Europe","1993","22755093","4124362","100","100","15.4855986045482","13.0544330929362","68064","56455"
"Northern Europe","1993","3169236","624267","100","100","9.09929045235336","7.59563995179982","5733","4758"
"Southern Europe","1993","4013454","791978","100","100","13.1977852023314","11.2193551051863","10526","8891"
"Eastern Europe","1993","10293692","1709087","100","100","22.7692981375527","19.3232915526472","43088","35650"
"Western Europe","1993","5278711","999030","100","100","8.36641486753564","6.88826413308578","8717","7156"
"Oceania","1993","1295305","265788","100","100","36.7576630934752","28.1982785424634","10061","7773"
"Australia and New Zealand","1993","809881","162326","100","100","8.92867111300633","7.34500443883716","1438","1186"
"Melanesia","1993","443377","94778","100","100","77.250721138218","58.3223231209418","8208","6256"
"Micronesia","1993","20475","4184","100","100","65.7890174821941","51.1773921138927","291","227"
"Polynesia","1993","21572","4500","100","100","26.258516019217","21.941809359326","124","104"
"Africa","1994","59349782","12588748","100","100","167.973015072117","104.086255540317","2290815","1440260"
"Northern Africa","1994","10914058","2136047","100","100","76.9647150426558","57.8156569148041","175361","131955"
"Southern Africa","1994","2993802","591486","100","100","66.1315406156074","50.432235959538","42123","31851"
"Eastern Africa","1994","19869796","4257463","100","100","180.483348065493","110.118341819767","847612","523759"
"Western Africa","1994","17857786","3901104","100","100","206.12350050804","121.989529459867","886966","533894"
"Middle Africa","1994","7714340","1702648","100","100","189.664062874591","120.090136270715","338753","218801"
"Asia","1994","202352912","37824628","100","100","82.5129278947194","63.253702615175","3429465","2613047"
"Eastern Asia","1994","67093516","10392929","100","100","48.3417063665446","38.5123024012437","600706","465772"
"Central Asia","1994","3541274","658311","100","100","81.6120870735566","67.6659339928769","61126","50150"
"Southern Asia","1994","91263972","18566444","100","100","110.336914220543","83.3855727682915","2228926","1685285"
"South-Eastern Asia","1994","29146167","5900582","100","100","65.8770782815147","50.0547303612323","397260","300525"
"Western Asia","1994","11307983","2306362","100","100","58.5455293504091","45.9164517953413","141447","111315"
"Americas","1994","39492071","7936119","100","100","38.7136090356941","31.7427634559919","317829","260554"
"Northern America","1994","10954461","2211819","100","100","10.5040616941674","8.78772043468525","23356","19540"
"Latin America and the Caribbean","1994","28537610","5724300","100","100","49.0920678889264","40.1860863822312","294473","241014"
"Central America","1994","8502391","1740458","100","100","44.6494637382849","36.3240631992533","78479","63912"
"South America","1994","18228127","3629437","100","100","48.9840411650149","40.7111833981982","189444","157334"
"Caribbean","1994","1807092","354405","100","100","70.9068271630669","52.8605901187948","26550","19768"
"Europe","1994","21969059","3918965","100","100","14.9029820007167","12.5705128383981","63521","52685"
"Northern Europe","1994","3156255","617661","100","100","8.60809985652788","7.18760221760485","5361","4445"
"Southern Europe","1994","3943781","779483","100","100","12.2876938416685","10.4752538295908","9675","8198"
"Eastern Europe","1994","9612952","1527906","100","100","22.6423274347177","19.2212157159517","40350","33365"
"Western Europe","1994","5256071","993915","100","100","7.85017148285794","6.46065584922602","8135","6677"
"Oceania","1994","1316014","271699","100","100","36.3490642949428","27.9242116106839","10013","7746"
"Australia and New Zealand","1994","818448","164691","100","100","8.48766040371851","6.98011615739455","1368","1127"
"Melanesia","1994","455245","98235","100","100","76.0468903861078","57.5232305803328","8236","6296"
"Micronesia","1994","20541","4194","100","100","64.7364118400944","50.451982696852","288","224"
"Polynesia","1994","21780","4579","100","100","25.4586271518775","21.3166159519974","121","99"
"Africa","1995","60301063","12805441","100","100","165.448960985928","102.812721390565","2292382","1446616"
"Northern Africa","1995","10815050","2107189","100","100","74.4885782420361","56.0571159396203","168532","127079"
"Southern Africa","1995","3014298","600420","100","100","68.4202359041125","51.3401181927532","43160","32094"
"Eastern Africa","1995","20260813","4345224","100","100","175.301775880964","107.670154999151","839489","523247"
"Western Africa","1995","18275767","4001492","100","100","203.257665747485","120.564115917246","893943","539593"
"Middle Africa","1995","7935135","1751116","100","100","188.902944224857","119.825009155626","347258","224603"
"Asia","1995","198646944","36577021","100","100","80.2529959356243","61.6767811378589","3297660","2520908"
"Eastern Asia","1995","63074720","9076489","100","100","46.7023064290425","37.317039769835","557240","434353"
"Central Asia","1995","3439111","625200","100","100","81.0555683842525","67.2687144575153","58955","48318"
"Southern Asia","1995","91686533","18667937","100","100","106.953222074752","81.0629005824236","2165932","1642549"
"South-Eastern Asia","1995","29076682","5884719","100","100","63.3185864792069","48.3580488069097","378821","287871"
"Western Asia","1995","11369898","2322676","100","100","56.2798596990892","44.2579624474604","136712","107817"
"Americas","1995","39529550","7941017","100","100","36.880535024021","30.3461353952873","302146","248520"
"Northern America","1995","10968002","2203138","100","100","10.1522328143273","8.49732025429261","22493","18807"
"Latin America and the Caribbean","1995","28561548","5737879","100","100","46.6830940153228","38.3556317227329","279653","229713"
"Central America","1995","8556777","1747585","100","100","42.6070163147642","34.796037882134","74946","61254"
"South America","1995","18204084","3636479","100","100","46.3891265203429","38.7127173324539","179061","149314"
"Caribbean","1995","1800687","353815","100","100","68.7990158509711","51.4082866022978","25646","19145"
"Europe","1995","21254375","3771031","100","100","14.2888324032036","12.0512981235377","59144","49072"
"Northern Europe","1995","3129136","607965","100","100","8.20875416380706","6.86117455722773","5042","4181"
"Southern Europe","1995","3886661","768438","100","100","11.3979022336544","9.69549156322657","8869","7504"
"Eastern Europe","1995","9014704","1401687","100","100","22.3496809478512","18.9778699279026","37632","31151"
"Western Europe","1995","5223874","992941","100","100","7.36697922903018","6.05711829738826","7601","6236"
"Oceania","1995","1332097","275511","100","100","36.0288374905334","27.7212950104352","9973","7729"
"Australia and New Zealand","1995","822233","165253","100","100","8.12718082949149","6.68428367014401","1306","1074"
"Melanesia","1995","467478","101442","100","100","74.8278573943776","56.7151265236631","8268","6337"
"Micronesia","1995","20465","4205","100","100","63.8729012030257","49.8930299902068","284","221"
"Polynesia","1995","21921","4611","100","100","24.6903999997797","20.7243328693662","115","97"
"Africa","1996","61507949","13075435","100","100","162.520921087492","101.359539161715","2289291","1451145"
"Northern Africa","1996","10683564","2091607","100","100","72.0057067869918","54.2922952462416","161880","122338"
"Southern Africa","1996","3069012","627286","100","100","71.201978431062","52.2465030979008","44550","32392"
"Eastern Africa","1996","20775837","4460305","100","100","169.55153058873","105.135033594477","828631","522308"
"Western Africa","1996","18799693","4098871","100","100","199.902634591187","118.836481909913","898920","544123"
"Middle Africa","1996","8179843","1797366","100","100","187.892816923821","119.306952078464","355310","229984"
"Asia","1996","192697833","35973706","100","100","77.8419275650314","60.0010258227328","3170115","2433321"
"Eastern Asia","1996","56727775","8421521","100","100","44.9241047653706","36.0655795230864","518303","407676"
"Central Asia","1996","3301254","600240","100","100","79.8185915441182","66.3215657535241","56208","46062"
"Southern Asia","1996","92152948","18792564","100","100","103.52704657385","78.7097762177845","2101954","1599146"
"South-Eastern Asia","1996","29046087","5813467","100","100","60.9692452282614","46.7834518069326","361765","276168"
"Western Asia","1996","11469769","2345914","100","100","54.0236579637063","42.6134417608596","131885","104269"
"Americas","1996","39622369","7941103","100","100","35.0992493898512","29.0025647333335","286805","236860"
"Northern America","1996","11025563","2172715","100","100","9.84967040833507","8.2514414616139","21722","18166"
"Latin America and the Caribbean","1996","28596806","5768388","100","100","44.3337018357542","36.5892294234772","265083","218694"
"Central America","1996","8618519","1754849","100","100","40.6251538575795","33.3392461734336","71478","58690"
"South America","1996","18192070","3659590","100","100","43.8520577851164","36.7744130271502","168827","141449"
"Caribbean","1996","1786217","353949","100","100","66.7312756900585","50.0086874522293","24778","18555"
"Europe","1996","20325966","3698538","100","100","13.6916260204673","11.5594049659107","55178","45896"
"Northern Europe","1996","3084053","593818","100","100","7.88451516860289","6.59720648885703","4767","3956"
"Southern Europe","1996","3845493","757199","100","100","10.5191801191724","8.95849236958727","8101","6867"
"Eastern Europe","1996","8244811","1346437","100","100","21.9399245308928","18.6457032918496","35129","29179"
"Western Europe","1996","5151609","1001084","100","100","6.9842619602043","5.7431990757806","7181","5894"
"Oceania","1996","1354011","276889","100","100","35.822892024032","27.5940631182199","9957","7725"
"Australia and New Zealand","1996","828728","163835","100","100","7.84453170175459","6.45393331222051","1255","1030"
"Melanesia","1996","482870","104234","100","100","73.7166827430553","55.962181435558","8312","6382"
"Micronesia","1996","20228","4241","100","100","63.1205173765784","49.3808111139308","279","219"
"Polynesia","1996","22185","4579","100","100","23.9691916829933","20.1509428285495","111","94"
"Africa","1997","62741797","13392349","100","100","159.983057892557","99.7578747332597","2293273","1453940"
"Northern Africa","1997","10575439","2080964","100","100","69.6073813390193","52.5509020755856","155664","117834"
"Southern Africa","1997","3161988","663275","100","100","74.3233314818421","53.2777774919899","46206","32834"
"Eastern Africa","1997","21343732","4607377","100","100","165.793602538492","102.657807314152","828100","521350"
"Western Africa","1997","19274546","4201974","100","100","195.946508908974","116.757787988426","901157","547117"
"Middle Africa","1997","8386092","1838759","100","100","186.253371432862","118.475929444535","362146","234805"
"Asia","1997","189101762","35857252","100","100","75.2990273151584","58.1959812289349","3046018","2346830"
"Eastern Asia","1997","52895716","8263849","100","100","43.092051431227","34.7283431016715","484153","384057"
"Central Asia","1997","3188244","581359","100","100","77.986821017641","64.9539088852051","53098","43587"
"Southern Asia","1997","92638223","18935554","100","100","100.016027979754","76.2473882867668","2035914","1553238"
"South-Eastern Asia","1997","28813820","5705877","100","100","58.7588304903531","45.2802440132078","346056","265432"
"Western Asia","1997","11565759","2370613","100","100","51.7112907116767","40.9184765042123","126797","100516"
"Americas","1997","39665059","7939447","100","100","33.4010978988155","27.6933280011737","272144","225485"
"Northern America","1997","10982980","2129578","100","100","9.60182027655254","8.05259855636369","21080","17645"
"Latin America and the Caribbean","1997","28682079","5809869","100","100","42.0970815455176","34.8699278279335","251064","207840"
"Central America","1997","8670167","1761266","100","100","38.709019249762","31.8842427276947","68087","56097"
"South America","1997","18232847","3693718","100","100","41.4559097630907","34.9060418740564","159049","133770"
"Caribbean","1997","1779065","354885","100","100","64.6822567993132","48.6213673441965","23928","17973"
"Europe","1997","19725597","3685883","100","100","13.1254386863288","11.0894870078592","51700","43132"
"Northern Europe","1997","3028410","577267","100","100","7.62561088030644","6.38605475738909","4531","3766"
"Southern Europe","1997","3799677","747300","100","100","9.78662082159854","8.32621748774756","7479","6339"
"Eastern Europe","1997","7772122","1347835","100","100","21.3893312450538","18.1947758669103","32845","27408"
"Western Europe","1997","5125388","1013481","100","100","6.67556298048089","5.48917944877305","6845","5619"
"Oceania","1997","1366624","276496","100","100","35.6639857076061","27.4788740989497","9948","7714"
"Australia and New Zealand","1997","827766","160898","100","100","7.59600256029314","6.2465847851574","1206","988"
"Melanesia","1997","496595","106817","100","100","72.6860204560554","55.2286375244547","8359","6422"
"Micronesia","1997","20027","4278","100","100","62.3791329468932","48.8647619683445","275","214"
"Polynesia","1997","22236","4503","100","100","23.252782296404","19.5864110645033","108","90"
"Africa","1998","64035363","13740074","100","100","156.940333446148","97.8999073352749","2290127","1453080"
"Northern Africa","1998","10492185","2077788","100","100","67.2175945949847","50.8175884701102","149737","113559"
"Southern Africa","1998","3274955","698976","100","100","77.7543769783054","54.357695526327","48118","33372"
"Eastern Africa","1998","21968521","4772700","100","100","161.421397172858","99.8456738029862","823698","518123"
"Western Africa","1998","19729145","4310941","100","100","191.53378409099","114.479559039234","901128","549106"
"Middle Africa","1998","8570557","1879669","100","100","183.854386788925","117.27028709658","367446","238920"
"Asia","1998","187306609","36104047","100","100","72.7215379826157","56.3642897055557","2926428","2263037"
"Eastern Asia","1998","50973611","8473152","100","100","41.1536377489844","33.2915532649257","452454","361626"
"Central Asia","1998","3099105","568646","100","100","75.6459071725261","63.1543362097077","49839","41011"
"Southern Asia","1998","93126131","19081457","100","100","96.5856457959893","73.8399316252275","1970951","1507870"
"South-Eastern Asia","1998","28448437","5586539","100","100","56.6345164988923","43.8414592947959","331660","255824"
"Western Asia","1998","11659325","2394253","100","100","49.3705941243293","39.2258152221244","121524","96706"
"Americas","1998","39679526","7938277","100","100","32.0554533342945","26.4737473948255","260361","214885"
"Northern America","1998","10887658","2085287","100","100","9.35736842997903","7.85068890423398","20479","17152"
"Latin America and the Caribbean","1998","28791868","5852990","100","100","40.3658618439328","33.2964267251038","239882","197733"
"Central America","1998","8709958","1765215","100","100","38.2197659176009","30.7287160354799","67130","54001"
"South America","1998","18305862","3731629","100","100","39.1714488728455","33.1131254868243","149616","126297"
"Caribbean","1998","1776048","356146","100","100","62.8058070038978","47.3634961280448","23136","17435"
"Europe","1998","19363615","3714953","100","100","12.5743638263014","10.6318180702619","48603","40678"
"Northern Europe","1998","2967245","560767","100","100","7.41693943627342","6.21787575958855","4335","3604"
"Southern Europe","1998","3757052","739855","100","100","9.13314749850835","7.75884320083791","6939","5876"
"Eastern Europe","1998","7515487","1387336","100","100","20.6963815852407","17.6229847648655","30748","25791"
"Western Europe","1998","5123831","1026995","100","100","6.43648301502397","5.29421343995611","6581","5407"
"Oceania","1998","1372897","275003","100","100","35.4152331373856","27.3500400765531","9910","7703"
"Australia and New Zealand","1998","822029","157203","100","100","7.40472146200544","6.09473000658708","1166","957"
"Melanesia","1998","508920","109091","100","100","71.4596437894038","54.471856035608","8372","6448"
"Micronesia","1998","19787","4301","100","100","61.5094158101678","48.2902482282792","268","210"
"Polynesia","1998","22161","4408","100","100","22.5571660378924","19.0326056623973","104","88"
"Africa","1999","65381901","14094504","100","100","152.79698859363","95.6708133645937","2270318","1446606"
"Northern Africa","1999","10436028","2084517","100","100","64.8422042823694","49.1108660950014","144171","109599"
"Southern Africa","1999","3367268","722183","100","100","80.4353755190936","55.0797742374956","49638","33769"
"Eastern Africa","1999","22613881","4935893","100","100","154.97246551094","96.5447276804603","807278","511639"
"Western Africa","1999","20199770","4426100","100","100","186.517668006722","111.872282775892","897818","549289"
"Middle Africa","1999","8764954","1925811","100","100","180.826286502892","115.697009205449","371413","242310"
"Asia","1999","186169357","36500818","100","100","70.1623078533744","54.5739581207824","2811803","2183477"
"Eastern Asia","1999","49719618","8826779","100","100","38.9321028434644","31.6963535271082","420143","338869"
"Central Asia","1999","3025292","561400","100","100","72.7991147993145","60.9932823368878","46560","38489"
"Southern Asia","1999","93579082","19208997","100","100","93.3941539730598","71.6420602225778","1910100","1465990"
"South-Eastern Asia","1999","28098056","5490193","100","100","54.6120732231294","42.4543400903096","318816","247308"
"Western Asia","1999","11747309","2413449","100","100","47.0316250727562","37.5157153419473","116184","92821"
"Americas","1999","39688353","7941022","100","100","30.3533120852453","25.2208232160587","245844","204091"
"Northern America","1999","10802809","2056094","100","100","9.2020489831709","7.7297126429005","20117","16881"
"Latin America and the Caribbean","1999","28885544","5884928","100","100","38.1420342100031","31.6693864837151","225727","187210"
"Central America","1999","8732287","1764651","100","100","35.0173897651328","29.0919239985056","61449","51044"
"South America","1999","18379733","3763216","100","100","37.3553431924527","31.4494711921081","141890","119243"
"Caribbean","1999","1773524","357061","100","100","61.0520856711312","46.191708386949","22388","16923"
"Europe","1999","19102348","3757631","100","100","12.0414158257494","10.1892418158728","45870","38516"
"Northern Europe","1999","2910146","547616","100","100","7.23358367625349","6.06679138180673","4160","3464"
"Southern Europe","1999","3727258","736389","100","100","8.5821446039599","7.28304795992256","6502","5504"
"Eastern Europe","1999","7341532","1436385","100","100","19.8819736139453","16.9467767590966","28843","24316"
"Western Europe","1999","5123412","1037241","100","100","6.24297596941736","5.13751848631359","6365","5232"
"Oceania","1999","1377273","273453","100","100","35.1178020092018","27.1676768287847","9865","7680"
"Australia and New Zealand","1999","815529","153867","100","100","7.23370220600095","5.95877696122709","1131","928"
"Melanesia","1999","520196","110973","100","100","70.253904945039","53.697073195015","8371","6462"
"Micronesia","1999","19479","4293","100","100","60.5095442963397","47.6193421067957","263","205"
"Polynesia","1999","22069","4320","100","100","21.8731647859759","18.4750642196066","100","85"
"Africa","2000","66800844","14437175","100","100","148.44804040711","93.2479062937164","2247174","1437008"
"Northern Africa","2000","10411824","2102432","100","100","62.5230718815168","47.429919713197","139101","105991"
"Southern Africa","2000","3405954","725206","100","100","82.6633152654694","55.6322459860829","50998","34165"
"Eastern Africa","2000","23253685","5081419","100","100","148.745265366886","93.0850738453145","790858","503517"
"Western Africa","2000","20726646","4547332","100","100","181.180506160339","109.113872156059","892397","548387"
"Middle Africa","2000","9002735","1980786","100","100","177.087503074469","113.760585946036","373820","244948"
"Asia","2000","184895217","36881946","100","100","67.3616269319133","52.5650725179438","2690995","2097418"
"Eastern Asia","2000","48235175","9153007","100","100","36.5760720485715","29.9483815378653","388484","315676"
"Central Asia","2000","2959620","559004","100","100","69.6153069245365","58.5489693810453","43484","36160"
"Southern Asia","2000","93979237","19302432","100","100","89.8541546624958","69.1340474021368","1840873","1416839"
"South-Eastern Asia","2000","27893324","5441249","100","100","52.6447153102517","41.1041707241242","307213","239732"
"Western Asia","2000","11827861","2426254","100","100","44.7422260195262","35.8316320907404","110941","89011"
"Americas","2000","39699602","7949648","100","100","28.6621124791426","24.0000433647259","231487","193652"
"Northern America","2000","10761079","2053236","100","100","9.06926530406937","7.62747972192394","19859","16701"
"Latin America and the Caribbean","2000","28938523","5896412","100","100","35.9479681755871","30.0992073821254","211628","176951"
"Central America","2000","8734233","1758435","100","100","33.3040875388501","27.7765560775334","58334","48634"
"South America","2000","18435396","3780808","100","100","34.8832513791387","29.7135498961581","131607","111869"
"Caribbean","2000","1768894","357169","100","100","59.4402177064828","45.1313330008897","21687","16448"
"Europe","2000","18860921","3793289","100","100","11.5389076059978","9.7753417483387","43531","36680"
"Northern Europe","2000","2863526","540236","100","100","7.05721174729412","5.92164956401068","4003","3337"
"Southern Europe","2000","3719045","737861","100","100","8.09988268262762","6.86820352441815","6138","5195"
"Eastern Europe","2000","7167870","1474032","100","100","19.0187418857133","16.2344682974711","27209","23063"
"Western Europe","2000","5110480","1041160","100","100","6.08078147328628","5.00875872936685","6181","5085"
"Oceania","2000","1381913","272706","100","100","34.7289818180379","26.9034625781667","9810","7644"
"Australia and New Zealand","2000","810048","151760","100","100","7.07363268001837","5.83232966218669","1101","905"
"Melanesia","2000","530657","112433","100","100","69.050714082594","52.9041428242588","8356","6456"
"Micronesia","2000","19189","4240","100","100","59.4416354352498","46.9089444263056","256","201"
"Polynesia","2000","22019","4273","100","100","21.2086406501788","17.9408634542009","97","82"
"Africa","2001","68529660","14730876","100","100","143.636465707512","90.571211674769","2216351","1423195"
"Northern Africa","2001","10428501","2132447","100","100","60.2523545718859","45.8002747279463","134534","102803"
"Southern Africa","2001","3435661","699565","100","100","84.4357050576935","56.0113542250416","52241","34588"
"Eastern Africa","2001","23997023","5196366","100","100","141.859242564757","89.2137423197491","769479","492321"
"Western Africa","2001","21380321","4666743","100","100","175.664769512139","106.291077381575","885369","546706"
"Middle Africa","2001","9288154","2035755","100","100","172.697613905705","111.444716075098","374728","246777"
"Asia","2001","184277467","37208704","100","100","64.5665922327246","50.5350581536562","2573666","2012767"
"Eastern Asia","2001","47091534","9421961","100","100","34.0616855784703","28.0700506271094","356905","292282"
"Central Asia","2001","2885473","559581","100","100","66.2051298769843","55.9542317066575","40759","34167"
"Southern Asia","2001","94589226","19344188","100","100","86.462869920882","66.6990400006769","1773730","1368369"
"South-Eastern Asia","2001","27803594","5460924","100","100","50.67501449622","39.7338173574079","296370","232585"
"Western Asia","2001","11907640","2422050","100","100","42.5171198761465","34.1921375341863","105902","85364"
"Americas","2001","39715238","7976465","100","100","27.2405385123452","22.8687755396946","219411","184014"
"Northern America","2001","10656648","2090686","100","100","8.96126307413325","7.54765699142791","19713","16620"
"Latin America and the Caribbean","2001","29058590","5885779","100","100","34.1321272358458","28.6589559200228","199698","167394"
"Central America","2001","8731808","1747430","100","100","31.6788403111128","26.5164164252746","55347","46300"
"South America","2001","18559881","3782256","100","100","32.9426333684197","28.1440294900591","123309","105090"
"Caribbean","2001","1766901","356093","100","100","57.98737959237","44.1618636165379","21042","16004"
"Europe","2001","18826649","3808691","100","100","11.0468495126314","9.36978024125891","41502","35093"
"Northern Europe","2001","2801448","538139","100","100","6.89215902429008","5.78725710107861","3875","3237"
"Southern Europe","2001","3715081","740999","100","100","7.64699334347663","6.47645405106765","5815","4921"
"Eastern Europe","2001","7175708","1492856","100","100","18.1059790442544","15.4804809029435","25813","21997"
"Western Europe","2001","5134412","1036697","100","100","5.92059886936613","4.88061906095263","5999","4938"
"Oceania","2001","1377654","272494","100","100","34.2191421775266","26.5503447076815","9743","7606"
"Australia and New Zealand","2001","795534","150826","100","100","6.93615411551884","5.72496591224796","1080","890"
"Melanesia","2001","541026","113307","100","100","67.82538269201","52.1095252441425","8322","6441"
"Micronesia","2001","19428","4089","100","100","58.3523265319467","46.1510363993751","247","195"
"Polynesia","2001","21666","4272","100","100","20.6066580417221","17.4462854019043","94","80"
"Africa","2002","70044395","15018802","100","100","138.519159877399","87.7497992843142","2179954","1406665"
"Northern Africa","2002","10496979","2174344","100","100","58.0076202413682","44.1756488461057","130403","99917"
"Southern Africa","2002","3373522","654368","100","100","85.8518157096548","56.4398908739303","53458","35187"
"Eastern Africa","2002","24617370","5296627","100","100","134.689842391268","85.1674369713575","745135","479317"
"Western Africa","2002","21984116","4793713","100","100","169.92471273474","103.387719838813","876302","544082"
"Middle Africa","2002","9572408","2099750","100","100","167.911541853062","108.936523278516","374656","248162"
"Asia","2002","184039687","37539981","100","100","61.7515517198268","48.4890016619736","2458398","1929475"
"Eastern Asia","2002","46465466","9681353","100","100","31.4380508827073","26.0636228802873","325830","268772"
"Central Asia","2002","2844332","565112","100","100","62.7232243038609","53.2268087910599","38477","32502"
"Southern Asia","2002","94918532","19352634","100","100","83.1279072706786","64.334720162314","1706610","1320440"
"South-Eastern Asia","2002","27868847","5528635","100","100","48.7671042248153","38.388636853475","286382","225868"
"Western Asia","2002","11942510","2412247","100","100","40.3535028460929","32.5918265441158","101099","81893"
"Americas","2002","39760353","8010626","100","100","25.9051383175464","21.7989359349622","208082","174904"
"Northern America","2002","10692290","2153349","100","100","8.86961377004503","7.48066561281291","19651","16608"
"Latin America and the Caribbean","2002","29068063","5857277","100","100","32.4360940655851","27.3035135680977","188431","158296"
"Central America","2002","8702400","1731280","100","100","30.1697358419327","25.3376528382488","52542","44083"
"South America","2002","18604663","3771802","100","100","31.1158321491958","26.6558635173112","115430","98610"
"Caribbean","2002","1761000","354195","100","100","56.7005241859058","43.3035227770898","20459","15603"
"Europe","2002","18754996","3816800","100","100","10.5312116201837","8.94184996574669","39618","33613"
"Northern Europe","2002","2768331","541268","100","100","6.71626634381095","5.64042487627004","3766","3153"
"Southern Europe","2002","3726757","748509","100","100","7.21296676589744","6.10539196983621","5523","4679"
"Eastern Europe","2002","7138890","1501019","100","100","17.0949237263975","14.6364618700427","24520","20997"
"Western Europe","2002","5121018","1026004","100","100","5.7524999744013","4.74629565276834","5809","4784"
"Oceania","2002","1377145","272930","100","100","33.5989347293277","26.0972721235271","9675","7560"
"Australia and New Zealand","2002","787780","150965","100","100","6.80912002354184","5.62504894595623","1068","883"
"Melanesia","2002","548615","113759","100","100","66.6117691210959","51.2834376901351","8275","6410"
"Micronesia","2002","19193","3902","100","100","57.3348665547014","45.4495388057355","241","190"
"Polynesia","2002","21557","4304","100","100","20.1048154512985","17.0330101557423","91","77"
"Africa","2003","71448284","15311413","100","100","133.256783319401","84.8743817419182","2140117","1388642"
"Northern Africa","2003","10608337","2224325","100","100","55.7146853226067","42.5339050229904","126509","97258"
"Southern Africa","2003","3251396","602764","100","100","87.1252965270397","57.1375230777776","54797","36091"
"Eastern Africa","2003","25158278","5389385","100","100","127.531314975956","81.0872453036865","719420","465279"
"Western Africa","2003","22566363","4925609","100","100","164.084636269821","100.482469046059","865702","540870"
"Middle Africa","2003","9863910","2169330","100","100","162.805159736646","106.281763379316","373689","249144"
"Asia","2003","183980069","37841989","100","100","58.987116500779","46.4898601828521","2347484","1849673"
"Eastern Asia","2003","46091294","9903595","100","100","28.8057755471492","24.075756390432","296182","246643"
"Central Asia","2003","2831243","575854","100","100","59.3226018994164","50.5584324717587","36650","31210"
"Southern Asia","2003","95038275","19338036","100","100","79.9260862770236","62.0707834932197","1641040","1273636"
"South-Eastern Asia","2003","28059250","5619805","100","100","46.919361240214","37.1032399478047","276926","219512"
"Western Asia","2003","11960007","2404699","100","100","38.312403763219","31.0636887603779","96686","78672"
"Americas","2003","39805316","8040026","100","100","24.6685624665246","20.8096203981039","197562","166459"
"Northern America","2003","10815383","2227503","100","100","8.80064773394706","7.43882832058083","19668","16671"
"Latin America and the Caribbean","2003","28989933","5812523","100","100","30.8634668066796","26.044987162398","177894","149788"
"Central America","2003","8656781","1713255","100","100","28.77331360249","24.2470558038693","49916","42010"
"South America","2003","18580778","3747438","100","100","29.411848669266","25.2667760081255","108039","92534"
"Caribbean","2003","1752374","351830","100","100","55.5599252009893","42.5343113854527","19939","15244"
"Europe","2003","18675516","3824541","100","100","10.0264301665355","8.51746220581871","37958","32290"
"Northern Europe","2003","2760718","549770","100","100","6.54520075698617","5.50045166457049","3686","3094"
"Southern Europe","2003","3750927","758661","100","100","6.79218335496212","5.74476052746823","5248","4449"
"Eastern Europe","2003","7081487","1504503","100","100","16.087746722836","13.7811219081354","23405","20113"
"Western Europe","2003","5082384","1011607","100","100","5.58418055002896","4.61260078332132","5619","4634"
"Oceania","2003","1380667","274609","100","100","32.8988017251838","25.5919850537474","9609","7522"
"Australia and New Zealand","2003","785925","152472","100","100","6.70038246445392","5.5414778128721","1064","884"
"Melanesia","2003","554406","114069","100","100","65.4234784615849","50.485310886721","8220","6379"
"Micronesia","2003","18718","3706","100","100","56.4317659213597","44.840720232074","235","184"
"Polynesia","2003","21618","4362","100","100","19.6990954754276","16.6970198994885","90","75"
"Africa","2004","72898792","15625702","100","100","127.979397884436","81.9702302733739","2098504","1369289"
"Northern Africa","2004","10750423","2276907","100","100","53.5264380565684","40.9214069916326","123172","94910"
"Southern Africa","2004","3135382","563611","100","100","87.1059530813244","56.7642149425595","55479","36425"
"Eastern Africa","2004","25692411","5486069","100","100","120.662186619257","77.1427148938645","693928","451159"
"Western Africa","2004","23156435","5059309","100","100","158.249319654303","97.5813289515708","853987","537048"
"Middle Africa","2004","10164141","2239806","100","100","157.474158579046","103.520382676482","371938","249747"
"Asia","2004","184122240","38082212","100","100","56.9115098087389","44.7968084786151","2265526","1783080"
"Eastern Asia","2004","45936425","10063459","100","100","26.3503048692739","22.1717100796571","269635","226345"
"Central Asia","2004","2844421","591930","100","100","56.0450075347436","47.9677117352555","35218","30223"
"Southern Asia","2004","95075799","19316867","100","100","77.2676162929705","60.2351242737036","1585493","1234625"
"South-Eastern Asia","2004","28260638","5699780","100","100","47.6589379521949","36.3480581065447","282534","216146"
"Western Asia","2004","12004957","2410176","100","100","36.388552166909","29.6280694442248","92646","75741"
"Americas","2004","39801607","8048560","100","100","23.5111673171913","19.86977565804","187692","158419"
"Northern America","2004","10944813","2293480","100","100","8.69404956853581","7.35886238091025","19611","16653"
"Latin America and the Caribbean","2004","28856794","5755080","100","100","29.4029380838469","24.8589845013243","168081","141766"
"Central America","2004","8611188","1697747","100","100","27.5025883841363","23.2307553740943","47502","40061"
"South America","2004","18501917","3707776","100","100","27.8085466559689","23.9449529883826","101100","86780"
"Caribbean","2004","1743689","349557","100","100","54.5468158804497","41.8545267316877","19479","14925"
"Europe","2004","18664890","3843515","100","100","9.54359354364309","8.11221515207882","36506","31136"
"Northern Europe","2004","2774731","563546","100","100","6.37263421542467","5.35864320637882","3626","3056"
"Southern Europe","2004","3780707","769114","100","100","6.40829708369106","5.4180506751573","5008","4246"
"Eastern Europe","2004","7069245","1513471","100","100","15.1201422292622","12.9617279373518","22441","19350"
"Western Europe","2004","5040207","997384","100","100","5.41248283981655","4.47473055943801","5431","4484"
"Oceania","2004","1389536","278247","100","100","32.1183006959416","25.0412486760974","9541","7490"
"Australia and New Zealand","2004","789641","155636","100","100","6.59165950945362","5.45718348287615","1067","889"
"Melanesia","2004","559880","114626","100","100","64.2194857925233","49.7057789141995","8156","6345"
"Micronesia","2004","18283","3555","100","100","55.7843312419963","44.3650690795734","230","182"
"Polynesia","2004","21732","4430","100","100","19.4062945881344","16.4544115250212","88","74"
"Africa","2005","74545417","15974070","100","100","122.745286318288","79.0633359962218","2055797","1348914"
"Northern Africa","2005","10917925","2328205","100","100","51.3818114689871","39.3878504119345","120268","93010"
"Southern Africa","2005","3076658","550372","100","100","85.6570671165755","55.3125555439963","55359","36127"
"Eastern Africa","2005","26283202","5595216","100","100","114.158036224323","73.3934801252374","669104","437295"
"Western Africa","2005","23789948","5192522","100","100","152.500222112435","94.6527557656284","841508","532432"
"Middle Africa","2005","10477684","2307755","100","100","152.027333623852","100.714270174422","369558","250050"
"Asia","2005","184501453","38241073","100","100","53.8405821136048","42.802045291678","2144930","1704832"
"Eastern Asia","2005","45976826","10145523","100","100","24.0962257254175","20.4079203348032","246099","208192"
"Central Asia","2005","2881955","613070","100","100","52.8343609093138","45.4396253312989","34059","29455"
"Southern Asia","2005","95157651","19301402","100","100","74.0337882574948","58.0511312798212","1516330","1187149"
"South-Eastern Asia","2005","28373854","5745041","100","100","43.5354675202653","34.6568760409937","259501","207000"
"Western Asia","2005","12111167","2436037","100","100","34.5784928335704","28.2661930658755","88941","73036"
"Americas","2005","39730232","8026012","100","100","22.4574488691049","19.0012480184369","178654","150947"
"Northern America","2005","11034974","2336854","100","100","8.58780259957892","7.27599964025082","19543","16611"
"Latin America and the Caribbean","2005","28695258","5689158","100","100","28.0661335450068","23.7551473680514","159111","134336"
"Central America","2005","8576454","1687885","100","100","26.3449692286157","22.2996584015251","45297","38269"
"South America","2005","18381992","3653482","100","100","26.3364209862911","22.7057483268269","94756","81434"
"Caribbean","2005","1736812","347791","100","100","53.6012622120985","41.2114043714146","19058","14633"
"Europe","2005","18777615","3881462","100","100","9.07381156442388","7.71480032206351","35166","30039"
"Northern Europe","2005","2807484","582071","100","100","6.200091650161","5.21744558458408","3585","3030"
"Southern Europe","2005","3810803","777944","100","100","6.07027901305279","5.13154325269666","4796","4070"
"Eastern Europe","2005","7149110","1535126","100","100","14.1622272881587","12.1418822132764","21527","18593"
"Western Europe","2005","5010218","986321","100","100","5.25393070737612","4.34854218143349","5258","4346"
"Oceania","2005","1405547","284184","100","100","31.2942754089388","24.4624703752611","9473","7456"
"Australia and New Zealand","2005","799386","160517","100","100","6.4649853239882","5.35793882948111","1072","896"
"Melanesia","2005","566270","115686","100","100","63.0318792090284","48.9380108380366","8087","6308"
"Micronesia","2005","18072","3483","100","100","55.2299589354057","43.9909478193919","226","178"
"Polynesia","2005","21819","4498","100","100","19.2312396412356","16.3157191478827","88","74"
"Africa","2006","76426346","16329457","100","100","117.706390000217","76.3038782270776","2014585","1330066"
"Northern Africa","2006","11172203","2371864","100","100","49.2991335876053","37.883313518979","117878","91484"
"Southern Africa","2006","2990369","572763","100","100","82.5869129857491","53.3956151768086","54248","35526"
"Eastern Africa","2006","26905157","5709448","100","100","108.252466657684","70.111622793521","646451","425348"
"Western Africa","2006","24526998","5310136","100","100","147.072109681609","91.8730212191822","829668","528041"
"Middle Africa","2006","10831619","2365246","100","100","146.438843037052","97.7355347552565","366340","249667"
"Asia","2006","186344118","38288607","100","100","51.3692378589115","41.0327458901508","2048193","1635442"
"Eastern Asia","2006","47227219","10105973","100","100","22.0991279577588","18.8026607601107","225859","192139"
"Central Asia","2006","2951782","637893","100","100","49.8330609654514","43.0205739160415","33167","28858"
"Southern Asia","2006","95489347","19320868","100","100","71.1513933258636","56.1024587509863","1452649","1142966"
"South-Eastern Asia","2006","28482461","5744413","100","100","41.9273095482618","33.5145579534393","251005","200931"
"Western Asia","2006","12193309","2479460","100","100","32.8682553926352","26.9827071736386","85513","70548"
"Americas","2006","39767950","7958823","100","100","21.4879267671927","18.204296834828","170281","144045"
"Northern America","2006","11277668","2351370","100","100","8.4563179871654","7.17318129440843","19380","16486"
"Latin America and the Caribbean","2006","28490282","5607453","100","100","26.829834570868","22.7354416228085","150901","127559"
"Central America","2006","8507675","1680015","100","100","25.2846790451464","21.4492690953942","43282","36646"
"South America","2006","18252443","3580869","100","100","24.9719463114215","21.5571972616371","88951","76545"
"Caribbean","2006","1730164","346569","100","100","52.6713171350793","40.5791663828769","18668","14368"
"Europe","2006","19034180","3940066","100","100","8.61894871627777","7.32636956063221","33876","28960"
"Northern Europe","2006","2861440","605429","100","100","6.00858628368628","5.06077268285948","3539","3001"
"Southern Europe","2006","3858557","786971","100","100","5.78190436266002","4.88631137371942","4609","3909"
"Eastern Europe","2006","7331134","1568152","100","100","13.2256398884677","11.3325196380197","20621","17822"
"Western Europe","2006","4983049","979514","100","100","5.11362580096797","4.23668040401895","5107","4228"
"Oceania","2006","1423855","292477","100","100","30.438829220537","23.867627649809","9396","7419"
"Australia and New Zealand","2006","812307","166984","100","100","6.3212228608126","5.24518953175187","1076","902"
"Melanesia","2006","571926","117430","100","100","61.7931367309771","48.1394212000941","8009","6268"
"Micronesia","2006","17755","3507","100","100","54.9315376675648","43.7233965064309","223","176"
"Polynesia","2006","21867","4556","100","100","19.133723631888","16.2322238139749","88","73"
"Africa","2007","78259248","16718008","100","100","112.741102077818","73.577382014191","1972403","1310588"
"Northern Africa","2007","11389498","2411791","100","100","47.2730158063208","36.4302567295415","115965","90359"
"Southern Africa","2007","3024291","620508","100","100","77.3417028034572","50.8602798746707","51669","34450"
"Eastern Africa","2007","27519775","5835860","100","100","102.708799375401","66.9666124441929","624496","413388"
"Western Africa","2007","25182495","5428351","100","100","141.793196793047","89.1185471949497","817486","523199"
"Middle Africa","2007","11143189","2421498","100","100","140.934282572947","94.8482575474465","362787","249192"
"Asia","2007","187155367","38232581","100","100","48.9024081233995","39.2477610252384","1950821","1564602"
"Eastern Asia","2007","47585605","9966256","100","100","20.3382683567335","17.351905705277","208424","177929"
"Central Asia","2007","3037091","666453","100","100","46.939111441104","40.659083450244","32378","28311"
"Southern Asia","2007","95696541","19350145","100","100","68.1641798655516","54.0623249519467","1384757","1095212"
"South-Eastern Asia","2007","28472279","5708476","100","100","40.4255138324753","32.4122343535476","242892","194911"
"Western Asia","2007","12363851","2541251","100","100","31.2740813987514","25.7705654117399","82370","68239"
"Americas","2007","39587883","7862558","100","100","20.629345358034","17.4979553753784","162784","137864"
"Northern America","2007","11372655","2345266","100","100","8.31954292842585","7.06573931927579","19151","16299"
"Latin America and the Caribbean","2007","28215228","5517292","100","100","25.7231024175728","21.8207498141076","143633","121565"
"Central America","2007","8466013","1677635","100","100","24.3338425974773","20.6851836275111","41496","35209"
"South America","2007","18024622","3493812","100","100","23.7584508796707","20.531878560599","83839","72240"
"Caribbean","2007","1724593","345845","100","100","51.7332593949112","39.942478107397","18298","14116"
"Europe","2007","19315770","4014184","100","100","8.2104359555194","6.97926176686801","32722","27979"
"Northern Europe","2007","2937637","633536","100","100","5.81153955527147","4.89861991580547","3492","2967"
"Southern Europe","2007","3897639","794364","100","100","5.53445968816368","4.6774960593691","4433","3757"
"Eastern Europe","2007","7519695","1610518","100","100","12.3898702332336","10.6140489430126","19818","17129"
"Western Europe","2007","4960799","975766","100","100","4.99174861279328","4.13999925974066","4979","4126"
"Oceania","2007","1453911","303111","100","100","29.617181298248","23.2708941248334","9314","7364"
"Australia and New Zealand","2007","834693","175204","100","100","6.13399895322153","5.09306312317184","1071","899"
"Melanesia","2007","579498","119679","100","100","60.6172551019979","47.3170001264179","7934","6219"
"Micronesia","2007","17763","3616","100","100","54.6513134146023","43.5356364372493","221","173"
"Polynesia","2007","21957","4612","100","100","19.0916214990948","16.2067739806716","88","73"
"Africa","2008","80098851","17130630","100","100","107.895618545384","70.9475233408445","1929678","1291311"
"Northern Africa","2008","11597119","2455370","100","100","45.3355216547021","35.0323862199838","114493","89542"
"Southern Africa","2008","3138100","678935","100","100","71.3308499212779","48.4279888392506","48476","33341"
"Eastern Africa","2008","28138754","5969863","100","100","97.3064164802876","63.9841909495689","602013","401605"
"Western Africa","2008","25795666","5549253","100","100","136.8377851861","86.5472719673089","806078","518864"
"Middle Africa","2008","11429212","2477209","100","100","135.469582680055","91.8294114647576","358618","247959"
"Asia","2008","187349069","38122912","100","100","46.8279690776391","37.5906355632017","1868300","1497826"
"Eastern Asia","2008","47418264","9778347","100","100","18.7802182739584","16.0584167943361","193205","165392"
"Central Asia","2008","3134180","696755","100","100","44.2036859213201","38.4230380636093","31636","27782"
"Southern Asia","2008","95816210","19372226","100","100","65.2960421123097","52.0775497513332","1317686","1047248"
"South-Eastern Asia","2008","28384073","5661982","100","100","40.809989223079","31.7311680489468","246304","191323"
"Western Asia","2008","12596342","2613602","100","100","29.7927423661177","24.6340967076229","79469","66081"
"Americas","2008","39266679","7754549","100","100","19.8581875960853","16.8610857878473","155991","132236"
"Northern America","2008","11356549","2322563","100","100","8.15474757375656","6.92805401599384","18795","15984"
"Latin America and the Caribbean","2008","27910130","5431986","100","100","24.7248210434144","20.9943642947614","137196","116252"
"Central America","2008","8443902","1679302","100","100","23.4731572578655","19.9847312786122","39909","33923"
"South America","2008","17746387","3407330","100","100","22.6699211186379","19.6169333017077","79331","68454"
"Caribbean","2008","1719841","345354","100","100","50.8169761192","39.2845935440907","17956","13875"
"Europe","2008","19613979","4090010","100","100","7.85219818702898","6.67284430899569","31688","27081"
"Northern Europe","2008","3023178","661052","100","100","5.5991750815797","4.72439390448011","3429","2915"
"Southern Europe","2008","3923442","797761","100","100","5.32420323963445","4.50163468585554","4266","3610"
"Eastern Europe","2008","7721113","1656398","100","100","11.6753014219633","9.99351825734225","19130","16522"
"Western Europe","2008","4946246","974799","100","100","4.87923604315377","4.05053050945117","4863","4034"
"Oceania","2008","1490839","314201","100","100","28.8093563655856","22.6852933323318","9213","7296"
"Australia and New Zealand","2008","862629","183692","100","100","5.93334070292151","4.93244261289771","1062","891"
"Melanesia","2008","588177","122094","100","100","59.3667379445901","46.4279549074555","7846","6160"
"Micronesia","2008","17993","3761","100","100","54.2367968152651","43.2440720114644","218","172"
"Polynesia","2008","22040","4654","100","100","19.1053804668609","16.200313253245","87","73"
"Africa","2009","81985929","17555921","100","100","103.333155347668","68.5690623051449","1888993","1274811"
"Northern Africa","2009","11845201","2513209","100","100","43.5178353358707","33.741928665236","113394","89042"
"Southern Africa","2009","3254111","727538","100","100","64.5655150016954","45.7547621011604","44577","31936"
"Eastern Africa","2009","28760334","6104962","100","100","92.2911031460727","61.4262452849183","580665","391737"
"Western Africa","2009","26414574","5676376","100","100","132.356133525833","84.2168568703632","796397","515387"
"Middle Africa","2009","11711709","2533836","100","100","130.100696578598","88.9751918327139","353960","246709"
"Asia","2009","187484970","38036772","100","100","44.3058642320517","35.8955810603576","1765699","1428320"
"Eastern Asia","2009","47229250","9620843","100","100","17.3847987181747","14.8983678695819","179604","154130"
"Central Asia","2009","3241034","726310","100","100","41.6564490497356","36.3105498788966","30893","27211"
"Southern Asia","2009","95834876","19364110","100","100","62.4989130673999","50.1387111415089","1250940","999370"
"South-Eastern Asia","2009","28332333","5639996","100","100","37.6215096825718","30.3539051562398","227271","183378"
"Western Asia","2009","12847477","2685513","100","100","28.5022907728366","23.6399923871264","76991","64231"
"Americas","2009","38929479","7659300","100","100","19.1699281629265","16.2940880834787","149873","127180"
"Northern America","2009","11297776","2290292","100","100","8.01194088791424","6.81564952975806","18430","15676"
"Latin America and the Caribbean","2009","27631703","5369008","100","100","23.8118100662479","20.237266598956","131443","111504"
"Central America","2009","8429323","1682662","100","100","22.6631400826519","19.3262122500588","38451","32747"
"South America","2009","17487451","3341613","100","100","21.6933786521637","18.7885643516143","75362","65101"
"Caribbean","2009","1714929","344733","100","100","49.8884989253668","38.6557028866813","17630","13656"
"Europe","2009","19886378","4149145","100","100","7.55319937743359","6.41809811893985","30792","26296"
"Northern Europe","2009","3099009","680874","100","100","5.37867627682997","4.54014660872557","3345","2843"
"Southern Europe","2009","3928001","794320","100","100","5.13347351952409","4.34259614221083","4091","3455"
"Eastern Europe","2009","7922068","1698067","100","100","11.1045929563593","9.50027187436236","18591","16039"
"Western Europe","2009","4937300","975884","100","100","4.78245102874297","3.97437077954124","4765","3959"
"Oceania","2009","1526046","323184","100","100","28.0858215329095","22.1497994367435","9107","7221"
"Australia and New Zealand","2009","889394","190450","100","100","5.71844225950924","4.75805334856393","1043","876"
"Melanesia","2009","596337","124178","100","100","58.0802280964607","45.5411822628508","7747","6098"
"Micronesia","2009","18250","3892","100","100","53.7657901330819","42.8945689173485","215","171"
"Polynesia","2009","22065","4664","100","100","22.3526778430193","16.8018984484584","102","76"
"Africa","2010","83980307","17983921","100","100","99.1094859013962","66.3174305585906","1850794","1258501"
"Northern Africa","2010","12172449","2591421","100","100","41.7706295263895","32.5104995585796","112359","88577"
"Southern Africa","2010","3319565","751962","100","100","58.8034039656896","43.4678141598071","41143","30667"
"Eastern Africa","2010","29392372","6236098","100","100","87.712097317882","59.0039023836093","560763","382029"
"Western Africa","2010","27083871","5811907","100","100","128.223544229531","82.0578094297535","787704","512348"
"Middle Africa","2010","12012050","2592533","100","100","124.879162474833","86.1026585628545","348825","244880"
"Asia","2010","188025886","38028435","100","100","42.1445940925917","34.2797155446376","1676411","1360917"
"Eastern Asia","2010","47418952","9549678","100","100","16.1129496372423","13.8180451254162","167075","143480"
"Central Asia","2010","3360003","752994","100","100","39.285229018583","34.3398063234619","30104","26581"
"Southern Asia","2010","95757558","19311479","100","100","59.7203211680921","48.1406069132157","1184274","950225"
"South-Eastern Asia","2010","28400850","5665770","100","100","36.328267480202","29.3935253032078","219851","177864"
"Western Asia","2010","13088523","2748514","100","100","27.4752873964039","22.8262230476392","75107","62767"
"Americas","2010","38676641","7594573","100","100","21.0513774666812","16.2587808002949","163552","126248"
"Northern America","2010","11257418","2254757","100","100","7.84895670918762","6.67995406683755","17965","15269"
"Latin America and the Caribbean","2010","27419223","5339816","100","100","26.524601363887","20.2276632464899","145587","110979"
"Central America","2010","8413837","1685813","100","100","21.9347799394041","18.7334089694388","37171","31715"
"South America","2010","17295845","3310283","100","100","20.8169294992244","18.0423653387","71878","62146"
"Caribbean","2010","1709541","343720","100","100","102.206234858415","48.4571104331719","36538","17118"
"Europe","2010","20111872","4178914","100","100","7.31503312058324","6.21558437824692","30036","25628"
"Northern Europe","2010","3154846","688231","100","100","5.15588902914899","4.35385347730044","3244","2754"
"Southern Europe","2010","3905951","782525","100","100","4.96470307020103","4.20233269720801","3911","3300"
"Eastern Europe","2010","8117850","1729825","100","100","10.6795996888578","9.13307123176849","18204","15683"
"Western Europe","2010","4933225","978333","100","100","4.69462030360324","3.90509529007572","4677","3891"
"Oceania","2010","1553066","328282","100","100","27.3130219838364","21.6309590250074","8955","7126"
"Australia and New Zealand","2010","909709","194115","100","100","5.49515360647923","4.57467169393901","1018","854"
"Melanesia","2010","602929","125583","100","100","56.7634698334036","44.6376160390899","7641","6031"
"Micronesia","2010","18401","3961","100","100","53.0957980106025","42.4157826808066","211","169"
"Polynesia","2010","22027","4623","100","100","19.0183894816318","16.1378591751787","85","72"
"Africa","2011","86197131","18391088","100","100","95.2166167904756","64.2114415500062","1814636","1242414"
"Northern Africa","2011","12548445","2698429","100","100","40.2366260637405","31.3866310950948","111569","88121"
"Southern Africa","2011","3437116","742060","100","100","53.3993596962892","41.7977514952507","37758","29708"
"Eastern Africa","2011","30059766","6350276","100","100","83.3453731442623","56.5604348066648","541002","371510"
"Western Africa","2011","27812129","5951167","100","100","124.567675164602","80.1417724217993","780814","510151"
"Middle Africa","2011","12339675","2649156","100","100","119.908404989416","83.3821581928076","343493","242924"
"Asia","2011","188785194","38126517","100","100","40.1541034470689","32.7902609712935","1592792","1297761"
"Eastern Asia","2011","47687751","9602515","100","100","14.9562155090561","12.8179143316924","155453","133380"
"Central Asia","2011","3521555","775366","100","100","37.063432959378","32.4718087658674","29233","25847"
"Southern Asia","2011","95711540","19183495","100","100","57.1098460480203","46.2728645564519","1121719","904511"
"South-Eastern Asia","2011","28455634","5757482","100","100","35.0979524585567","28.4692838729855","212580","172362"
"Western Asia","2011","13408714","2807659","100","100","26.7098110700814","22.1904826968953","73807","61661"
"Americas","2011","38426662","7572208","100","100","17.9714393514845","15.3077748041208","139102","118294"
"Northern America","2011","11270826","2216797","100","100","7.6948625141452","6.55191585149501","17483","14850"
"Latin America and the Caribbean","2011","27155836","5355411","100","100","22.2056395198804","18.9115712189506","121619","103444"
"Central America","2011","8409291","1689080","100","100","21.2407686348008","18.1663204715401","35970","30746"
"South America","2011","17040511","3324301","100","100","20.0261931174741","17.3689199219687","68805","59547"
"Caribbean","2011","1706034","342030","100","100","47.8511166774083","37.3008178331221","16844","13151"
"Europe","2011","20417057","4176376","100","100","7.12115083384313","6.05175906385042","29359","25025"
"Northern Europe","2011","3251191","680726","100","100","4.96223527886264","4.19415345034083","3144","2666"
"Southern Europe","2011","3895061","765376","100","100","4.81742444330335","4.08109466195237","3730","3145"
"Eastern Europe","2011","8339565","1748586","100","100","10.3470377050391","8.8467757832529","17883","15381"
"Western Europe","2011","4931240","981688","100","100","4.61484189278127","3.84191947663265","4602","3833"
"Oceania","2011","1588736","328813","100","100","26.6381289244141","21.1530722397302","8813","7027"
"Australia and New Zealand","2011","936733","194302","100","100","5.26005559278164","4.3827969169693","986","826"
"Melanesia","2011","611157","126077","100","100","55.4755070584769","43.7404421118951","7536","5962"
"Micronesia","2011","18707","3934","100","100","52.1624277657393","41.7432256423183","207","167"
"Polynesia","2011","22139","4500","100","100","18.8919457448228","16.0434959366949","84","72"
"Africa","2012","88287167","18804873","100","100","91.6898265813856","62.2984404507236","1781085","1227370"
"Northern Africa","2012","13005396","2825175","100","100","38.7431984355783","30.3509854919108","110405","87494"
"Southern Africa","2012","3442749","709491","100","100","50.0901262371269","40.5328706074222","35651","28933"
"Eastern Africa","2012","30672572","6462022","100","100","79.2107365890251","54.3136938435507","521675","361692"
"Western Africa","2012","28522476","6099874","100","100","121.286260902979","78.4313760947133","775101","508561"
"Middle Africa","2012","12643974","2708311","100","100","115.29205502186","80.759950622437","338253","240690"
"Asia","2012","189648314","38301388","100","100","38.2904663316969","31.3922414498337","1513584","1237936"
"Eastern Asia","2012","48198145","9739942","100","100","13.8482871261075","11.874066369982","144028","123587"
"Central Asia","2012","3657346","794903","100","100","34.9838741237731","30.7123615474508","28283","25035"
"Southern Asia","2012","95375223","19013534","100","100","54.5931708821448","44.4699286318898","1062615","861607"
"South-Eastern Asia","2012","28729994","5894436","100","100","33.9545403366127","27.5945517258963","205586","166952"
"Western Asia","2012","13687606","2858573","100","100","26.1968413334679","21.6784337250071","73072","60755"
"Americas","2012","38285876","7579578","100","100","17.4669244409531","14.8841649987468","134573","114545"
"Northern America","2012","11213625","2174889","100","100","7.56336137821001","6.44622836907038","17035","14473"
"Latin America and the Caribbean","2012","27072251","5404689","100","100","21.5172993421057","18.3314312828134","117538","100072"
"Central America","2012","8404801","1692144","100","100","20.6051510495432","17.6457002182422","34878","29858"
"South America","2012","16967519","3372562","100","100","19.3159979737841","16.7640420016505","66105","57263"
"Caribbean","2012","1699931","339983","100","100","46.976627647718","36.6354312412629","16555","12951"
"Europe","2012","20556314","4144805","100","100","6.9246954124933","5.88283001507336","28588","24324"
"Northern Europe","2012","3274069","660745","100","100","4.78873626969689","4.0473732069252","3040","2572"
"Southern Europe","2012","3839958","739827","100","100","4.69747733268577","3.98324354286122","3562","2997"
"Eastern Europe","2012","8503942","1757664","100","100","9.99697516664888","8.54051344076144","17451","14976"
"Western Europe","2012","4938345","986569","100","100","4.54029064324513","3.78327791388101","4535","3779"
"Oceania","2012","1603977","325434","100","100","26.026358939214","20.7212879834061","8674","6925"
"Australia and New Zealand","2012","947661","191297","100","100","5.0379466743512","4.19881395238297","952","796"
"Melanesia","2012","615691","125945","100","100","54.2533074685227","42.9002168212384","7436","5899"
"Micronesia","2012","18715","3855","100","100","51.1747379089598","41.0099940049413","204","162"
"Polynesia","2012","21910","4337","100","100","18.6743713545615","15.8627156020675","82","68"
"Africa","2013","90269446","19203639","100","100","88.4981973304917","60.5760320767601","1749750","1213417"
"Northern Africa","2013","13492187","2947489","100","100","37.4417368438686","29.4051521470414","109180","86626"
"Southern Africa","2013","3370497","664703","100","100","47.8339874408685","39.1435896523821","34161","27996"
"Eastern Africa","2013","31250864","6572262","100","100","75.3713708551342","52.3293468307009","503359","353108"
"Western Africa","2013","29219318","6249826","100","100","118.329288949284","76.8883717485691","770307","507371"
"Middle Africa","2013","12936580","2769359","100","100","110.879067560428","78.2682237808287","332743","238316"
"Asia","2013","190556394","38488853","100","100","36.541267622535","30.074877773162","1438766","1181362"
"Eastern Asia","2013","48867410","9904780","100","100","12.8426382147889","11.0034932783918","133391","114306"
"Central Asia","2013","3769546","808706","100","100","33.0739789423663","29.0881428799648","27300","24182"
"Southern Asia","2013","94870832","18837592","100","100","52.1657393604349","42.7053909670367","1007458","821422"
"South-Eastern Asia","2013","29127358","6041296","100","100","32.8686991465678","26.7816932081554","198695","161703"
"Western Asia","2013","13921248","2896479","100","100","25.6002546783874","21.1849263343982","71922","59749"
"Americas","2013","38236857","7606905","100","100","16.9852424896778","14.4839376338814","130334","111011"
"Northern America","2013","11132680","2138409","100","100","7.45237871386506","6.35876242425383","16637","14146"
"Latin America and the Caribbean","2013","27104177","5468496","100","100","20.8584413556147","17.7821505511314","113697","96865"
"Central America","2013","8398280","1694103","100","100","19.9961756998046","17.1369864386309","33823","28978"
"South America","2013","17013771","3436615","100","100","18.6630840862502","16.2053650502504","63660","55187"
"Caribbean","2013","1692126","337778","100","100","45.992918966512","35.9675816931062","16214","12700"
"Europe","2013","20576930","4094540","100","100","6.73108241383358","5.71819092408179","27756","23599"
"Northern Europe","2013","3250118","634763","100","100","4.645893148847","3.92646160847652","2943","2491"
"Southern Europe","2013","3756310","710904","100","100","4.59911452259476","3.90446100511841","3404","2866"
"Eastern Europe","2013","8619176","1756652","100","100","9.6427649933225","8.23481054630195","16935","14508"
"Western Europe","2013","4951326","992221","100","100","4.46916292826904","3.72854278325965","4474","3734"
"Oceania","2013","1605603","320235","100","100","25.4587505813091","20.3139238261835","8536","6832"
"Australia and New Zealand","2013","947880","186833","100","100","4.84114548450132","4.03737437018651","921","770"
"Melanesia","2013","617733","125505","100","100","53.0794692323184","42.0747839376222","7338","5835"
"Micronesia","2013","18519","3745","100","100","50.0906861329923","40.2434059434685","198","160"
"Polynesia","2013","21471","4152","100","100","18.3996311363531","15.6292517472291","79","67"
"Africa","2014","92137467","19562171","100","100","85.6687120281157","58.9888531994462","1721473","1199688"
"Northern Africa","2014","13910570","3033647","100","100","36.270249549573","28.5780660086031","107678","85580"
"Southern Africa","2014","3287549","623680","100","100","46.1118793930665","37.9102857752268","32970","27114"
"Eastern Africa","2014","31821078","6682914","100","100","72.0095976856153","50.4667302123363","487407","344935"
"Western Africa","2014","29890575","6390411","100","100","115.586995357943","75.43709301691","765789","506148"
"Middle Africa","2014","13227695","2831519","100","100","106.868322649196","75.9222521087083","327629","235911"
"Asia","2014","191233069","38600996","100","100","34.9106320173322","28.840692947138","1368758","1128284"
"Eastern Asia","2014","49402806","10016098","100","100","11.9157523442832","10.2012622905341","123318","105517"
"Central Asia","2014","3854474","813572","100","100","31.2765010044471","27.5501112689044","26246","23255"
"Southern Asia","2014","94396713","18705552","100","100","49.8300826720214","40.9937980365772","956496","784332"
"South-Eastern Asia","2014","29475626","6149410","100","100","31.8547037657327","26.00739498879","192004","156490"
"Western Asia","2014","14103450","2916364","100","100","25.0373174154811","20.7255687517285","70694","58690"
"Americas","2014","38221504","7639325","100","100","16.508903698543","14.089226580046","126218","107588"
"Northern America","2014","11074422","2119642","100","100","7.34051660643043","6.2665245769918","16259","13833"
"Latin America and the Caribbean","2014","27147082","5519683","100","100","20.2167501394248","17.2509471308602","109959","93755"
"Central America","2014","8389282","1693933","100","100","19.3615825888814","16.6164169914114","32706","28060"
"South America","2014","17073706","3490027","100","100","18.0581190256665","15.686824613966","61414","53274"
"Caribbean","2014","1684094","335723","100","100","44.9689511473161","35.2724542384158","15839","12421"
"Europe","2014","20547598","4041516","100","100","6.51036790834969","5.52951475268266","26773","22732"
"Northern Europe","2014","3219166","612248","100","100","4.53238183315208","3.8306420992811","2862","2416"
"Southern Europe","2014","3669742","685453","100","100","4.50467857678505","3.8279337676063","3250","2735"
"Eastern Europe","2014","8692083","1746113","100","100","9.2217024759178","7.87120135067962","16240","13886"
"Western Europe","2014","4966607","997702","100","100","4.40404268498285","3.67804424304356","4421","3695"
"Oceania","2014","1605822","316272","100","100","24.8978305920694","19.9196642299649","8399","6739"
"Australia and New Zealand","2014","947144","183419","100","100","4.69000681799037","3.91156805385599","897","750"
"Melanesia","2014","619376","125221","100","100","51.8546266418051","41.2304826699645","7230","5767"
"Micronesia","2014","18295","3641","100","100","48.9195828925882","39.3699976884199","195","157"
"Polynesia","2014","21007","3991","100","100","18.0623686959737","15.3629951542063","77","65"
"Africa","2015","93910847","19865306","100","100","83.0961325410697","57.5326327985655","1694684","1186398"
"Northern Africa","2015","14197786","3062578","100","100","35.1876418251534","27.8087957281699","105787","84185"
"Southern Africa","2015","3241471","598560","100","100","44.2462479836384","36.3823155318928","31607","25978"
"Eastern Africa","2015","32406491","6795564","100","100","68.9876669021992","48.765758665781","473139","337553"
"Western Africa","2015","30535845","6514477","100","100","113.084730444733","74.1164659873045","761854","505249"
"Middle Africa","2015","13529254","2894127","100","100","103.021891416039","73.6889902374194","322297","233433"
"Asia","2015","191501206","38577093","100","100","33.3975131052256","27.6746654579853","1303585","1078077"
"Eastern Asia","2015","49600002","10016734","100","100","11.0788994039257","9.45357013627591","113955","97097"
"Central Asia","2015","3908831","807885","100","100","29.625138175906","26.1464125520177","25153","22299"
"Southern Asia","2015","94099170","18651328","100","100","47.599555201702","39.3256503305256","909867","749957"
"South-Eastern Asia","2015","29666068","6185200","100","100","30.8787343843958","25.2538224642386","185350","151254"
"Western Asia","2015","14227135","2915946","100","100","24.4633725736884","20.2578286426507","69260","57470"
"Americas","2015","38197511","7665367","100","100","16.1051443289215","13.7594701481964","122739","104731"
"Northern America","2015","11066028","2126569","100","100","7.24727736749231","6.19160141080641","15956","13592"
"Latin America and the Caribbean","2015","27131483","5538798","100","100","19.6813332678971","16.8144417471298","106783","91139"
"Central America","2015","8378644","1690958","100","100","18.6487447603408","16.0168714464769","31438","26987"
"South America","2015","17075908","3513800","100","100","17.6662709503177","15.363228269285","59908","52027"
"Caribbean","2015","1676931","334040","100","100","43.9364936125852","34.5589171888418","15437","12125"
"Europe","2015","20514231","3997866","100","100","6.26820902834757","5.32250774872679","25662","21770"
"Northern Europe","2015","3207583","600073","100","100","4.4449910943215","3.75922550434415","2789","2356"
"Southern Europe","2015","3598963","668247","100","100","4.40835371309745","3.74872827992808","3101","2611"
"Eastern Europe","2015","8725734","1727139","100","100","8.74878765473974","7.4633964569272","15393","13137"
"Western Europe","2015","4981951","1002407","100","100","4.34918100270199","3.63597525369764","4379","3666"
"Oceania","2015","1613444","315704","100","100","24.4113017732482","19.567627152095","8278","6655"
"Australia and New Zealand","2015","952483","182818","100","100","4.57791056907109","3.82097773490598","879","735"
"Melanesia","2015","622153","125438","100","100","50.7561693280411","40.4405055351833","7137","5704"
"Micronesia","2015","18165","3570","100","100","47.6957297108676","38.4836830224217","189","153"
"Polynesia","2015","20643","3878","100","100","17.6750332955956","15.0423370659336","73","63"
"Africa","2016","95791797","20077396","100","100","80.7266114024386","56.1893502066077","1668860","1173619"
"Northern Africa","2016","14523695","3012273","100","100","34.1949494886044","27.0967120675678","103557","82495"
"Southern Africa","2016","3165039","596275","100","100","42.8646305512677","35.4093858218584","30553","25211"
"Eastern Africa","2016","33013402","6906360","100","100","66.1409922596378","47.1805449550405","459564","330763"
"Western Africa","2016","31232814","6609541","100","100","110.77922800205","72.8196043293511","758343","504056"
"Middle Africa","2016","13856847","2952947","100","100","99.3373896079992","71.6113625466082","316843","231094"
"Asia","2016","191733235","38410979","100","100","31.9820353542797","26.5960164298231","1242362","1031327"
"Eastern Asia","2016","49692423","9892308","100","100","10.2685579201772","8.75597945629259","104661","89033"
"Central Asia","2016","3945644","790273","100","100","28.1462925183982","24.8721693685996","24047","21312"
"Southern Asia","2016","93752993","18704018","100","100","45.4628346859695","37.738350140621","866912","718567"
"South-Eastern Asia","2016","30002491","6128210","100","100","29.9373295119292","24.5346733666756","178766","146119"
"Western Asia","2016","14339684","2896170","100","100","23.9885309371413","19.8452543815936","67976","56296"
"Americas","2016","38251954","7686522","100","100","16.0293893681758","13.7220866434504","121826","104156"
"Northern America","2016","11010020","2169896","100","100","7.16027464007429","6.12381015509453","15707","13406"
"Latin America and the Caribbean","2016","27241934","5516626","100","100","19.6166276480072","16.796717261117","106119","90750"
"Central America","2016","8387126","1684596","100","100","17.9355510018764","15.4165299895793","30151","25897"
"South America","2016","17184617","3498879","100","100","18.033701783694","15.7134419648939","60971","53049"
"Caribbean","2016","1670191","333151","100","100","42.877803851229","33.8338539094599","14997","11804"
"Europe","2016","20360138","3969864","100","100","6.02729624497145","5.11523533672409","24532","20785"
"Northern Europe","2016","3156268","601911","100","100","4.36309178563832","3.69048267989106","2721","2295"
"Southern Europe","2016","3502191","660487","100","100","4.29396067894361","3.65348399228487","2946","2483"
"Eastern Europe","2016","8696489","1700211","100","100","8.29070267052245","7.06600802548212","14519","12364"
"Western Europe","2016","5005190","1007255","100","100","4.30221540755504","3.60095971103841","4346","3643"
"Oceania","2016","1616156","320218","100","100","23.9311542712888","19.2191766329953","8162","6572"
"Australia and New Zealand","2016","953459","186469","100","100","4.49190063516414","3.7541259555467","866","724"
"Melanesia","2016","624609","126390","100","100","49.6400641044307","39.6275786391093","7040","5638"
"Micronesia","2016","17977","3538","100","100","46.3982299388458","37.5577842305795","185","149"
"Polynesia","2016","20111","3821","100","100","17.228027496225","14.6720268798855","71","61"
"Africa","2017","97260062","20240163","100","100","78.5158490558587","54.8854113557305","1643863","1160353"
"Northern Africa","2017","14553610","2908292","100","100","33.2844107042916","26.411844471486","101099","80533"
"Southern Africa","2017","3150790","609105","100","100","41.3136787816594","34.3069343799626","29345","24330"
"Eastern Africa","2017","33591815","7019584","100","100","63.7033657867583","45.6386803008002","448454","324135"
"Western Africa","2017","31803297","6690357","100","100","108.305466324247","71.4955973484992","752940","502342"
"Middle Africa","2017","14160550","3012825","100","100","96.0141087582642","69.6988767399618","312025","229013"
"Asia","2017","191358774","38119439","100","100","30.6604020086167","25.571762386743","1184867","986631"
"Eastern Asia","2017","49365619","9665019","100","100","9.55409529523643","8.14077224151347","96222","81707"
"Central Asia","2017","3928041","762606","100","100","26.8414830993116","23.735459597431","22948","20318"
"Southern Asia","2017","93745494","18832709","100","100","43.4242166793524","36.184607440513","827035","688607"
"South-Eastern Asia","2017","29970643","6002686","100","100","29.0155317949017","23.8196017214808","172238","140977"
"Western Asia","2017","14348977","2856419","100","100","23.4613370891592","19.4253280701212","66424","55022"
"Americas","2017","38285488","7702075","100","100","15.3255788440845","13.1173410689961","116154","99297"
"Northern America","2017","11100334","2239022","100","100","7.0659283859672","6.04849090622284","15485","13239"
"Latin America and the Caribbean","2017","27185154","5463053","100","100","18.6837742341693","15.9936687489925","100669","86058"
"Central America","2017","8373365","1675288","100","100","17.2088420010137","14.7961256393985","28832","24766"
"South America","2017","17146970","3455160","100","100","17.0159471571566","14.8150805403212","57296","49811"
"Caribbean","2017","1664819","332605","100","100","41.8272584867908","33.1169378961449","14541","11481"
"Europe","2017","20263124","3951013","100","100","5.79051069901926","4.91256984671324","23398","19801"
"Northern Europe","2017","3156196","613758","100","100","4.28164403780451","3.62306882067578","2653","2240"
"Southern Europe","2017","3448588","661172","100","100","4.16343055912549","3.54364647635245","2792","2355"
"Eastern Europe","2017","8632233","1664897","100","100","7.86057504771476","6.69478577910712","13647","11594"
"Western Europe","2017","5026107","1011186","100","100","4.24810265864861","3.55976422870409","4306","3612"
"Oceania","2017","1633646","328000","100","100","23.4374264356736","18.8815669571106","8033","6487"
"Australia and New Zealand","2017","967285","192832","100","100","4.4260966154519","3.70148086644909","856","716"
"Melanesia","2017","628701","127817","100","100","48.4543599505926","38.813276188165","6928","5568"
"Micronesia","2017","17872","3537","100","100","45.1083166850377","36.5872708794931","180","145"
"Polynesia","2017","19788","3814","100","100","16.778580987783","14.2897756478322","69","58"
"Africa","2018","98459648","20381562","100","100","76.3873476784138","53.6006751144164","1618796","1146639"
"Northern Africa","2018","14381734","2778232","100","100","32.3866967429032","25.7637185909727","98369","78467"
"Southern Africa","2018","3181530","630262","100","100","39.7038487760509","33.0193665052226","28085","23311"
"Eastern Africa","2018","34152135","7133614","100","100","61.5457549008942","44.2775377153753","439040","318674"
"Western Africa","2018","32293272","6765832","100","100","105.709744561532","70.0353524552513","746043","499432"
"Middle Africa","2018","14450977","3073622","100","100","92.8405541433349","67.7966119324703","307259","226755"
"Asia","2018","190484406","37736566","100","100","29.4574176941371","24.6588191199479","1131929","946075"
"Eastern Asia","2018","48692019","9368200","100","100","8.91766005528116","7.58399751265896","88526","74947"
"Central Asia","2018","3872411","730396","100","100","25.6690691209708","22.7318245713232","21844","19339"
"Southern Asia","2018","93947249","18988708","100","100","41.5515809245418","34.7932334254152","790801","661910"
"South-Eastern Asia","2018","29685927","5840985","100","100","28.1321135317027","23.1384271985488","165952","136068"
"Western Asia","2018","14286800","2808277","100","100","22.9349662743675","19.0397537991663","64806","53811"
"Americas","2018","38291674","7709120","100","100","14.8424026639927","12.7080724663481","112205","95963"
"Northern America","2018","11281836","2318921","100","100","6.95139070897033","5.95636485346383","15252","13066"
"Latin America and the Caribbean","2018","27009838","5390199","100","100","18.0755046344339","15.4777241107216","96953","82897"
"Central America","2018","8344152","1663996","100","100","16.4930494631684","14.1861263966928","27527","23651"
"South America","2018","17005620","3394138","100","100","16.5098786215424","14.3721595291375","55334","48094"
"Caribbean","2018","1660066","332065","100","100","40.8132341504449","32.3933184243239","14092","11152"
"Europe","2018","20198672","3936923","100","100","5.57514687558702","4.72899415350357","22328","18875"
"Northern Europe","2018","3191080","631232","100","100","4.1881849038774","3.54710589915541","2578","2178"
"Southern Europe","2018","3424948","666671","100","100","4.03042734346148","3.43154502716925","2642","2230"
"Eastern Europe","2018","8539632","1625337","100","100","7.49961612356598","6.38335565563041","12861","10901"
"Western Europe","2018","5043012","1013683","100","100","4.17901575913071","3.50627713770826","4247","3566"
"Oceania","2018","1660846","337242","100","100","22.9553061202397","18.5261973253536","7899","6392"
"Australia and New Zealand","2018","989335","200305","100","100","4.36045767076976","3.65036919970203","845","708"
"Melanesia","2018","634041","129534","100","100","47.2849512358768","37.9433872879641","6816","5488"
"Micronesia","2018","17842","3557","100","100","43.7581534631086","35.5985390874064","172","140"
"Polynesia","2018","19628","3846","100","100","16.3041975710216","13.8825172501053","66","56"
