"Country.Name","ISO.Code","Quantile","Indicator","Subgroup","X1931.5","X1932.5","X1933.5","X1934.5","X1935.5","X1936.5","X1937.5","X1938.5","X1939.5","X1940.5","X1941.5","X1942.5","X1943.5","X1944.5","X1945.5","X1946.5","X1947.5","X1948.5","X1949.5","X1950.5","X1951.5","X1952.5","X1953.5","X1954.5","X1955.5","X1956.5","X1957.5","X1958.5","X1959.5","X1960.5","X1961.5","X1962.5","X1963.5","X1964.5","X1965.5","X1966.5","X1967.5","X1968.5","X1969.5","X1970.5","X1971.5","X1972.5","X1973.5","X1974.5","X1975.5","X1976.5","X1977.5","X1978.5","X1979.5","X1980.5","X1981.5","X1982.5","X1983.5","X1984.5","X1985.5","X1986.5","X1987.5","X1988.5","X1989.5","X1990.5","X1991.5","X1992.5","X1993.5","X1994.5","X1995.5","X1996.5","X1997.5","X1998.5","X1999.5","X2000.5","X2001.5","X2002.5","X2003.5","X2004.5","X2005.5","X2006.5","X2007.5","X2008.5","X2009.5","X2010.5","X2011.5","X2012.5","X2013.5","X2014.5","X2015.5","X2016.5","X2017.5","X2018.5","X2019.5","X2020.5"
"Afghanistan","AFG","Lower","Infant Mortality Rate","Total",,,,,,,,,,,,,,,,,,,,,,,,,,,,,,,,,,,,,,,,,,22.4434390475773,23.1682526768602,23.6866508116143,24.1700661339837,24.4955606555727,24.6319161847085,24.4462640922546,24.1264029525477,23.3755241791516,22.5171650386383,21.5417490388502,20.4906268310705,19.5220156909095,18.4855793160708,17.4382404978371,16.4172569905422,15.4724487754331,14.6163797157192,13.8034550874238,12.9415958441045,12.1642240154272,11.5466527341128,10.8166825417862,10.2093166718652,9.61512730304769,9.08728894516071,8.53529415182315,8.03792279314372,7.57796861376806,7.11352194737786,6.69120848272952,6.37978639076845,6.11605768953422,5.96110220278031,5.94679485591612,6.03368595661597,6.27284557580169,6.6459215083355,7.11865279093317,7.70259527589869,8.29430578724884,8.90970513034296,9.4254887668458,9.75272768579896,9.80719636922841,9.69039552392399,9.39133523439253,9.01639581993074,8.65698845878692
"Afghanistan","AFG","Median","Infant Mortality Rate","Total",,,,,,,,,,,,,,,,,,,,,,,,,,,,,,,,,,,,,,,,,,31.9678196308821,32.1713827377681,32.3569198458757,32.5553383879617,32.6290061576085,32.6041477192832,32.4154735029585,32.1288850990151,31.5098034435126,30.7728511388214,29.9342673939861,28.9044837201309,27.8307854701861,26.6219252191823,25.4091416847451,24.0611701842044,22.696660238627,21.4695919173159,20.2114712601126,18.8986866440119,17.6359314607757,16.4709896568282,15.3113886228673,14.2357715117661,13.1745859786072,12.2119704697372,11.2882155524045,10.4403000405679,9.6913261236335,9.0064993664318,8.42081584647931,7.92774492319255,7.54672416052209,7.31523520324563,7.26062150119878,7.38215177906413,7.69642517421475,8.21436736135091,8.91092163621891,9.73185029673267,10.6642488033879,11.6788168031586,12.6292580897486,13.3527287810194,13.709017615369,13.7178670937121,13.5480051288942,13.2774390327159,12.9614276690694
"Afghanistan","AFG","Upper","Infant Mortality Rate","Total",,,,,,,,,,,,,,,,,,,,,,,,,,,,,,,,,,,,,,,,,,44.667361668932,44.1266932502152,43.8877835351983,43.7318915773761,43.6359178798413,43.4787081458417,43.3094596603912,42.9141385226692,42.272119323089,41.3934526621292,40.307977976218,39.0045725028193,37.6605466800233,35.9573219545941,34.3790402306247,32.6013067633391,30.7509136490576,28.9205629129155,27.0358582339205,25.2647014618962,23.5021071175256,21.8444400892064,20.1621872931584,18.5825616553541,17.0410404316067,15.6555545950618,14.3463042958524,13.1335900297327,12.1165399327996,11.1893694268461,10.3873657426676,9.74190279022434,9.2276953471238,8.92880418553701,8.86193360181282,9.0379952775342,9.465027731924,10.185648064038,11.1365047343078,12.3583720638779,13.785322521143,15.3893925420224,17.0457222328536,18.3681588220327,19.1867949665913,19.4839259609849,19.4909325748231,19.2580181308099,19.0068875977506
"Albania","ALB","Lower","Infant Mortality Rate","Total",,,,,,,,,,,,,,,,,,,,,,,,,,,,,,,,,,,,,,,,,,,,,,,,,,,,,,,,,,2.58424872614663,2.83835975420247,3.07227275211482,3.27626122415472,3.43023467606589,3.53480739143351,3.59254040909279,3.6311755701861,3.6735681515858,4.45837379607593,3.61814394722811,3.45032414774715,3.21765807244806,2.96645689776195,2.73377212399705,2.54670295980831,2.42482011829135,2.35311303401325,2.32112956033119,2.32135552341604,2.33559188436642,2.35995371430921,2.37681891062839,2.37421877494185,2.34352081693832,2.2760798195,2.17250725906352,2.0425726392337,1.90797858101662,1.77079252751122,1.63798062787942,1.51328088128615,1.40369732015432
"Albania","ALB","Median","Infant Mortality Rate","Total",,,,,,,,,,,,,,,,,,,,,,,,,,,,,,,,,,,,,,,,,,,,,,,,,,,,,,,,,,2.85210692567629,3.05495274245081,3.25748961669399,3.43826428430035,3.58636082356212,3.68913014675463,3.74947146036965,3.79133438507786,3.836323653241,4.65878755739548,3.78390914783028,3.6100543579254,3.37826105245387,3.13277428981669,2.912409380493,2.74308163022972,2.63648929268466,2.57824844495952,2.55606845052295,2.55908478417724,2.57135314281363,2.58510336760575,2.58915862683179,2.56974083075091,2.51772347874325,2.43168558260197,2.31246662348635,2.17469823079529,2.03882147290725,1.91097947635874,1.79818174834193,1.6966908964423,1.61097589577547
"Albania","ALB","Upper","Infant Mortality Rate","Total",,,,,,,,,,,,,,,,,,,,,,,,,,,,,,,,,,,,,,,,,,,,,,,,,,,,,,,,,,3.12382765303765,3.28023080318586,3.44353175093709,3.60133263572739,3.74370895948866,3.84764101018756,3.91280119240189,3.95771374349795,4.00280030081864,4.85749117915242,3.94533529359866,3.7682439327948,3.54190350778611,3.30299917985788,3.0973469926657,2.94430023931306,2.85295442424959,2.811230812942,2.79872867842186,2.80288512730985,2.81467097728786,2.82208069009277,2.81459821328787,2.77299743424875,2.70386407951037,2.59344739544918,2.45701767347523,2.31179938944245,2.17796679482992,2.06530013345348,1.9705258957163,1.89357584273944,1.83003593018206
"Algeria","DZA","Lower","Infant Mortality Rate","Total",,,,,,,,,,,,,,,,,,,,,,,,,,,,,,,,,,,,,,,19.8579056272881,18.1726550498072,16.4927383768811,15.0889034488021,13.7208819933985,12.4965273419216,11.3602095722845,10.3558455846035,9.49271413964043,8.74998926521599,8.08343298925093,7.51413081877468,7.00057450679153,6.57877491287501,6.22920568568025,5.95369288755053,5.71222886048046,5.48986805268674,5.26492258978353,5.05811620865537,4.88647800347541,4.76241367839757,4.67280483984289,4.60850207475651,4.56008495444834,4.51265736405278,4.46030796137757,4.39539404148225,4.29004260115055,4.15066255009791,3.98502138701022,3.79653437378474,3.60947355103009,3.42582885082633,3.24762718104729,3.08435843791055,2.9560077074775,2.88265948805592,2.84596200385555,2.81528188220072,2.77200060499717,2.72739941712602,2.6971333000017,2.67767693896828,2.66058588653625,2.64382719353185,2.62607657227201,2.6171635637118,2.61537772722658,2.61740935573827,2.61466001847484,2.58515824409978
"Algeria","DZA","Median","Infant Mortality Rate","Total",,,,,,,,,,,,,,,,,,,,,,,,,,,,,,,,,,,,,,,28.615101814905,25.4945396693121,22.7076257253812,20.2994119107188,18.1351180424703,16.2213712808992,14.4949835898641,12.9866139314265,11.6676422744634,10.5440385652894,9.5604319381965,8.69684973400226,7.94412171490949,7.31057656006105,6.78660404965544,6.34670163368631,5.99615261454051,5.71545278097958,5.50113862176152,5.34247162168282,5.22621559636927,5.13947417180696,5.07006182266572,5.00055832718118,4.93362466642051,4.85813089321182,4.76018016696899,4.63562202316593,4.47455389261546,4.28654055844852,4.08568919125591,3.88037693741218,3.68176264779984,3.49181565343374,3.30890393354432,3.14041588398753,3.01037876196281,2.93585036934894,2.89893979828307,2.86669037684949,2.82136157070286,2.77635558907982,2.74580814543425,2.72857517534788,2.71435420068509,2.6998868316584,2.68633587371716,2.67478247275691,2.66950138122791,2.67730118251703,2.69683753780438,2.70623022362645
"Algeria","DZA","Upper","Infant Mortality Rate","Total",,,,,,,,,,,,,,,,,,,,,,,,,,,,,,,,,,,,,,,35.492243998015,31.5847155116166,28.0973323130767,25.0633655074871,22.2960147234299,19.8193153345926,17.604468550891,15.6448689890562,13.9183631780949,12.4390051961569,11.1281382734089,9.97280373075755,8.9542835011641,8.0864385829542,7.36615064946269,6.7579416263238,6.29270990196898,5.95778762712257,5.74975218277083,5.63210362083518,5.56030799711123,5.51344992409806,5.46902931234079,5.40073932886466,5.32213098268012,5.20976319024695,5.06354687740015,4.88469638216985,4.66462859247302,4.43054439659877,4.19036651339615,3.96445162717725,3.75420978131814,3.55640970655987,3.37032412108337,3.19749071389179,3.06603398786992,2.9891434911463,2.95100587566771,2.91922693251611,2.87246569094922,2.82774209185026,2.796359352355,2.78017181810973,2.76909060190524,2.7564328678919,2.74515318995204,2.73322594533623,2.72511031409794,2.73978520169744,2.78020416942026,2.82689127665289
"Andorra","AND","Lower","Infant Mortality Rate","Total",,,,,,,,,,,,,,,,,,,,,,,,,,,,,,,,,,,,,,,,,,,,,,,,,,,,,,,,,,,,3.12761240333379,2.996439546673,2.86643958319702,2.74431980488397,2.63031899765043,2.52582074245078,2.42533221103524,2.32704584355143,2.2335529894941,2.14446865289486,2.06416233203013,1.98564110177452,1.91024748574239,1.83907784020633,1.7686821338695,1.70123500560351,1.63343884514601,1.56775213333376,1.5025000787761,1.43991290610027,1.38155152075788,1.32663130291063,1.27367030769381,1.22334367820183,1.17549987392034,1.12930248912344,1.08606322257003,1.04408775503707,1.00497093325184,0.968709157714794,0.937027096286561
"Andorra","AND","Median","Infant Mortality Rate","Total",,,,,,,,,,,,,,,,,,,,,,,,,,,,,,,,,,,,,,,,,,,,,,,,,,,,,,,,,,,,3.99357776358237,3.82608610029708,3.66009207787575,3.50416008622463,3.35859502569698,3.22516355961964,3.09685201944018,2.9713523727358,2.85197345525254,2.73822367431837,2.63568234376902,2.53542035517233,2.43915194666332,2.34827703084833,2.25839034054784,2.17226862310823,2.08570123433246,2.00182735297279,1.91850847566185,1.83859232594417,1.7640719887992,1.69394560084521,1.62632090009597,1.56205996154713,1.50096928653251,1.44198088743808,1.38676964283588,1.33317211470966,1.28322472688853,1.23692288325266,1.19646877330944
"Andorra","AND","Upper","Infant Mortality Rate","Total",,,,,,,,,,,,,,,,,,,,,,,,,,,,,,,,,,,,,,,,,,,,,,,,,,,,,,,,,,,,5.09076103059417,4.87725322308943,4.66565451369155,4.46688224643804,4.28132508906708,4.1112350725521,3.9476716146228,3.78769258113006,3.63551586717191,3.49051482141818,3.35980160122095,3.23199394237119,3.10927704751464,2.99343543693975,2.87885355391655,2.76907102081367,2.65872037400301,2.55180324054836,2.4455935912471,2.34372152444829,2.24872769916616,2.15933500315609,2.07313130019601,1.99121550911338,1.91334097001385,1.83814627965237,1.76776646758647,1.69944371949595,1.63577394002691,1.57675127033568,1.52518292269905
"Angola","AGO","Lower","Infant Mortality Rate","Total",,,,,,,,,,,,,,,,,,,,,,,,,,,,,,,,,,,,,,,,,,,,,,,,,,,,,,,,,,,,21.2549657561722,21.245602200723,21.2513842521235,21.2474542031305,21.2344129889601,21.1803394672334,21.0696351746174,20.89663764337,20.655762590008,20.3711116629147,20.0174512753015,19.608619442917,19.1367057355775,18.5982892237489,17.9786493347315,17.329715042059,16.621941865999,15.9232309095743,15.2138392926643,14.5176901106561,13.855895952263,13.2215456774814,12.6088192426019,12.0575486178077,11.571938863347,11.1510043030971,10.7991366002212,10.4889529726566,10.1878990648205,9.90240953247286,9.64627249306922
"Angola","AGO","Median","Infant Mortality Rate","Total",,,,,,,,,,,,,,,,,,,,,,,,,,,,,,,,,,,,,,,,,,,,,,,,,,,,,,,,,,,,27.2564491450183,27.2444417263357,27.2518563790695,27.2468166541533,27.2300931649272,27.1607516184885,27.0187892198453,26.7969446651775,26.4880569107779,26.1230328685186,25.669514077655,25.145245811308,24.5400840758109,23.8496420190302,23.0550426149676,22.2228773341766,21.3152596131796,20.4192628908453,19.5095697512742,18.6168581376954,17.76820192109,16.9547385543145,16.1690046649409,15.4620790494299,14.8393540952418,14.2995658139316,13.8483458844698,13.4505798110112,13.0645212954165,12.6984218620354,12.3699627965752
"Angola","AGO","Upper","Infant Mortality Rate","Total",,,,,,,,,,,,,,,,,,,,,,,,,,,,,,,,,,,,,,,,,,,,,,,,,,,,,,,,,,,,34.7184988702452,34.7032041577994,34.7126487340607,34.7062292741054,34.6849273635479,34.5966020505592,34.4157743370633,34.1331949783352,33.739742438164,33.2747850722443,32.6971055827239,32.029307399768,31.2584693893439,30.3790037024977,29.3668653140574,28.3068765676407,27.150778623503,26.0094831808502,24.8507416268631,23.7136306634141,22.6326362264397,21.596469452473,20.5956237074755,19.6951617267941,18.9019521820209,18.2143850401996,17.6396337757226,17.1329705306858,16.6412200438117,16.1748928749052,15.7565109487626
"Antigua & Barbuda","ATG","Lower","Infant Mortality Rate","Total",,,,,,,,,,,,,,,,,,,,,,,,,,,,,,,,,,,,,,,,,,,,,,,,,,,,,,,,,,,,3.57163062091513,3.63771658375862,3.69964118613591,3.74566543551979,3.7745453848177,3.80151643348354,3.80741527809064,3.77516128684391,3.73157693367491,3.66509001375539,3.59572153822213,3.50470446499615,3.41626168159569,3.31769834392311,3.22992521564903,3.15542087573441,3.09537606153644,3.03327838515026,2.96996195376703,2.89792702503532,2.80943458273134,2.7242409088898,2.6149205469199,2.49949190293589,2.37724130795736,2.25225914085259,2.10946521259641,1.98014266917246,1.86310178636537,1.76745424780007,1.68070668078744
"Antigua & Barbuda","ATG","Median","Infant Mortality Rate","Total",,,,,,,,,,,,,,,,,,,,,,,,,,,,,,,,,,,,,,,,,,,,,,,,,,,,,,,,,,,,6.7641958592205,6.47009487728765,6.17800723433239,5.91914632324681,5.65569443902346,5.42794929936199,5.20524377504996,5.0005882718449,4.80947419879807,4.62718212689152,4.44966376276522,4.29127382255004,4.15876691236306,4.03397291069503,3.9337281411875,3.85182093682282,3.78168203997993,3.7115536259448,3.63830614020125,3.56515393624509,3.48875732177904,3.40457304227248,3.31653496726526,3.22933237796746,3.13336452304203,3.04208370316338,2.95220181873516,2.86658854594463,2.78584632628451,2.70488845856435,2.62489923551586
"Antigua & Barbuda","ATG","Upper","Infant Mortality Rate","Total",,,,,,,,,,,,,,,,,,,,,,,,,,,,,,,,,,,,,,,,,,,,,,,,,,,,,,,,,,,,10.1210542459617,9.47598171411026,8.84920105856952,8.30437472439441,7.75759854287085,7.29648617225401,6.84230992096931,6.43976226481827,6.10035870461981,5.7739246236106,5.49840498091528,5.25861511744802,5.04932027027847,4.87758435795322,4.74424871462766,4.63489600558469,4.55714204237971,4.49815475872629,4.43273103070568,4.37427012413661,4.31808910294107,4.25901898099731,4.19730395203885,4.14335383342857,4.10104232772547,4.06956952017606,4.02287848575513,3.97885073842949,3.92048492601611,3.85329969682752,3.78167391908757
"Armenia","ARM","Lower","Infant Mortality Rate","Total",,,,,,,,,,,,,,,,,,,,,,,,,,,,,,,,,,,,,,,,,,,,,,,,,,,,,,,,,,3.65498561998535,2.67840202915705,2.23351155702607,2.39568663361549,3.1696469652497,4.11929959172627,4.46157333286945,4.08247106818587,3.44598004516973,2.85261531434327,2.38815633943052,2.0644109226615,1.84499927754245,1.71514193190882,1.65243077277271,1.64378055646381,1.68153151774061,1.73466911097029,1.79527665586338,1.86238755803812,1.96448428319799,2.09518048010547,2.15719235833977,2.08296744779065,1.94918047872725,1.95709990247989,2.21000753259479,2.56154061560158,2.8221502162532,2.81863725412829,2.4668590797979,1.83782664848261,1.26817326408095
"Armenia","ARM","Median","Infant Mortality Rate","Total",,,,,,,,,,,,,,,,,,,,,,,,,,,,,,,,,,,,,,,,,,,,,,,,,,,,,,,,,,4.36803126735473,2.98225887707899,2.39796700148361,2.62440122929979,3.50167585879523,4.46191900926723,4.70688379503617,4.29770537151516,3.67150792700616,3.06657715440633,2.56821380181323,2.20893443602947,1.96917728686497,1.82727435170876,1.76405432240386,1.7668547574226,1.81667154429496,1.88546402448555,1.94878046219842,2.01552426360112,2.11757110423921,2.24803581244289,2.31777899017921,2.24382643801893,2.12757117459275,2.1517676796649,2.39925424205301,2.75821232964998,3.03245475155548,3.0465862844963,2.71003129450928,2.15543018538759,1.68886870491135
"Armenia","ARM","Upper","Infant Mortality Rate","Total",,,,,,,,,,,,,,,,,,,,,,,,,,,,,,,,,,,,,,,,,,,,,,,,,,,,,,,,,,5.57929213459124,3.38526463151944,2.56777450586621,2.83896873535451,3.81140034423179,4.79100021010461,4.94723824229113,4.57549873864035,3.93894732632385,3.28516006913109,2.75122100508044,2.36090236295705,2.10605439269816,1.94972014809567,1.8819920431717,1.88587497020274,1.93842798293453,2.0228152131749,2.09374188911502,2.16425636959404,2.27372804660026,2.41366482978201,2.49207400291091,2.41242273106577,2.29206653869411,2.32306679711451,2.58675670551123,2.98025965262749,3.29114119934808,3.31845227596654,2.98726524046871,2.45844478166432,2.00655890768487
"Azerbaijan","AZE","Lower","Infant Mortality Rate","Total",,,,,,,,,,,,,,,,,,,,,,,,,,,,,,,,,,,,,,,,,,,,,,,,,,,,,,,,,,3.2692472085988,2.99918274314944,2.85259079018597,4.39072294248612,8.68548869653059,12.3835725405183,9.81183738860438,6.19160437567509,4.59198355030895,4.12474766153051,3.88805692047106,3.51538425931042,3.11653129645978,2.83321861166737,2.67702424642029,2.62837630054756,2.6584914866096,2.69970847559023,2.70380480365308,2.66316225283984,2.80032962824183,2.59671806408934,2.58326687436502,2.56293100360779,2.71396282866539,2.56221105514252,2.61125338943905,2.63024325074335,2.56306341573298,2.47228006497867,2.46777002481695,2.60793480177366,4.90213772680106
"Azerbaijan","AZE","Median","Infant Mortality Rate","Total",,,,,,,,,,,,,,,,,,,,,,,,,,,,,,,,,,,,,,,,,,,,,,,,,,,,,,,,,,3.68102774414855,3.2260569319114,2.98139778192161,4.51836886957296,8.90713332729692,12.705830702849,10.0511355414744,6.33770629690403,4.72425264689254,4.29021119287956,4.05714071024238,3.64563970179281,3.22042342998995,2.91989044791218,2.7580960347032,2.7083244086068,2.73834691310755,2.78475272611419,2.78680731876671,2.74888905417141,2.89475671698166,2.685211739284,2.67279072190583,2.65543369904578,2.81887413043856,2.6727347574013,2.72506654676924,2.74132814473471,2.66427052032276,2.56797303229368,2.58411791601227,2.76314332730883,5.27924332243162
"Azerbaijan","AZE","Upper","Infant Mortality Rate","Total",,,,,,,,,,,,,,,,,,,,,,,,,,,,,,,,,,,,,,,,,,,,,,,,,,,,,,,,,,3.99228892061299,3.41785108702141,3.09976841621051,4.64789534541407,9.15051515898036,13.0671982250082,10.3229326360115,6.49656601025164,4.84321143418409,4.41934436781173,4.19596262316863,3.76444640356533,3.31767328173847,3.00859002405446,2.84130014781423,2.79062345316828,2.82104911527809,2.87189306064193,2.87954297237493,2.84848536054208,3.01236695898294,2.79418475988394,2.78048069640983,2.75545568644577,2.91990572016469,2.76790358660915,2.82513412128575,2.84225804425947,2.76436158977862,2.67252321627296,2.70903590245013,2.94224765526278,5.75231960164648
"Bahamas","BHS","Lower","Infant Mortality Rate","Total",,,,,,,,,,,,,,,,,,,,,,,,,,,,,,,,,,,,,,,,,,,,,,,,,,,,,,,,,,2.82639588563925,3.10527356841223,3.40285540874484,3.6914721591527,3.97014910333508,4.22511571990877,4.4382849923402,4.62052371657636,4.73183520243692,4.7587752790609,4.69926777237959,4.57300351379236,4.40918183105579,4.24066975577855,4.10723359909822,4.0247949003746,3.98911669658934,4.01929991552595,4.09538259605909,4.22513446727483,4.372085911668,4.52660024200974,4.67799072839176,4.78763870571502,4.83546112261155,4.81482513478949,4.71037646966009,4.5196284589021,4.25635023775012,3.95093885229009,3.6188389136456,5.16385984492408,3.07106000657689
"Bahamas","BHS","Median","Infant Mortality Rate","Total",,,,,,,,,,,,,,,,,,,,,,,,,,,,,,,,,,,,,,,,,,,,,,,,,,,,,,,,,,3.60074628392489,3.80891522255248,4.03094706480178,4.25133630854461,4.48358109776349,4.71060914533789,4.91854712847493,5.08754202001072,5.19745860446883,5.22270757732101,5.16106647090758,5.02227555822265,4.84311783568965,4.65642799984139,4.50605221810097,4.41492667282226,4.37851901835233,4.40864933421756,4.49277326707933,4.62738029541384,4.78616438570626,4.95499505425282,5.11280063694912,5.2357355964772,5.29813778346603,5.28754016148262,5.19688213939168,5.03226733739757,4.80626132357528,4.5526547611645,4.28619332872256,6.28746776422899,3.85527941636409
"Bahamas","BHS","Upper","Infant Mortality Rate","Total",,,,,,,,,,,,,,,,,,,,,,,,,,,,,,,,,,,,,,,,,,,,,,,,,,,,,,,,,,4.54384085967481,4.63695568686893,4.75673658435971,4.89502093800199,5.06779726090334,5.259050935309,5.4471330265017,5.60816983240746,5.71745273498221,5.73554726854873,5.66048183505435,5.51367479760823,5.31514991163379,5.11505299933131,4.94866938600507,4.84277692627163,4.80475447997119,4.83426241091452,4.92463150264268,5.06842615133984,5.2400487287802,5.4228158874141,5.58676483579413,5.71864986750796,5.78646275657406,5.78433987027837,5.72030207354295,5.5809696343715,5.40978581918351,5.21895912602456,5.02310788863957,7.55312897918773,4.72726761315395
"Bahrain","BHR","Lower","Infant Mortality Rate","Total",,,,,,,,,,,,,,,,,,,,,,,,,,,,,,,,,,,,,,,,,,,,,,,,,,,,,,,,,,2.49254593649329,2.54900418264528,2.5976135568494,2.6374815060279,2.67309739673742,2.69051993741525,2.69867012444128,2.68893224199075,2.67044753824223,2.64139246274289,2.6050452631792,2.5629323008446,2.51647774320862,2.47418485485853,2.43396454330313,2.39777870398243,2.36760119648768,2.34097746707593,2.31383649093934,2.2855709498142,2.25009384489386,2.21149654326489,2.17397166285355,2.12901393278302,2.07844644175601,2.02174558395676,1.95967819572421,1.8920249331768,1.81683978292868,1.73660261073531,1.65002982699381,1.56275668074263,1.48036974700069
"Bahrain","BHR","Median","Infant Mortality Rate","Total",,,,,,,,,,,,,,,,,,,,,,,,,,,,,,,,,,,,,,,,,,,,,,,,,,,,,,,,,,2.96358186900697,2.96307705016346,2.9663923218323,2.97074521914659,2.97217318031156,2.96738298899598,2.95600144311604,2.93377930124245,2.90454181076171,2.8695721649237,2.83226360419487,2.79053502454798,2.74537621571785,2.70134301392668,2.65651101374795,2.6140519837127,2.57382674925384,2.53621086386215,2.49921970300653,2.46304680858756,2.42569961820986,2.38564721718666,2.34343093941198,2.29712386317596,2.24725929998585,2.19151449587679,2.13020097763532,2.06603276670327,2.00089150449674,1.93411007514124,1.87038005882732,1.80838538648535,1.74987894191093
"Bahrain","BHR","Upper","Infant Mortality Rate","Total",,,,,,,,,,,,,,,,,,,,,,,,,,,,,,,,,,,,,,,,,,,,,,,,,,,,,,,,,,3.51062443672377,3.45597619181458,3.40608395360377,3.36606001235231,3.32371068055563,3.28574972550791,3.25356681962434,3.21404578655845,3.16811738669917,3.11738211262262,3.06808997903177,3.01461382305887,2.96067702247212,2.90975071339921,2.85863246312548,2.81136689436733,2.76652211441349,2.72599601234416,2.68674363399542,2.64875761373447,2.60781910830897,2.56691762641379,2.52697389635873,2.4802944532262,2.42915169887061,2.37389880433537,2.31601231831057,2.2595265974755,2.2033854343697,2.14872600580081,2.1061785037133,2.06861300295589,2.03076600950848
"Bangladesh","BGD","Lower","Infant Mortality Rate","Total",,,,,,,,,,,,,,,,,,,,,,,,,,,,,,,,,14.9304706688078,14.6706704844744,14.1971209098189,13.6958229216734,13.1514905288862,12.5902884742583,12.0817911363613,11.638574978681,11.269508280556,10.9125523437466,10.5759441593649,10.2061798535103,9.76249836707852,9.35270748968135,8.93856351700673,8.83710482372855,8.84676844037244,9.07439617245484,9.38299197456115,9.55727718964807,9.59960211190598,9.6027536251747,9.61849724252525,9.59998764778026,9.53571732168184,9.39760924149477,9.20145188533654,9.11530650380989,12.0014037107701,9.08405221430555,8.93206539377408,8.6277728554324,8.2300615796452,7.74376927615857,7.17559228364288,6.44922592815347,5.5918627028835,5.003287136956,4.74902121168046,4.72737349455278,4.84691683865342,4.97285420342226,5.02746908333316,5.02086531447574,4.99183123182445,4.94219339151473,4.88170922193638,4.80645057079358,4.69714164814753,4.67867605444093,4.8312427082278,4.99554182925901,5.08084619245105,5.09890487457671,5.03742757361803,4.89788085936844,4.6884606689344,4.46843591942868
"Bangladesh","BGD","Median","Infant Mortality Rate","Total",,,,,,,,,,,,,,,,,,,,,,,,,,,,,,,,,21.6033240939605,20.5959497325851,19.5697602106203,18.6349314994327,17.7782241026638,16.9253866498512,16.1633962605241,15.4364825880003,14.7567399170013,14.1270472264918,13.5142005273455,12.9454795152535,12.4157456706587,11.9395791982448,11.5501104678512,11.2073017569534,10.9239872440712,10.6969461397739,10.5418698730128,10.482708974311,10.4561410894666,10.4275414843943,10.3887283026651,10.353228478473,10.2992042106988,10.2403557931979,10.1794148501597,10.0951927668503,13.1406270936052,9.82503776014256,9.60582174325555,9.27231957115372,8.81798109737733,8.26227126234394,7.62930774700121,6.93210140749216,6.32004902337736,5.88232208981466,5.58790839176468,5.40615865173969,5.32827005726271,5.32224345789321,5.32626347180036,5.32639675102721,5.29459569428914,5.23770852823661,5.16979243564758,5.09994208196779,5.0707261520873,5.1077553443043,5.21928757147724,5.391494616678,5.57183524858883,5.71077520031978,5.76886945643767,5.73865933268272,5.63627384871914,5.5200378344876
"Bangladesh","BGD","Upper","Infant Mortality Rate","Total",,,,,,,,,,,,,,,,,,,,,,,,,,,,,,,,,33.3789721348843,31.1140798615772,29.0642186544865,27.3829053367383,25.7924720667006,24.1586189542384,22.8038416522433,21.5246292121356,20.085906370226,18.6906875066544,17.3574502800833,16.1611990416657,15.0742107793494,14.211430245137,13.4830582710596,12.8187716175733,12.3166625254555,11.9033665640426,11.5980834483561,11.456326633536,11.4339388571446,11.4716285867162,11.4151945016197,11.269184911206,11.1793517415154,11.1530171361919,11.1530987428276,11.1410248400847,14.5806885242382,10.9608799819825,10.7508055187939,10.4713255890204,10.0396973974523,9.30725504029643,8.29272266615148,7.35490915556872,6.79758748695863,6.37766691540997,6.05891511206078,5.8232470602246,5.66917455350467,5.64567913491322,5.7641836928735,5.88999930495129,5.88662159742361,5.74278248338534,5.56093646292746,5.41978263126863,5.38582876166033,5.44640677335637,5.59351017451821,5.84345647286073,6.22031219106877,6.71267832945561,7.12124519769296,7.32222049356265,7.34727677582463,7.29613852359554
"Barbados","BRB","Lower","Infant Mortality Rate","Total",,,,,,,,,,,,,,,,,,,,,,,,,,,,,,,,,,,,,,,,,,,,,,,,,,,,,,,,,,3.94991095440593,3.84322568840283,3.71310953685368,3.57756618846269,3.44381802916316,3.31829031115143,3.20000296127192,3.10765229716893,3.03464241975147,2.98369866667918,2.96570508999029,2.96787421508626,2.98983123610876,3.02026159675425,3.05520280330724,3.08889165208705,3.10212440326007,3.09883271876239,3.06120189493702,3.00084916261197,2.92224056902289,2.80887347707663,2.67657588629458,2.52942651308048,2.37759488433524,2.21943001773629,2.08250191559581,1.95781466870783,1.84673936105856,1.74399896159102,1.65212687219917,1.57202072539233,1.49067454815244
"Barbados","BRB","Median","Infant Mortality Rate","Total",,,,,,,,,,,,,,,,,,,,,,,,,,,,,,,,,,,,,,,,,,,,,,,,,,,,,,,,,,4.94090496888603,4.66329970218723,4.3909329439187,4.15214595581982,3.94357212636171,3.77129029550356,3.62735188351178,3.51218891871837,3.42391320441294,3.369630610137,3.35352466781325,3.36083266716148,3.39269739822619,3.42861850723688,3.46753302367677,3.49922561958133,3.51346648595483,3.50571423060847,3.47192905323301,3.41984688218379,3.35363572323861,3.2630369068154,3.15588180127865,3.05082017441634,2.9366930698447,2.81859884204705,2.71620637504415,2.62237757866328,2.54102335969538,2.45037014222545,2.36750005543079,2.29151571081524,2.21114808608876
"Barbados","BRB","Upper","Infant Mortality Rate","Total",,,,,,,,,,,,,,,,,,,,,,,,,,,,,,,,,,,,,,,,,,,,,,,,,,,,,,,,,,6.07767267507255,5.60359690260709,5.18904769239479,4.82281164756427,4.51634489804179,4.27614203414568,4.09229359502059,3.95321989970961,3.85526445871493,3.7985827308594,3.78522768402146,3.79778566874318,3.82825860522077,3.86616755697389,3.90873181028161,3.95090452513818,3.96658404775798,3.96385462761371,3.93978457000986,3.9001456792401,3.85238744725148,3.78392905337441,3.72033331543735,3.66123101647637,3.6037731766042,3.56494803783669,3.49956111775049,3.42908836321216,3.36768575452692,3.30304443192014,3.24203204419569,3.17895460294255,3.09592824754666
"Belarus","BLR","Lower","Infant Mortality Rate","Total",,,,,,,,,,,,,,,,,,,,,,,,,,,,,,,,,,,,,,,,,,,,,,,,,,,,,,,,,,3.48290695871029,3.81276463500503,4.09007536713894,4.28609265570751,4.40147890497493,4.44397901155101,4.42273063678534,4.36887273298343,4.31212984752791,4.25271715755545,4.19480148468747,4.14678834591733,4.07541249381277,3.96115058054314,3.81283406077488,3.66471526647153,3.53844451666445,3.41871920779582,3.30870561691337,3.20435917302843,3.11355574403044,3.02981917576652,2.92901865851394,2.79410549925736,2.62305298523451,2.43020869285757,2.22938488138628,2.0436108377317,1.89291545212523,1.76286375182285,1.64405529652923,1.53620784225926,1.43961070438063
"Belarus","BLR","Median","Infant Mortality Rate","Total",,,,,,,,,,,,,,,,,,,,,,,,,,,,,,,,,,,,,,,,,,,,,,,,,,,,,,,,,,3.8174367314438,4.0321420638805,4.2418703837429,4.4133149109969,4.52823214515021,4.57241304634007,4.54898439689509,4.48901279497812,4.42473499026142,4.36652258801373,4.32031264597541,4.27690479222122,4.20468711171362,4.08321416308928,3.92878216905329,3.77559981336307,3.64380121050253,3.52428063227459,3.41217551972096,3.30861939866837,3.2201965802063,3.13785262681684,3.03780771159901,2.9014157081912,2.7282470788539,2.53468475645565,2.3349335479532,2.14960769276343,1.99034559996909,1.85872441793353,1.75127208095457,1.66211947680247,1.58627358887609
"Belarus","BLR","Upper","Infant Mortality Rate","Total",,,,,,,,,,,,,,,,,,,,,,,,,,,,,,,,,,,,,,,,,,,,,,,,,,,,,,,,,,4.09170236638433,4.23272395440528,4.38863654076924,4.54223769282659,4.66602208049235,4.72294818189172,4.69176369778942,4.62362374924332,4.54487165607825,4.48256193241229,4.43484083309863,4.3908052123173,4.3212505087666,4.19813131448073,4.03936179775912,3.88263607273496,3.74867349707767,3.63294816237604,3.52381178412427,3.41993871443793,3.33529271925442,3.25346738557224,3.15653087569935,3.01577856921441,2.84040052595775,2.64248978657045,2.43788442378374,2.24743499262296,2.08708175133421,1.9588255770169,1.86957638816867,1.81326327538148,1.77147098478522
"Belize","BLZ","Lower","Infant Mortality Rate","Total",,,,,,,,,,,,,,,,,,,,,,,,,,,,,,,,,,,,,,,,,,,,,,,,,,,,,,,,,,,,2.2185088732082,2.58197010661891,2.99054935023696,3.41581984344939,3.88016831896766,4.32424724907312,4.73081323494077,5.04768204436424,5.27453393222974,5.42226150850228,5.49349506356517,5.5089704540241,5.50035477163767,5.50258373963556,5.4996192530592,5.49374400146466,5.49294206133225,5.48137232254589,5.47190350016538,5.45461048925561,5.40530299834111,5.32896794499467,5.21592327710905,5.05971373447274,4.87299429207672,4.63168743000007,4.3651905564202,4.06686096768867,3.74149845325906,3.45911285391091,3.20695284323609
"Belize","BLZ","Median","Infant Mortality Rate","Total",,,,,,,,,,,,,,,,,,,,,,,,,,,,,,,,,,,,,,,,,,,,,,,,,,,,,,,,,,,,2.86676083480982,3.20269152060495,3.57137110272393,3.96918074566111,4.39581769425211,4.81820149205351,5.22047282872092,5.55161503770421,5.78568855544331,5.93016252274401,5.99651375440607,6.01019518087258,6.00646155556341,5.98812120662878,5.97721781113927,5.9655037917244,5.95219441160973,5.940346570159,5.92762685946152,5.90096661619633,5.85117115919111,5.77278743350783,5.65738426179656,5.5152339866834,5.34229398235959,5.14358846503185,4.92962326240756,4.71072514971742,4.48494186349236,4.27496314842541,4.08675586734836
"Belize","BLZ","Upper","Infant Mortality Rate","Total",,,,,,,,,,,,,,,,,,,,,,,,,,,,,,,,,,,,,,,,,,,,,,,,,,,,,,,,,,,,3.64064951559776,3.93021693609359,4.25843122352013,4.61358361324523,5.00088275784063,5.40146932355859,5.78766769220462,6.11899120511023,6.35319477731764,6.49263927404497,6.55129320435158,6.5626057856941,6.55361370397769,6.52986710205064,6.50833496358482,6.48861160727694,6.46403118063834,6.44700859603879,6.41660616342868,6.38527348558843,6.3261510665922,6.24298899105294,6.13236812143739,6.00767576883245,5.86114495561245,5.71405976898784,5.56864554526787,5.44009791498505,5.31295164250342,5.19686799209299,5.08225931114498
"Benin","BEN","Lower","Infant Mortality Rate","Total",,,,,,,,,,,,,,,,,,,,,,,,,,,,,,,,,,,,,,,,,,,,,,,,,,,,,,13.7946572434332,13.4075109000353,12.9224366120956,12.4308740420675,11.9066759761504,11.4719753958405,11.1270619837335,10.806589494261,10.5060648959638,10.2702406250621,10.0288546856674,9.78700904883661,9.55527315854198,9.32102151309333,9.05020181612915,8.80458768818416,8.61002379780959,8.40255140002957,8.16128882955149,7.96655187115007,7.77700066297509,7.62951849141013,7.51119338881467,7.46107185114806,7.45703602075727,7.51246264658288,7.61697777730492,7.76282105611425,7.90533284421863,8.03295637078089,8.11942836813585,8.14383057667729,8.1221713089462,8.03233706997388,7.86013611841562,7.64124957597078,7.34565860669071
"Benin","BEN","Median","Infant Mortality Rate","Total",,,,,,,,,,,,,,,,,,,,,,,,,,,,,,,,,,,,,,,,,,,,,,,,,,,,,,20.7673667238275,19.5078285369518,18.3567467571176,17.288351996606,16.3012390510643,15.4692175121387,14.7886642786428,14.1976385490608,13.63753152955,13.1941762731489,12.7711492029629,12.3745985082209,12.011640445013,11.651072503759,11.3131067595551,10.9879835075888,10.7031608442864,10.4404747699309,10.189978017027,9.96752500904454,9.78292555999394,9.63358678828804,9.53829407363086,9.50388336673864,9.53439478636818,9.63007895596277,9.7952156359943,10.0178718792624,10.2920812606103,10.5857851767379,10.9063148822072,11.1782541626557,11.4509226617688,11.6179417743849,11.6292158843245,11.5007255956734,11.2678083085268
"Benin","BEN","Upper","Infant Mortality Rate","Total",,,,,,,,,,,,,,,,,,,,,,,,,,,,,,,,,,,,,,,,,,,,,,,,,,,,,,29.9185396463076,27.6020230514327,25.5767037172533,23.7003419333325,22.0933127374213,20.670847249158,19.4767435486993,18.4990801511386,17.568501187198,16.7918573279242,16.1265809779823,15.5536263064277,15.011603494192,14.4815630068641,14.01608488883,13.5765121980087,13.2243659042936,12.8671641548157,12.5250146625075,12.2678054862853,12.0711599201727,11.9152626914848,11.8454768385429,11.8975071893841,12.0219911238172,12.195298445301,12.4595512480432,12.8217738949679,13.294957523962,13.8576441686644,14.5442464723402,15.2496310701199,15.9150553439234,16.4384755155431,16.7129141754216,16.7885160382096,16.6546126581774
"Bhutan","BTN","Lower","Infant Mortality Rate","Total",,,,,,,,,,,,,,,,,,,,,,,,,,,,,,,,,,,,,,,,,,,,,,,,,,,,,,,,,,,,10.567804050618,10.4394782809224,10.2523583166629,9.9845848349742,9.6804294788187,9.3271391429009,9.00047912803271,8.65734931702174,8.30350537795809,8.01243953360301,7.69936029787382,7.40272208850845,7.12669803398386,6.84836668108805,6.62738355452273,6.40772354643325,6.1573379071143,5.91704759114253,5.68113866249718,5.43166082295498,5.17190253592659,4.88689460993476,4.60409187029994,4.35986965446454,4.107961078902,3.91229332521043,3.73588678969747,3.5363369130304,3.36768371427767,3.21039693801109,3.07403854326145
"Bhutan","BTN","Median","Infant Mortality Rate","Total",,,,,,,,,,,,,,,,,,,,,,,,,,,,,,,,,,,,,,,,,,,,,,,,,,,,,,,,,,,,16.8836506789175,15.8854286253314,14.9107382928208,13.9821407523287,13.1239797663681,12.3460809089064,11.6456604206503,11.0344525034923,10.4907087383641,10.0361488218013,9.63308262087297,9.27032183422612,8.9542737624136,8.62793006218615,8.36771333132802,8.11387650644584,7.8739201962607,7.63741033791179,7.42997769781552,7.2539516499006,7.05620035675989,6.89702040052982,6.72206592188049,6.57135116513367,6.4028200560171,6.23736296076656,6.06814335975219,5.88612647052228,5.72070160974334,5.53153712079593,5.37112255577705
"Bhutan","BTN","Upper","Infant Mortality Rate","Total",,,,,,,,,,,,,,,,,,,,,,,,,,,,,,,,,,,,,,,,,,,,,,,,,,,,,,,,,,,,24.2516408339536,22.4258554169227,20.6945440309052,19.1267911767732,17.6782628111869,16.3408875586617,15.1730170257657,14.2150405401406,13.3593079333444,12.6356264069551,12.0550710419683,11.5796493298102,11.1866837315752,10.8108917023672,10.5659297616804,10.3567785826692,10.1787672248366,10.0760567002881,10.0150687639423,10.005534312268,10.0059120862278,9.98597901077107,9.97088049154935,9.9468625676965,9.85492654933504,9.68076066604761,9.50372621758159,9.33456048128448,9.10160173105501,8.89577675458345,8.71141083027007
"Bolivia","BOL","Lower","Infant Mortality Rate","Total",,,,,,,,,,,,,,,,,,,,,,,,,,,,,,,,,,,,,,,,,,,,,,,,15.9541452027427,15.5129283735965,14.9785160068785,14.3637624154002,13.7498300404084,13.0566145736766,12.4380164935792,11.8657611777068,11.3449632909479,10.8527300654236,10.4176885945655,10.038875027644,9.6656735691899,9.35279346846414,9.06068947911859,8.78639340274124,8.55034888823794,8.3347735473187,8.11541745304542,7.89610199759979,7.65416361770117,7.40417409710673,7.13878644784076,6.84966338176382,6.54104211529084,6.20923677375738,5.84624349080242,5.47632091336288,5.12458782736778,4.79735680046546,4.50918801054963,4.26814607790004,4.05504569174582,3.87909793472722,3.69999017276784,3.53174776777935,3.3626151888354,3.18104795120961,3.02568154216566,2.90573790123644,2.76329454757804,2.6424955194406,2.54697121700236
"Bolivia","BOL","Median","Infant Mortality Rate","Total",,,,,,,,,,,,,,,,,,,,,,,,,,,,,,,,,,,,,,,,,,,,,,,,22.6849969298928,21.3436129601115,20.031786218459,18.8067405365233,17.7055968033929,16.6611650001458,15.7510539040865,14.8960046091819,14.145803088971,13.477059293649,12.8828042173531,12.3537003410041,11.8695750440751,11.434775529884,11.0316308259874,10.6794606038574,10.3523303374088,10.0617974365193,9.78804595138854,9.53946502328086,9.29254149186731,9.03100301251178,8.7655288475865,8.48735977831317,8.21012065720131,7.91296678255805,7.61656680735526,7.33873173801232,7.0872750030715,6.84441781021541,6.62454680423868,6.43141418848282,6.23656348476312,6.05161044496287,5.86903302485971,5.69405525588107,5.51876923836342,5.33730502378268,5.18559535003645,5.04204969807096,4.8796613306937,4.73806487990265,4.61432754994932
"Bolivia","BOL","Upper","Infant Mortality Rate","Total",,,,,,,,,,,,,,,,,,,,,,,,,,,,,,,,,,,,,,,,,,,,,,,,32.5181542981803,29.8386978531207,27.4215303993247,25.2434377629234,23.3750475721031,21.6707915272871,20.2143149764853,18.9256684786878,17.7567355271085,16.8026808685603,15.9602055282954,15.1702873508421,14.4670386616581,13.823532993358,13.3011301618247,12.8488950919502,12.4173840473659,12.0706428411725,11.762300510972,11.5052539383922,11.2501300608043,10.9798435923656,10.7236561884313,10.4665458843833,10.2127547051202,9.97194007021994,9.71507133008462,9.48785111612231,9.29018216479478,9.11584968344121,8.93325143478728,8.76190830530599,8.59014636113849,8.40249337971045,8.26365069007013,8.08771654233352,7.90249231103039,7.71326405218423,7.55350072623122,7.43524127856912,7.2488630557289,7.08609199213625,6.95346337360993
"Bosnia & Herzegovina","BIH","Lower","Infant Mortality Rate","Total",,,,,,,,,,,,,,,,,,,,,,,,,,,,,,,,,,,,,,,,,,,,,,,,,,,,,,,,,,1.90112781627425,2.15893150644883,2.40317135989511,2.60371524953441,27.4522256921169,28.2354275024813,18.2498351808061,3.83541548222495,2.39828303621635,2.24681764817174,2.11534456620797,2.00619585383949,1.9174062287345,1.84795182409211,1.79293344884166,1.75452190283495,1.7244637199127,1.69214319721272,1.65486655829197,1.60784620186096,1.54815398751222,1.48428188312215,1.43098789850837,1.39207807939748,1.37512035648893,1.37645004943217,1.39148844827626,1.41233789050702,1.4283691616941,1.43134950417152,1.40968549258893,1.36804242251202,1.3036678908502
"Bosnia & Herzegovina","BIH","Median","Infant Mortality Rate","Total",,,,,,,,,,,,,,,,,,,,,,,,,,,,,,,,,,,,,,,,,,,,,,,,,,,,,,,,,,2.13368320561424,2.35761412253008,2.57988842234832,2.77800933654824,29.3817424565249,30.3786754146624,19.6879740234483,4.14846194763699,2.59207327295093,2.42563244055183,2.27232338491423,2.14316321490843,2.03802493240333,1.95752761308671,1.89544417070919,1.8527505430239,1.82137198570411,1.79196641668129,1.75549188824343,1.70818971679583,1.64860079398314,1.58485975698087,1.52980457900308,1.4934756255561,1.47974779945253,1.48829220673647,1.52018040027585,1.56682215547993,1.62139240748748,1.66382592968777,1.67749821947505,1.66127485433119,1.62611350727627
"Bosnia & Herzegovina","BIH","Upper","Infant Mortality Rate","Total",,,,,,,,,,,,,,,,,,,,,,,,,,,,,,,,,,,,,,,,,,,,,,,,,,,,,,,,,,2.37687807589078,2.56374490341791,2.76932470520558,2.97049114010932,31.4291320240504,32.6040464746216,21.210732365674,4.47442829396404,2.79242092372243,2.6048349849435,2.42942016271377,2.28156971170135,2.16137185522151,2.06922455989779,2.00373352315079,1.95929519590106,1.92683386421482,1.89653973377657,1.86245464216532,1.81494551016675,1.75435572097153,1.68818039586312,1.63300866987942,1.59760357256316,1.59139900238049,1.61164230213338,1.66092191955749,1.7384859270377,1.83498862273737,1.92068843418692,1.97749115760054,1.99999104325185,1.99420666684614
"Brazil","BRA","Lower","Infant Mortality Rate","Total",,,,,,,,,,,,,,,,,,,,,,,,,,,,,,,,,,,,,,,,,,,,,,,,,,,,,,5.66084758975671,5.69040526510611,5.69592371889908,5.66507606985384,5.58112502170304,5.45837049004633,5.31726607967886,5.19488355101991,5.12893369009244,5.14202288878272,5.22729677689186,5.32083637367608,5.36523596819199,5.35765717738128,5.3273297387957,5.31163002899047,5.30784675732743,5.33265412310358,5.36152453544911,5.36149917809865,5.31955766277453,5.26856355148004,5.24498093284727,5.25685765149368,5.31097906009588,5.41139215832894,5.54493920149001,5.71917863712036,5.90646435748686,6.07386668080637,6.18099068604895,6.19137231756204,6.08659233824211,5.86370401938348,5.52688442942745,5.10804875764723,4.68533810742434
"Brazil","BRA","Median","Infant Mortality Rate","Total",,,,,,,,,,,,,,,,,,,,,,,,,,,,,,,,,,,,,,,,,,,,,,,,,,,,,,6.71673381061948,6.50687967454841,6.29218519109289,6.07449424378883,5.85279355133118,5.62815734339058,5.43246415238001,5.2952868651716,5.22813131643542,5.24265136455966,5.32862517603673,5.4241693785522,5.46692760914904,5.45831954173847,5.42861147998973,5.40940803557966,5.40949833021178,5.43360024976927,5.46303704263727,5.46231095222414,5.41690117155196,5.36644299611738,5.34035167674492,5.35392421168959,5.41113561529675,5.51079782352548,5.6499319011404,5.82688298416192,6.01619249654323,6.1857531333767,6.29436909029397,6.30956113167396,6.20245977612457,5.97679689447778,5.65303909971498,5.27323205605739,4.91629057767201
"Brazil","BRA","Upper","Infant Mortality Rate","Total",,,,,,,,,,,,,,,,,,,,,,,,,,,,,,,,,,,,,,,,,,,,,,,,,,,,,,7.87011238014299,7.38054666972159,6.92474730657467,6.51053533623082,6.13524657433206,5.80287208916352,5.55604555984345,5.39907568039135,5.32966523761876,5.34404279832538,5.42811200549948,5.52693355196794,5.56615989435428,5.55898161244172,5.53266607660605,5.50999049591973,5.51141473047532,5.5339838842684,5.56475996578671,5.5654726366657,5.51716514320549,5.46619817165312,5.43926800978294,5.45107926614074,5.50847572691988,5.60898706944516,5.75186380563671,5.93039473085485,6.12644749114307,6.30063640272356,6.40900041447187,6.42730464825713,6.31968350866238,6.09433578665181,5.77885131351055,5.43735575161167,5.14790586055252
"Brunei","BRN","Lower","Infant Mortality Rate","Total",,,,,,,,,,,,,,,,,,,,,,,,,,,,,,,,,,,,,,,,,,,,,,,,,,,,,,,,,,,,4.74180964133106,4.66554420922511,4.56051508440898,4.42631068300521,4.25586478150825,4.04116002747822,3.80527969511481,3.55093657497971,3.29766715545076,3.05595560426775,2.83090905605988,2.63029907518893,2.44687082611476,2.2878512086205,2.15355758273724,2.03783965278839,1.93963186468057,1.85807401025028,1.78800507313182,1.72426573048389,1.66144130333191,1.59742688538419,1.52343495968864,1.44072233650648,1.34935372225498,1.25263991545238,1.15197463738294,1.04905169872887,0.944915078115804,0.850671697208649,0.774749488903439
"Brunei","BRN","Median","Infant Mortality Rate","Total",,,,,,,,,,,,,,,,,,,,,,,,,,,,,,,,,,,,,,,,,,,,,,,,,,,,,,,,,,,,5.80019363386971,5.5388637403248,5.28462714773799,5.02877837437527,4.77285423308234,4.50088200014183,4.22219234455373,3.93952961165307,3.66085923043479,3.3937349089309,3.14920175403535,2.93045882054417,2.73582748727501,2.56528628250035,2.41812078697968,2.29417340596944,2.19015193795281,2.09885977102883,2.02258456396202,1.9556611545688,1.88925335304145,1.81861873420423,1.74303986545015,1.6608411964043,1.56960634343517,1.4782532286348,1.38350651177477,1.29215641470653,1.20371921652153,1.12393941254716,1.05678878205943
"Brunei","BRN","Upper","Infant Mortality Rate","Total",,,,,,,,,,,,,,,,,,,,,,,,,,,,,,,,,,,,,,,,,,,,,,,,,,,,,,,,,,,,6.94720981686881,6.50534969693853,6.09880824172473,5.71696035748995,5.35946891757863,5.01268985472739,4.67505589093453,4.35307023988684,4.04785924091261,3.75825271310323,3.49513700762203,3.2577604313522,3.04984910901971,2.86811625598571,2.7080997125432,2.57587348090521,2.46022308283354,2.36717175657612,2.28734041845515,2.21214843517116,2.141904635825,2.06710692502901,1.99209756277621,1.90961020635816,1.82454868364424,1.74408455108564,1.66184031730121,1.58714277014078,1.52183457962004,1.46339837694906,1.41254346227896
"Burkina Faso","BFA","Lower","Infant Mortality Rate","Total",,,,,,,,,,,,,,,,,,,,,,,,,,,,,25.8757741193734,25.6796632955783,25.2037997647186,24.6274845199564,24.0038612750692,23.3074674487497,22.6675909906145,22.0808750171982,21.4547310531052,20.8108361389719,20.2933407481877,19.7725685862464,19.3252687171304,18.9177726741732,18.3725740388046,18.0358000761235,17.6458288506163,17.387458796229,17.1208824986983,16.8623523397456,16.6559850842592,16.4258350714356,16.2544531476605,16.0753501961314,15.950733962947,15.8303738489403,15.6981402831844,15.6273793424472,15.5371572230786,15.4726021190133,15.4339283578807,15.402566872316,15.3257224564541,15.2143392244226,15.0758030006965,14.9080845738375,14.6677442082265,14.3383603379824,13.9321291858453,13.4316120057875,12.8852591939047,12.2989405229917,11.7375288375049,11.214641792249,10.7409700569127,10.2838447274388,9.83155160706737,9.38406045054577,8.93411307184435,8.44088210458255,7.93840367726536,7.45762975084325,7.05814153502145,6.70903099537866,6.3663862935397,6.046398861695,5.75266639613375,5.49056936116804,5.24575951667623,4.96062888826678,4.72544729504407,4.50362893025095
"Burkina Faso","BFA","Median","Infant Mortality Rate","Total",,,,,,,,,,,,,,,,,,,,,,,,,,,,,39.6922112328752,38.6538224405536,37.3759145828361,36.1608821233358,35.0114350819979,33.9693577992579,32.9184966171998,31.9787130285574,31.0726277556125,30.1487141815145,29.2940254494817,28.4811739749595,27.7035842413341,26.9682389234715,26.1514384895406,25.4453245513987,24.7340056999901,24.129801416437,23.5666093393784,22.9487542635768,22.3747676950673,21.797055831332,21.2640200555375,20.7529080738873,20.2783599587457,19.8739586451521,19.4757908369454,19.1550986983049,18.90232620842,18.7071390926737,18.5451308651587,18.3856629338095,18.1917789862757,18.0259867802636,17.8086312241684,17.5382996828148,17.2196625547092,16.8070002337487,16.3217808600195,15.7516706026887,15.1123996846331,14.4698064500296,13.8657130421852,13.3269564064851,12.8604062529563,12.4453607154624,12.055237716081,11.7013283201032,11.3394995623972,10.9741422821004,10.6327928835322,10.3019084667697,9.98419044441706,9.63779410183163,9.34735375840943,9.0626883238013,8.78190647718154,8.50955913278053,8.25625678545429,7.99589539977311,7.73913185669641,7.51832727602904
"Burkina Faso","BFA","Upper","Infant Mortality Rate","Total",,,,,,,,,,,,,,,,,,,,,,,,,,,,,62.5986928449443,60.0133364132815,57.3811982232502,54.9419722625776,52.8073874050366,50.734398455365,48.7958014392646,47.1170058321067,45.3977657397503,43.6597877048354,41.9634965978632,40.4311914438999,39.0411124925182,37.6881871564777,36.2639733608346,35.0192226642103,33.7616929519646,32.6764233811438,31.6273959158579,30.4896605695721,29.4813119589513,28.4414199744149,27.3989905790721,26.5190509426855,25.6621808401184,24.9117319245955,24.2671822811353,23.6396194585875,23.1904025535629,22.7446096691824,22.3544072814329,22.0579111714518,21.7451185846349,21.4388009710161,21.1181624788495,20.7358214281439,20.2896353955627,19.7910363683769,19.2141540596269,18.5398977794548,17.8206973590394,17.0978240208192,16.4926332329628,15.9596819697539,15.5358929189132,15.1743847299006,14.8388320089475,14.5717472633638,14.3162563766234,14.0661185476691,13.8664029986931,13.6530051320296,13.4174813715889,13.1205242808312,12.8405658654735,12.5509951585832,12.2897731729197,12.0636181044594,11.8209233800726,11.513772060701,11.2639463377306,11.087188382498
"Burundi","BDI","Lower","Infant Mortality Rate","Total",,,,,,,,,,,,,,,,,,,,,,,,,,,,,,,,,18.92954540884,18.6482373217704,18.1838131468604,17.5948996326219,16.9731292875122,16.3271199194698,15.6883676538928,15.1807067534594,14.7540455089619,14.373979608577,14.1948630731783,14.0975725547906,13.965607614832,14.0425460911858,14.197867095548,14.3743649969819,14.6472219012869,15.0538970579855,15.5588202850729,16.0482659662463,16.6605025420841,17.1997295168952,17.980474350263,18.7803225679846,19.6761954507541,20.7378606723747,21.7764264639113,22.9822454799464,24.4516428299404,25.7946855665471,47.3584661451844,27.988884469508,28.1900298934066,27.6385968729117,26.5488261151544,24.9108327189452,22.9646094715488,20.9070126229916,18.9699921008472,17.1525082429288,15.4956082319689,13.9517125880165,12.4790568356075,11.1154293105242,9.90246311428282,8.95151846399528,8.22363796377533,7.75245738019969,7.43489864338833,7.21837025889772,7.0192798298435,6.85039634207769,6.65911664327545,6.42661329666214,6.19066121366358,5.96039917940429,5.72792349778257,5.48572598091284
"Burundi","BDI","Median","Infant Mortality Rate","Total",,,,,,,,,,,,,,,,,,,,,,,,,,,,,,,,,27.7795861280184,26.3990520278221,25.0103403324654,23.756265279107,22.648621837655,21.6374713213396,20.7193704107732,19.9629977763605,19.4345608183419,19.1045520279177,19.0205585914132,19.0859835252577,19.1743958032114,19.4096880473578,19.7135926661884,20.1366329403816,20.6361973046924,21.2493570231214,21.9343407294366,22.6776394600224,23.4206055842596,24.1873039533008,25.1072286083889,26.010225135662,27.0936777546808,28.3290907074473,29.5322995311317,30.9840717648173,32.5741686796975,34.1687797016046,62.1683346404678,36.4515592124346,36.423511839923,35.4866328447596,33.8644085259413,31.5878169295349,28.969651595181,26.26858754112,23.7067301421509,21.4356614312602,19.3995171728807,17.5004483886645,15.6769939967566,14.06040527618,12.6432482698508,11.5020193421582,10.6744427107279,10.1350982683405,9.80375338020922,9.61619306913876,9.49471870270854,9.41974868401267,9.3495881539366,9.23648515828692,9.06635869068457,8.90472294837161,8.68296136814181,8.4532770024191
"Burundi","BDI","Upper","Infant Mortality Rate","Total",,,,,,,,,,,,,,,,,,,,,,,,,,,,,,,,,40.6408689210594,37.5932067047335,34.7748352276895,32.3784284639181,30.5187446956856,28.9012760357767,27.5674268871538,26.4465503045421,25.9172223373638,25.5475311075653,25.7391849860395,26.1046239094954,26.5306247842622,27.2369858539208,27.8974640858217,28.7669065710937,29.5758034434774,30.6410664989177,31.69241911985,32.6490000210218,33.6277400980129,34.7683467639785,35.8762960838386,37.0249832318589,38.263955332669,39.7321440825726,41.1595942027143,42.898194020776,44.7991814725529,46.6377116731137,84.1158878498237,48.7191125624586,48.1092618099423,46.5334338393651,43.8912239837148,40.6075211576278,36.8888786033976,33.2159342880673,29.7748135547368,26.8070773597136,24.2004996858756,21.8605512656141,19.6848192603542,17.685923460087,15.9767596179006,14.6297787782571,13.645310297002,13.0424256850501,12.7291060644094,12.6076435664775,12.5547113101953,12.5635777113285,12.6127142518347,12.6008872135048,12.5225687089899,12.3777557306563,12.1899096070748,11.9936806780845
"Cambodia","KHM","Lower","Infant Mortality Rate","Total",,,,,,,,,,,,,,,,,,,,,,,,,,,,,,,,,,,,,,,,,,,,,,,,,,,,,,,,,,14.4040505468691,14.1228500204128,13.8749668379684,13.5488128117312,13.1785289909382,12.7144989106027,12.143151333937,11.4946337451264,10.7535736947909,9.94341104714787,9.09003438743986,8.26726176886836,7.47410129813997,6.74144622150541,6.11139413344052,5.59244065011248,5.18307570220439,4.88485391600381,4.6602312837088,4.47039452284125,4.30459391387606,4.11540698318398,3.88932297697207,3.6193836508163,3.33237185810287,3.05566176174935,2.80941235629503,2.63428483296014,2.5027550587445,2.37961160117038,2.26016011661488,2.15954013724745,2.04942613591162
"Cambodia","KHM","Median","Infant Mortality Rate","Total",,,,,,,,,,,,,,,,,,,,,,,,,,,,,,,,,,,,,,,,,,,,,,,,,,,,,,,,,,20.5084105422913,19.4675594533104,18.5642185704651,17.7594117427582,16.935940740672,16.0555008378662,15.1279180443741,14.1669427050778,13.1263447597852,12.0749394326266,11.0196887212229,10.0204289980372,9.09169051948677,8.23158188743928,7.50370170092235,6.89033001542396,6.41993431203754,6.06995730954733,5.82265412147434,5.64232997759243,5.50041154038972,5.34818627345996,5.16904569802181,4.96343351966916,4.73007032790968,4.49245351891995,4.27101068630503,4.09697431271486,3.95779364615665,3.83302452683903,3.70523601019729,3.60572249807765,3.49348139453371
"Cambodia","KHM","Upper","Infant Mortality Rate","Total",,,,,,,,,,,,,,,,,,,,,,,,,,,,,,,,,,,,,,,,,,,,,,,,,,,,,,,,,,28.7608086502941,26.6820248082033,24.9581840143415,23.3480479971353,21.9214341537739,20.5028425821221,19.0154114731535,17.5989034258254,16.18324020368,14.7213549730196,13.3321882231994,12.0602342074716,10.9217919848164,9.88874824459572,9.04756780934945,8.3469536711795,7.82639890989801,7.457876269364,7.21190650281602,7.06295847639681,6.99796669353141,6.9367878346796,6.85277123428131,6.74053504661265,6.62529634647438,6.49991794234196,6.35662401633839,6.24289752386268,6.13938841134222,6.0157164047706,5.87147076849134,5.77162388450975,5.63636872933825
"Cape Verde","CPV","Lower","Infant Mortality Rate","Total",,,,,,,,,,,,,,,,,,,,,,,,,,,,,,,,,,,,,,,,,,,,,,,,,,,,,,,,,,,2.66229804830164,2.87709455246738,3.10107265016624,3.30654468913756,3.50223935354518,3.66648079959419,5.3219396225179,3.86504266135272,3.87667659436453,3.82461457484348,3.72201562287887,3.59142652779159,3.446917696196,3.3112003024499,3.20281391218325,3.11739508976046,3.05069580339049,2.99705658869174,2.95397762957511,2.90821640943108,2.85573204112718,2.79165912995921,2.7202047547314,2.63767195532713,2.54133708669565,2.41965786494842,2.27979711306948,2.11368617054204,1.93242050013624,1.75221129855576,1.5986796988731,1.47644599077065
"Cape Verde","CPV","Median","Infant Mortality Rate","Total",,,,,,,,,,,,,,,,,,,,,,,,,,,,,,,,,,,,,,,,,,,,,,,,,,,,,,,,,,,3.40478835276208,3.55433135693895,3.70485529566818,3.86104394582201,4.01026153988416,4.13569342358306,5.9377619038845,4.26471393690871,4.24700233720956,4.16630393267899,4.04031873878005,3.8904271352987,3.72956648749793,3.58046883929295,3.46419674934042,3.37101602872926,3.30019638438132,3.24431307757603,3.19776077189338,3.14691201333884,3.09234662717992,3.0291740157693,2.95692739725637,2.87604510193065,2.7882601212551,2.6829191968679,2.55811647837201,2.41618845668515,2.27380514970991,2.12945931458759,2.0074424400561,1.90701113559782
"Cape Verde","CPV","Upper","Infant Mortality Rate","Total",,,,,,,,,,,,,,,,,,,,,,,,,,,,,,,,,,,,,,,,,,,,,,,,,,,,,,,,,,,4.30377593103864,4.35780375824314,4.43372192236087,4.51334879016515,4.60430687986744,4.67538404995465,6.61998039113274,4.70730575179252,4.65070552864773,4.53687378657108,4.37956351133418,4.20931204225673,4.03356174838697,3.8739148170842,3.74405660402235,3.64162889691038,3.56598192784244,3.50606078117249,3.45540473622851,3.40495055441564,3.3514738120751,3.28670686987568,3.21665423160044,3.1436005624197,3.05969167763197,2.97138548660752,2.87362572364325,2.76884784874371,2.67238725263874,2.57671512742066,2.4966554795698,2.43281374224455
"Chad","TCD","Lower","Infant Mortality Rate","Total",,,,,,,,,,,,,,,,,,,,,,,,,,,,,,,,,,,,,,,,,,,,,,,,,,,,,,16.5694957870136,16.9856907525441,17.3996212645347,17.7714404513744,18.0314686894618,18.2523007909488,21.8454393175632,18.5623914947956,18.6873186009907,18.6945492795826,18.6887937049375,18.6542664197475,18.5942665873352,18.5018818330752,18.3307945310378,18.1587882480351,17.9288890903744,17.6211711132402,17.3405353572034,17.0289743252761,16.7133811136032,16.4109687848342,16.1079310432436,15.8491123055427,15.5520246262076,15.217825373583,14.8507644265384,14.3886795509109,13.8459332528618,13.2846436254068,12.7283236770311,12.2089496647817,11.7182094806023,11.1587366366135,10.6900159805763,10.1937626728023,9.75609241436942
"Chad","TCD","Median","Infant Mortality Rate","Total",,,,,,,,,,,,,,,,,,,,,,,,,,,,,,,,,,,,,,,,,,,,,,,,,,,,,,24.5647320845362,24.4393852338363,24.3977635690994,24.295032804559,24.1895083340604,24.0790297553226,28.4694266991504,23.8287510369022,23.7133311533663,23.5616163271192,23.371005006146,23.1849539895938,22.9787849993894,22.7639587741427,22.5238377676102,22.2551972441573,21.9499801537296,21.5954554802241,21.2360014920483,20.8467851014402,20.4780850558587,20.151575964709,19.8795175847799,19.6537318921471,19.4629808765347,19.2453482861483,19.07169626777,18.8525989273639,18.6408526414834,18.4709053625748,18.1983640825212,17.8399678634024,17.4163838340073,16.9564893811212,16.4966221507356,15.995446888509,15.5835888055629
"Chad","TCD","Upper","Infant Mortality Rate","Total",,,,,,,,,,,,,,,,,,,,,,,,,,,,,,,,,,,,,,,,,,,,,,,,,,,,,,33.3202250178354,32.8602026346851,32.4716406345061,32.0413807420422,31.6523009523662,31.2211016152496,36.6412165722257,30.4442219947697,30.0038236447029,29.6151420843149,29.182675853569,28.7786640772469,28.3256767188642,27.9796972396324,27.4897368609461,27.0169086471257,26.5856967769526,26.0892505349293,25.6428997684788,25.1814285956755,24.8487909873932,24.5880507799579,24.4155757141099,24.2623899646379,24.2171017598828,24.2506910463202,24.2768421690106,24.4115236997415,24.6977824683636,24.9754240259585,25.1612548828515,25.0915048827257,24.8933899129403,24.5113900671273,24.0935792211549,23.5646576845415,23.1095720982064
"Chile","CHL","Lower","Infant Mortality Rate","Total",,,,,,,,,,,,,,,,,,,,,,,,,,,,,,,,,,,,,,,,,,,,,,,,,,,,,,,,,,3.39208356337864,3.32425565790619,3.24874453796137,3.18384967564925,3.12829564814847,3.07831391835229,3.03268771401024,2.97264483375272,2.89160179284099,2.79296242368164,2.6917566340694,2.60136164358657,2.52363490036694,2.46454509201904,2.42145797131606,2.38931136675922,2.3686702971343,2.36125978689972,2.36809653051191,2.38288508967704,2.39551530780792,2.39471487929804,2.37040320011956,2.31871119647568,2.25307443093088,2.19425395919646,2.15004784080929,2.11570189057834,2.08169561218052,2.04871735051765,2.01784771361877,1.99009929668425,1.95112066970299
"Chile","CHL","Median","Infant Mortality Rate","Total",,,,,,,,,,,,,,,,,,,,,,,,,,,,,,,,,,,,,,,,,,,,,,,,,,,,,,,,,,3.5494983297672,3.44248520683762,3.34276831899186,3.26127839068358,3.19711713779158,3.14346396883869,3.09506247140218,3.03538380375077,2.9542919474222,2.85662303231408,2.75736881654917,2.6675335708764,2.59121576392433,2.53035139760207,2.48345422329904,2.44679973198951,2.4208950137577,2.4103133156783,2.41692171934815,2.43341148215436,2.4476308005468,2.44718207075297,2.42220896548058,2.36934868991596,2.30363304519629,2.24406820537342,2.20107027691107,2.16870971483855,2.1380590834875,2.11059596818012,2.09159865896606,2.07891817993809,2.06109483788627
"Chile","CHL","Upper","Infant Mortality Rate","Total",,,,,,,,,,,,,,,,,,,,,,,,,,,,,,,,,,,,,,,,,,,,,,,,,,,,,,,,,,3.715165769353,3.56668119264694,3.44059797288347,3.3435658369523,3.27127319069427,3.21347407039112,3.16285470476645,3.09972933218854,3.01545208570626,2.91626073517505,2.81738538557451,2.72772308968476,2.65046798803575,2.58696346321559,2.53760832205877,2.49904006650123,2.47052319105788,2.4608596018875,2.4703580887673,2.49183923089024,2.50876984788707,2.50777373234941,2.48092251560997,2.42701834593308,2.35985951408675,2.29858916602171,2.25422260323043,2.22236947821964,2.19509246898752,2.17257430139859,2.16503907631866,2.16602251016907,2.16515798826948
"China","CHN","Lower","Infant Mortality Rate","Total",,,,,,,,,,,,,,,,,,,,,,,,,,,,,,,,,,,,,,,,,,5.23562196338354,5.28315851993553,5.31316471158886,5.31349695824127,5.31205489215758,5.29712811615115,5.28014735769208,5.24635757016509,5.21046459132967,5.18607436097621,5.12211595804011,5.05616521725861,4.9927955342446,4.91063744560337,4.83133754363725,4.73234418462926,4.62177634258288,4.49032446274635,4.36171531881092,4.2254386213767,4.08220478990409,3.93654014150361,3.79428700366778,3.65149230259022,3.50292468356982,3.35024652463477,3.2079191030969,3.06341781574096,2.93015612230857,2.79655274346017,2.67577424592518,2.55779413733955,2.44113237091369,2.3250659082436,2.20801934355555,2.09231861079016,1.97065644784111,1.84141937289792,1.71307460272422,1.59529978294194,1.49074745925312,1.39702970139055,1.30896815281642,1.23426339426144,1.16596545054315,1.09982559057258,1.03945118463487,0.98378246552535,0.928018111888506
"China","CHN","Median","Infant Mortality Rate","Total",,,,,,,,,,,,,,,,,,,,,,,,,,,,,,,,,,,,,,,,,,7.30610072977312,7.21042780314557,7.1245177160174,7.0461520637813,6.96583588216142,6.87717581810649,6.77702130541868,6.66236126692916,6.55463495821651,6.44841967455985,6.32684421602346,6.19503039576668,6.07012027505613,5.92795187251229,5.78089975783293,5.62645012198546,5.46611849868563,5.28979800703186,5.11474086328826,4.92210937389511,4.73735996468199,4.5527514105583,4.36645160621119,4.17831473826719,3.98508534358767,3.79326306549613,3.60512587865387,3.42009071517429,3.24547202259903,3.0788483932014,2.92143365560483,2.7702043298074,2.62762625411874,2.48590693519195,2.35157707658383,2.2240479718098,2.10328320469523,1.98812758368032,1.8820340390851,1.78766810523721,1.7059786961896,1.63842262604725,1.57840126005959,1.52506020159769,1.4830759872687,1.43575926765983,1.39017846421729,1.34295234103896,1.30123957643991
"China","CHN","Upper","Infant Mortality Rate","Total",,,,,,,,,,,,,,,,,,,,,,,,,,,,,,,,,,,,,,,,,,9.22587191631169,9.09247310511173,8.95771169367404,8.82989930498636,8.6919268724697,8.53622254806245,8.3952489284268,8.24480386016836,8.08508706449986,7.9099195658793,7.73545997214291,7.55485015773266,7.363645063766,7.1570052305685,6.94845167177247,6.72451151654747,6.50941965354887,6.26531794377737,6.03053376768789,5.78262078282451,5.5411001620295,5.29707685782911,5.06079689398701,4.8209372826785,4.57917621051927,4.33512430678518,4.08840857294714,3.85450824207316,3.62849294587163,3.41042847181056,3.20212044335039,3.00568187360829,2.82164443082774,2.65198819249305,2.49757322886944,2.36120259132449,2.2422077890588,2.14228979134314,2.0619659762734,1.99270691912967,1.94067911104249,1.90689797232565,1.8804427427883,1.85873793135161,1.83896301121906,1.81516943369166,1.79877176611476,1.77864772046305,1.75847827922511
"Colombia","COL","Lower","Infant Mortality Rate","Total",,,,,,,,,,,,,,,,,,,,,,,,,,,,,,,,,,,,,,,,,,,,,,,,,,,,,,,,,,,,8.70222631833355,8.75782497102982,8.7548119830584,8.67701357944044,8.51135728482356,8.29643578579282,8.11756374170928,8.0636989053761,8.11540907315784,8.23324211241745,8.32686749405956,8.18094239890136,7.65964316007224,6.90677306504549,6.17442352782938,5.61900444881639,5.27664465201036,5.16376497188626,5.19996749185723,5.25730597157118,5.25717418212713,5.18555934491677,5.05661968854544,4.89607618443152,4.74129978728309,4.62159810040137,4.52551931423204,4.45420815832975,4.37985196911902,4.26535871437053,4.0917051219533
"Colombia","COL","Median","Infant Mortality Rate","Total",,,,,,,,,,,,,,,,,,,,,,,,,,,,,,,,,,,,,,,,,,,,,,,,,,,,,,,,,,,,9.71936493950542,9.46133019358149,9.20770703198766,8.96034369083741,8.70321979883499,8.45472418797339,8.27438967593295,8.2157875393595,8.26513613711678,8.38579591656683,8.47669639629637,8.3346876232405,7.80361890978861,7.03751415668056,6.2949585421862,5.72711524645206,5.37651892340455,5.25944538760015,5.29381637647524,5.35520514682522,5.35442400399438,5.28312823148341,5.14887530353715,4.98581733416113,4.83170127168925,4.70899062182849,4.61327816731372,4.54019144487639,4.46589336496702,4.3608813128893,4.22007102768958
"Colombia","COL","Upper","Infant Mortality Rate","Total",,,,,,,,,,,,,,,,,,,,,,,,,,,,,,,,,,,,,,,,,,,,,,,,,,,,,,,,,,,,10.8096501003011,10.209132437139,9.68353140985566,9.24696598363241,8.90416034807353,8.62115081135528,8.43547455088963,8.37308601459318,8.42307433510133,8.54635803169074,8.63256573456099,8.48912425828266,7.94749559233589,7.16670671306056,6.41248885515566,5.83466290200841,5.48000281863859,5.35888982910793,5.39454498574161,5.45670492874343,5.45276138836441,5.38226729833461,5.24414563588403,5.07815496320087,4.92190252916692,4.79786171116753,4.7045488232939,4.62829657279975,4.55386200039773,4.46133016841211,4.35944384732742
"Comoros","COM","Lower","Infant Mortality Rate","Total",,,,,,,,,,,,,,,,,,,,,,,,,,,19.5142371863553,19.7098119512623,19.712912473579,19.5394049835732,19.2387408778678,19.0055218073194,18.7710095899976,18.4521132034073,18.1540214572913,17.913256761811,17.6658927321817,17.3649048015181,17.0834725227312,16.7673750968751,16.4882627319463,16.2294976424064,15.9226145165101,15.6891896821393,15.4534672496888,15.1544500724465,14.8181866410303,14.4964881314888,14.1513015203839,13.6878910531819,13.2897342318816,12.8073027544035,12.2821666621475,11.8204209698182,11.3464340244894,10.8763864405301,10.4180474571051,9.96559466985056,9.55472926085708,9.1826928128323,8.78123730573758,8.41377982664973,8.07553674172475,7.75473633396015,7.42046806330329,7.08571965588253,6.762564227136,6.46608878360865,6.22180214347807,5.92940456024391,5.64305764604085,5.34260964661406,5.04023824472254,4.72009742380747,4.40054746545719,4.0493186562339,3.70099427439025,3.36025591075043,3.03689759752224,2.76193971317799,2.52505618672295,2.3465655011918,2.21787396615649,2.10864441951917,2.01109261466664,1.92004619199606,1.81566669136788,1.73178734353831,1.65827879419483,1.59101064645284
"Comoros","COM","Median","Infant Mortality Rate","Total",,,,,,,,,,,,,,,,,,,,,,,,,,,29.9525376999944,29.4520651967802,29.1162490359252,28.6629463796285,28.2485729195806,27.8203100442396,27.502028762918,27.1383826559959,26.6671352347912,26.2199159382728,25.772339197612,25.2579833049376,24.7626343131637,24.2215654361283,23.6954585585857,23.2382420136541,22.7416476568948,22.218293616677,21.6859762147563,21.1222651777548,20.5328276937803,19.9808890373135,19.4472938926246,18.8625771004488,18.3370231587367,17.7211636586992,17.1309769691925,16.5297836496868,15.9502857988875,15.3877492773223,14.830725652452,14.2848431218248,13.7429413257311,13.1938306339493,12.6466573603336,12.1096421343456,11.5777013541275,11.1012185446793,10.5958475770659,10.1108606375249,9.6622287702017,9.20624979389661,8.76769289208599,8.35494238935556,7.92167981146303,7.50604120808035,7.08865415131992,6.70055391485458,6.31023123035184,5.94445389474886,5.59071060541292,5.26353308291919,4.97052289426021,4.73602979561001,4.52329347999516,4.34355719986499,4.1881464307337,4.04445054014998,3.93053137859935,3.79260721136248,3.66627932003857,3.54153245891824,3.42945870722939,3.32713387358192
"Comoros","COM","Upper","Infant Mortality Rate","Total",,,,,,,,,,,,,,,,,,,,,,,,,,,48.3929739109616,47.2217052352174,46.3079461882385,45.2103667024814,44.1378380842599,43.1051348847246,42.162455853011,41.2639866578665,40.3129415355613,39.4979921756849,38.5408308280028,37.5741521997821,36.6541925605131,35.5016189657647,34.6362971359622,33.6621135972434,32.735299662812,31.7354724832058,30.8912482996361,29.9324271359613,29.0170161633683,28.113348140697,27.3224459688804,26.4782718721672,25.6578593180121,24.8316834377099,24.0208159661945,23.2150233430693,22.4084983354892,21.6407207147707,20.8198865190266,20.0198497436383,19.1818487807951,18.3604892626569,17.5055875700627,16.7035841467415,15.926154912635,15.1765197680891,14.3991442313866,13.6540333672676,12.9463680109195,12.2634314228865,11.6498065403168,11.0235576340792,10.4371427560884,9.90799008154237,9.41078471643261,8.97731838291529,8.57465547049703,8.26011649670508,7.95435169317149,7.65974570589006,7.42811306310379,7.24541763656398,7.06674698502327,6.87701171078945,6.72583803827701,6.55543925232182,6.4341081352978,6.30514305249256,6.15864588502106,6.02537075095735,5.88273579551208,5.76396536989313
"Congo","COG","Lower","Infant Mortality Rate","Total",,,,,,,,,,,,,,,,,,,,,,,,,,,,,,,,,,,,,,,,,,,,,,,,,,,,,,,,,,,,14.2230466408168,14.3889566780789,14.4679562675008,14.5058101029205,14.4272823689022,14.2634423580449,13.9644098689004,13.5042233522337,12.9062087516217,12.2567302760137,11.5514985877806,10.8834941622859,10.2495453936928,9.62853302631977,9.03940341405509,8.45061141782122,7.90054810841366,7.331031972522,6.76625198059824,6.19430812811139,5.62779140409406,5.06923227097861,4.52456342785168,4.04482158479892,3.66835877003284,3.40050187848087,3.21293149650394,3.02867232143978,2.87187640813576,3.75498383272407,2.59046377215919
"Congo","COG","Median","Infant Mortality Rate","Total",,,,,,,,,,,,,,,,,,,,,,,,,,,,,,,,,,,,,,,,,,,,,,,,,,,,,,,,,,,,26.3625235969026,24.8203883936497,23.5319850451034,22.2984752303436,21.1921686396369,20.1626954982594,19.1210504833216,18.047616408283,16.9455641221575,15.8770881594482,14.8626145010071,13.9033363364664,13.026075590212,12.2225316325934,11.5290088701525,10.855618444808,10.2291895875791,9.65023289280703,9.08746002367056,8.52892408797964,8.01570490593114,7.5150005065234,7.06875271690989,6.64811710014138,6.29479632261461,6.04080007275184,5.82575305436217,5.61093014818273,5.41727651135849,7.22158022223874,5.06917697857583
"Congo","COG","Upper","Infant Mortality Rate","Total",,,,,,,,,,,,,,,,,,,,,,,,,,,,,,,,,,,,,,,,,,,,,,,,,,,,,,,,,,,,41.7224476070632,38.4183208397715,35.5524064971586,32.809981448977,30.4254186921964,28.2217085654899,26.2180081423779,24.2361937358671,22.3751161786344,20.665779439695,19.1015715069682,17.7868425710113,16.580138015211,15.5199417252503,14.6493496095083,13.9123107114987,13.257432936499,12.6953542894973,12.2004611993173,11.7187153724784,11.3497533918013,10.9686396010117,10.6862859781271,10.4289820213015,10.1988302437845,9.96836136558539,9.77816383002646,9.53240998684216,9.32630151251554,12.5536220669968,8.91237053535057
"Cook Islands","COK","Lower","Infant Mortality Rate","Total",,,,,,,,,,,,,,,,,,,,,,,,,,,,,,,,,,,,,,,,,,,,,,,,,,,,,,,,,,,5.19330595319536,5.52591852732527,5.8000243048567,6.05490606728053,6.24222651177244,6.40291294548082,6.52410427997042,6.62870758173022,6.68310334187338,6.70033456723452,6.69394015724253,6.66297678830319,6.58658534169206,6.47472429207359,6.36483505820689,6.20400185794731,5.99054872116725,5.75447566360433,5.53023606944071,5.32054171031585,5.11965179699616,4.93544303490497,4.73829532992721,4.57770464157428,4.41407604097241,4.24512279006202,4.0823045199206,3.9212771323694,3.7507646261206,3.60883437105384,3.44461617499142,3.3200948662695
"Cook Islands","COK","Median","Infant Mortality Rate","Total",,,,,,,,,,,,,,,,,,,,,,,,,,,,,,,,,,,,,,,,,,,,,,,,,,,,,,,,,,,7.63016637402574,7.75993163151524,7.90882101781572,8.05361474026874,8.17774556184312,8.31706421793042,8.42269387673196,8.49737669963432,8.54350314730644,8.56947854820397,8.57786161670201,8.56456706096815,8.4949457508867,8.4110203090956,8.31047760410755,8.19554598204042,8.07937178435857,7.93454306422998,7.80521314373648,7.66734212049907,7.4936711633702,7.3433411281362,7.16267375824169,6.99275809093649,6.81364204723621,6.644966265599,6.46284420910045,6.29572406172634,6.11836204221771,5.97000072750434,5.81223881481266,5.67870797808382
"Cook Islands","COK","Upper","Infant Mortality Rate","Total",,,,,,,,,,,,,,,,,,,,,,,,,,,,,,,,,,,,,,,,,,,,,,,,,,,,,,,,,,,10.797997970886,10.671445003699,10.6275213662549,10.626453725858,10.6067413811049,10.6236413448913,10.6726435432859,10.7234186094752,10.8053896991227,10.8851042026395,10.9138273861434,10.9427061246153,10.9337959829105,10.8940216258492,10.8465653503302,10.7485620584294,10.6390648577392,10.5141489719953,10.3546574178822,10.1819988784523,9.98389250733226,9.80426462618449,9.60800475000489,9.41485341839614,9.20985240947705,9.03760881115716,8.83950481537538,8.66405765310126,8.47427976080848,8.31535519569216,8.156880656481,8.00841669335697
"Costa Rica","CRI","Lower","Infant Mortality Rate","Total",,,,,,,,,,,,,,,,,,,,,,,,,,,,,,,,,,,,,,,,,,,,,,,,,,,,,,,,,,2.42955567993727,2.50275738475621,2.57198723916478,2.6463425439807,2.72219184594259,2.80296923850275,2.88848925459799,2.97021415031952,3.03636813924935,3.07910854577911,3.08658636393404,3.05495607048643,2.99312129692701,2.9187421605031,2.8565643918955,2.80908789110908,2.77360150944543,2.76234954304256,2.79720349302209,2.90366004648209,3.01036813416458,2.99779314798245,2.82631662440417,2.62249345051815,2.49619849690322,2.46992111946494,2.54021932922226,2.68603485935442,2.83342798423886,2.89471690530798,2.83685417076523,2.6749037196511,2.44696186939251
"Costa Rica","CRI","Median","Infant Mortality Rate","Total",,,,,,,,,,,,,,,,,,,,,,,,,,,,,,,,,,,,,,,,,,,,,,,,,,,,,,,,,,2.62190774692606,2.67094349090499,2.72062266601356,2.77570587388166,2.84140530203267,2.91765071108861,2.99862133233897,3.07586753942538,3.14091374704753,3.1798008399543,3.18447704753208,3.15087318453833,3.08435646916309,3.00741028343101,2.94217575417521,2.89201892265527,2.8561512470842,2.84398432490161,2.88034265491092,2.99118616847912,3.10328951063458,3.09154789918001,2.9142649119435,2.70477015996887,2.57595270978197,2.55120452145958,2.62705197400673,2.78255672846249,2.94238364520757,3.01740931611477,2.97492119300968,2.82941727182578,2.6192854404295
"Costa Rica","CRI","Upper","Infant Mortality Rate","Total",,,,,,,,,,,,,,,,,,,,,,,,,,,,,,,,,,,,,,,,,,,,,,,,,,,,,,,,,,2.82635659913845,2.84647957199716,2.87354845126622,2.90915097053239,2.96158575526616,3.02774993299541,3.10410966098527,3.17873175750689,3.24315715090749,3.28119999672224,3.28366029042212,3.24811535370885,3.1796331238957,3.10205511659467,3.03608984739699,2.98651597098991,2.9496067063193,2.93640481971647,2.97481636151677,3.09055188952721,3.2075145243631,3.19627684740626,3.01322634882464,2.79681978949453,2.6630097643885,2.6389854237688,2.71803311706991,2.88146392742191,3.05241081235926,3.13908355246896,3.10993996059761,2.97798076355389,2.77720730343759
"Cuba","CUB","Lower","Infant Mortality Rate","Total",,,,,,,,,,,,,,,,,,,,,,,,,,,,,,,,,,,,,,,,,,,,,,,,,,,,,,,,,,4.39523982440962,4.4546679370883,4.48582820624314,4.48302919556601,4.43533462681229,4.34109482627845,4.19547660272497,4.00278778749493,3.77426747237259,3.52180734452309,3.25858255522033,3.01078551429372,2.7985706051175,2.62132213263758,2.47920628221966,2.36171588934821,2.26246918703139,2.17679188613994,2.10253089869453,2.04065560489856,1.99104107533997,1.95531256005808,1.93255805016043,1.91697327171944,1.9057337556952,1.89633937854498,1.89095416293782,1.89101766904579,1.89498704343243,1.90120637403171,1.90744639482338,1.90731893607145,1.89589801382836
"Cuba","CUB","Median","Infant Mortality Rate","Total",,,,,,,,,,,,,,,,,,,,,,,,,,,,,,,,,,,,,,,,,,,,,,,,,,,,,,,,,,4.62072295805773,4.62187898271151,4.6169063981635,4.59391024050012,4.53830952112146,4.44000769234067,4.29063717090461,4.09414172684983,3.8612358445107,3.60862338302052,3.35317617280559,3.11607903530437,2.90576606176307,2.72458719618648,2.5691757556732,2.43827805011795,2.32933396465825,2.23811029410736,2.16280122145854,2.09953581975254,2.04874778173076,2.01310647204325,1.99061755879879,1.9750907924478,1.96372464473377,1.95596036608137,1.95235298068328,1.95473397467001,1.96097771622842,1.97246751172241,1.98615094882901,2.00047693168647,2.00940307874443
"Cuba","CUB","Upper","Infant Mortality Rate","Total",,,,,,,,,,,,,,,,,,,,,,,,,,,,,,,,,,,,,,,,,,,,,,,,,,,,,,,,,,4.83327038839601,4.78398578381414,4.748484775778,4.7092073266701,4.65190885587128,4.55885872921441,4.41265929210704,4.20818527116631,3.95981643174243,3.69597176614427,3.43535174047612,3.19769802928752,2.98783891723258,2.80285793048852,2.64159900287654,2.5044018899936,2.39213161465509,2.30234248952734,2.2278041850291,2.1661418994409,2.11475166064015,2.07942390466269,2.05787348536252,2.04214923895937,2.02947558376821,2.01995881901263,2.0174814680688,2.02126022953922,2.03216463156622,2.04806700828308,2.07189678587429,2.10034873079624,2.13141389072294
"Djibouti","DJI","Lower","Infant Mortality Rate","Total",,,,,,,,,,,,,,,,,,,,,,,,,,,,,,,,,,,,,,,,,,,,,,,,,,,,,,,,,,,,13.6697675985948,13.4952625600726,13.3428729060744,13.2059957228988,13.0897180578996,12.9797420299051,12.8587429930309,12.7258303579536,12.5860393275242,12.4242540589714,12.2509381070509,12.0484718245309,11.838061771456,11.6235359361732,11.4050141673598,11.1946053305664,10.9709192711911,10.7467472166533,10.5342505983141,10.3165642034869,10.1136306532067,9.90697055690858,9.7031146391985,9.51227721390674,9.31009602768952,9.10250654767447,8.90816852601032,8.70822710100383,8.50494572951518,8.31126050898465,8.12227522078106
"Djibouti","DJI","Median","Infant Mortality Rate","Total",,,,,,,,,,,,,,,,,,,,,,,,,,,,,,,,,,,,,,,,,,,,,,,,,,,,,,,,,,,,17.5458992436712,17.3219124200958,17.1263119100253,16.9506225102287,16.8013737260303,16.6602134398372,16.5049045149221,16.334303830861,16.1548743477047,15.9472140491178,15.7247534836557,15.4648768641218,15.1948039777702,14.9194482583779,14.63896353832,14.3688922131327,14.0817788418406,13.794041669003,13.5212905612677,13.241878089709,12.9814017062815,12.7161420958908,12.45448180309,12.2095314619858,11.9500207792513,11.6835682536967,11.4341247044381,11.1774888785181,10.9165660474217,10.6679604043553,10.4253873831653
"Djibouti","DJI","Upper","Infant Mortality Rate","Total",,,,,,,,,,,,,,,,,,,,,,,,,,,,,,,,,,,,,,,,,,,,,,,,,,,,,,,,,,,,22.4219814260825,22.1357476840469,21.8857889362606,21.6612746834263,21.4705490089717,21.2901596615141,21.0916897067178,20.8736783459907,20.644384624264,20.3790146199577,20.0947312898442,19.762633820496,19.4175064971616,19.0656282183662,18.7071955671753,18.3620702388595,17.9951668052488,17.6274662129132,17.2789163787523,16.9218539586108,16.5889900483583,16.2500136314377,15.9156367982161,15.6026136853921,15.2709838482812,14.9304829998523,14.611717996665,14.283761951658,13.9503275239758,13.6326332847783,13.322648159476
"Dominican Republic","DOM","Lower","Infant Mortality Rate","Total",,,,,,,,,,,,,,,,,,,,,,,,,,,,,,,,,,,,,,,,,,,,,,,,,,,,,,,,,,,,4.18832962942163,4.51490716763213,4.821331713412,5.10594443911103,5.35104071222197,5.56791794529024,5.74739975656595,5.9146009859623,6.04559905852308,6.12692948159357,6.17151950840649,6.1808776504558,6.17923136625154,6.13380378450813,6.08917883424828,6.00953450105422,5.89350146944082,5.72420478209897,5.51247101780136,5.26050974209937,4.95842398164321,4.61433992500049,4.25452683920365,3.89101263413337,3.52946957815479,3.27408075042641,3.05499127762226,2.87904674749688,2.71765189720156,2.5833766225153,2.44092743228509
"Dominican Republic","DOM","Median","Infant Mortality Rate","Total",,,,,,,,,,,,,,,,,,,,,,,,,,,,,,,,,,,,,,,,,,,,,,,,,,,,,,,,,,,,6.51508734097563,6.65005249920657,6.80711587216614,6.97392259679756,7.14668866791518,7.30260981220344,7.43833307772976,7.54440748439984,7.6139230405782,7.65605115765045,7.66781181031081,7.65422204509501,7.62596213786841,7.5545775307933,7.46341198145807,7.36886504372244,7.23957947257205,7.05969950485245,6.82096287216887,6.56633791334738,6.26140025498747,5.92510974625872,5.61359443005607,5.34377193170421,5.08849698850405,4.85904741097392,4.67442278415271,4.53712264934244,4.38844580423223,4.23722236287403,4.11391337618637
"Dominican Republic","DOM","Upper","Infant Mortality Rate","Total",,,,,,,,,,,,,,,,,,,,,,,,,,,,,,,,,,,,,,,,,,,,,,,,,,,,,,,,,,,,9.38833918664665,9.34073627249537,9.37735262491699,9.43082317314501,9.50710298897623,9.57564576586869,9.62762658355213,9.64074581971095,9.65583764548203,9.59775971808724,9.56269978148171,9.53577318690603,9.48507786098152,9.43450418824836,9.34078655652153,9.23501562548589,9.0901943541985,8.87441856644783,8.61839037722443,8.36540778928185,8.07629825059552,7.84125490340823,7.63166885709713,7.4922376326483,7.35890806047956,7.20239460075174,7.07272738694777,6.910870551159,6.77202546183056,6.6400802866736,6.50606746468607
"Ecuador","ECU","Lower","Infant Mortality Rate","Total",,,,,,,,,,,,,,,,,,,,,,,,,,,,,,,,,,,,,,,,,,,,,,,,,,,,,,,,,,,5.79553862008527,5.70881815603102,5.59168993538478,5.4643090929466,5.36315677852649,5.31572873829373,5.32712606913094,5.37194924500783,5.44218052861328,5.49554070710061,5.49009681554726,5.4030142266399,5.24148591622743,5.03518848552134,4.82602131031522,4.65935830718412,4.56932592023517,4.53318455221357,4.5466730917454,4.57745787030441,4.58706987666334,4.54962241442498,4.44137741868209,4.25599733937904,4.02915057050408,3.81393627331068,3.64599150520359,3.5150153475718,3.4158348292883,3.32407782988528,3.21238382078084,3.06830821866476
"Ecuador","ECU","Median","Infant Mortality Rate","Total",,,,,,,,,,,,,,,,,,,,,,,,,,,,,,,,,,,,,,,,,,,,,,,,,,,,,,,,,,,6.10749138574406,5.90626027212232,5.72605513930301,5.57851317106372,5.47351524754899,5.42485664419437,5.43252993595743,5.47745779722676,5.54650351901042,5.60305102370007,5.59704002007681,5.50440870070934,5.34281987791263,5.13201617283356,4.91878225706436,4.75152657289339,4.65854230324409,4.62528344746614,4.63680029806897,4.66688011201965,4.67820253572693,4.63926926068784,4.53102789428292,4.34066772324269,4.11161803721597,3.89645382922811,3.72618753881373,3.59413079322038,3.49201362316237,3.40058824534083,3.30229781242259,3.18826451513758
"Ecuador","ECU","Upper","Infant Mortality Rate","Total",,,,,,,,,,,,,,,,,,,,,,,,,,,,,,,,,,,,,,,,,,,,,,,,,,,,,,,,,,,6.43608031255543,6.1140591354077,5.86571997160421,5.69549052302662,5.58703286385551,5.5370458492317,5.5370212884962,5.58379216023807,5.65285110469168,5.70732585628771,5.70317039132789,5.60734554209839,5.44375750122633,5.2297921153358,5.01409088607014,4.84808758328058,4.75208057045037,4.72034053745173,4.73102435783436,4.7588964913155,4.76910863973098,4.7267784533921,4.61963621072426,4.425058239665,4.19516194299846,3.978380599224,3.8055830736309,3.67307259806447,3.56676348870894,3.47633356613571,3.39271642429987,3.31574850699231
"Egypt","EGY","Lower","Infant Mortality Rate","Total",,,,,,,,,,,,,,,,,,,,,,,,,,,,,,,,,,,,,,,,,,,,,,,,,,,,,,,,,,6.6375579486994,6.17528805022549,5.72614983737973,5.32354173407271,5.00676022437057,4.80027022685543,4.70325190508636,4.64098575603176,4.56481376639571,4.45495088470129,4.31234772897156,4.15762238250352,4.02585532968434,3.95219796683901,3.91314223850183,3.86119961590241,3.76952039601809,3.64008412868638,3.50068494652068,3.3798338851525,3.32405971801208,3.34788763559001,3.41619569553938,3.49489625884492,3.53770492914283,3.50451168079162,3.40079921373448,3.30182653968806,3.28516736219073,3.34095095608076,3.42640736414494,3.49739426693156,3.52562430692521
"Egypt","EGY","Median","Infant Mortality Rate","Total",,,,,,,,,,,,,,,,,,,,,,,,,,,,,,,,,,,,,,,,,,,,,,,,,,,,,,,,,,6.94827448472392,6.3642010919069,5.85063082566897,5.42155280814762,5.09507083614269,4.88467625511102,4.78256438638191,4.72272223836248,4.64569729243062,4.534883909731,4.38877781881342,4.22743488262786,4.09430052234523,4.02182793994661,3.98600363950273,3.93511003972443,3.83913175959973,3.70853000477145,3.563849180962,3.44030437341335,3.38228757994868,3.4056463705026,3.47632092865666,3.5562150801523,3.60004708544563,3.56657016953669,3.46011172468216,3.36067081985693,3.34234482755413,3.40391591775825,3.50442972313616,3.60519214864601,3.6785475755521
"Egypt","EGY","Upper","Infant Mortality Rate","Total",,,,,,,,,,,,,,,,,,,,,,,,,,,,,,,,,,,,,,,,,,,,,,,,,,,,,,,,,,7.25210299201348,6.55672848137599,5.97944414181503,5.52298600113541,5.18667943983968,4.97175427728611,4.86658327886457,4.80931793880313,4.73221362264185,4.62220686509012,4.47168216516374,4.30204917570512,4.16556016358222,4.09037018804588,4.05495866323595,4.00586002635042,3.90826853305818,3.77562008677328,3.62599718592499,3.49962229994949,3.44192387781156,3.46365614323682,3.53642320211097,3.61839099461569,3.66530092784211,3.63355310875415,3.52359018132527,3.42130396457644,3.40099284546555,3.46640568733986,3.58112425986288,3.71148180094278,3.83036180418973
"El Salvador","SLV","Lower","Infant Mortality Rate","Total",,,,,,,,,,,,,,,,,,,,,,,,,,,,,,,,,,,,,,,,,,,,,,,,,,,,,,,,,,11.2420199481004,9.66153368642003,10.0050753636839,7.59502523819199,7.17539931401797,7.17788233172568,7.5442943016834,7.98408916098906,8.17141374592511,8.02914815931424,7.66830316058354,7.21410564774499,6.78240988008636,6.47663811106214,6.34152247265349,6.42096474255381,6.69517867102837,7.03283055920488,7.26061453826534,7.34738254042229,7.31937839530109,7.21067084594403,7.00855623760819,6.73143134152931,6.5604580174121,6.7568573869869,7.37821242884977,7.98665383742439,8.01807612199389,7.36449150741802,6.3022521996067,5.14887444822565,4.20488623816628
"El Salvador","SLV","Median","Infant Mortality Rate","Total",,,,,,,,,,,,,,,,,,,,,,,,,,,,,,,,,,,,,,,,,,,,,,,,,,,,,,,,,,11.9149885009613,10.0585679289645,10.3164280474884,7.7987585091615,7.35753164654334,7.3550374679904,7.71975653925444,8.16348273868312,8.34803731583966,8.20476959659442,7.84222928481043,7.38547873078521,6.9520757007506,6.64102959261414,6.50324710937359,6.57924622836311,6.8543470139737,7.19175389487074,7.42403000634596,7.5117054898439,7.48342627178909,7.3688671876952,7.16249334886223,6.8796313686045,6.70815419815764,6.91210534395025,7.54344926767817,8.16683030319358,8.19776887513273,7.55060850157893,6.51007242381923,5.39269499224017,4.49132756128615
"El Salvador","SLV","Upper","Infant Mortality Rate","Total",,,,,,,,,,,,,,,,,,,,,,,,,,,,,,,,,,,,,,,,,,,,,,,,,,,,,,,,,,12.6111071353198,10.463910824014,10.636303210703,8.00743610290687,7.54326304962515,7.53734827399319,7.89955762409425,8.34802596189874,8.5322248798011,8.38987039716488,8.02296677264932,7.55747324217474,7.1212201140452,6.80205871001943,6.66196403867935,6.7395083416319,7.014337942704,7.36087794892276,7.58992266810233,7.67579580480665,7.64508908641037,7.52458490617033,7.32244550703726,7.03301106844381,6.86042413529218,7.0678063521128,7.70807683150013,8.34559487306164,8.38072632503881,7.74118301721856,6.7203773606121,5.64211632137423,4.78704318220389
"Equatorial Guinea","GNQ","Lower","Infant Mortality Rate","Total",,,,,,,,,,,,,,,,,,,,,,,,,,,,,,,,,,,,,,,,,,,,,,,,,,,,,,,,,,,,14.814896051263,14.7319639466847,14.6602296090802,14.5845978921786,14.5041017639673,14.4160692885677,14.3001789357237,14.1621375388129,13.9869117821993,13.7749263849609,13.544496305887,13.2888996888704,13.0366903832728,12.7780521714872,12.4994775720512,12.2142728616238,11.9373720088148,11.648814072348,11.3546604817633,11.0715762062403,10.8039691150522,10.5563982117764,10.3048770817048,10.077833589418,9.84905535255106,9.59793642079463,9.37831982423857,9.15719578454391,8.94789097161416,8.75069800946906,8.55521433862571
"Equatorial Guinea","GNQ","Median","Infant Mortality Rate","Total",,,,,,,,,,,,,,,,,,,,,,,,,,,,,,,,,,,,,,,,,,,,,,,,,,,,,,,,,,,,18.9376676774924,18.8316567658489,18.7399597980187,18.643280866516,18.5403838282839,18.427853186275,18.2797122218299,18.1032558976419,17.8792673434325,17.6082894714656,17.3137340290717,16.9870085646605,16.6646130515194,16.3339995604394,15.9779016729311,15.6133286102893,15.2593702489234,14.89051080586,14.5144985189456,14.1526359776204,13.8105576975214,13.4940913870843,13.17257555878,12.8823491413696,12.5899052250143,12.2689035210081,11.9881707971571,11.7055111305113,11.4379598107553,11.1858908949477,10.9360069415269
"Equatorial Guinea","GNQ","Upper","Infant Mortality Rate","Total",,,,,,,,,,,,,,,,,,,,,,,,,,,,,,,,,,,,,,,,,,,,,,,,,,,,,,,,,,,,24.2999560087581,24.1639276163892,24.0462662273334,23.9222122085124,23.7901793972363,23.6457851826466,23.4556974178586,23.2292766680463,22.9418647170898,22.5941582053756,22.2161980249454,21.7969587317367,21.3832754355587,20.9590472029187,20.5021185489457,20.0343149347392,19.5801316236472,19.1068279205461,18.6243460127221,18.1600204164994,17.7210810867192,17.3150058744577,16.9024513499532,16.5300459779847,16.1547952119725,15.7429003884427,15.3826768933443,15.0199808326722,14.6766711173009,14.353227720278,14.0325879678634
"Eritrea","ERI","Lower","Infant Mortality Rate","Total",,,,,,,,,,,,,,,,,,,,,,,,,,,,,,,,,,,,,,,,,,,,,,,,,,,,,,,,,,,,16.4103631414867,15.8778543035153,15.2944141640702,14.6754328663006,14.044187671943,13.4126272256539,12.8172883941387,12.279535820455,11.7830245669464,11.3408197492154,10.9357261323425,10.5598892291047,10.2060763639734,9.88172359060767,9.57533964797029,9.28983870346536,9.01681091135269,8.75966744415767,8.51333657034873,8.28535137445171,8.07073530296366,7.8612706183555,7.66758152790477,7.48423954910142,7.30410930369674,7.13249381723559,6.96468250359118,6.80778513344328,6.65983916286725,6.50284037508769,6.36202764612539
"Eritrea","ERI","Median","Infant Mortality Rate","Total",,,,,,,,,,,,,,,,,,,,,,,,,,,,,,,,,,,,,,,,,,,,,,,,,,,,,,,,,,,,21.024085529316,20.3418634932707,19.5943909792763,18.8013850212024,17.9926672102849,17.1835455153391,16.4208290291295,15.7318889974398,15.0957851543967,14.5292558320839,14.0102714089431,13.5287691331788,13.0754828851075,12.6599393416698,12.2674165096471,11.9016478655153,11.5518591616477,11.2224206110805,10.9068345807886,10.6147520585049,10.3397973482387,10.0714423211985,9.82329814738452,9.58841014336888,9.35763684157457,9.13777219663,8.92278125581848,8.72177267965997,8.53223216112966,8.33109365408883,8.15069186579229
"Eritrea","ERI","Upper","Infant Mortality Rate","Total",,,,,,,,,,,,,,,,,,,,,,,,,,,,,,,,,,,,,,,,,,,,,,,,,,,,,,,,,,,,26.8320832939045,25.961394365695,25.0074292228385,23.9953518180957,22.9632220908101,21.9305769047249,20.9571565740725,20.0778937738415,19.2660633959492,18.5430278116647,17.8806716178347,17.2661521824235,16.6876435786951,16.1573042707515,15.6563452488285,15.1895313789954,14.7431119794759,14.3226645542257,13.9198964700026,13.5471248431139,13.1962126630038,12.8537233581615,12.5370282452449,12.2372513783891,11.9427259186672,11.6621226810942,11.3877395302435,11.1312014348883,10.8892994994304,10.6325955792049,10.4023569891272
"Ethiopia","ETH","Lower","Infant Mortality Rate","Total",,,,,,,,,,,,,,,,,,,,,,,,,,,,,,,,,,,,,,,,,,,,,,,,,,,,12.564495360034,13.8491428614587,15.289505242425,16.7539670080376,18.1907358867167,19.5988821971463,20.7619934177571,21.7790857224511,24.8833721322631,23.0265230823529,23.2165323048294,23.127761682751,22.7993702284832,22.3030950817809,21.6481081127742,20.8554041775139,20.010039680024,20.7075130640176,18.2797927528524,17.398166584645,16.5881041588411,15.7869598087585,15.0702104608634,14.346833553088,13.5465031794568,12.7400002218863,11.8923554489396,11.0521047617655,10.2388205653378,9.41328169581943,8.62549339481436,7.88570268706082,7.18378841664389,6.58202880485092,6.06828934415644,5.70546086191136,5.42567915203288,5.15915751466867,4.90032863419821
"Ethiopia","ETH","Median","Infant Mortality Rate","Total",,,,,,,,,,,,,,,,,,,,,,,,,,,,,,,,,,,,,,,,,,,,,,,,,,,,18.5571521602747,19.544676864974,20.7883695141718,22.1077121926854,23.5430113523406,24.8989299316802,26.0485420462026,27.0784885737962,30.625292049136,28.0317782250592,28.0017935941123,27.7447149572058,27.2150459974006,26.4971790875488,25.659395478285,24.7387270055401,23.7424084916043,24.5474733188698,21.6728469263411,20.652099799772,19.7164182078489,18.8174097179479,17.9825124517894,17.1710982069125,16.338397697787,15.4945896242342,14.6278230937936,13.7886481389688,12.9743060651778,12.1934733377556,11.4797515899128,10.8216432738609,10.189287593115,9.64268659757968,9.17321658722023,8.81520995489467,8.52633539312418,8.24537705363062,7.99361739794984
"Ethiopia","ETH","Upper","Infant Mortality Rate","Total",,,,,,,,,,,,,,,,,,,,,,,,,,,,,,,,,,,,,,,,,,,,,,,,,,,,28.167747038892,28.8221142614672,29.822150382285,30.8989499760034,32.0829256326605,33.2079243907563,34.0543794945202,34.7198019239553,38.7304465764237,35.047107911427,34.6092244320104,34.0039712167072,33.0290008127285,31.9240487213679,30.7242106939219,29.4416662818768,28.1423627225308,28.9883677495286,25.5598144877788,24.359500666155,23.2753238955427,22.2395367979663,21.2727944352899,20.4278595610141,19.5603145226122,18.7274543194912,17.8896932131726,17.094639790027,16.2791966932072,15.5661048777709,14.9088008999584,14.2570597921199,13.6821962692543,13.1335799462985,12.6674405915022,12.3334535456547,12.027498155622,11.7133387923083,11.4541118502548
"Fiji","FJI","Lower","Infant Mortality Rate","Total",,,,,,,,,,,,,,,,,,,,,,,,,,,,,,,,,,,,,,,,,,,,,,,,,,,,,,,,,,,,3.45677929329853,3.67268918380988,3.85818435406817,4.05598463291747,4.24850795957573,4.43931724406797,4.6384871963059,4.80160652953043,4.95960595215437,5.08693143651857,5.16343043201719,5.22426299120733,5.25372115999696,5.23973975576799,5.18658156541852,5.10302411309473,4.99759034883467,4.86425925892123,4.72342269000671,4.58391726427949,4.4507093124716,4.32554809743785,4.2112026867296,4.10561642739954,4.00871894720739,3.9194796109172,3.84929904688016,3.78358916975131,3.7089527371197,3.60564030825623,3.4897688066313
"Fiji","FJI","Median","Infant Mortality Rate","Total",,,,,,,,,,,,,,,,,,,,,,,,,,,,,,,,,,,,,,,,,,,,,,,,,,,,,,,,,,,,6.65749030405554,6.55497027513306,6.44808014935677,6.35147503946969,6.25718836640783,6.15517344418611,6.06490842250942,5.97873275098429,5.89744950787393,5.81810852384455,5.74700044479354,5.69588888616772,5.64405281928751,5.58275148540452,5.50937933901405,5.41015583028242,5.29062204661867,5.15451582724068,5.02399188606991,4.89999319322189,4.78853413195842,4.69173164819753,4.60337692430827,4.52570405694868,4.44723363729858,4.37793190869859,4.31631615292064,4.26390055161579,4.21931624777976,4.17276043068631,4.11609770709862
"Fiji","FJI","Upper","Infant Mortality Rate","Total",,,,,,,,,,,,,,,,,,,,,,,,,,,,,,,,,,,,,,,,,,,,,,,,,,,,,,,,,,,,9.87593824363971,9.36925464229428,8.90723021045891,8.45487538821825,8.04220238735633,7.6753860526361,7.33278343090532,7.02985387288632,6.75596517245667,6.52876828337913,6.31939741042577,6.16915780097704,6.04219799942527,5.94651987283718,5.85717115010924,5.75444810663875,5.63307775503348,5.49385116760533,5.35554056561606,5.23938173076093,5.13077215491984,5.04713525659757,4.98562954318599,4.92272813428777,4.86720294487814,4.82406260763867,4.79268348255334,4.77463833416355,4.78148952789653,4.80834390352939,4.8281086006541
"Gambia The","GMB","Lower","Infant Mortality Rate","Total",,,,,,,,,,,,,,,,,,,,,,,,,,,,,,,,,,,,,,,,,,,,,,,,,,,,,,,,,,,,14.1817915638176,13.8579633089005,13.5360065448005,13.209135202204,12.8753751555781,12.5471572955671,12.2219474546664,11.9023290873604,11.5853295958045,11.2718882942559,10.9679460831021,10.6613857255751,10.3632082412577,10.070584645954,9.78174738565257,9.49884175309066,9.22379623973945,8.95777175255056,8.70113077493191,8.45056161442608,8.2115111328863,7.98147705102405,7.76376258258101,7.55262712513145,7.34821198747766,7.14251140925567,6.9503176733202,6.76481503078099,6.59320677815769,6.43480144328464,6.28115785265392
"Gambia The","GMB","Median","Infant Mortality Rate","Total",,,,,,,,,,,,,,,,,,,,,,,,,,,,,,,,,,,,,,,,,,,,,,,,,,,,,,,,,,,,18.0934432972554,17.6802960484028,17.2695364889214,16.8525068015118,16.4266883531627,16.0079407490583,15.5930308422551,15.1852546611155,14.7808196995723,14.3809243555273,13.9931481610735,13.6020316775784,13.2216102491053,12.8482745950562,12.479769630935,12.1188323686576,11.7679232202901,11.428523296594,11.1010950619172,10.7814133857868,10.4764274950086,10.1829449263302,9.90517999289144,9.63580870716826,9.37501135405557,9.11257400743937,8.86736898890644,8.63070061529718,8.41175901160709,8.20966198235583,8.01364009171147
"Gambia The","GMB","Upper","Infant Mortality Rate","Total",,,,,,,,,,,,,,,,,,,,,,,,,,,,,,,,,,,,,,,,,,,,,,,,,,,,,,,,,,,,23.2379478730331,22.707330561834,22.1797798311764,21.6441761885573,21.09728487862,20.559474864447,20.0265937191672,19.5028746301299,18.9834467688892,18.469849273547,17.9718167628149,17.4694942194258,16.980907653596,16.5014215588042,16.0281396628977,15.5645771917615,15.1138941258594,14.6779926998352,14.2574668704187,13.8468901767603,13.455187717727,13.0782593177233,12.7215175445758,12.3755559830704,12.0406061784649,11.7035500813797,11.3886259762627,11.0846657383591,10.8034725187932,10.5439132876463,10.2921565378707
"Georgia","GEO","Lower","Infant Mortality Rate","Total",,,,,,,,,,,,,,,,,,,,,,,,,,,,,,,,,,,,,,,,,,,,,,,,,,,,,,,,,,3.28235146266127,3.21752800190099,3.19234555242686,3.24450087984639,4.2157149967568,4.9488319031281,3.39623618911464,2.78080983481676,2.26523720590786,2.12455083066603,2.25865020415882,2.45288448973266,2.53116537147456,2.46055986863454,2.28680894506877,2.06601256353149,1.86786461789162,1.74526125074402,1.73950941115923,1.89499481480691,2.58300640571422,2.24934581884241,2.1644871498691,2.04116973377478,2.05740652756109,2.21719751803917,2.45237108654461,2.69467123597585,2.82499121147611,2.75385208728888,2.56450448527388,2.39191949155163,2.27863692543516
"Georgia","GEO","Median","Infant Mortality Rate","Total",,,,,,,,,,,,,,,,,,,,,,,,,,,,,,,,,,,,,,,,,,,,,,,,,,,,,,,,,,3.70328574386874,3.47276845295002,3.3774033560605,3.43581176483155,4.49032151894084,5.27610353217668,3.62356488924681,2.95323848083098,2.40908734078473,2.25844857466077,2.38738102785355,2.58883136819529,2.69624103785286,2.65149322272903,2.45206788943148,2.19130710273199,1.98502962266106,1.88090690717453,1.90103327896461,2.07540031032136,2.81450981844395,2.43794180927012,2.3235253050634,2.18200868488933,2.19181770554887,2.36187686279562,2.61631170995146,2.86869079601067,3.00806189669254,2.94164799503567,2.74825383336981,2.59027608256583,2.53360897727089
"Georgia","GEO","Upper","Infant Mortality Rate","Total",,,,,,,,,,,,,,,,,,,,,,,,,,,,,,,,,,,,,,,,,,,,,,,,,,,,,,,,,,4.18934100890027,3.75243744790158,3.56871611680424,3.64125029674041,4.76403122769812,5.60178104470752,3.85302481817906,3.13925145310264,2.55692262425159,2.38278010527497,2.51653062256874,2.74296208045489,2.87295105001144,2.84346204394866,2.62233189925709,2.33495107744651,2.10857207047714,2.01224832599526,2.0648559456557,2.27163725124184,3.06573342843816,2.62914991173571,2.48365786668347,2.32692020241224,2.34028108825326,2.53249032334024,2.80741654191107,3.06663305446196,3.21510210135005,3.14202585461884,2.94370265948507,2.80200787278551,2.81022854968565
"Ghana","GHA","Lower","Infant Mortality Rate","Total",,,,,,,,,,,,,,,,,,,,,,,,,,,,,,,,,,,,,,,,,,,,,,,,,,,,,,,,,,,,6.73594175249078,7.01786469813198,7.21687905673338,7.38330528365893,7.44368103004371,7.48189517541866,7.43607380070514,7.41860205161943,7.39586792502538,7.4182350919204,7.45183879018205,7.49833747293855,7.59352732873688,7.6316865951266,7.61577605421964,7.58705820258217,7.54041565303556,7.48392382881554,7.35896649227302,7.22949961249417,7.03401430831031,6.83355365896791,6.58578445461876,6.32018083526832,6.00737010260796,5.68034405550476,5.41342842794582,5.16201190225425,4.95194411231488,4.74168566921583,4.52315414406959
"Ghana","GHA","Median","Infant Mortality Rate","Total",,,,,,,,,,,,,,,,,,,,,,,,,,,,,,,,,,,,,,,,,,,,,,,,,,,,,,,,,,,,12.5647536693332,12.2323079794502,11.8777596784152,11.4973970143638,11.1695838854003,10.8420066319164,10.526531275105,10.2798720630528,10.1113472858144,9.98787674798925,9.91406132418328,9.86238250246903,9.84899784467413,9.80430425218989,9.74723216166393,9.67138592389192,9.58390611817176,9.48874434178174,9.34742053074722,9.20534102388637,9.07493876000737,8.93885142917632,8.80788832548074,8.68845596837022,8.55410120638981,8.3906572197703,8.22011351208025,8.02384300958368,7.81871864494531,7.63386285838385,7.40478623606143
"Ghana","GHA","Upper","Infant Mortality Rate","Total",,,,,,,,,,,,,,,,,,,,,,,,,,,,,,,,,,,,,,,,,,,,,,,,,,,,,,,,,,,,21.0505333311595,19.6951117903071,18.4336223689864,17.2795947493073,16.2015147436711,15.3484743716674,14.6253384162162,14.1063008662438,13.6735956557044,13.3042960393905,13.0540547704753,12.873081797278,12.7853585433372,12.6473847474558,12.5434687994945,12.4742842909896,12.3628457033225,12.2899415157962,12.1443178719599,12.0567236768451,12.0301279649772,12.0247754801636,12.0483798868494,12.1495523857649,12.1751446743805,12.138182975802,12.0187611554459,11.8882499333957,11.7257032459013,11.5309460648825,11.2824433393418
"Grenada","GRD","Lower","Infant Mortality Rate","Total",,,,,,,,,,,,,,,,,,,,,,,,,,,,,,,,,,,,,,,,,,,,,,,,,,,,,,,,,,,2.91166199519678,3.01191445406868,3.08894267801734,3.13216244314069,3.1510446892438,3.14081163989721,3.11954564053303,3.08520665918434,3.0432815237513,2.99857629554061,2.94824656875202,2.89801201649328,2.84870050534958,2.81252039860674,2.76913392257855,2.72726692914459,2.69403073701731,2.6490694707079,2.59615697795451,2.54078376756015,2.48411729909456,2.42678833743574,2.36175178343265,2.29229460921531,2.21907107743682,2.13346108788977,2.04437599529075,1.95006418010764,1.84613493506305,1.74936766504728,1.65850909464991,1.57423785834092
"Grenada","GRD","Median","Infant Mortality Rate","Total",,,,,,,,,,,,,,,,,,,,,,,,,,,,,,,,,,,,,,,,,,,,,,,,,,,,,,,,,,,3.96504564750826,3.93734573873645,3.91142738683688,3.87409490757211,3.81921181527563,3.75938421479299,3.6966346988103,3.61736851379008,3.55216695852613,3.48945645160915,3.42156139270053,3.365511032602,3.30903134265774,3.26473454683927,3.22105818221467,3.1837757780961,3.14557443243136,3.10145372779485,3.05504245040556,3.00782453074284,2.95881775897895,2.91214933015105,2.86269157190621,2.81706517303632,2.77659929546318,2.72511069332895,2.6849328315697,2.64604012321499,2.6033849143275,2.55490378659597,2.49782100745284,2.43301550494477
"Grenada","GRD","Upper","Infant Mortality Rate","Total",,,,,,,,,,,,,,,,,,,,,,,,,,,,,,,,,,,,,,,,,,,,,,,,,,,,,,,,,,,5.31616277084342,5.1141054331038,4.94688213507691,4.77947614899659,4.62326844250016,4.48121581008898,4.35854356916412,4.24744232287469,4.14940127674252,4.06510711322979,3.97835716304845,3.9017949177462,3.83332425010076,3.77929501739746,3.7312478174749,3.6953736161023,3.65751751622793,3.61497559088929,3.58029114192012,3.53892470991983,3.50435680975083,3.48454684008216,3.46186193487458,3.46778914058138,3.48392644154173,3.49421437809187,3.52697481806929,3.55775196501557,3.57926688120977,3.59963406625937,3.59080355386992,3.54208260946324
"Guatemala","GTM","Lower","Infant Mortality Rate","Total",,,,,,,,,,,,,,,,,,,,,,,,,,,,,,,,,,,,,,,,,,,,,,,,,,,,,4.70891506882584,5.08207800680113,5.47649941017392,5.87533522681508,6.30243066076227,6.73885242330416,7.15893613213333,7.51029150805838,7.72011438062603,7.75461056543003,7.64460182031351,7.44056320180011,7.20727130127763,7.00871671533506,6.89375991420474,6.8129676424491,6.75136405951887,6.71591209714661,6.75903847654976,6.89597502335023,7.08302251148014,7.28028389991151,7.42016371828986,7.44710313099321,7.3403960572678,7.13706975023925,6.90560457421743,6.67079392163726,6.4607375884594,6.30425735167062,6.20738700670667,6.19779075494797,6.23627786664436,6.26891265431088,6.24770488311061,6.1334421902287,5.92736755403747,5.62738708319287
"Guatemala","GTM","Median","Infant Mortality Rate","Total",,,,,,,,,,,,,,,,,,,,,,,,,,,,,,,,,,,,,,,,,,,,,,,,,,,,,5.9668002190596,6.14621657413321,6.32564360276704,6.54212336079748,6.79517569754572,7.07883685624882,7.38837069593031,7.6827725369431,7.87033126134234,7.90165050553765,7.79235799111347,7.58500046012014,7.34420403866097,7.14243285688475,7.02052811441571,6.94189331507249,6.87695992536366,6.84363216077379,6.88798203125742,7.02373455336163,7.2139407684828,7.4114405429821,7.55417887279702,7.58568538991883,7.47678331041275,7.27410123003869,7.03365252866,6.79311792709802,6.58108745542258,6.42046477255977,6.32845258185704,6.31515056539921,6.35609013042835,6.40952891205257,6.44130252424059,6.4280381274235,6.35318297752547,6.2200515547769
"Guatemala","GTM","Upper","Infant Mortality Rate","Total",,,,,,,,,,,,,,,,,,,,,,,,,,,,,,,,,,,,,,,,,,,,,,,,,,,,,7.31866751060803,7.24910114378017,7.21334779761761,7.21941231020207,7.2914109421928,7.42878566709408,7.62772291688622,7.85426867033621,8.02225910766667,8.05091715743305,7.94278589912625,7.72795687843991,7.47889828017777,7.27531542689685,7.14719418955872,7.07338769865477,7.00483483471596,6.97329546412849,7.01953607817656,7.15219551271875,7.35021303138825,7.54894237174585,7.69348106818903,7.72690035853335,7.61266223124708,7.41035975783655,7.16467860772074,6.91945914325565,6.7062270971906,6.54117105571819,6.45023181487216,6.43396116164223,6.47728556330382,6.55487190035924,6.64259190355207,6.71636793225698,6.77805190470878,6.81288533564815
"Guinea","GIN","Lower","Infant Mortality Rate","Total",,,,,,,,,,,,,,,,,,,,,,,,,,,,,,,,,,,,,,,,,,,,,,,,,,,,,,,,,13.5904492725236,13.9686097825771,14.2595758005708,14.4063061802774,14.5667168882314,14.6339462665461,14.7192309449531,14.8066809699733,14.9650140679854,15.1273619097465,15.3456441522309,15.5472175172668,15.6917103694666,15.778131221293,15.7524453580755,15.6000129058859,15.2880772668625,14.9607208893868,14.52477060204,14.1397028981175,13.8198343478456,13.5164183092103,13.212301801755,12.8273362547916,12.4562654902863,12.061670639117,11.5877760056757,11.0267651942961,10.5473996705351,10.0164608295901,9.55247532546461,9.11731941218552,8.69163090273294,8.29228800261004
"Guinea","GIN","Median","Infant Mortality Rate","Total",,,,,,,,,,,,,,,,,,,,,,,,,,,,,,,,,,,,,,,,,,,,,,,,,,,,,,,,,19.3292026931152,19.1667099167076,18.9926482650563,18.7500735959528,18.5900886209321,18.4407547159712,18.3353416428084,18.2739063104308,18.2629280723565,18.2925021996993,18.3980835324681,18.5591936880339,18.7051415990541,18.8128510139171,18.8115089492327,18.7117185228221,18.4874709280456,18.217946183638,17.9185972961945,17.6164220716703,17.3651263445854,17.0860917176935,16.8167593941659,16.5672422106901,16.3112200342488,16.0950587757493,15.8434825501504,15.6320466232138,15.3720037746093,15.0000977859762,14.6010621036721,14.1959656537974,13.7843949001647,13.3726374234868
"Guinea","GIN","Upper","Infant Mortality Rate","Total",,,,,,,,,,,,,,,,,,,,,,,,,,,,,,,,,,,,,,,,,,,,,,,,,,,,,,,,,26.2337858890532,25.6733249159632,25.0219049914757,24.350439963594,23.8186397596649,23.3666137766927,23.0330356251145,22.7284149572613,22.580408379338,22.4609757133012,22.449729430995,22.5074418274102,22.6427806072467,22.7545885559886,22.8011423603503,22.6828104083566,22.4888125191869,22.2433707482488,21.9942017968109,21.7411265471555,21.5744769836534,21.3981931058934,21.2680928144662,21.1698603994703,21.1006167937761,21.0916083842936,21.1887747624424,21.3365152983725,21.3609883248911,21.1578216639496,20.8017615540567,20.4598154334045,20.135876229042,19.7920804902744
"Guinea-Bissau","GNB","Lower","Infant Mortality Rate","Total",,,,,,,,,,,,,,,,,,,,,,,,,,,,,,,,,,,,,,,,,,,,,,,,,,,,,,,,,,,,17.0915868532743,16.8644354571525,16.6315160605278,16.3935483103668,16.1426207399018,15.877358560225,15.6061856832103,17.0562638994984,18.2782916056986,16.9859079025923,14.4913665975959,14.1889531152497,13.868788626785,13.5249744240413,13.1715136626601,12.8051381380398,12.4357567836087,12.0633868515111,11.6889520094489,11.3203660490136,10.9545975432126,10.6054054127934,10.2810530764384,9.9821582339074,9.71315701105893,9.46567424664127,9.23034126917258,9.00774723229975,8.79635077944743,8.58557427213112,8.38403052323627
"Guinea-Bissau","GNB","Median","Infant Mortality Rate","Total",,,,,,,,,,,,,,,,,,,,,,,,,,,,,,,,,,,,,,,,,,,,,,,,,,,,,,,,,,,,21.9784107374273,21.6863122490656,21.3867965743844,21.0807891217002,20.7581163788842,20.4170104775954,20.068303893295,21.932988250141,23.5044179301323,21.8425160774213,18.6347359061971,18.2458564074941,17.8341505377336,17.392033031025,16.9375108231171,16.4663812648513,15.9913864503775,15.5125485645705,15.0310553700594,14.5570833685103,14.0867343877912,13.6377012971534,13.2206101906779,12.8362553807448,12.4903413696358,12.1720983712823,11.8694790250934,11.5832409354361,11.3114020413001,11.0403603474324,10.7811912408539
"Guinea-Bissau","GNB","Upper","Infant Mortality Rate","Total",,,,,,,,,,,,,,,,,,,,,,,,,,,,,,,,,,,,,,,,,,,,,,,,,,,,,,,,,,,,28.2535210210486,27.8780247724918,27.4929936384468,27.099617242842,26.6848174089966,26.2463215201171,25.7980548584639,28.1951298473325,30.2152222929217,28.0788267413303,23.9551853378939,23.4552758939163,22.9260228653541,22.3576752983349,21.7733813332671,21.1677384122604,20.5571266562079,19.9415745840426,19.3226090794329,18.7133121621471,18.1086726833086,17.5314350469277,16.9952592294274,16.5011663292754,16.0564895552765,15.6473842131659,15.2583632707024,14.8904006377452,14.5409483501542,14.1925208734472,13.8593557557232
"Guyana","GUY","Lower","Infant Mortality Rate","Total",,,,,,,,,,,,,,,,,,,,,,,,,,,,,,,,,,,,,,,,,,,,,,,,,,,,,,,,,,5.21911608974094,5.07786298153986,4.92779900079584,4.77489252347998,4.65231555783238,4.60700637048707,4.65588431651324,4.76879581690079,4.90739026850141,5.04408308784281,5.14721516041935,5.20769062889967,5.25173245708749,5.32142731816215,5.4181222784502,5.51977915845053,5.59429953204896,5.62001866220149,5.57039239108823,5.49156757846437,5.4495557725821,5.47203346184984,5.53690899750669,5.6230901771202,5.69819206659507,5.72793673000487,5.68491322661192,5.55922159269386,5.37128588743756,5.12499579892892,4.85886947881066,4.60500682690071,4.33142962472227
"Guyana","GUY","Median","Infant Mortality Rate","Total",,,,,,,,,,,,,,,,,,,,,,,,,,,,,,,,,,,,,,,,,,,,,,,,,,,,,,,,,,5.9050594318576,5.60699787980139,5.34076553828851,5.11604373558732,4.95487001097389,4.89603269932817,4.95162224001663,5.07724195024695,5.23105970353545,5.37799318557389,5.48936482877195,5.54446360662889,5.58606105034333,5.65632381781226,5.75351625211689,5.85348272282276,5.92802052740387,5.95283209587394,5.90091743157448,5.81403032932075,5.76470160164129,5.78317356295936,5.86143095189067,5.97408141926562,6.09933071333321,6.20943051209888,6.29361560194903,6.3148097922565,6.25380624883578,6.13560673757121,5.97858849457361,5.81789650051645,5.6366537829825
"Guyana","GUY","Upper","Infant Mortality Rate","Total",,,,,,,,,,,,,,,,,,,,,,,,,,,,,,,,,,,,,,,,,,,,,,,,,,,,,,,,,,6.65800869109321,6.18391163326102,5.77723435106121,5.47498834834961,5.28182668323807,5.21132249550296,5.27182404998954,5.40745381816873,5.56973041704971,5.71888421462576,5.83508850666354,5.89047885456,5.93420574914378,6.00678845824685,6.09791071038173,6.20218112822394,6.28097505648077,6.30410381212948,6.24424657577019,6.14903695003391,6.0925033454244,6.11401476748835,6.2007219060625,6.33338046262398,6.51803273062935,6.7222881877924,6.93602344636397,7.11063041145173,7.18451822496217,7.23877066666743,7.23308303578756,7.20957970296096,7.14551037314808
"Haiti","HTI","Lower","Infant Mortality Rate","Total",,,,,,,,,,,,,,,,,,,,,,,,,,,,,,,,,,,,,,,,,,,,,,,,,,,,,,,,,,13.2302333451077,13.1974657781529,13.137123068309,12.9864921715226,12.7825648860834,12.5140747515603,12.1896610447885,11.8575012416592,11.4597137022353,11.0485295687331,10.6043672286062,10.2005998292665,9.75888724549884,9.33827926765009,8.95277817588972,8.58533013975376,8.24184184210101,7.91520311977729,7.60907903871312,7.32610966208033,7.0771033662954,6.82799842669949,64.8128123448583,6.30920209232052,6.03625351961688,5.74241828330541,5.45098284762593,5.12738536361365,4.82016881284095,4.55872594937252,4.30819839044089,4.10428615529936,3.92479894618594
"Haiti","HTI","Median","Infant Mortality Rate","Total",,,,,,,,,,,,,,,,,,,,,,,,,,,,,,,,,,,,,,,,,,,,,,,,,,,,,,,,,,20.2047358429687,19.3908371113182,18.6351614235535,17.9511823899468,17.2454774778204,16.6236119496403,16.0120023730127,15.3580743907397,14.7509085535223,14.136783331228,13.5659919455672,12.9837112181247,12.4163180089602,11.9117715439633,11.4291391374937,11.0018018493055,10.6014164376073,10.2441996882319,9.94088634717493,9.65298895559538,9.38572618881132,9.1401059427597,88.1570541105003,8.71975119799216,8.48088454428128,8.27363765649855,8.05286575320813,7.85334868457531,7.63471041592104,7.41282706093944,7.20296192426422,7.03349121710879,6.83027693897124
"Haiti","HTI","Upper","Infant Mortality Rate","Total",,,,,,,,,,,,,,,,,,,,,,,,,,,,,,,,,,,,,,,,,,,,,,,,,,,,,,,,,,29.6347203492855,27.8479277299817,26.2096743568388,24.7570012856813,23.3655205885633,22.1370033376418,21.0031290947737,19.9703564045379,19.0028926935185,18.0683301845064,17.2580069517423,16.4888777482858,15.7250087016211,15.0683298273519,14.4572789557712,13.9525415310865,13.4729785575271,13.0824101765944,12.7953153853277,12.5166717300372,12.3026563434792,12.1663969733868,119.009229744816,11.9313581918287,11.8407682312284,11.732586197327,11.7131727883018,11.7133565410147,11.70033093149,11.6051048867406,11.4081688301656,11.2658140515393,11.0615220393062
"Honduras","HND","Lower","Infant Mortality Rate","Total",,,,,,,,,,,,,,,,,,,,,,,,,,,,,,,,,,,,,,,,,,,,,,,,,,,,,,,,,,,,6.12070982847968,5.97282827269967,5.8316505375567,5.6953412780042,5.56527165249867,5.4398961146092,5.31737409254985,5.19621318934434,9.26923727322733,4.95733536494388,4.84051188717672,4.72492936022429,4.60981933994548,4.49703507784666,4.38634967068854,4.28129338159953,4.18006439066517,4.0833796908735,3.98817793071564,3.89639523313237,3.80936338400294,3.72908079814116,3.65464559965719,3.58380660897902,3.51543465988237,3.44739512271531,3.38946931564513,3.33086010239728,3.26965948669165,3.21047998498361,3.15473885180337
"Honduras","HND","Median","Infant Mortality Rate","Total",,,,,,,,,,,,,,,,,,,,,,,,,,,,,,,,,,,,,,,,,,,,,,,,,,,,,,,,,,,,7.77423618760004,7.58640402848115,7.40708674532472,7.23395316964249,7.0687448820665,6.9094988026061,6.75387712401586,6.59998427422911,11.7733468601426,6.29657295774614,6.14818930064271,6.00138184058198,5.85517453615416,5.71192129978595,5.57133392971263,5.43789639922058,5.30932012185903,5.18651578821619,5.06559501437086,4.94901697212692,4.83847323293061,4.73650208877725,4.64195801955955,4.55198168343905,4.46513886687378,4.37871826422235,4.30514364328124,4.23070099213021,4.15296686411972,4.0777998595344,4.00700010805928
"Honduras","HND","Upper","Infant Mortality Rate","Total",,,,,,,,,,,,,,,,,,,,,,,,,,,,,,,,,,,,,,,,,,,,,,,,,,,,,,,,,,,,9.97753042751949,9.73646480542473,9.50632725805678,9.28412594107725,9.07209601602854,8.86771804693446,8.66799166921103,8.47048408720907,15.1100280074044,8.08108304906064,7.89064601859616,7.70223189476504,7.51458801651743,7.3307354179838,7.15030421821284,6.97904919218456,6.81403314576211,6.65642486811459,6.50123396945301,6.35161657481754,6.20974366347453,6.0788729040883,5.95753412499825,5.84205761904505,5.73060270260277,5.61968965960897,5.52526327463446,5.42972285123578,5.32995811438376,5.23348804873387,5.14262295825327
"India","IND","Lower","Infant Mortality Rate","Total",,,,,,,,,,,,,,,,,,,,,,,,,,,,,,,,,,,,,,,26.5369577988898,25.5671721332375,24.6015654933454,23.5573794976849,22.6223600085353,21.5752173220861,20.5909158163132,19.6465681627012,18.7171118125417,17.7985916308522,16.9399736858049,16.1095840778783,15.2956260990287,14.5689776996311,13.839589780986,13.1690729693077,12.5520961579974,12.0045784093962,11.4854349123262,11.0018402861637,10.5831866259906,10.2101546055637,9.86202177758666,9.56524394893392,9.29567451513439,9.06823006386423,8.886608418958,8.74564698359339,8.62241276388777,8.49995714380196,8.37091366592924,8.22503656983542,8.06304156534844,7.88151022771219,7.70048050556242,7.5081326112003,7.29924532893344,7.08152417226081,6.84626071617923,6.59392119653104,6.32755423960491,6.05503496117589,5.7755054990498,5.49125706942443,5.20424834114782,4.92469646212612,4.6485090108058,4.38448237092853,4.15655576313568,3.91866691951376,3.69204658352993,3.47239926333255
"India","IND","Median","Infant Mortality Rate","Total",,,,,,,,,,,,,,,,,,,,,,,,,,,,,,,,,,,,,,,35.1135708752387,33.2208503523521,31.4264912238857,29.7389045316548,28.1071637861388,26.5230954279768,25.0365499064066,23.6374145588705,22.3092602857281,21.0404377011252,19.8458015381704,18.703636677332,17.6074335873549,16.6053681685129,15.6578325328611,14.7810141725289,13.9797267050457,13.2518412044961,12.5821075552469,11.9681261984689,11.4249934628757,10.9454724550796,10.5127378942822,10.1494741163281,9.83025173190958,9.56766711637454,9.35406624869724,9.18667688505208,9.0387734998715,8.89442616386585,8.74933012074464,8.59251749585938,8.4154659792815,8.22880149259891,8.03429259693549,7.83025583429198,7.61672992323413,7.38923168156306,7.14859084544654,6.89463737306058,6.62494346600736,6.34781234900676,6.0654549067096,5.77892855388479,5.50417620173433,5.23881281674306,4.98886312326377,4.75858285006226,4.5562558180508,4.37626522150682,4.21731601479688,4.07998619649845
"India","IND","Upper","Infant Mortality Rate","Total",,,,,,,,,,,,,,,,,,,,,,,,,,,,,,,,,,,,,,,48.2842846249633,45.0690158125905,41.9572643557101,39.1644882291112,36.5897272297277,34.1283529100329,31.8369801556818,29.7249757941789,27.7234505785952,25.7692363932211,24.0020925739087,22.3615374580417,20.8244508511654,19.4345456446787,18.0661982570271,16.8297666012766,15.7392153673586,14.7284513706653,13.8373958624448,13.0349970585598,12.3343981289457,11.7215018826054,11.1846147392368,10.7395235355593,10.3598302628124,10.0528534315885,9.80851983097871,9.61563741218095,9.44948240224374,9.29517157840414,9.14162092125136,8.9856400670422,8.80404476788756,8.61395423085662,8.41292924955962,8.20680966382967,7.98241591351332,7.74439352827444,7.48446832992754,7.21253732433211,6.92796202462727,6.64318482788171,6.35636772893522,6.07380109436994,5.80817812491904,5.56502487094575,5.34157129286202,5.13839207072846,4.97109254236593,4.840749129322,4.75899879266341,4.70824531534094
"Indonesia","IDN","Lower","Infant Mortality Rate","Total",,,,,,,,,,,,,,,,,,,,,,,,,,,,,,,,,13.5211835134969,13.100438490357,12.5493934416553,11.9268879036907,11.3113124820438,10.7529877776498,10.2204462365339,9.72602568183457,9.19281001728304,8.7567834524739,8.36500056611497,8.02072004819196,7.70269497080572,7.4054124546164,7.11215065991713,6.87887859026338,6.68373377618032,6.49157969579609,6.33428757536134,6.18051485794547,6.07670925051198,5.96180886507543,5.8763179533014,5.78561384007689,5.71065028932815,5.65342239158436,5.56775201529789,5.49235360384836,5.41753651441489,5.34892180104996,5.26646783006396,5.19642699430915,5.14920405678729,5.13041092831685,5.1275952301734,5.14277786442238,5.15987770971415,5.18707945047456,5.19102771462902,5.18379737851111,5.15797431820801,7.13915217167687,5.0563860455625,4.99250374260511,4.90904500763103,4.80991029288917,4.70806716842793,4.58981029950226,4.46563470642367,4.33053317868179,4.16087625987497,3.96342369956944,3.78424356882489,3.6163819551237,3.44451341978407,3.29964899658924,3.15497540942091,3.01647674286046
"Indonesia","IDN","Median","Infant Mortality Rate","Total",,,,,,,,,,,,,,,,,,,,,,,,,,,,,,,,,17.8255551813542,16.9428608489481,16.1479785288714,15.3387132562987,14.5947349223739,13.9409231813232,13.3048831097648,12.7177273926466,12.12361845138,11.5773963929766,11.09337602453,10.6276203221222,10.1833755811005,9.77121296972175,9.38528393870882,9.04616159572761,8.711267125277,8.42021862861976,8.13721521011565,7.89358191870969,7.67801612647319,7.48517869255544,7.32262241087175,7.16619510195992,7.02697335264919,6.90458905944269,6.77532491716721,6.67579889322358,6.56766385221848,6.45140801799159,6.3499675297781,6.26736357625493,6.20287805480577,6.17365937260364,6.1710050788415,6.18748449138942,6.20696398766997,6.23089690319534,6.24829424574645,6.25720001468781,6.24358982325114,8.66718459163278,6.17391695993842,6.12523024299947,6.07901547017725,6.02205344602742,5.98877656494404,5.95876978722114,5.91089322057212,5.82795263234954,5.70631214696472,5.55757462410457,5.38984081889009,5.24744531078357,5.10514403763445,4.97207926795385,4.83882864356843,4.69890378068376
"Indonesia","IDN","Upper","Infant Mortality Rate","Total",,,,,,,,,,,,,,,,,,,,,,,,,,,,,,,,,23.9343186551042,22.4638205144031,21.2084934762041,19.9981494092882,18.9198835855638,18.0149639114361,17.1610583226835,16.4351812487906,15.6120074380128,14.9214026790144,14.2607684290603,13.6564303209912,13.090127483318,12.5571396031242,12.0294490668278,11.5521929122141,11.1077991734114,10.697386986796,10.3242676261654,10.0054628077178,9.72053564339035,9.4190690540939,9.16601644105589,8.95365913876566,8.73124086537351,8.5408847016371,8.3472986159768,8.16565224432553,7.98239842413737,7.81044878499201,7.67299555435445,7.54810407097571,7.46506911653668,7.41574966591515,7.40379650971416,7.42734280037954,7.46526922727121,7.51086624179254,7.54564957276573,7.57056426374282,7.58709729241987,10.6018222183388,7.61779926639464,7.62322848137708,7.64352559665063,7.66651388337759,7.7098088484254,7.76938612389259,7.78468517032909,7.72113754205114,7.6432035349994,7.48374277948984,7.33239622924853,7.20024957394779,7.06533264433978,6.93936497952197,6.81074948669537,6.67098879495939
"Iran","IRN","Lower","Infant Mortality Rate","Total",,,,,,,,,,,,,,,,,,,,,,,,,,,,,,,,,,,,,,,,,,,,13.4679541842443,13.2292100769729,12.9270356432198,12.5222579714451,12.0367950946992,11.5380035004398,10.9850487442032,10.463290093581,9.93166478204261,9.41927987956646,8.8877412848937,8.36364282718742,7.85484819960194,7.35636311635155,6.90503222550325,6.47345857278598,8.06542313298652,5.72987896314824,5.41606973411879,5.16665449435992,4.95976981794313,4.77433629032322,4.62956388754968,4.54012771645569,4.50641796442214,4.50089054898068,4.53816459442215,4.61151673861653,4.71415774281026,6.18020212228314,4.93300152668161,5.06187225037887,5.21088161524595,5.35964647195561,5.44090696371835,5.3929757167965,5.22146779216769,4.96275679782328,4.68410210864931,4.44326001978894,4.31166256942451,4.28169550358092,4.31902098317582,4.38026009371139,4.41033580339491,4.33830357878593,4.17171695432253
"Iran","IRN","Median","Infant Mortality Rate","Total",,,,,,,,,,,,,,,,,,,,,,,,,,,,,,,,,,,,,,,,,,,,20.4485425723718,19.4090011652989,18.3714087614741,17.4091436131177,16.5087359865435,15.6221163768064,14.7978621365847,14.0037654071051,13.2402075087439,12.5026647461932,11.7635435945167,11.0679089822978,10.3927095250526,9.73614398759654,9.12239373896968,8.54958120891162,10.6472538158389,7.52004778396154,7.05606587343402,6.6597094850337,6.31955538019935,6.01305978750452,5.75655764320852,5.54546982052102,5.39729605605105,5.2834734146518,5.21801194107342,5.18597067993011,5.18319887617996,6.67063395626932,5.2253237922848,5.27274367037804,5.36084766631786,5.47723849712362,5.54769803944924,5.49943021678603,5.32811426402156,5.06834635892842,4.77986160397233,4.53415619397749,4.39519727419548,4.36362825078016,4.41483574136708,4.51628573700516,4.60629509308004,4.62832486986198,4.57593346598652
"Iran","IRN","Upper","Infant Mortality Rate","Total",,,,,,,,,,,,,,,,,,,,,,,,,,,,,,,,,,,,,,,,,,,,30.4797120339715,28.4247308273885,26.4537563298856,24.6151439545436,22.8775274719217,21.3010542270186,19.8992185772779,18.5593345757517,17.3716808874615,16.2695475754287,15.2483037459988,14.2638663544833,13.3352834896387,12.4664467498431,11.6347398015855,10.8727249050456,13.4845381805626,9.49120604861513,8.84092172535498,8.28427830993923,7.78981718058676,7.3438928657007,6.9626608086799,6.61466626650217,6.34386963037123,6.11155678103123,5.93775334904572,5.79439685229491,5.68108839455616,7.18400484608948,5.52605006859008,5.4859167166459,5.51330192461594,5.59320694453797,5.65540125278573,5.6079175288362,5.43853785996067,5.17669151548611,4.87823493376467,4.62511989709275,4.477832459383,4.44527525852175,4.51279264313292,4.65190143286051,4.80718941451489,4.92003515719281,4.98937162792621
"Iraq","IRQ","Lower","Infant Mortality Rate","Total",,,,,,,,,,,,,,,,,,,,,,,,,,,,,,,,,,,,,,,,,,,,,,,,,,,,,,,,,,,,4.20392594662877,4.16836646208059,4.13385593972088,4.10130190479882,4.07054578057246,4.03887004297909,4.00716367012785,3.97425587084465,3.94125654009366,3.90748037575228,3.87398828458314,3.83981349118158,3.80712322317768,3.77435960423762,3.74151505983786,3.70709291568201,3.67122098552993,3.63239956862809,3.59045706060627,3.54701927332994,3.50245022642767,3.45578506367303,3.41009536036433,3.64852886740151,3.31764055295238,3.27334024786395,3.22909472270106,3.18657270806004,3.14501572533278,3.33346124690975,3.05763476425595
"Iraq","IRQ","Median","Infant Mortality Rate","Total",,,,,,,,,,,,,,,,,,,,,,,,,,,,,,,,,,,,,,,,,,,,,,,,,,,,,,,,,,,,5.37512954108146,5.32966327019868,5.28553819983141,5.24391468956684,5.20458998356652,5.16408946214079,5.12354977054848,5.08147393802794,5.0392810735942,4.99609495161187,4.95327204490006,4.90957623676615,4.86777853921285,4.82588705533011,4.78389210035045,4.73988003014073,4.69401426706498,4.6443772973693,4.59074970812123,4.53521025843719,4.47822438293328,4.41855841877352,4.36013967470054,4.66500017974512,4.24192718170135,4.18528491883022,4.12871269743929,4.07434415243043,4.02120949489093,4.26215548270624,3.90948440953618
"Iraq","IRQ","Upper","Infant Mortality Rate","Total",,,,,,,,,,,,,,,,,,,,,,,,,,,,,,,,,,,,,,,,,,,,,,,,,,,,,,,,,,,,6.87292164788253,6.81478609691386,6.7583654750435,6.70514347870429,6.65486085368093,6.60307476958193,6.5512386004601,6.49743824123658,6.44348823889032,6.38826820551402,6.33351259817183,6.27764085343527,6.22419613212201,6.17063149070471,6.11693454573332,6.06065841177215,6.00201204919973,5.93854362468097,5.8699725853693,5.7989569413504,5.72609182165775,5.64979980049227,5.57510254013554,5.96491312026971,5.42394986633025,5.35152410771426,5.27918790779668,5.20966944371143,5.14172869265325,5.44981482954906,4.9988711574297
"Jamaica","JAM","Lower","Infant Mortality Rate","Total",,,,,,,,,,,,,,,,,,,,,,,,,,,,,,,,,,,,,,,,,,,,,,,,,,,,,,,,,,,,4.34813621024497,4.28031099687776,4.21101498498007,4.14133654689792,4.0720878226663,4.00488890520935,3.93821693406489,3.8750869930756,3.81425549918266,3.75362561338087,3.69622809609473,3.64481104196725,3.59954352249078,3.55949996291293,3.5245849302972,3.49140232056438,3.4592512843445,3.43028882277346,3.39690645836599,3.35735684724145,3.31367844805393,3.26843147643299,3.21961073010305,3.16661886557341,3.11721365176653,3.06876291810833,3.02302130176581,2.97260974571809,2.9267629489226,2.87543829613966,2.83012981893528
"Jamaica","JAM","Median","Infant Mortality Rate","Total",,,,,,,,,,,,,,,,,,,,,,,,,,,,,,,,,,,,,,,,,,,,,,,,,,,,,,,,,,,,5.55023039613559,5.46365409248436,5.37520037048289,5.28625849601089,5.19786513491554,5.11208827415893,5.02698404031631,4.94640107316835,4.8687519862673,4.79136024442203,4.71809449797333,4.65246258514923,4.5946803192754,4.54356623940487,4.49899852902604,4.45664219052674,4.4156026163583,4.37863313638208,4.33602181864262,4.28553824517462,4.22978443087278,4.17202839355456,4.1097105688268,4.04206847045663,3.97900459523753,3.91715907760374,3.85877164512303,3.79442321233169,3.73590152100559,3.6703875549813,3.61255300812652
"Jamaica","JAM","Upper","Infant Mortality Rate","Total",,,,,,,,,,,,,,,,,,,,,,,,,,,,,,,,,,,,,,,,,,,,,,,,,,,,,,,,,,,,7.05768681739215,6.94759617369504,6.83511820014034,6.72201949068636,6.60961827221046,6.50054420209245,6.3923254460362,6.2898559439877,6.19111717138005,6.09270563938731,5.9995407334336,5.91608302936038,5.84260695593094,5.77761016445783,5.720937752761,5.6670773270627,5.61489130217234,5.5678808192101,5.51369616127394,5.44950112331515,5.37860443396485,5.30516171283215,5.2259182114496,5.13990435042136,5.05971216937292,4.98106925486927,4.90682365007287,4.82499802241109,4.75058169373196,4.66727397110361,4.59373141704837
"Jordan","JOR","Lower","Infant Mortality Rate","Total",,,,,,,,,,,,,,,,,,,,,,,,,,,,,,,,,,,,,,,,,,,,,,,,,,,,,,,,,,,,3.55360697057899,3.50356571491835,3.45664573381262,3.41277463640598,3.37042185598296,3.32996637795976,3.29083359930653,3.25233004902351,3.21529077411323,3.17805633866373,3.14122184732034,3.10443336138812,3.06755074756207,3.03103776749556,2.9938408581968,2.9581110716278,2.92220594269063,2.886944435924,2.85219409019526,2.8174807712706,2.78370392842703,2.75089885681513,2.71848478296737,2.68710911720357,2.65620485747865,2.62589286296545,2.59441539678332,2.56154415702528,2.53069663574136,2.4976444312548,2.46584614997569
"Jordan","JOR","Median","Infant Mortality Rate","Total",,,,,,,,,,,,,,,,,,,,,,,,,,,,,,,,,,,,,,,,,,,,,,,,,,,,,,,,,,,,4.53520316982112,4.47133925263137,4.41145878503876,4.35546938000061,4.30141768953077,4.2497873844108,4.19984514170883,4.15070593618086,4.1034354759494,4.05591594689762,4.008906836638,3.96195643964867,3.91488591425854,3.86828712482903,3.82081548760073,3.77521622953805,3.7293931951066,3.68439156758147,3.64004229671214,3.59574028038745,3.55263341854286,3.51076675574299,3.46939909418721,3.42935667531384,3.3899158767602,3.35123094206201,3.31105860291786,3.26910749465494,3.22973910713595,3.18755704710565,3.14697527561381
"Jordan","JOR","Upper","Infant Mortality Rate","Total",,,,,,,,,,,,,,,,,,,,,,,,,,,,,,,,,,,,,,,,,,,,,,,,,,,,,,,,,,,,5.79119592104481,5.70964533932174,5.63318139565981,5.56168611707201,5.49266518952956,5.42673623304912,5.36296283604938,5.30021487174414,5.23985318865572,5.17917345888178,5.11914550480929,5.05919252423604,4.99908614654282,4.93958214878025,4.87896357413485,4.82073592094999,4.76222251809845,4.70475800504243,4.64812651424862,4.59155536481459,4.53651035952252,4.48304901771367,4.43022487204823,4.37909298574349,4.32872933429199,4.27933087789629,4.22803309081179,4.1744639169604,4.1241927302724,4.07032864417935,4.01850803532632
"Kazakhstan","KAZ","Lower","Infant Mortality Rate","Total",,,,,,,,,,,,,,,,,,,,,,,,,,,,,,,,,,,,,,,,,,,,,,,,,,,,,,,,,,4.8780393903772,5.0830536845723,5.2756844760947,5.4691229531856,5.69788850134598,5.93720962240323,6.13111073102352,6.23834286521974,6.24341855046955,6.18608320679035,6.05164661471383,5.85752897349386,5.65105380923665,5.46878680480896,5.35114991206392,5.29620068310959,5.32160977665608,5.40393584426294,5.41108135294841,5.25494642504214,4.96770472986225,4.63056481925771,4.30344691315391,4.00988532666734,3.77200655535137,3.57079792018565,3.38273613836327,3.21437183745494,3.07581520160395,2.97636278775615,2.89283104924847,2.79185434571675,2.64693831840928
"Kazakhstan","KAZ","Median","Infant Mortality Rate","Total",,,,,,,,,,,,,,,,,,,,,,,,,,,,,,,,,,,,,,,,,,,,,,,,,,,,,,,,,,5.13935371971824,5.24661644128778,5.39070451964196,5.57602429160106,5.80503249041116,6.0458022688384,6.24595189960169,6.35814501150031,6.37862711109743,6.30652449378741,6.16078084906951,5.96467324933583,5.75309637385672,5.5692933859886,5.45273813494789,5.40815018437773,5.43846082248814,5.50605711592972,5.51143034248866,5.35191434856688,5.06232098521834,4.72464263020364,4.39689299632068,4.10689437246276,3.86222037981368,3.6540345377909,3.46879953662368,3.30009220944054,3.1582870310422,3.05444361675278,2.97156876579875,2.88277114342778,2.77587835262197
"Kazakhstan","KAZ","Upper","Infant Mortality Rate","Total",,,,,,,,,,,,,,,,,,,,,,,,,,,,,,,,,,,,,,,,,,,,,,,,,,,,,,,,,,5.37635267633697,5.40805791420327,5.50839181881778,5.68886408756199,5.92356587985911,6.16503981453815,6.36424696027478,6.47425829193738,6.49748562159509,6.41941282613119,6.27218238290321,6.0825229182677,5.86914956581298,5.677557477993,5.55336542444496,5.51183263956337,5.54347571315873,5.60841232850592,5.61697782026933,5.45946889842311,5.16295279077926,4.82078123327437,4.48797975967619,4.19611765415446,3.94999172044835,3.74639105814683,3.56499116385607,3.39641872261922,3.25253809516938,3.14166561558061,3.05335523690785,2.97582316012642,2.89872812025825
"Kiribati","KIR","Lower","Infant Mortality Rate","Total",,,,,,,,,,,,,,,,,,,,,,,,,,,,,,,,,,,,,,,,,,,,,,,,,,,,,,,,,,,,7.72652871866651,7.56265291377424,7.40888511717951,7.2690011142071,7.14276357065376,7.03378494082468,6.93251298609035,6.83987221295086,6.74461224350372,6.65021088915904,6.56034013251334,6.48083083988582,6.41943893178957,6.38031735032116,6.36860902648312,6.37429941254068,6.39629138193795,6.41817670231305,6.42406145860405,6.40520041332732,6.36075616220242,6.30187019026737,6.23528633868928,6.15995717941726,6.07195476282127,5.98461441558841,5.88894165402158,5.80056672575249,5.70177901200831,5.60467421110998,5.51009297862879
"Kiribati","KIR","Median","Infant Mortality Rate","Total",,,,,,,,,,,,,,,,,,,,,,,,,,,,,,,,,,,,,,,,,,,,,,,,,,,,,,,,,,,,9.88701458192375,9.67731595378302,9.48055172724369,9.30155346974355,9.14001748387672,9.00056633557062,8.87097679676786,8.75243188374657,8.63053539681291,8.50973761025912,8.39473726355777,8.29299564526707,8.21443738027371,8.16437665306621,8.1493944569557,8.15667598427235,8.18481733079847,8.212822207187,8.22035245438839,8.19621749851476,8.13934578096158,8.06399416002137,7.97879218440678,7.88239954506187,7.76978996218062,7.65802757597536,7.53560287231524,7.42251661634081,7.29610596003354,7.17184879133407,7.05082082926119
"Kiribati","KIR","Upper","Infant Mortality Rate","Total",,,,,,,,,,,,,,,,,,,,,,,,,,,,,,,,,,,,,,,,,,,,,,,,,,,,,,,,,,,,12.6718163774725,12.4030534977995,12.1508681563395,11.9214527921631,11.7144181676769,11.5356888525413,11.3695987930453,11.2176642168553,11.061434053879,10.9066120540396,10.7592204157781,10.628821993257,10.5281368065729,10.4639758469992,10.4447737272419,10.4541061881521,10.4901738982621,10.5260666997067,10.53571793558,10.5047850663529,10.4318947154857,10.3353193644141,10.2261191825959,10.1025763461008,9.9582488603071,9.81500719477032,9.65810003619448,9.51316161634591,9.35114581151336,9.19189005111193,9.03677304392847
"Kuwait","KWT","Lower","Infant Mortality Rate","Total",,,,,,,,,,,,,,,,,,,,,,,,,,,,,,,,,,,,,,,,,,,,,,,,,,,,,,,,,,1.94347793466917,2.16317642561386,3.74094782593278,31.9650490019798,2.73474256480879,2.86915037133643,2.95987641831427,3.00469394340834,3.00488768994172,2.95918026245524,2.87626122809023,2.77810536327443,2.66854220273764,2.57499400955464,2.50003407927736,2.45335191709806,2.4347222715226,2.42172586710247,2.40589988658294,2.38327464733328,2.35652514962276,2.32718017998731,2.29964673497328,2.27929478815337,2.26463621496813,2.25056444898172,2.22181778413991,2.17724650806326,2.11815283499686,2.05050407850256,1.97531048101498,1.87512135223274,1.76708579332904
"Kuwait","KWT","Median","Infant Mortality Rate","Total",,,,,,,,,,,,,,,,,,,,,,,,,,,,,,,,,,,,,,,,,,,,,,,,,,,,,,,,,,2.33788727588103,2.48858415427369,4.1704278363715,34.9963579199249,2.95884854066052,3.07952151218895,3.16148323006815,3.19672783755973,3.19247612526957,3.15013568587168,3.07956033567149,2.99017824208166,2.89102911339333,2.79302032595214,2.71017741868493,2.64938274142482,2.6087638315454,2.57930827547935,2.55294712815152,2.52909905724034,2.50566288029628,2.48556786784129,2.46590055296674,2.44425838719958,2.42218660854055,2.39302400162375,2.35570483432834,2.31456311514577,2.26831154843416,2.21661027334946,2.16159876012318,2.1012605912211,2.04397954508186
"Kuwait","KWT","Upper","Infant Mortality Rate","Total",,,,,,,,,,,,,,,,,,,,,,,,,,,,,,,,,,,,,,,,,,,,,,,,,,,,,,,,,,2.75174711161102,2.84969788241153,4.67220108654749,38.4750142187702,3.21452099488462,3.32894442299057,3.39488783297648,3.41765636184765,3.39801226272948,3.34760631200912,3.27396155074595,3.18706792385882,3.09242226903603,2.99639010004776,2.90435724873078,2.8274830192193,2.77336180970731,2.73756246448937,2.71466806554077,2.69162514600863,2.68035174214876,2.663388026287,2.64835010875072,2.62771020120717,2.59983225769245,2.55905259611946,2.50844409909745,2.46235635340177,2.42201920693906,2.38981158606846,2.36035308028311,2.34214047158592,2.33716203582552
"Kyrgyzstan","KGZ","Lower","Infant Mortality Rate","Total",,,,,,,,,,,,,,,,,,,,,,,,,,,,,,,,,,,,,,,,,,,,,,,,,,,,,,,,,,3.78240226125736,3.89525059398854,3.99273620906951,4.07235305063776,4.13671133261755,4.1884521894774,4.22927418898578,4.23321819130036,4.17970359167088,4.07442867832183,3.93487919320947,3.78456741455442,3.62991943637233,3.48141988019442,3.34656986747826,3.22838416154048,3.13310572486363,3.06698571642484,3.03772170308887,3.03298847078095,3.03120737517534,3.02139395913589,2.99576773578893,2.95615606186294,2.90953848662565,2.86158017843547,2.81847846478251,2.776594150711,2.72847337254127,2.67953239689076,2.62122288951081,2.55215134788962,2.47063314037268
"Kyrgyzstan","KGZ","Median","Infant Mortality Rate","Total",,,,,,,,,,,,,,,,,,,,,,,,,,,,,,,,,,,,,,,,,,,,,,,,,,,,,,,,,,4.06385124658261,4.11237858394928,4.1638618022809,4.21642293162494,4.27041273719132,4.31865836485062,4.35579525509536,4.35548848944902,4.29784826080148,4.19013422492626,4.04910208879101,3.89154056966254,3.73243337322808,3.58204133174462,3.44618641733125,3.32923628718216,3.23540366300975,3.17307986177044,3.14495680677846,3.13824470463281,3.13315293584208,3.11743497415136,3.0882908379499,3.04708822143199,2.99966582954064,2.95303780308102,2.91186860196366,2.87308831765014,2.83158794038339,2.78985378559587,2.7473190952517,2.70362272814481,2.65342752743743
"Kyrgyzstan","KGZ","Upper","Infant Mortality Rate","Total",,,,,,,,,,,,,,,,,,,,,,,,,,,,,,,,,,,,,,,,,,,,,,,,,,,,,,,,,,4.33838000076889,4.32893706395299,4.3383214118761,4.36422559218267,4.40533081278836,4.45200678697002,4.48919812179466,4.49052746294675,4.42858901930188,4.31516428605302,4.16627649977116,4.00316985719574,3.83999867831119,3.68520367781497,3.54612780781445,3.42865398798657,3.33592521838596,3.27480049678545,3.24521168604372,3.2379929440557,3.23097555152757,3.21290427547623,3.18439158140071,3.14529756518331,3.10492471554859,3.06019351310409,3.02101149099413,2.98105405913964,2.93831042025369,2.9029284563326,2.87616653302455,2.85558033824796,2.83548346070248
"Lao PDR","LAO","Lower","Infant Mortality Rate","Total",,,,,,,,,,,,,,,,,,,,,,,,,,,,,,,,,,,,,,,,,,,,,,,,,,,,,,,,,,,,5.83153710698518,6.50553347023789,7.09532204022309,7.71563801952911,8.34274637896272,8.85304617319527,9.25701787084413,9.61103520548764,9.82893983550319,9.91668359230413,9.95306575660336,9.94514157007412,9.79716487516263,9.57914558360361,9.30733252762819,8.91341097990017,8.41284776765467,7.89381279597795,7.34169524489758,6.80031394988882,6.24699121414401,5.68339280127613,5.13508598405081,4.58623284637012,4.07550876449769,3.58286065388405,3.1971008731798,2.93840013456139,2.74939608764882,2.57996233630947,2.45388513521691
"Lao PDR","LAO","Median","Infant Mortality Rate","Total",,,,,,,,,,,,,,,,,,,,,,,,,,,,,,,,,,,,,,,,,,,,,,,,,,,,,,,,,,,,16.3697202338707,16.171153892187,16.0000483539198,15.8456376398369,15.79467684529,15.6908363410116,15.6191364943568,15.4391345217604,15.2596005550645,14.9869334204045,14.6221722719092,14.2807026603123,13.8353470137659,13.3815856706561,12.8686834966905,12.2442810959478,11.5701819429167,10.8601953374385,10.1366465037752,9.4554805871383,8.77378922972448,8.06546563296016,7.41054117168415,6.80866067729117,6.22377772858592,5.77107798639482,5.43563378901829,5.17661460744334,4.98336454033467,4.8254585025203,4.66729700634899
"Lao PDR","LAO","Upper","Infant Mortality Rate","Total",,,,,,,,,,,,,,,,,,,,,,,,,,,,,,,,,,,,,,,,,,,,,,,,,,,,,,,,,,,,26.4645710874127,26.0116270967617,25.6500869712954,25.2819644663948,24.9791135858264,24.5673141394935,24.1165583802899,23.5277326080403,22.838823177574,22.0729525919018,21.2624868868299,20.4748954553635,19.6066042862498,18.8957005056358,18.0912741225713,17.1406616063358,16.2393684848156,15.3127642757461,14.5391711900517,13.8791674408788,13.1940513554274,12.4920660786105,11.9175313163546,11.4052464024992,10.8984663523853,10.4925432489133,10.1265491949069,9.80233954150017,9.56518257822348,9.38039990961445,9.1898855807918
"Lebanon","LBN","Lower","Infant Mortality Rate","Total",,,,,,,,,,,,,,,,,,,,,,,,,,,,,,,,,,,,,,,,,,,,,,,,,,,,,,,,,,,,11.1772103664007,3.31425607036527,3.24944014154693,3.18723983173046,3.12608733019727,3.06571171458916,3.00559865035862,2.94523252835058,2.88442515689123,2.82203934752935,2.75611047579194,2.68593593132538,2.61496227415905,2.54105811681519,2.46188082173259,2.38373437417438,2.97391851165148,2.23982009709469,2.18102140473127,2.12875981701013,2.0841102478131,2.04503513547263,2.00717278067845,1.97427326336921,1.94218533963945,1.91101274036999,1.88311065755395,1.96485281724933,1.82811897875821,1.80511911888333,1.77985133734909
"Lebanon","LBN","Median","Infant Mortality Rate","Total",,,,,,,,,,,,,,,,,,,,,,,,,,,,,,,,,,,,,,,,,,,,,,,,,,,,,,,,,,,,14.3521138833718,4.25567552200022,4.17244853052713,4.09258012859112,4.01405716646672,3.93653176588992,3.85934349480677,3.78183028450152,3.70375048717064,3.62364389426268,3.53898782675034,3.44888009674597,3.35774626487029,3.26284951980749,3.16118179425239,3.06083773002078,3.81866456476421,2.87604438477788,2.80054383487949,2.73343726408842,2.67610491720107,2.62593046007519,2.57731324611166,2.53506857113001,2.49386602411212,2.45383880085246,2.41801108919349,2.52297223303556,2.34739894082714,2.31786593595338,2.28542080284131
"Lebanon","LBN","Upper","Infant Mortality Rate","Total",,,,,,,,,,,,,,,,,,,,,,,,,,,,,,,,,,,,,,,,,,,,,,,,,,,,,,,,,,,,18.3034563008078,5.4273239176004,5.32118334389436,5.21932602750665,5.11918456977204,5.02031531656021,4.921876009418,4.82302230263399,4.72344601930492,4.62128493456073,4.51332183972314,4.39840616166328,4.28218188119723,4.16115870367366,4.03150039779467,3.90353017615111,4.86999758757379,3.66786057745511,3.57157364530129,3.48599167487152,3.41287491211428,3.34888670864244,3.28688447966908,3.2330092408888,3.18046304281984,3.12941575196572,3.08372415837632,3.21758260774536,2.99367147467883,2.95600761076783,2.91462986802439
"Liberia","LBR","Lower","Infant Mortality Rate","Total",,,,,,,,,,,,,,,,,,,,,,,,,,,,,,,,,,,,,,11.8683193644685,11.9772172433405,12.1185717213889,12.0736381718224,11.9160226752369,11.7640384081366,11.5286166795232,11.3198061788966,10.9843688827771,10.7346790471786,10.5744383792232,10.3469835774633,10.2100566041732,10.0610510304091,9.91582277189715,9.76158201021053,9.62435276309021,9.53228544813158,9.52748823695837,9.5142355319213,9.60560205604122,9.70764972871694,22.9973489659597,10.0114767221239,10.0917589576906,10.2113324315163,10.3478233993513,10.5165345334776,10.7184465600762,10.9209040555854,11.1475942215213,11.3378763509036,11.5178474303054,11.6580271050812,11.7382556274552,14.1580008836166,11.6519674404587,11.585495028302,11.4817102085972,11.3075952425331,11.1922271519028,11.0200350802003,10.8346928906657,10.6080243982519,10.3898151433531,10.1807965166207,9.98739927352307,10.8800157668994,9.55180797590584,9.33951906885595,9.03898728625486,8.73269064034966,8.39172506785026
"Liberia","LBR","Median","Infant Mortality Rate","Total",,,,,,,,,,,,,,,,,,,,,,,,,,,,,,,,,,,,,,18.998320219088,18.8234898508313,18.6630953654571,18.4898479349075,18.3152730288503,18.1647143445062,17.9941433227789,17.8803352205067,17.6673967807003,17.5048808560859,17.3756686623397,17.2690594946831,17.1335654498378,16.9967215553426,16.8123780222251,16.6575250312111,16.4938470806408,16.3557325184849,16.1934887574481,16.017447553892,15.8946566633123,15.7471140739261,36.3467705604161,15.5047002678899,15.3704366856729,15.2620686576822,15.1623744363919,15.0699558471372,15.008566173346,14.9600812093207,14.9336564523481,14.8847516386887,14.8800542888992,14.8383371391392,14.7972112780525,17.7625907226568,14.6300272342818,14.5130781505813,14.3762244737516,14.2359977599492,14.1140513530171,13.989587361633,13.8679925835583,13.7568995300736,13.6819330088597,13.6565959839224,13.6551098038947,15.2241161581747,13.662320490365,13.7018386105212,13.687425806931,13.5910586090483,13.3581006600856
"Liberia","LBR","Upper","Infant Mortality Rate","Total",,,,,,,,,,,,,,,,,,,,,,,,,,,,,,,,,,,,,,30.3021838355332,29.5697252203756,29.019335876093,28.435998595664,28.0848458807605,27.6330754227787,27.354036640075,27.0303484192785,26.5233756192416,26.2155701564722,25.7785870679072,25.4523769362515,25.1422460099967,24.8965841855458,24.5238096040835,24.1565668321954,23.6737109814417,23.2863212738754,22.9180048415478,22.5171210706319,22.1522210750209,21.7483611503799,49.8100466936313,21.0453821701704,20.6764414501489,20.3427295027332,20.0218208424162,19.7479679767024,19.4968202663376,19.2837560245715,19.0825799297986,18.911759309945,18.7869639609117,18.6399884894911,18.5615575009818,22.2169956409546,18.2861003584248,18.161983833923,18.0165940771837,17.932189469408,17.8847791421935,17.8485848437024,17.8574107347007,17.9204405423718,18.0460474153158,18.273285574261,18.5599565994051,21.0188858747931,19.2527444307836,19.6632372256434,20.1032270893427,20.3467380638524,20.2925064804161
"Libya","LBY","Lower","Infant Mortality Rate","Total",,,,,,,,,,,,,,,,,,,,,,,,,,,,,,,,,,,,,,,,,,,,,,,,,,,,,,,,,,,,3.77428261862429,3.69111260424495,3.61456907207385,3.5444004156987,3.47994181451569,3.42310814150473,3.36973391016261,3.32060390165202,3.27623603342573,3.23480368652964,3.19481959728917,3.15519434521238,3.11525446219156,3.06886802235123,3.0125109692115,2.94515863567434,2.86695164959947,2.78158348002474,2.69888915507628,2.62637772617306,2.56323784152462,2.50773502962206,2.45876459882003,2.41451107548675,2.37275196228064,2.33507553134923,2.29913585899796,2.26409621549517,2.23146472032356,2.20018789912526,2.1698558405403
"Libya","LBY","Median","Infant Mortality Rate","Total",,,,,,,,,,,,,,,,,,,,,,,,,,,,,,,,,,,,,,,,,,,,,,,,,,,,,,,,,,,,4.83040915064381,4.7239663536644,4.62600427303022,4.53620089737139,4.4537053747903,4.38096840145869,4.31265889696866,4.24978124135546,4.19299827666244,4.13997225614347,4.08879974733497,4.03808648614891,3.98697055342374,3.92760417678706,3.85547719195393,3.76927820764106,3.66918720244813,3.55993115854387,3.4540971592651,3.36129545226732,3.28048765184681,3.20945394356603,3.14678051898201,3.09014389537506,3.03669967221111,2.9884805547988,2.94248417886763,2.89763967947165,2.85587718079221,2.81584842338707,2.7770287937643
"Libya","LBY","Upper","Infant Mortality Rate","Total",,,,,,,,,,,,,,,,,,,,,,,,,,,,,,,,,,,,,,,,,,,,,,,,,,,,,,,,,,,,6.17565626872284,6.03956963383837,5.91432555647383,5.79951234654812,5.69404219375546,5.60104830207582,5.51371490930081,5.43332611076632,5.36072934702916,5.29293581943952,5.22751199819503,5.16267532296032,5.09732383398267,5.02142418975092,4.92921016560983,4.81900515373038,4.69103925593886,4.55135589757505,4.41604760779947,4.29740104480747,4.19408863716967,4.10327236215985,4.02314467207318,3.95073500475319,3.88240680697195,3.82075888328004,3.76195272452638,3.70461923471722,3.65122606889547,3.60004948345751,3.55041876242482
"Madagascar","MDG","Lower","Infant Mortality Rate","Total",,,,,,,,,,,,,,,,,,,,,,,,,,,,,,,,,,,,,,,,,,,,,,,,,,,,,,,10.5215871260684,10.8532869867151,11.0963375085901,11.3082398668141,11.4290523797088,11.5465331568189,11.6350545949677,11.6913753278662,11.7121316195139,11.6229634796017,11.5322016895042,11.3924904530292,11.2075608647619,11.0276691385965,10.8643552856638,10.7042953579958,10.5715816278054,10.5481248567148,10.4932914884243,10.4443577024268,10.394252126855,10.2629908014918,10.0759070318851,9.82093535965995,9.53056449714003,9.23702032898823,8.8938098383658,8.47019223908484,8.07592355450508,7.65593792988371,7.32656708796389,6.9532260581968,6.6374156458381,6.35064569664606,6.07133178617568,5.79527697291978
"Madagascar","MDG","Median","Infant Mortality Rate","Total",,,,,,,,,,,,,,,,,,,,,,,,,,,,,,,,,,,,,,,,,,,,,,,,,,,,,,,15.7790616520672,15.5096949832586,15.2760554523903,15.0410536980603,14.7939927746524,14.5975625170675,14.4293199618762,14.2874870943364,14.1690031352704,14.0138490443328,13.8509763127491,13.7025953012111,13.5651923943582,13.4502489591375,13.4039536732187,13.3742247612583,13.4053623229011,13.5125711013332,13.6551081731952,13.843101087331,14.0182254365855,14.1706404957178,14.3017605251681,14.3779726841623,14.3146786680778,14.1489274676625,13.8745723563419,13.4984702322119,13.1109703714197,12.6806453797841,12.3302176167144,11.9480986806122,11.6092186401546,11.2470314669992,10.9054126539673,10.641010790929
"Madagascar","MDG","Upper","Infant Mortality Rate","Total",,,,,,,,,,,,,,,,,,,,,,,,,,,,,,,,,,,,,,,,,,,,,,,,,,,,,,,22.8936495148628,21.7947891788384,20.8329579397706,19.9003256122717,19.1063394800064,18.4441289988959,17.9071970642837,17.4361490944962,17.1208796702867,16.7966588927358,16.6037315405092,16.4411403965876,16.3421095419583,16.3094172922162,16.3801064152238,16.549385659453,16.7687137006662,17.1317324785409,17.5905221608905,18.1208746139826,18.6883566911009,19.2402151580549,19.7834206685037,20.2459806914069,20.4098013255667,20.3857723205333,20.1575707607143,19.7375640722097,19.3396350484287,18.8650788501244,18.5189844169513,18.0749382661135,17.6665097999553,17.2596439525403,16.8925174808567,16.5505469957513
"Malaysia","MYS","Lower","Infant Mortality Rate","Total",,,,,,,,,,,,,,,,,,,,,,,,,,,,,,,,,,,,,,,,,,,,,,,,,,,,,,,,,,,,4.11488769812868,4.20789050955394,4.28865671568894,4.41316204064225,4.54423496316013,4.6360824775307,4.65298950879033,4.56120399468569,4.3719453566501,4.15133478417143,4.00271955965461,3.9165476620607,3.8338781976641,3.73073332154337,3.60007677972642,3.45352239738307,3.31469047022173,3.24289254880705,3.26796636941669,3.32471818213593,3.3727666048016,3.39612909734438,3.39999456025152,3.39395662591143,3.37346028792846,3.3445110887298,3.29017346007014,3.18763623687963,3.01666441034487,2.81095563279906,2.61604063332186
"Malaysia","MYS","Median","Infant Mortality Rate","Total",,,,,,,,,,,,,,,,,,,,,,,,,,,,,,,,,,,,,,,,,,,,,,,,,,,,,,,,,,,,4.36208742796268,4.35387848337744,4.39319635831958,4.50568152902491,4.63697483145172,4.73457596837511,4.75381507765416,4.65740694311202,4.46364822846389,4.26065915646888,4.10758776752864,4.00275350493871,3.91039905992052,3.80216203143221,3.67152827159932,3.52143671707915,3.38926982557365,3.32157345098907,3.33584912405858,3.3895337546408,3.43590174312314,3.46111863386254,3.4674306465551,3.46055387729189,3.44075242156329,3.41050116136497,3.35665032627912,3.26103804854689,3.12353389971535,2.98324047940466,2.86337369863292
"Malaysia","MYS","Upper","Infant Mortality Rate","Total",,,,,,,,,,,,,,,,,,,,,,,,,,,,,,,,,,,,,,,,,,,,,,,,,,,,,,,,,,,,4.61338821870713,4.50086959828542,4.49928363178466,4.59740944417197,4.73734366316744,4.84228915160788,4.86560205775905,4.76543850215664,4.56089950223919,4.35657742943693,4.19661547272389,4.08245875605296,3.98751067719405,3.87979524531994,3.75007044951818,3.58898559427685,3.45649199573895,3.39107860860056,3.4019675503502,3.45564099587664,3.50288715983076,3.53207411643264,3.54128707341859,3.5311082322937,3.51273103061381,3.48147376384009,3.42698701492981,3.33676032792604,3.23225607400252,3.139035253376,3.0740125176356
"Maldives","MDV","Lower","Infant Mortality Rate","Total",,,,,,,,,,,,,,,,,,,,,,,,,,,,,,,,,,,,,,,,,,,,,,,,,,,,,,,,,,5.86256296932451,5.30585694547515,4.76441578903947,4.27319916349331,3.85144757987108,3.48237100043141,3.17050710031595,2.90271689243997,2.67700519000563,2.49207871298259,2.32515971655454,2.18380522816025,2.06053030473406,1.95346731133771,1.86340631410676,1.79523153685528,2.76142831365387,1.73373451938645,1.73890837369692,1.76403375470483,1.80555048583185,1.85268805541166,1.90497550585194,1.95390300068451,1.99044838005994,2.00802785584586,2.01138742573301,1.99023194261822,1.95237798057187,1.9010571083377,1.837384468024,1.76008535815653,1.68649773235202
"Maldives","MDV","Median","Infant Mortality Rate","Total",,,,,,,,,,,,,,,,,,,,,,,,,,,,,,,,,,,,,,,,,,,,,,,,,,,,,,,,,,7.15161371354977,6.26041055435767,5.49987011050087,4.85730128456278,4.33232872409045,3.89311156945754,3.53176646796973,3.23360067559498,2.98626672661608,2.77774510175017,2.60025396453466,2.44765340619376,2.3108740184868,2.19342301796551,2.09693637988446,2.02666988644862,3.11995362113396,1.95960517922031,1.96584741211513,1.99446775589024,2.03985007138192,2.09425031072522,2.14998819813191,2.20597663491905,2.25059518754935,2.27845044431124,2.28980354686072,2.2837735681402,2.26457712391328,2.23337646736923,2.19425624926991,2.14989475304576,2.10421534237105
"Maldives","MDV","Upper","Infant Mortality Rate","Total",,,,,,,,,,,,,,,,,,,,,,,,,,,,,,,,,,,,,,,,,,,,,,,,,,,,,,,,,,8.57881880690499,7.34427171823889,6.33380256536859,5.50934539493479,4.85834878413302,4.34327683250315,3.92425156051232,3.59105523540173,3.32062180564242,3.09055405851213,2.89596530758543,2.72823030006718,2.5827127960182,2.453528584141,2.35028158356975,2.27435846785355,3.50249913508813,2.19870305289678,2.20795390013861,2.23914571774212,2.29245653510669,2.35589243582231,2.41567002311603,2.48138824233279,2.53394102295154,2.57510295109347,2.60486869439405,2.61402006423594,2.61299760276819,2.60526174438335,2.5921489253522,2.56778126196372,2.5456516854283
"Mali","MLI","Lower","Infant Mortality Rate","Total",,,,,,,,,,,,,,,,,,,,,,,,,,,,,,,,,,,,,,,,,,,,,,,,,,,,,,,14.470204218818,14.7180889833892,14.8810938325288,14.9794302459774,15.0284689745661,14.9686578240054,14.8398363387109,14.7221654640987,14.5739313541399,14.3861165166361,14.1733771824655,13.9127648753902,13.6383381438769,13.3419508010457,12.9498485037425,12.5917568319101,12.2389789709602,11.875150913062,11.4954011930498,11.1403940816961,10.7701603133975,10.4070120711615,10.0578540124852,9.71237552568207,9.42970401448574,9.14039597559566,8.89138519145314,8.64172489692878,8.42643606445122,8.2096631321162,7.98032446503485,7.71446886806763,7.43434249857615,7.14968297211729,6.87728909420407,6.59300564036129
"Mali","MLI","Median","Infant Mortality Rate","Total",,,,,,,,,,,,,,,,,,,,,,,,,,,,,,,,,,,,,,,,,,,,,,,,,,,,,,,20.1264684277051,19.7878110747367,19.4620886491346,19.1706788342781,18.8751486108126,18.5943681551642,18.2729830188978,17.9577664219542,17.6531498684068,17.3202772127153,16.9873859444273,16.6114689682598,16.2243737654248,15.8216139869579,15.4042247777141,14.991564762874,14.5819056921264,14.1745098275511,13.7625095142533,13.3591511347193,12.9680740168334,12.5931443525569,12.2668419935272,11.9892703320928,11.7170328544536,11.500643715976,11.3319199831006,11.1812878503185,11.0709764663463,10.9525830770597,10.8760881557405,10.7779441994656,10.6614653891008,10.5304144317692,10.3381700272511,10.1198978262696
"Mali","MLI","Upper","Infant Mortality Rate","Total",,,,,,,,,,,,,,,,,,,,,,,,,,,,,,,,,,,,,,,,,,,,,,,,,,,,,,,27.718958216858,26.8042402489337,25.9110919174763,25.0481377485348,24.194339522207,23.4464420528908,22.7063630513077,22.0971381952509,21.54053832459,20.9442676483819,20.4577240752231,19.8781261842022,19.3843557284327,18.8585901300246,18.3236332863291,17.79268498633,17.2991776199502,16.8369868562802,16.4110181354041,15.9594006928632,15.5646530747996,15.1657298642727,14.8659992149924,14.6549168518924,14.4620934064234,14.3223114426386,14.26612606292,14.243806148469,14.3281581450759,14.4365824498495,14.5647818243509,14.7354755153166,14.9106399199912,15.0575919133683,15.0270054108549,14.8706557017331
"Marshall Islands","MHL","Lower","Infant Mortality Rate","Total",,,,,,,,,,,,,,,,,,,,,,,,,,,,,,,,,,,,,,,,,,,,,,,,,,,,,,,,,,,,5.36998376624307,5.26134066819901,5.16196240353432,5.07470214733139,5.01189343635067,4.97709177138529,4.96706584566987,4.97591563473193,4.99704088488967,5.01872102514119,5.03013810472279,5.03327868495358,5.02524889316805,5.00698932908602,4.98523315093658,4.96486771526225,4.94018307672316,4.91146854487799,4.88222420589243,4.85386593138136,4.82859354578998,4.79926161116943,4.7568445707509,4.70365657554435,4.64038185097729,4.57912260435036,4.51041451738076,4.44503765219842,4.36819613707912,4.30470615158747,4.23201568472847
"Marshall Islands","MHL","Median","Infant Mortality Rate","Total",,,,,,,,,,,,,,,,,,,,,,,,,,,,,,,,,,,,,,,,,,,,,,,,,,,,,,,,,,,,6.87108241005252,6.73206975890881,6.60491178674294,6.49325923105708,6.4128932843422,6.36836333445904,6.35553481116614,6.36685842639553,6.39388892426766,6.42162942345988,6.43623797687496,6.44025645933608,6.4299820593573,6.40661830724171,6.3787805148945,6.35272222628018,6.32113736624194,6.2843961164984,6.24697695995263,6.21069155395247,6.17835465096431,6.14082341273394,6.08654932309174,6.01849341935008,5.93753119192089,5.85914783914478,5.77123343411941,5.68758144410734,5.58926003274348,5.50802237141786,5.41501237176886
"Marshall Islands","MHL","Upper","Infant Mortality Rate","Total",,,,,,,,,,,,,,,,,,,,,,,,,,,,,,,,,,,,,,,,,,,,,,,,,,,,,,,,,,,,8.82606122464792,8.64749632078358,8.48415902098696,8.34073878039574,8.23750689875733,8.18030716798066,8.16382863879881,8.17837407943459,8.21309536713201,8.24872866763131,8.26749368588468,8.27265551776434,8.25945781791918,8.22944654832533,8.19368827256137,8.16021580970995,8.11964434049549,8.07244937173306,8.02438361630499,7.97777418917164,7.93623670372809,7.8880269768336,7.81831067749287,7.73089132530407,7.62689350756164,7.52620831281227,7.41328026523897,7.30582738644218,7.17953130314653,7.07517968431598,6.95570622985624
"Mauritania","MRT","Lower","Infant Mortality Rate","Total",,,,,,,,,,,,,,,,,,,,,,,,,,,,,,,,,,,,,,,,,,,,,,,,,,,,,,,,,,,,11.1898036774084,11.0735781375703,10.9948094690841,10.9440205458241,10.9176982627781,10.9118221202841,10.917369055233,10.9162889531767,10.9078823057602,10.8914811531688,10.8612384563504,10.8351141829192,10.7983055772914,10.7549763347535,10.6817867657998,10.5738469123693,10.4429711968379,10.2865318470078,10.1102518500407,9.92844558955827,9.73999274995357,9.56383308983427,9.38942587185222,9.1957386792291,9.00665015358374,8.83617831889395,8.65180017568659,8.47566939307855,8.31530199770537,8.1292499256247,7.9566741772623
"Mauritania","MRT","Median","Infant Mortality Rate","Total",,,,,,,,,,,,,,,,,,,,,,,,,,,,,,,,,,,,,,,,,,,,,,,,,,,,,,,,,,,,14.3400804184824,14.1911337849213,14.0901892935689,14.0251017134011,13.9913688913999,13.9838384325694,13.9909470017218,13.9895628174417,13.9787894380798,13.9577708524194,13.9190138985934,13.8855348320541,13.8383634624741,13.7828356944829,13.6890409921944,13.5507127227112,13.3829914346839,13.1825095565516,12.9566012738369,12.7236109130529,12.4821027550073,12.2563486876948,12.032840429326,11.7846242855653,11.5423014761454,11.3238365335054,11.087550225253,10.8618331653667,10.6563173750587,10.4178858750451,10.1967247017894
"Mauritania","MRT","Upper","Infant Mortality Rate","Total",,,,,,,,,,,,,,,,,,,,,,,,,,,,,,,,,,,,,,,,,,,,,,,,,,,,,,,,,,,,18.3871504702255,18.1961679873245,18.0667348532366,17.9832781992038,17.9400252706413,17.930369559126,17.9394843148888,17.9377094849092,17.9238956329907,17.8969451636816,17.8472501884116,17.8043226303996,17.7438385155939,17.6726396523007,17.5523741270065,17.3750067321909,17.1599509954013,16.9028889460825,16.6132246300169,16.3144795256083,16.0048127237368,15.7153461458792,15.4287591911318,15.1104912699433,14.7997799050733,14.5196595950356,14.2166883579782,13.927269231815,13.6637525952186,13.3580307485028,13.0744532752843
"Mexico","MEX","Lower","Infant Mortality Rate","Total",,,,,,,,,,,,,,,,,,,,,,,,,,,,,,,,,,,,,,,,,,,,,,,,,,,,,,,,,,4.65433986713495,4.59287604694567,4.53491528699492,4.46648948222436,4.37708071162619,4.27990158600431,4.20869754522814,4.1660380069068,4.11720167857002,4.03323379421796,3.91598686362522,3.7895288178129,3.67380446046237,3.58149894556591,3.52173465860431,3.48697221394569,3.46298221277938,3.45416911126955,3.50830860716274,3.6679766277775,3.91077339494912,4.15850748189475,4.32823754060461,4.34623303802512,4.1710640934983,3.91822133359592,3.75209536414475,3.74737356222335,3.83185886013465,3.92887131202832,4.01889178022306,4.11522869824922,4.2087893281116
"Mexico","MEX","Median","Infant Mortality Rate","Total",,,,,,,,,,,,,,,,,,,,,,,,,,,,,,,,,,,,,,,,,,,,,,,,,,,,,,,,,,4.81738036403923,4.71578057607283,4.63105170868317,4.54590086311619,4.44911599771398,4.34951775199445,4.27599597823706,4.23051484844878,4.18107315207389,4.09512031000872,3.97605732127402,3.84885820535943,3.73089795837734,3.63580496332017,3.57381707605398,3.53874432135908,3.51466384274483,3.50530197300421,3.56007749869917,3.72179150668689,3.96799845772661,4.22046340786506,4.39376869869986,4.41166542544476,4.2329303890554,3.97728029911059,3.81109019683042,3.80643401218597,3.89204366640498,3.99228664633692,4.09018264423805,4.20311680754331,4.326868665213
"Mexico","MEX","Upper","Infant Mortality Rate","Total",,,,,,,,,,,,,,,,,,,,,,,,,,,,,,,,,,,,,,,,,,,,,,,,,,,,,,,,,,4.99882608905938,4.84680234470684,4.72761622147742,4.62492786032354,4.51752120210436,4.41503397162819,4.33992887049788,4.29459795768728,4.24432351208982,4.15631229803268,4.03418009575882,3.9048285135245,3.78488361927186,3.68966157583012,3.6263679249742,3.58995008812767,3.56626119256204,3.55770113171497,3.61384951014093,3.77900398205121,4.02953630383301,4.28808891351891,4.46444208640016,4.48395048008252,4.29971761102532,4.0378108427421,3.86816595247539,3.86404351883104,3.95284834196543,4.05566794277334,4.16189944458028,4.29292339463613,4.44592753522871
"Federated States of Micronesia","FSM","Lower","Infant Mortality Rate","Total",,,,,,,,,,,,,,,,,,,,,,,,,,,,,,,,,,,,,,,,,,,,,,,,,,,,,,,,,,,,5.45503614211878,5.37726378664073,5.31212587839,5.25415615910135,5.19773380746795,5.13254085957938,5.06119311739035,4.9798775872591,4.8950415469079,4.80761493528531,4.72344220848324,4.65126029356185,4.59381997490705,4.54657712948162,4.51943841098844,4.50834658915309,4.50137916010211,4.49359340938589,4.47321511401313,4.43738067374767,4.3943149128965,4.33822885459662,4.28420852635081,4.21718669508792,4.15254528132643,4.07749110596827,4.00597588629747,3.93135482722923,3.86432807022945,3.8017221794394,3.73729173203949
"Federated States of Micronesia","FSM","Median","Infant Mortality Rate","Total",,,,,,,,,,,,,,,,,,,,,,,,,,,,,,,,,,,,,,,,,,,,,,,,,,,,,,,,,,,,7.01102135710522,6.91106534745774,6.82734761323835,6.75284270998756,6.68032654290563,6.59653806963589,6.50483921902585,6.40032938562388,6.29129485766501,6.17893082829906,6.07074881631594,5.97797785496461,5.90415335768248,5.84343504351941,5.80855532320169,5.79429968900407,5.78534488236156,5.77533833737627,5.74914737175155,5.70309157679884,5.64774181169715,5.57565786168622,5.50622886705042,5.42008984282869,5.33701022234074,5.24054772187935,5.14863362279599,5.05272777997713,4.96658242500971,4.88611893659748,4.80331045815665
"Federated States of Micronesia","FSM","Upper","Infant Mortality Rate","Total",,,,,,,,,,,,,,,,,,,,,,,,,,,,,,,,,,,,,,,,,,,,,,,,,,,,,,,,,,,,8.94280881441416,8.81531134455933,8.70852637652593,8.61349270431596,8.52099573630849,8.41412053808312,8.29715537027971,8.1638493351479,8.02477189007382,7.8814475467214,7.74345751630404,7.62512483285649,7.53095904282573,7.45351065871211,7.40902032636053,7.39083675442942,7.37941457787409,7.36665087139848,7.33324335681298,7.27449754103529,7.20389693350391,7.11195127384874,7.02339210485181,6.91351869471101,6.80754766359371,6.68450628981266,6.56726656487321,6.44493522784981,6.33505374261617,6.23241968164841,6.12679450192215
"Monaco","MCO","Lower","Infant Mortality Rate","Total",,,,,,,,,,,,,,,,,,,,,,,,,,,,,,,,,,,,,,,,,,,,,,,,,,,,,,,,,,,,1.95226931571515,1.91008678100439,1.86561218377182,1.82034475851314,1.77309159568863,1.72610912639683,1.67974657650408,1.63520505499691,1.59274649361099,1.55283670526303,1.51618772972582,1.48311308228323,1.45217414241224,1.42421219869224,1.39930217522207,1.37598377625263,1.35394682344807,1.33262025855045,1.31197287073754,1.29237546043986,1.27298212946628,1.25374645234312,1.23376089456368,1.21287291341281,1.19218810328339,1.1696623066982,1.14711837721012,1.12311526460997,1.10073934795758,1.07662981178522,1.05312605326035
"Monaco","MCO","Median","Infant Mortality Rate","Total",,,,,,,,,,,,,,,,,,,,,,,,,,,,,,,,,,,,,,,,,,,,,,,,,,,,,,,,,,,,2.4954529379054,2.44153387595789,2.38468502655337,2.32682275906605,2.26642225845554,2.20636776695658,2.14710567621566,2.09017128206772,2.03589939401578,1.98488542899446,1.93803953896311,1.89576246916213,1.8562153289314,1.82047348017932,1.78863269327992,1.75882637160743,1.73065803531492,1.70339773951413,1.67700558953613,1.65195555432376,1.62716637981581,1.60257872349032,1.57703254578066,1.55033286172055,1.52389287734341,1.49509968533108,1.46628331526363,1.43560177077858,1.40700016007914,1.37618258158803,1.34613932741681
"Monaco","MCO","Upper","Infant Mortality Rate","Total",,,,,,,,,,,,,,,,,,,,,,,,,,,,,,,,,,,,,,,,,,,,,,,,,,,,,,,,,,,,3.18923277853984,3.12032326831063,3.04766943814248,2.97372044182677,2.89652753890273,2.81977684171355,2.74403884664064,2.67127568878469,2.60191526058371,2.53671851536044,2.47684864333903,2.42281780399045,2.37227586268371,2.3265971508658,2.28590406476043,2.24781106102485,2.211811431436,2.1769722935785,2.14324266136327,2.11122827544184,2.07954727409222,2.04812381652682,2.01547535176096,1.98135268557571,1.94756192015641,1.91076371395919,1.87393588579955,1.83472433190421,1.79817096999699,1.7587855622475,1.72038975460815
"Mongolia","MNG","Lower","Infant Mortality Rate","Total",,,,,,,,,,,,,,,,,,,,,,,,,,,,,,,,,,,,,,,,,,,,,,,,,,,,,,,,,,,,5.3343356995937,5.83276884718444,6.26450105483089,6.56076095089489,6.6786894707748,6.60338145808516,6.37455386965075,6.00830006706683,5.54477439160229,5.0531558431258,4.63434067318554,4.36303709411952,4.21958977080727,4.16005268106402,4.14874607541458,4.13553588527965,4.07768591236859,3.9749225573573,3.86127727115973,3.75883720108813,3.67579201523795,3.62338672825862,3.59367755026105,3.57229736641616,3.55865127449952,3.52990528278761,3.47416154823668,3.38414935156005,3.25963972936917,3.1165072619662,2.96036842130977
"Mongolia","MNG","Median","Infant Mortality Rate","Total",,,,,,,,,,,,,,,,,,,,,,,,,,,,,,,,,,,,,,,,,,,,,,,,,,,,,,,,,,,,5.82990644286457,6.22130646236164,6.57493971544265,6.82377352769142,6.91802021734501,6.84216035104748,6.60551918635765,6.22827703461776,5.74960806034008,5.24143388242265,4.81021937042345,4.52507240502541,4.3748462107943,4.31709275025665,4.30667419035022,4.2977532991438,4.24159464935207,4.14281828593924,4.03203063955935,3.92964411884285,3.84881926609387,3.79387414741819,3.76019339266024,3.73929904284146,3.72259815723788,3.69705708903805,3.64793189217293,3.57801769422106,3.49076676908929,3.39582191289118,3.29367868098972
"Mongolia","MNG","Upper","Infant Mortality Rate","Total",,,,,,,,,,,,,,,,,,,,,,,,,,,,,,,,,,,,,,,,,,,,,,,,,,,,,,,,,,,,6.34863886257859,6.62091582022341,6.88870694956784,7.08917170533179,7.16854395029784,7.08723677270777,6.84256551795469,6.45588825459562,5.96454149569492,5.43688221618428,4.99276498002542,4.69723227130605,4.54093115902462,4.4800171221498,4.47155139389602,4.46627182536471,4.4156980292392,4.32088805534117,4.21082574372645,4.10670027934627,4.02368390417808,3.96920823176479,3.93909798477745,3.91710570746878,3.8985237520753,3.87306335753544,3.83116546530738,3.78092545092116,3.73076886438675,3.68557057720481,3.64051670293043
"Morocco","MAR","Lower","Infant Mortality Rate","Total",,,,,,,,,,,,,,,,,,,,,,,,,,,,,,,,,,,,,,,,,,,,,,,,,,5.76212702402828,5.63004313438754,5.49366306602052,5.331438502253,5.18541915462569,5.0508915748714,4.9159669838962,4.75297101754128,4.61531848589369,4.48149438733998,4.34881726831305,4.22711980324749,4.11725679992445,3.99003145793795,3.86317109775046,3.73119269852293,3.59101776216631,3.45327043332199,3.30796995791208,3.16241804095626,3.0271575640701,2.8991083233417,2.77798254706229,2.66767585241397,2.56943397991174,2.47358635678849,2.38316326004904,2.29632110837248,2.21084593193505,2.09149199358818,1.9941304669135,1.8984023499629,1.80695463484598,1.71846498027636,1.63621475996523,1.55810066982929,1.48207185000685,1.42504862760898,1.3628521560918,1.29892294531977,1.23556747437296
"Morocco","MAR","Median","Infant Mortality Rate","Total",,,,,,,,,,,,,,,,,,,,,,,,,,,,,,,,,,,,,,,,,,,,,,,,,,8.79604794803881,8.35262794753804,7.94354358258044,7.5503021818789,7.20137211370091,6.88626513889959,6.59383629215774,6.32341091814616,6.07822617553664,5.85789480771063,5.65279888664288,5.45792505312406,5.29066944602018,5.11495665168054,4.93882521483572,4.77413231835465,4.60277464784529,4.42886613639672,4.26516020791097,4.09894853404344,3.95330867076754,3.80589053178329,3.67155325948548,3.54719323020584,3.44507439994417,3.34150286154184,3.25160712080064,3.17044671215685,3.09994315128955,3.02232500074104,2.95658458479006,2.87471800523247,2.79444461056619,2.71485366361721,2.64212132297672,2.56048075464973,2.4817118492454,2.41270863742661,2.33793972448431,2.25918306255347,2.18716732620563
"Morocco","MAR","Upper","Infant Mortality Rate","Total",,,,,,,,,,,,,,,,,,,,,,,,,,,,,,,,,,,,,,,,,,,,,,,,,,13.0094180906715,12.091356082312,11.2851798570369,10.5425007979495,9.91544869552273,9.33832764615407,8.84126484569478,8.37021534895453,7.98703106800836,7.64030681167856,7.32037639770727,7.0304410952254,6.76262166709059,6.51779878539997,6.27859722493239,6.06790662213593,5.84208849590981,5.62872734508186,5.43559807246917,5.24533763683747,5.08912016287806,4.92148092173604,4.79096032306706,4.66465831474867,4.57874728064136,4.49760807634884,4.4267802013236,4.3500994032375,4.29424292888425,4.2517527335573,4.23732791774781,4.19075803194288,4.11768041546189,4.03248019749503,3.95658839931839,3.86391913623088,3.78377258847865,3.72045510020159,3.62595182838665,3.54268855644135,3.46021683732276
"Myanmar","MMR","Lower","Infant Mortality Rate","Total",,,,,,,,,,,,,,,,,,,,,,,,,,,,,,,,,,,,,,,,,,,,,,,,,,,,,,,,,,,9.33182944131196,9.5215226658183,9.6651076292729,9.62474583519756,9.49819613190702,9.36962909580211,9.24553464880769,9.0721795428369,8.88908920060065,8.69901945978116,8.45720284908822,8.19096427187564,7.94254956858691,7.67011474283512,7.37670070660146,7.06162813063104,6.69469803017192,6.29141968642794,5.85098404262564,10.4037992984977,5.00144202721226,4.60484337880238,4.22235406674328,3.84446223004456,3.45660800826272,3.081267563384,2.76251822010254,2.52449578172808,2.3427335438146,2.19223668271823,2.07480173078753,1.96340511721918
"Myanmar","MMR","Median","Infant Mortality Rate","Total",,,,,,,,,,,,,,,,,,,,,,,,,,,,,,,,,,,,,,,,,,,,,,,,,,,,,,,,,,,14.7380363419583,14.5291593169828,14.4617213783722,14.3128623325904,14.0905374865549,13.8688868149988,13.6193510690285,13.3375293122553,13.005803032652,12.6788627134502,12.2874948677237,11.8766694091604,11.420821171457,10.9454485106991,10.4366664641385,9.87010099838963,9.27313246804369,8.62562198429668,7.96382002699891,14.1148469842138,6.74695304571858,6.17814136108219,5.66415872730603,5.17143693691695,4.71175066991069,4.31410374800901,4.00371536720569,3.78887957852588,3.62671327283513,3.48376368765712,3.37530158228503,3.26688692921016
"Myanmar","MMR","Upper","Infant Mortality Rate","Total",,,,,,,,,,,,,,,,,,,,,,,,,,,,,,,,,,,,,,,,,,,,,,,,,,,,,,,,,,,23.6615850836562,23.2665035688287,22.9476344067355,22.4993149475236,21.9063192774195,21.4689081839923,20.9169939307563,20.3865681857306,19.7970584760376,19.1277405319252,18.4442482494104,17.6724196015173,16.8074968160549,15.9563989659555,14.9779295101954,14.0041213355624,13.0300653011144,12.0079932907821,11.0315900325765,19.4292696968594,9.27558794956889,8.4782980418497,7.77790222248046,7.17718395893895,6.69733418895703,6.30960006985645,6.00996772344343,5.78836066522789,5.62197053518984,5.48848204667499,5.38068253060736,5.27183230961534
"Nepal","NPL","Lower","Infant Mortality Rate","Total",,,,,,,,,,,,,,,,,,,,,,,,,,,,,,,,,,,,,,,,,,,,,,,,,,,,,,8.59210128812808,8.57274304583978,8.55687211887257,8.48219342144442,8.39242174286552,8.228012993315,8.05463537203731,7.86643204870023,7.65726388084058,7.40631781676827,7.15550492154894,6.90026721484809,6.61692859491769,6.39005066313808,6.15329996742192,5.92287848519195,5.70445714381687,5.50307861180169,5.90650387376171,5.1585192213584,5.32344094069905,4.87646447274575,4.7781267638143,4.66129804355967,4.56698277993627,4.4593204306368,4.33402730334546,4.1916975578632,4.03140078815321,3.85534748675801,3.66875175309981,4.29011408523712,3.31196268465936,3.15948081060289,3.00775440764219,2.86041769391582,2.74625383565634
"Nepal","NPL","Median","Infant Mortality Rate","Total",,,,,,,,,,,,,,,,,,,,,,,,,,,,,,,,,,,,,,,,,,,,,,,,,,,,,,12.702418880924,12.3053877264489,11.9127004395685,11.5502338898555,11.1876902843725,10.7996707727993,10.4189767129654,10.0356980102951,9.65400758464095,9.26358247973059,8.88344777338433,8.51424228178918,8.16588571033262,7.84925484891181,7.55086635920162,7.28244907525266,7.03958383664206,6.81382215530465,7.31809323093044,6.42579138260875,6.64892865865398,6.08506960268889,5.94382115332728,5.81645352107979,5.70097853032943,5.60739840592835,5.51948149602917,5.42709781694835,5.34501650041478,5.25049370975664,5.14897977969338,6.20943322936531,4.92048468770898,4.78448705206253,4.66711728201978,4.54591708317347,4.44583231576896
"Nepal","NPL","Upper","Infant Mortality Rate","Total",,,,,,,,,,,,,,,,,,,,,,,,,,,,,,,,,,,,,,,,,,,,,,,,,,,,,,18.3591380188864,17.4976509925712,16.6644751502885,15.8946702960064,15.1146466020784,14.3955959581365,13.703560161793,13.0253915245205,12.3646925564522,11.7445045282491,11.1474187433754,10.6211865004036,10.1293416669266,9.66411664446745,9.26236029514169,8.90998541569933,8.61395310742775,8.33216689931903,8.98774299311625,7.89752574712032,8.1891679059267,7.53752201557194,7.40370057357759,7.30806363570113,7.21872223758498,7.16472800356997,7.15039275023092,7.15838388848881,7.18104962613822,7.2068662403571,7.25246381950754,9.02578527484161,7.32370393944444,7.23207876887901,7.1150927158667,6.98884542973454,6.89425621655251
"Nicaragua","NIC","Lower","Infant Mortality Rate","Total",,,,,,,,,,,,,,,,,,,,,,,,,,,,,,,,,,,,,,,,,,,,,,,,,,,,,,,,,,,,6.95622279535679,6.36111086373013,6.19482061790837,6.0282513417168,5.86137756832948,5.69534820780713,5.52771185745028,5.36363585602528,6.45470105068688,5.05277602777529,4.90873050263641,4.77373487766533,4.64707740451983,4.52777335137809,4.41310757208622,4.30255916833837,4.19886477510272,4.0993464518241,4.0067573344182,3.91556318628766,3.82859017192001,3.74518340086574,3.66499328376403,3.58921596352554,3.51427210940522,3.43980401923415,3.36837733625251,3.30139660036982,3.23907351989395,3.17809549045952,3.11946655077012
"Nicaragua","NIC","Median","Infant Mortality Rate","Total",,,,,,,,,,,,,,,,,,,,,,,,,,,,,,,,,,,,,,,,,,,,,,,,,,,,,,,,,,,,8.90407242377955,8.14231997631681,7.92946589792914,7.71625465636621,7.50265365369823,7.29013351251593,7.07555639957012,6.86553658814782,8.26211685852338,6.46763121538875,6.28325072242724,6.11045424120496,5.94833072287067,5.7956196955106,5.64884573018771,5.50734206903972,5.37461164701725,5.24722665892321,5.12871116117547,5.01198124560674,4.90065444633274,4.79389249348147,4.69124790728138,4.59425176909935,4.49832248039831,4.40300217688728,4.31157492146881,4.22583854688121,4.14606404302251,4.06801122523382,3.99296527853523
"Nicaragua","NIC","Upper","Infant Mortality Rate","Total",,,,,,,,,,,,,,,,,,,,,,,,,,,,,,,,,,,,,,,,,,,,,,,,,,,,,,,,,,,,11.4050543808902,10.4293403845747,10.1566997069537,9.88360154592028,9.61000414741586,9.33779120351106,9.06294352420585,8.79393320439548,10.5827858970548,8.28426389817489,8.04809448614435,7.82676281099946,7.61910192786404,7.4234973226104,7.23549738544278,7.05424807909417,6.88423624528181,6.72107127453858,6.56926706266117,6.41974996850742,6.27715362165162,6.14040429840635,6.00892883057552,5.88468835070835,5.76181437773464,5.63972044212795,5.52261303662679,5.41279497045962,5.3106133493525,5.2106370026772,5.11451209910196
"Niger","NER","Lower","Infant Mortality Rate","Total",,,,,,,,,,,,,,,,,,,,,,,,,,,,,,,,,,,,,,,,,,,,,,,,,,21.2826376275055,20.8595041533956,20.3083713066811,19.7092393710781,19.0618494047739,18.4920176665773,17.8362793254982,17.199171484506,16.5666328211083,16.0377632967668,15.6059976388259,15.2078766799622,14.8197402687581,14.5409789093507,14.2579302919218,14.1040946666412,13.8966649705639,13.7665602502096,13.6687302624399,13.600465494781,13.5204547097185,13.3312697574302,13.1168898633911,12.7975851387738,12.4249685552446,11.9900358026799,11.5323795727893,11.0657390733724,10.5828092085351,10.0723561932963,9.58251546153071,9.0845377306816,8.6249889183475,8.21747797577188,7.85689182009238,7.48813396846507,7.1568891365579,6.7873151705476,6.46968511389577,6.15238415169298,5.85020721949801
"Niger","NER","Median","Infant Mortality Rate","Total",,,,,,,,,,,,,,,,,,,,,,,,,,,,,,,,,,,,,,,,,,,,,,,,,,31.0976304318702,29.6578230969412,28.3191977081763,26.9728677930561,25.7318540113606,24.6340798428106,23.5583427186984,22.6071768085156,21.6755292048962,20.8446542226346,20.1241625658778,19.494634962745,18.956506765251,18.541882551283,18.1621622904467,17.8372692562694,17.5733615221369,17.3353807585484,17.1316796142027,16.9590255872378,16.7713612471336,16.5705468067176,16.3262257344456,16.0365278130181,15.7019287342114,15.382528870116,15.0492176007652,14.69775360824,14.3727799832415,14.0358505914139,13.7030358532736,13.3583113602028,13.0448944435592,12.6746974652063,12.3092754223282,11.9406515928266,11.6307794890288,11.2712442037543,10.9447754923805,10.6150062875405,10.2872481284871
"Niger","NER","Upper","Infant Mortality Rate","Total",,,,,,,,,,,,,,,,,,,,,,,,,,,,,,,,,,,,,,,,,,,,,,,,,,43.4666653457057,41.1680663972136,38.9657397389007,36.7145190854379,34.8094155977551,32.9860825566885,31.3257825128235,29.7318572636689,28.2745342774961,26.9906395409765,25.8926946796775,24.867290564491,24.022274561107,23.3406288017435,22.8061497198324,22.2706465264388,21.8452897001456,21.4888726657205,21.1968351777749,21.026364952287,20.8304092273431,20.6386713385926,20.4161297156187,20.1536647600746,19.9398528267086,19.788192205222,19.6008407058406,19.4745343757905,19.3355237619636,19.2583590208741,19.3116212079645,19.2618440963241,19.1632979333306,18.9381766893197,18.6976851223582,18.3473817743242,18.0092026775458,17.6327733997048,17.2569006938978,16.8893580696912,16.5341858081785
"Nigeria","NGA","Lower","Infant Mortality Rate","Total",,,,,,,,,,,,,,,,,,,,,,,,,,,,,,,,,,26.4172216077248,26.1228640459865,25.7956924925377,25.0100977557863,24.170446961434,23.3322604309564,22.5893245498445,21.8085360437158,21.016596809474,20.2988994554058,19.6216086890768,19.0262381909923,18.3553979219589,17.7691936552173,17.1617549414558,16.6745087747755,16.0777432460355,15.5223806236756,15.0614519742244,14.5654932777113,14.1416691522202,13.8045897977219,13.4435482427517,13.1751144725405,12.8771137394407,12.6569132844669,12.4063621662027,12.1866285344876,11.9985261858079,11.7733383200932,11.5360407838283,11.3566326931893,11.1436833841256,10.9852232912281,10.7315017503138,10.5744586520543,10.3837891266601,10.2269376903997,10.0734464637796,9.93406103619694,9.76196347561023,9.59254287074078,9.37929050466647,9.17070140692922,8.92377146401602,8.68518717909278,8.44636530054935,8.21253149439934,7.97282045265744,7.76376792116642,7.52233911156665,7.28907360797359,7.00946404372214,6.73431702297172,6.45510278847107,6.18432753455611,5.9226545929802
"Nigeria","NGA","Median","Infant Mortality Rate","Total",,,,,,,,,,,,,,,,,,,,,,,,,,,,,,,,,,41.7787823488125,40.5602286824628,39.3732837455037,38.1576742672442,36.9487733896445,35.7744126549642,34.6065827943353,33.5401339333571,32.4666180449644,31.4642406304305,30.4317741187317,29.4918501210672,28.5310397583663,27.5490488429358,26.6117065128906,25.7592303404011,24.9163210015284,24.122664287074,23.322404502645,22.5453435420447,21.8221837234272,21.123255169365,20.4294830618019,19.7542438289182,19.1267293249914,18.5138771557402,17.9310407127182,17.3479821643132,16.7893954005364,16.2695443569515,15.7317215316478,15.2174152673351,14.7217899020655,14.2629003764667,13.8143150208788,13.4153369463149,13.0368836064856,12.7324710948427,12.4322250052318,12.1485573684489,11.8872080405134,11.6265128620475,11.3598166872411,11.1186713287354,10.8784985702739,10.6421655809733,10.4241058545458,10.2377123095409,10.070767906974,9.91122175144645,9.7639412991006,9.58364876711854,9.39864018240396,9.19906444477761,8.99106073205348,8.77081386277844,8.53982991754742
"Nigeria","NGA","Upper","Infant Mortality Rate","Total",,,,,,,,,,,,,,,,,,,,,,,,,,,,,,,,,,66.7452279158744,64.676792304974,62.3802262313154,60.3086998559513,58.2000901508859,56.1831546140974,54.2304442819285,52.4562350623192,50.6641121477007,49.0475052154038,47.3706748058127,45.6265440936113,44.0475651610105,42.6495969835598,41.0114009041965,39.4226143468,38.0537708963627,36.565771747195,35.1171914559551,33.6179229812522,32.2373864688892,30.8832385325222,29.4709181778542,28.2263652671696,26.9820169929109,25.819836658925,24.6843192727044,23.5767650809862,22.5643370946101,21.5485003989702,20.5605897912332,19.6130262228943,18.7649530440529,17.9726922813445,17.2373868752126,16.6004156040886,16.0250794971519,15.5290489749387,15.0938505574239,14.7341629734136,14.3747448332427,14.0618294303233,13.7135567779249,13.4234067246965,13.1611386824954,12.91045011571,12.72830406595,12.5725391621008,12.48132745731,12.4590236555394,12.4491228891506,12.4630585791499,12.5191218491152,12.5424583107071,12.5106221973574,12.3576527639727,12.179083988913
"Niue","NIU","Lower","Infant Mortality Rate","Total",,,,,,,,,,,,,,,,,,,,,,,,,,,,,,,,,,,,,,,,,,,,,,,,,,,,,,,,,,,,3.80785801817758,3.83717043804056,3.87342874085892,3.91890880013626,3.97322240557381,4.03704084402073,4.10508753304703,4.17591959184394,4.24233775312247,4.30502554253153,4.37229498124756,4.43893234281464,4.50390609911623,4.56546942009384,4.61201904427739,4.63359766405386,4.63119591373025,4.60779631947282,4.56728933368016,4.52021243285505,4.46708955799605,4.40419704955191,4.33605825401614,4.26217069158055,4.19778682266665,4.1324426611888,4.05628146969058,3.99237453039777,3.92274217973262,3.85401867166222,3.79324358902555
"Niue","NIU","Median","Infant Mortality Rate","Total",,,,,,,,,,,,,,,,,,,,,,,,,,,,,,,,,,,,,,,,,,,,,,,,,,,,,,,,,,,,4.83724084987615,4.87447733140804,4.92053738477739,4.97831212310559,5.04730839073752,5.12837894430256,5.21482077650469,5.30480095083305,5.38917401342532,5.46880826824006,5.55426273512199,5.6389142546801,5.72145244456312,5.79965825204474,5.85879169204491,5.88620368602378,5.88315266765043,5.85342743297197,5.80197014505676,5.7421668890872,5.67468324366132,5.59478892786885,5.50823008989392,5.41436841395825,5.33257957642894,5.24957084929346,5.15282091141979,5.07163793246889,4.98318178481253,4.89588016826118,4.81867568453796
"Niue","NIU","Upper","Infant Mortality Rate","Total",,,,,,,,,,,,,,,,,,,,,,,,,,,,,,,,,,,,,,,,,,,,,,,,,,,,,,,,,,,,6.21874059074477,6.26661168634358,6.32582633626269,6.40010134582117,6.48880271576507,6.59302674715312,6.70415607631759,6.81983428623604,6.92830401213804,7.03068154267651,7.1405415183014,7.24936922754348,7.35548004725287,7.45602117069732,7.53204292256209,7.56728368995825,7.5633613109843,7.52514664911377,7.45899333258909,7.38211046756365,7.29535371964771,7.19264185558969,7.08136210419666,6.96069384884787,6.8555463940077,6.74883065318684,6.62444925799077,6.52008069290424,6.40636176655688,6.29412710152062,6.19487327653703
"State of Palestine","PSE","Lower","Infant Mortality Rate","Total",,,,,,,,,,,,,,,,,,,,,,,,,,,,,,,,,,,,,,,,,,,,,,,,,,,,,,,,,,,,4.13905230435612,3.78864884476946,3.71895476209982,3.65379343575914,3.59147273293777,3.72942992763192,3.47733296455049,3.42337344682294,3.37260785676798,3.32367928540498,3.27789259693948,3.23491938239168,3.19341412344731,3.15298778389174,3.11155404245617,3.06971022396657,3.02694733747896,2.98517775027314,2.94506666783814,2.9054062353938,2.86871470315061,2.83392379971103,2.8002939922125,2.76793079312539,4.04879727616825,2.70167020844599,2.66893371537634,2.63643151384742,2.90258093134898,2.56987070472795,2.53847525586618
"State of Palestine","PSE","Median","Infant Mortality Rate","Total",,,,,,,,,,,,,,,,,,,,,,,,,,,,,,,,,,,,,,,,,,,,,,,,,,,,,,,,,,,,5.3317445509048,4.88037027513082,4.79059343295053,4.70665548747422,4.62637670787853,4.80408707899284,4.47934689443551,4.40983862455679,4.34444463138011,4.28141700462756,4.22243661279415,4.16708041392249,4.11361517068852,4.061539743806,4.00816662627129,3.95426526556943,3.8991800020246,3.8453742627872,3.79370493621729,3.7426161170813,3.69535170418754,3.65053559745706,3.60721516328677,3.56552631818545,5.21548200591932,3.48017235661982,3.43800265068106,3.39613474876742,3.73897668507177,3.3103940513249,3.26995181936379
"State of Palestine","PSE","Upper","Infant Mortality Rate","Total",,,,,,,,,,,,,,,,,,,,,,,,,,,,,,,,,,,,,,,,,,,,,,,,,,,,,,,,,,,,6.81319366267588,6.2364030220447,6.12168128202923,6.01442080232748,5.91183620414078,6.13892419808121,5.72395349828151,5.63513204419274,5.55156803702123,5.47102790178705,5.39565954382749,5.32492237708191,5.25660157647016,5.19005675891005,5.12185368153586,5.0529755862638,4.9825846354395,4.91382873048422,4.84780285002806,4.78251877359723,4.72212173181787,4.66485326903863,4.60949605814162,4.55622378064656,6.66462704866448,4.44715383844077,4.39326709077014,4.33976600472521,4.77786810909777,4.23020187034641,4.17852258303788
"Oman","OMN","Lower","Infant Mortality Rate","Total",,,,,,,,,,,,,,,,,,,,,,,,,,,,,,,,,,,,,,,,,,,,,,,,,,,,,,,,,,,,3.67493022690656,3.52544310020731,3.38162940983248,3.24673785377779,3.121252385334,3.00577765764551,2.89983529474656,2.80394407374904,2.71555328594113,2.63194716288593,2.55683685658071,2.48797387622284,2.42744039160776,2.37741640532176,2.33466445551123,2.30131350762692,2.27518772534499,2.25518256375339,2.24032052849898,2.22845955204993,2.21757247186663,2.20664855990025,2.19586938718262,2.18656443964424,2.17992918257712,2.17574885358095,2.17381773651631,2.17287089008498,2.17131929797219,2.1677478470729,2.16077959979486
"Oman","OMN","Median","Infant Mortality Rate","Total",,,,,,,,,,,,,,,,,,,,,,,,,,,,,,,,,,,,,,,,,,,,,,,,,,,,,,,,,,,,4.70050514397484,4.50930015105737,4.32535189907929,4.15281571091673,3.99231059830385,3.84460995693527,3.70910190888437,3.58645000810521,3.47339171118054,3.36645335120532,3.27038176362298,3.18230096387564,3.10487419976115,3.04088985438831,2.98620697673039,2.94354866965864,2.91013187901933,2.88454381090341,2.86553417837983,2.8503631200552,2.83643774644408,2.82246526228252,2.80867791022995,2.7967762002469,2.78828922007317,2.78294227285602,2.78047223257348,2.77926114658104,2.77727654653228,2.77270839903367,2.76379549997097
"Oman","OMN","Upper","Infant Mortality Rate","Total",,,,,,,,,,,,,,,,,,,,,,,,,,,,,,,,,,,,,,,,,,,,,,,,,,,,,,,,,,,,5.9773533973137,5.73420935662191,5.50029328266538,5.2808892529102,5.07678442783781,4.88896228884887,4.71664474710154,4.56067560477457,4.41690607904957,4.2809189138998,4.15875037821451,4.04674325313291,3.94828423280485,3.86691913852781,3.79738216866353,3.74313613150606,3.70064198227377,3.66810315480765,3.64392973342715,3.62463759902032,3.60692952792716,3.5891615491432,3.5716289918739,3.55649429370381,3.54570190475399,3.53890250934121,3.53576150572094,3.53422143954728,3.53169774145943,3.52588869942376,3.51455469470288
"Pakistan","PAK","Lower","Infant Mortality Rate","Total",,,,,,,,,,,,,,,,,,,,,,,,,,,,,,,18.2538523434283,18.1707007318426,17.9932257718346,17.6807413434661,17.0926791917064,16.3173359153261,15.2351191401394,13.7682873096021,12.2315749747285,10.3915420683219,8.84283097936831,7.49907061852408,6.47129211719601,5.72069865164309,5.12886858679319,4.81455994224332,4.53922005457054,4.51261184764173,4.52056185970052,4.66091541023986,4.90977837878588,5.18097704664019,5.64434688461121,6.08894595921859,6.62288356304605,7.18851216202368,7.8212531465814,8.32172433370868,8.71964660428366,8.86247631893884,8.70062043316541,8.38575051883434,7.99585487979208,7.67841788261411,7.37023622220292,7.07538001886606,6.77062042067974,6.4388554775655,6.13912143207057,5.86279718869568,5.58041337938705,5.31497341405261,5.08051220969237,5.13141841387908,6.97512548224641,5.83714838500369,5.90653562836616,5.85481911641072,5.7119980194427,5.51408007631065,5.27678680590613,5.05333951077446,4.81976862270061,4.57076384350428,4.36623588113105,4.15308378595818,3.94331207864258,3.75850003762876,3.6010932179463,3.43942988691434
"Pakistan","PAK","Median","Infant Mortality Rate","Total",,,,,,,,,,,,,,,,,,,,,,,,,,,,,,,22.9312372929189,22.6570495443555,22.305936585409,21.8864666904403,21.4590145894548,20.9432895057017,20.3931821170589,19.7985437975484,19.2039893595787,18.7188384969108,18.2173771784026,17.7537126751341,17.3087224581022,16.8391492009792,16.3886830225484,15.9339378122287,15.4935372550019,15.0503546429728,14.6349367111311,14.1965342150294,13.7663109615345,13.3685891307228,12.9920962585049,12.6017026655624,12.2396375013072,11.863490698248,11.5181343274749,11.1350380656739,10.7906186988881,10.4432987058287,10.0495674274568,9.6510739471437,9.23266089440744,8.81122259920776,8.40783026782134,8.02443405086519,7.65991533657623,7.29807479473918,6.95114016012539,6.62824849630894,6.33855601690683,6.11376833030162,6.01174038525105,6.04606819374403,7.88439193590923,6.4506756321041,6.7584233539457,6.95898381560315,7.02155266033336,6.94498919701452,6.80714137233117,6.66398380346911,6.47761893261593,6.28702764913364,6.12580838877171,5.95922542771564,5.79191802001898,5.63176859902116,5.48821359635838,5.3255313972437
"Pakistan","PAK","Upper","Infant Mortality Rate","Total",,,,,,,,,,,,,,,,,,,,,,,,,,,,,,,24.9176723602229,24.9959175339083,25.0682137642176,25.1243755686144,25.2292337849928,25.2778612461894,25.3325328574727,25.3103823697029,25.2324289162714,25.1257182734396,24.9887690269226,24.7165560015176,24.3944737987444,23.9901532152829,23.5421171646842,23.092711138165,22.6037184118568,21.9838905247193,21.3261642286055,20.6186245235063,19.9050756200005,19.1338277830729,18.3413573343973,17.4909353984555,16.6029892658817,15.6350842979728,14.7541130682268,13.8663269322948,12.9778611318455,12.2245291919763,11.6043632400434,11.1385138482819,10.7361646695137,10.2505762463453,9.72125113650441,9.21268116602084,8.74886949469999,8.34306953491814,7.89637484600187,7.45373038650786,7.07773356555471,6.85045056939056,6.73941396723809,6.70873895078207,8.66123365625779,7.13819924443134,7.80996068763936,8.60222879741811,9.08476437957583,9.25621092601786,9.25362698433609,9.17469277985203,9.03119137378962,8.86127074269887,8.72318238252891,8.56211246219438,8.40446929205336,8.23590116988615,8.10439174709805,7.93667384308723
"Palau","PLW","Lower","Infant Mortality Rate","Total",,,,,,,,,,,,,,,,,,,,,,,,,,,,,,,,,,,,,,,,,,,,,,,,,,,,,,,,,3.88146613800421,4.07766491473267,4.28328992395779,4.44902102101688,4.60470168778576,4.73532640654739,4.87208864943243,4.9955923930267,5.12456987265225,5.23034077430769,5.33361900912323,5.44070755332461,5.54825594943948,5.61992521175505,5.70359180060082,5.76702917662051,5.8248475367161,5.83286635596191,5.81789085351562,5.7626975478933,5.7014105798555,5.63777301506129,5.53807954681673,5.39319585947582,5.24220308512198,5.05449934237719,4.85432532587994,4.61626634736565,4.36928220004699,4.13517194686311,3.93992129856866,3.8193998778783,3.70050371509518,3.58145780618369
"Palau","PLW","Median","Infant Mortality Rate","Total",,,,,,,,,,,,,,,,,,,,,,,,,,,,,,,,,,,,,,,,,,,,,,,,,,,,,,,,,6.21049805353051,6.23249816576707,6.26453665670898,6.29484606679219,6.33689915809603,6.40875791073877,6.4918233811072,6.58814346859115,6.69396326531352,6.80946053201439,6.93053302302703,7.04339335111984,7.193247721746,7.32148531827755,7.44744420333144,7.56325949777522,7.68755700787524,7.7885528823509,7.85652017971,7.9300053882497,7.98379607438251,8.01118829236637,8.05888510885041,8.08735090256807,8.09237663688111,8.07585396249676,8.05716312270963,8.02569977379403,8.02633863208736,8.00061823236273,7.98741696300203,7.99253203908314,7.9265725877808,7.82464459013886
"Palau","PLW","Upper","Infant Mortality Rate","Total",,,,,,,,,,,,,,,,,,,,,,,,,,,,,,,,,,,,,,,,,,,,,,,,,,,,,,,,,9.47111148262673,9.2314622488863,9.02181512648004,8.83297914519065,8.70770713572881,8.63619786084256,8.57963085766757,8.60711436208566,8.64603765485736,8.69522916811598,8.82873612169809,8.94191664142263,9.12901215140385,9.32234665578565,9.52725687787994,9.75901821580391,10.0167326358978,10.2687681372907,10.5457946750375,10.8279037944294,11.1483063370153,11.5441798028373,11.9469578053652,12.3329587313564,12.6667037477327,13.0864307797848,13.535279158538,14.0374866211993,14.567794472685,15.0313583715259,15.497776579119,15.8396320472363,16.0123880894963,16.084868141272
"Panama","PAN","Lower","Infant Mortality Rate","Total",,,,,,,,,,,,,,,,,,,,,,,,,,,,,,,,,,,,,,,,,,,,,,,,,,,,,,,,,,,4.20999612436594,4.31621005191394,4.43218389211736,4.56555022659377,4.67790866563536,4.72051308862798,4.67392770397785,4.55938073445297,4.41694296312839,4.26200134333408,4.12056602470356,4.0072853495039,3.92383676096569,3.87614340872963,3.88061237789715,3.94226399196524,4.0799303320945,4.29721453323047,4.60171685053046,4.93535381841878,5.19685077743715,5.30722511098733,5.27350051146486,5.12760440298052,4.89691976098897,4.62206130851814,4.33200145483992,4.06532060915246,3.84903380887245,3.67183472574033,3.50429177039563,3.32836969800293
"Panama","PAN","Median","Infant Mortality Rate","Total",,,,,,,,,,,,,,,,,,,,,,,,,,,,,,,,,,,,,,,,,,,,,,,,,,,,,,,,,,,4.52423205050374,4.5782120156764,4.65000368366197,4.75406033178914,4.85605667987218,4.90464682005133,4.86368201903904,4.74972270205975,4.59343083132597,4.42560302351975,4.27015403227634,4.14666034792821,4.05923813518546,4.01043349529652,4.01368662635633,4.0800221077015,4.2239786702414,4.44735035630636,4.75458001371203,5.09224071791153,5.35828407028417,5.47281805873715,5.44231316114637,5.29405065324953,5.05662852535283,4.77116573102517,4.47422814736064,4.20575566171804,3.99969779760334,3.84174127573037,3.70570452938057,3.57437756329178
"Panama","PAN","Upper","Infant Mortality Rate","Total",,,,,,,,,,,,,,,,,,,,,,,,,,,,,,,,,,,,,,,,,,,,,,,,,,,,,,,,,,,4.93191590509019,4.88646549203,4.88887015225523,4.95153605265835,5.03827808780631,5.07809224917155,5.03403416757591,4.91450836653774,4.75073564298734,4.57544118505594,4.4147629564073,4.28922005102632,4.20022333006734,4.14800255889094,4.14613958000215,4.2117159140692,4.36103316232751,4.59072599519028,4.90725811143125,5.25454670434478,5.53160852783561,5.65858802832091,5.63738457080287,5.4957316815696,5.25150944924648,4.94996094856189,4.63190190758468,4.35096778183926,4.14833602421194,4.01033499086224,3.90866714341892,3.81685628269049
"Papua New Guinea","PNG","Lower","Infant Mortality Rate","Total",,,,,,,,,,,,,,,,,,,,,,,,,,,,,,,,,,,,,,,,,,,,,,,,,,,,,,,,,,,,7.42385580579629,7.34336567263542,7.26529847134421,7.19156481939897,7.1199503723097,7.05178157243255,6.98557482988229,6.92109697612351,7.86469182757003,6.79539064485121,6.73275114637248,6.67309364293059,6.61060004322295,6.54289077072231,6.4754988222881,6.40462001490094,6.33062446679574,6.25385844203217,6.17735774828387,6.09712628488611,6.01742308415862,5.93438879561375,5.85740799472728,5.77757524430458,5.69662493251314,5.61023705806491,5.52960115757471,5.43935483300922,5.35034658585097,5.25725462077044,5.16874644538656
"Papua New Guinea","PNG","Median","Infant Mortality Rate","Total",,,,,,,,,,,,,,,,,,,,,,,,,,,,,,,,,,,,,,,,,,,,,,,,,,,,,,,,,,,,9.47433160165106,9.37161001974322,9.27198058571403,9.17788163134257,9.08648720815578,8.99949012310755,8.91499701742296,8.83271032120285,10.0369269377534,8.67228378571291,8.59234320019059,8.51620823947466,8.43645385009808,8.35004321431003,8.26403754778718,8.17358194866426,8.07914876217278,7.98117989082391,7.88354963516056,7.78115816784211,7.67944086982891,7.573472434482,7.47522946564771,7.37334683619443,7.27003797389537,7.15978968913675,7.05688207882926,6.9417096364852,6.82811722966601,6.70931317828161,6.59635896352042
"Papua New Guinea","PNG","Upper","Infant Mortality Rate","Total",,,,,,,,,,,,,,,,,,,,,,,,,,,,,,,,,,,,,,,,,,,,,,,,,,,,,,,,,,,,12.0943353750196,11.9632074692125,11.8360268047567,11.7159060025242,11.5992376345694,11.4881826316984,11.3803240512737,11.2752820342923,12.8125091693649,11.0704916168944,10.9684444971574,10.8712553985088,10.7694459650515,10.6591395863929,10.549350166008,10.4338802417602,10.313332779841,10.1882718851813,10.0636432459921,9.93293674369127,9.80309084349098,9.66781820895196,9.54240741869501,9.41235046678485,9.28047287579587,9.13973685488659,9.00837147693383,8.86134958639473,8.71634466975369,8.56468689569989,8.42049665487005
"Paraguay","PRY","Lower","Infant Mortality Rate","Total",,,,,,,,,,,,,,,,,,,,,,,,,,,,,,,,,,,,,,,,,,,,,,,,,,,,,,,,,,,,5.34976688280562,5.24915968101226,5.15099688273865,5.06087533521912,4.97539576620011,4.89747568770049,4.825966177007,4.76026471782742,4.7013021955409,4.64427219000916,4.58860208383526,4.53344365161436,4.47814245106489,4.42378688756614,4.3695017387393,4.30989845062494,4.2573596704881,4.19708225790277,4.134667876942,4.07410057870701,4.01373036880389,3.94922063161831,3.88381082474838,3.82005630248677,3.75666911640619,3.69577832975249,3.63623615123118,3.57200482352199,3.5073070676843,3.44285402508331,3.38997722733325
"Paraguay","PRY","Median","Infant Mortality Rate","Total",,,,,,,,,,,,,,,,,,,,,,,,,,,,,,,,,,,,,,,,,,,,,,,,,,,,,,,,,,,,6.84597527636889,6.71723052333755,6.59161381801901,6.4762873188084,6.36690105414337,6.26718849794665,6.17567939989485,6.0916027335619,6.01614973184265,5.94316972795943,5.87192995642392,5.80134496243452,5.73057727105492,5.66101968994955,5.5915522169019,5.51527924169382,5.44804655702799,5.37091092003248,5.29104065310168,5.21353405601875,5.13627966840154,5.05372802166026,4.97002457616943,4.88843936082808,4.80732421726156,4.72940365939021,4.65320888474158,4.57101351228923,4.48822126234561,4.40574216637765,4.33807692824289
"Paraguay","PRY","Upper","Infant Mortality Rate","Total",,,,,,,,,,,,,,,,,,,,,,,,,,,,,,,,,,,,,,,,,,,,,,,,,,,,,,,,,,,,8.80205286154043,8.63652230145508,8.47501355567813,8.32673520213336,8.1860943664541,8.05789127556179,7.94023558943272,7.83213597884265,7.73512404367145,7.64129170772468,7.54969683488543,7.45894382698737,7.36795592018576,7.27852388441377,7.18920770297302,7.09114150603453,7.00469865157453,6.90552330738555,6.80283197660951,6.70317967914986,6.60385165412181,6.49771280186329,6.39009305125647,6.28519676560473,6.18090486376154,6.08072032588396,5.98275467348883,5.87707389257849,5.77062569037053,5.66458011857478,5.57758111859201
"Peru","PER","Lower","Infant Mortality Rate","Total",,,,,,,,,,,,,,,,,,,,,,,,,,,,,,,,,,,,,,,,,,,,,,,,,8.16028003313604,8.25818232202761,8.30585791870078,8.32771730174379,8.3506505989735,8.33593161764503,8.31593629868776,8.25420958295242,8.19746803161427,8.08347964038513,7.93673946948949,7.73706179821712,7.51929680230173,7.24294559375401,6.91539320645244,6.56862166041993,6.20266795639572,5.82994283608485,5.46429641995064,5.10125568849848,4.76994186943865,4.46567089261864,4.18351538640316,3.92444268105177,3.69136511320894,3.46428765200815,3.22864177689304,3.00216645871626,2.78321504355614,2.55567372636216,2.33062169799054,2.13468348653953,1.982614132465,1.86121609095759,1.75115171274129,1.6614654965748,1.58027191492886,1.49476303275585,1.43072565093275,1.36727904617108,1.30250385669832,1.22908275087301
"Peru","PER","Median","Infant Mortality Rate","Total",,,,,,,,,,,,,,,,,,,,,,,,,,,,,,,,,,,,,,,,,,,,,,,,,11.9656324902291,11.6285191852508,11.3187970563809,11.0490345765189,10.8147730614401,10.5795501210719,10.3577496579092,10.1486344499574,9.92866793792046,9.6838797680225,9.4259377045156,9.12743390366522,8.79697166053229,8.43138978775321,8.0353215959076,7.62280235160892,7.19429464729749,6.77683757749292,6.36202815250107,5.97868821970809,5.61958737966312,5.30097516484274,5.00712913399873,4.75710677145815,4.52109877346902,4.30745511960788,4.09782002511215,3.90436583858157,3.72015757862476,3.530282958834,3.35454445255013,3.19908395469017,3.05627375568828,2.93010154642603,2.82047804439124,2.73022946228517,2.65566876192227,2.57749136747847,2.50486279885607,2.42415277824073,2.35465250866153,2.27446332799248
"Peru","PER","Upper","Infant Mortality Rate","Total",,,,,,,,,,,,,,,,,,,,,,,,,,,,,,,,,,,,,,,,,,,,,,,,,16.2174795515919,15.4687955421989,14.81146879906,14.2569957472198,13.7373366664122,13.2244195537486,12.7933785894458,12.3695672186079,11.984282188812,11.5923475691695,11.2172833356675,10.7965109760901,10.3567074607199,9.87690645145521,9.38692057147435,8.88887712898233,8.38440503241308,7.90496123375292,7.4172474272205,6.99381975307228,6.5986380207701,6.27156023726728,5.9863395839373,5.73562179007315,5.51574277936995,5.32063163102294,5.13654821446346,4.99223328385266,4.85250664735006,4.71309014674482,4.5969715739243,4.47904595739976,4.37111994820355,4.25804731639798,4.15797500442309,4.07651072995981,4.00903889486016,3.92145755357981,3.84625804615106,3.75844188878529,3.697597975598,3.62057613330125
"Philippines","PHL","Lower","Infant Mortality Rate","Total",,,,,,,,,,,,,,,,,,,,,,,,,,,,,,,,,,,,,,,,,,,,,,,,,,,4.20923295596375,4.43813015905466,4.65045514175909,4.83677950606527,5.00682994448954,5.13061566639346,5.18668576536782,5.17817128959969,5.11324094024276,5.0044128129057,4.85580813983828,4.69485573145284,4.53828539397224,4.39710844379503,4.27884939008533,4.19561586255377,4.13884114632786,4.09338076275443,4.05045050806173,4.00452328681026,3.96006548445214,3.92269983950433,3.89659009143298,3.89612472547274,3.91499565184971,3.95967682333036,4.01240749605827,4.04732543667385,4.04936566178395,4.00691203613027,3.9206256232799,3.81762329434876,3.73798107344783,3.70418492041666,3.70059927826953,3.72163629392377,3.75009310219844,3.76037654947634,3.72568092217743,3.64432226166975
"Philippines","PHL","Median","Infant Mortality Rate","Total",,,,,,,,,,,,,,,,,,,,,,,,,,,,,,,,,,,,,,,,,,,,,,,,,,,6.02669015027983,6.06412286419235,6.08707656292842,6.11253310931382,6.12346421977893,6.08812905826238,5.9973093026934,5.8421850217813,5.63814628116043,5.40560134519391,5.14710480757872,4.89613439571711,4.67303523943019,4.49444059911866,4.36130495764499,4.273182604159,4.21389728620187,4.16850874056969,4.12360399206775,4.0783551752245,4.03262953485848,3.99446461933852,3.97054773189582,3.96847079118622,3.98949234897978,4.03483519174484,4.08940662460166,4.12410741694467,4.12393979484014,4.08049862319382,3.99253328066819,3.88949925498703,3.81014857861586,3.77426769419314,3.77268734651007,3.79443130649415,3.82435130355982,3.84466711219965,3.84387529270907,3.81539987972378
"Philippines","PHL","Upper","Infant Mortality Rate","Total",,,,,,,,,,,,,,,,,,,,,,,,,,,,,,,,,,,,,,,,,,,,,,,,,,,8.43887567416282,8.19135885199771,7.9480371975108,7.711372438349,7.48338448758312,7.2304700820381,6.94403687399086,6.60705062380685,6.23643588809638,5.85118060166977,5.46172714683249,5.10685758337959,4.81132877202344,4.59116392108921,4.44452983997077,4.35340384987589,4.29322345194456,4.24688090438402,4.1986912896885,4.15425793851879,4.10687475097056,4.0686124046691,4.04730069220508,4.04337461703225,4.06451067401728,4.11079746595379,4.16378063912704,4.2012680223425,4.20029818602933,4.15831322921793,4.06767863471649,3.96157174251136,3.88328283571817,3.8458747174525,3.84471040738087,3.86536702792096,3.89721923347864,3.92970877839897,3.96286092787679,3.99248277303306
"Qatar","QAT","Lower","Infant Mortality Rate","Total",,,,,,,,,,,,,,,,,,,,,,,,,,,,,,,,,,,,,,,,,,,,,,,,,,,,,,,,,,,3.03399662737581,3.0717510773367,3.09450292543841,3.10681053650518,3.09963829698592,3.07481752030788,3.02251463920061,2.93051653871512,2.84870205659858,2.80644043452481,2.82691778352138,2.95212072966023,3.16902078775235,3.39224592262238,3.60218447382084,3.74656159251247,3.8042410098191,3.77192356744417,3.65723773233178,3.48990963384617,3.29858734765854,3.10096873933189,2.90671597640437,2.71226378179307,2.51938336720037,2.32379141505438,2.1277633480707,1.94313574648971,1.77340375395995,1.6222649914433,1.47750284331376,1.34417833225833
"Qatar","QAT","Median","Infant Mortality Rate","Total",,,,,,,,,,,,,,,,,,,,,,,,,,,,,,,,,,,,,,,,,,,,,,,,,,,,,,,,,,,3.72586834839268,3.67006814576031,3.6129515302442,3.55195068376703,3.49312888991161,3.43819274457269,3.39175872176847,3.35593341689106,3.34206226470051,3.36354119091171,3.42050750621996,3.52638425859715,3.65934023281574,3.80950559932251,3.95561616481912,4.0687041500893,4.11460738816144,4.07938253766859,3.95684468650559,3.77285957046503,3.5622399531484,3.35138447344778,3.14155306034546,2.93831173544292,2.73746766162352,2.53753954345609,2.34264642128988,2.16528675845101,2.00513495808316,1.86826476594198,1.7461004873423,1.64034918539283
"Qatar","QAT","Upper","Infant Mortality Rate","Total",,,,,,,,,,,,,,,,,,,,,,,,,,,,,,,,,,,,,,,,,,,,,,,,,,,,,,,,,,,4.76574547603961,4.51656173762882,4.29114100970077,4.10492449807034,3.94819725023027,3.8357438469973,3.7589987115305,3.72107166707673,3.71705870314704,3.74390351389975,3.79883788249885,3.89581840840522,4.01863009823434,4.14831237224593,4.29067417420331,4.42166121125205,4.50303122027829,4.49840574143611,4.37402166822275,4.15989602581665,3.91222572883381,3.6602107544202,3.42045975249371,3.18952773087825,2.97215242897917,2.7654675377268,2.56517992503515,2.38854439066869,2.23833338278126,2.11380446922999,2.01637375365506,1.93201218438492
"Korea Rep","KOR","Lower","Infant Mortality Rate","Total",,,,,,,,,,,,,,,,,,,,,,,,,,,,,,,,,,,,,,,,,,,,,,,,,,,,,,,,,,3.61325919248848,3.68737306164847,3.7395716928167,3.75988249725366,3.75667835046798,3.74431960488309,3.74382275706292,3.74264679940574,3.64350362451655,3.38064474516132,3.00982825227962,2.63624566654833,2.31988785009034,2.06629885436388,1.8773401421924,1.73928964130789,1.63704549231553,1.5662689668644,1.52637211253018,1.52289741506836,1.53029437496904,1.51263581683178,1.45280568118356,1.36719234770835,1.27873052162402,1.19764150378766,1.130168236722,1.08121139821018,1.05230793161575,1.04383764477625,1.04993359020149,1.0589265633809,1.06157389198676
"Korea Rep","KOR","Median","Infant Mortality Rate","Total",,,,,,,,,,,,,,,,,,,,,,,,,,,,,,,,,,,,,,,,,,,,,,,,,,,,,,,,,,3.80895835724384,3.81213392231778,3.82404474177784,3.83292617608401,3.8252920093149,3.81338801356523,3.81547011736177,3.81239820857823,3.71221820854847,3.44159059906089,3.06374254818857,2.68664046979233,2.36563776253445,2.10933966529903,1.91750391187471,1.77639376613644,1.67273425309595,1.59932923942762,1.55961706355697,1.5556788091261,1.56379273966819,1.54651484405821,1.48427422048714,1.39778202230027,1.30850942552737,1.22679637051835,1.15954067379052,1.11033110162524,1.08157195493694,1.07441298446481,1.08371159479045,1.10139993015434,1.1188412364573
"Korea Rep","KOR","Upper","Infant Mortality Rate","Total",,,,,,,,,,,,,,,,,,,,,,,,,,,,,,,,,,,,,,,,,,,,,,,,,,,,,,,,,,3.99697754699874,3.93783303613103,3.91259633057956,3.90640212103424,3.89656379181249,3.88604673221283,3.89135549166083,3.88899334617185,3.78728064024376,3.50594597217716,3.11755766691493,2.73538530854072,2.40978523836672,2.15110137690815,1.956491923462,1.8129549958873,1.70796413394821,1.63226749788998,1.59189904498305,1.58725754803741,1.59605355301296,1.57924343742946,1.51587816452074,1.42926299776998,1.33934996249606,1.25742612381727,1.1908966407655,1.14130558935474,1.11289920332661,1.10587935172979,1.11748008373138,1.14292672647885,1.17410980220666
"Moldova","MDA","Lower","Infant Mortality Rate","Total",,,,,,,,,,,,,,,,,,,,,,,,,,,,,,,,,,,,,,,,,,,,,,,,,,,,,,,,,,4.51479511628552,4.49108400229469,4.46050188995407,4.43574487414083,4.97802365470354,4.37657856326013,4.30216922882512,4.17982060518321,4.02979642941601,3.878089780901,3.72853921629576,3.57719785010685,3.42275510114534,3.2690671470677,3.1299294341157,3.01284754273409,2.92790746211705,2.88040241152235,2.85086311149383,2.82322815448521,2.79155098969618,2.75197643172716,2.70587685956136,2.6623720974586,2.6382847783581,2.62966557254433,2.640688214367,2.66667758607589,2.69686252417982,2.72125237422935,2.73902674506852,2.73941810758806,2.72170185449653
"Moldova","MDA","Median","Infant Mortality Rate","Total",,,,,,,,,,,,,,,,,,,,,,,,,,,,,,,,,,,,,,,,,,,,,,,,,,,,,,,,,,4.85170577351785,4.75663628466035,4.67187567281205,4.60943449042758,5.15431430689331,4.51718521674367,4.43238141975482,4.30159685035705,4.14395352984911,3.98677479719107,3.83277477480502,3.67797819792481,3.52137058662586,3.36889148936309,3.23021144075024,3.11259319106627,3.0280764508094,2.97741591956738,2.9469157904679,2.919217152002,2.88766099984675,2.85003469004281,2.80533826011544,2.76385574233249,2.74151135826133,2.73702121058463,2.75273181960781,2.78435992359931,2.82310995329143,2.85874563446461,2.89163060830101,2.91718476547356,2.92887904336935
"Moldova","MDA","Upper","Infant Mortality Rate","Total",,,,,,,,,,,,,,,,,,,,,,,,,,,,,,,,,,,,,,,,,,,,,,,,,,,,,,,,,,5.14539064716652,4.99796878069457,4.87261996352669,4.78513068743012,5.33193878842576,4.664582496272,4.57773682792836,4.44243973760499,4.28153981946519,4.11756243204881,3.95345517676019,3.79094224138623,3.62507766659762,3.46906801201453,3.32873382112511,3.20916642278577,3.12239853630252,3.07222434883106,3.04422056598028,3.01812123934885,2.98840560263552,2.95257315418536,2.90773221145001,2.86627117100579,2.84641824022976,2.84711355812346,2.86827070261186,2.907228770038,2.95515657547572,3.00462850808968,3.05381603046374,3.10385365270435,3.14620588101052
"Russian Federation","RUS","Lower","Infant Mortality Rate","Total",,,,,,,,,,,,,,,,,,,,,,,,,,,,,,,,,,,,,,,,5.44777671376563,5.48740160078203,5.52778054824876,5.55294564502772,5.570306047616,5.55799887892812,5.55376493575823,5.56796589168003,5.60202028446837,5.57637358896677,5.53401221487944,5.47410626859823,5.44655164461777,5.41845488331527,5.41291786641302,5.39641263543789,5.37694529021003,5.34792549368162,5.32930646554119,5.35991308543527,5.47706602315378,5.76666565539506,6.31936244039419,6.97133449548112,7.33228817469974,7.89987175302975,6.91519869513106,6.81896185851516,6.9039576477193,7.00460970670905,6.99776467819427,6.8307499696548,6.50147970868063,6.11850613779404,5.82833873280065,5.67185572233027,5.51344782923942,5.25372794137223,4.92532039989498,4.61377191959552,4.3634612275235,4.1657846125468,4.01529386939547,3.87149689417359,3.68949078476694,3.46030341425993,3.22035547611169,3.01271647921229,2.86313102310904,2.78718769597413,2.77391542433948
"Russian Federation","RUS","Median","Infant Mortality Rate","Total",,,,,,,,,,,,,,,,,,,,,,,,,,,,,,,,,,,,,,,,10.6404069675778,10.2413580760685,9.84906110571746,9.46016491716485,9.10448216003974,8.75145226319576,8.35661062263801,8.03482616106945,7.76460569205927,7.46469495688546,7.16318285239796,6.8605684654737,6.59438949709728,6.35925017085347,6.16283728158126,5.9786360344467,5.82228810984785,5.67219409010175,5.56092536039222,5.51802740050467,5.59525125690667,5.87025445217116,6.4298570400608,7.09784920312826,7.46833881670507,8.04617685000975,7.04339345624453,6.93897323969581,7.02540255401575,7.12771808843321,7.12005536376169,6.95519322573535,6.62189681058126,6.23452876151928,5.93730891700404,5.76706821199393,5.60631703669694,5.3432706521706,5.00985655480172,4.69271126299228,4.43540099307956,4.23725210656938,4.08554276079652,3.94165434697722,3.75596753251933,3.51943327193476,3.27447160847247,3.06373676861183,2.91498856113526,2.8479486121792,2.85763731920649
"Russian Federation","RUS","Upper","Infant Mortality Rate","Total",,,,,,,,,,,,,,,,,,,,,,,,,,,,,,,,,,,,,,,,15.3010712323911,14.6277362860109,13.8883389690291,13.1443831863759,12.5007021778001,11.7815754064306,11.0273956146039,10.4179340808863,9.85747328020111,9.2756415384564,8.72559246498436,8.19006281300388,7.69504674881269,7.261471647333,6.89755083422232,6.5514992938927,6.25986701089647,5.99366483805003,5.78704543600568,5.6790455233729,5.71601286128227,5.98037558270728,6.54699216757657,7.23292017265048,7.61998335049288,8.20606771390596,7.17721651850798,7.06407497212636,7.1483163134941,7.25007435767739,7.23742985249973,7.07373300640953,6.73640472340423,6.34006862927643,6.03776483837214,5.86455565605953,5.70660885479408,5.44382594497822,5.10769590422751,4.78152485415929,4.51057399876102,4.30792127424058,4.15286698154619,4.00643501334596,3.81843691043875,3.57843195023147,3.33124505565614,3.11735300352798,2.96924445115324,2.91029777831154,2.940136181866
"Saint Kitts & Nevis","KNA","Lower","Infant Mortality Rate","Total",,,,,,,,,,,,,,,,,,,,,,,,,,,,,,,,,,,,,,,,,,,,,,,,,,,,,,,,,,,,2.77966955828298,3.05710305779663,3.32459124172801,3.58053925512711,3.8202480715128,4.03637564913213,4.21056980049568,4.36091673696376,4.46043387916167,4.51599897561139,4.56319347406426,4.61786462562192,4.66175082918464,4.71580678914972,4.78191531948293,4.87341640712125,4.98951026911523,5.11349945448504,5.22528591689246,5.32344131093249,5.39978971407869,5.39545358112134,5.33097406701568,5.22427878234161,5.08084827743788,4.89448110146909,4.68402361377056,4.45796253743299,4.24289899112885,4.06178033120313,3.88459820684673
"Saint Kitts & Nevis","KNA","Median","Infant Mortality Rate","Total",,,,,,,,,,,,,,,,,,,,,,,,,,,,,,,,,,,,,,,,,,,,,,,,,,,,,,,,,,,,4.0493236655248,4.26134078867113,4.46463803584108,4.66318343717207,4.85854424324511,5.04307941691427,5.19299932520398,5.322250193163,5.40946574211865,5.46247777565363,5.51154588330387,5.55398943687266,5.61438813010476,5.6812165577293,5.77396614853448,5.88933743171068,6.02810128504864,6.17731320121885,6.32809250155214,6.46842903728879,6.58097745650167,6.66295426356171,6.70116216722702,6.71577305738155,6.72470270336821,6.68642216222274,6.57781997355436,6.41742079893985,6.24881932628751,6.08117612096789,5.92255854193461
"Saint Kitts & Nevis","KNA","Upper","Infant Mortality Rate","Total",,,,,,,,,,,,,,,,,,,,,,,,,,,,,,,,,,,,,,,,,,,,,,,,,,,,,,,,,,,,5.65636456738398,5.79528288362765,5.93414132149734,6.05636683437756,6.18401627027466,6.29760707540634,6.39379473379565,6.49224649332597,6.55139959986731,6.58984522668541,6.61495681625404,6.66949410969955,6.73411349752718,6.81965549539981,6.90775769584178,7.03959611448462,7.20675081746448,7.39287905085723,7.58387339147081,7.80320598139927,8.02858239092584,8.23939908126939,8.44004193337553,8.66331905035015,8.88663459680774,9.03690931739114,9.04453986388224,8.94992780505568,8.82744055531909,8.70638815499392,8.55425678636193
"Samoa","WSM","Lower","Infant Mortality Rate","Total",,,,,,,,,,,,,,,,,,,,,,,,,,,,,,,,,,,,,,,,,,,,,,,,,,,,,,,,,,,,2.37773613036377,2.54093524023324,2.68271294570999,2.82695817489335,2.98166369529445,3.09431723521141,3.19571677210148,3.2929978264053,3.36866657098275,3.41007359632433,3.44512109957584,3.4675371010949,3.45754047828583,3.43250952739704,3.38712575848864,3.32066579020608,3.25355811885199,3.14920937930059,3.02395979986227,4.73148299362359,2.78621248439314,2.67676490591191,2.58585006606161,2.50184509747626,2.42095831145828,2.33152790462042,2.23360184628391,2.13528175441557,2.0321689163987,1.94960570558314,1.8530230077456
"Samoa","WSM","Median","Infant Mortality Rate","Total",,,,,,,,,,,,,,,,,,,,,,,,,,,,,,,,,,,,,,,,,,,,,,,,,,,,,,,,,,,,8.76132853729841,8.39721430355442,8.0123362967459,7.7189924198695,7.35798448343912,7.01365708681743,6.70835788223182,6.4261583713015,6.17952466201786,5.90834611257165,5.68443481115463,5.44676332342232,5.26175999561581,5.09099027925329,4.91865844862562,4.75104381644098,4.57689743968254,4.39785784829592,4.25542451628651,6.66784236101404,3.98025482593367,3.88763791655438,3.81715011716111,3.77209004161961,3.7469556228459,3.73627158053405,3.71937367744685,3.67719047242749,3.61817829513723,3.53852006429883,3.43179948470939
"Samoa","WSM","Upper","Infant Mortality Rate","Total",,,,,,,,,,,,,,,,,,,,,,,,,,,,,,,,,,,,,,,,,,,,,,,,,,,,,,,,,,,,18.2998655313804,16.9381830002935,15.5174086828191,14.3161460303227,13.1239407507169,12.0295098031771,11.0565372015595,10.1742768139893,9.45686195207477,8.7920876701478,8.23930111282112,7.71679566299829,7.2936578943749,6.96581228317861,6.63992363463813,6.39399632729573,6.12802731954415,5.92286742275141,5.74065698890813,9.06867187672321,5.48798650730776,5.40462738094969,5.38006006016734,5.38018702711254,5.40229581203773,5.46569976278809,5.51790105542144,5.51899643768245,5.48361710596509,5.42204604531629,5.30651735458886
"Sao Tome & Principe","STP","Lower","Infant Mortality Rate","Total",,,,,,,,,,,,,,,,,,,,,,,,,,,,,,,,,,,,,,,,,,,,,,,,,,,,,,,,,,,,2.88826001058853,3.07250409467317,3.26586856214376,3.46731520129936,3.65109565724576,3.84899779369264,4.03186670084065,4.19992564686158,4.35989144702478,4.50464266791167,4.60409228367246,4.75429508674762,4.85594447910122,4.93950086889331,5.01466780469153,5.0573325806565,5.07000741365776,5.08706527609943,5.05827595975457,4.97369045744765,4.88034493138676,4.73625271514419,4.57204323605977,4.34090207604232,4.14426699653109,3.94985398407937,3.73998608931235,3.54091308433999,3.39594249150289,3.21890132818941,3.07726198352871
"Sao Tome & Principe","STP","Median","Infant Mortality Rate","Total",,,,,,,,,,,,,,,,,,,,,,,,,,,,,,,,,,,,,,,,,,,,,,,,,,,,,,,,,,,,10.1581847709375,9.83113563498643,9.52757199415597,9.27027804319295,8.9368221487927,8.6527262146905,8.40257753128422,8.20895830497415,8.00089757824413,7.82544333196751,7.66013541660275,7.53277304524233,7.4214065689576,7.31668645095869,7.24254174348927,7.17659166825011,7.12800823580938,7.1195766355139,7.12820776994173,7.16300462624049,7.22355529018621,7.30596455548261,7.35756044387435,7.33419701416584,7.21746255646538,7.0702384967518,6.85454290472495,6.63694181479761,6.45075805278793,6.2453277254803,6.04884649913647
"Sao Tome & Principe","STP","Upper","Infant Mortality Rate","Total",,,,,,,,,,,,,,,,,,,,,,,,,,,,,,,,,,,,,,,,,,,,,,,,,,,,,,,,,,,,21.0157696822658,20.0364991842927,19.0710827686526,18.1274640454601,17.189709733885,16.2292966019634,15.3935339557807,14.646559491384,13.9569864175251,13.273046753667,12.5770578425879,11.9577488020607,11.3545235673885,10.8533873404787,10.3955066249153,10.0353562894344,9.82736924972579,9.71586585509969,9.74140049908263,9.85860040699018,10.0968760041813,10.4350868646148,10.8347506195506,11.0786137763556,11.085005538736,11.0014763007137,10.8183520901714,10.6167204849313,10.4541802516151,10.2841676855069,10.07103208951
"Saudi Arabia","SAU","Lower","Infant Mortality Rate","Total",,,,,,,,,,,,,,,,,,,,,,,,,,,,,,,,,,,,,,,,,,,,,,,,,,,,,,,,,,,,3.15911365307359,3.39025044711227,3.59971107009688,3.80320587111274,4.00121800365045,4.16204404986998,4.3249961791621,4.46883135542201,4.5698232548045,4.66126596596929,4.75708142719564,4.80656849413736,4.85671338600864,4.90118438007338,4.90453132898043,4.90695511865041,4.88015560841275,4.82358215499798,4.73845708795641,4.63485819399212,4.5019389730786,4.32904935738716,4.17493571836555,4.0144564512035,3.84963508724301,3.67795760741225,3.48692205358107,3.28254910691272,3.10017055861714,2.94566393913434,2.79721318772994
"Saudi Arabia","SAU","Median","Infant Mortality Rate","Total",,,,,,,,,,,,,,,,,,,,,,,,,,,,,,,,,,,,,,,,,,,,,,,,,,,,,,,,,,,,7.52195793149563,7.39068824045605,7.25024138237861,7.13118913968062,6.98914181967086,6.85608321105428,6.73514621829403,6.61483574956657,6.49936434130442,6.38432855821883,6.30162965810012,6.20893405847068,6.14030448082041,6.08261350909045,6.01873500735867,5.95933385517179,5.90220265296469,5.82352202060675,5.74653711470276,5.65530318725526,5.56971625400253,5.46346668542265,5.34857456799939,5.24509276436082,5.12583092150554,5.01400020240905,4.89998145052331,4.79625606256746,4.70956806966742,4.60116119266373,4.48948447436498
"Saudi Arabia","SAU","Upper","Infant Mortality Rate","Total",,,,,,,,,,,,,,,,,,,,,,,,,,,,,,,,,,,,,,,,,,,,,,,,,,,,,,,,,,,,12.0424878490713,11.6136962992699,11.1188089363375,10.7200804383132,10.3122854452981,9.92091426135185,9.5277916778412,9.13423574137723,8.79388494944415,8.45819874879801,8.20060587835377,7.9616291291569,7.75641968501891,7.57290654593535,7.43801360726246,7.3101203079314,7.21762099378919,7.11390807059501,7.06157809025994,7.01712694260125,7.00283913946186,6.98245458371032,6.96247543468155,6.96506073656157,6.95956253457404,6.96618779018267,6.98994243303355,7.0186565046604,7.03375220579996,7.00160486000532,6.91353444149204
"Senegal","SEN","Lower","Infant Mortality Rate","Total",,,,,,,,,,,,,,,,,,,,,,,,,,,,,,,,,,,,,,,,,,,,,,,,,,8.10243114573931,8.36864677205402,8.57590123004758,8.81247395469652,8.99579498351221,9.16669017786196,9.28045904929219,9.38161115148343,9.48410782322936,9.54744323841068,9.60467379617368,9.65693572321226,9.67810772717377,9.66081490820754,9.65069206122172,9.63256257801372,9.64210811754486,9.60209065558386,9.54533281200705,9.4978506325302,9.42968227687011,9.33999527094257,9.22093056259748,9.09353412149997,8.9212942019812,8.73665574759824,8.48195373899295,8.21634035104605,7.91528701376666,7.59365554086083,7.2801516720171,6.95308129141485,6.64259501253978,6.31085853213358,5.9820383805204,5.68281143633848,5.41077498605809,5.15858098236168,4.92009763864278,4.69426592402256,4.52503607597633
"Senegal","SEN","Median","Infant Mortality Rate","Total",,,,,,,,,,,,,,,,,,,,,,,,,,,,,,,,,,,,,,,,,,,,,,,,,,13.3350349348023,13.177577726751,13.0479322938899,12.9371126632643,12.8280847593862,12.7466666794402,12.6679021124084,12.5928786462663,12.5070644282425,12.4210022824828,12.3304889310392,12.2278135242151,12.1173774175946,12.0231616725855,11.9307550851801,11.8342353032702,11.7447525871348,11.664682092686,11.5755261330475,11.4780084420986,11.3901858854945,11.2838735574665,11.1563646400576,11.0057587953215,10.8311400091819,10.633813340893,10.3886219293484,10.1232070861684,9.83231837404457,9.53839309453852,9.24553758659889,8.96408310294522,8.69710815107215,8.42893795420722,8.18919932657495,7.9525484846791,7.72760440716639,7.5164262367995,7.31320133419811,7.09980058867519,6.91580912452166
"Senegal","SEN","Upper","Infant Mortality Rate","Total",,,,,,,,,,,,,,,,,,,,,,,,,,,,,,,,,,,,,,,,,,,,,,,,,,20.4978115400184,19.7525930764373,19.1178466523719,18.5313923796604,17.9713092261866,17.4972910478296,17.0458008919424,16.6212706203402,16.334352657814,15.9998217608942,15.7003905070966,15.378675865773,15.1137205413386,14.8515292462139,14.6126915234724,14.3884627613089,14.1855991696249,13.9995411522477,13.8541651600921,13.7132599414622,13.5696235580161,13.4087755801054,13.2628554090683,13.0952838731474,12.9173528742139,12.7017735223414,12.4672931016806,12.218534784789,11.9478863723486,11.6639112691266,11.404501248574,11.1284595094345,10.9026096538404,10.68065892491,10.4791786710302,10.3071699115095,10.1502510582045,9.98102172653956,9.78297818747877,9.57064272488807,9.39122008944968
"Seychelles","SYC","Lower","Infant Mortality Rate","Total",,,,,,,,,,,,,,,,,,,,,,,,,,,,2.74305235315554,2.75868477517164,2.72692254517662,2.68660513990608,2.6025718130254,2.5095474789502,2.43638088005078,2.33169913301711,2.2445716355349,2.15478309788481,2.06049787957258,1.98071364769746,1.91249571919991,1.84946049876707,1.80180504678251,1.76017010303555,1.72331228537604,1.68544683072393,1.65494806093001,1.65190984855867,1.64436389400273,1.6493750933831,1.65312743943375,1.67738545739544,1.68961763560865,1.73968024908555,1.78353683392522,1.83266116876189,1.88423538577077,1.94976909110656,2.01321089486824,2.08150821968244,2.17487438453369,2.26276223867453,2.35985199052559,2.46840895471606,2.58118500476579,2.69062048397365,2.79746135605453,2.89255387910899,2.96961363894846,3.02164174636446,3.055537946871,3.075295047988,3.07164942389534,3.06044089602749,3.04163143469294,3.02783305783062,3.01336853054674,3.0109009963924,3.02681945784503,3.06911030284898,3.14347023407963,3.23829109546734,3.36341836762549,3.50579976026879,3.67225450180838,3.83255589702658,3.98303307309145,4.07399216658913,4.07022953526663,3.99256397919015,3.88315963677381
"Seychelles","SYC","Median","Infant Mortality Rate","Total",,,,,,,,,,,,,,,,,,,,,,,,,,,,4.50539328256817,4.40212546320127,4.28519443323216,4.18725774930883,4.09498807668965,4.01034779530866,3.93180514598287,3.85622357186929,3.79934148705051,3.71929083450864,3.62781906346794,3.55986901678942,3.47989998737619,3.4098646525203,3.34001899442754,3.27285918070061,3.21184007976762,3.15884134806495,3.09880597493592,3.05801949623596,3.01776972022596,2.97832228300167,2.93603765877163,2.90970571504494,2.8915155949599,2.87734596672344,2.86283375109363,2.85701634424052,2.85547070716384,2.86378777305157,2.88246080759396,2.9068803603038,2.94316250573648,2.98756559542653,3.04083863319994,3.11339700490222,3.20060509691586,3.29080572043653,3.38995799677751,3.4761559593721,3.54877374106498,3.59896053198308,3.63451654998351,3.64419083739022,3.6425633107761,3.63294889957435,3.61977789468533,3.60912805998236,3.60290701272187,3.60921275257844,3.64600570057744,3.70838253397418,3.82035544771103,3.97707990801106,4.18004006223181,4.42703141660883,4.71981595006724,5.04352914170652,5.39237544996853,5.6668582048413,5.7923376452851,5.80380640342983,5.74018386952364
"Seychelles","SYC","Upper","Infant Mortality Rate","Total",,,,,,,,,,,,,,,,,,,,,,,,,,,,7.44471520505934,7.14510681511733,6.84171020687196,6.6640017593705,6.46240755144773,6.32825784181803,6.21504842021664,6.14503389407495,6.0709440677231,5.99634533413903,5.89855017190017,5.84396284854023,5.7727797063418,5.71528995140371,5.64529106589224,5.54710394969747,5.45390811508656,5.32534209700058,5.19168368610073,5.05866576911657,4.94133318882652,4.84021311925136,4.73394365492124,4.61429678224044,4.50335284151117,4.40452139667092,4.30110865938461,4.21234173306493,4.10951776953704,4.03893942550447,3.97403432632646,3.92734764535146,3.91505485458155,3.89775448559743,3.91887057289279,3.93757139662135,3.97668299060179,4.02874400910222,4.0979172389484,4.17035908310331,4.22002210924853,4.25302305348228,4.27744974579425,4.27662970004232,4.26917428411301,4.25872975511228,4.25310437777601,4.25066476486645,4.26156741944172,4.29131833822877,4.35240990131158,4.46466338272743,4.63282237489247,4.8514258413421,5.14525024543036,5.51113988669685,5.93963852393074,6.44334215446558,6.97917607274164,7.42906456606035,7.67256219857216,7.77163536934052,7.74528347332754
"Sierra Leone","SLE","Lower","Infant Mortality Rate","Total",,,,,,,,,,,,,,,,,,,,,,,,,,,,,,,,,,,,,,,,,,,,,,,,,,,,,,,,,,,,13.7707965520259,14.4562241335501,15.0495781325563,15.5907517074698,16.0923735437397,17.9121772665324,16.6203575639853,16.5459646583871,16.4613487539695,16.547519890234,16.7939771066103,17.2377511652152,17.8943707333598,18.569325132552,19.1073795349253,19.4870487963512,19.6002348062448,19.5277742866913,19.283101835929,18.954401446962,18.540968948609,18.14189887179,17.7832192903743,17.5274811400948,17.145231117921,16.5517992581027,15.6206180879258,14.5765300602601,13.4530960417507,12.5281901311326,11.8056753451839
"Sierra Leone","SLE","Median","Infant Mortality Rate","Total",,,,,,,,,,,,,,,,,,,,,,,,,,,,,,,,,,,,,,,,,,,,,,,,,,,,,,,,,,,,27.4077392813029,26.9376119715829,26.3838924160589,25.8551186676525,25.19842730835,26.9686397238765,23.9631575424323,23.121349104046,22.296560090343,21.9486709401155,21.9399147963831,22.138795191097,22.5275756958079,23.0438042908417,23.4486475496107,23.7499568789281,23.777166255991,23.6658293450696,23.3938107096114,23.0240440645837,22.6269495098405,22.3029149742863,22.0883226544,21.9874501386541,21.8021735641408,21.4465712298564,20.8149952651957,20.0262075683134,19.2131514983227,18.5230443194327,17.9695759582334
"Sierra Leone","SLE","Upper","Infant Mortality Rate","Total",,,,,,,,,,,,,,,,,,,,,,,,,,,,,,,,,,,,,,,,,,,,,,,,,,,,,,,,,,,,46.2136568399146,44.0880931307369,41.8820103801808,39.7315539500859,37.4596094987305,38.8099860213971,33.5100703928297,31.4880624669419,29.7474058883941,28.766251812904,28.2009787740443,28.0227011198538,28.041610544158,28.3124768861759,28.4713154708001,28.6163883090728,28.524150586024,28.3076612615085,27.993319631217,27.648158493244,27.3490138382561,27.1138934851611,27.0427865967626,27.1425186925339,27.2193715608881,27.1536868636455,26.8098973241507,26.348076044727,25.8338294148009,25.3607300083781,24.9904018607348
"Solomon Islands","SLB","Lower","Infant Mortality Rate","Total",,,,,,,,,,,,,,,,,,,,,,,,,,,,,,,,,,,,,,,,,,,,,,,,,,,,,,,,,,,,4.77636193260281,4.70833556521096,4.64052418177852,4.57118302714342,4.50729587951268,4.44866089263363,4.39716095579697,4.35254642013554,4.31305253462332,4.27545598843313,4.24327179846867,4.21529234281628,4.19335968613064,4.17378821355677,4.15387551264438,4.12907340632607,4.09937980671651,4.06066500973881,4.01218499826334,3.95772002072457,3.90118133108539,3.84102561419522,3.77867627988964,3.71864827075357,3.65689030525726,3.59541565962565,3.53324481715275,3.47449316653524,3.4155320190845,3.35545917070707,3.29314049808045
"Solomon Islands","SLB","Median","Infant Mortality Rate","Total",,,,,,,,,,,,,,,,,,,,,,,,,,,,,,,,,,,,,,,,,,,,,,,,,,,,,,,,,,,,6.10330212659742,6.0163770822591,5.92972674743299,5.84112164955371,5.75948575815792,5.68456115127896,5.61875381120506,5.56174473311973,5.51127889346277,5.46323750054633,5.4221120921655,5.38635955213736,5.35833369645886,5.33332499488511,5.30788026696461,5.27618778838517,5.23824489121771,5.18877458179415,5.12682614461311,5.05723003403188,4.98498410510542,4.90811628813438,4.82844543612844,4.75174080591296,4.67282561324821,4.59427245067186,4.51482967802787,4.43975599659109,4.36441461716873,4.28765269074309,4.20802101865966
"Solomon Islands","SLB","Upper","Infant Mortality Rate","Total",,,,,,,,,,,,,,,,,,,,,,,,,,,,,,,,,,,,,,,,,,,,,,,,,,,,,,,,,,,,7.81379828929974,7.70251184981838,7.59157710924885,7.47813976863037,7.37362480684369,7.27770201735798,7.19345167702959,7.12046537755141,7.05585610811,6.99435075477837,6.9416996424809,6.89592718515939,6.8600468733848,6.82802929576513,6.79545349214721,6.75487895892387,6.70630228045892,6.64296754605991,6.56365759508099,6.47455665291533,6.38206326095389,6.28365266218424,6.18165345680358,6.08345177910075,5.982420012255,5.88185173714318,5.78014453207501,5.68403088876941,5.58757452311147,5.48929949150618,5.38735044651494
"Sri Lanka","LKA","Lower","Infant Mortality Rate","Total",,,,,,,,,,,,,,,,,,,,,,,,,,,,,,,,,,,,,,,,,,,,,,,,,,,,,,,,,,8.18031569472685,7.82665139919137,7.41540624970974,6.98599955326239,6.59718169285588,6.2823096773947,6.06825613669549,5.93636782301991,5.89506697172009,5.88538093515362,5.84110072808084,5.71562987572391,5.48050875839007,5.14099519292344,4.73325962091737,4.31782213987906,9.59151972671106,3.8200702377347,3.95226556736235,4.313031647646,4.73026521116909,5.00890403515763,4.94967901447251,4.45434101537352,3.7344044611191,3.04643281735904,2.50698788729134,2.117566957665,1.85698675357796,1.67461679072937,1.54039169213678,1.4358942791366,1.34132627663078
"Sri Lanka","LKA","Median","Infant Mortality Rate","Total",,,,,,,,,,,,,,,,,,,,,,,,,,,,,,,,,,,,,,,,,,,,,,,,,,,,,,,,,,8.61968868233025,8.08410185757866,7.58209700161313,7.12079797849697,6.72278134897611,6.40635358126972,6.18513658529061,6.05400000174024,6.00864710173379,5.99634840259465,5.9512514642616,5.82064836853317,5.58418133524423,5.23901921968058,4.83033819499805,4.41557650000164,9.82378635971221,3.91890741853209,4.05461981609684,4.42037169567978,4.8439948260659,5.12006372161513,5.05590756336298,4.54959478043936,3.8179178361217,3.13123173118621,2.60557260450049,2.23772336931589,2.00805266787574,1.86705212819331,1.77276028723948,1.70014254847344,1.63585049418874
"Sri Lanka","LKA","Upper","Infant Mortality Rate","Total",,,,,,,,,,,,,,,,,,,,,,,,,,,,,,,,,,,,,,,,,,,,,,,,,,,,,,,,,,9.06130693716139,8.34213385647428,7.74831010778763,7.25851642941041,6.85230931602289,6.53127714193865,6.30014005541034,6.1665097722175,6.11877176403827,6.10589094967554,6.06329536026935,5.92704571284288,5.69061327569848,5.33885503735712,4.93079848745937,4.51636794739141,10.0662828416445,4.02282423153609,4.15839016560347,4.52911061728356,4.95621897262087,5.23098446068682,5.16286685626793,4.64353068134714,3.90436180459664,3.21932462631924,2.70659518614042,2.35927461236905,2.16054111071959,2.06354646031525,2.01416923002359,1.97692955158435,1.94755186906288
"Sudan","SDN","Lower","Infant Mortality Rate","Total",,,,,,,,,,,,,,,,,,,,,,,,,,,,,,,,,,,,,,,,,,,,,,,,,,,,,,,,,,,,14.7914715890215,14.614757240206,14.4298289278442,14.2403834724683,14.0423098047352,13.834577023558,13.6151284241737,13.3773884114051,13.1279802593575,12.8580834076032,12.5771590991165,12.2906328999257,11.9958028061877,11.7156806351229,11.4431597544881,11.1868590398486,10.9407952590977,10.7017092678321,11.5594670899442,10.2656951027724,10.0651255433912,9.87916286483582,9.69392475376344,9.51419690331422,9.33300576062005,9.14281376395434,8.95058416790637,8.76082801017993,8.58047104158192,8.40837525393652,8.22320777836881
"Sudan","SDN","Median","Infant Mortality Rate","Total",,,,,,,,,,,,,,,,,,,,,,,,,,,,,,,,,,,,,,,,,,,,,,,,,,,,,,,,,,,,18.9151557979275,18.6891756160735,18.4526915165221,18.2104309488646,17.9571367271173,17.6914905473809,17.4108623203645,17.1068432541171,16.7879031118289,16.4427622670132,16.0835196432844,15.7171133891626,15.340088214662,14.9818713546115,14.6333749332533,14.3056206649002,13.9909572643644,13.6852169770188,14.7821073536452,13.1276473117849,12.8711613738453,12.6333545392579,12.3964742728449,12.1666404613804,11.9349354094092,11.6917201737378,11.4458992805064,11.2032413904236,10.9726030702442,10.7525290488131,10.5157391102331
"Sudan","SDN","Upper","Infant Mortality Rate","Total",,,,,,,,,,,,,,,,,,,,,,,,,,,,,,,,,,,,,,,,,,,,,,,,,,,,,,,,,,,,24.2801146457382,23.9900390692166,23.6864803192733,23.3755067053256,23.0503699309406,22.7093777779757,22.3491541775158,21.9589053282948,21.5495032962622,21.1064691827409,20.6453335630847,20.1750024723956,19.6910405870694,19.2312216713291,18.7838802296512,18.3631640961835,17.9592518301971,17.5667935650959,18.9747980448272,16.8510788472532,16.5218450812339,16.2165884251954,15.9125211424691,15.6174989205302,15.3200747128759,15.0078756557399,14.6923318910605,14.3808482610103,14.0847933452866,13.8022991100828,13.4983477751269
"South Sudan","SSD","Lower","Infant Mortality Rate","Total",,,,,,,,,,,,,,,,,,,,,,,,,,,,,,,,,,,,,,,,,,,,,,,,,,,,,,,,,,,,23.0282459293692,22.7377541522058,22.404880836149,22.0305148619358,21.6235023980308,21.1621751801242,20.6922371640967,20.1731557535375,19.6131200025311,19.0231961622314,18.4039619138053,17.7640925654178,17.1207840819331,16.499821239096,15.8971469342226,15.3127382632406,14.7603270750883,14.2354581728543,13.7321629905732,13.2567407525279,12.8051140403575,12.3881773644397,12.0980347395686,11.963083628227,11.9241728984204,11.9224540353561,11.9224540353561,11.9224540353561,11.9224540353561,11.922454035356,11.9224540353561
"South Sudan","SSD","Median","Infant Mortality Rate","Total",,,,,,,,,,,,,,,,,,,,,,,,,,,,,,,,,,,,,,,,,,,,,,,,,,,,,,,,,,,,29.6476728891664,29.2736797846656,28.845122645826,28.3631458605185,27.8391384120711,27.2452035334306,26.6401826985784,25.9718922907763,25.2508752926513,24.4913789289088,23.6941469341048,22.870348317789,22.0421219933143,21.2426645228136,20.4667525968947,19.7143567277516,19.0031559590571,18.3274144557373,17.6794479985121,17.0673665121047,16.4859205317419,15.9491361747822,15.5755925857583,15.4018500255408,15.3517544779806,15.3495415308882,15.3495415308882,15.3495415308882,15.3495415308882,15.3495415308881,15.3495415308882
"South Sudan","SSD","Upper","Infant Mortality Rate","Total",,,,,,,,,,,,,,,,,,,,,,,,,,,,,,,,,,,,,,,,,,,,,,,,,,,,,,,,,,,,38.0142844184754,37.5347499775029,36.9852534613237,36.367262205542,35.6953791792706,34.9338351118121,34.1580766170002,33.301193794146,32.3767048691722,31.4028776519725,30.3806657599538,29.3243901115666,28.2624372500671,27.2373718502396,26.2424965780443,25.2777736241782,24.3658710812413,23.4994344541038,22.6686110268934,21.8837993555505,21.1382685695721,20.4500029747263,19.9710449030781,19.7482719682716,19.684039392576,19.6812019489598,19.6812019489598,19.6812019489598,19.6812019489598,19.6812019489597,19.6812019489598
"Suriname","SUR","Lower","Infant Mortality Rate","Total",,,,,,,,,,,,,,,,,,,,,,,,,,,,,,,,,,,,,,,,,,,,,,,,,,,,,,,,,,4.61374142543603,4.90246096080695,5.15912490941319,5.38317209598172,5.5208630292394,5.51497259244494,5.35359141394663,5.10529672655594,4.83323377649659,4.57972677932163,4.39897528056076,4.28316506712389,4.20292142075212,4.1465527958622,4.10538414057942,4.08859532710417,4.10485947462867,4.1464431729468,4.20961688620927,4.28244882687164,4.33151845179014,4.34592130631409,4.32864025645308,4.27754793896162,4.20963116032991,4.1522866732266,4.12765179156199,4.13488448836615,4.16016483475641,4.19929704886681,4.23160275159736,4.23919439250402,4.20770030895402
"Suriname","SUR","Median","Infant Mortality Rate","Total",,,,,,,,,,,,,,,,,,,,,,,,,,,,,,,,,,,,,,,,,,,,,,,,,,,,,,,,,,5.55672654194007,5.70684953293092,5.84409698308566,5.96405945325538,6.02922002790792,5.96946841036133,5.77625913855728,5.50424926197818,5.21217411439822,4.95318513345306,4.75994168136472,4.63117673432689,4.54882771950032,4.48875981370304,4.4465341492422,4.43066528293437,4.44946657522557,4.4927890385934,4.56024085541091,4.63289054461563,4.68156565685839,4.69371600092932,4.66705027614998,4.61013773903649,4.53794302259995,4.47709010457502,4.45434837918121,4.47478290211841,4.53124148440983,4.61994215749226,4.73652508415695,4.84847787295265,4.92131594544084
"Suriname","SUR","Upper","Infant Mortality Rate","Total",,,,,,,,,,,,,,,,,,,,,,,,,,,,,,,,,,,,,,,,,,,,,,,,,,,,,,,,,,6.60085643635759,6.59427320239877,6.59799383500477,6.62176776192052,6.59794602429824,6.47400143934855,6.23287835601558,5.9355119010981,5.6229522131934,5.35024953885199,5.14577679035589,5.00830019320555,4.92487903676161,4.86429457626137,4.8207418926351,4.80634102516603,4.82628368012897,4.87431099586753,4.94412794147418,5.01574357819163,5.06410118032564,5.07081032240491,5.03621573659558,4.97038202621704,4.89206638875177,4.82748831271203,4.80650126321655,4.84551572899638,4.93381910619085,5.09082755227003,5.30772440375924,5.54013776606892,5.74305865620806
"Syria","SYR","Lower","Infant Mortality Rate","Total",,,,,,,,,,,,,,,,,,,,,,,,,,,,,,,,,,,,,,,,,,,,,,,,,,,,,,,,,,,,6.61193907297312,6.54286364539955,6.40705856398981,6.23170156526567,5.99236728095661,5.70977276960571,5.35217176209299,4.93575560753241,4.47182689969772,3.98163151130686,3.50841374878701,3.10429747292942,2.81030831077451,2.63128594625165,2.57306750470805,2.62214813473809,2.71393006297045,2.7803558270172,2.81154002824481,2.82288827445754,2.81889882792788,3.35185445369993,9.28999939792517,12.0244422109125,12.2007776786982,9.92830899729233,8.83260546815244,7.42235676543576,5.47825583472994,3.77050033002605,3.14952938016313
"Syria","SYR","Median","Infant Mortality Rate","Total",,,,,,,,,,,,,,,,,,,,,,,,,,,,,,,,,,,,,,,,,,,,,,,,,,,,,,,,,,,,8.46117513057504,8.04428799379091,7.62818783986843,7.18562462466145,6.71668712885296,6.2259198144098,5.70238438845934,5.16058831094917,4.6081093788402,4.07053668071537,3.57686981373334,3.16753195229905,2.87023734471655,2.68930141807795,2.6295478480075,2.67816354136118,2.77070225126381,2.83693292894316,2.86919711119327,2.88920569622061,2.91164085610642,3.51279158599553,9.91854088921273,13.1818234146153,13.7428162352104,11.4726281882686,10.501481090836,9.04503010357886,6.83069457355188,4.8199047449682,4.11531018643145
"Syria","SYR","Upper","Infant Mortality Rate","Total",,,,,,,,,,,,,,,,,,,,,,,,,,,,,,,,,,,,,,,,,,,,,,,,,,,,,,,,,,,,10.2362056889757,9.5368802981988,8.83745150988991,8.14910842495982,7.44117484344141,6.75159364141823,6.06253804553224,5.39308684761214,4.7505922076734,4.16329691486881,3.64729371563487,3.23108949631162,2.92942623222689,2.74608167378236,2.68578309261052,2.73305440613743,2.82723988309129,2.89292107355773,2.92831066540861,2.96084414276761,3.00904812421003,3.6730285853991,10.5407920804068,14.3213736231541,15.2857403839409,13.0430095718429,12.2028670906073,10.6910324690821,8.19603737037813,5.85846106750529,5.07595682866893
"Tajikistan","TJK","Lower","Infant Mortality Rate","Total",,,,,,,,,,,,,,,,,,,,,,,,,,,,,,,,,,,,,,,,,,,,,,,,,,,,,,,,,,5.32913810902895,4.22188615267234,3.73022305456471,4.12867298686214,5.68114173319306,7.63358754639807,7.92684985080903,6.68214188278359,5.56676209666166,5.09114647584738,4.75096449247537,4.17754871758145,3.84040287623065,3.00994386062841,2.73135860827329,2.58006065059575,2.48513684164824,2.40572950804627,2.31226840046759,2.22142549718171,2.22278317228633,2.40075377357062,2.86447209255712,2.83825835693795,2.28144562978261,2.00574115077142,2.01012140823389,2.13098574078775,2.00006769997207,1.54748014331627,1.11969611845443,0.868016889571607,0.734445045074958
"Tajikistan","TJK","Median","Infant Mortality Rate","Total",,,,,,,,,,,,,,,,,,,,,,,,,,,,,,,,,,,,,,,,,,,,,,,,,,,,,,,,,,5.6654618293093,4.43207118593686,3.87377847597032,4.25433749351333,5.82665390234458,7.81910377001636,8.11192690000455,6.84316648794836,5.70641436996449,5.22674299293556,4.88858579179744,4.30149329714487,3.95316207851981,3.09330341816827,2.80343373118346,2.64769696623445,2.55223973510393,2.47165119881897,2.37794748712748,2.2850770993896,2.28892678222298,2.47601946362047,2.95888297285409,2.9386434900763,2.36547561384779,2.07954327702994,2.08383469871392,2.21328869658075,2.09145623699215,1.63504426783854,1.19712460476686,0.945572723500204,0.821804301762734
"Tajikistan","TJK","Upper","Infant Mortality Rate","Total",,,,,,,,,,,,,,,,,,,,,,,,,,,,,,,,,,,,,,,,,,,,,,,,,,,,,,,,,,6.10274207266703,4.67595784359731,4.02528146808081,4.37989130513106,5.9701403048519,7.99455077269894,8.29345458630813,6.99906357701021,5.84307867424556,5.35564946811728,5.01325384846966,4.41098012609229,4.05646683799328,3.17539716008121,2.8814797747351,2.72809991158819,2.63284544052673,2.55227260704573,2.45764299490847,2.36169469243008,2.36660022401621,2.5603773515557,3.05785963933393,3.03503177066272,2.442179189241,2.14840196171608,2.15653346706109,2.29725902777287,2.18425767448753,1.72677252406143,1.28163939560986,1.03100874691226,0.919781591085337
"Macedonia","MKD","Lower","Infant Mortality Rate","Total",,,,,,,,,,,,,,,,,,,,,,,,,,,,,,,,,,,,,,,,,,,,,,,,,,,,,,,,,,1.91457779927217,2.0009253395258,2.08616923212725,2.1532246422753,2.19075184314439,2.20597373948062,2.20821284013914,2.20928640260669,2.21194048718373,2.21775284965044,2.22601495228899,2.22500277937507,2.20934817426166,2.34072577983633,2.10241874670125,2.0216055106592,1.93650712870983,1.85601077847543,1.78311532220814,1.7156724517951,1.65566253482894,1.59710836002954,1.54059830792525,1.49077467732885,1.45032617292565,1.41690912301414,1.39009206890889,1.36364967637652,1.34191905520467,1.32174366862343,1.30330818249113,1.28857447169576,1.27722262439809
"Macedonia","MKD","Median","Infant Mortality Rate","Total",,,,,,,,,,,,,,,,,,,,,,,,,,,,,,,,,,,,,,,,,,,,,,,,,,,,,,,,,,2.13784968865203,2.19795722916859,2.26142189233766,2.31118477747036,2.33509758777092,2.33793076683,2.33478419174731,2.33431631008951,2.33665035956391,2.34282947102088,2.35217870820843,2.35238241484926,2.33569874609614,2.47710929101439,2.22791490322233,2.14354291656696,2.05515606170925,1.97212282029983,1.89596421267706,1.82464246243801,1.7596677710539,1.69765454665477,1.64042390042546,1.59014184158441,1.55026486724157,1.51806091547248,1.49371990955146,1.47291096218008,1.45725951521409,1.44451400438346,1.43797194419036,1.43979474369924,1.44320022928565
"Macedonia","MKD","Upper","Infant Mortality Rate","Total",,,,,,,,,,,,,,,,,,,,,,,,,,,,,,,,,,,,,,,,,,,,,,,,,,,,,,,,,,2.37950533390898,2.41382306991786,2.45468607657072,2.48188071350826,2.48982481960546,2.48223364903028,2.4716413337076,2.46586897146879,2.4647002850768,2.47085399555603,2.48179604215117,2.481254024256,2.46350937799808,2.61466446561374,2.35240192227951,2.26358011659605,2.17251449744853,2.08444029527692,2.00456452386378,1.93167558834122,1.86465487473286,1.80142823065939,1.744363103322,1.69394993873242,1.65568800292336,1.62627766021225,1.60599159188814,1.59163384556816,1.58367185366939,1.58308020093092,1.5897610944261,1.61149254666509,1.6350380528968
"Thailand","THA","Lower","Infant Mortality Rate","Total",,,,,,,,,,,,,,,,,,,,,,,,,,,,,,,,,,,,,,,,,,,,,,,,,,,,,,,,,,,6.38038861767544,6.77672654221383,7.21887108889101,7.71802540206061,8.29003918338782,8.84016038818856,9.03850383026233,8.58113428087755,7.74537244423531,7.01478288566626,6.61988291972827,6.52796914355137,6.7080510255106,7.01461244165355,7.24036365312224,7.2641299585944,7.14024040506704,6.96123932553861,6.77344525386388,6.59680057895394,6.44656780783174,6.29281618316151,6.1229961567447,5.97032166515721,5.89827307944283,5.93710987150171,6.02844189621703,6.111350777053,6.14567730212116,6.08900182116646,5.92113062615815,5.68791036006889
"Thailand","THA","Median","Infant Mortality Rate","Total",,,,,,,,,,,,,,,,,,,,,,,,,,,,,,,,,,,,,,,,,,,,,,,,,,,,,,,,,,,6.69894272172797,6.99873533800081,7.38117910799832,7.86857094270538,8.44973176435079,9.01042245264308,9.21448161233041,8.74224318132076,7.89047944916761,7.14860927311012,6.7473970705897,6.65538451468179,6.83396238299087,7.14453412200544,7.37596806473043,7.39635381706914,7.27024093434079,7.08763888004904,6.89311684823865,6.71592044273188,6.56294354561929,6.40861938264557,6.23397576637071,6.07849471918476,6.00858958387889,6.04786509848514,6.14186406649164,6.22540363686151,6.26249526502805,6.22517625312592,6.11118409804311,5.95029407380643
"Thailand","THA","Upper","Infant Mortality Rate","Total",,,,,,,,,,,,,,,,,,,,,,,,,,,,,,,,,,,,,,,,,,,,,,,,,,,,,,,,,,,7.01414496998909,7.21289382684792,7.54259898029306,8.01701551985197,8.61069974806176,9.17999106099028,9.38356921834891,8.90468077615703,8.04014660801686,7.28733050511863,6.87475846897338,6.78257869509405,6.9596944556518,7.27773876206184,7.51175823530724,7.53086359895742,7.4036373000002,7.21560308221146,7.01729944306673,6.83569509189335,6.67837718093894,6.52613589376264,6.34633885919112,6.1881502834498,6.12043311497701,6.15944793532214,6.25610328030254,6.33685027820294,6.37522982401873,6.3564423006409,6.29411433375236,6.21075381641354
"Timor Leste","TLS","Lower","Infant Mortality Rate","Total",,,,,,,,,,,,,,,,,,,,,,,,,,,,,,,,,,,,,,,,,,,,,,,,,,,,,,,,,,,,5.02035522819783,5.64950274490031,6.33898358473537,7.06058839379217,7.77360622912895,8.36455241431953,8.69531713777685,8.67369777836758,8.34389331865801,7.68342902794006,6.87564645086162,6.0826402241929,5.39298959648724,4.82917920893714,4.3985688237688,4.12571566115466,3.93857542362283,3.86130378909038,3.90385838766202,4.09125941463597,4.46252418583753,5.00005615118566,5.79739731111496,6.84116920407039,8.12623543503923,9.53546037045212,10.610496228072,11.1331624613314,11.1938590784529,10.948447013827,10.6376602407973
"Timor Leste","TLS","Median","Infant Mortality Rate","Total",,,,,,,,,,,,,,,,,,,,,,,,,,,,,,,,,,,,,,,,,,,,,,,,,,,,,,,,,,,,9.40135520271385,10.0235566550334,10.7682675774377,11.4904885968858,12.1830030678838,12.6280296875674,12.7602603539626,12.4215741516434,11.7414450986266,10.6698136893588,9.43099992080477,8.25695445198659,7.25199437926752,6.44499938448715,5.82447430655582,5.38929109144509,5.12404904039788,5.00859324353666,5.07173936844566,5.30384455507957,5.76367331333265,6.46850939463731,7.53650173066166,9.01012997729224,10.9368474254302,13.0993423789886,14.9124058500234,15.9718768058993,16.3363482385707,16.3101527850875,16.0259095252057
"Timor Leste","TLS","Upper","Infant Mortality Rate","Total",,,,,,,,,,,,,,,,,,,,,,,,,,,,,,,,,,,,,,,,,,,,,,,,,,,,,,,,,,,,16.509300534934,16.9993578879234,17.6989241966697,18.327021440859,18.8473499773459,19.033841690302,18.7537519580418,17.9135540288973,16.5847954539736,14.7837875749783,12.8576756221694,11.0608707141617,9.55515021348991,8.40809120368674,7.52286930895795,6.92203290726846,6.53953966847969,6.36561902694332,6.42051675503059,6.69854482421393,7.27011574856555,8.19373829250304,9.59546675224636,11.5870189494169,14.2174795253997,17.3021063360565,20.0349280727334,21.7328964571276,22.4318825758266,22.5871816149713,22.472875892051
"Togo","TGO","Lower","Infant Mortality Rate","Total",,,,,,,,,,,,,,,,,,,,,,,,,,,,,,36.5316471482511,33.9015208361066,31.3555485894146,29.0001718722182,26.7364989427324,24.3500712409998,22.3621782444432,20.527024313027,18.8581748173816,17.4161797151797,16.0928608771743,14.9605458717785,13.9976944872453,13.1229617374777,12.3077513976981,11.6700621545942,11.0802889487834,10.5839880506017,10.2448049649678,9.94884665752246,9.76385648340633,9.62715265383718,9.6005754952823,9.56386007715052,9.56100535823479,9.54645375071641,9.54768167661443,9.52925908420421,9.49434861610331,9.49216746215912,9.50478200938379,9.54209035289457,9.60670804123981,9.70936795805198,9.82299685795467,9.97144095829545,10.0659312695352,10.1630982095851,10.2562712555587,10.3306475971222,10.3409373004274,10.3144104456298,10.2229069603243,10.0951605058284,9.93261704140699,9.73292985661891,9.49767438500306,9.19758123655061,8.87282829088389,8.47311489965808,8.04151326461948,7.51964678148268,7.04079260401239,6.54175467147723,6.14163158198379,5.7987823961679,5.48448069352028,5.20975352821285,4.96709473042687,4.74184910973987,4.48493675786807
"Togo","TGO","Median","Infant Mortality Rate","Total",,,,,,,,,,,,,,,,,,,,,,,,,,,,,,56.1681402637558,51.2408438013856,46.8074056185127,42.6680958711444,39.1284908133337,35.8710737709593,32.9856868435744,30.422943604661,28.1033834806784,25.9932165619231,24.1522513507039,22.4770174777682,20.9887076915121,19.5641149676009,18.3988914021974,17.3237420385136,16.3180667464529,15.4645628554371,14.7116251349375,14.0994187456766,13.6090591063996,13.204955389845,12.9339723328456,12.7438462616887,12.6303154956338,12.5490880873835,12.4420140561918,12.3467350002486,12.2594724805047,12.2233533835217,12.2274288135724,12.248603458953,12.2969351076452,12.3874837611095,12.4961581261401,12.6242155304409,12.7197004500055,12.8478550309292,12.9236332181593,12.9601351562065,12.9738183066982,12.9431696631869,12.8524768541545,12.6917854998967,12.4953354364561,12.2421780685323,11.9667911244667,11.6331624414061,11.2780328348173,10.877675920524,10.4763435685382,10.0580415282575,9.65677698897662,9.27935757611858,8.93593059148062,8.6299826991431,8.36543133056523,8.08128928744439,7.8549199690221,7.64032597722292,7.41016101207756
"Togo","TGO","Upper","Infant Mortality Rate","Total",,,,,,,,,,,,,,,,,,,,,,,,,,,,,,83.7346124626294,76.0547062634856,69.0792977884507,62.6251782826056,57.1435763944756,51.9676160679695,47.6159147264267,43.8867455367337,40.360404792986,37.2831712441232,34.4602854700055,32.0391759329706,29.740800885517,27.6841466492398,25.9748814580003,24.3754010879501,22.9007030563052,21.5623236048341,20.3806894976367,19.3393123430537,18.5584073963925,17.9237620664422,17.4788950999503,17.0941188613195,16.7741559642772,16.5528685766025,16.3143318998925,16.0925097374275,15.9066637423139,15.8218646916302,15.7419619345021,15.7646317605688,15.7533995785884,15.8220856837618,15.9284754307931,16.0371546939124,16.1341856302727,16.2312189964368,16.3245444039116,16.4187006894474,16.4303022054858,16.3871914425223,16.2744833463577,16.0668273148323,15.8484331622851,15.5970040483055,15.3325508194645,14.9921891490805,14.7020746999963,14.3449819115868,13.9951472278198,13.6278178166159,13.3155202189891,13.03394432041,12.7451635890197,12.4692762546966,12.1827184566334,11.8694579157458,11.5709654130958,11.3128120528488,11.0628271941144
"Tonga","TON","Lower","Infant Mortality Rate","Total",,,,,,,,,,,,,,,,,,,,,,,,,,,,,,,,,,,,,,,,,,,,,,,,,,,,,,,,,,,,1.54119616939696,1.68401822836075,1.82950431555058,1.9785454133429,2.1308393752182,2.29227202411757,2.44747569572571,2.61177174163573,2.78028408437269,2.97735977734943,3.1743022705371,3.38088608411423,3.57921671633539,3.74574259898924,3.86791009184138,3.93457873211683,3.93616312484066,3.86901514660933,3.74647840292593,3.58685997682115,3.41455941664224,3.23974792075014,3.07460392105794,2.92999188549784,2.80243805762795,2.67715008050191,2.56357810403785,2.44970378037272,2.32505791667142,2.21695394295196,2.1045584665488
"Tonga","TON","Median","Infant Mortality Rate","Total",,,,,,,,,,,,,,,,,,,,,,,,,,,,,,,,,,,,,,,,,,,,,,,,,,,,,,,,,,,,2.40011658260786,2.48174655374034,2.56949813374397,2.66121378011476,2.75769099598744,2.87467292738913,2.99669679306853,3.14386261791832,3.30312174261797,3.488867721857,3.68143141824806,3.8891658646826,4.08927168164324,4.26952183334053,4.40461153369336,4.47607671486217,4.47634185054261,4.41620506451871,4.29216642952281,4.13506241779175,3.96314232253233,3.78540365992858,3.62824720557561,3.50017409779972,3.39311184045792,3.30943838770403,3.24638522113999,3.1888256273274,3.12941331939571,3.07657623808697,3.00568456060262
"Tonga","TON","Upper","Infant Mortality Rate","Total",,,,,,,,,,,,,,,,,,,,,,,,,,,,,,,,,,,,,,,,,,,,,,,,,,,,,,,,,,,,3.54171262723719,3.51732536493627,3.51377161807166,3.52355335810445,3.54008485168045,3.59638731010113,3.66499561933769,3.77794747267981,3.91061469520063,4.07143703336613,4.25456853151762,4.45860031908345,4.66224630448556,4.84340148242356,4.97794976640901,5.05433530741104,5.05853719164151,4.99375763232917,4.87557058241416,4.72322045879558,4.55815846542342,4.40232741340051,4.26900922463654,4.17063205009718,4.1140152250531,4.09644059509498,4.1126451544106,4.13730770220647,4.18184673567204,4.20604205683714,4.19474755998089
"Trinidad & Tobago","TTO","Lower","Infant Mortality Rate","Total",,,,,,,,,,,,,,,,,,,,,,,,,,,,,,,,,,,,,,,,,,,,,,,,,,,,,,,,,,3.75038853655033,3.76128696243873,3.76496238580377,3.77065831165999,3.77732320043333,3.79725575211929,3.82175182362189,3.85325981976269,3.88763278144872,3.91483542070655,3.95555449207768,4.0053672370266,4.0778059340216,4.16995792048727,4.2927924112541,4.43980912502635,4.62132419502706,4.83339456102948,5.0773940684375,5.34092729153355,5.50888997867518,5.48781163830524,5.30666653085807,5.06159067777656,4.82985601303622,4.65118751456743,4.54799282988519,4.51489164545315,4.5226672856176,4.53763931797696,4.90157961719839,4.43467896233327,4.26163211679088
"Trinidad & Tobago","TTO","Median","Infant Mortality Rate","Total",,,,,,,,,,,,,,,,,,,,,,,,,,,,,,,,,,,,,,,,,,,,,,,,,,,,,,,,,,4.12760825943273,4.07923504676743,4.03721266725351,4.00982898804506,3.99484071109896,3.99509504961752,4.01209954814992,4.04029665966739,4.075023929242,4.10929884694259,4.15251692144546,4.20609425231725,4.27728121341205,4.36982936412466,4.48801128278405,4.63669007458567,4.82307526010212,5.04265251408732,5.30111625720753,5.57654026700707,5.75341382199967,5.7371832059272,5.55917058386787,5.31640288356871,5.08663931138452,4.91460270642753,4.82850243759471,4.82653912866404,4.89076420901222,4.98088779578936,5.4651178621193,5.03755460954097,4.96327174297607
"Trinidad & Tobago","TTO","Upper","Infant Mortality Rate","Total",,,,,,,,,,,,,,,,,,,,,,,,,,,,,,,,,,,,,,,,,,,,,,,,,,,,,,,,,,4.58069735348943,4.45269965098132,4.35189727286157,4.27481702564894,4.22915856980517,4.20982416722539,4.21368441168434,4.22991418398799,4.25805217428199,4.29345320795829,4.34024008071786,4.39720619842721,4.46574804358952,4.56262706861035,4.68488218810064,4.84413020415292,5.04383927692118,5.2815259854353,5.55732814827488,5.85422839515245,6.04666674750371,6.02885817457401,5.84365700817336,5.5881962403988,5.34837188254146,5.1845596578821,5.11737269783045,5.15203531050071,5.27095890468397,5.43185907459805,6.03586901453592,5.65379930703524,5.69140378273889
"Tunisia","TUN","Lower","Infant Mortality Rate","Total",,,,,,,,,,,,,,,,,,,,,,,,,,,,,,,,,,,,,,,,,,,,,,,,,,,,,,,,,,,,3.19138648912323,3.28505260682721,3.35132566174136,3.40313305901067,3.43118691922688,3.42966499868092,3.4038689627367,3.36658902172702,3.31110171120384,3.2324951712297,3.13193955598527,3.01463151026605,2.89138734381717,2.76895946032894,2.64710282505519,2.53759933355555,2.43678240992522,2.35018957983262,2.28552887127999,2.24291529994274,2.22354105576987,2.22262594253621,2.24997470440237,2.30557922914994,2.38657840856826,2.50307156175251,2.63503233441089,2.75122573225001,2.81585159179572,2.80065733042446,2.71512142792741
"Tunisia","TUN","Median","Infant Mortality Rate","Total",,,,,,,,,,,,,,,,,,,,,,,,,,,,,,,,,,,,,,,,,,,,,,,,,,,,,,,,,,,,3.72086735068358,3.68384859839195,3.65005927840198,3.61535610711266,3.57967891997555,3.53916285182343,3.49955111331957,3.45602656686324,3.40392803720409,3.3364779387833,3.25710229700078,3.1738473726016,3.08993531251121,3.00241481619845,2.91537638621281,2.82948736728197,2.74212325149419,2.66436301682536,2.60061359442719,2.54653312818671,2.5081685803034,2.48488814553229,2.48390776679286,2.50670939463846,2.55502952015461,2.63956093110071,2.75811645973448,2.90743156334249,3.03735061685138,3.10013223944334,3.09179876393665
"Tunisia","TUN","Upper","Infant Mortality Rate","Total",,,,,,,,,,,,,,,,,,,,,,,,,,,,,,,,,,,,,,,,,,,,,,,,,,,,,,,,,,,,4.28304956629562,4.11398999362126,3.96700932926306,3.84563927180055,3.73916094798508,3.6554225853413,3.59544615994542,3.54514164767216,3.49828100693217,3.4457833820705,3.39278518270075,3.34378898571677,3.29447599646131,3.24432641824391,3.18795170670167,3.12791774215724,3.06089500242161,2.98884606147834,2.92207165662539,2.85757415819198,2.8070796057253,2.76211822792215,2.73007769213044,2.71999408283114,2.72920774769908,2.77781745890344,2.88590324205865,3.06828251633779,3.26235966065853,3.399057284098,3.4805879100606
"Turkey","TUR","Lower","Infant Mortality Rate","Total",,,,,,,,,,,,,,,,,,,,,,,,,,,,,,,,,,,,,,,,,,,,,,,,,,,,,,,,,,,,4.29099284384342,4.34448260165102,4.38218296570286,4.38394832254043,4.38898839611709,4.65448410672948,4.34040381640002,4.29807871803573,4.21954570578484,4.87269041895963,4.00664964345036,3.87995549634969,3.73089077429376,3.56897061461282,3.40226829172957,3.23969370707751,3.09196010743711,2.9589873195852,2.84124676940587,2.73620750735599,2.63723265884689,2.54426799633136,2.46087630548002,2.39844772640646,2.35529467861137,2.3113042083823,2.40120007238031,2.17318900634371,2.05820289924082,1.91296262893998,1.76776568827304
"Turkey","TUR","Median","Infant Mortality Rate","Total",,,,,,,,,,,,,,,,,,,,,,,,,,,,,,,,,,,,,,,,,,,,,,,,,,,,,,,,,,,,9.64327434227475,9.15271710676225,8.65033450996638,8.14115972528827,7.67125764069761,7.66890277048149,6.79865406764431,6.3817213776202,5.97366907414713,6.60706428776097,5.20747437468124,4.85179806352134,4.5087193603915,4.1772598460045,3.87497656580916,3.59777945309987,3.35372325992634,3.14453206543047,2.96729447543668,2.81820899875217,2.69575105606732,2.59299869072687,2.50812535519071,2.44608902273548,2.40294758468466,2.36074556210617,2.45246933670285,2.21745244597943,2.10501383074522,1.97288726702944,1.84886178869781
"Turkey","TUR","Upper","Infant Mortality Rate","Total",,,,,,,,,,,,,,,,,,,,,,,,,,,,,,,,,,,,,,,,,,,,,,,,,,,,,,,,,,,,13.9169064495094,13.1107086435983,12.2942990286572,11.4738600354199,10.6714367828261,10.514169414169,9.167324118499,8.45424644727039,7.74269630382861,8.36774986830584,6.4493862315734,5.87968251214988,5.33696744660289,4.82944621000216,4.37479508573076,3.97224595176332,3.63023023102372,3.33185013686793,3.0931702049528,2.9005623909474,2.75525247554775,2.64277935267741,2.55614314214415,2.49373702880777,2.45075042991501,2.40952077242804,2.50258236127152,2.26384977613192,2.15355870839244,2.03396750557486,1.93301620061792
"Turkmenistan","TKM","Lower","Infant Mortality Rate","Total",,,,,,,,,,,,,,,,,,,,,,,,,,,,,,,,,,,,,,,,,,,,,,,,,,,,,,,,,,4.51165083417141,4.80635496429241,5.04656690203195,5.22592768156749,5.36576118187117,5.46857645368912,5.56649310762551,5.65934310331791,5.73155011822297,5.76317328513158,5.72678190838511,5.63946597505351,5.53763008523884,5.46271895669018,5.45933272118594,5.48908103650183,5.50770376979369,5.48109870205737,5.3748904679201,5.16363092433031,4.90385657087461,4.68858215187231,4.57290827705365,4.53759826922076,4.55338529394717,4.5880023114131,4.60766335693003,4.5889680376128,4.52238359237343,4.39149456231575,4.18640083693296,3.97328650516626,3.75395410558525
"Turkmenistan","TKM","Median","Infant Mortality Rate","Total",,,,,,,,,,,,,,,,,,,,,,,,,,,,,,,,,,,,,,,,,,,,,,,,,,,,,,,,,,4.96295889917345,5.11503721525661,5.26554010325796,5.40815827055992,5.53419534798332,5.63983827521778,5.73953524624081,5.82814935086488,5.89085529434655,5.9180474475056,5.90277482969551,5.83856962616803,5.73262082396007,5.64388013478824,5.61692112486085,5.63588774625181,5.65204779810158,5.62375641624396,5.51330961434255,5.30396176272063,5.05424631999505,4.85014214122071,4.73173362757406,4.68825183311289,4.69821099815168,4.7423420981449,4.7946702079596,4.8276057364136,4.82676629415159,4.78216162742867,4.6878024025563,4.57267217745995,4.45235160972949
"Turkmenistan","TKM","Upper","Infant Mortality Rate","Total",,,,,,,,,,,,,,,,,,,,,,,,,,,,,,,,,,,,,,,,,,,,,,,,,,,,,,,,,,5.34253263624077,5.40789315015243,5.48896905747941,5.59197137760043,5.71841377328418,5.84368522748296,5.95310786010985,6.03051434229686,6.08026166635693,6.08717912239117,6.06666665340615,6.00268849016771,5.89555449554833,5.80081802959854,5.76489996502865,5.78439539889702,5.81993740000292,5.78686750246898,5.66723921780039,5.4445854050755,5.19127760868606,4.98863080524471,4.86827899397771,4.82775383774767,4.8441699096689,4.90714836029023,5.00280136528289,5.10160807304555,5.18440266736181,5.23536720147475,5.25044877909778,5.24832417886198,5.21479394019983
"Tuvalu","TUV","Lower","Infant Mortality Rate","Total",,,,,,,,,,,,,,,,,,,,,,,,,,,,,,,,,,,,,,,,,,,,,,,,,,,,,,,,,,,,5.70119867619798,5.66581405349797,5.62409730817091,5.57127539557325,5.51353552009473,5.44603696126283,5.36895223010798,5.28477823360158,5.19650603891164,5.11079011540061,5.03049076878534,4.96520576840804,4.90576243437552,4.84710768954693,4.78308910503702,4.70724881643415,4.61529330080934,4.50512208155526,4.38280057510524,4.252557961953,4.12460168516621,4.01747409907215,3.91676838794778,3.82780338028591,3.74319070132743,3.66524171304156,3.58732536918823,3.5161224401659,3.45436779474521,3.39061705690642,3.33138466571055
"Tuvalu","TUV","Median","Infant Mortality Rate","Total",,,,,,,,,,,,,,,,,,,,,,,,,,,,,,,,,,,,,,,,,,,,,,,,,,,,,,,,,,,,7.28059085445639,7.2354036973251,7.18213024173164,7.11467517559284,7.04093973271108,6.95474217706857,6.85630281009698,6.74881025213613,6.63608417997774,6.52662253791972,6.42407801670758,6.3407072373898,6.26479643008494,6.18989267334474,6.10813914266285,6.01128896378615,5.89385918733057,5.75316744566678,5.59695944595587,5.43063597048474,5.26723221077478,5.13042727415107,5.0018232522522,4.88821243846775,4.78015967069314,4.6806166230885,4.5811152633412,4.49018712291088,4.41132470603929,4.32991322308016,4.25427179570302
"Tuvalu","TUV","Upper","Infant Mortality Rate","Total",,,,,,,,,,,,,,,,,,,,,,,,,,,,,,,,,,,,,,,,,,,,,,,,,,,,,,,,,,,,9.34543754624841,9.28743486991281,9.21905254187459,9.13246655999753,9.03781902517903,8.92717500067608,8.80081726755857,8.66283877004491,8.51814248258009,8.37763644948295,8.24600930027824,8.13899375348103,8.04155389963749,7.94540670573681,7.84046707508784,7.716149239334,7.56541523108194,7.38482193703808,7.18431182258368,6.97081738462347,6.76107072233755,6.58546656921408,6.42038919034769,6.27455723988845,6.13585965158506,6.00808522322489,5.88036430580567,5.76364805645512,5.66241948773689,5.55791891288638,5.46082483774968
"Ukraine","UKR","Lower","Infant Mortality Rate","Total",,,,,,,,,,,,,,,,,,,,,,,,,,,,,,,,,,,,,,,,,,,,,,,,,,,,,,,,,,4.28355257088639,4.28069065532405,4.30207463243829,4.3954698219395,4.6071626210397,4.86866021523383,5.02647811493738,4.99368221567276,4.82803797023986,4.6143116021687,4.4286836683071,4.35070851806821,4.3837739004543,4.37257057461002,4.17493779119725,3.90178877464428,3.73993505337016,3.75226682840976,3.79377998745408,3.72723262241804,3.54157149037259,3.3039117278481,3.07461000832936,2.90696833090246,2.8410139334557,2.82485272258626,3.01575861095557,2.66284080262158,2.52976152343664,2.42815635891367,2.36747726328439,2.34089091237428,2.33728510068617
"Ukraine","UKR","Median","Infant Mortality Rate","Total",,,,,,,,,,,,,,,,,,,,,,,,,,,,,,,,,,,,,,,,,,,,,,,,,,,,,,,,,,4.48496478687374,4.41835220715827,4.40065769319706,4.48090746454488,4.69033105357876,4.956681855413,5.12049148673755,5.08729875919057,4.91536961759135,4.69120032497468,4.50454131537722,4.43227675574232,4.4697139914844,4.46043494363629,4.25853674278281,3.97533355811253,3.80691782126543,3.81609601373989,3.85946889348756,3.79126950311081,3.60368197098151,3.36454057047134,3.13366446876421,2.96644993479777,2.8993909231856,2.88454163109524,3.08113138357599,2.72032593562071,2.58540898113306,2.48176795174424,2.4214806618377,2.40360974062325,2.41727846617312
"Ukraine","UKR","Upper","Infant Mortality Rate","Total",,,,,,,,,,,,,,,,,,,,,,,,,,,,,,,,,,,,,,,,,,,,,,,,,,,,,,,,,,4.68070494278174,4.54824571322326,4.49548222547628,4.56343981554436,4.77516697340619,5.05216230866386,5.22790944697086,5.18950901150109,5.0102961097485,4.77703656033691,4.58392593217232,4.51108556491817,4.54916678497823,4.54274219395379,4.33558667917121,4.04438648363463,3.87092300068298,3.88287905763466,3.9335896614416,3.86207485151068,3.66795238500733,3.42514661219603,3.19104553318156,3.0236534514294,2.95681165912344,2.9466258424987,3.15137529326903,2.78201946176682,2.64294829148446,2.53619048637111,2.47697022008521,2.46778294388533,2.50158224110058
"United Arab Emirates","ARE","Lower","Infant Mortality Rate","Total",,,,,,,,,,,,,,,,,,,,,,,,,,,,,,,,,,,,,,,,,,,,,,,,,,,,,,,,,,,,2.54884792871246,2.49139152987293,2.43920478114135,2.39138338215797,2.34934245245696,2.31069546946419,2.27515446671671,2.2422094578009,2.21324766937461,2.18630900532823,2.16196462758167,2.13893647939095,2.11641156381636,2.09426859507159,2.07280603807879,2.05132439889146,2.03135677177892,2.01214709423397,1.99187905462683,1.96842794652473,1.94319380963851,1.91940057245485,1.89977397570844,1.88376834669323,1.87130909695242,1.86211807836611,1.85407396006088,1.84517360816172,1.83547258275607,1.82251805143671,1.80749060544718
"United Arab Emirates","ARE","Median","Infant Mortality Rate","Total",,,,,,,,,,,,,,,,,,,,,,,,,,,,,,,,,,,,,,,,,,,,,,,,,,,,,,,,,,,,3.27536558873777,3.20153195217913,3.13447001448641,3.07301771563759,3.0189935375334,2.96933070877964,2.92365918162535,2.88132360432082,2.84410661537017,2.80948941744709,2.77820597513102,2.74861393736894,2.71966857247245,2.69121402363802,2.66363382953203,2.63602911408735,2.61036996118285,2.58568480202027,2.5596396077454,2.52950405056676,2.49707723424414,2.46650202830967,2.44128111227028,2.42071327614638,2.40470267096164,2.39289186590578,2.38255487090821,2.37111758349307,2.35865140046536,2.3420043397978,2.32269350570438
"United Arab Emirates","ARE","Upper","Infant Mortality Rate","Total",,,,,,,,,,,,,,,,,,,,,,,,,,,,,,,,,,,,,,,,,,,,,,,,,,,,,,,,,,,,4.20577585907808,4.11096881607378,4.02485706122698,3.94594843622588,3.87657798644818,3.81280778412808,3.7541626646296,3.69980111499991,3.65201215543631,3.60756149141442,3.56739157971535,3.5293935380712,3.49222586514563,3.45568843097941,3.42027372339424,3.38482752886464,3.35187955926357,3.32018225901701,3.28673858796456,3.24804263313204,3.20640455714279,3.16714406559715,3.13475881975252,3.10834842179853,3.0877897956083,3.0726239774929,3.05935062438518,3.04466442646293,3.02865706172384,3.00728118657849,2.98248485845927
"Uruguay","URY","Lower","Infant Mortality Rate","Total",,,,,,,,,,,,,,,,,,,,,,,,,,,,,,,,,,,,,,,,,,,,,,,,,,,,,,,,,,3.68212990137713,3.67383574931785,3.66980934430016,3.68167739595123,3.71658208373725,3.76775968723466,3.82525483699569,3.88115364517593,3.90633555890392,3.88220635820835,3.79581694721568,3.65619972038346,3.47917344317794,3.29287040166643,3.13812098498741,3.0273232213933,2.97317278080176,2.98560648234796,3.05365441658334,3.17312124510842,3.32652787279857,3.48020632355439,3.61196430172797,3.68772676381459,3.68821244910727,3.63300123751972,3.55379386030627,3.47289796499176,3.40324914379727,3.35415518084649,3.31326348344544,3.25248876851049,3.16754170481574
"Uruguay","URY","Median","Infant Mortality Rate","Total",,,,,,,,,,,,,,,,,,,,,,,,,,,,,,,,,,,,,,,,,,,,,,,,,,,,,,,,,,3.9664922001531,3.90985541514689,3.86653328143614,3.85121022803703,3.86807463893949,3.91620503573258,3.97708413109715,4.03380564105841,4.06398718846999,4.04176822923916,3.95920700123204,3.81865259801538,3.63401197637863,3.44393569350481,3.28239935239171,3.16460737212972,3.10295911099254,3.10894196236104,3.175410145733,3.29628118565495,3.45408937893649,3.61948624750711,3.76225304569433,3.84548381313397,3.84906642636112,3.78937106580877,3.70309118662232,3.61840700159029,3.55158192495072,3.51319595036751,3.4965053922791,3.4873016288806,3.46657163456372
"Uruguay","URY","Upper","Infant Mortality Rate","Total",,,,,,,,,,,,,,,,,,,,,,,,,,,,,,,,,,,,,,,,,,,,,,,,,,,,,,,,,,4.29720679516886,4.1708190237855,4.07843809165295,4.02585812097728,4.02656036598728,4.0684800774949,4.12640712565324,4.18297348720152,4.21571202422494,4.19290310108134,4.10956031399846,3.96351100392496,3.77290620654001,3.57720645721863,3.40863083969339,3.28360251218066,3.22353181647885,3.2291221971384,3.30261733847738,3.43273820522796,3.60713703279847,3.79251743692677,3.95249006367171,4.05117127204442,4.05415144139779,3.98344010974407,3.88162137107495,3.78067404468104,3.7056959799109,3.67274632089685,3.6804506687278,3.70829052751618,3.73537303774617
"Uzbekistan","UZB","Lower","Infant Mortality Rate","Total",,,,,,,,,,,,,,,,,,,,,,,,,,,,,,,,,,,,,,,,,,,,,,,,,,,,,,,,,,3.92582970471987,4.09497638181084,4.25592226064015,4.39685355090885,4.51115654020746,4.58926583044839,4.62632614178122,4.61614120186985,4.57841336783621,4.53170592546153,4.4729907347252,4.37713285739993,4.23051366892926,4.00632294932735,3.70917714207118,3.39330972838272,3.12945455046539,2.95065934012836,2.83976648514342,2.78933728023838,2.78512131050253,2.81557996598591,2.87534733087994,2.95241717380344,3.0491610866841,3.16390427840164,3.29603013451698,3.43902866594949,3.5515814296398,3.59392608899753,3.54573172917649,3.39918150333892,3.17818744561797
"Uzbekistan","UZB","Median","Infant Mortality Rate","Total",,,,,,,,,,,,,,,,,,,,,,,,,,,,,,,,,,,,,,,,,,,,,,,,,,,,,,,,,,4.12716487504282,4.22855748243677,4.35187017136471,4.48105219389171,4.59417806375755,4.67867558792821,4.71513906550694,4.70038479972374,4.65957023964111,4.61230153354552,4.55447415515572,4.45711992658415,4.30453953135516,4.07677830370851,3.77381236530379,3.45455218815988,3.18839265202545,3.00477811227395,2.89352346246569,2.84157100794607,2.83705767977282,2.86862970607343,2.92629913180247,3.00515385825932,3.10301964355298,3.21951182474212,3.35532570828138,3.49969266890308,3.61494310304417,3.65827629617083,3.61193108181721,3.47480214996231,3.27460478503813
"Uzbekistan","UZB","Upper","Infant Mortality Rate","Total",,,,,,,,,,,,,,,,,,,,,,,,,,,,,,,,,,,,,,,,,,,,,,,,,,,,,,,,,,4.31760972620417,4.36234036915191,4.44874490733667,4.56646422099535,4.68299483371251,4.77336795178836,4.81150632250571,4.79007305146815,4.74543213972872,4.6918259066415,4.6317158313134,4.53509202881589,4.38064484992392,4.15197160336938,3.84049219867042,3.51385651428764,3.24514126039104,3.05794674007011,2.94448094487718,2.89110300292877,2.88560340652203,2.91851015448311,2.97747980856179,3.05897694425335,3.16004003116322,3.27905086258346,3.41678476079105,3.56370383271073,3.68137270919852,3.7238831081586,3.67898462601006,3.55081156705173,3.36946380623399
"Vanuatu","VUT","Lower","Infant Mortality Rate","Total",,,,,,,,,,,,,,,,,,,,,,,,,,,,,,,,,,,,,,,,,,,,,,,,,,,,,,,,,,,,4.57712912561604,4.47549810938068,4.38580287490574,4.31243716606632,4.25003373678515,4.20449381692261,4.16595631680989,4.1368412724936,4.11356588626536,4.09081489691807,4.06952722664839,4.05315764323656,4.04177398233443,4.0384531598187,4.04153482183651,4.04832605500821,4.06266882609896,4.07773402097477,4.09126706160218,4.10711190150287,4.1189896717609,4.13041811067337,4.13522732605492,4.11833681646573,4.0900512947859,4.04750174862893,3.99803953814351,3.94650740770022,3.89793137949831,3.83957325888729,3.78092598948464
"Vanuatu","VUT","Median","Infant Mortality Rate","Total",,,,,,,,,,,,,,,,,,,,,,,,,,,,,,,,,,,,,,,,,,,,,,,,,,,,,,,,,,,,5.8498303086661,5.71994011270312,5.60530452197051,5.51153899003834,5.43178387237503,5.37358127503619,5.3243281668121,5.28711749086101,5.25737022875257,5.22829317556413,5.20108632705126,5.1801650721435,5.16561610864667,5.16137190935295,5.16531044798231,5.17399002868689,5.19232090263304,5.21157507510051,5.22887106764473,5.24912167061948,5.26430213386356,5.27890832619419,5.28505477588521,5.26346774781326,5.22731724878252,5.17293651843869,5.10972101149311,5.04386002958412,4.98177711379749,4.90719212977408,4.83223759721521
"Vanuatu","VUT","Upper","Infant Mortality Rate","Total",,,,,,,,,,,,,,,,,,,,,,,,,,,,,,,,,,,,,,,,,,,,,,,,,,,,,,,,,,,,7.48415242621897,7.31797358444671,7.17131117045471,7.05134947989657,6.94931242482525,6.87484922040709,6.81183580805767,6.76422923555794,6.72617120102787,6.68897061798785,6.65416273629499,6.62739651361576,6.60878286933749,6.60335292816562,6.60839181337825,6.61949629018546,6.6429484328084,6.66758182454521,6.68970996121473,6.71561816562219,6.73503973767207,6.75372659934174,6.7615902404972,6.73397224134256,6.68772203736158,6.61814845086978,6.537271833136,6.45301064921463,6.37358304528518,6.27816055271965,6.18226526736828
"Venezuela","VEN","Lower","Infant Mortality Rate","Total",,,,,,,,,,,,,,,,,,,,,,,,,,,,,,,,,,,,,,,,,,,,,,,,,,,,,,,,,,,4.6507737243624,5.05239261516846,5.45126315018628,5.82913557107844,6.07323434528295,6.07093727524188,5.87067405363891,5.60367366927639,5.40984985866065,5.43390430651005,7.96384880496956,6.5126931947733,7.2535027921391,7.81816084549617,8.13244462146032,8.21803505205793,8.23621477339629,8.41753959012764,8.86232447439225,9.35252170689929,9.64577408741919,9.73578234298643,9.76812421312282,9.85477338829264,10.0158718343868,10.2748193577704,10.5395608470126,10.6363338294403,10.4490218352478,10.0768319222375,9.62977064431293,9.15003309043471
"Venezuela","VEN","Median","Infant Mortality Rate","Total",,,,,,,,,,,,,,,,,,,,,,,,,,,,,,,,,,,,,,,,,,,,,,,,,,,,,,,,,,,4.87996506073517,5.20913803626073,5.57338502564833,5.94112578643804,6.1887676084265,6.18506051679258,5.97799965929917,5.71008372205517,5.51691797701724,5.54733698797309,8.12828862784407,6.64725116716226,7.39983723738153,7.96654786076641,8.29003249905612,8.37776819986298,8.39303921209695,8.57547658684363,9.02474022093713,9.52606342763474,9.82434287219168,9.91560671848473,9.94671325388745,10.0374653100314,10.2147022448766,10.4916223999535,10.7711257461408,10.8957672481909,10.7914887701511,10.5740817193615,10.3584535316793,10.1769071359646
"Venezuela","VEN","Upper","Infant Mortality Rate","Total",,,,,,,,,,,,,,,,,,,,,,,,,,,,,,,,,,,,,,,,,,,,,,,,,,,,,,,,,,,5.12304840049234,5.3753849510588,5.69537168642317,6.05367348810488,6.30794390261061,6.30085115839638,6.08879112184527,5.81799000667365,5.62158763429244,5.65986625072703,8.29542733965021,6.78132307019567,7.54801790015902,8.11760345777214,8.44724100572061,8.53439159633931,8.55040220839273,8.73675772300904,9.18751502143138,9.70207690466881,10.0008982906313,10.0983034975986,10.1341909714794,10.2260834076457,10.4227925134556,10.712676704334,11.0067983641452,11.1617689394977,11.1542231112299,11.0926726245617,11.1258859781288,11.2847688869524
"Vietnam","VNM","Lower","Infant Mortality Rate","Total",,,,,,,,,,,,,,,,,,,,,,,,,,,,,,,,,,,,,,,,,,,,,,,4.97537278910065,5.0995567295728,5.20203573684454,5.25079607021457,5.27870719588253,5.27511808071311,5.26348996755332,5.20731548181754,5.15474980950913,5.07326129333686,4.95991111193147,4.8501837934151,4.70648719975801,4.54004424444705,4.37202466707129,4.20856641599085,4.04513229599984,3.90344335493267,3.74498919359723,3.61146629183394,3.50893386847303,3.42031246356582,3.34907373625205,3.30136756604436,3.28093135889581,3.26902286178321,3.26718576796042,3.26331737390485,3.25937469857473,3.26577991626466,3.2476300546603,3.21938444270949,3.17896400631447,3.13021752380271,3.07188864611855,3.0077642961531,2.92870062006404,2.83838395746545,2.74497854594333,2.6283320843938,2.50159229124635,2.38384855868794,2.27004264855266,2.15873960773304
"Vietnam","VNM","Median","Infant Mortality Rate","Total",,,,,,,,,,,,,,,,,,,,,,,,,,,,,,,,,,,,,,,,,,,,,,,7.48879710191433,7.42308138620016,7.38560834265635,7.36221243353162,7.31619515636756,7.25675497943001,7.1858087620973,7.08949830555741,6.98273595391324,6.84281777353776,6.67939785200692,6.50922924271525,6.31062771450984,6.09364955496939,5.86031329936866,5.63509282446438,5.42290854021199,5.222522516219,5.02963497678588,4.85448325567438,4.69416954819591,4.56237992853659,4.44933960344619,4.35188455721743,4.27369052170395,4.20642116592123,4.14317849134587,4.06988409315335,4.0005108190049,3.93323808082398,3.85850641603066,3.77361279433233,3.68683821412186,3.59652123834372,3.50398880653642,3.42162594177616,3.33693668865639,3.25504857645384,3.17992275697315,3.10587544764852,3.03701445482705,2.9642595904043,2.89336080014166,2.81201660614274
"Vietnam","VNM","Upper","Infant Mortality Rate","Total",,,,,,,,,,,,,,,,,,,,,,,,,,,,,,,,,,,,,,,,,,,,,,,11.5197892743995,11.203100631699,10.9628523486197,10.7094375721031,10.4762925752632,10.2653467486727,10.0418039017748,9.76192244065365,9.51432049917706,9.22518209966521,8.92063218272112,8.65966214014825,8.34456993442864,8.04223603945893,7.72276808209967,7.41370493143151,7.11908588722365,6.84500252546723,6.57399053794307,6.31510467963321,6.07965743905321,5.87599373534422,5.67688711833083,5.52441483683378,5.36903643599193,5.23380338611174,5.10217790882657,4.95397072380469,4.81984655898431,4.68947452108821,4.55638694986304,4.41175357664132,4.27944065680102,4.13855351370881,3.99924016445055,3.88730472781486,3.78950671217285,3.72380018417659,3.67406794512798,3.6514037007546,3.6388545948498,3.61976075094741,3.58833521925765,3.53540918147251
"Yemen","YEM","Lower","Infant Mortality Rate","Total",,,,,,,,,,,,,,,,,,,,,,,,,,,,,,,,,,,,,,,,,,,,,,,,,,,,,,,,,,,,5.97578353713744,5.90395335214727,5.83873020690367,5.78048479409382,6.12271200169676,5.67995928279349,5.63008698756772,5.57048929838613,5.49565679479291,5.40477880160915,5.30288998111101,5.19149208262382,5.07903282591985,4.96642222645405,4.85614525344513,4.74989542693729,4.6443337743945,4.54238033763531,4.44961607304444,4.3797449563921,4.33992950860099,4.32785532291041,4.32685363388265,4.32685363388265,4.32685363388265,6.03757891419636,5.82071302438101,5.99710205446493,7.49686131949307,6.81350074814872,6.11307113137025
"Yemen","YEM","Median","Infant Mortality Rate","Total",,,,,,,,,,,,,,,,,,,,,,,,,,,,,,,,,,,,,,,,,,,,,,,,,,,,,,,,,,,,7.66482559944047,7.57269277078234,7.48903444711108,7.41432609658593,7.85328307107443,7.28538727080298,7.22141868111533,7.14497583627872,7.04899209027338,6.9324276323656,6.80174016104112,6.65885589176628,6.51461027371105,6.37017053619552,6.22872401951789,6.09244291343494,5.95704449217338,5.82627414094391,5.70729026116804,5.61767022720093,5.56660103073725,5.55111410304009,5.54982928881365,5.54982928881365,5.54982928881365,7.74408730379518,7.46592474760955,7.69216974876221,9.61583266863637,8.73932173608048,7.84091722997254
"Yemen","YEM","Upper","Infant Mortality Rate","Total",,,,,,,,,,,,,,,,,,,,,,,,,,,,,,,,,,,,,,,,,,,,,,,,,,,,,,,,,,,,9.77241734770816,9.6549508194237,9.54828902485073,9.45303817129655,10.0126948388536,9.28864512653289,9.20708713836188,9.10962485780536,8.98724852811704,8.83863242253111,8.67200990838119,8.48983685125671,8.30592811622734,8.12177188484509,7.94143191814653,7.76767769139059,7.59504886068565,7.42832067720107,7.27661988300372,7.1623570908136,7.09724543302303,7.07750007562031,7.07586197692228,7.07586197692228,7.07586197692228,9.8734735876181,9.51882486739807,9.80728029869424,12.2598914697421,11.1423669374957,9.99692877105007
"Argentina","ARG","Lower","Infant Mortality Rate","Total",,,,,,,,,,,,,,,,,,,,,,,,,,,,,,,,,,,,,,,,,,,,,,,,,,,,,,,,,,3.69289794823729,3.63018694325818,3.57835811075779,3.55034028165535,3.54817737057949,3.56203214299694,3.58306964481354,3.61638494574331,3.67079507541177,3.7378576850881,3.80467969044026,3.85511207733092,3.86615765606297,3.82044083424916,3.72604436907111,3.61134072743747,3.50931856538493,3.45607867510219,3.48175292855345,3.5710068047717,3.67407967797349,3.76784723238243,3.84591472026482,3.9116968879574,3.94410477075268,3.92166407557558,3.84286087734884,3.72718299927121,3.60103457764345,3.46515326803421,3.30460747157496,3.11720779095215,2.92409462293313
"Argentina","ARG","Median","Infant Mortality Rate","Total",,,,,,,,,,,,,,,,,,,,,,,,,,,,,,,,,,,,,,,,,,,,,,,,,,,,,,,,,,3.85500569374347,3.7423264079127,3.656714842628,3.61682935326744,3.61534966591149,3.63232569799342,3.6566581756943,3.69289731898494,3.74296997998207,3.80576489011898,3.87047695365059,3.92201135149209,3.93424145770517,3.88489473502951,3.78724204375601,3.67335079362016,3.57367180176586,3.52110421243133,3.54606372129982,3.63237399828843,3.73581884393863,3.82956868876426,3.91017010618164,3.97657188154398,4.01205611057684,3.99117266233865,3.90959943867882,3.7917128657224,3.66379513416462,3.52792870482491,3.37744966760949,3.21662195785814,3.06294810581047
"Argentina","ARG","Upper","Infant Mortality Rate","Total",,,,,,,,,,,,,,,,,,,,,,,,,,,,,,,,,,,,,,,,,,,,,,,,,,,,,,,,,,4.05010393513277,3.86545168427116,3.7386670438287,3.68259888956857,3.67717597012591,3.69675649808149,3.7228739479708,3.76126312467325,3.80880484303457,3.86900316788494,3.93846788540769,3.9961933272375,4.01349449849481,3.95941826992926,3.85262972887783,3.73395378176368,3.63064637449139,3.57958084603401,3.60416157692902,3.69241006715203,3.79944706715688,3.89373980593599,3.97779463229929,4.04619370153843,4.08433901491668,4.06506577673159,3.98153919246402,3.85968506508808,3.72808710839523,3.59146560560671,3.45232132523667,3.31559419471201,3.19396536886141
"Australia","AUS","Lower","Infant Mortality Rate","Total",,,,,,,,,,,,,,,,,,,,,,,,,,,,,,,,,,,,,,,,,,,,,,,,,,,,,,,,,,3.68954449223555,3.41643099831269,3.16774906073958,2.96142996797508,2.81494068377573,2.73254439191439,2.71483134142243,2.75485453425419,2.81837063459356,2.87031374390508,2.86680495115281,2.76609112629271,2.57521433113232,2.36590227255508,2.19558746082773,2.0709744894724,1.9854398503571,1.92600331348627,1.87360066057808,1.81225098977869,1.74651898097057,1.6911152933929,1.64904810725514,1.60994028194525,1.56370663967693,1.515914695067,1.47783937525227,1.45733620048546,1.45396553382384,1.46737396309242,1.49158385027766,1.51787446023962,1.53907865898154
"Australia","AUS","Median","Infant Mortality Rate","Total",,,,,,,,,,,,,,,,,,,,,,,,,,,,,,,,,,,,,,,,,,,,,,,,,,,,,,,,,,3.83093131246951,3.52375396200223,3.25143522173566,3.03036734341208,2.87580018061731,2.78868305586739,2.76970406652741,2.80984475558605,2.87593164244625,2.9286000160374,2.92462495870353,2.82316487071819,2.63039403883218,2.41803131330689,2.24472353703418,2.11865553233592,2.03132974954691,1.96961025410798,1.91467554824971,1.85084231856144,1.78295384027542,1.7263253468455,1.68412119383141,1.64482642394171,1.59814286208476,1.54949766764073,1.51189466313822,1.49174932683245,1.49014389194408,1.50629039256453,1.53630628005153,1.57120663656934,1.60380228616924
"Australia","AUS","Upper","Infant Mortality Rate","Total",,,,,,,,,,,,,,,,,,,,,,,,,,,,,,,,,,,,,,,,,,,,,,,,,,,,,,,,,,4.00532176802008,3.64945105053735,3.34214859317405,3.1032422524501,2.93722881213008,2.84441330130145,2.8229124683981,2.86240312565421,2.92961189454149,2.98238486808611,2.97914845047325,2.87647991018415,2.68024709547781,2.46472279351085,2.28850226172019,2.16051028315014,2.07230497104588,2.00919417537491,1.95436912133791,1.88995417684834,1.82195666196081,1.76591695604844,1.72521348546227,1.68684880197356,1.63875659852952,1.58820926952652,1.54865118487442,1.52792752100501,1.52780520028668,1.54684769512808,1.58146316898489,1.62479658641969,1.66827568992009
"Austria","AUT","Lower","Infant Mortality Rate","Total",,,,,,,,,,,,,,,,,,,,,,,,,,,,,,,,,,,,,,,,,,,,,,,,,,,,,,,,,,3.32018268580083,3.36551266740323,3.4066182770848,3.43498364798915,3.44558061834987,3.42387818075609,3.34941779601805,3.21927718575269,3.06797669286475,2.93188135859318,2.81614604879844,2.72830590643953,2.66311806873401,2.61412138684662,2.57214119905127,2.52851625815212,2.47072644425595,2.39446153742866,2.30260710132937,2.1992780130282,2.08674368521128,1.96372908257173,1.83563577134298,1.70985978337901,1.59613664896853,1.50012634574468,1.42544166737349,1.37241080372877,1.33400550178689,1.30359616521548,1.27696131829377,1.25201956247264,1.22716334695149
"Austria","AUT","Median","Infant Mortality Rate","Total",,,,,,,,,,,,,,,,,,,,,,,,,,,,,,,,,,,,,,,,,,,,,,,,,,,,,,,,,,3.53031410254792,3.53775770357028,3.54873918669006,3.56000462604138,3.55993375866893,3.53104312895707,3.4504527443247,3.31609104171767,3.16189436156129,3.02065945825358,2.90231581178285,2.81021711376291,2.74219639529869,2.69204144109292,2.650339942126,2.60624962853026,2.54683316781926,2.46906126868396,2.37562378336154,2.27262134952419,2.16212597909591,2.04233062155571,1.91695198682515,1.79331261861948,1.67818142092862,1.57679070971515,1.49657782211979,1.43898092136743,1.39867287690933,1.36959506028133,1.34928722932453,1.33275054853161,1.31854325954463
"Austria","AUT","Upper","Infant Mortality Rate","Total",,,,,,,,,,,,,,,,,,,,,,,,,,,,,,,,,,,,,,,,,,,,,,,,,,,,,,,,,,3.75662434049162,3.72136923296022,3.70080088217793,3.69238730961898,3.68119365925915,3.64384742984553,3.55538972688279,3.41320301426977,3.2541244059589,3.11014230863026,2.98860241737613,2.89716254024155,2.82930097893902,2.78324784956752,2.74340938532764,2.70139130019999,2.64152645452388,2.55871431699559,2.45884590832757,2.35068102424987,2.23651957502821,2.11442027834206,1.98675177027299,1.86166911270334,1.74390087099645,1.64102965424494,1.55893190900566,1.50099344606569,1.46213350182703,1.44000495993655,1.42940921190484,1.42698627348816,1.43044511074589
"Belgium","BEL","Lower","Infant Mortality Rate","Total",,,,,,,,,,,,,,,,,,,,,,,,,,,,,,,,,,,,,,,,,,,,,,,,,,,,,,,,,,3.06713302010866,3.02503924503718,2.97890604946891,2.93173778887615,2.88179762665843,2.83211215213299,2.77422032537228,2.70861321453397,2.64299941585272,2.58830039250994,2.54522160821674,2.49928906630308,2.43841487562373,2.35305703308883,2.2447717331219,2.12112500771894,1.99960794688149,1.89458367436772,1.80504310638719,1.72781434691247,1.6576476112801,1.58870888493291,1.51927232720762,1.44940352960977,1.38162336819325,1.31489027424937,1.25089446862023,1.19052047643763,1.13139762160313,1.07395296159866,1.01673855116939,0.962813645891159,0.909905499599429
"Belgium","BEL","Median","Infant Mortality Rate","Total",,,,,,,,,,,,,,,,,,,,,,,,,,,,,,,,,,,,,,,,,,,,,,,,,,,,,,,,,,3.23254155215309,3.16146550684466,3.09102020953733,3.030104545834,2.97137463736264,2.91591469874818,2.85551889912485,2.78757297489927,2.71962382504955,2.662780761477,2.61684436009743,2.57004357017816,2.50555915559833,2.41691249082881,2.30732965956321,2.18156821185933,2.05819373437978,1.95115462143695,1.86001691182009,1.78133666295939,1.70975899603068,1.63963917828413,1.56918484973362,1.49896879852299,1.43019677884206,1.36473603884684,1.30243858515058,1.24429816124348,1.18900975041739,1.13795253689847,1.08840447718295,1.04436295592454,1.00420292295481
"Belgium","BEL","Upper","Infant Mortality Rate","Total",,,,,,,,,,,,,,,,,,,,,,,,,,,,,,,,,,,,,,,,,,,,,,,,,,,,,,,,,,3.41566820315119,3.30806902499875,3.21194131442486,3.13160696128483,3.06126663448934,2.99987419378063,2.9340048213539,2.86276708673856,2.79159603433358,2.73325240898932,2.68626924517859,2.63962696226118,2.57458401745064,2.48500160906315,2.37286746996874,2.24410682845296,2.11850446178547,2.00926472080047,1.91625662398229,1.83629988275482,1.76412146614582,1.69339249230955,1.62150219240184,1.55123410705432,1.48168362058178,1.41672539150156,1.35576058797019,1.29954081206981,1.24784365916505,1.20189008577851,1.15823472369257,1.12261189633374,1.09589013122141
"Bulgaria","BGR","Lower","Infant Mortality Rate","Total",,,,,,,,,,,,,,,,,,,,,,,,,,,,,,,,,,,,,,,,,,,,,,,,,,,,,,,,,,3.12385160371391,3.22993011930084,3.32287508734098,3.39946171480185,3.46329205134583,3.49914249249904,3.48943564883365,3.42487308948595,3.32126271557279,3.19729086755619,3.06066804836433,2.92046940054509,2.77900993977902,2.64398507933781,2.52690202670884,2.44414257120688,2.41151321755171,2.42950860821845,2.4708168266027,2.50293504992678,2.50856547084184,2.47880144262657,2.42321498386693,2.35624352318303,2.30061908721416,2.254167710036,2.21752320054796,2.18923455626692,2.16648732753007,2.15042609904863,2.13746538981507,2.11804232875394,2.08292779560097
"Bulgaria","BGR","Median","Infant Mortality Rate","Total",,,,,,,,,,,,,,,,,,,,,,,,,,,,,,,,,,,,,,,,,,,,,,,,,,,,,,,,,,3.3454137536355,3.39736305140901,3.45343102749242,3.51007670985088,3.56675120937224,3.60082423721572,3.58908845937393,3.52083846777518,3.4163003851267,3.28864597229155,3.15290954371783,3.0125475717297,2.87378187637622,2.74895956410629,2.64662429044527,2.57683400475366,2.54777783202914,2.55538305779623,2.5814323480638,2.60184671716204,2.60272539148443,2.57386768409712,2.51606184931986,2.44981295783544,2.39203545399983,2.34655890780782,2.31168852905067,2.28498746420089,2.26661028964071,2.25753575663924,2.25484339792176,2.25492629631773,2.25236182260255
"Bulgaria","BGR","Upper","Infant Mortality Rate","Total",,,,,,,,,,,,,,,,,,,,,,,,,,,,,,,,,,,,,,,,,,,,,,,,,,,,,,,,,,3.55466743947839,3.56507607202768,3.58839329488712,3.62481420569943,3.67274791440613,3.71016197263065,3.70409391434475,3.638923774783,3.5358267982473,3.40462059848661,3.26071030943142,3.11154461563724,2.96342213513558,2.8394556344894,2.7427577548364,2.67608325171384,2.64859362224818,2.65382253172527,2.67595651057547,2.69585208953005,2.70237565230425,2.68129241175386,2.62843420466724,2.56252659974339,2.50426191145911,2.45963382217247,2.42357668862479,2.39513587017927,2.37941356752799,2.37387656945207,2.37845329409856,2.39682074037943,2.42363563458563
"Canada","CAN","Lower","Infant Mortality Rate","Total",,,,,,,,,,,,,,,,,,,,,,,,,,,,,,,,,,,,,,,,,,,,,,,,,,,,,,,,,,3.64292475154959,3.49149866633453,3.34146272935095,3.19783773080488,3.06436263710418,2.94791782713151,2.84949333976854,2.76547837910082,2.69258775240813,2.62770167604632,2.56573553378714,2.50575214992456,2.44806289993942,2.39182763487239,2.33838450870277,2.29098654947594,2.24856584298751,2.20344739655972,2.1472570484334,2.0814618768394,2.00983669383487,1.93893314861812,1.86891912710488,1.80401203677345,1.7476901228262,1.70565631419215,1.68131993666363,1.67072805147277,1.66897359091115,1.66859873427519,1.65716676220338,1.62939370076665,1.58751205455004
"Canada","CAN","Median","Infant Mortality Rate","Total",,,,,,,,,,,,,,,,,,,,,,,,,,,,,,,,,,,,,,,,,,,,,,,,,,,,,,,,,,3.77557526995492,3.59137096061908,3.41925518893547,3.26057960423888,3.11892153346367,2.9972359147419,2.89582600928983,2.81041611484049,2.73610179101141,2.66989659234883,2.60758519022749,2.54699843447204,2.4881717629629,2.43094140505883,2.3771987928418,2.32985264354787,2.286873039674,2.24067912496974,2.18355386710685,2.11708610829247,2.04550769466642,1.97362015966273,1.90327170569221,1.83782430566222,1.78129582616161,1.74010442753387,1.7171338154577,1.70809882532937,1.70930278198449,1.71243242325172,1.70857794889024,1.690577189584,1.66100602846155
"Canada","CAN","Upper","Infant Mortality Rate","Total",,,,,,,,,,,,,,,,,,,,,,,,,,,,,,,,,,,,,,,,,,,,,,,,,,,,,,,,,,3.90193068426847,3.68991548694948,3.49635913391473,3.32364049573327,3.17357167823734,3.04815584673213,2.94392987361981,2.8573633954457,2.78310924801052,2.71537678681103,2.65231030750674,2.59090197453454,2.53098929552841,2.47286375001565,2.41871660982658,2.37041153317233,2.32669602538714,2.28051193132133,2.2225155156675,2.1559729537163,2.08382404191893,2.0109945349911,1.93976150609009,1.87326220805997,1.8160128334287,1.7743948590317,1.75186922047629,1.74470534734808,1.74915511699931,1.75744650068362,1.76037266081527,1.75143822206452,1.7356104461945
"Croatia","HRV","Lower","Infant Mortality Rate","Total",,,,,,,,,,,,,,,,,,,,,,,,,,,,,,,,,,,,,,,,,,,,,,,,,,,,,,,,,,1.88993628181277,2.50277132090527,3.17905531650329,5.42267329073206,4.16311675490347,4.19262940475159,3.89728067413881,4.00299423897038,3.12244935677495,2.86349530007628,2.69500407438383,2.60028704291006,2.54423700158989,2.50654180754982,2.46623923122232,2.41972528226407,2.36285793431238,2.29726209057192,2.22611558951366,2.13831356737179,2.03048213009485,1.90454735070135,1.77647276436217,1.65665183438341,1.55628000028785,1.47659316027312,1.4238655973863,1.39213659043103,1.3773134561588,1.37533941660513,1.37774110501463,1.3776191836893,1.36418783140016
"Croatia","HRV","Median","Infant Mortality Rate","Total",,,,,,,,,,,,,,,,,,,,,,,,,,,,,,,,,,,,,,,,,,,,,,,,,,,,,,,,,,2.1119981312882,2.71823051472107,3.38753283246512,5.70802296569365,4.35757634140915,4.38074676688561,4.07432954994709,4.19394043281173,3.27114187541018,2.99997332875663,2.82121409146162,2.72147973693553,2.66612917100485,2.62523985657958,2.58479106688156,2.53927150290347,2.48283339220305,2.4161646709558,2.34372765931512,2.25544724767131,2.14540804937056,2.01603251636655,1.88266894064549,1.75821328194892,1.65444162457735,1.57487909227018,1.52266127229487,1.49461532549356,1.4872832118048,1.49789071999572,1.51967907758944,1.5489519067625,1.56708586580797
"Croatia","HRV","Upper","Infant Mortality Rate","Total",,,,,,,,,,,,,,,,,,,,,,,,,,,,,,,,,,,,,,,,,,,,,,,,,,,,,,,,,,2.35693191813022,2.95041086326558,3.60913807242152,6.01193018395708,4.5647169725625,4.58350917016472,4.26462142149778,4.39208717410901,3.42483320527456,3.13719982216944,2.94794921295439,2.84219994833,2.78623629599545,2.74725697119586,2.70947022466377,2.66429653421288,2.60746190359666,2.54016748782965,2.46826885254358,2.37878573193909,2.26563242498109,2.13159295736382,1.995389176701,1.86816281784462,1.761272416344,1.67992591192308,1.62692635342376,1.60323491254693,1.60454084587947,1.63050496650136,1.67439237771158,1.73792670445255,1.78719989243439
"Cyprus","CYP","Lower","Infant Mortality Rate","Total",,,,,,,,,,,,,,,,,,,,,,,,,,,,,,,,,,,,,,,,,,,,,,,,,,,,,,,,,,2.1427054167941,2.34239991040452,2.54106074762409,2.7403767597963,2.92119115452897,3.07526478931107,3.19223355463516,3.27793264345558,3.32193818572563,3.33258168257856,3.31082100792574,3.26432752999064,3.18580798851031,3.08313521963222,2.95341316552833,2.80460416329313,2.62447808552584,2.42992798838935,2.21790413940083,2.01510409411784,1.83025545285578,1.67037983223327,1.5363803462119,1.42847100760334,1.34404786919792,1.27433049955799,1.21269500156527,1.15416429674415,1.09448221361306,1.03109950681298,0.963737657338114,0.897635971046706,0.836588131528447
"Cyprus","CYP","Median","Infant Mortality Rate","Total",,,,,,,,,,,,,,,,,,,,,,,,,,,,,,,,,,,,,,,,,,,,,,,,,,,,,,,,,,2.61894983476759,2.75850775153365,2.90495297637217,3.05496383358025,3.20466594829119,3.34189665846789,3.45180683515123,3.53138485860151,3.57354267315345,3.58372137347044,3.56324650112865,3.5113333319918,3.43250335522929,3.32735497837497,3.19316981699563,3.03175296497236,2.84222268012581,2.63212755250185,2.41070284532084,2.197567012219,2.00149758970045,1.83406713867423,1.69277840818145,1.57914553748042,1.49010472022728,1.41718339829669,1.35659863926062,1.30284418849976,1.25036941942879,1.20153426741236,1.1546240751202,1.10983568047033,1.06677660356291
"Cyprus","CYP","Upper","Infant Mortality Rate","Total",,,,,,,,,,,,,,,,,,,,,,,,,,,,,,,,,,,,,,,,,,,,,,,,,,,,,,,,,,3.15176658898868,3.22416623590241,3.32149389551719,3.42389003387859,3.53577799544022,3.63860365227196,3.72860179608281,3.80540841581372,3.84502482042198,3.85639248654964,3.83509716312412,3.77735712768727,3.69311762022964,3.58297252676893,3.44398796632605,3.27418700781561,3.07299337967254,2.85218451901062,2.61937158139728,2.3921397312556,2.18501502799367,2.00607887814908,1.85293944851406,1.73353628295295,1.64227216959485,1.57066325580508,1.51462967976005,1.47062729400774,1.43099590372138,1.40023427853453,1.37713075362667,1.35810962231266,1.34030526346689
"Czech Republic","CZE","Lower","Infant Mortality Rate","Total",,,,,,,,,,,,,,,,,,,,,,,,,,,,,,,,,,,,,,,,,,,,,,,,,,,,,,,,,,2.39651294335105,2.57093593420332,2.72912952534713,2.84177695842317,2.89659619039823,2.89299965598659,2.84067549161858,2.75752825187307,2.66421235666318,2.5797933707543,2.50521484728183,2.44396405911823,2.38872380870705,2.33001274245497,2.26351306810886,2.18901022916891,2.11142434433231,2.03304391783821,1.95874422239125,1.89225089381493,1.83528648366025,1.78559987568829,1.74070570009365,1.69651845718075,1.64864661118481,1.60056252525843,1.55400905957449,1.51179576010607,1.47226042748366,1.4338013852859,1.39294899859668,1.34183084232549,1.27876354856332
"Czech Republic","CZE","Median","Infant Mortality Rate","Total",,,,,,,,,,,,,,,,,,,,,,,,,,,,,,,,,,,,,,,,,,,,,,,,,,,,,,,,,,2.62431696845352,2.73761854465696,2.84691638157037,2.93226810407374,2.975377738686,2.97076702738271,2.91943358599833,2.83687200010207,2.74233557549509,2.65395437165911,2.57757565906179,2.51427613507164,2.45925023485922,2.40186760043773,2.33713453911952,2.26464360991553,2.18803165899228,2.1102876684204,2.0353738990997,1.96813735718695,1.90786265250195,1.85437320183612,1.80695869802832,1.76109645063847,1.71396210553167,1.66470657143392,1.61801984748177,1.57616330755284,1.53792977254142,1.50311347549853,1.46871311490171,1.4284375563559,1.38175033548956
"Czech Republic","CZE","Upper","Infant Mortality Rate","Total",,,,,,,,,,,,,,,,,,,,,,,,,,,,,,,,,,,,,,,,,,,,,,,,,,,,,,,,,,2.79106500561918,2.87427513339903,2.9556583083883,3.02097813748289,3.06008670088048,3.0600729577542,3.01426833940871,2.93178778363733,2.83373783826976,2.74202034304345,2.66014776924492,2.59223635030029,2.53418562821341,2.4755144424086,2.40731753072011,2.33296014174564,2.2547585544949,2.17760564404744,2.1020070011369,2.03357271008346,1.97359906850911,1.92052631400375,1.8750938195932,1.83304333065841,1.78626298731929,1.73853899424699,1.69095801369701,1.6462394161978,1.60787091265342,1.5759837094563,1.54769588486719,1.51706094966423,1.48365349194748
"Denmark","DNK","Lower","Infant Mortality Rate","Total",,,,,,,,,,,,,,,,,,,,,,,,,,,,,,,,,,,,,,,,,,,,,,,,,,,,,,,,,,1.93606980428482,1.98202260339072,2.01262917587236,2.03705367194885,2.05427885828218,2.06352500271181,2.0721082921937,2.07782438547193,2.07526340548101,2.06910979607391,2.06266326677293,2.05014054095694,2.02533945172077,1.98000570603184,1.92280683233393,1.85930051978402,1.79343472617955,1.72590398526261,1.65308794152021,1.56848793597651,1.46844942871165,1.35258801411478,1.23319349983107,1.11957832339308,1.02477613579545,0.955120237081721,0.913382145431181,0.891200286161578,0.883257186463844,0.87938127515822,0.874012189156234,0.866511192658748,0.853718010588969
"Denmark","DNK","Median","Infant Mortality Rate","Total",,,,,,,,,,,,,,,,,,,,,,,,,,,,,,,,,,,,,,,,,,,,,,,,,,,,,,,,,,2.18361936313488,2.17121759599057,2.16182082312798,2.15992928097763,2.16234550318122,2.16746169950222,2.17349300467904,2.17719735238138,2.17713440288046,2.17306529235605,2.16518308950681,2.15234237329629,2.12637113777871,2.08032691097772,2.01867900439444,1.95067274701203,1.88217191233959,1.81174408004918,1.73801172874515,1.65375304600141,1.55208488599712,1.43664437065773,1.31669227447562,1.20531077026372,1.11089631004879,1.03865146465856,0.990603574694066,0.962811959174168,0.950005904123062,0.949794521136145,0.957038483291413,0.965847811494268,0.969342290460267
"Denmark","DNK","Upper","Infant Mortality Rate","Total",,,,,,,,,,,,,,,,,,,,,,,,,,,,,,,,,,,,,,,,,,,,,,,,,,,,,,,,,,2.41402105288547,2.35524266072077,2.31301797222216,2.28807789773233,2.27674893054054,2.2770303696652,2.28433113039443,2.29491261399887,2.29958714805834,2.29848264866866,2.29336199243033,2.27932515261532,2.24829800971425,2.19542722032469,2.12758323941804,2.05362974928325,1.98007127338577,1.90412026552223,1.82575760438803,1.73735443447365,1.63438781857944,1.51504764254792,1.39372951342274,1.28004836814273,1.18284338043167,1.10890939821921,1.05788828222695,1.02876259621063,1.01916647830605,1.02935854791202,1.0600966601068,1.10134736704948,1.13773318536721
"Dominica","DMA","Lower","Infant Mortality Rate","Total",,,,,,,,,,,,,,,,,,,,,,,,,,,,,,,,,,,,,,,,,,,,,,,,,,,,,,,,,,,1.73545032820538,1.89734767415333,2.07450324559962,2.23279125171278,2.37995182956261,2.49535131135026,2.58536516001891,2.64166741914122,2.65937428250902,2.65430849619648,2.62065034491963,2.57057498618887,2.49986836544637,2.41361309806725,2.31798991209958,2.22202322712312,2.12990238852665,2.042884694713,1.96648274142176,1.89483256279516,1.83171886490132,1.76479910865491,1.69276835997782,1.60779427972574,1.51588795838875,1.42614715862672,1.33246798007515,1.24637093727463,1.16996566395934,1.113997465341,1.05459294939527,1.00569366527107
"Dominica","DMA","Median","Infant Mortality Rate","Total",,,,,,,,,,,,,,,,,,,,,,,,,,,,,,,,,,,,,,,,,,,,,,,,,,,,,,,,,,,2.64153505484659,2.75352908046714,2.87071756133766,2.98664594181274,3.08493154660337,3.16687726357227,3.2196809697553,3.24284616454972,3.23744377434347,3.21260325627894,3.16583394313986,3.10186205900138,3.01813768765304,2.9230227963142,2.82393227136534,2.7248154987725,2.61851613981974,2.53578074857933,2.46517118538955,2.41149242072254,2.36918468105991,2.33562956034632,2.29757918866684,2.26176162003501,2.2187773606699,2.17862933889177,2.1327512732646,2.07655425495553,2.01227200457024,1.95560885127887,1.89802726601292,1.83638870848327
"Dominica","DMA","Upper","Infant Mortality Rate","Total",,,,,,,,,,,,,,,,,,,,,,,,,,,,,,,,,,,,,,,,,,,,,,,,,,,,,,,,,,,3.81609685429513,3.85979616276023,3.90651698651377,3.95277875527772,3.98205056041097,3.9903483769333,3.9890987051459,3.96065327290442,3.91489948022491,3.85680054196932,3.78612530199061,3.70796980529752,3.62329466933123,3.51969539895174,3.41376372538753,3.31749088540438,3.21707964460161,3.14617544968406,3.09461133917467,3.06914995357083,3.08012713331137,3.10149480049533,3.12562423296487,3.15348520567257,3.19153244080328,3.24648191024452,3.28138118025363,3.28931723001569,3.25846998281183,3.22004616464517,3.18085538055067,3.11296602850984
"Estonia","EST","Lower","Infant Mortality Rate","Total",,,,,,,,,,,,,,,,,,,,,,,,,,,,,,,,,,,,,,,,,,,,,,,,,,,,,,,,,,4.90541497710051,5.17460640479169,5.42241644461453,5.6107809470599,5.71681439554033,5.70065429883886,5.52178968345191,5.19359560324467,4.80792558375829,4.45183414466399,4.15874099196778,3.94009431681415,3.79893659243345,3.69362155504995,3.60208050310816,3.50481993241876,3.3885826112813,3.24826597350199,3.08002555003231,2.89006740274065,2.68748663443818,2.49514723338903,2.32543833507446,2.18636446172748,2.08755354807614,2.00891927199392,1.94149098142341,1.87693914627671,1.80857540281859,1.72530990916588,1.63120942476537,1.53355888619255,1.43041492936749
"Estonia","EST","Median","Infant Mortality Rate","Total",,,,,,,,,,,,,,,,,,,,,,,,,,,,,,,,,,,,,,,,,,,,,,,,,,,,,,,,,,5.48716002716866,5.65692848234812,5.82386406952724,5.96143698172199,6.04690538971573,6.02345761411234,5.83724243695808,5.49430913698582,5.09624207947088,4.72154186164711,4.41257414538642,4.18185209429204,4.03338823955962,3.92927994323448,3.83725566982915,3.73679238959206,3.6205934252255,3.48189184543645,3.31600018140547,3.12339091071707,2.91916861289995,2.72015869653072,2.54249916246074,2.39483527128157,2.28458097598618,2.2000219792428,2.13120228147985,2.06560643719372,1.99841713257294,1.92619239743562,1.84754649091711,1.77035583881592,1.69428567950647
"Estonia","EST","Upper","Infant Mortality Rate","Total",,,,,,,,,,,,,,,,,,,,,,,,,,,,,,,,,,,,,,,,,,,,,,,,,,,,,,,,,,6.12065215532732,6.18736032338273,6.26281551150116,6.34043069353921,6.39883705457787,6.36618820395424,6.17281891878651,5.81197773271901,5.39107356788407,5.00146839083334,4.67460565995388,4.43358197822098,4.27812027500788,4.16879144702809,4.07476629326283,3.97935164549076,3.86541723706954,3.72836088304054,3.56391471415519,3.37474887117686,3.16062092247917,2.95548119812228,2.7696944328329,2.6155195679565,2.49826794817401,2.40907991373985,2.34311718272721,2.27595282125282,2.22015873733087,2.15796944638528,2.09620402130232,2.04043570932759,1.98515170755001
"Finland","FIN","Lower","Infant Mortality Rate","Total",,,,,,,,,,,,,,,,,,,,,,,,,,,,,,,,,,,,,,,,,,,,,,,,,,,,,,,,,,3.67393772209534,3.51621001960862,3.32486539691499,3.11169441137619,2.8889523851774,2.67697261212474,2.50492957683921,2.38579623415361,2.31369197860746,2.2842029912734,2.28387537393206,2.29365773882327,2.29394198752091,2.28007637486726,2.24680923410378,2.20204667584609,2.16467133726771,2.14114875772052,2.12084437604649,2.09298722004082,2.0462828919857,1.97416032627035,1.87415100658361,1.7557045202264,1.63620107824837,1.53622857270465,1.47203779690591,1.45329231671155,1.47583062190706,1.5345331085423,1.61578430004237,1.7093148279109,1.7948096337382
"Finland","FIN","Median","Infant Mortality Rate","Total",,,,,,,,,,,,,,,,,,,,,,,,,,,,,,,,,,,,,,,,,,,,,,,,,,,,,,,,,,3.93313948684168,3.72860038736195,3.49788782735298,3.25521239665402,3.01053676212205,2.78554195665771,2.60706316471362,2.48307034974563,2.40818169866342,2.37843715831213,2.37799773148553,2.38659861778783,2.38681754070678,2.37171096407575,2.33691038935602,2.2919155992845,2.25578778211485,2.23080992981039,2.21170010081494,2.18297852681378,2.13683872933905,2.06352028903691,1.96318808345658,1.84456601479514,1.72329034668544,1.61870104652846,1.5506894100635,1.53118440862788,1.55637560079387,1.62160930013271,1.71702186351655,1.82874529925027,1.93823480087904
"Finland","FIN","Upper","Infant Mortality Rate","Total",,,,,,,,,,,,,,,,,,,,,,,,,,,,,,,,,,,,,,,,,,,,,,,,,,,,,,,,,,4.25142297741618,3.97022805449568,3.68183041394376,3.40183004870091,3.13420913658667,2.8948777904099,2.70657136243296,2.57609335997945,2.4974409931942,2.46812531533496,2.46784325341462,2.47705886289324,2.47771319420829,2.46427716441004,2.42822520000795,2.38254802963984,2.34471203902142,2.31826664179342,2.2993546246062,2.2699970922947,2.22421531678916,2.14998122343249,2.04629907686801,1.92518622835728,1.80122288338582,1.69386580666233,1.62402479883016,1.6061328056715,1.63632798176031,1.7136490879457,1.82715736396484,1.96962688012109,2.11871731110297
"France","FRA","Lower","Infant Mortality Rate","Total",,,,,,,,,,,,,,,,,,,,,,,,,,,,,,,,,,,,,,,,,,,,,,,,,,,,,,,,,,2.78934769143603,2.78530253240522,2.74311017000903,2.67373326434409,2.59065294653393,2.50121881802433,2.4121209198129,2.34289951300085,2.31997399704518,2.32227549485373,2.31339048046873,2.28073401794049,2.2191430562022,2.12149652968338,1.99004987559881,1.8433686893019,1.71427377844945,1.60996748499873,1.53580274749012,1.48082145624802,1.43535481260624,1.39146688495801,1.33839015358672,1.27275674180684,1.19863459310136,1.13499633615381,1.09147278613189,1.06252672646948,1.04587974852925,1.03699693423235,1.03120337405921,1.01955776244193,0.99616486630126
"France","FRA","Median","Infant Mortality Rate","Total",,,,,,,,,,,,,,,,,,,,,,,,,,,,,,,,,,,,,,,,,,,,,,,,,,,,,,,,,,2.94407576105955,2.87554786527165,2.80478872124534,2.72663673252711,2.64248021393041,2.55388632108496,2.46701594898613,2.40228536766324,2.37282634619013,2.3662571960166,2.36066865302912,2.33681221219906,2.27606893895291,2.16735178295793,2.02789087166964,1.88605565252211,1.75795537596104,1.65199012008604,1.57283699377186,1.51428854047473,1.46741250289369,1.42195965123276,1.36868336156997,1.3001806872191,1.22714207208176,1.16436968775991,1.11991416625983,1.0911578960125,1.07374862773325,1.06505678226246,1.06254071230504,1.06200623794796,1.05642933300942
"France","FRA","Upper","Infant Mortality Rate","Total",,,,,,,,,,,,,,,,,,,,,,,,,,,,,,,,,,,,,,,,,,,,,,,,,,,,,,,,,,3.09994447212229,2.96961468778359,2.86893606882045,2.78341212998505,2.69364685950319,2.60408114920992,2.51893777873998,2.4550364835404,2.41842884575843,2.41140214255402,2.41526305712616,2.39743454396156,2.33767581586327,2.21729759332269,2.06709101130899,1.92329447785623,1.79584148266641,1.68976346067245,1.60744616648576,1.5464981502403,1.50065643290044,1.45672168254203,1.40434974308894,1.33159253226206,1.25608031943207,1.19259852941439,1.14743750572633,1.11868546254931,1.10113578040987,1.09356624729213,1.09542623857973,1.1076703188037,1.12584300063503
"Germany","DEU","Lower","Infant Mortality Rate","Total",,,,,,,,,,,,,,,,,,,,,,,,,,,,,,,,,,,,,,,,,,,,,,,,,,,,,,,,,,2.6990975076351,2.74578479519877,2.77882126292525,2.78800782509479,2.7700033481917,2.73013671316627,2.67663825236906,2.61674472097756,2.55335683567697,2.48637691399063,2.41242004753705,2.33089162896744,2.23809238401842,2.13124347047002,2.01022702388081,1.88235087756711,1.75875716528478,1.64740106031486,1.55293378699802,1.4783929507905,1.41880217622425,1.36740646167186,1.31996719690486,1.27640569040509,1.23662016260419,1.20108826418741,1.17261361223071,1.15034219750872,1.12986476944356,1.10830499987862,1.08453128051966,1.05853750407195,1.02990285102521
"Germany","DEU","Median","Infant Mortality Rate","Total",,,,,,,,,,,,,,,,,,,,,,,,,,,,,,,,,,,,,,,,,,,,,,,,,,,,,,,,,,2.79277691426223,2.81825232373415,2.8355969395922,2.83499087625611,2.81113412809835,2.76834708932723,2.71326743136043,2.65280546545487,2.5881081229169,2.51970504594671,2.44502588761071,2.36284980609434,2.26836716022718,2.16013996728836,2.03736678639873,1.90828155382787,1.78395573789046,1.67259209422373,1.5785268906356,1.50354956928301,1.44332611297017,1.3914598456251,1.34329274754239,1.29893241289521,1.25785440489094,1.22167435082118,1.19239428899584,1.16949378803781,1.1496466385948,1.12947272593466,1.10770992999585,1.08494579287638,1.06116538704795
"Germany","DEU","Upper","Infant Mortality Rate","Total",,,,,,,,,,,,,,,,,,,,,,,,,,,,,,,,,,,,,,,,,,,,,,,,,,,,,,,,,,2.87443663003491,2.88728400045033,2.89272915299851,2.88374155249737,2.8547450119123,2.80924418717682,2.75347757105065,2.6929568554865,2.62799991258264,2.55898697714179,2.4829483225311,2.3990274715977,2.30274356549101,2.19175340064612,2.06596012650719,1.93428503751915,1.8082978149516,1.69551280582221,1.60071635938126,1.52516997057665,1.46453412582979,1.41230558835466,1.36365561583283,1.31906839080173,1.27766201799871,1.24170917380836,1.21288341081767,1.19052780261521,1.17156955768167,1.15271088785309,1.1338246094196,1.11520737670403,1.09593512038106
"Greece","GRC","Lower","Infant Mortality Rate","Total",,,,,,,,,,,,,,,,,,,,,,,,,,,,,,,,,,,,,,,,,,,,,,,,,,,,,,,,,,2.42267005265953,2.50429368635576,2.55568944287794,2.57534147406876,2.57241933365442,2.55427846037552,2.52924900036613,2.506852921245,2.48850768329936,2.47493761917926,2.4593428166952,2.43579729345762,2.39723330298828,2.33961405430938,2.27087911868994,2.2081322870735,2.15554378141935,2.10592885215536,2.05251776143714,1.9882473078224,1.91587189503795,1.83157302299422,1.73311745163922,1.61848765733268,1.49992690638459,1.39412991520535,1.30864717449956,1.2401733265423,1.18350809095482,1.13499110168673,1.08545418588648,1.03234547691801,0.978542130485147
"Greece","GRC","Median","Infant Mortality Rate","Total",,,,,,,,,,,,,,,,,,,,,,,,,,,,,,,,,,,,,,,,,,,,,,,,,,,,,,,,,,2.65162516684733,2.66054897504551,2.66869476250651,2.666046564656,2.65198382376596,2.63164331398554,2.60827666804289,2.58755224047532,2.57196103154343,2.55964462697485,2.54276455629774,2.51691222204344,2.47616822418027,2.4176177589757,2.35041586585638,2.28800112508593,2.23858487296953,2.19226106839017,2.13864835239097,2.07511769907895,2.00018036805672,1.91231953366686,1.8064924318064,1.68793290432672,1.56561609103993,1.45608433424181,1.36825194709446,1.29966708756705,1.24550927327803,1.20193423775453,1.16236884314805,1.12396692110726,1.08601948274325
"Greece","GRC","Upper","Infant Mortality Rate","Total",,,,,,,,,,,,,,,,,,,,,,,,,,,,,,,,,,,,,,,,,,,,,,,,,,,,,,,,,,2.86338457161816,2.81997563778161,2.78862671502827,2.75987136481449,2.73822233630555,2.71860693915519,2.69830031488744,2.68065067699764,2.66367785252806,2.65008785037216,2.63184448789821,2.60673378460694,2.56426946968564,2.50192140342766,2.43034368133823,2.36682999271613,2.3165668983692,2.27215812559665,2.22147957992858,2.15639140057419,2.08010105755443,1.98916125187141,1.88043342310833,1.75694115415855,1.63211223963108,1.51996549243353,1.43119389754771,1.3639504925912,1.31316120412976,1.27618101241065,1.2495284009619,1.22867025340358,1.20765517857468
"Hungary","HUN","Lower","Infant Mortality Rate","Total",,,,,,,,,,,,,,,,,,,,,,,,,,,,,,,,,,,,,,,,,,,,,,,,,,,,,,,,,,3.29528969488329,3.30936429652874,3.28490496368047,3.20078924879401,3.04678808084542,2.85209145257549,2.6535117882475,2.47483035736593,2.33068625989493,2.22926060125621,2.1622766092856,2.11059191404208,2.06359857694455,2.02249449782534,1.99101929982498,1.96508115079942,1.94285953093082,1.92135548607319,1.88996405766689,1.84547947500769,1.78698537295208,1.71560722805761,1.63601426818315,1.55882381047534,1.48998501975906,1.43166993891083,1.38565538740024,1.3507973025524,1.32149052097323,1.29313995512303,1.26330994342633,1.23145001542711,1.19323491725613
"Hungary","HUN","Median","Infant Mortality Rate","Total",,,,,,,,,,,,,,,,,,,,,,,,,,,,,,,,,,,,,,,,,,,,,,,,,,,,,,,,,,3.47715290780489,3.45116452755758,3.39655898244131,3.29244460192313,3.13025597863889,2.93156446710858,2.73219238663831,2.55111006750697,2.40560176321771,2.30493238796689,2.23826588293784,2.18610867668321,2.13919724345589,2.09784364021615,2.06217293991896,2.03133155426143,2.0058928136881,1.98422004165417,1.95607879362657,1.91367233887085,1.85451656252146,1.78139260852529,1.69877084483922,1.61798250834605,1.54701495925231,1.48914388444416,1.44379292882434,1.41036228699508,1.38427232383223,1.36181597777129,1.34194667467017,1.32694329313516,1.31121863062044
"Hungary","HUN","Upper","Infant Mortality Rate","Total",,,,,,,,,,,,,,,,,,,,,,,,,,,,,,,,,,,,,,,,,,,,,,,,,,,,,,,,,,3.68439166698577,3.60500577623968,3.51293680006791,3.38824653112747,3.21478023845105,3.01154171888043,2.80716505144063,2.62361621737949,2.47699015482993,2.37461034250636,2.30618464126201,2.25414361531755,2.20632808477167,2.16467205803914,2.12846834784222,2.097163831297,2.0740986836485,2.05710791047067,2.03475520804997,1.99468069487848,1.9367441800239,1.86314270522904,1.77562088233983,1.68918928872497,1.61345411940843,1.55207421723555,1.50509681467372,1.4715088512362,1.44769486442348,1.43156388259814,1.42255342416256,1.42069142706046,1.41993129304004
"Iceland","ISL","Lower","Infant Mortality Rate","Total",,,,,,,,,,,,,,,,,,,,,,,,,,,,,,,,,,,,,,,,,,,,,,,,,,,,,,,,,,,2.9328923766643,2.86319297817106,2.7745788117779,2.67340155432457,2.57850310935029,2.48589059434095,2.40100405303375,2.32525070772998,2.25959792622554,2.18570886171532,2.10864970547575,2.02633445199791,1.94196161677353,1.85696213038711,1.77294897471762,1.69043117775116,1.61804055542201,1.54708863933368,1.48193619995924,1.42002476314696,1.36397983422264,1.3178300277573,1.27959777046046,1.24776159999236,1.22119247637147,1.19504107392368,1.16868210783558,1.13595215613733,1.0958232323188,1.04819511019699,0.997387496790632,0.94462666537233
"Iceland","ISL","Median","Infant Mortality Rate","Total",,,,,,,,,,,,,,,,,,,,,,,,,,,,,,,,,,,,,,,,,,,,,,,,,,,,,,,,,,,3.69163669947338,3.49399545153377,3.30585623175206,3.13153763494136,2.98331419067565,2.85849568258843,2.7527827130869,2.66115772019598,2.58310487362844,2.50819642502592,2.42682149948465,2.34686537189913,2.25963291610452,2.16807273065469,2.0723078569134,1.98533320083611,1.90048170753559,1.81988362980499,1.74343260786538,1.67198652658072,1.60675472565238,1.55527091303736,1.51154548121292,1.47891929516753,1.45206117010659,1.43074376505866,1.41363044035945,1.39462820242179,1.37342123759644,1.35150165573035,1.32700383442881,1.30075486708226
"Iceland","ISL","Upper","Infant Mortality Rate","Total",,,,,,,,,,,,,,,,,,,,,,,,,,,,,,,,,,,,,,,,,,,,,,,,,,,,,,,,,,,4.50202349094786,4.19192850516061,3.90963377396202,3.65659897934461,3.45164059065901,3.27870072837149,3.14614055873976,3.03493886513998,2.94719184743112,2.87158731679897,2.79021586932916,2.70721931596976,2.61388687301237,2.51766466041954,2.41765383263999,2.31488582815677,2.21955060797569,2.13292032727162,2.04540390495875,1.96207033207482,1.8876652400044,1.82504097787652,1.77901889815754,1.74514553595878,1.72155824275464,1.71321212546702,1.70851277030426,1.70393774948461,1.70750532015295,1.70530789904861,1.7065845465632,1.70493037065904
"Ireland","IRL","Lower","Infant Mortality Rate","Total",,,,,,,,,,,,,,,,,,,,,,,,,,,,,,,,,,,,,,,,,,,,,,,,,,,,,,,,,,2.33670774097203,2.32090803294997,2.2892467938038,2.26143001326575,2.25033968822698,2.26878402953,2.32309190677988,2.42033751876383,2.54213855286807,2.6504471915607,2.71674014702267,2.72921721582801,2.68299581362168,2.60042241369649,2.51112184973258,2.43731630173341,2.3734789959795,2.31641064211217,2.25083188960001,2.16392421963495,2.04847684225453,1.91435936310646,1.77263887382536,1.63060150156576,1.49250328458876,1.35892010156225,1.23412863871119,1.12223654699353,1.01662943218988,0.916985724287089,0.823456598736735,0.745767017546351,0.686500258504888
"Ireland","IRL","Median","Infant Mortality Rate","Total",,,,,,,,,,,,,,,,,,,,,,,,,,,,,,,,,,,,,,,,,,,,,,,,,,,,,,,,,,2.5981516373921,2.51452789467535,2.44016238900385,2.38380064851774,2.35875437565057,2.37431235618403,2.43342755189334,2.53373902321646,2.6589927187061,2.77036023313483,2.83819016894056,2.85173632300322,2.80556044916681,2.7231405295494,2.63150645819529,2.55627530841319,2.49055388158616,2.43078292027551,2.36211090771954,2.27367811956187,2.15458723698171,2.01890698548964,1.87495601673719,1.72966408375659,1.58761703923646,1.44891101331638,1.32212932881145,1.20658346422128,1.10299044227303,1.00925086616461,0.927510117290103,0.85986790660846,0.809981945224726
"Ireland","IRL","Upper","Infant Mortality Rate","Total",,,,,,,,,,,,,,,,,,,,,,,,,,,,,,,,,,,,,,,,,,,,,,,,,,,,,,,,,,2.87731936107639,2.72288391274374,2.59391984879078,2.50956489296599,2.47262651995438,2.48609584035642,2.54666909090282,2.64963251503301,2.78073171109414,2.89638610692741,2.96282233567401,2.97750281394452,2.93145594058679,2.85084329406098,2.7586351708107,2.68092528693289,2.61305989057435,2.5512472699039,2.47968886139268,2.38706826880797,2.26681813877385,2.12897345395987,1.98091792756733,1.83171875920612,1.68486049930142,1.54331962373327,1.41327123863617,1.29927394800593,1.19845347851582,1.11457648749012,1.04461249721053,0.992522081117236,0.954634168391318
"Israel","ISR","Lower","Infant Mortality Rate","Total",,,,,,,,,,,,,,,,,,,,,,,,,,,,,,,,,,,,,,,,,,,,,,,,,,,,,,,,,,2.17747597146967,2.1148987203509,2.06054775383667,2.0247796001523,2.01300961655074,2.03279181917244,2.07325165597974,2.08969189068018,2.03879372851136,1.95534578251814,1.90413783880382,1.91712439551856,1.97846331801018,2.05886963773877,2.10508437829223,2.03123150137307,1.84016566840738,1.64434829378993,1.52484617563856,1.46134386780426,1.39520898259527,1.30650764297902,1.22055278616971,1.16483204826844,1.14265085905076,1.14854368677414,1.17356073769444,1.19774863089107,1.19738624028232,1.17262587991227,1.13730381609252,1.0992762434182,1.06036973263287
"Israel","ISR","Median","Infant Mortality Rate","Total",,,,,,,,,,,,,,,,,,,,,,,,,,,,,,,,,,,,,,,,,,,,,,,,,,,,,,,,,,2.3574182478192,2.25859859687729,2.17688438293861,2.12185106945257,2.10067429816975,2.11908257051423,2.16139551609614,2.18043844686693,2.1280144541786,2.03853300068505,1.98047526628707,1.9895594159893,2.05248285458691,2.13561513864373,2.18273297252328,2.10682464437139,1.90901931916945,1.70940847740198,1.58761551572173,1.52294877408136,1.45613485008638,1.36460005520637,1.27591056677524,1.21739669986644,1.1927538079616,1.19864746087303,1.22481131649157,1.25191196599387,1.25583305882187,1.23504639009221,1.20651117108179,1.17860085866118,1.15059600584692
"Israel","ISR","Upper","Infant Mortality Rate","Total",,,,,,,,,,,,,,,,,,,,,,,,,,,,,,,,,,,,,,,,,,,,,,,,,,,,,,,,,,2.59676003558644,2.43482378898604,2.30776211826795,2.22463979822153,2.18982330695614,2.20357912586074,2.24427753969409,2.26306084177072,2.20578821351387,2.11260344338958,2.05173986894862,2.06092808513088,2.12758274967148,2.21554572744556,2.26591021207609,2.18719174814985,1.982565226878,1.77558058467607,1.64990507326679,1.58355927256395,1.51488636344753,1.42035897534636,1.32927210780806,1.26732159564778,1.24180690321867,1.24807462048728,1.27626812874226,1.30748675051297,1.31602287236005,1.30181426906591,1.28471903652744,1.27159402421802,1.25832944902667
"Italy","ITA","Lower","Infant Mortality Rate","Total",,,,,,,,,,,,,,,,,,,,,,,,,,,,,,,,,,,,,,,,,,,,,,,,,,,,,,,,,,2.57676144992026,2.64687722709897,2.69233489757719,2.68816199108977,2.64067725839027,2.5659637763031,2.47851007141555,2.39172175131769,2.31479620980537,2.24922791928322,2.18830415585434,2.12983073617897,2.07160279840085,2.015822510118,1.95987758573529,1.90088678010461,1.83803353475484,1.7720805442179,1.70531941495946,1.635594467733,1.5588865093203,1.47660794407627,1.39219227276938,1.31111072770104,1.235295025152,1.16822051152264,1.11108014317763,1.06545972954667,1.03092115076324,1.002825530104,0.974238617106705,0.940620729408112,0.90423204153417
"Italy","ITA","Median","Infant Mortality Rate","Total",,,,,,,,,,,,,,,,,,,,,,,,,,,,,,,,,,,,,,,,,,,,,,,,,,,,,,,,,,2.66594680781916,2.71455994786629,2.74531166123371,2.73325816882123,2.68112546639003,2.60312019873639,2.51300507205933,2.42516678826508,2.34918251317049,2.28486561620748,2.2253360010179,2.16691545750205,2.10968416894464,2.05255421146604,1.99420992645717,1.93268736640787,1.86787164342027,1.80093255167896,1.73325454033037,1.66267731190902,1.58529943881336,1.50184658231286,1.41684966155268,1.33564827369003,1.26045012971632,1.1932144445786,1.13549533142624,1.08961856337176,1.05621070269128,1.03055202221228,1.00565231716985,0.97659158396238,0.946415137389785
"Italy","ITA","Upper","Infant Mortality Rate","Total",,,,,,,,,,,,,,,,,,,,,,,,,,,,,,,,,,,,,,,,,,,,,,,,,,,,,,,,,,2.7497162097993,2.78240044053065,2.8016385323467,2.78060888841393,2.72470936444754,2.64468529235743,2.55183049471925,2.461193784366,2.38168133102572,2.3166636108739,2.2576533178961,2.19908879491248,2.14133113347446,2.08389598236993,2.02523198642913,1.96296359281555,1.89731021451604,1.83079722010342,1.76375428101741,1.69417588065275,1.61695665030039,1.53139039741135,1.44438830933469,1.36104874271657,1.28470237792067,1.21668033300433,1.1587074045386,1.11377121666141,1.08176028028465,1.05906080395086,1.03847427081684,1.01528018206106,0.992923695584059
"Japan","JPN","Lower","Infant Mortality Rate","Total",,,,,,,,,,,,,,,,,,,,,,,,,,,,,,,,,,,,,,,,,,,,,,,,,,,,,,,,,,2.18883854186253,2.15821621137231,2.11761083255084,2.06752272435301,2.01501921319818,1.96406706122644,1.91670337600091,1.8716324632554,1.8300131025608,1.78722087888795,1.7403307646544,1.69017373100029,1.63562083402255,1.57953819433862,1.52489537035057,1.47419424982494,1.42843957154745,1.38420383349258,1.34287674869901,1.30176232153679,1.26007089149489,1.21781999151754,1.17396428404042,1.51818046812205,1.0904279407885,1.05283670300118,1.0203318988498,0.995152696676185,0.978900246327044,0.969976897546247,0.963054005328181,0.954225317632063,0.937934191028701
"Japan","JPN","Median","Infant Mortality Rate","Total",,,,,,,,,,,,,,,,,,,,,,,,,,,,,,,,,,,,,,,,,,,,,,,,,,,,,,,,,,2.27874399180809,2.22064443094077,2.16251237585743,2.10490183791169,2.04977387848599,1.99794409076668,1.94931421356335,1.90353484914206,1.86021351797703,1.81620331362377,1.76904493713684,1.71724236435721,1.66252351905629,1.60576991763284,1.55040892985909,1.49890418170795,1.45184375707528,1.4078507909585,1.36553093823707,1.32388517875784,1.28231042682429,1.24006862255631,1.19690618532243,1.54916286141072,1.11330988253495,1.07618616377659,1.04345143785546,1.01770995519169,1.00063145002101,0.991238622737066,0.988569843739692,0.988899920438477,0.985500714162461
"Japan","JPN","Upper","Infant Mortality Rate","Total",,,,,,,,,,,,,,,,,,,,,,,,,,,,,,,,,,,,,,,,,,,,,,,,,,,,,,,,,,2.37269978043052,2.28543123421007,2.20950494161223,2.14329638312813,2.08436718875982,2.0316373435934,1.98164177976054,1.93540284296004,1.89153115054495,1.84706308541854,1.79927097473899,1.74614976635565,1.69054684714654,1.63237428831143,1.57585949837788,1.52355848462592,1.4757971743577,1.43115471403299,1.38787346966962,1.34604638876528,1.30442020357046,1.26216842071301,1.22025974711606,1.58022218377856,1.13649607166399,1.09878442005018,1.06556438813161,1.03888308774358,1.02056866547462,1.01247105477115,1.01503175178002,1.02692855446783,1.03977057927181
"Latvia","LVA","Lower","Infant Mortality Rate","Total",,,,,,,,,,,,,,,,,,,,,,,,,,,,,,,,,,,,,,,,,,,,,,,,,,,,,,,,,,5.68727761845389,5.77756051243235,5.85522485536993,5.91292921974792,5.93456171421487,5.88634043268991,5.75212630481774,5.524465886872,5.24838050195298,4.96362499432598,4.69375531353897,4.43607828118401,4.20009326605545,3.97840065682222,3.77423841162268,3.58428153228282,3.4119738038205,3.25759690288553,3.1100624197303,2.96962997795908,2.83105560263568,2.69604271505961,2.57230600025468,2.46879714361785,2.39156466697318,2.33918004119742,2.30919502059284,2.29761031983073,2.29106822405016,2.28425332874596,2.27244398085775,2.24048539750573,2.19606602991247
"Latvia","LVA","Median","Infant Mortality Rate","Total",,,,,,,,,,,,,,,,,,,,,,,,,,,,,,,,,,,,,,,,,,,,,,,,,,,,,,,,,,6.18439482332626,6.18129298085308,6.19260350971348,6.19757974000642,6.18841443120678,6.13190579413301,5.99776072721987,5.7708765144565,5.49471331114168,5.20556283792544,4.92593449961616,4.66216352160581,4.41540664969955,4.1835397628658,3.96704488787147,3.76840339148148,3.59061172480714,3.42996386975572,3.28194022351977,3.14032844208557,3.00300329463587,2.86972182115816,2.74420240748203,2.6385827127161,2.56117609513764,2.50860786495383,2.48033690756241,2.47250781309257,2.47860132027633,2.48738594080602,2.49489273569799,2.49857813914425,2.4957680403517
"Latvia","LVA","Upper","Infant Mortality Rate","Total",,,,,,,,,,,,,,,,,,,,,,,,,,,,,,,,,,,,,,,,,,,,,,,,,,,,,,,,,,6.77734393996292,6.63883216015332,6.5553131241018,6.50655486661695,6.4650562787134,6.39166301573593,6.24815827031203,6.01190242221812,5.73150634673215,5.4327895740064,5.14779133915238,4.87781903810053,4.62158236025921,4.38045129073062,4.15680762350789,3.95395256969275,3.77396663127795,3.61446400894376,3.47213604194641,3.33489114249904,3.20349297567826,3.07134612338981,2.94277082394336,2.83009674392513,2.74678563449667,2.69473228510997,2.66987478733345,2.6665886028907,2.6790793598398,2.70911567719046,2.74707859379452,2.78722743837675,2.83080718340041
"Lithuania","LTU","Lower","Infant Mortality Rate","Total",,,,,,,,,,,,,,,,,,,,,,,,,,,,,,,,,,,,,,,,,,,,,,,,,,,,,,,,,,4.59382772603184,4.75629830298961,4.89387768357408,4.98558646309296,5.02465184726229,5.00274982150243,4.90754523291829,4.74926406152676,4.574857338862,4.42873665672449,4.31811911218367,4.26137580963048,4.23963948384105,4.22504635251005,4.19075814789178,4.13798867953713,4.086112473044,4.03889723084261,3.97124284250649,3.86737111087589,3.72093640617359,3.5450310892725,3.35433647321633,3.16982215221566,3.00212544587716,2.85008782074779,2.69769951390059,2.54263738653945,2.39972519065562,2.27975562278294,2.182242495606,2.09108737327309,2.00189117290262
"Lithuania","LTU","Median","Infant Mortality Rate","Total",,,,,,,,,,,,,,,,,,,,,,,,,,,,,,,,,,,,,,,,,,,,,,,,,,,,,,,,,,4.99928430188871,5.07295326290515,5.14597035608537,5.20013690602727,5.22735180370999,5.20149094473384,5.10365636081923,4.94034246889346,4.76182454439187,4.6063824638158,4.49641578149537,4.43595237578586,4.41354123991193,4.39815881674463,4.36342902241249,4.30898164035994,4.25602105178812,4.20863638698046,4.1426812441601,4.03823833780425,3.89354895631108,3.71884699561663,3.52843143040665,3.34214463805657,3.17340798326215,3.01810397525943,2.86336023014777,2.70525751278054,2.56297522790658,2.44970430201471,2.36971919495548,2.30702532241685,2.25753780445703
"Lithuania","LTU","Upper","Infant Mortality Rate","Total",,,,,,,,,,,,,,,,,,,,,,,,,,,,,,,,,,,,,,,,,,,,,,,,,,,,,,,,,,5.42296225003156,5.40277883669088,5.40969360744492,5.43042726363814,5.43643999776054,5.40777094029208,5.30864606355639,5.13821312636045,4.95564012827398,4.79364004555413,4.67803817156522,4.61331284594806,4.58964046856476,4.57715664933492,4.54427483032505,4.48795465248009,4.43295515773144,4.38933597453095,4.32192629242831,4.22093658321339,4.07857616872837,3.90335244208719,3.70623927459269,3.51631623444632,3.34231070061565,3.18282554669699,3.0273333705895,2.87123231912679,2.73662544979982,2.63509387244563,2.57923952493441,2.55145226021887,2.54502937010678
"Luxembourg","LUX","Lower","Infant Mortality Rate","Total",,,,,,,,,,,,,,,,,,,,,,,,,,,,,,,,,,,,,,,,,,,,,,,,,,,,,,,,,,3.58758158262878,3.58434237270922,3.55839314417483,3.48802304353337,3.37779933265356,3.20670600030425,3.00177000219684,2.76757081512455,2.5306055405683,2.30345329335972,2.09175713953105,1.91086697090205,1.75822451729439,1.6321589928633,1.5225042908084,1.43164523595905,1.3524934206629,1.28359443095889,1.22592221578399,1.17271143816583,1.12136369567253,1.07666660782354,1.02967476705983,0.986911245507425,0.94342480173975,0.898959365764433,0.854652138557648,0.811016009785885,0.768156044616024,0.721167704513282,0.676308327241908,0.636350906835652,0.602253598658526
"Luxembourg","LUX","Median","Infant Mortality Rate","Total",,,,,,,,,,,,,,,,,,,,,,,,,,,,,,,,,,,,,,,,,,,,,,,,,,,,,,,,,,4.57490234310727,4.41463411859725,4.25570994560018,4.08371919534507,3.89212787693545,3.66681705884167,3.4225562752288,3.15486811118887,2.89204584503685,2.63978192006952,2.40487623241677,2.2009452880894,2.03074738933638,1.88887955748308,1.77029190126443,1.66854446435517,1.58033276807818,1.50575533689848,1.438741996827,1.37698316900123,1.31881884797134,1.26446054785347,1.21370431006114,1.16330979513228,1.1141631200858,1.06546953764292,1.0224186358883,0.98330212061986,0.948381461281317,0.914479442457296,0.884438348693182,0.857816497834811,0.831264257637974
"Luxembourg","LUX","Upper","Infant Mortality Rate","Total",,,,,,,,,,,,,,,,,,,,,,,,,,,,,,,,,,,,,,,,,,,,,,,,,,,,,,,,,,5.66420112046242,5.34153824904636,5.05467488869438,4.76252172667433,4.47734184922883,4.18059819885681,3.8885997838992,3.59194234422219,3.29922517702534,3.022806596892,2.76332150044081,2.54398169755436,2.35667886131298,2.1994583087497,2.06356201646023,1.94829681928973,1.84944626923677,1.75869683677831,1.68236882526411,1.60972279359718,1.54152337053463,1.4781825003445,1.4192536022085,1.36577276018499,1.31273510613128,1.26381668284532,1.2256977868975,1.19241738765238,1.16765566753575,1.14757331758824,1.13033716551986,1.11436279177574,1.09451555863306
"Malta","MLT","Lower","Infant Mortality Rate","Total",,,,,,,,,,,,,,,,,,,,,,,,,,,,,,,,,,,,,,,,,,,,,,,,,,,,,,,,,,,1.48642160634767,1.56767482764365,1.6457267046807,1.70683598349691,1.74941251344716,1.77797431482522,1.79152786362761,1.79141191929467,1.77912578170487,1.75124617136156,1.71785465775733,1.67504277855101,1.62557503861954,1.57213351104673,1.51833951230421,1.46271296235275,1.40782418941814,1.35141422393239,1.29613836776593,1.24247215903986,1.19278878835147,1.14083934312326,1.09356230813527,1.04426092000084,0.994548063312252,0.946823746661339,0.897872318822833,0.846466076613311,0.79197583362741,0.737822374140172,0.684389239755651,0.63449676639352
"Malta","MLT","Median","Infant Mortality Rate","Total",,,,,,,,,,,,,,,,,,,,,,,,,,,,,,,,,,,,,,,,,,,,,,,,,,,,,,,,,,,1.93534789303388,1.97077798537036,2.00218988305131,2.02734437248986,2.0443653618393,2.05326505011926,2.0541684955999,2.0456154195795,2.02857494689733,1.99830061310752,1.96110215951136,1.91616227317175,1.86503688605434,1.80996827546225,1.75257457744746,1.6959171198383,1.63499124671533,1.57478783601714,1.51464144991873,1.45664073879244,1.40023132229728,1.34693727023518,1.2929912800273,1.24409706354914,1.19798831965646,1.15427378609489,1.10944977203046,1.06627270597438,1.02398225891058,0.986055526923602,0.947030455623521,0.91179265428414
"Malta","MLT","Upper","Infant Mortality Rate","Total",,,,,,,,,,,,,,,,,,,,,,,,,,,,,,,,,,,,,,,,,,,,,,,,,,,,,,,,,,,2.46795155445407,2.44074384993755,2.42705048553214,2.41216047020158,2.39358622303777,2.37073548637913,2.35287377200375,2.3305218050898,2.30560967330622,2.26911795619686,2.22649718880515,2.17889083524905,2.12793978224016,2.06977157893898,2.0109142631267,1.9523621418509,1.88943106176575,1.82510151871332,1.76113314862153,1.70324014239481,1.64288800980756,1.58724901050004,1.53392860154539,1.48353315110174,1.44173936855133,1.40351130471275,1.36772030777798,1.33723369794068,1.31074019805436,1.29213175840031,1.27101935724289,1.25193522708868
"Mauritius","MUS","Lower","Infant Mortality Rate","Total",,,,,,,,,,,,,,,,,,,,,,,,,,,,,,,,,,,,,,,,,,,,,,,,,,,,,,,,,,3.22840966547148,3.26728189057091,3.29866139776152,3.31691185199334,3.31106274159977,3.28462997264746,3.23483560131209,3.16678374590073,3.08425597314827,2.99569735006026,2.90635777117529,2.82070462400742,2.74607057665605,2.68709207415142,2.64008676369397,2.60534682010079,2.58101210074407,2.5722675388202,2.57021097351466,2.5730559980209,2.57891462427008,2.58705541558779,2.59732086345519,2.61198816306834,2.62726864887136,2.64819194247167,2.67276308612389,2.70105307139559,2.72939193333856,2.75259915577633,2.7722112811013,2.78263112527655,2.783193003293
"Mauritius","MUS","Median","Infant Mortality Rate","Total",,,,,,,,,,,,,,,,,,,,,,,,,,,,,,,,,,,,,,,,,,,,,,,,,,,,,,,,,,3.59656042485198,3.58396017919615,3.57515390865305,3.56179497807902,3.53138933008864,3.48523752970028,3.42281845971231,3.34568440640139,3.25451807063831,3.15992642098995,3.0654734258174,2.97682719130189,2.90179572038284,2.83888732691058,2.78925703254898,2.75355912387909,2.73228508474784,2.72299388204486,2.72294090852341,2.72671524053711,2.73564446742124,2.74602241925427,2.75728769955894,2.77421603886387,2.79424939323438,2.81891891649974,2.84790330299648,2.88261534146585,2.9240930097496,2.9666398258284,3.01076886868945,3.05159192490645,3.08643474717137
"Mauritius","MUS","Upper","Infant Mortality Rate","Total",,,,,,,,,,,,,,,,,,,,,,,,,,,,,,,,,,,,,,,,,,,,,,,,,,,,,,,,,,3.98314429249649,3.91804266204054,3.86396752165909,3.81637684854933,3.76514060777938,3.70153074583624,3.62337363537768,3.53483757494703,3.43872978082556,3.33728045927549,3.23681210507563,3.14346517341232,3.06401156951831,2.99769111677257,2.94520185641502,2.90824473521145,2.88458201090385,2.87495248657237,2.87490643438369,2.87970681078636,2.8875657693022,2.90136351549722,2.91557422971406,2.93315251668721,2.95661927514534,2.98664923733738,3.02757481856408,3.07391361141711,3.13219778091431,3.19583941237583,3.26673745105663,3.34699524324014,3.43161395716168
"Montenegro","MNE","Lower","Infant Mortality Rate","Total",,,,,,,,,,,,,,,,,,,,,,,,,,,,,,,,,,,,,,,,,,,,,,,,,,,,,,,,,,1.92328332223416,1.977947493799,2.01619269070222,2.03092678513136,2.02369404119855,1.98943946820655,1.95667287495866,1.93910689380646,1.94406907699501,1.9679344565323,2.00516364530762,2.04199408449499,2.06778790158402,2.07562346269309,2.06735344384137,2.04212058309936,1.99896678504051,1.93928225563377,1.86267456678184,1.77030372485024,1.66550925973019,1.562271901077,1.46347910307863,1.37871357276094,1.31488720341853,1.27236170666283,1.24390739435594,1.22495892867243,1.21421589055795,1.20637199847525,1.20149883304289,1.19185875460212,1.17886796045798
"Montenegro","MNE","Median","Infant Mortality Rate","Total",,,,,,,,,,,,,,,,,,,,,,,,,,,,,,,,,,,,,,,,,,,,,,,,,,,,,,,,,,2.38601620971371,2.3734416631543,2.35308206129775,2.32190923298201,2.27909152276491,2.22701285246303,2.18390034368151,2.1633216519029,2.16481698325229,2.19146243880139,2.22940285393927,2.26773376623221,2.29126375511556,2.29932365537731,2.28974446952536,2.26568099859234,2.22457347649205,2.16376742762149,2.08418580528562,1.98621144375622,1.87620649014016,1.76491617048996,1.65784749387827,1.56887895262286,1.50282464622236,1.45825406749144,1.43405252961064,1.42524501752347,1.43105726327293,1.44667166452072,1.46919494901166,1.50297218803415,1.53307787189977
"Montenegro","MNE","Upper","Infant Mortality Rate","Total",,,,,,,,,,,,,,,,,,,,,,,,,,,,,,,,,,,,,,,,,,,,,,,,,,,,,,,,,,2.92081068535784,2.82711283169829,2.74385087641838,2.65456915923889,2.57110858478472,2.49537823210779,2.43741650333694,2.40889848327271,2.4093722720549,2.43811842700895,2.47876639063695,2.51866277465245,2.54320812601913,2.55246257461608,2.54292438056602,2.5158776383491,2.47067401750379,2.40640202975067,2.32438398401421,2.21846055684257,2.10279166214304,1.98325868695655,1.87254963458956,1.77963552632056,1.71043334240951,1.66782381022587,1.65237140260383,1.6546036346144,1.67936795342581,1.724444998614,1.79030307665014,1.86855735997032,1.95714232677565
"Netherlands","NLD","Lower","Infant Mortality Rate","Total",,,,,,,,,,,,,,,,,,,,,,,,,,,,,,,,,,,,,,,,,,,,,,,,,,,,,,,,,,2.03917533805931,2.00282504662717,1.96750480512031,1.93677413193833,1.90937111966884,1.88616292331791,1.86640041280001,1.84699605893777,1.83058900485178,1.81799349389884,1.80443814637394,1.78327047372067,1.74665146640087,1.68908842103961,1.60867164305,1.51389299000528,1.41875219405855,1.33181739567197,1.25639644204324,1.19450469871299,1.14511190411665,1.10535710491523,1.07128620993472,1.04121098933347,1.01500472998914,0.992822558053998,0.976294298381363,0.965643895648405,0.959440697714913,0.955695682501171,0.951009579068067,0.942822002208508,0.92747452766403
"Netherlands","NLD","Median","Infant Mortality Rate","Total",,,,,,,,,,,,,,,,,,,,,,,,,,,,,,,,,,,,,,,,,,,,,,,,,,,,,,,,,,2.16090318902245,2.09989952071435,2.0453471929545,2.00079244553235,1.96700555044289,1.94139676568089,1.9197898746931,1.90000913030106,1.88260105933296,1.8681050807673,1.85210971782852,1.82993302078584,1.79267294218751,1.73368003525731,1.65154479720619,1.55528998847099,1.45989829345899,1.37430273309164,1.3009305065396,1.24042456174812,1.19114817918286,1.14912787503368,1.11151447896954,1.07878262515018,1.04997366892995,1.02645211375563,1.00968106725238,0.999752164683162,0.995640834374014,0.994495523331255,0.994195604139823,0.99155878008707,0.984919099875612
"Netherlands","NLD","Upper","Infant Mortality Rate","Total",,,,,,,,,,,,,,,,,,,,,,,,,,,,,,,,,,,,,,,,,,,,,,,,,,,,,,,,,,2.28006704628111,2.19457303222484,2.12236175593109,2.06737574238173,2.02532843326716,1.99635380475146,1.97230642024938,1.95190088545225,1.93501789375154,1.92005130316099,1.90498566330909,1.88490288155851,1.85030632368773,1.79032699438427,1.70431925435258,1.60326539077501,1.5027896316336,1.41419360956781,1.33914335945255,1.27701356794442,1.22680770012822,1.18431111664254,1.14635026905128,1.11291630488027,1.08438555746719,1.06123085795304,1.04564048136255,1.03682919078758,1.03426267584481,1.03586443758512,1.04061243282774,1.04498802394905,1.0473667489928
"New Zealand","NZL","Lower","Infant Mortality Rate","Total",,,,,,,,,,,,,,,,,,,,,,,,,,,,,,,,,,,,,,,,,,,,,,,,,,,,,,,,,,5.21886209560056,4.98653211113425,4.75561553013947,4.5405789081525,4.36152370061611,4.24584140551778,4.16583429813056,4.0930663525372,4.00076490940581,3.87855496864673,3.72931120141796,3.56907094732161,3.43009901287518,3.32548595699694,3.24675444601919,3.19037816039046,3.14314790848181,3.09426203643678,3.03489648643102,2.96366070213865,2.89259779795829,2.8083480821608,2.71633394655178,2.60942220966775,2.48311128071888,2.34215953303883,2.18880461228867,2.02961587394154,1.87914949813849,1.73912478901599,1.62744361481399,1.52840014998904,1.43869077430621
"New Zealand","NZL","Median","Infant Mortality Rate","Total",,,,,,,,,,,,,,,,,,,,,,,,,,,,,,,,,,,,,,,,,,,,,,,,,,,,,,,,,,5.68751516225862,5.31821233219753,5.00009826202803,4.74289069403283,4.54666940654674,4.41822037729045,4.33386692781171,4.25777497060815,4.16005758448287,4.03447464875432,3.87909948455222,3.71644508663114,3.57256011073155,3.46348762512756,3.3819282870622,3.32070352376251,3.27217149774018,3.22110927193912,3.16024300250653,3.0910030596283,3.01560870207575,2.93435539978892,2.83934210319454,2.7292010169948,2.60290577815954,2.46468090502506,2.31970149394534,2.1792596736951,2.05160577468943,1.94252643737769,1.85465054177769,1.78664800859336,1.72346925751796
"New Zealand","NZL","Upper","Infant Mortality Rate","Total",,,,,,,,,,,,,,,,,,,,,,,,,,,,,,,,,,,,,,,,,,,,,,,,,,,,,,,,,,6.1675705955986,5.65991099159575,5.25885701708777,4.94695240134075,4.73125784298561,4.59998251733148,4.51298513657838,4.43289265194133,4.32937394954036,4.20048817112837,4.03593670445509,3.86824414343092,3.71957276009105,3.60318730094072,3.51625908611975,3.45407555434175,3.40194075855259,3.35031049208619,3.28719346602622,3.2174136168436,3.14538593233828,3.06322367657658,2.96647557005801,2.8536029244491,2.72573589520672,2.58807351635136,2.45480370113929,2.33760252364364,2.23820164995373,2.15624618245376,2.09832651884745,2.06114838631478,2.03340697419647
"Norway","NOR","Lower","Infant Mortality Rate","Total",,,,,,,,,,,,,,,,,,,,,,,,,,,,,,,,,,,,,,,,,,,,,,,,,,,,,,,,,,2.92658511579302,2.80095865613507,2.68248518496728,2.57415690362481,2.47336001713543,2.38231368480463,2.30492158491783,2.24954018186002,2.23605503346753,2.28315197531112,2.36720108783221,2.43761285041062,2.45915101974497,2.41879847544145,2.3181932967951,2.17796808067077,2.03528831754447,1.91112535586936,1.8192472139321,1.76949409680754,1.73773754134149,1.70043300952945,1.6401707544085,1.54268013861696,1.41340774970735,1.28180928573257,1.17962521491864,1.12311728166019,1.10240555383171,1.10789791521203,1.12815494692766,1.15025938657633,1.16310992912621
"Norway","NOR","Median","Infant Mortality Rate","Total",,,,,,,,,,,,,,,,,,,,,,,,,,,,,,,,,,,,,,,,,,,,,,,,,,,,,,,,,,3.19176228078141,3.00804478875139,2.84950392215211,2.71247115423458,2.59272310670253,2.49092418149001,2.4073562118773,2.34785092234909,2.33440793654447,2.38280166570504,2.47027123791794,2.54644424137269,2.57002466042425,2.53156298240338,2.43088829158137,2.29179914271765,2.14898629352527,2.02203707384451,1.92540981723161,1.86604587424975,1.82805138118369,1.78607787184306,1.72129981150079,1.61871034060686,1.48400132318335,1.34719175746615,1.24325728704304,1.1881911436925,1.17144794132897,1.18255142436201,1.21296269372219,1.24755438153094,1.27693646807349
"Norway","NOR","Upper","Infant Mortality Rate","Total",,,,,,,,,,,,,,,,,,,,,,,,,,,,,,,,,,,,,,,,,,,,,,,,,,,,,,,,,,3.47824898393025,3.23191641298777,3.02827544950988,2.86423031669209,2.7275318160863,2.61568348058036,2.52492419214513,2.45964371285304,2.44162834013612,2.48934675557072,2.57931365660332,2.6580830759843,2.68107454935678,2.64140890279005,2.53754437938003,2.39502418720665,2.24792639253187,2.11663682279966,2.01568938419704,1.95361888350244,1.91330962386557,1.87102413295005,1.80566796992945,1.70108438578393,1.56220622512073,1.41884149216587,1.31145101828784,1.2561415232528,1.24253287675903,1.26204503617236,1.30609610025588,1.36021555271647,1.41562755107522
"Poland","POL","Lower","Infant Mortality Rate","Total",,,,,,,,,,,,,,,,,,,,,,,,,,,,,,,,,,,,,,,,,,,,,,,,,,,,,,,,,,3.274614488081,3.36402544755848,3.4053238710397,3.37937654377653,3.30967453055514,3.220429695132,3.13105250879123,3.05388635554438,2.99435515839191,2.93784577339777,2.86205506333743,2.75671791894514,2.63254280174561,2.51206052480029,2.40605076021063,2.33300299693879,2.2987617311086,2.29955901388084,2.32516810122513,2.35335338507321,2.36211957440546,2.34298135377662,2.30028992342432,2.24212557386027,2.17053281818512,2.08562854577062,1.99271076731145,1.90491710326965,1.83838438833929,1.79015387628153,1.74766721658496,1.70030423112056,1.64372025767473
"Poland","POL","Median","Infant Mortality Rate","Total",,,,,,,,,,,,,,,,,,,,,,,,,,,,,,,,,,,,,,,,,,,,,,,,,,,,,,,,,,3.44941185016499,3.4750907569421,3.4816632631693,3.44224786433121,3.36748831131946,3.27686584293442,3.18731971666805,3.10983375217166,3.04763489154692,2.98941093293756,2.9105024075126,2.80279228360199,2.68156893924586,2.56254226116652,2.45942656701497,2.3874217337967,2.35084648326425,2.34806677294051,2.36994771982613,2.3987233405801,2.41233023105865,2.3950923125604,2.35168192100931,2.29217986408888,2.21937254310655,2.13341050532132,2.04027700265823,1.9557374397851,1.89001057023204,1.84301325861359,1.80757993481488,1.77646693830386,1.74332772278292
"Poland","POL","Upper","Infant Mortality Rate","Total",,,,,,,,,,,,,,,,,,,,,,,,,,,,,,,,,,,,,,,,,,,,,,,,,,,,,,,,,,3.60635383710539,3.58423677422743,3.55880891208341,3.50686537306559,3.43149731566156,3.34019168430361,3.24750951633979,3.16976521001704,3.10647157645836,3.04579138795336,2.96499400980973,2.85117456140459,2.72751822065164,2.60968535436362,2.51059645773227,2.43914617487357,2.39917469097569,2.39336869023629,2.41589786371075,2.45039673555184,2.47002303309914,2.45078335924592,2.40719960260798,2.34553995004047,2.27084907903033,2.18298713749046,2.08814727696606,2.00379520371753,1.93933420803187,1.89644430878122,1.8696517624739,1.85648366495867,1.84742875144282
"Portugal","PRT","Lower","Infant Mortality Rate","Total",,,,,,,,,,,,,,,,,,,,,,,,,,,,,,,,,,,,,,,,,,,,,,,,,,,,,,,,,,4.21969872791754,4.42374356412237,4.56140705832719,4.58151603829485,4.46732455279486,4.27435400115494,4.08675310686837,3.93268612662358,3.78778689378282,3.62868363556199,3.4485307902511,3.23775774696187,3.00826371246201,2.78046974667372,2.57131173776025,2.38728317761385,2.22525766111474,2.079175406533,1.94135064349197,1.80526813420812,1.67073146688002,1.53946414038044,1.41377104502882,1.29996447427626,1.20279724767318,1.12529385942411,1.06962280183385,1.03577944445442,1.0168800191929,1.00823976744827,1.00534098320609,1.0046478001875,1.00171091331256
"Portugal","PRT","Median","Infant Mortality Rate","Total",,,,,,,,,,,,,,,,,,,,,,,,,,,,,,,,,,,,,,,,,,,,,,,,,,,,,,,,,,4.5023573117669,4.62541074256056,4.70456934006987,4.70119781057942,4.58228302220372,4.38978233213606,4.19918888860199,4.04458911758976,3.90095778023203,3.74046839524403,3.55540628896096,3.34180158880324,3.10688829827386,2.87569683553057,2.66477561124856,2.47646044179641,2.31168878834085,2.16259200536546,2.02211407690607,1.8819945123977,1.74339343986293,1.60749927073221,1.47874617074466,1.36232830782818,1.26267219482934,1.18376222199028,1.12665449598889,1.0916479187046,1.07372098778656,1.06805097289668,1.07267074964089,1.08516429298821,1.10015914786428
"Portugal","PRT","Upper","Infant Mortality Rate","Total",,,,,,,,,,,,,,,,,,,,,,,,,,,,,,,,,,,,,,,,,,,,,,,,,,,,,,,,,,4.7887006170437,4.82847068734518,4.85503727998883,4.82535829742826,4.70194062945181,4.50732147135627,4.31616429145449,4.15770486338744,4.01058255346146,3.84880735742614,3.6638903041059,3.44983390453775,3.21042138106964,2.97450926363658,2.75775612015641,2.56557876703627,2.39732916312294,2.24657096159015,2.10267864365133,1.95982486911765,1.8174559946124,1.67945203266992,1.54793139388192,1.428866051662,1.32626733490711,1.24425976084048,1.18637936298846,1.15043458050945,1.13254669198173,1.12946723141161,1.14307325244682,1.17131984149772,1.20965243896038
"Romania","ROU","Lower","Infant Mortality Rate","Total",,,,,,,,,,,,,,,,,,,,,,,,,,,,,,,,,,,,,,,,,,,,,,,,,,,,,,,,,,4.12624998823578,3.87396696977755,3.55438508742147,3.30602296880625,3.1929197460975,3.17063966081988,3.18778352944938,3.22713733668608,3.24439118858812,3.25438123585316,3.1910934107864,3.03875498999813,2.83197173990564,2.64651393303895,2.621001967615,2.72269657926363,2.87379242653362,3.02519748686403,3.15047677062521,3.25832141159962,3.25877413420836,3.07368513030691,2.74934121467488,2.41916709692617,2.21319973477868,2.10962641581806,2.06745613536556,2.07034095980685,2.07493211630028,2.07168728014094,2.03392579128099,1.95540830162184,1.81315020060166
"Romania","ROU","Median","Infant Mortality Rate","Total",,,,,,,,,,,,,,,,,,,,,,,,,,,,,,,,,,,,,,,,,,,,,,,,,,,,,,,,,,4.50154764059241,4.01867282738451,3.64443952680087,3.39648758537041,3.27657444503675,3.25382422414666,3.27815142033127,3.31089464913799,3.33757953064247,3.33998942236697,3.28094607472011,3.12674205260619,2.90625823675151,2.73561025315986,2.70839096099039,2.80428080111749,2.9576676105902,3.11426372446261,3.25728966287186,3.36258879313016,3.36286120818303,3.1830548901053,2.84998305982802,2.51973027176259,2.30208580866941,2.19296982751688,2.15495004907365,2.15470423761273,2.16408785436356,2.15724827115858,2.11954091380713,2.04616788423803,1.94102371698775
"Romania","ROU","Upper","Infant Mortality Rate","Total",,,,,,,,,,,,,,,,,,,,,,,,,,,,,,,,,,,,,,,,,,,,,,,,,,,,,,,,,,4.88478863198849,4.16780636705771,3.73697500859678,3.49052233823341,3.36248216966577,3.34109852092513,3.36886922656957,3.3978912314498,3.43307784725032,3.43050985236551,3.37732970234332,3.22370149974967,2.98550813582643,2.82453595808085,2.7940037858749,2.88657821903494,3.04457238559981,3.20512329299437,3.36841692591959,3.47128870391772,3.47000046365272,3.29480554441381,2.95330631379339,2.62245830670713,2.39398626497315,2.28116517951974,2.24384745381894,2.23972270783464,2.25755035061781,2.24912546549118,2.21147031637998,2.14348500610326,2.08022405819798
"Saint Lucia","LCA","Lower","Infant Mortality Rate","Total",,,,,,,,,,,,,,,,,,,,,,,,,,,,,,,,,,,,,,,,,,,,,,,,,,,,,,,,,,3.65828155931647,3.63603788725199,3.58249063976892,3.51798431096338,3.4558782600576,3.40034892282982,3.33924884648047,3.2819224568228,3.23761999419587,3.20181621982461,3.1736273082187,3.15286408861252,3.13550296314791,3.12097864681428,3.09671978012988,3.07933223253728,3.05463300391913,3.02945363675358,3.01369125496445,3.00167871285211,2.99705484179628,2.99658739844659,2.9988933209487,3.00540732452185,3.00677965827875,3.013258200309,3.01521335389375,3.02146412556963,3.0150519774516,3.01888770055693,2.99586953713985,2.95633776686998,2.89401756277773
"Saint Lucia","LCA","Median","Infant Mortality Rate","Total",,,,,,,,,,,,,,,,,,,,,,,,,,,,,,,,,,,,,,,,,,,,,,,,,,,,,,,,,,4.73788035136851,4.54287102375801,4.36238603011053,4.19657608684297,4.05559712299794,3.94017832496333,3.84105875024174,3.75625743811244,3.69295439133986,3.6447097786341,3.61259847340499,3.59412745890912,3.57921040092037,3.56417749139296,3.54389487549501,3.52031177774354,3.49411216763769,3.47060865349489,3.45527412886072,3.44467613434472,3.44135492109697,3.44503272216647,3.45092185518697,3.46625023369571,3.48227544320939,3.50480073138164,3.53980769986904,3.58650109963535,3.65579013907505,3.73658812467573,3.81406789566645,3.86655729988702,3.87218943334163
"Saint Lucia","LCA","Upper","Infant Mortality Rate","Total",,,,,,,,,,,,,,,,,,,,,,,,,,,,,,,,,,,,,,,,,,,,,,,,,,,,,,,,,,6.03425825444878,5.64414589231611,5.29183151055491,4.99871941762047,4.7571283856587,4.56608291747582,4.42017585489964,4.29787875374896,4.20985955399529,4.15434286370546,4.11376756179326,4.08879145763612,4.08140169358226,4.06810359241713,4.04770233510852,4.0200074328239,3.99698036981786,3.9683706722337,3.94947663239175,3.94014592133569,3.94016541831478,3.95279273013714,3.9671534335147,3.97883387601902,4.00804092978135,4.06041380181135,4.13751224054103,4.25068228768403,4.39858390146621,4.58612904468812,4.77234437902849,4.94946546565136,5.02708402393331
"St Vincent & the Grenadines","VCT","Lower","Infant Mortality Rate","Total",,,,,,,,,,,,,,,,,,,,,,,,,,,,,,,,,,,,,,,,,,,,,,,,,,,,,,,,,,2.75510030947818,2.89693328596791,3.01226924951201,3.1060389131969,3.16758920345197,3.2108155355311,3.21541506986095,3.19350864924697,3.1624853903771,3.11442597900862,3.04989186530451,2.98012588102661,2.91499213762038,2.86603079189653,2.82770170456874,2.81436425583938,2.82275549055016,2.85440296737182,2.9095584746173,2.98020515058422,3.0694857465287,3.17186197749093,3.28497843643624,3.42107865305468,3.59667690202163,3.77638599262372,3.95740086549181,4.13370964702625,4.30989888195731,4.42957682181825,4.46665656613406,4.39882890016727,4.26403492500753
"St Vincent & the Grenadines","VCT","Median","Infant Mortality Rate","Total",,,,,,,,,,,,,,,,,,,,,,,,,,,,,,,,,,,,,,,,,,,,,,,,,,,,,,,,,,3.53129206145559,3.59754548068356,3.65750635980826,3.69921964608484,3.7281826684537,3.7373969032153,3.72938871466819,3.70680374841317,3.671476646424,3.62204994234589,3.56421548973402,3.49577693827426,3.43013136256137,3.37516146154838,3.33799855740376,3.31894936157543,3.32425658340735,3.36230433704627,3.42397336721293,3.50081454241461,3.60232067231109,3.72278542597662,3.86509043115744,4.04030853586101,4.25901659625547,4.50885541497883,4.79501401912031,5.1016525207768,5.43828888507819,5.74461289352802,5.92745768981359,5.95983454249684,5.88972091014939
"St Vincent & the Grenadines","VCT","Upper","Infant Mortality Rate","Total",,,,,,,,,,,,,,,,,,,,,,,,,,,,,,,,,,,,,,,,,,,,,,,,,,,,,,,,,,4.43915402304835,4.431057425744,4.41380662252283,4.39447337297892,4.38260327424807,4.3613716800405,4.33532142317343,4.29886206843893,4.26209062432822,4.21496441935256,4.15471099591143,4.08477374412348,4.01729663566911,3.95957230100756,3.91848672922473,3.89553747044459,3.90492360388902,3.94946736242019,4.01995233543008,4.10986785388597,4.2198052321946,4.35835415928665,4.52461924887399,4.74715713970159,5.01969850033268,5.3583147689615,5.77352991247979,6.24636828523481,6.77861609110431,7.29416269868723,7.65373754932202,7.79175901175411,7.78092401166788
"San Marino","SMR","Lower","Infant Mortality Rate","Total",,,,,,,,,,,,,,,,,,,,,,,,,,,,,,,,,,,,,,,,,,,,,,,,,,,,,,,,,,,,2.94899353693332,2.7604448491118,2.58678658163081,2.43222453838115,2.28451440963019,2.14747608109588,2.02189795778967,1.90400431511082,1.79543213932265,1.69447386017394,1.60186484695032,1.51660990152676,1.43908412856403,1.36932745719123,1.30521186091306,1.24495080478253,1.1915805675156,1.14123804559866,1.09639296032839,1.05361314379301,1.01274534013573,0.976284687754014,0.941217689444949,0.908601064191595,0.877172730842672,0.847193554903268,0.819314398250231,0.792776865167656,0.770644149787697,0.74827878162856,0.729137393834108
"San Marino","SMR","Median","Infant Mortality Rate","Total",,,,,,,,,,,,,,,,,,,,,,,,,,,,,,,,,,,,,,,,,,,,,,,,,,,,,,,,,,,,3.7738754122975,3.53258656304131,3.3103532289967,3.11255764640586,2.92353057121591,2.74816037385163,2.58745598914125,2.43658556036623,2.29764396570519,2.16844599949215,2.04993272586687,1.94083057346089,1.84161956986282,1.75235081303424,1.67030103255538,1.59318397034351,1.52488520208659,1.4604610508377,1.40307205946004,1.34832602636654,1.29602682752285,1.24936753247307,1.20449171940524,1.1627516889392,1.12253233511914,1.08416749181185,1.04849007763959,1.01452956116199,0.986205962166698,0.957584633592842,0.933089085586367
"San Marino","SMR","Upper","Infant Mortality Rate","Total",,,,,,,,,,,,,,,,,,,,,,,,,,,,,,,,,,,,,,,,,,,,,,,,,,,,,,,,,,,,4.8189838337233,4.51087428139566,4.22709733407364,3.97452574366524,3.73315094456401,3.5092150554084,3.30400641778242,3.11135507723085,2.93393605159967,2.76895898094658,2.61762554057363,2.47830946592114,2.35162371977578,2.23763355078087,2.13286152667013,2.03438825039496,1.94717533949154,1.8649100526307,1.79162818943472,1.721721205336,1.65493866319823,1.59535789701684,1.53805451678484,1.48475531899482,1.43339792250258,1.38440861059294,1.33885096405142,1.29548567982472,1.25931835823631,1.22277085609894,1.19149169689386
"Serbia","SRB","Lower","Infant Mortality Rate","Total",,,,,,,,,,,,,,,,,,,,,,,,,,,,,,,,,,,,,,,,,,,,,,,,,,,,,,,,,,2.36545901895334,2.4487993605674,2.85314172664644,3.2883577942137,3.27549408247954,2.89049085782105,2.51402857525881,2.32804221062486,2.33231767563256,2.53222907044573,2.80799532498397,2.90414882485967,2.69955843521357,2.39941133875118,2.18954339129084,2.09152338669924,2.07539314714329,2.11004557400307,2.13034495888962,2.07744892824043,1.96415673651763,1.83184606309046,1.71929518337408,1.63452600423461,1.58982479394018,1.566657678426,1.53445991571184,1.48628131828878,1.44949609448843,1.44562137562767,1.4642303261664,1.4728964181858,1.45361074723138
"Serbia","SRB","Median","Infant Mortality Rate","Total",,,,,,,,,,,,,,,,,,,,,,,,,,,,,,,,,,,,,,,,,,,,,,,,,,,,,,,,,,2.51546691919009,2.57022063461519,2.96184178958359,3.39161322323022,3.36866818719829,2.96715669932178,2.58072840128436,2.39035375091944,2.39650125139704,2.60170310333521,2.88671855531631,2.98737683754885,2.77719515726421,2.4719770528132,2.2594847475835,2.16147539412119,2.14742987125638,2.1860779360922,2.2096953219835,2.15625607490771,2.03850775768965,1.90275976998195,1.78440217938522,1.69658420668883,1.64968406510113,1.62469988672062,1.59298392000977,1.54565951399515,1.51169580769546,1.51405618752173,1.54215534151677,1.56251418401044,1.55682408285938
"Serbia","SRB","Upper","Infant Mortality Rate","Total",,,,,,,,,,,,,,,,,,,,,,,,,,,,,,,,,,,,,,,,,,,,,,,,,,,,,,,,,,2.65870609419716,2.68832755656171,3.07258051473791,3.50081857819804,3.46684290525093,3.05302489636684,2.65725503928804,2.46271731349522,2.46908287509017,2.67959882474239,2.97062098371432,3.0728677144239,2.85542049306842,2.54161741867343,2.32559363483982,2.22677758760505,2.21518452903674,2.25758341759323,2.28482975593584,2.23110469326474,2.10983170985804,1.97054280199473,1.84937809654927,1.75966229032722,1.71254013052351,1.68872946815029,1.65812140357762,1.61241950141557,1.58007930226147,1.58837990661155,1.62861178893252,1.66415042986143,1.67577932364418
"Singapore","SGP","Lower","Infant Mortality Rate","Total",,,,,,,,,,,,,,,,,,,,,,,,,,,,,,,,,,,,,,,,,,,,,,,,,,,,,,,,,,2.68247267598815,2.45817027372571,2.24568647249499,2.06429856162465,1.92271701131436,1.81879961970534,1.74119405865256,1.67951841166803,1.63014753980573,1.58865021905259,1.55505702855271,1.53171539020593,1.51675500062133,1.49904135319622,1.46499928206684,1.40760382624237,1.33176839583273,1.24452316366391,1.1631420948008,1.09907297096665,1.05202172982238,1.01780043032564,0.993245633235608,0.972865156738291,0.956485202696131,0.941274882869161,0.924194259320694,0.906676661507288,0.888164640563478,0.868340739052615,0.846966036548344,0.823790266130234,0.797271723756633
"Singapore","SGP","Median","Infant Mortality Rate","Total",,,,,,,,,,,,,,,,,,,,,,,,,,,,,,,,,,,,,,,,,,,,,,,,,,,,,,,,,,2.99775017398325,2.68963578339976,2.41845319307935,2.20085186003152,2.04130759072333,1.92331595312211,1.83680595748049,1.77083095146219,1.71889673097147,1.67514252047989,1.63929870285354,1.61551902126583,1.5992366386376,1.5816585555981,1.54811977999779,1.49323528892283,1.41922524492621,1.333976329908,1.25268758705373,1.18602949626873,1.13505440083402,1.09557361453644,1.06520930146025,1.04053547831295,1.01926675375006,1.00090676655852,0.985083241708951,0.970431774641352,0.95631171939159,0.943543964706466,0.929771296248987,0.915251074571025,0.89909818946683
"Singapore","SGP","Upper","Infant Mortality Rate","Total",,,,,,,,,,,,,,,,,,,,,,,,,,,,,,,,,,,,,,,,,,,,,,,,,,,,,,,,,,3.33632549756336,2.93687728742947,2.60466642498052,2.35270556324419,2.16853140341701,2.04057395651605,1.95061885853572,1.88188014990116,1.82744202307556,1.77905444370967,1.73981864645607,1.71201362425352,1.6925178963327,1.6717656282214,1.63642511791849,1.57753666731945,1.50028101180094,1.41337307693247,1.33064900179068,1.2619065561725,1.20789360800017,1.16409172596775,1.13020576711487,1.10233559420758,1.08101162551235,1.06374419924296,1.0523122626923,1.042816506387,1.03484224998923,1.02826141734313,1.02504618042166,1.02646080911191,1.02658825705009
"Slovakia","SVK","Lower","Infant Mortality Rate","Total",,,,,,,,,,,,,,,,,,,,,,,,,,,,,,,,,,,,,,,,,,,,,,,,,,,,,,,,,,2.79458490085015,2.78229767292476,2.76531696069436,2.73955484467297,2.70207815959355,2.65404669816477,2.59979569000376,2.54267365405469,2.48161110557342,2.41992437251895,2.35760519299362,2.29529992862851,2.23518823181706,2.17799990919803,2.12696044311797,2.08065969208832,2.03799524607305,2.0002203328393,1.96516771912602,1.93259249700699,1.90277172483063,1.87335357718183,1.84547815987826,1.81910596771481,1.79623026717431,1.77535071370854,1.75667543977735,1.73933684682903,1.72281907985684,1.70425541280657,1.68671145322505,1.66499105680864,1.64147622792529
"Slovakia","SVK","Median","Infant Mortality Rate","Total",,,,,,,,,,,,,,,,,,,,,,,,,,,,,,,,,,,,,,,,,,,,,,,,,,,,,,,,,,2.97288926454283,2.93048952299747,2.889989257074,2.84701364438146,2.7970574867464,2.74281516935691,2.68400710967007,2.62327888718516,2.56074156102879,2.49909136113389,2.43689455136933,2.37543794394038,2.31601729874368,2.25944318039535,2.20694761220822,2.15975428788239,2.11696407090039,2.07858149801254,2.04371220000943,2.0120526132404,1.98178535254935,1.95221155979089,1.92478419172107,1.89795827860707,1.8750687486618,1.85419343731293,1.83698295751492,1.82234941828027,1.80939188520474,1.79955055683051,1.79052027379548,1.78041139570856,1.76881180924979
"Slovakia","SVK","Upper","Infant Mortality Rate","Total",,,,,,,,,,,,,,,,,,,,,,,,,,,,,,,,,,,,,,,,,,,,,,,,,,,,,,,,,,3.17543433356515,3.09679023636108,3.02760941029666,2.96167097454757,2.89889652736595,2.83424850654985,2.7710712866146,2.70815652816133,2.64383565745374,2.58134992571224,2.51764999970782,2.45415508423436,2.39189740007338,2.33446900558749,2.28185859024006,2.23492817458277,2.19175751866767,2.15300328847059,2.1176308800337,2.08567183946158,2.05624826351832,2.02708059959107,2.00072189759435,1.97638065710698,1.95392090431934,1.93481315265954,1.92063264940308,1.90953827827416,1.90295540916571,1.90254522769658,1.90683693527718,1.91615201289597,1.92553769341383
"Slovenia","SVN","Lower","Infant Mortality Rate","Total",,,,,,,,,,,,,,,,,,,,,,,,,,,,,,,,,,,,,,,,,,,,,,,,,,,,,,,,,,2.84426140102629,2.94612292211814,3.03400797681012,3.10066594302835,3.14796028563589,3.1623487784526,3.14196881959927,3.0915822700483,3.02284296059211,2.94430337832811,2.85898739225269,2.77146998260052,2.6872158565844,2.59690395317318,2.49860917943499,2.39659907656261,2.28618262245654,2.17008445738774,2.04633246274051,1.91857189532368,1.7923353783463,1.67557188024194,1.56935954079572,1.48367100015475,1.41372910066061,1.35965794877061,1.3118963880378,1.26788158741873,1.21642411094313,1.15849287469715,1.09109882532151,1.02280903916706,0.955673539600253
"Slovenia","SVN","Median","Infant Mortality Rate","Total",,,,,,,,,,,,,,,,,,,,,,,,,,,,,,,,,,,,,,,,,,,,,,,,,,,,,,,,,,3.2854540204875,3.29835890887454,3.31286905520533,3.33212883741356,3.34693600596624,3.3437626316007,3.31455281244419,3.259624467625,3.18567229994513,3.1043076207193,3.01811597654801,2.93064744595912,2.84130884402606,2.7479509757551,2.647374302379,2.54355901280029,2.4349561162728,2.32227542572188,2.20422782359629,2.08237561851315,1.96106293043378,1.84362730353821,1.73887847043819,1.64629334145412,1.5674079666982,1.50292671319493,1.44743880897827,1.39735267945568,1.34793185304945,1.29537314717599,1.23684286558492,1.17779448300189,1.11956863922045
"Slovenia","SVN","Upper","Infant Mortality Rate","Total",,,,,,,,,,,,,,,,,,,,,,,,,,,,,,,,,,,,,,,,,,,,,,,,,,,,,,,,,,3.66779673079512,3.61747541728701,3.57833256266808,3.56289556480318,3.54820297116662,3.53748546860553,3.51086902786105,3.45839268549112,3.38797037236102,3.31108366188536,3.22273229188632,3.13074391782754,3.03069939005677,2.9278145603534,2.81928707214601,2.70800686361363,2.5943673524843,2.47429436224137,2.35173796094628,2.22476536106636,2.10108376564483,1.98266911399991,1.87859816873456,1.78502202481483,1.70514944324486,1.64038582433706,1.58295452174321,1.53382802762693,1.49019088550954,1.44600695854418,1.39854758034378,1.35692272181287,1.3210970539055
"Spain","ESP","Lower","Infant Mortality Rate","Total",,,,,,,,,,,,,,,,,,,,,,,,,,,,,,,,,,,,,,,,,,,,,,,,,,,,,,,,,,3.16333648225624,3.24239483482885,3.19863808329171,3.00030304522224,2.72033084306776,2.4628398038124,2.28945465213054,2.19711428056044,2.18873679852261,2.2166637046594,2.23997416641526,2.23380715639253,2.19448905218707,2.13818559202073,2.07489339015907,2.01044636028956,1.94457928266503,1.86179227286303,1.76107084929955,1.63802406723595,1.49229802886746,1.33409392111151,1.18151620039901,1.05456967022573,0.95774694419937,0.89367309209023,0.861488145077315,0.848687289917488,0.848664227285562,0.849785238509543,0.837528982638914,0.80414585260124,0.759992802029417
"Spain","ESP","Median","Infant Mortality Rate","Total",,,,,,,,,,,,,,,,,,,,,,,,,,,,,,,,,,,,,,,,,,,,,,,,,,,,,,,,,,3.34989810819672,3.35603525266907,3.27508104162212,3.06347888643096,2.78392623308308,2.52910023121756,2.34841932165561,2.249547890701,2.23549737175544,2.26965772751192,2.297501924407,2.28558349122877,2.24591203409118,2.19342740349848,2.13383199050741,2.06895637445987,1.99518390589471,1.90871492028705,1.80639576902519,1.68315297688302,1.53482963566413,1.37196544104127,1.21789152710533,1.08951482817433,0.99315111268038,0.92911843438617,0.894192136187948,0.880546680483284,0.87988705369669,0.881509370291535,0.874565246557545,0.852882027334334,0.82515441867877
"Spain","ESP","Upper","Infant Mortality Rate","Total",,,,,,,,,,,,,,,,,,,,,,,,,,,,,,,,,,,,,,,,,,,,,,,,,,,,,,,,,,3.54931703852971,3.47245606942191,3.35474122465298,3.12690882122674,2.84650908709722,2.59347722907775,2.4053226928582,2.29984758091764,2.28551669512011,2.33350444409505,2.36938480255631,2.34626394953534,2.29850763837661,2.245662089613,2.18821318341838,2.12135727072508,2.04429083410732,1.95804896482766,1.85706980391571,1.73394489619686,1.58330967073209,1.41276657358643,1.25396277760641,1.12347232112401,1.02632234407356,0.961302894186273,0.926017986167147,0.912107038561103,0.911866250332893,0.915304043078329,0.912969238877163,0.904033104369444,0.895275053392645
"Sweden","SWE","Lower","Infant Mortality Rate","Total",,,,,,,,,,,,,,,,,,,,,,,,,,,,,,,,,,,,,,,,,,,,,,,,,,,,,,,,,,2.50052451774668,2.32523787117048,2.15945470352933,2.00408709291663,1.86080110838466,1.73640789786935,1.63953621362839,1.57689619622829,1.5435323155442,1.53754395424131,1.5497163337748,1.56932492033947,1.58981460222952,1.60423190146145,1.61017466192958,1.6029826984088,1.5798180199354,1.54287179996557,1.49507930530252,1.44283540432156,1.38975520876399,1.33589646694149,1.28425737386768,1.23700767318449,1.19300284390966,1.15670770050739,1.13220767983596,1.12010645839445,1.11834142381917,1.12318632826066,1.13238810449371,1.13845794874633,1.13619716528406
"Sweden","SWE","Median","Infant Mortality Rate","Total",,,,,,,,,,,,,,,,,,,,,,,,,,,,,,,,,,,,,,,,,,,,,,,,,,,,,,,,,,2.67127911105561,2.46057515749914,2.26662907085539,2.09211753981453,1.93910803435833,1.8129348870446,1.71729579822651,1.65132916436492,1.61424249275966,1.60411385373185,1.61292592710004,1.63114897805903,1.64926558560552,1.66302303231746,1.66782963370666,1.65935354735592,1.6358917499714,1.59741839069963,1.54895186571827,1.49605690599047,1.44209383266344,1.38790647403966,1.33635762670608,1.28862280618784,1.24607189761269,1.2119701864267,1.18819830564851,1.17600971245515,1.17487865252015,1.18283536975315,1.19784710761108,1.21323810868549,1.22328160576058
"Sweden","SWE","Upper","Infant Mortality Rate","Total",,,,,,,,,,,,,,,,,,,,,,,,,,,,,,,,,,,,,,,,,,,,,,,,,,,,,,,,,,2.91306751225409,2.63234880630094,2.39001074648484,2.18575670705613,2.01932419210429,1.88365683680522,1.7827042275462,1.71246322287082,1.67369172581647,1.66243188493673,1.67149167184107,1.68970747696845,1.70853863571928,1.72383563833336,1.72929993339131,1.72054436005499,1.69692900095079,1.65741666247247,1.60787227237042,1.55388626992324,1.49931907153941,1.44339064601117,1.39030121812569,1.34121775465792,1.29706172717424,1.26279786798955,1.23932788573039,1.22822495177134,1.22989485671731,1.24351182978893,1.26740423908959,1.29607136392976,1.3252016952062
"Switzerland","CHE","Lower","Infant Mortality Rate","Total",,,,,,,,,,,,,,,,,,,,,,,,,,,,,,,,,,,,,,,,,,,,,,,,,,,,,,,,,,3.10078847710587,3.05788150080088,3.0052895508966,2.93001363870917,2.8301218614674,2.71498344201637,2.5898755500651,2.4693878652135,2.35382977038219,2.24756037538633,2.15146323630096,2.06468692909023,1.99088013157745,1.92617016082724,1.86938274562582,1.81449820156934,1.75632059931377,1.69548477938268,1.6273252313637,1.55061084370391,1.46931343625744,1.38555547544462,1.30351681171108,1.22839334975002,1.16584597644169,1.11643629219124,1.08092983448831,1.05852841820192,1.04602215555659,1.04367817237209,1.04735860818791,1.05405322235778,1.05738420673623
"Switzerland","CHE","Median","Infant Mortality Rate","Total",,,,,,,,,,,,,,,,,,,,,,,,,,,,,,,,,,,,,,,,,,,,,,,,,,,,,,,,,,3.32978226932623,3.24314801018387,3.15546739762162,3.05791297429018,2.94922765186888,2.83184778776771,2.70947499235001,2.58562952215497,2.46198110046258,2.3472447454271,2.24210151481268,2.14897147436948,2.06924629343874,2.00082038144024,1.93954281072311,1.88209499597711,1.82393909412283,1.76131657969714,1.6920164958666,1.61411856907943,1.53045855398422,1.44406615631376,1.35916260199869,1.28267979474946,1.2188871343669,1.16919335980232,1.13438051700631,1.11361204471481,1.10539506410449,1.10898614626268,1.12216176079034,1.142095493377,1.16376615336169
"Switzerland","CHE","Upper","Infant Mortality Rate","Total",,,,,,,,,,,,,,,,,,,,,,,,,,,,,,,,,,,,,,,,,,,,,,,,,,,,,,,,,,3.63405723209164,3.46730230488671,3.3198563316527,3.19081977507172,3.06719915949571,2.9411677182994,2.81139064129323,2.68097627228234,2.55258430973069,2.43316439022491,2.32375059305696,2.22815910764321,2.14618909675121,2.07659491936018,2.01738260328615,1.96144603947377,1.90388043153864,1.84131498948357,1.77189911791742,1.69246767978557,1.60579591694712,1.51680519686701,1.42821000580727,1.34709788309917,1.27920318621093,1.22720101155768,1.19012552734391,1.17049419580911,1.16685509792695,1.17613040864326,1.19801922489065,1.22966679408434,1.26578850007523
"United Kingdom","GBR","Lower","Infant Mortality Rate","Total",,,,,,,,,,,,,,,,,,,,,,,,,,,,,,,,,,,,,,,,,,,,,,,,,,,,,,,,,,2.61951218649127,2.56993521807281,2.49846627959248,2.41086865743261,2.32177983842508,2.2458152140236,2.19628976017906,2.17833984819089,2.1765270230518,2.16459295538292,2.13029774298188,2.08815591578448,2.05445797636132,2.02449012465341,1.98485270277315,1.93132088110934,1.87465889063118,1.82705533372371,1.78104629759938,1.72431958039471,1.6486187676048,1.54801544536194,1.42529737154638,1.30704318239995,1.22668415968922,1.19381127412272,1.18830799678861,1.19000173779545,1.1949626284299,1.20740546900793,1.22644632819075,1.23682139700129,1.21525115525827
"United Kingdom","GBR","Median","Infant Mortality Rate","Total",,,,,,,,,,,,,,,,,,,,,,,,,,,,,,,,,,,,,,,,,,,,,,,,,,,,,,,,,,2.71305843102842,2.64012106191804,2.5524269301019,2.45329782205131,2.36000605606246,2.28344023085954,2.23395236228359,2.2159176202677,2.21420881036364,2.20170238265403,2.16660283212479,2.12414927242131,2.08936282007128,2.0576580560017,2.01611144164836,1.96104685905098,1.9039729077725,1.85572658542603,1.81024506779592,1.7531382736198,1.67644975990345,1.57443779761953,1.45035343313761,1.33186343993474,1.25217346846644,1.21979749800719,1.21418973485227,1.21546796780003,1.22219102961922,1.23980156540408,1.2674242793385,1.2889666928704,1.29218333556608
"United Kingdom","GBR","Upper","Infant Mortality Rate","Total",,,,,,,,,,,,,,,,,,,,,,,,,,,,,,,,,,,,,,,,,,,,,,,,,,,,,,,,,,2.82373307893284,2.72050070732067,2.61100376248463,2.49857107784821,2.39817512853389,2.31875875449786,2.26871225772005,2.25042811232949,2.24905123349822,2.23647297619697,2.20051461902788,2.15665939385692,2.12075628459826,2.08815957093362,2.04641739120383,1.99078097174125,1.93426733684338,1.8872025475444,1.84341722212505,1.78755919112918,1.7088576249298,1.60430342978553,1.47662524023695,1.35580013014857,1.27541832419273,1.24285507677739,1.23791022920805,1.24076140592162,1.24999366357428,1.27356257430879,1.31190844801582,1.34979315724196,1.37928015687925
"United States of America","USA","Lower","Infant Mortality Rate","Total",,,,,,,,,,,,,,,,,,,,,,,,,,,,,,,,,,,,,,,,,,,,,,,,,,,,,,,,,,4.27234421718056,4.28924926238496,4.29226914127483,4.28983118482064,4.27175873399655,4.23133452687594,4.15953397510475,4.04049004788389,3.87534424068589,3.68900073517287,3.53000260942701,3.41748643298655,3.34340055420986,3.30254168357878,3.27899435882093,3.26215347491554,3.24208376844562,3.19655033925403,3.10861088168608,2.97818524300404,2.81380830266604,2.63802597413728,2.47598233202305,2.35518433502459,2.28329088910664,2.27027304282336,2.3126816138901,2.37851811349398,2.43534262991546,2.45904513398792,2.43461033939135,2.36362968761422,2.2618138461547
"United States of America","USA","Median","Infant Mortality Rate","Total",,,,,,,,,,,,,,,,,,,,,,,,,,,,,,,,,,,,,,,,,,,,,,,,,,,,,,,,,,4.4531187336315,4.4166052051038,4.3865968084121,4.36562154990886,4.34072854021107,4.29719433033373,4.22256395620578,4.10307241142544,3.93482822873953,3.74713223615054,3.58603877592677,3.47155819426759,3.39693230230112,3.35354290057757,3.33008851960238,3.3143087747209,3.29404364572773,3.24752405249188,3.1577335329997,3.0248774365732,2.85938714347606,2.68236138002734,2.52011650284185,2.39802142917864,2.32673670358021,2.31381241827118,2.3554723196598,2.42039837549056,2.47691788079383,2.50395902833184,2.48848275707304,2.43100522273982,2.35314684566611
"United States of America","USA","Upper","Infant Mortality Rate","Total",,,,,,,,,,,,,,,,,,,,,,,,,,,,,,,,,,,,,,,,,,,,,,,,,,,,,,,,,,4.62015857801429,4.54136706442656,4.48164624980778,4.44511556646206,4.41495935276799,4.37028987652725,4.29324410000376,4.17103637650484,3.9980961265997,3.80605948713154,3.6427518182809,3.525887525838,3.45086433037486,3.40723235655811,3.38298117710417,3.36914879261172,3.35025357521985,3.3038792784111,3.21144807298884,3.07431996282303,2.90477365673481,2.72425656227141,2.56160204882033,2.43947005742243,2.36822760702278,2.35546110521498,2.39551738848559,2.46100266881154,2.51888143867782,2.55013429528555,2.54442715031611,2.50361877132376,2.45136919877252
"Botswana","BWA","Lower","Infant Mortality Rate","Total",,,,,,,,,,,,,,,,,,,,,,,,,,,,,,,,,,,,,,,,,,,,,,,,,,9.47205954009861,9.74755221124467,9.90303920993285,10.0017417222963,9.98443146566788,10.0220865056335,9.88436105741768,9.74272579245089,9.64303100143518,9.47428840752932,9.26240973425051,8.99969856108702,8.64583168928239,8.23695830484302,7.82025732706509,7.45303123802114,7.13092878285966,6.90138902499135,6.75496543195614,6.61100166845482,6.52392722866861,6.40232911731291,6.2736379436456,6.11293660945245,5.97475278716963,5.80751354674448,5.68014481981906,5.50814650261876,5.35029024286291,5.18341549868833,5.0033825911212,4.79023616617667,4.55130365204411,4.28323962024312,4.04307425237786,3.77181629606514,3.50779050956117,3.27755799998785,3.08656247142784,2.91767075217332,2.78037828118855
"Botswana","BWA","Median","Infant Mortality Rate","Total",,,,,,,,,,,,,,,,,,,,,,,,,,,,,,,,,,,,,,,,,,,,,,,,,,14.3008428014508,14.2445810813209,14.1839003321972,14.1449121618806,14.0825186604296,14.042980608397,13.9866840459697,13.9034891806875,13.7517975736768,13.5505394077858,13.3067044842725,13.0351755807266,12.6824734997236,12.3318814849581,11.9671962689012,11.5763526182434,11.2025685723005,10.8072405812712,10.4584145139642,10.0880012782697,9.71648762622906,9.33228076782087,8.95254642463129,8.56253801750468,8.18060429984275,7.82976450359222,7.4857768474275,7.18081818097488,6.90504483883149,6.65959878557274,6.44661882867783,6.24386670019334,6.05160875106606,5.85119226819325,5.6732156382883,5.48755672664562,5.31126225084012,5.12294003316699,4.93538327810713,4.76441942072195,4.61011900125338
"Botswana","BWA","Upper","Infant Mortality Rate","Total",,,,,,,,,,,,,,,,,,,,,,,,,,,,,,,,,,,,,,,,,,,,,,,,,,22.5270451581912,21.9297718867539,21.4137134477258,20.9159576788104,20.4804729990901,20.2666780431319,19.8113517792551,19.5041826383108,18.9425199567568,18.4058849625449,17.7779842490771,17.2350184359278,16.7069781895737,16.1717055236225,15.6697595009712,15.1802466203873,14.6553686569008,14.1235682180404,13.6224080020795,13.149591876265,12.6544846929807,12.156280689015,11.6343424129152,11.1085678912466,10.5814825938254,10.0705878104417,9.63650278285077,9.20386813452768,8.80988242796409,8.4744038126832,8.2395820186911,8.05780514196207,7.90059801274992,7.78717920874773,7.71739442453368,7.69961904770756,7.65567842421168,7.56509094765498,7.4726679008977,7.34317306083025,7.20404336981385
"Cameroon","CMR","Lower","Infant Mortality Rate","Total",,,,,,,,,,,,,,,,,,,,,,,,,,,,,,,,,,,,,,,,,,,,10.56787156497,10.794133350985,10.9287703431019,11.0918374059296,11.2177444120356,11.3255618579804,11.3952203840014,11.4655223138781,11.5247938845798,11.5628662943878,11.5879184208539,11.5561588566895,11.5554442246923,11.5221982870897,11.4814878107213,11.433967393082,11.4100685859295,11.398527937506,11.3841727352353,11.3981070259759,11.4586752925323,11.535958342677,11.6707066389508,11.7635926097367,11.8939057612962,11.9645583669889,11.9570534072148,11.9337922160671,11.8940378452441,11.8280992544998,11.7194214830528,11.5998235870186,11.4188419061988,11.2343812437323,11.0370767565869,10.834921435901,10.6232572437376,10.4133864424784,10.2390947306989,10.0995405488254,9.88839659363962,9.68013034441463,9.48313063353357,9.20975360948462,8.94261830805533,8.60834168431435,8.26233060262172
"Cameroon","CMR","Median","Infant Mortality Rate","Total",,,,,,,,,,,,,,,,,,,,,,,,,,,,,,,,,,,,,,,,,,,,14.9847131190819,14.9176840904872,14.848752397309,14.8178929750117,14.7772597931493,14.7327004469429,14.685903723574,14.6423077182041,14.5733445008771,14.5035890061067,14.4189497440461,14.3310087910897,14.2207838632887,14.092513851481,14.0228914941976,13.9230043876421,13.8559384196382,13.8073367878998,13.8052370913789,13.8179421677152,13.8758421934363,13.944673257438,14.0324869471996,14.1048904971398,14.1791364594927,14.2042731581865,14.2028260099179,14.1436739825981,14.0503186514673,13.9632375756868,13.8438503761861,13.7237060307507,13.5879691025339,13.4285339288742,13.2851595866208,13.1452564316034,13.0234996032871,12.9330721934148,12.8794711868531,12.8857714156219,12.8805867885652,12.8712545943294,12.8666666939633,12.7979994780958,12.6765140395536,12.457989950111,12.1717147181954
"Cameroon","CMR","Upper","Infant Mortality Rate","Total",,,,,,,,,,,,,,,,,,,,,,,,,,,,,,,,,,,,,,,,,,,,21.3542597335597,20.9983313440834,20.6248958566997,20.2648342295096,19.9094933330746,19.616456596029,19.2609921950105,18.93331492398,18.6337911858127,18.3738796389049,18.0919745185935,17.812830354493,17.5226349783729,17.1965488951189,16.9507665264251,16.7553599272504,16.5904680628448,16.4599351026218,16.404366266057,16.3861538214027,16.3770372988067,16.4204115373443,16.5091356785541,16.5510468598033,16.6255872594781,16.6566562673974,16.6413471533738,16.5652919261096,16.4896352602406,16.413279193253,16.3361910439236,16.237485266891,16.1811339789139,16.1561524042295,16.149814631686,16.1505282580987,16.2085269925587,16.3367393800777,16.4937244518113,16.7575964049792,17.0124420789103,17.3706849049095,17.7848525865116,18.1157903425856,18.3589893907592,18.3685147987513,18.1591634461689
"Central African Republic","CAF","Lower","Infant Mortality Rate","Total",,,,,,,,,,,,,,,,,,,,,,,,,,,,45.8397569540548,44.7546378288827,42.9991857931169,41.2184743071674,39.3552486063242,37.4034171058002,35.3571270001778,33.3529350726135,31.6674245260264,29.7617942838271,28.1737577772869,26.5699502345177,25.2749995896482,24.1197665218798,22.984319079509,21.833979114921,20.8645867131325,20.153017176617,19.5598587714336,18.8640124270361,18.3287921527576,17.80409887912,17.3529822266259,16.9759697179378,16.5038791615525,16.032549710531,15.5625081859622,15.1999480269038,14.8489316951244,14.6366306260489,14.5315820548753,14.4822563535576,14.5408462340081,14.4954120580663,14.4431952289838,14.3117240131015,14.1841699741105,14.0990698988905,13.8974104811702,13.7542522737174,13.6236213546772,13.4019740039272,13.2038131166705,12.9542202186444,12.704328640445,12.4277224833431,11.9752449481684,11.5323379532618,11.0448249745,10.5395328795773,10.0734919044448,9.56531919581825,9.06271847889659,8.60732082286106,8.22185099196085,7.80503799001903,7.38175300030331,7.02014065895605,6.72052423730917,7.04255467644346,6.08149369707409,5.77049842238677,5.47873268603684
"Central African Republic","CAF","Median","Infant Mortality Rate","Total",,,,,,,,,,,,,,,,,,,,,,,,,,,,70.7617628118743,67.6706561761646,64.5082850996921,61.2118171244809,58.2683929395409,55.3974000588127,52.6435121079117,49.8773411042164,47.3411842295004,44.8560672795087,42.5953630954891,40.4783418834315,38.5093283866657,36.6444565999235,34.8690441186838,33.2192879476041,31.6846413461384,30.209385190445,28.8361705543244,27.5350867610384,26.3363235958689,25.176804522554,24.1657048624681,23.2012401021462,22.2354357573703,21.3450493414103,20.5182473420695,19.7942929680052,19.202244546229,18.7823441279211,18.5503982390012,18.4626780794511,18.4147720895347,18.4219178546878,18.4086736035643,18.3895952608526,18.3668623959739,18.3356133473713,18.2879093377308,18.2759401446876,18.220421829666,18.1766679746891,18.1449516828974,18.1261581433579,18.1507285550761,18.0666402234761,17.8804312102999,17.5897777283994,17.1573055107468,16.6597907019942,16.2268069445695,15.7369278549201,15.188329322401,14.7577174754955,14.2920403490237,13.7936072189372,13.3936758356323,12.9512530664094,12.5887509816159,13.4085650861093,11.7959287208264,11.4399739261125,11.0649659161715
"Central African Republic","CAF","Upper","Infant Mortality Rate","Total",,,,,,,,,,,,,,,,,,,,,,,,,,,,107.613066003773,102.237599816694,96.9653239132372,91.7980707064678,86.9998050473529,82.5201193631441,78.4287287773497,74.3273219474372,70.3837572787077,66.3762454977643,62.8746385820531,59.6014148433399,56.4629909846416,53.4620114956113,50.6938903590657,48.0443023396961,45.5421739335851,43.0065089788024,40.6117814893206,38.3822255766023,36.3773009414566,34.2917808105282,32.4806754960464,30.8318899407975,29.268741415142,27.7459821732448,26.5504384370004,25.3979223233294,24.4806299082433,23.9566503896224,23.550119042808,23.4049410838062,23.3077186281719,23.3894982692224,23.4907181835262,23.6128669635412,23.8159217840112,23.9740267104789,24.1267246903866,24.3877701977965,24.5949595072933,24.7901244791068,25.1762035801559,25.5671642312458,26.0229907187371,26.5305845140638,26.7083616091242,26.6206963242202,26.2919033364874,25.8885818091548,25.4640564002038,24.9984890380226,24.3361672991785,23.8905148546929,23.4234440807401,22.9018471773602,22.5534556195116,21.9800386431267,21.5407303080749,23.1159619365433,20.5956589451497,20.1936426552141,19.7288981320905
"Cote d Ivoire","CIV","Lower","Infant Mortality Rate","Total",,,,,,,,,,,,,,,,,,,,,,,,,,,,,,,,,,,,,,,,,,,,,,10.4520041173035,10.5578053108938,10.6230109634486,10.6436099772912,10.6171512513189,10.5739129649325,10.5140623025056,10.4170711729822,10.3607175884185,10.301579252518,10.2471738932778,10.2076313825005,10.1558079924863,10.1588250913045,10.192706835092,10.2471612702399,10.3569698292991,10.4539031257401,10.5647145543426,10.6849941526008,10.8066303850888,10.8701310578701,10.9056586566336,10.9235851501613,10.9272781031073,10.8547018232616,10.7586034873159,10.6637868465485,10.5460013509678,10.3886714564939,10.2034193963371,9.99886269525201,9.79054531484202,9.56045433888904,9.27777229332444,9.00092532167152,8.70277899622162,8.31409198299749,7.93339216547774,7.5939568568483,7.26246233992778,6.88143940294561,6.61305858404557,6.31138190419338,6.02328505424035
"Cote d Ivoire","CIV","Median","Infant Mortality Rate","Total",,,,,,,,,,,,,,,,,,,,,,,,,,,,,,,,,,,,,,,,,,,,,,15.2902828521991,15.0599480068737,14.8281668667879,14.5832018856409,14.3306100240267,14.0900522523011,13.8704724034222,13.6883254734446,13.5261428528554,13.3989229742262,13.3116731926291,13.2225022760891,13.1782734620856,13.1593921119935,13.1816678550651,13.2445801176827,13.3154378778465,13.4044576463371,13.4622108678636,13.5778107518275,13.6776175150831,13.7435022280509,13.78722152724,13.8122891201183,13.8100931998707,13.7835984382859,13.7509438241971,13.7182574843084,13.6605971958213,13.6449149287533,13.6291654091253,13.6159318480636,13.565389186385,13.5368509445253,13.4826005267919,13.3852345696585,13.2036169485775,12.8942197498264,12.5669420196486,12.2468713172994,11.9234413487101,11.607024609688,11.3147439532047,10.9507607104886,10.6187599353246
"Cote d Ivoire","CIV","Upper","Infant Mortality Rate","Total",,,,,,,,,,,,,,,,,,,,,,,,,,,,,,,,,,,,,,,,,,,,,,21.4855963943787,20.7064146560025,20.0447036530404,19.4361858639182,18.8982979435591,18.37057890542,17.9208983591699,17.558834847805,17.2246217594206,16.9856698050581,16.8120109363884,16.6682110532089,16.6061569284249,16.5551558207076,16.576786577791,16.5887825103458,16.5835788928804,16.6828152517933,16.7846182060055,16.9358414002081,17.0499144074817,17.1568679234464,17.2631464329631,17.3654824407544,17.4981139378726,17.6051720855944,17.6585026625333,17.7427805216869,17.9497277912806,18.1599075006529,18.4276538800755,18.7457126065837,19.0327163215765,19.3850002034749,19.7278678363793,20.1146542309849,20.3388541793197,20.147805995146,19.8232718816305,19.4190401958353,19.0648452292062,18.7015096262807,18.3454229713229,17.9361693528515,17.606927591039
"Gabon","GAB","Lower","Infant Mortality Rate","Total",,,,,,,,,,,,,,,,,,,,,,,,,,,,,,,,,,,,,,,,,,,,,,,,,,,,,,,,,,4.72319070165304,5.22885798456952,5.76986461594984,6.32038580500532,6.86231505500608,7.33385435261006,7.73597236899716,8.06315640489708,8.30267654065447,8.49957881933277,8.59887628537444,8.69424410599752,8.69427632860817,8.65040387965422,8.58248608432882,8.41382432404937,8.15097086199312,7.83966191103602,7.47606564746062,7.00099357967599,6.51416988442671,6.02016843436158,5.45810964471942,4.99862627649053,4.63095543215621,4.34240076198026,4.13512200028804,3.94546253182097,3.77198735380374,3.58312338835792,3.41877754296374,3.28332421811234,3.15843362081425
"Gabon","GAB","Median","Infant Mortality Rate","Total",,,,,,,,,,,,,,,,,,,,,,,,,,,,,,,,,,,,,,,,,,,,,,,,,,,,,,,,,,8.7855399943127,9.13349156384232,9.48860122591918,9.92474755937576,10.28828645163,10.6581325976665,10.9952760766669,11.2411509963421,11.4307238975234,11.5660431595921,11.635553067311,11.6809786795977,11.7418657067693,11.7217348916448,11.68224630432,11.5895388783149,11.4565385113608,11.2618298203129,10.9740406298002,10.6355477744216,10.2453513474162,9.87772912228032,9.48859003516205,9.13608838376128,8.84151434446627,8.59927430101859,8.34278093487054,8.11022344821918,7.85473136032002,7.60499844505113,7.41692427402826,7.21984965555245,7.03759874608056
"Gabon","GAB","Upper","Infant Mortality Rate","Total",,,,,,,,,,,,,,,,,,,,,,,,,,,,,,,,,,,,,,,,,,,,,,,,,,,,,,,,,,15.3924185906362,15.3648417090424,15.3573420314191,15.4777585531003,15.5795142665891,15.7218422809388,15.8184309019674,15.8599820542929,15.8486628599495,15.8209235626564,15.7811715345019,15.8685911666564,15.972759122455,16.099966963099,16.185034684422,16.2664682121667,16.2899226813588,16.3043080717431,16.1810027747137,16.0045984932568,15.7537657880215,15.5198310046497,15.1911738022942,14.9376834830992,14.6649932544368,14.3893799032051,14.0917318448068,13.7913076966895,13.4682145090611,13.1651135145292,12.8919872078975,12.6311625766374,12.3951660872352
"Kenya","KEN","Lower","Infant Mortality Rate","Total",,,,,,,,,,,,,,,,,,,,,,,,,,,,,,,,,,,,,,,,,,,,,,,,,,,,,,,,5.4000862320014,5.7713536734636,6.18083938173253,6.57137686785122,7.00772128957784,7.43608839880891,7.85747632214317,8.22202597053878,8.55258210135051,8.84219890526925,9.09225389629403,9.24981092336307,9.34646942850248,9.36483304762251,9.32334463520981,9.21681600294199,9.06950690656889,8.91194865887128,8.6825799080686,8.46768557698392,8.20358800546246,7.90708739354668,7.60397939592608,7.26566008086477,6.88784662621663,6.50831500467138,6.10680481308376,5.7059944693314,5.35977486705278,5.07252113986214,4.81438591671661,4.54921547098633,4.32925627791855,4.11536543400559,3.89997944590526
"Kenya","KEN","Median","Infant Mortality Rate","Total",,,,,,,,,,,,,,,,,,,,,,,,,,,,,,,,,,,,,,,,,,,,,,,,,,,,,,,,7.97358559550919,8.25623952836169,8.56053637185726,8.89150737625739,9.24018457439925,9.59633708509075,9.97556079848235,10.3097071594709,10.6161736828214,10.8526437940807,11.0661119677092,11.1928493296232,11.2359232208961,11.2186426450565,11.1482209616827,11.0290754648123,10.8588252903751,10.6640321857656,10.4294279758381,10.201399765765,9.95484829432946,9.69788284245296,9.42669022030171,9.15545530115456,8.85514611887977,8.54549239253019,8.24949658580651,7.9556928127364,7.68385038968598,7.42311308479389,7.18469581242817,6.93799734735467,6.70868995185505,6.50618022790209,6.26984303278093
"Kenya","KEN","Upper","Infant Mortality Rate","Total",,,,,,,,,,,,,,,,,,,,,,,,,,,,,,,,,,,,,,,,,,,,,,,,,,,,,,,,11.4346234439623,11.519545560798,11.6052054239841,11.7487813290867,11.9919647509557,12.236159199661,12.5033355379695,12.767648453587,13.0230567735744,13.1862125856268,13.341037756582,13.412806407041,13.4029565993393,13.3338267752692,13.218324099869,13.0413556243402,12.854439902238,12.6544561576909,12.4295538502166,12.1822574845795,11.9637299902935,11.7389716633118,11.5182295915945,11.3412505258153,11.1567965751782,10.997036717019,10.8603075074135,10.711946407317,10.5794252044791,10.3880028296485,10.1937780902253,10.0035031055702,9.79343051202633,9.62400728335973,9.37904766570969
"Lesotho","LSO","Lower","Infant Mortality Rate","Total",,,,,,,,,,,,,,,,,,,,,,,,,,,,,,,,,,,,,,,,,,,,,,,,,,,,,,,,,,,,8.48699622362543,8.9765452676768,9.49169948874818,10.0448879913927,10.5232654128374,10.9564611753034,11.3824287582869,11.6729884846146,11.9122165151002,11.9917070648415,11.9801094877593,11.9028296148834,11.7538436238558,11.5058530057627,11.2187796272978,10.9756277781996,10.7143525994312,10.4089315946913,10.1551222733145,9.92858086962256,9.65030805170274,9.32941792183897,8.99703485960578,8.55828100866813,8.10544172920959,7.60660303682038,7.15693450125371,6.77331056933435,6.4664732692037,6.21326269329471,5.90867339315678
"Lesotho","LSO","Median","Infant Mortality Rate","Total",,,,,,,,,,,,,,,,,,,,,,,,,,,,,,,,,,,,,,,,,,,,,,,,,,,,,,,,,,,,13.2258452618783,13.3542197191639,13.5212476987694,13.6620756486733,13.8114039450445,13.9898210410362,14.1337797225816,14.2950142766716,14.4297374513848,14.5317664171825,14.5960397907515,14.6031700476185,14.5365716802565,14.3897209405194,14.179883733756,13.9650757013686,13.7059821880743,13.4178450266537,13.1487768690261,12.9427898007373,12.7293880358699,12.5126670910352,12.3386803765224,12.1708020971934,11.9830098095025,11.7787492191133,11.5850603490324,11.3305486826537,11.0474811033436,10.7385840709784,10.4499892252689
"Lesotho","LSO","Upper","Infant Mortality Rate","Total",,,,,,,,,,,,,,,,,,,,,,,,,,,,,,,,,,,,,,,,,,,,,,,,,,,,,,,,,,,,20.9421618411246,20.1999987674689,19.4570881620024,18.8007541859176,18.2847616335905,17.8816476561276,17.6590054724959,17.5175032037957,17.5717967975811,17.5894937190354,17.7079138476149,17.775622813732,17.7543892568825,17.6611765335703,17.4925919828389,17.3197938069621,17.1009042113552,16.8476207279156,16.5987714419421,16.4038970202288,16.2992161253624,16.1533670905819,16.1172844957307,16.1825100539975,16.3440569204232,16.6239548690752,16.8771016648825,16.9863516072631,16.8819405214361,16.6601340123733,16.3962049625141
"Malawi","MWI","Lower","Infant Mortality Rate","Total",,,,,,,,,,,,,,,,,,,,,,,,,,,,,,,,,,,,,,,,30.5283877510034,28.0935501196071,25.7899757057416,23.6974698958605,21.9465598934138,20.3551435702181,18.9743469115637,17.7991309327909,16.8128756207118,16.0140985434648,15.2776659401097,14.7950467318929,14.4944347784853,14.3108134533278,14.3542428438251,14.5071306494159,14.7672602085303,15.0176427084786,15.3062854109865,15.6283129424041,15.9593128344987,16.3289144588446,16.8095306971594,17.3443221197764,17.9412082545742,18.544531501379,19.1203778775865,19.4406593660282,19.5208231009775,19.2756883580801,18.7388737109098,17.9849188988424,17.1028331245049,16.1421942713211,15.2100110000022,14.3317604471931,13.4740362079641,12.6859077317364,11.9605786178645,11.296515904013,10.6635467962208,10.033808232237,9.40758959660235,8.77417993635212,8.1423686110498,7.57095864284734,7.03003358824715,6.51641196228279,6.03480091747507,5.62317374117852,5.30869126883081
"Malawi","MWI","Median","Infant Mortality Rate","Total",,,,,,,,,,,,,,,,,,,,,,,,,,,,,,,,,,,,,,,,47.2434415023098,42.7379694409077,38.5283139990628,34.9699852685306,31.8773606572712,29.0244123860096,26.6819500863898,24.679473773858,23.0060504011657,21.6219764882562,20.4133495719626,19.5488488427866,18.935341532476,18.5345602872458,18.3613813287182,18.3979253555285,18.5474087778595,18.7048089961162,18.9047682498083,19.1362630303327,19.4220979842741,19.7868063901483,20.2573374410441,20.8314949953483,21.4782075019435,22.1353855792062,22.6508084948623,22.9332598047897,22.9520986144556,22.5837427951689,21.8683732764516,20.9271305632515,19.8503171000451,18.7567955479295,17.6724019023511,16.6417929853306,15.6933779922715,14.8307556062956,14.0174366221221,13.2945512849724,12.6110381631434,11.971233521117,11.32766378733,10.6985386143395,10.0780047774178,9.52721565796165,9.01877632910621,8.56392932787655,8.16892236991904,7.79372047716208,7.49628498082334
"Malawi","MWI","Upper","Infant Mortality Rate","Total",,,,,,,,,,,,,,,,,,,,,,,,,,,,,,,,,,,,,,,,61.6365445145795,55.9242586845306,50.448742650176,45.7393085594919,41.7030432111503,38.0473314528172,34.8914741756236,32.1736079731403,29.9037048909181,28.0035643795797,26.3552227674733,25.0784240136239,24.085159715313,23.3886796060803,22.967925639495,22.828676597223,22.8620027764175,22.8434937774481,22.9020297215055,23.0289144061081,23.2537949537766,23.5632943612388,23.9934932478111,24.5698105204524,25.2032867105533,25.8354388295065,26.2977299703607,26.498986631563,26.4614406871225,25.9947939971416,25.1206842678554,23.9967824648987,22.7941541041811,21.5295209786161,20.2830606187109,19.0652680080194,18.0361682323897,17.0940036004236,16.2321261636261,15.5186504101486,14.8581428040379,14.186474173623,13.5409231734684,12.9544117035977,12.3396711959465,11.8315384463542,11.4168945225034,11.0500203341739,10.7358868692468,10.4559538980168,10.2039738762225
"Mozambique","MOZ","Lower","Infant Mortality Rate","Total",,,,,,,,,,,,,,,,,,,,,,,,,,,,,,,,,,,,,,,,,,,,,,,,,,,,,,,,11.6488781318518,12.5531217136474,13.3101755237107,13.873121864148,14.4280176644715,14.8485288232589,15.1964299173864,15.4637669088866,15.7136280843481,15.90102382719,15.9581466153432,15.9527720935015,15.8471084225595,15.5463067515968,15.1562182975066,14.7043112940182,14.0065856765022,13.3084156470949,12.5950117832365,11.9086253985408,11.2093589655856,10.5328603958604,9.8498074962515,9.13309860675741,8.4200425499782,7.73625550241229,7.18919694119887,6.73760962623241,6.38298821620674,6.05071750455126,5.74959181251721,5.47878040490455,5.20160228046851,5.00711629594371,4.72824644944331
"Mozambique","MOZ","Median","Infant Mortality Rate","Total",,,,,,,,,,,,,,,,,,,,,,,,,,,,,,,,,,,,,,,,,,,,,,,,,,,,,,,,19.6950446585714,19.6765143683521,19.6568121542931,19.6648942570415,19.6857330727551,19.7407826107214,19.8455128434004,19.9464776171694,20.0690796004788,20.1534906260597,20.1679708002506,20.1099991821731,19.9125639207978,19.5616119538262,19.078789731036,18.508552157138,17.89019005481,17.1925887796813,16.5522573585716,15.9384308022463,15.3844887623103,14.7972611422804,14.2367309995736,13.7485655822257,13.2987835578904,12.861939638671,12.4504232089451,12.0591798708193,11.7247622088709,11.3384823137735,11.0085720271948,10.6610215596515,10.3380419559543,10.0463759675267,9.74170935843629
"Mozambique","MOZ","Upper","Infant Mortality Rate","Total",,,,,,,,,,,,,,,,,,,,,,,,,,,,,,,,,,,,,,,,,,,,,,,,,,,,,,,,29.7474419996465,28.9571142826792,28.1946007792739,27.5804416325449,26.929392829377,26.4367669777861,26.121004888521,25.8790803205947,25.7447827076492,25.693482177299,25.59501390156,25.3658238696524,25.0491633792615,24.6572265304285,24.0438561334727,23.4204598804756,22.8021836755883,22.1544969522675,21.7839268506571,21.3248467752698,21.0022535690315,20.7491852336038,20.6721405840293,20.6336137174458,20.6936560839854,20.7229752671791,20.5372434803353,20.25179408231,19.8775556544174,19.4406419630216,19.0096892647064,18.6141177702942,18.2245939025842,17.8867144592671,17.4865417461455
"Namibia","NAM","Lower","Infant Mortality Rate","Total",,,,,,,,,,,,,,,,,,,,,,,,,,,,,,,,,,,,,,,,,,,,,,,,,,9.96982548432068,9.92101966040734,9.83536516058985,9.73149339526418,9.64356366299046,9.56310009487429,9.53951103803485,9.4898331310576,9.45775778036566,9.4480748105301,9.45934709685919,9.51111230178449,9.5752549670811,9.6677877808417,9.7727005815322,9.88737481156047,9.99968754510783,10.1321220587838,10.2731375849165,10.3759882268782,10.4327303031019,10.4668751831832,10.3883183643564,10.2390939831714,9.99707954792221,9.68145968205965,9.31136403638445,8.92658530736552,8.53547262765274,8.13193459980337,7.73433710045225,7.35510171142981,6.989849351444,6.62249497173191,6.26467840107164,5.9249052232396,5.61716593570199,5.33832112292571,5.06445886516687,4.83876777664553,4.58719293391131
"Namibia","NAM","Median","Infant Mortality Rate","Total",,,,,,,,,,,,,,,,,,,,,,,,,,,,,,,,,,,,,,,,,,,,,,,,,,14.7583422915545,14.2814312733826,13.8363934202287,13.389675545311,12.9995426321395,12.6582372815255,12.403952572914,12.1622925297098,11.9686427013795,11.8025317905281,11.6726809285383,11.6265121453446,11.5936807324795,11.6387528064371,11.688717577086,11.78549572297,11.8966687543944,12.0277614495347,12.1395707328758,12.250437416081,12.3282836938001,12.3843966297753,12.3398945240266,12.2392645681984,12.0448388754139,11.7730314790042,11.4466824964019,11.1233007525862,10.7821201299645,10.4568467240364,10.1669421339168,9.87809341615858,9.63733854785414,9.36835307634711,9.0891307664692,8.81467501364988,8.52846960802703,8.23714984553515,7.98492926999046,7.75210444105287,7.48815123533176
"Namibia","NAM","Upper","Infant Mortality Rate","Total",,,,,,,,,,,,,,,,,,,,,,,,,,,,,,,,,,,,,,,,,,,,,,,,,,21.1856051103233,20.1994260051047,19.1891867954655,18.2491057084883,17.4036983921073,16.6722232059886,16.0769993533894,15.5700641446407,15.1364549857089,14.7509345171046,14.4475576709172,14.2054106476741,14.0629600748904,14.0073655532321,13.9935805942546,14.0136729566244,14.0746336592684,14.1602742579491,14.2737600596323,14.3867036301531,14.4635102774685,14.529651703269,14.5056280226637,14.4272966209632,14.2880378755109,14.045028652912,13.7457036517269,13.4826026833772,13.2184499586531,13.0126734032075,12.8386845601689,12.7820102502695,12.7628299889902,12.6852142700955,12.4763052963269,12.2866210308551,12.0735934550008,11.8328131310196,11.6011683973232,11.4034809338471,11.1962461843506
"Rwanda","RWA","Lower","Infant Mortality Rate","Total",,,,,,,,,,,,,,,,,,,,,,,,,,,,,,,,,,,,,,,,,,,,,,,,,,,,,,,,,,22.0055767793016,23.3521287006686,24.8670970735205,26.748137372755,28.9853518021063,31.2485083891216,307.92732044243,34.8561396929852,34.9541963517741,33.1162697673138,29.5552186940582,25.2534431188173,21.0425387619097,17.523287172415,14.7206413580637,12.5853303428587,10.9419411154489,9.68308928739379,8.64206106108705,7.82331788914009,7.18312963644921,6.65124827226612,6.26008491755704,5.94440093346201,5.68456875080492,5.38901193736781,5.03237163286581,4.59684896923984,4.13688658575297,3.63931361001163,3.15227187887106,2.73274304599392,2.44384433948863
"Rwanda","RWA","Median","Infant Mortality Rate","Total",,,,,,,,,,,,,,,,,,,,,,,,,,,,,,,,,,,,,,,,,,,,,,,,,,,,,,,,,,31.1031903440395,32.0952000110023,33.3313838781214,35.1097086782251,37.3468818414883,39.5849049181406,384.741197817683,42.9772241801167,42.5783242733904,39.9003042382025,35.3017901250016,29.9260262600064,24.8304235603121,20.5978001075496,17.2633011678677,14.7654623042082,12.8720879730904,11.4003850402895,10.184232498026,9.23541403504089,8.51427640886072,7.94813364463394,7.56023902217905,7.29062718359669,7.05321760573303,6.79654856978882,6.47966540243804,6.08912786818328,5.63565939981031,5.14498217124893,4.65225617196786,4.22500706983015,3.9083604588886
"Rwanda","RWA","Upper","Infant Mortality Rate","Total",,,,,,,,,,,,,,,,,,,,,,,,,,,,,,,,,,,,,,,,,,,,,,,,,,,,,,,,,,42.7389649227618,43.2950754800245,44.1206646925311,45.8275546414625,47.865207564145,50.0577847737705,478.836841429289,52.8189842017223,51.7639199823205,48.1506649855923,42.3090023616177,35.6502771382412,29.4033762150087,24.3091915241474,20.3213595976978,17.3463388340508,15.0917766943078,13.3863307953716,11.9977294396379,10.8990577144146,10.0976514736122,9.48367644657603,9.08580525538389,8.8413192452759,8.6616647286619,8.47214529707845,8.23321738337231,7.88071702611694,7.47112239044723,6.98024193861032,6.471747007245,6.01730470306029,5.66083741660842
"South Africa","ZAF","Lower","Infant Mortality Rate","Total",,,,,,,,,,,,,,,,,,,,,,,,,,,,,,,,,,,,,,,,,,,,,,,,,,,,,,,,5.49406879034677,5.59289302689904,5.70160153222126,5.81395612729892,5.9701760902066,6.15152652084137,6.38009565347296,6.62081742189358,6.9171171950038,7.20149512088228,7.52647568547419,7.87810772465505,8.26258912472161,8.64711366701288,9.02401589500119,9.33576937473711,9.56548634079076,9.68395501648575,9.67967996421994,9.57593814004647,9.37238468393759,9.11286914160897,8.79740792046702,8.47971813274771,8.17098112976283,7.89012006545939,7.67466624645136,7.50438164417372,7.38967751789616,7.30334177585168,7.22610560152092,7.13448863469239,6.99229817810111,6.79532100460507,6.50673149057346
"South Africa","ZAF","Median","Infant Mortality Rate","Total",,,,,,,,,,,,,,,,,,,,,,,,,,,,,,,,,,,,,,,,,,,,,,,,,,,,,,,,8.62435297236391,8.48896868130362,8.35707580659212,8.26367974452092,8.21142976827541,8.20448162059323,8.27357127879309,8.37019422275278,8.5061446103184,8.67509256291083,8.87068867628204,9.08589399454298,9.32628447462252,9.57855619278363,9.82693870918915,10.0529387347004,10.2212908433215,10.3187577327566,10.3019802389602,10.1971227787375,9.98125966284853,9.69337969127064,9.35601726550329,9.00295180342505,8.65843259382435,8.36088548157114,8.12231732027387,7.94417968916941,7.82234639050317,7.73937548798724,7.66627271376049,7.58803076631426,7.48345658007112,7.36569023685983,7.22539907855621
"South Africa","ZAF","Upper","Infant Mortality Rate","Total",,,,,,,,,,,,,,,,,,,,,,,,,,,,,,,,,,,,,,,,,,,,,,,,,,,,,,,,13.2520838053166,12.7476858053515,12.2659934279448,11.8290267427722,11.5040764741741,11.2178273222946,11.0368499584819,10.8663239837651,10.7554738680186,10.6932949840154,10.6400062341494,10.6135509925971,10.6166286948047,10.6422496738267,10.7215448650744,10.8176537353995,10.9097433644165,10.9566028014993,10.9265964153292,10.8034559993384,10.5800712361113,10.2623529270004,9.90249774895841,9.52572177019663,9.14642369251711,8.83630993863333,8.59658318020369,8.42273991174583,8.31173001718401,8.22595442868528,8.15930194965561,8.0859764761596,8.01400407294348,7.9824950684384,7.96840655306494
"Swaziland","SWZ","Lower","Infant Mortality Rate","Total",,,,,,,,,,,,,,,,,,,,,,,,,,,,,,,,,,,,,,,,,,,,,,,,,,,,,,,,,,,,9.08309050740288,8.79068676746356,8.53059412353637,8.29522635266172,8.08439226631343,7.89771036481759,7.73872721725116,7.59998940214445,7.48838833252508,7.40367455287903,7.34223735807726,7.29970312022993,7.2742083852401,7.26800730272564,7.27547289173388,7.28993008670379,7.31401064025936,7.33923336501982,7.37207908498431,7.41095653195047,7.4544700639425,7.48996792675089,7.5089950549677,7.49525462870055,7.44569549331732,7.36523910510842,7.26046399236323,7.14884228359879,7.01712329946785,6.88584053546093,6.74827803728362
"Swaziland","SWZ","Median","Infant Mortality Rate","Total",,,,,,,,,,,,,,,,,,,,,,,,,,,,,,,,,,,,,,,,,,,,,,,,,,,,,,,,,,,,11.6168948234612,11.2429226066157,10.9102749371473,10.6092493515435,10.3396013276344,10.1008429432108,9.89751011255401,9.72007021973142,9.57733709526268,9.46899169592487,9.39041608009466,9.33601655968189,9.30340985443245,9.29547892791538,9.30502710562354,9.32351725644509,9.35431528248235,9.38657409796642,9.42858240713358,9.47830504416362,9.53395704104032,9.57935733055264,9.60369223584804,9.5861188023735,9.52273473030911,9.41983435747493,9.28583134782913,9.14307182675261,8.97460872670367,8.80670353404279,8.6307668226695
"Swaziland","SWZ","Upper","Infant Mortality Rate","Total",,,,,,,,,,,,,,,,,,,,,,,,,,,,,,,,,,,,,,,,,,,,,,,,,,,,,,,,,,,,14.9065692824711,14.4266955429871,13.9998486439716,13.6135785764716,13.267571574483,12.9612015458938,12.7002888860439,12.4726015310295,12.289449213553,12.1504225436718,12.0495958701859,11.9797914833605,11.9379512051915,11.9277743974131,11.9400264298788,11.9637526250844,12.0032720419221,12.0446659148366,12.0985701448874,12.1623732476149,12.2337847874246,12.292041539452,12.3232676078017,12.3007177261337,12.2193845406317,12.0873448208826,11.9153948137851,11.7322086247046,11.5160401123283,11.300587495659,11.0748289932992
"Uganda","UGA","Lower","Infant Mortality Rate","Total",,,,,,,,,,,,,,,,,,,,,,,,,,,,,,,,,,,,,,,,,,,,,,,,,,,,,9.9266720199733,10.6544145530128,11.4457908856342,12.2863478087283,13.1399480816036,13.9620994944491,14.7764598896189,15.5495138244546,16.2631327048337,16.9028796927358,17.3963584345509,17.692751499553,17.7625022186496,17.6943624045566,17.4492800612543,17.0140180669023,16.4828833779529,15.8130498645245,15.0706391911177,14.2331541037903,13.3922007629047,12.5980877268805,11.8381527118784,11.2216010309284,10.6830182018083,10.2717046690938,10.0014308244655,9.8715534570732,9.8486980472522,9.91580429251736,10.0287660135175,10.1857285547188,10.2728224772772,10.3042079135885,10.1205432994028,9.81579743538667,9.50073553612568,9.18586962294435
"Uganda","UGA","Median","Infant Mortality Rate","Total",,,,,,,,,,,,,,,,,,,,,,,,,,,,,,,,,,,,,,,,,,,,,,,,,,,,,14.0482753491964,14.6797426957655,15.3428388340252,16.0705713210376,16.8007256903011,17.5723426587348,18.333976643243,19.0784635987676,19.7775812529943,20.3865334619156,20.8537696285537,21.0943580593687,21.0894280710325,20.9404896616766,20.5458777089515,19.9926768599491,19.3282435928096,18.5302397542667,17.6508626560211,16.735015393538,15.8271130874992,14.9758954346927,14.2101129812673,13.5497161849568,13.0441757925359,12.6536595121867,12.446846946923,12.4096083276692,12.4934745138872,12.7637210072407,13.0825613099001,13.5156049282282,13.9184974506288,14.1777580360353,14.1875653374784,14.016181799292,13.8090369189398,13.5430738836788
"Uganda","UGA","Upper","Infant Mortality Rate","Total",,,,,,,,,,,,,,,,,,,,,,,,,,,,,,,,,,,,,,,,,,,,,,,,,,,,,20.1070398968596,20.3943499424144,20.7894172157498,21.3123525836743,21.8223549530609,22.4015953339941,23.027538778052,23.6640984242177,24.2661148262709,24.7910298295364,25.0923790564869,25.2115455047034,25.0340549319456,24.673272025586,24.0849037135982,23.3296136784587,22.5025474108735,21.5325057612391,20.5241531988755,19.4916951736495,18.5086145082964,17.5760833612068,16.7604289336249,16.0730118117921,15.5514457882283,15.2301841244145,15.1092013146858,15.191717099886,15.4425066699527,15.9272738077441,16.6059688552625,17.4679176014894,18.3754532993955,19.064109106672,19.3658302858241,19.4139884258713,19.2791775888063,19.0595635001355
"Tanzania","TZA","Lower","Infant Mortality Rate","Total",,,,,,,,,,,,,,,,,,,,,,,,,,,,,,,,,,,,25.8585279816558,22.6906313227022,19.7964530488714,17.3195841668162,15.1840400112926,13.4360264835897,11.9504553778822,10.7361509328832,9.76841191919688,8.98516473393931,8.37597527504221,7.9057933982463,7.54292061646171,7.31090260066619,7.16405438908283,7.14023692211227,7.18256755385531,7.32421780439534,7.54596866615398,7.91135123123508,8.40332582394708,9.03016390001038,9.71834726783104,10.4260481683293,11.1631737646705,11.8571823430936,12.4899014939036,12.949046275371,13.2165800553572,13.2860188221354,13.2031926662518,12.9465614125187,12.6980591205256,12.4076239700651,12.0458655394504,11.6089195574988,11.1166656838348,10.5625465694056,9.99908525116006,9.41829515227883,8.80682501270007,8.22391733978694,7.749235401374,7.37295125218548,7.11456534745638,6.97756435087536,6.94201375158385,6.95917097028643,6.95497784244628,6.90612781176972,6.77985512213431,6.56092966680554,6.31637455401182,6.02401600075262,5.74787734387393
"Tanzania","TZA","Median","Infant Mortality Rate","Total",,,,,,,,,,,,,,,,,,,,,,,,,,,,,,,,,,,,36.7235761270171,31.6186184823762,27.1003879729537,23.3261330592965,20.1803169431544,17.6325038808318,15.5948952209092,13.9856512240542,12.6671491932131,11.6404333931288,10.8676734788046,10.2625105803377,9.81767739673713,9.49019345390957,9.28199549156069,9.21428465456941,9.24189982096333,9.37335153394509,9.60538492451806,9.9777963400024,10.5148283850405,11.1973326861111,11.9805472275201,12.7664462897323,13.593472430919,14.3591940303998,15.0249365333822,15.4865329962247,15.7382392519941,15.7915399089042,15.6448057237559,15.3743565195202,15.0606044264574,14.6820702022144,14.2269639166401,13.6870245795237,13.0675188880396,12.4224372848603,11.7198128108275,11.0094350240008,10.2858519795487,9.61950084371889,9.08170365999467,8.69384498983472,8.44589653928019,8.35191676725137,8.41673709402699,8.54655655435377,8.70089992174097,8.78887930101291,8.75019913248828,8.6214629649468,8.43915078109356,8.21241026015099,7.99771459663679
"Tanzania","TZA","Upper","Infant Mortality Rate","Total",,,,,,,,,,,,,,,,,,,,,,,,,,,,,,,,,,,,49.7606276919657,42.4380125194076,36.0219805852377,30.6948508160777,26.4246640060751,22.9473371446812,20.1543003931517,17.9934099057529,16.2282907193603,14.8788749343357,13.8299125890787,13.0185755780075,12.4081914178893,11.9667140054116,11.6586282789853,11.5240085115924,11.4942635218691,11.5727975868556,11.8121849467514,12.2046876742285,12.791367173075,13.5695582004891,14.4683300957226,15.3622318166623,16.282848233328,17.1210161530096,17.797652063798,18.284142130929,18.5106010315731,18.5176357948761,18.3115330259325,17.9410125323537,17.5272264945308,17.0760052716916,16.4955762680696,15.8561296055443,15.1252567925092,14.3548388388763,13.5248505484886,12.7104073174359,11.8860165250324,11.1554937592515,10.5725089130924,10.1724619167978,9.95134723517977,9.91614956069811,10.1022376710589,10.4097528674934,10.822411564285,11.1412768937288,11.2581569832067,11.2535564907681,11.1430127280506,10.9502053061416,10.7811851590923
"Zambia","ZMB","Lower","Infant Mortality Rate","Total",,,,,,,,,,,,,,,,,,,,,,,,,,,,,,,,,,,,,,,,,,,,,,,,,,,,,,12.5797767148595,13.0551253445815,13.5813045544073,14.0613109884696,14.5318998282862,15.0742614727051,15.5520796810486,15.8977587018226,16.2238038389286,16.4345125425326,16.4912749957381,16.4044490064815,16.1538170356686,15.8096937098363,15.3841611639183,14.9437473574629,14.5234441967116,14.0969575847536,13.6544095662658,13.1936796645374,12.7402240035868,12.2824892754336,11.8304363191115,11.3864222346521,11.0106722807651,10.6403006353279,10.2765792996919,9.87783493156148,9.45583278579262,9.02180163882738,8.61365256059784,8.17872518612674,7.75746406814213,7.37240644281533,6.98658319895134,6.60908361855319,6.28228871208716
"Zambia","ZMB","Median","Infant Mortality Rate","Total",,,,,,,,,,,,,,,,,,,,,,,,,,,,,,,,,,,,,,,,,,,,,,,,,,,,,,17.6156759586176,17.7661745148554,18.0060241964404,18.2577563287416,18.5479409784094,18.8781115770474,19.1958056765206,19.4373640798797,19.6256743591385,19.7150455271582,19.6603763177104,19.4801844492856,19.1659874015182,18.7471307223473,18.277790214561,17.7932888634919,17.3128906992638,16.7799146133366,16.2822193945098,15.7665701956073,15.2426534175303,14.7475563249018,14.2595947113292,13.7876754579579,13.351070931709,12.9495472634443,12.5730321149623,12.2082683546725,11.8429481351888,11.5034737641982,11.1898809027926,10.8581301959744,10.5412899237186,10.2395668458827,9.93114741796106,9.61931763176894,9.34739061469431
"Zambia","ZMB","Upper","Infant Mortality Rate","Total",,,,,,,,,,,,,,,,,,,,,,,,,,,,,,,,,,,,,,,,,,,,,,,,,,,,,,24.8225212540015,24.4136199763037,24.1712588733541,23.9515183013713,23.8626734565873,23.8157961979996,23.8097736659434,23.7828835175976,23.7000812117313,23.5807002142643,23.4343057845219,23.155268814788,22.6307943862163,22.0142683359679,21.4262648976743,20.8667014179294,20.2619745984161,19.6979626495892,19.1696712416218,18.5818950633907,18.0366221901198,17.5126283210101,16.9765976612631,16.5207866706052,16.073370314999,15.6815334603076,15.3360354558236,15.0451180326112,14.8173059067815,14.6542496482202,14.5026703553837,14.3523274899413,14.2554789236105,14.1836987984668,14.1477154360975,13.9148141892196,13.6876276836027
"Zimbabwe","ZWE","Lower","Infant Mortality Rate","Total",,,,,,,,,,,,,,,,,,,,,,,,,,,,,,,,,,,,,,,,,,,,,,,,,,,,3.99399786563822,4.22573761982995,4.45259687275903,4.69301954955302,4.95741525636666,5.23118214030232,5.55276625293904,5.92157292630212,6.33067158330231,6.78155320666017,7.23958639686778,7.71000259419262,8.17237605120635,8.58939288729992,8.93003809495053,9.24682734649592,9.47199392121512,9.65091058143894,9.80053110027598,9.93316631469956,9.9965403797129,9.95792985116816,9.88059662507825,9.8071823928072,9.69969206230021,9.60307144539617,9.49838208346924,9.36497127651699,9.21717173398431,9.05717584807109,8.88506254557783,8.71329277121188,8.54693585172168,8.35821606193339,8.13779044401442,7.89257861892958,7.60424761776006,7.28111801737888,6.93345113153204
"Zimbabwe","ZWE","Median","Infant Mortality Rate","Total",,,,,,,,,,,,,,,,,,,,,,,,,,,,,,,,,,,,,,,,,,,,,,,,,,,,5.8727497903723,6.02138028168365,6.17433123044126,6.32632556081071,6.51825221052651,6.7485309565316,7.0286312005124,7.37201296584406,7.75496457758596,8.19498058984371,8.65738163624051,9.1220735198239,9.60503177197248,10.0581478818996,10.4785306404212,10.8693779671485,11.1928366055391,11.4568436030183,11.6523356404555,11.7797200296776,11.8228207822213,11.8081762027963,11.7249005606083,11.6048019214458,11.4785500065468,11.3403914430473,11.1934758092259,11.0421081796543,10.8971784426296,10.7724524094672,10.6584420558486,10.5930453000101,10.5559874353038,10.5223189661653,10.4626985239802,10.3705042743164,10.2034117635503,9.97313984246855,9.72935135230265
"Zimbabwe","ZWE","Upper","Infant Mortality Rate","Total",,,,,,,,,,,,,,,,,,,,,,,,,,,,,,,,,,,,,,,,,,,,,,,,,,,,8.93819365715823,8.87661708758374,8.83131119521352,8.79586060324597,8.78308612204581,8.82984713743726,8.99129581356711,9.21550885191881,9.5194603287301,9.87929121066554,10.2941601467745,10.7421262166544,11.1902166703972,11.6596406476675,12.0980801740388,12.5304877759717,12.9114486622868,13.2084927893615,13.4587727573944,13.5843587429942,13.6456499130203,13.6315392328302,13.5451355398043,13.4129033075347,13.3187613082372,13.217883832384,13.1096928828493,13.029206788925,12.9231381498179,12.8528496534675,12.8231376366849,12.9093491248834,13.069735692219,13.2477391013755,13.4801019097261,13.6357818088817,13.6636900595968,13.5603869490181,13.4048817624615
"Congo DR","COD","Lower","Infant Mortality Rate","Total",,,,,,,,,,,,,,,,,,,,,,,,19.1988942690908,19.4363761145648,19.3843294875401,18.9761976117081,18.4754716045704,17.81025348044,17.2070154985392,16.5208027372126,15.8627313272132,15.1504494982517,14.6132386257772,13.976901300635,13.3053227016632,12.7897857159884,12.4705727011933,12.0863683937431,11.5793929155978,11.2350803561323,10.8597964466023,10.6751997268724,10.486921081223,10.2802952870727,10.105162666634,10.0067878978996,9.89525887772556,9.87479378125443,9.81014104714589,9.85167501238055,9.82834119244966,9.85831080469072,9.96727099070213,10.0912573078283,10.3287547853392,10.504991279462,10.7036377226337,10.8599897877801,11.145405895445,11.532155165159,11.876855597811,12.3448266325032,12.6699516582008,13.1082595550937,15.1056608552515,13.9308740111396,14.3320102798463,14.6405160117458,14.9085675871883,15.0410133536629,15.1097441897263,15.1325290401352,15.0963334566538,15.0272249605721,15.0257114532743,15.0233386520877,15.07875922277,15.0777001628894,15.0686880016362,14.9823427576811,14.8267813470491,14.5450769128685,14.1683905306396,13.7216717177146,13.2323019178142,12.6943470054549,12.1324411211444,11.6596646121073,11.1334810100727
"Congo DR","COD","Median","Infant Mortality Rate","Total",,,,,,,,,,,,,,,,,,,,,,,,30.5893804447039,30.394409610093,30.0775518817602,29.7633497924526,29.4817285727276,29.170706562543,28.9357710141168,28.6415410581039,28.307559609665,27.9363053842576,27.6143619226388,27.3312588108235,27.0781736926433,26.7359777573011,26.449476109736,26.1857954211545,25.86045670492,25.578800874077,25.2724185114994,24.9604082016437,24.639295824808,24.4216886766151,24.1132535773929,23.8011715483399,23.4984486923881,23.2335895297898,22.928765390118,22.5816529643997,22.2788704523946,21.9976414720276,21.7272237821587,21.4784689873475,21.2677092832459,20.9961140634036,20.781348690548,20.5641234806198,20.3657076208485,20.2126363958422,20.0556150641479,19.9183985382986,19.7870661812323,19.6805180210963,21.8274572146749,19.4717089200059,19.4006196937823,19.3888002890654,19.3993363621829,19.389424607445,19.3550967042762,19.2869474755668,19.2459240317059,19.2116051223316,19.2372020221277,19.3858171325864,19.5967780699847,19.8500732146196,20.1041463298017,20.36482274774,20.5958087118886,20.6747550633895,20.5153883663818,20.1870589978193,19.8026658772616,19.2996747529953,18.7932575312825,18.3359219379868,17.8327967334915
"Congo DR","COD","Upper","Infant Mortality Rate","Total",,,,,,,,,,,,,,,,,,,,,,,,52.2280214531626,51.3741676850598,50.173375270862,49.4735292087762,48.6941754199728,48.1123571598249,47.8016101402614,47.4380415885285,47.0862641424944,46.5069596462723,46.1297443940078,45.7062007477395,45.4638977293062,44.8155088787131,44.3805467901396,44.0287849713442,43.45974964385,42.7987558302261,42.1278256635026,41.594229453086,41.0766436234015,40.4194271694901,39.5192438560981,38.8002548210926,37.9568230289594,37.2912313839669,36.5329263750588,35.7469021933275,34.9359925253307,34.1994269946703,33.5002253740488,32.8605236922414,32.1628174154016,31.4624573773832,30.7958245609621,30.1670597899402,29.556407068107,28.9100537079706,28.2742038234677,27.7031871589081,27.1274109721991,26.6313422400473,29.1768432772904,25.7000683246118,25.3572840800876,25.0809610449227,24.8333676133999,24.7211403861247,24.5856091136232,24.5230898635939,24.5555522395521,24.58303635318,24.7648898958083,25.1388093905689,25.6486105849152,26.2516985447109,27.028152873813,27.9139321053635,28.7274072630421,29.2972564670845,29.4191569738959,29.2030350144127,28.9682013073419,28.5355160176163,28.058289245572,27.4967679023195,26.9671169830706
"Korea DPR","PRK","Lower","Infant Mortality Rate","Total",,,,,,,,,,,,,,,,,,,,,,,,,,,,,,,,,,,,,,,,,,,,,,,,,,,,,,,,,,,,5.1317201472787,5.46079373056445,5.833041110659,6.20342535521814,6.55117055363011,6.81778251826962,6.96563276758597,6.96563276758597,6.82292452325372,6.5352102527724,6.1308211288255,5.67339928940423,5.21558341176739,4.83228397276642,4.55987429451495,4.41486839057577,4.37059915673101,4.35576077005605,4.32595880946664,4.26584335510776,4.15120941791566,4.01012057291838,3.84841413396527,3.70644550749304,3.56862476932912,3.4533435930857,3.35327226692602,3.26012257064636,3.18400012612378,3.09653579716962,3.01705153111557
"Korea DPR","PRK","Median","Infant Mortality Rate","Total",,,,,,,,,,,,,,,,,,,,,,,,,,,,,,,,,,,,,,,,,,,,,,,,,,,,,,,,,,,,6.55285041801254,6.97305454175737,7.44838860718768,7.92134357786582,8.36539005806684,8.70583503047274,8.89462953606356,8.89462953606356,8.71240101391347,8.34500986173004,7.82863302046748,7.24453708272442,6.6599379855316,6.1704912080386,5.82264295778913,5.63748048380933,5.5809517450669,5.56200415526561,5.52394912024788,5.44718585784873,5.30080627718394,5.12064561557662,4.91415771762468,4.73287363614246,4.55688612011099,4.40968006010472,4.28189592288823,4.16295022657476,4.06574714883591,3.95406127195652,3.8525653814774
"Korea DPR","PRK","Upper","Infant Mortality Rate","Total",,,,,,,,,,,,,,,,,,,,,,,,,,,,,,,,,,,,,,,,,,,,,,,,,,,,,,,,,,,,8.38999501679356,8.92800676425605,9.53660457831726,10.142156299176,10.7106948005082,11.1465862736489,11.3883108454094,11.3883108454094,11.1549930836375,10.6846008513412,10.0234535873854,9.27560163069751,8.52710544973977,7.90043831067856,7.45506799089053,7.21799372017051,7.14561669244973,7.12135699264396,7.07263292085911,6.97434845716506,6.78693017748603,6.55626001768005,6.29188156794727,6.05977302842088,5.83444598929555,5.64596952010903,5.48236006680538,5.3300669827765,5.20561223624296,5.06261432072691,4.93266323669116
"Nauru","NRU","Lower","Infant Mortality Rate","Total",,,,,,,,,,,,,,,,,,,,,,,,,,,,,,,,,,,,,,,,,,,,,,,,,,,,,,,,,,,,6.50850398988544,6.33060807849225,6.15434848507146,5.98390107269856,5.82755977948807,5.67699931661229,5.53466653307908,5.40099436474063,5.27902576324436,5.16628739273827,5.0648891575727,4.97897006063591,4.90782925009015,4.85162224015357,4.81400049956928,4.79196098993806,4.78617119441205,4.78458259586054,4.77943247640845,4.75746713205669,4.72541099348947,4.67938715396699,4.62010658837251,4.55816346176237,4.48715469061566,4.41593442211677,4.34876802020898,4.27849299687719,4.20866485189289,4.13745596966877,4.06257030849907
"Nauru","NRU","Median","Infant Mortality Rate","Total",,,,,,,,,,,,,,,,,,,,,,,,,,,,,,,,,,,,,,,,,,,,,,,,,,,,,,,,,,,,8.33143862883037,8.10371673292379,7.87808946318407,7.659902279488,7.45977212798784,7.26704193095221,7.0848438632057,6.91373211945857,6.75760193661015,6.61328723442275,6.48348886990357,6.37350511875495,6.28243883101996,6.21048907812369,6.16233005059986,6.1341176039013,6.12670617322946,6.12467263197969,6.11808004108431,6.08996253225092,6.04892794864074,5.99001351991172,5.91412935437993,5.83483688430812,5.74393961823333,5.65277161756076,5.56679291088964,5.47683490442022,5.38744894024075,5.29629551496824,5.2004354999503
"Nauru","NRU","Upper","Infant Mortality Rate","Total",,,,,,,,,,,,,,,,,,,,,,,,,,,,,,,,,,,,,,,,,,,,,,,,,,,,,,,,,,,,10.6866220148344,10.3945262634915,10.1051172603929,9.82525155357812,9.56854735420338,9.32133497488667,9.08763201329941,8.86814932739244,8.66788328409059,8.48277279571427,8.31628221448857,8.17520756596008,8.0583980881887,7.96610912735997,7.90433620353763,7.86814848525596,7.85864194482427,7.85603354936509,7.8475773234795,7.81151138069485,7.75887688332718,7.68330815395212,7.58597257601926,7.48426521261773,7.36767253661077,7.25073259304994,7.14044888570328,7.02506098510469,6.91040683530252,6.79348558740737,6.67052726142413
"Somalia","SOM","Lower","Infant Mortality Rate","Total",,,,,,,,,,,,,,,,,,,,,,,,,,,,,,,,,,,,,,,,,,,,,,,,,,,,,,,,,,,,18.3544922496484,18.0993558999659,17.9194969023717,17.8445992805914,17.8278160580299,17.8277789093927,17.8277789093927,17.8277789093927,17.8277789093927,17.8277789093927,17.8277789093927,17.8277789093927,17.8277789093927,17.8277789093927,17.8277789093927,17.8220318266008,17.7760082007589,17.6378855462054,17.3782669870276,17.046947089179,16.7136876011722,16.3751798049139,16.0012069232153,15.6344868327769,16.3154589774838,14.9689086544523,14.6576775712156,14.3298228243235,13.9988619519917,13.7029038318122,13.4080808599232
"Somalia","SOM","Median","Infant Mortality Rate","Total",,,,,,,,,,,,,,,,,,,,,,,,,,,,,,,,,,,,,,,,,,,,,,,,,,,,,,,,,,,,23.5113593530265,23.1845400479859,22.9541479746016,22.8582071620521,22.8367085353738,22.8366609494778,22.8366609494778,22.8366609494778,22.8366609494778,22.8366609494778,22.8366609494778,22.8366609494778,22.8366609494778,22.8366609494778,22.8366609494778,22.8292991697612,22.7703447736831,22.5934152611785,22.2608544277584,21.8364470906786,21.4095552173562,20.9759404742525,20.4968963966333,20.0271428501445,20.899440519066,19.1745642271416,18.7758898459449,18.3559212265502,17.9319737865804,17.5528634509556,17.1752071942023
"Somalia","SOM","Upper","Infant Mortality Rate","Total",,,,,,,,,,,,,,,,,,,,,,,,,,,,,,,,,,,,,,,,,,,,,,,,,,,,,,,,,,,,30.1842428050849,29.7646671817186,29.4688863134591,29.3457160306427,29.3181157648354,29.3180546733342,29.3180546733342,29.3180546733342,29.3180546733342,29.3180546733342,29.3180546733342,29.3180546733342,29.3180546733342,29.3180546733342,29.3180546733342,29.3086035079164,29.2329169523698,29.0057721376172,28.5788254522857,28.0339648205235,27.4859145031257,26.9292332626588,26.3142291475805,25.7111523584903,26.8310214499236,24.6165988798616,24.104774610515,23.5656124724188,23.0213422636019,22.5346346152437,22.0497937355846
