CountryName,OfficialName,Code,ISO3Code,UNCode,UNICEFCode,MDGRegion1,MDGRegion1excl,MDGRegion3,MDGRegion4,MDGRegion5,MDGRegion6,UNICEFProgRegion1,UNICEFProgRegion2,MENAEMRORegion,ECACountries,WHORegion1,WBRegion1,WBRegion2,WBRegion3,WBRegion4,WBRegion5,UNPDRegion1,UNPDRegion2,UNPDRegion4,UNPDRegion5,OICRegion1,OICRegion2,OICRegion3,OICRegion4,Countdown.and.COIA.75.Priority.Countries,ECAAfrica,AURegion1,AURegion2,FragileCountries2013,FragileCountries2014,FragileCountries2015,FragileCountries2017,FragileCountries2018,FragileCountries2018OECD1,FragileCountries2018OECD2,FragileCountries2019,FragileCountries2022OECD1,FragileCountries2022OECD2,FCSCountries1,FCSCountries2,USAIDcountry,M49Region1,M49Region2,M49Region3,SDGSimpleRegion1,SDGSimpleRegion2,SDGSimpleRegion3,SDGSimpleRegion4,SDGSimpleRegion5,SDGSimpleRegion6,SDGRegion1,SDGRegion2,SDGRegion3,SDGRegion4,SDGRegion5,SDGRegion6,HAC2020,HAC2019,GlobalStrategy,Conflict,UNICEFReportRegion1,UNICEFReportRegion2,Wealthdata1,Wealthdata2,Wealthdata3,WealthdataGlobal,Wealthall1,Wealthall2,Wealthall3,WealthallGlobal,UNRegion,AfricanEconomicCommunity,GAVICountries,JHURegion,SPhumanitarian,SPhighburden,JHUFragile2021,LiST_UNICEFProg,LiST_UNICEFRep,LiST_all,ListSBRESCAP,ListSBR,EAPRORegion1,EAPRORegion2,EAPRORegion3,EAPRORegion4,EAPRORegion5,EAPRORegion6,EAPRORegion7,EAPRORegion8,EAPRORegion9,EECA,SDGRCRegion1,SDGRCRegion2,SDGRCRegion3,SDGRCRegion4,SDGRCRegion5,SDGRCRegion6,SDGRCRegion7,SDGRCRegion8,SDGRCRegion9,SDGRCRegion10,SDGRCRegion11,SDGRCRegion12,SDGRCRegion13,SDGRCRegion14,SDGRCRegion15,SDGRCRegion16,SDGRCRegion17,SDGRCRegion18,SDGRCRegion19,SDGRCRegion20,SDGRCRegion21,SDGRCRegion22,SDGRCRegion23,SDGRCRegion24,SDGRCRegion25,SDGRCRegion26,SDGRCRegion27,SDGRCRegion28,SDGRCRegion29,SDGRCRegion30,SDGRCRegion31,SDGRCRegion32,pop01950,pop01951,pop01952,pop01953,pop01954,pop01955,pop01956,pop01957,pop01958,pop01959,pop01960,pop01961,pop01962,pop01963,pop01964,pop01965,pop01966,pop01967,pop01968,pop01969,pop01970,pop01971,pop01972,pop01973,pop01974,pop01975,pop01976,pop01977,pop01978,pop01979,pop01980,pop01981,pop01982,pop01983,pop01984,pop01985,pop01986,pop01987,pop01988,pop01989,pop01990,pop01991,pop01992,pop01993,pop01994,pop01995,pop01996,pop01997,pop01998,pop01999,pop02000,pop02001,pop02002,pop02003,pop02004,pop02005,pop02006,pop02007,pop02008,pop02009,pop02010,pop02011,pop02012,pop02013,pop02014,pop02015,pop02016,pop02017,pop02018,pop02019,pop02020,pop02021,pop02022,pop02023,pop02024,pop02025,pop02026,pop02027,pop02028,pop02029,pop02030,pop02031,pop02032,pop02033,pop02034,pop02035,pop02036,pop02037,pop02038,pop02039,pop02040,pop02041,pop02042,pop02043,pop02044,pop02045,pop02046,pop02047,pop02048,pop02049,pop02050,pop02051,pop02052,pop02053,pop02054,pop02055,pop02056,pop02057,pop02058,pop02059,pop02060,pop02061,pop02062,pop02063,pop02064,pop02065,pop02066,pop02067,pop02068,pop02069,pop02070,pop02071,pop02072,pop02073,pop02074,pop02075,pop02076,pop02077,pop02078,pop02079,pop02080,pop02081,pop02082,pop02083,pop02084,pop02085,pop02086,pop02087,pop02088,pop02089,pop02090,pop02091,pop02092,pop02093,pop02094,pop02095,pop02096,pop02097,pop02098,pop02099,pop1to41950,pop1to41951,pop1to41952,pop1to41953,pop1to41954,pop1to41955,pop1to41956,pop1to41957,pop1to41958,pop1to41959,pop1to41960,pop1to41961,pop1to41962,pop1to41963,pop1to41964,pop1to41965,pop1to41966,pop1to41967,pop1to41968,pop1to41969,pop1to41970,pop1to41971,pop1to41972,pop1to41973,pop1to41974,pop1to41975,pop1to41976,pop1to41977,pop1to41978,pop1to41979,pop1to41980,pop1to41981,pop1to41982,pop1to41983,pop1to41984,pop1to41985,pop1to41986,pop1to41987,pop1to41988,pop1to41989,pop1to41990,pop1to41991,pop1to41992,pop1to41993,pop1to41994,pop1to41995,pop1to41996,pop1to41997,pop1to41998,pop1to41999,pop1to42000,pop1to42001,pop1to42002,pop1to42003,pop1to42004,pop1to42005,pop1to42006,pop1to42007,pop1to42008,pop1to42009,pop1to42010,pop1to42011,pop1to42012,pop1to42013,pop1to42014,pop1to42015,pop1to42016,pop1to42017,pop1to42018,pop1to42019,pop1to42020,pop1to42021,pop1to42022,pop1to42023,pop1to42024,pop1to42025,pop1to42026,pop1to42027,pop1to42028,pop1to42029,pop1to42030,pop1to42031,pop1to42032,pop1to42033,pop1to42034,pop1to42035,pop1to42036,pop1to42037,pop1to42038,pop1to42039,pop1to42040,pop1to42041,pop1to42042,pop1to42043,pop1to42044,pop1to42045,pop1to42046,pop1to42047,pop1to42048,pop1to42049,pop1to42050,pop1to42051,pop1to42052,pop1to42053,pop1to42054,pop1to42055,pop1to42056,pop1to42057,pop1to42058,pop1to42059,pop1to42060,pop1to42061,pop1to42062,pop1to42063,pop1to42064,pop1to42065,pop1to42066,pop1to42067,pop1to42068,pop1to42069,pop1to42070,pop1to42071,pop1to42072,pop1to42073,pop1to42074,pop1to42075,pop1to42076,pop1to42077,pop1to42078,pop1to42079,pop1to42080,pop1to42081,pop1to42082,pop1to42083,pop1to42084,pop1to42085,pop1to42086,pop1to42087,pop1to42088,pop1to42089,pop1to42090,pop1to42091,pop1to42092,pop1to42093,pop1to42094,pop1to42095,pop1to42096,pop1to42097,pop1to42098,pop1to42099
Afghanistan,Afghanistan,67,AFG,4,AFG,Southern Asia,Southern Asia excluding India,"",Least developed countries,"",LLDC,South Asia,Programme countries,MENAEMRO,"",Eastern Mediterranean,South Asia,South Asia (excluding high-income),Low income,Low income,Low and middle income,Asia,"",Least developed countries,Excluding China,OIC,Asia/other,OIC Low income,"",Countdown,"","","",Fragile,Fragile,Fragile,Fragile,Fragile,Fragile,Extremely Fragile,Fragile,Fragile,Extremely fragile,Fragile and Conflict-affected Situation,Conflict,USAID,Asia,Southern Asia,"",Central and Southern Asia,Southern Asia,Least developed countries,Landlocked developing countries,"","",Central and Southern Asia,Asia,Southern Asia,Southern Asia,Least Developed Countries (LDCs),Landlocked developing countries (LLDCs),HAC,HAC,Global Strategy,Conflict,South Asia,"",South Asia,"",Low income,Low and middle income,South Asia,"",Low income,Low and middle income,Asia-Pacific Group,"",GAVI,South Asia,Humanitarian,High burden,Fragile,South Asia,South Asia,LiST,LiSTSBR,LiSTSBR,"","","","","","","","","","","","","","","","",ESCAP_SAARC (SAARC),ESCAP_ECO (ECO),ESCAP_LDC (LDC_E),ESCAP_LLDC (LLDC_E),ESCAP_South and South-West Asia (SSWA),ESCAP_All countries,"","","","","","","","","","","","","",ESCAP_Countries with Special Needs,"",ESCAP_WB Low Income Economies,"","","","",415741.5,420916,426873.5,433102,439045,444698.5,450139,455529.5,461213.5,468383.5,477651.5,488085,498316.5,505959.5,511599.5,516435.5,520903,527125,537056,549796,564582.5,580917.5,597628,615176.5,633078.5,650647,667105.5,683313,699202.5,703721.5,681048.5,619944,573865,573349,591581.5,608560.5,612824,615280,626012.5,647599,658371.5,668824.5,724043.5,811454,876852,914079,943505,970128.5,996862.5,1025305,1031422.5,1038886,1100993,1181875,1240415,1302470,1375561,1423665,1480475,1562225.5,1636054,1722811,1814985.5,1893977,1975370.5,2045874,2102419.5,2161594,2219237.5,2273951,2329444,2364130,2372442,2397795,2445200.5,2496388,2553735,2617387,2682962.5,2749867,2817964,2884083,2948090.5,3010515,3070534.5,3129434,3187769.5,3246324.5,3307365.5,3371274,3435190,3495572.5,3550657.5,3600972,3645061,3684782,3726349.5,3766793.5,3804339,3845863.5,3888285,3926087,3963776,3999538.5,4029211.5,4056042,4082147,4107187.5,4133186,4160411,4187913.5,4217200.5,4250325,4286309.5,4322530,4357731,4388222,4413923,4439994.5,4466303.5,4493453,4520039,4545922,4574047.5,4600376,4621450,4639600.5,4656759,4670863.5,4684466.5,4697993.5,4707861,4715127,4720777,4727355.5,4732534,4731459,4730134,4729666,4727662,4727303.5,4725771,4721706,4717787,4713455,4708297.5,4703155,4698491.5,4694257,4690353.5,374860.5,379278.5,382889,385898,389098,392956.5,397551.5,403015,408781.5,414620,420700.5,426802.5,433016.5,439869,448013,457672,468132.5,478198,485759.5,491295,495997,500127,505869.5,515398,527409,540490.5,554009,567216,579510.5,581460.5,560447.5,507690,466738,462758.5,472685.5,480465.5,480186.5,481026.5,490155.5,509486,521012.5,532819.5,580282.5,655048.5,714035.5,750287.5,780348,808719,836101,862705.5,868026.5,868605.5,908280.5,958869,988021,1020831,1066888,1096702,1135293,1195782,1251618.5,1319685.5,1397810,1473495.5,1557086,1635816,1705570,1776261.5,1843875.5,1911270,1982987,2038184,2073673,2121537,2177014.5,2224214,2266641.5,2304810.5,2343783,2391196,2446950,2509160.5,2575813.5,2643791.5,2708863,2770660,2831779.5,2893050.5,2952923.5,3014066.5,3078999.5,3140839.5,3196524.5,3254353.5,3315107,3373516.5,3432914,3489865.5,3540468.5,3588115.5,3628712.5,3662311,3698278.5,3737485,3779792.5,3824865.5,3869682,3913005.5,3949136.5,3973720,3994259.5,4014191.5,4036428,4065434,4099774.5,4136386,4168794,4198447,4233105.5,4269105.5,4304519.5,4335368.5,4360059.5,4388245,4415037,4434866,4454470.5,4479399,4503369,4530286.5,4558115.5,4574476.5,4583937,4591952.5,4604046.5,4617987.5,4625317.5,4633336.5,4642382,4647558.5,4654316,4658227,4657638,4657266.5,4656468.5,4654503,4651086,4648216,4646524,4644960.5
Albania,Albania,146,ALB,8,ALB,"","","","","","",Europe and Central Asia,Programme countries,"","",Europe,Europe and Central Asia,Europe and Central Asia (excluding high-income),Middle income,Upper middle income,Low and middle income,Europe,"","","",OIC,Asia/other,OIC Lower middle income,OIC Middle income,"","","","",Non-fragile,Non-fragile,Non-fragile,Non-fragile,Non-fragile,Non-fragile,"",Non-fragile,Non-fragile,"",non-FCS,"","",Europe,Southern Europe,"",Europe and Northern America,Europe,"","","Europe, Northern America, Australia and New Zealand","Australia and New Zealand, Central Asia, Europe and North America",Europe and Northern America,Europe,Southern Europe,"","","","","","",Non conflict,Europe and Central Asia,Eastern Europe and Central Asia,Europe and Central Asia,Eastern Europe and Central Asia,Upper middle income,Low and middle income,Europe and Central Asia,Eastern Europe and Central Asia,Upper middle income,Low and middle income,Eastern European Group,"","",Eastern Europe and Central Asia,Non-humanitarian,Non-high burden,"",Europe and Central Asia,Eastern Europe and Central Asia,LiST,"",LiSTSBR,"","","","","","","","","",EECA,"",ECE_All countries,"",ECE_West Balkans (ST7),"","","","","","","",ESCAP_Europe (Europe),"","","","","","","","","","","","","","","","","","","","",65719,67352.5,69227.5,71011,72482,73667,75022,76618,78063,78945.5,78812.5,78611.5,79632.5,82137.5,85986.5,90576.5,95214,99597.5,103851.5,108045.5,112370.5,117131.5,122362,127973,133814,139759.5,145623,151012.5,155395.5,157945.5,158571.5,158136,157982,158758.5,160288.5,162676.5,165592,168097.5,168693,165916,161300.5,156502,151174,146660,143420.5,140458,138117.5,137249.5,137773.5,139421.5,142182.5,145086,147010.5,147953,148329,148257,147721.5,146690,145121,143264,141409,139470,136916.5,133470,129340,124825,120241,115307.5,110295,105505,100760,96015,92276.5,89588.5,86869.5,84479.5,83155,83275,84376,85766.5,86666.5,86312.5,84478.5,81335,77487,73860.5,70852,68379.5,66446,64814,63234.5,61675.5,60112.5,58573,57052.5,55565,54092.5,52633.5,51173.5,49710.5,48267.5,46872.5,45521.5,44231,43046.5,41995.5,41097,40361,39777.5,39319,38957,38677,38435.5,38186.5,37910.5,37577,37159,36649.5,36055,35392,34684.5,33954,33223.5,32524,31857,31220.5,30627,30059.5,29503,28966,28444,27936.5,27443,26966.5,26514.5,26088,25690.5,25326,24996.5,24700.5,24444,24229,24052,23907,23785.5,23676,23568.5,23451.5,23316.5,23159.5,57529.5,59140.5,60315,61497,62938.5,64673.5,66581.5,68536,70562.5,72712.5,74797.5,76343,77371.5,78258,79081,80058,81673,84238,87643.5,90789.5,93249,95920,99181,103031,107395,112280,117792.5,123944,130584,136884,142428,147497.5,151792.5,155191.5,157318,157446,156505.5,156866,158539.5,158964.5,157616,155462.5,152180.5,146990,140840.5,135387.5,130456,125570,121394.5,118214,115861.5,115111,115967,117511.5,119495.5,121802,124053,125899,127380,128744,130035,131785,133542.5,134153,133688,132554,131331,129491,126520,122488.5,117940.5,112499,107073,102850,98403,93534.5,89005.5,85412,82538,80013.5,77938.5,76929.5,77356.5,78721,80337.5,81476,81349,79697,76741,73059,69576,66723,64420.5,62658.5,61213.5,59805,58366,56926,55501,54062,52651.5,51284.5,49918,48521,47127.5,45761.5,44448.5,43181,41977.5,40871,39882.5,39044.5,38368.5,37835,37425,37121,36914,36744.5,36562.5,36366,36115,35765.5,35320,34799.5,34187,33519,32855,32191,31551,30960.5,30388,29827.5,29282,28741,28216.5,27716,27237.5,26781.5,26339.5,25911,25507.5,25132.5,24786.5,24474.5,24201,23967.5,23773.5,23614,23481,23368.5
Algeria,Algeria,50,DZA,12,ALG,Northern Africa,Northern Africa,North Africa,"","","",Middle East and North Africa,Programme countries,MENAEMRO,"",Africa,Middle East and North Africa,Middle East and North Africa (excluding high-income),Middle income,Upper middle income,Low and middle income,Africa,"",Excluding least developed countries,Excluding China,OIC,Arab,OIC Upper middle income,OIC Middle income,Countdown,North Africa,Africa,Northern Africa,Non-fragile,Non-fragile,Non-fragile,Non-fragile,Non-fragile,Non-fragile,"",Non-fragile,Non-fragile,"",non-FCS,"","",Africa,Northern Africa,"",Northern Africa and Western Asia,Northern Africa,"","","","",Northern Africa and Western Asia,Northern Africa,Northern Africa,Northern Africa (exc. Sudan),"","","","","",Non conflict,Middle East and North Africa,"",Middle East and North Africa,"",Lower middle income,Low and middle income,Middle East and North Africa,"",Lower middle income,Low and middle income,African Group,"","",Middle East and North Africa,Non-humanitarian,High burden,"",Middle East and North Africa,Middle East and North Africa,LiST,"",LiSTSBR,"","","","","","","","","","",ECA_North Africa,ECA_All countries,"","","","","","","","","",ESCAP_Africa (AFR),ECA_African Union Commission,ECA_AMU,"","","","","",ECA_Oil producing economies,"",ECA_Mineral-rich countries,"","","","","","",ESCWA_Arab countries,ESCWA_Maghreb subregion,ESCWA_Non-conflict middle income countries,ESCWA_Arab Middle-Income Countries (MICs),503041.5,510193.5,514665,517443.5,518897.5,520471,522515.5,524857.5,528766.5,534774.5,543122.5,549812,553918.5,560941,574379,595080.5,627260.5,669778,714873.5,758425.5,796331.5,826669,850340,870382,890931,909051,925520.5,953093.5,991724,1033439,1077208,1122010,1166425.5,1209858.5,1252483.5,1294856,1337044.5,1377967,1418248.5,1457819.5,1495846,1527106.5,1548258.5,1574222,1618096.5,1679614,1755726,1837840,1902131,1943207,1972579,1990311.5,1997620,1995979.5,1986932,1970783,1948126,1922312.5,1894269,1861986,1825098,1784186,1738478,1674451.5,1600946,1541543.5,1497299.5,1464708.5,1462532,1493152.5,1537566.5,1597615.5,1677177.5,1771626,1869848.5,1966018,2056875,2146218.5,2230419.5,2309250,2385400.5,2452194,2502548,2532403.5,2540873.5,2528185,2497732,2450711.5,2394819.5,2333938.5,2269108.5,2205672,2145561.5,2089202.5,2038058.5,1993829,1957748,1930005,1911167.5,1901520,1900561,1907848.5,1922479.5,1943415.5,1969504.5,1999222.5,2031041,2063338,2094944.5,2124499.5,2150211.5,2170905.5,2186043,2194511.5,2195449.5,2189340.5,2176907.5,2158413,2134712.5,2107020.5,2075906,2042317.5,2007853,1973258,1939501,1907446.5,1877926,1852014,1829993,1812178,1798914,1789928.5,1784693,1782756.5,1783628,1786933,1791900.5,1797550.5,1803696,1809554,1814504,1818041.5,1819731.5,1819456,1816556,1810945.5,1802686.5,1791780.5,1778447.5,1763002,413388.5,429151,445058.5,459753.5,469704.5,474085,475385.5,474650.5,472929.5,471250,470620,470105,468048,465727,464675.5,464550.5,470964,485588.5,504647,528715.5,558022.5,593178,633857.5,677326.5,719922.5,744434,749797.5,767606.5,800893.5,835108.5,870609.5,908429.5,949666,994947,1043363.5,1093465.5,1142708,1186785.5,1226207.5,1262738.5,1297532,1332611.5,1364377.5,1394235,1424928,1455306.5,1487431,1527278,1578200.5,1638186.5,1703083,1767261.5,1826401,1876501,1915422.5,1942177,1957950.5,1965798.5,1967852.5,1963677.5,1951893,1932333,1907109,1877195,1842172.5,1803346.5,1762912.5,1719285.5,1656398,1583232,1524986.5,1481986,1449867.5,1447879,1477328,1518849.5,1575279.5,1651543,1743854.5,1841104,1936554.5,2026646,2115682,2199775.5,2278366.5,2354910,2422079.5,2472242,2501811,2510206,2497144.5,2466248.5,2419186.5,2363406.5,2302769.5,2238296.5,2175258,2115300.5,2059202,2008493.5,1964735.5,1929025.5,1901117,1881940.5,1872201.5,1871029,1878372.5,1893162.5,1913993,1939889.5,1969201,2000209,2032176.5,2063776.5,2093284,2119256.5,2140077.5,2155127,2163518.5,2164422,2157654.5,2145160,2127624,2104650,2077570.5,2047337.5,2013927,1978983.5,1944175.5,1910264,1878060,1848235,1821844.5,1799507,1781714,1768826,1760663.5,1756216.5,1754752.5,1755606,1758943.5,1763884.5,1769296.5,1775911.5,1782153,1787047.5,1790657.5,1792574,1792235,1789318.5
Andorra,Andorra,167,AND,20,AND,"","","","","","",Non-programme countries,"","","",Europe,Europe and Central Asia,"",High income,High income,"",Europe,"","","","","","","","","","","","","","","","",Non-fragile,"","",Non-fragile,"",non-FCS,"","",Europe,Southern Europe,"",Europe and Northern America,Europe,"","","Europe, Northern America, Australia and New Zealand","Australia and New Zealand, Central Asia, Europe and North America",Europe and Northern America,Europe,Southern Europe,"","","","","","","",Europe and Central Asia,Western Europe,"","","","","","","","",Western European and Others Group (WEOG),"","",High Income Countries,Non-humanitarian,Non-high burden,"","","","","","","","","","","","","","","","","",ECE_All countries,"","","","","","","","","",ESCAP_Europe (Europe),"","","","","","","","","","","","","","","","","","","","",243.5,223,188,172,185,213.5,237.5,261,287.5,316.5,347,378.5,412,447.5,484,522,581,685,816.5,951.5,1089.5,1230.5,1367.5,1495,1614,1717,1785.5,1809,1788.5,1727.5,1640,1558.5,1531,1555,1587.5,1621.5,1682,1767.5,1830,1889.5,1994,2119.5,2148.5,2124.5,2098.5,2023.5,1950.5,1908,1880,1814,1741,1691.5,1649.5,1667,1770,1858,1903,1974.5,2045,2060.5,2039.5,2027,2026.5,2029.5,2040,2050,2077.5,2090,2081.5,2082.5,2085.5,2119,2173,2242.5,2286,2279.5,2262,2237,2167.5,2079,2012.5,1952.5,1900.5,1854.5,1797,1704,1562,1466.5,1458.5,1484,1539.5,1623.5,1668.5,1651.5,1631.5,1613,1598,1586.5,1577,1566.5,1557,1545.5,1532.5,1519,1502.5,1485,1467,1447,1425,1402,1376.5,1349,1321,1292.5,1262,1230.5,1201.5,1171.5,1140.5,1113,1090,1074,1061.5,1051,1046,1043.5,1043,1044.5,1045,1046,1046.5,1046,1044,1040,1037,1033.5,1028,1021,1013,1003,992,981.5,970.5,957.5,944,931.5,918,904,889.5,875,248.5,226.5,189,172.5,189,227,263.5,296,320.5,339,355.5,370,387,409.5,436.5,467.5,515.5,596,699,812,933.5,1063,1202.5,1351,1499,1648.5,1800,1942.5,2069.5,2181,2266.5,2304.5,2296.5,2271,2239,2188,2184,2197.5,2183,2121.5,2235,2650,2961.5,2967,2808.5,2635,2511,2440.5,2371.5,2286,2168.5,2034,1946,2061,2287.5,2399,2485,2506,2411.5,2281,2073.5,1940,1943,1949,1940.5,1919.5,1961.5,2053.5,2125,2224.5,2298,2345,2376.5,2385,2410,2426,2457,2475,2484.5,2479.5,2441,2391.5,2339,2252.5,2151,2077,2009,1950.5,1903.5,1845.5,1748,1606.5,1514,1503,1524.5,1575.5,1659,1704,1689.5,1674.5,1661.5,1647,1633,1621,1605.5,1590,1575,1560.5,1545.5,1528.5,1510.5,1491.5,1470.5,1447.5,1423.5,1397.5,1376,1355,1326.5,1296,1267,1240.5,1213.5,1186,1162,1140,1122,1106.5,1091.5,1082,1077.5,1076,1075,1073.5,1076,1080.5,1080.5,1078.5,1075,1069,1063,1056,1046.5,1035.5,1024.5,1012,999.5,986.5,973.5,961.5
Angola,Angola,1,AGO,24,ANG,Sub-Saharan Africa,Sub-Saharan Africa,South Africa,Least developed countries,"","",Eastern and Southern Africa,Programme countries,"","",Africa,Sub-Saharan Africa,Sub-Saharan Africa (excluding high-income),Middle income,Lower middle income,Low and middle income,Africa,Sub-Saharan Africa,Least developed countries,Excluding China,"","","","",Countdown,Southern Africa,Africa,Southern Africa,Fragile,Non-fragile,Non-fragile,Non-fragile,Non-fragile,Fragile,Other Fragile,Non-fragile,Fragile,Other fragile,non-FCS,"","",Africa,Middle Africa,"",Sub-Saharan Africa,"",Least developed countries,"","","",Sub-Saharan Africa,Sub-Saharan Africa,Middle Africa,Sub-Saharan Africa (inc. Sudan),Least Developed Countries (LDCs),"",HAC,HAC,"",Non conflict,Sub-Saharan Africa,Eastern and Southern Africa,Sub-Saharan Africa,Eastern and Southern Africa,Lower middle income,Low and middle income,Sub-Saharan Africa,Eastern and Southern Africa,Lower middle income,Low and middle income,African Group,Economic Community of Central African States,GAVI,Eastern and Southern Africa,Non-humanitarian,High burden,"",Eastern and Southern Africa,Eastern and Southern Africa,LiST,"",LiSTSBR,"","","","","","","","","","",ECA_Southern Africa,ECA_All countries,"","","","","","","","","",ESCAP_Africa (AFR),ECA_African Union Commission,ECA_ECCAS,ECA_SADC,"","","","",ECA_Oil producing economies,ECA_Least developed countries,"","",ECA_Oil LDCs,ECA_Sub-Saharan Africa,"","","","","","","",231303.5,233655,235274.5,236367,236685,236439.5,236157,236120,236916,239425,243890.5,249160,254436.5,258445,259841.5,260027,260321,261418,265162,272423.5,282242.5,295038.5,311378.5,329411.5,347398,364659.5,381001.5,396695.5,411488,425001,437562.5,449065.5,459916.5,471121.5,482887,494715.5,505906,516425.5,527483.5,539987.5,554464,571540,590907,611676,634221,659559.5,687302,716912.5,747884,780113,814212,849838.5,886424.5,923888.5,961703,999049.5,1036049.5,1072799,1109053,1145293.5,1182374.5,1220433,1259753.5,1300690,1342879.5,1387601,1437717.5,1493914.5,1555584,1622780.5,1693929.5,1768872.5,1847149.5,1927363,2010182,2094121,2177342,2259888.5,2341730,2421769,2499089.5,2573707.5,2645619,2715220,2783317,2851575,2921016,2990056,3057466,3123834,3188075.5,3251353,3316428.5,3384261,3454593,3525226,3594412.5,3661614,3727008.5,3790938.5,3855564,3921368,3985441.5,4048588,4111532.5,4173550.5,4233041,4290990,4346887,4399129.5,4448991.5,4498661,4549705.5,4601416.5,4653606,4705207,4755421.5,4804017.5,4850779.5,4895409.5,4938169.5,4979333,5019062,5057876,5095976.5,5132800,5168646.5,5203984.5,5238756.5,5272147.5,5305095,5337668.5,5369129.5,5400459.5,5431986.5,5462933,5492262.5,5519509.5,5544950,5569286.5,5591934.5,5612453,5630966.5,5647672,5662163.5,5674262,5684427.5,5693122,5701080.5,5708512,202401,207516.5,212735,217442,221332,224274.5,226427.5,228030.5,229157.5,229580,229510,228057,225593.5,224202.5,224736.5,227424.5,231707.5,236699,240497.5,241814.5,240287.5,239344,243641.5,253326,267105.5,282873.5,299090.5,316245,334148.5,352009,369844,387324,404032,419611.5,433556.5,445834,456289,464867.5,473318.5,482880,492962,502803.5,512444.5,521787.5,532370,547537,567358,590111,614020,637894,663094.5,690263.5,719588.5,751831.5,786861.5,823801.5,861985.5,901223,940748,980100,1019746,1059869.5,1099495.5,1138003.5,1173976.5,1207720.5,1242269,1278345.5,1315163.5,1354039,1394542.5,1439064.5,1489570.5,1545471,1608973.5,1679555,1755149,1834425.5,1916393,1999807.5,2083474.5,2166711.5,2249341,2331390,2411896,2489531.5,2564365.5,2636565.5,2706469.5,2774819,2843237,2912707,2981804.5,3049616.5,3116340,3180490,3244118,3309849.5,3378068,3449243,3520959,3590583,3658321,3724651,3789389,3855092.5,3921718.5,3986644.5,4050819,4114316,4176577,4236798.5,4294972,4350675.5,4403188,4452924,4502048.5,4552644,4604140.5,4656448,4708605.5,4759366,4808564.5,4856402,4901947.5,4944249.5,4984288.5,5023939,5063562,5101845.5,5140268,5178294.5,5213856.5,5248194.5,5282290,5316560,5350379.5,5382685.5,5415083,5448516.5,5480390.5,5509642,5536219.5,5560257.5,5583099.5,5604943.5,5624866.5,5642950.5,5660225,5675207.5
Antigua & Barbuda,Antigua and Barbuda,105,ATG,28,ANT,Latin America and the Caribbean,Latin America and the Caribbean,"","",Caribbean,SIDS,Latin America and Caribbean,Programme countries,"",Eastern Caribbean Area,Americas,Latin America and the Caribbean,"",High income,High income,"",Latin America and the Caribbean,"",Excluding least developed countries,Excluding China,"","","","","","","","","","","","","",Non-fragile,"","",Non-fragile,"",non-FCS,"","",Americas,Latin America and the Caribbean,Caribbean,Latin America and the Caribbean,"","",Small island developing States,"","",Latin America and the Caribbean,Latin America and the Caribbean,Caribbean,Latin America and the Caribbean,"",Small island developing States (SIDS),"","","",Non conflict,Latin America and Caribbean,"","","","","","","","","",Latin American and Caribbean Group (GRULAC),"","",Latin America and Caribbean,Non-humanitarian,Non-high burden,"","","","","","","","","","","","","","","","","",ECLAC_All countries,"","","",ECLAC_Carribean,"","","","","",ESCAP_Latin America (LAC),"","","","","","","","","","","","","","","","","","","","",2028,2165,2320.5,2480.5,2625,2744.5,2835.5,2898,2943,2980,3011,3025,3020.5,3010.5,2978.5,2967,3009.5,3082.5,3189.5,3342.5,3514,3674,3829,3976.5,4114,4230.5,4311.5,4349,4342,4295,4216.5,4115,4004,3894,3771,3591,3392.5,3233.5,3103,2995,2927.5,2918.5,2933.5,2942.5,2959.5,2982.5,2981,2978,3010.5,3055,3079,3105.5,3155,3198.5,3237,3296.5,3345.5,3377,3416,3455.5,3503,3573.5,3642,3666.5,3640.5,3609.5,3574.5,3503,3438.5,3399.5,3324,3238,3203,3228,3294,3326,3317.5,3283,3173.5,3013.5,2901.5,2819,2742,2684.5,2645,2632.5,2648.5,2678.5,2721.5,2765,2770,2752,2730.5,2707.5,2683.5,2658,2632.5,2606.5,2578,2546.5,2512.5,2477,2440.5,2404.5,2369.5,2335,2304,2275,2247,2222,2199,2176,2154,2134,2112.5,2091,2070,2048.5,2027,2007,1989,1972,1958,1945.5,1934,1923.5,1912,1898.5,1884,1869,1852,1833.5,1814,1794,1774.5,1755,1735.5,1716,1696.5,1677,1658,1639,1621,1604,1586.5,1570.5,1556.5,1542.5,1529,1517.5,1521.5,1576,1634,1703,1786,1888,2010,2150.5,2297.5,2429.5,2538,2601,2618.5,2618.5,2557,2453.5,2382.5,2351.5,2363.5,2416.5,2496.5,2562,2596.5,2630.5,2693,2799.5,2954,3144.5,3346.5,3537.5,3697.5,3810,3868.5,3877.5,3811,3685.5,3554.5,3432.5,3323,3221,3119,3077.5,3080.5,3054,3013,2972,2939.5,2915,2900,2905.5,2928,2933.5,2938,2979.5,3035.5,3078,3131.5,3209,3277,3338,3410.5,3459,3481,3505.5,3527,3555,3604.5,3654,3667.5,3634.5,3599,3562.5,3492.5,3429.5,3387.5,3307,3215.5,3173.5,3193,3256.5,3287.5,3277.5,3241,3130.5,2970.5,2859.5,2777.5,2700,2642.5,2603,2589,2603.5,2632,2673.5,2716,2720.5,2702.5,2681.5,2660.5,2637,2612,2587,2560.5,2532.5,2501,2466.5,2432.5,2397.5,2361,2327,2294.5,2263,2233.5,2206,2181,2156.5,2133.5,2112,2091,2069.5,2047.5,2026,2004.5,1983.5,1963.5,1947,1933.5,1920,1907.5,1896,1885,1874.5,1862.5,1849,1834.5,1819,1801,1781,1761.5,1742.5,1723.5,1704,1684.5,1666,1647.5,1628,1609.5,1591.5,1574,1558.5
Azerbaijan,Azerbaijan,138,AZE,31,AZE,Caucasus and Central Asia,Caucasus and Central Asia,"","","",LLDC,Europe and Central Asia,Programme countries,"","",Europe,Europe and Central Asia,Europe and Central Asia (excluding high-income),Middle income,Upper middle income,Low and middle income,Asia,"",Excluding least developed countries,Excluding China,OIC,Asia/other,OIC Upper middle income,OIC Middle income,Countdown,"","","",Non-fragile,Non-fragile,Non-fragile,Non-fragile,Non-fragile,Non-fragile,"",Non-fragile,Non-fragile,"",non-FCS,"","",Asia,Western Asia,"",Northern Africa and Western Asia,Western Asia,"",Landlocked developing countries,"","",Northern Africa and Western Asia,Asia,Western Asia,Caucasus and Central Asia,"",Landlocked developing countries (LLDCs),"","","",Non conflict,Europe and Central Asia,Eastern Europe and Central Asia,Europe and Central Asia,Eastern Europe and Central Asia,Upper middle income,Low and middle income,Europe and Central Asia,Eastern Europe and Central Asia,Upper middle income,Low and middle income,Eastern European Group,"",GAVI,Eastern Europe and Central Asia,Non-humanitarian,Non-high burden,"",Europe and Central Asia,Eastern Europe and Central Asia,LiST,LiSTSBR,LiSTSBR,"","","","","","","","","",EECA,"",ECE_All countries,"ECE_Eastern Europe, Caucasus and Central Asia (CIS)",ECE_CIS (CWG),"","","",ESCAP_ECO (ECO),"",ESCAP_LLDC (LLDC_E),ESCAP_North and Central Asia (NCA),ESCAP_All countries,"","","","","","","","","","","","","",ESCAP_Countries with Special Needs,"",ESCAP_WB Upper Middle Income Economies,"","","","",195918,203490.5,210509,214963.5,215989.5,211878,200399,183952.5,166329.5,146693.5,127355,115553,115008,124432.5,143436,168096.5,191834.5,211507,227316,241886.5,256568,272530.5,290105,309006.5,328826,348957,373184,399880.5,419218.5,423085,415152,407421.5,398962.5,389766.5,379104.5,370859,367051.5,365866,362227.5,349275,333747.5,326663.5,327220,328412,332307,338436.5,345680,353996,363473,376727,393378,410041.5,425327.5,438264.5,449078,458078,462690,463171,460761,454359.5,442221,425810.5,405256,378209.5,351223,329927.5,318434,318715,327244.5,335306,342962.5,355851.5,371492,386327.5,401427.5,417616.5,430734,441199.5,448968,452533,450726,444048.5,432115.5,413158,397210.5,385912.5,374486.5,365619,360925.5,351942.5,338378.5,328848,322632.5,319298.5,318177,318690.5,320332,322715,325507.5,328335.5,330941.5,333112.5,334615.5,335331,335303.5,334617.5,333390.5,331765,329911.5,327883,325661,323288,320772.5,318054,315083,311890.5,308552.5,305141.5,301686.5,298241.5,294798,291420.5,288298.5,285515.5,283196,281466,280300.5,279628.5,279401,279473.5,279768,280277,280881,281486,281984.5,282214.5,282174,281879.5,281304.5,280493.5,279430,278102.5,276490,274604,272542.5,270396.5,268210.5,266033.5,263879,261750.5,158195,166573,173738.5,179519,183750,189013.5,196429,203316,207714,208786.5,204908,193911,178094.5,161132.5,142126.5,123229.5,111572,110895.5,119958.5,138406,162480,185737.5,205057.5,220639,235034.5,249555,263909.5,279667.5,303850.5,334228,362997,385647,401678,410530,404345,386902.5,369394.5,352466,343836.5,343060.5,345338.5,345815,342822.5,338073.5,326330.5,312530,306439.5,307229.5,310421,317859,328292,340153.5,352900.5,366572,382124,399205,416055,431557,444698,454698.5,461878,464739,463687.5,460050,453136.5,441049,425573,408349.5,390064.5,372904.5,356211.5,342087,333721.5,330414.5,334190,347448,365904.5,386030,406023.5,424345,440437.5,453502.5,463962.5,471731.5,475305,473578.5,467037.5,455281,436535,420812.5,409717.5,398444.5,389694.5,385097,376184.5,362709,353260,347107,343842,342711.5,343190.5,344837.5,347239,350040.5,352921,355587.5,357771,359255,359984.5,359988.5,359277.5,358018.5,356420,354613,352603.5,350372,347973,345394,342573,339528.5,336256.5,332820,329339.5,325832.5,322353.5,318886,315498,312373,309589,307238.5,305423.5,304163,303402,303121.5,303153,303394.5,303861.5,304417.5,304949.5,305388,305561,305463,305126,304505,303640,302516,301135.5,299473,297505.5,295344.5
Argentina,Argentina,106,ARG,32,ARG,Latin America and the Caribbean,Latin America and the Caribbean,"","",Latin America,"",Latin America and Caribbean,Programme countries,"","",Americas,Latin America and the Caribbean,Latin America and the Caribbean (excluding high-income),Middle income,Upper middle income,Low and middle income,Latin America and the Caribbean,"",Excluding least developed countries,Excluding China,"","","","","","","","",Non-fragile,Non-fragile,Non-fragile,Non-fragile,"",Non-fragile,"",Non-fragile,Non-fragile,"",non-FCS,"","",Americas,Latin America and the Caribbean,South America,Latin America and the Caribbean,"","","","","",Latin America and the Caribbean,Latin America and the Caribbean,South America,Latin America and the Caribbean,"","","","","",Non conflict,Latin America and Caribbean,"",Latin America and Caribbean,"",Upper middle income,Low and middle income,Latin America and Caribbean,"",Upper middle income,Low and middle income,Latin American and Caribbean Group (GRULAC),"","",Latin America and Caribbean,Non-humanitarian,Non-high burden,"",Latin America and the Caribbean,Latin America and Caribbean,LiST,"",LiSTSBR,"","","","","","","","","","","",ECLAC_All countries,"","","",ECLAC_Latin America,"","","","","",ESCAP_Latin America (LAC),"","","","","","","","","","","","","","","","","","","","",783912.5,783807,784023.5,785246.5,788739.5,795212,805014,818553.5,835434.5,854825,876153.5,900248.5,927112,954711.5,980302,1003505.5,1025230,1044773,1062243,1079025,1094679.5,1108129.5,1119629,1128622.5,1137528,1146699,1153893.5,1161269.5,1170926.5,1179959,1185550.5,1189758.5,1195133.5,1204124.5,1218645,1240116.5,1269475,1304414.5,1342701,1384529,1429624,1476083,1523479,1569945.5,1610236.5,1641866,1664024,1675846,1679345,1679570.5,1679109.5,1679981,1684443.5,1694103.5,1707431.5,1724463,1744629.5,1764196,1782181,1799010.5,1811370.5,1815473,1813117,1806530,1799021.5,1792681,1787752,1785136.5,1783239,1779803,1778719.5,1782970,1790044,1805165,1826550.5,1847344.5,1868704.5,1884495,1891961.5,1902456,1913920.5,1911808.5,1900713.5,1877479.5,1821860,1724331.5,1612444,1504764,1404083,1328907.5,1293030,1282177.5,1281605.5,1288206.5,1292949.5,1297703,1302637,1307550,1312667,1317751.5,1322148,1325724,1328516,1330043,1329801.5,1327636.5,1323235.5,1316330.5,1307383,1296898,1285119,1272187.5,1258067,1242587.5,1225925.5,1208341,1189851,1170787.5,1151340.5,1131589,1111752,1092173,1073171.5,1055240.5,1039031,1024802,1012901.5,1003551,996589,991455,987745,985346,983837,982653,981413.5,979993,977942,975097.5,971493,966929.5,961444.5,955077.5,947746,939358.5,930170.5,920282,909624,898301,886746.5,875156.5,777354.5,781955,783948,783869.5,782980.5,782113,781400,781097,781956.5,785166,791265,801380.5,816199.5,834791,856319.5,880168,906070,933743,961895,987919,1011264,1032108,1050148,1066368,1081797.5,1094982,1105103.5,1113164.5,1118711,1124916,1133698.5,1143022,1153931,1168380.5,1182530,1192214.5,1198774.5,1205083,1213899.5,1226976,1246100.5,1271935.5,1302592,1336793.5,1375038.5,1417280.5,1462014.5,1508556,1554375.5,1594241,1625512,1647150.5,1658047.5,1660576.5,1660216.5,1659440,1660429,1665416.5,1675753.5,1689869,1707823.5,1729026,1749748.5,1768847.5,1786506.5,1799457,1804150,1802261.5,1796074.5,1789082.5,1783128.5,1778395.5,1776121.5,1774537,1771110,1769979.5,1774235,1781162.5,1796054,1817363,1838135,1859489,1875312,1882865,1893463.5,1905047.5,1903118,1892242,1869284.5,1814079,1717128,1605872.5,1498805,1398697.5,1323980.5,1288384,1277700.5,1277251,1283939,1288772.5,1293616,1298640,1303637.5,1308833,1313995,1318466.5,1322116.5,1324992,1326608,1326455.5,1324380.5,1320072,1313262,1304412.5,1294028,1282348.5,1269516,1255496.5,1240112,1223539,1206045.5,1187646,1168674.5,1149319,1129659,1109915,1090423,1071508.5,1053660.5,1037518.5,1023348,1011504,1002199,995271.5,990177.5,986508.5,984140.5,982659,981511,980308.5,978921.5,976905.5,974090.5,970510.5,965970.5,960510,954172,946875,938524,929365.5
Australia,Australia,169,AUS,36,AUS,"","","","","","",Non-programme countries,"","","",Western Pacific,East Asia and Pacific,"",High income,High income,"",Oceania,"","","","","","","","","","","","","","","","",Non-fragile,"","",Non-fragile,"",non-FCS,"","",Oceania,Australia and New Zealand,"",Oceania,Australia and New Zealand,"","","Europe, Northern America, Australia and New Zealand","Australia and New Zealand, Central Asia, Europe and North America",Australia and New Zealand,Oceania,Australia and New Zealand,"","","","","","","",East Asia and Pacific,"","","","","","","","","",Western European and Others Group (WEOG),"","",High Income Countries,Non-humanitarian,Non-high burden,"","","","","","","","","","",EAPR Countries,EAPR Countries (excluding China),Pacific Countries,Pacific Countries (excluding PNG),"","","","","","","","","","","","",ESCAP_PACIFIC (PAC),ESCAP_All countries,"","","","","","","","","","","","","","","",ESCAP_WB High Income Economies,"","","","",281893,282335.5,286802,293731,302692,313924,326556,339306,352969,371270,393472,419150.5,449550.5,477924,500033,520324,534871.5,539844,545022.5,553725,564090,577806.5,591823.5,604548.5,617612.5,630748,644579,657775.5,666569,669362.5,666856.5,662488,659035.5,657746,661174.5,672296,690452.5,708357.5,719691,723267,717370,701500,682207.5,666815.5,657223,653738.5,654312.5,655758,659228.5,666531,676790,687001,693969.5,698497.5,703620,710848.5,720968,733930,746444,753287,753490,752386.5,754077,756858.5,757996.5,758233,760769.5,765440.5,770007.5,772446.5,770618.5,774252,791210.5,813486,835075,852821,863278,868097.5,870790,872063,872650,872995,870294,864619,858587,852803.5,849550.5,850599.5,854607,860536,866951.5,870953.5,872590.5,873131,872090.5,870314,868731,867248,866308.5,866430.5,867797.5,870688.5,875025.5,880743,887629.5,895226,903247,911488.5,919714,927593,934883,941521.5,947396,952701,957321.5,961347.5,965273.5,969050,972487.5,975492.5,978280.5,981003,983784.5,986832,990139,993372,996456.5,999678.5,1002836,1006037,1009495,1013296,1017415,1021848,1026586.5,1031550,1036997.5,1042988,1049595.5,1056189.5,1062743,1069407.5,1075588,1081388.5,1087014.5,1092510,1098034,1103569.5,1108710.5,1113249.5,327220,330051,327754.5,320513,313000,310222.5,312619,317628,323786.5,332954,345739,358702.5,369073.5,380801,398619,419971,444796,475644,506005,530529.5,554318.5,572888.5,577977.5,580357.5,585756.5,589589.5,594377,602738.5,614737,629500,645054,660876,675158.5,684289,688087.5,687612,683252.5,678464.5,677398.5,681962.5,693371.5,709828,724319,731027.5,730286,722716.5,707586,688632,671658,660033.5,655979,661005.5,674035,690804,707798,724330,742007.5,763215,789052.5,813380.5,826025,830258,835807.5,843854.5,852349,860805,870640.5,882248.5,893071.5,895678,878810,857030,843473.5,832248,828249.5,833530.5,848590,873734,901721,925735,943796.5,954920.5,960447.5,963780.5,965872.5,967475.5,968921,967135,962352.5,957170,952133,949875,952248.5,957561,964610,972226,977612,980253.5,981780,981790,980610,979480,978402.5,977828.5,978567,980927,984627.5,989663.5,996381.5,1003988,1011804.5,1020298,1029279.5,1038249.5,1046624,1054430.5,1062044,1069103,1075558.5,1081341,1086256.5,1090355.5,1093968.5,1097437.5,1100828,1104239,1107702,1111505,1115622.5,1119716,1123594.5,1127684.5,1131856,1135793.5,1139540.5,1143132,1147199,1151977.5,1157639.5,1163645.5,1169751,1176265,1182799.5,1189292.5,1195163.5,1200938.5,1207450.5,1214172,1220430,1226233.5
Austria,Austria,168,AUT,40,ATR,"","","","","","",Non-programme countries,"","","",Europe,Europe and Central Asia,"",High income,High income,"",Europe,"","","","","","","","","","","","","","","","",Non-fragile,"","",Non-fragile,"",non-FCS,"","",Europe,Western Europe,"",Europe and Northern America,Europe,"","","Europe, Northern America, Australia and New Zealand","Australia and New Zealand, Central Asia, Europe and North America",Europe and Northern America,Europe,Western Europe,"","","","","","","",Europe and Central Asia,Western Europe,"","","","","","","","",Western European and Others Group (WEOG),"","",High Income Countries,Non-humanitarian,Non-high burden,"","","","","","","","","","","","","","","","","",ECE_All countries,ECE_European Union (E25),ECE_Euro area (EMU),"","","","","","","",ESCAP_Europe (Europe),"","","","","","","","","","","","","","","","","","","","",233332,223636.5,215668.5,212659.5,224818.5,250661,275623.5,293282,304395.5,302627.5,282017.5,259947,252923,253464.5,252083,256050.5,261740,259223.5,254022.5,252141,254503,261280.5,270470.5,279422,288014.5,296172.5,305277.5,314482,322208.5,328443.5,332757,334869,333888,330601,325631,318176.5,309115.5,297853.5,283644,270790,261622,253572,246542,241261.5,236881,234588.5,235993,239733.5,243624,246693,247908.5,247203.5,246288,246875.5,248712,250660,252803,255181,256750,256965.5,255419,252409.5,248801,244006,239061,238846,238970,234679,229564.5,226214,224673,224378,225299.5,225189,224414.5,224503,225161.5,226112.5,226879.5,228190,230274.5,232691.5,235667,237919,238213,236974,235425.5,232652.5,228030.5,223168.5,218645,213230.5,207911,204663.5,202601,200313,197933.5,195575,193380,191450.5,189889,188759.5,188018.5,187604.5,187528,187793,188362.5,189137.5,190032,190996,191955.5,192838,193535.5,194023,194339,194409.5,194199.5,193769.5,193124.5,192248,191188,189975.5,188597,187098,185493.5,183824.5,182177,180552,179007,177662,176554,175621.5,174832.5,174213.5,173754,173486,173423,173505,173668.5,173873.5,174126.5,174416,174701.5,174940,175109,175162.5,175077,174873.5,174598.5,174269.5,241789.5,242443.5,241455,237344,230582.5,221646,212548,206308.5,204939,218546,246031,271493,288297,298374,295793.5,275421.5,255047.5,250781.5,253192,253225,259690.5,268271.5,268532.5,266017.5,262877,259790.5,262635.5,270526.5,278427,286653.5,296395,307192,316199.5,323654,330874.5,335544.5,336667.5,334849.5,332610.5,330608,327488,322813.5,315738.5,303639.5,288464,274675.5,262121.5,250652.5,242811,238677,237795.5,241267,248357,255555.5,261437,265321.5,265099.5,262967.5,262500,263088,263855.5,266506,271179.5,275326,278604.5,283595.5,285948.5,282432.5,276519.5,269756,263465.5,257083,251181.5,244764,240246.5,239972,241491,243544.5,245483,246629.5,246920.5,247657.5,248618.5,249386,250693.5,252800.5,255308,258277.5,260541.5,260923,259718,258214.5,255517,250936,246049.5,241518.5,236097.5,230725,227392,225218.5,222841,220458.5,218140.5,215910,213933.5,212367.5,211224,210393,209890,209783.5,210018,210566,211309.5,212141,213070,213945,214644.5,215207.5,215611.5,215797,215771,215556,215069,214346.5,213416,212316.5,211077,209588.5,207934.5,206253,204586,202927,201268,199661,198159,196846,195775.5,194940,194244.5,193647,193278.5,193133,193138.5,193256.5,193446,193625.5,193772,193895.5,194016,194143
Bahamas,Bahamas,107,BHS,44,BAH,Latin America and the Caribbean,Latin America and the Caribbean,"","",Caribbean,SIDS,Non-programme countries,"","","",Americas,Latin America and the Caribbean,"",High income,High income,"",Latin America and the Caribbean,"",Excluding least developed countries,Excluding China,"","","","","","","","","","","","","",Non-fragile,"","",Non-fragile,"",non-FCS,"","",Americas,Latin America and the Caribbean,Caribbean,Latin America and the Caribbean,"","",Small island developing States,"","",Latin America and the Caribbean,Latin America and the Caribbean,Caribbean,Latin America and the Caribbean,"",Small island developing States (SIDS),"","","",Non conflict,Latin America and Caribbean,"","","","","","","","","",Latin American and Caribbean Group (GRULAC),"","",High Income Countries,Non-humanitarian,Non-high burden,"","","","","","","","","","","","","","","","","",ECLAC_All countries,"","","",ECLAC_Carribean,"","","","","",ESCAP_Latin America (LAC),"","","","","","","","","","","","","","","","","","","","",3448,3477.5,3553,3691,3904.5,4180.5,4487,4792.5,5064.5,5375.5,5719,6017,6298,6590.5,6766,6845.5,6992,7203.5,7470.5,7774,8124.5,8503.5,8864,9215.5,9595.5,10029,10525,11078.5,11682,12301.5,12876,13366.5,13768.5,14073.5,14266,14361,14388.5,14348.5,14239.5,14084,13894.5,13684,13472.5,13278,13111,12979.5,12891,12852,12863.5,12920,13027.5,13178,13375,13635.5,13958.5,14322.5,14705,15210.5,15749.5,16106,16314,16412,16258.5,15919.5,15589.5,15241,14875,14526,14214.5,13999.5,13908,13918,14032,14198.5,14407,14508,14413.5,14240,14033,13781,13510,13233,12877,12475,12089.5,11799,11630.5,11556.5,11536,11524.5,11508.5,11479.5,11441,11397,11346,11299.5,11266,11235,11206,11180.5,11152.5,11121.5,11091.5,11059,11021.5,10981.5,10940,10894.5,10844.5,10790.5,10734,10678,10621,10562,10500,10435.5,10370.5,10306,10244.5,10190,10142.5,10099.5,10061.5,10029,10003.5,9984.5,9968,9951.5,9936,9922.5,9909,9895.5,9881,9863,9841,9817.5,9792.5,9765.5,9739.5,9714.5,9690,9665,9641.5,9615,9582.5,9548,9513.5,9480,9447,9416,3074,3115.5,3164,3217,3293.5,3414,3584,3811.5,4100,4455,4865.5,5299,5722.5,6097.5,6448,6782,7076,7358.5,7659.5,7866.5,7911.5,7899.5,7894.5,7937,8064.5,8294.5,8610.5,8979.5,9374,9789.5,10218,10666.5,11157.5,11703,12281.5,12841.5,13336.5,13741.5,14046,14244.5,14340,14363,14330.5,14231,14080,13897.5,13692,13479,13284.5,13115,12992,12911.5,12876.5,12911.5,12999.5,13123,13312.5,13574,13871.5,14213.5,14606.5,14994,15457.5,15950,16265,16429,16495.5,16335,16000.5,15675,15298,14889,14533.5,14233,14112,14222.5,14441,14725.5,15023,15287.5,15392.5,15308,15143,14945,14704,14444,14176.5,13832,13445.5,13073.5,12794,12637.5,12575.5,12562,12555.5,12545.5,12523.5,12488,12444.5,12396.5,12350.5,12315.5,12286,12262.5,12239.5,12213.5,12185.5,12159,12132,12093.5,12049,12006.5,11959,11905,11850,11791,11730,11669,11605,11539.5,11476,11410,11339,11270,11213.5,11165.5,11121,11086,11058,11034,11013.5,10998,10980.5,10958,10935,10914,10892.5,10868.5,10843,10817,10792.5,10766,10739,10714.5,10690.5,10663,10636,10612.5,10584,10549.5
Bahrain,Bahrain,51,BHR,48,BRN,Western Asia,Western Asia,"","","",SIDS,Middle East and North Africa,Programme countries,MENAEMRO,"",Eastern Mediterranean,Middle East and North Africa,"",High income,High income,"",Asia,"",Excluding least developed countries,Excluding China,OIC,Arab,OIC High income: nonOECD,OIC High income,"","","","","","","","","",Non-fragile,"","",Non-fragile,"",non-FCS,"","",Asia,Western Asia,"",Northern Africa and Western Asia,Western Asia,"","","","",Northern Africa and Western Asia,Asia,Western Asia,"Western Asia (exc. Armenia, Azerbaijan, Cyprus, Israel and Georgia)","","","","","",Non conflict,Middle East and North Africa,"","","","","","","","","",Asia-Pacific Group,"","",Middle East and North Africa,Non-humanitarian,Non-high burden,"","","","","","","","","","","","","","","","","","","","","","","","","","","",ESCAP_Other Area (OTH_REGION),"","","","","","","","","","","","","","","","",ESCWA_Arab countries,ESCWA_Gulf Cooperation Council (GCC),"","",6315.5,6364,6412,6475,6586,6745.5,6947.5,7207.5,7519,7853,8204.5,8557.5,8872.5,9102.5,9215,9270,9348.5,9496,10117.5,11195,12252,13692.5,15659.5,17600,19279,20630,21540.5,21943,21882.5,21447,20788.5,20761.5,21617.5,22520.5,23090,23271,23067,22555,21873,21163.5,20601.5,20626,22356,25135.5,27331.5,28668.5,29135.5,28992,28590,28276,28228.5,31790.5,38924,44577,47199.5,47321.5,45791,43431,40999,39117.5,38352,37817.5,36850,36796.5,37923,39149,39826.5,40477,40989.5,41460.5,47415,52763,48315,44123.5,45369.5,47326.5,48598.5,49255.5,49451.5,49473,49498.5,49508,49423,49158,48629.5,47796,46658.5,45452,44949,45170.5,45685,46617,47812,48573.5,48956,49451.5,49981,50540.5,51127.5,51731,52350.5,52991,53636.5,54266,54867,55432,55956.5,56424,56831.5,57180,57461.5,57678.5,57856.5,58023,58195,58395.5,58639,58927,59252.5,59606,59980,60365.5,60765,61197.5,61672.5,62183,62732,63325,63941,64567.5,65200,65829.5,66453,67058,67636,68190,68732.5,69246.5,69739.5,70234,70715,71167,71608.5,72057,72499,72954,73441,73950,74459.5,74966.5,6245,6276.5,6324,6383,6446.5,6520.5,6609.5,6702,6813.5,6972,7175,7403.5,7653,7924,8195.5,8414,8570.5,8695.5,9014.5,9560.5,10205.5,11336,13136.5,15308,17611,19905,22056.5,23923,25387.5,26383,26869,27106,27509.5,28117,28786,29444.5,30016.5,30379,30372.5,29875.5,28848.5,27457.5,26803,27396,28719.5,30558,32650.5,34607,35949,36322.5,35603,37177.5,43619,52829.5,62818,71830,77978,80195.5,78468.5,73547,68140,65430.5,65006,64415.5,63270,63882.5,66180.5,67127,65532.5,63016,69340.5,76104,71964,66996,66406,68460.5,70966.5,73793,76695.5,79199.5,80973.5,82086,82642.5,82791.5,82804,82846.5,82879.5,82818.5,82576.5,82071.5,81262.5,80151,78972,78495,78741.5,79281,80237,81455,82240,82647.5,83167,83720.5,84305,84916.5,85543,86186,86850.5,87519.5,88173.5,88798,89386.5,89935,90426.5,90856.5,91227.5,91531.5,91770,91970.5,92158,92351,92571.5,92834.5,93141.5,93486,93858.5,94249.5,94652,95068,95516,96005,96529.5,97092.5,97698.5,98327.5,98966.5,99611,100252,100886,101501.5,102090,102653,103203,103726,104228,104730.5,105219.5,105678.5,106127.5,106582.5,107030.5
Bangladesh,Bangladesh,68,BGD,50,BAN,Southern Asia,Southern Asia excluding India,"",Least developed countries,"","",South Asia,Programme countries,"","",South-East Asia,South Asia,South Asia (excluding high-income),Middle income,Lower middle income,Low and middle income,Asia,"",Least developed countries,Excluding China,OIC,Asia/other,OIC Low income,"",Countdown,"","","",Non-fragile,Non-fragile,Non-fragile,Non-fragile,Non-fragile,Fragile,Other Fragile,Non-fragile,Fragile,Other fragile,non-FCS,"",USAID,Asia,Southern Asia,"",Central and Southern Asia,Southern Asia,Least developed countries,"","","",Central and Southern Asia,Asia,Southern Asia,Southern Asia,Least Developed Countries (LDCs),"",HAC,"",Global Strategy,Non conflict,South Asia,"",South Asia,"",Lower middle income,Low and middle income,South Asia,"",Lower middle income,Low and middle income,Asia-Pacific Group,"",GAVI,South Asia,Non-humanitarian,High burden,"",South Asia,South Asia,LiST,LiSTSBR,LiSTSBR,"","","","","","","","","","","","","","","","",ESCAP_SAARC (SAARC),"",ESCAP_LDC (LDC_E),"",ESCAP_South and South-West Asia (SSWA),ESCAP_All countries,"","","","","","","","","","","","","",ESCAP_Countries with Special Needs,"",ESCAP_WB Lower Middle Income Economies,"","","","",2171580,2224696.5,2277285,2327492,2375621.5,2423298.5,2470091,2516130,2561979.5,2613708,2674112,2737765,2799193.5,2840673,2860279.5,2889201,2938903.5,3005886.5,3106000.5,3239312,3376932,3488218,3607283,3761715,3919620.5,4049747.5,4151835,4244243,4325194.5,4395175.5,4456538.5,4547278,4675500,4808068.5,4937018,5060825,5182748.5,5323715,5481419.5,5642613.5,5811388,5998407.5,6187509.5,6365963,6560355.5,6770785,6984235.5,7191268.5,7374406.5,7524216,7618219,7679082,7740632,7794956,7851960.5,7907860,7949320.5,7965701.5,7961125.5,7949709.5,7935921,7945138.5,8016833,8144502,8289076,8441884.5,8599428,8602226,8448653.5,8315398,8253041,8284910.5,8404758,8535908,8623216.5,8667972,8662034,8605821,8506829.5,8379957.5,8244878,8121224.5,8025683.5,7970753.5,7959792.5,7990103.5,8060587.5,8160806,8267458,8363042,8432771.5,8461164,8447097,8402565,8336271.5,8255307,8166219,8070604.5,7968887,7861790.5,7751797.5,7640928.5,7530365,7423977.5,7324629.5,7234237.5,7155040.5,7087608,7031283.5,6984300,6946283.5,6916796,6893422.5,6873573,6856160.5,6839195.5,6820926,6800420.5,6777599.5,6752556,6723787,6690202,6651394.5,6605335,6552020.5,6493008.5,6427470,6357616,6286988.5,6215293.5,6143794,6075171,6009251.5,5945708,5885249.5,5828583,5775443.5,5725922,5680570.5,5639172.5,5600540.5,5563935.5,5528571,5493809.5,5459194.5,5424427,5390070.5,5356330,5323167,5290703,1856832,1906139,1959605,2013230,2065279.5,2116236,2166492,2216724.5,2263137,2309609.5,2360953,2413454.5,2465986.5,2519644.5,2577465.5,2640882.5,2705108,2765570,2806032.5,2818135,2834998.5,2830288,2838665.5,2930401,3060934.5,3194587,3322972.5,3444425.5,3556894.5,3658813,3752324.5,3850157,3955078.5,4057463,4155638.5,4248782.5,4340917.5,4437588,4537734,4637007.5,4735845.5,4845665.5,4993616,5172759.5,5366647.5,5576654,5789639,5982199,6161407,6351238,6544756,6702290.5,6822489.5,6926745.5,7008060.5,7070371,7112771,7139974,7165193.5,7200707.5,7245567,7300027,7349850.5,7378131,7392933.5,7396978,7408522,7458538.5,7512726,7497692.5,7395616,7232440,7179638,7295363.5,7474350.5,7692708.5,7916850,8117446.5,8274583.5,8380375,8433617.5,8433499,8379997,8282117,8155205.5,8018581.5,7893934,7797917,7742345.5,7730360,7759724.5,7830276.5,7931554,8039336,8136383.5,8207838,8237358,8223762.5,8179170,8112460,8031463,7942898,7847497.5,7745632,7637978,7527940.5,7417328.5,7307475.5,7202644,7104118,7014077,6935899.5,6869388.5,6813434,6766806,6729278.5,6700598.5,6678317,6659496.5,6642862.5,6627005,6610198,6591363,6570013.5,6546610.5,6519564.5,6486686.5,6447712,6402383.5,6349629,6290384,6225016,6156363.5,6087376,6017392,5947958.5,5880413.5,5814924,5751814,5692060.5,5635916,5583604.5,5534843,5489728.5,5448366.5,5409995.5,5374775.5,5341302.5,5307999,5274557
Armenia,Armenia,137,ARM,51,ARM,Caucasus and Central Asia,Caucasus and Central Asia,"","","",LLDC,Europe and Central Asia,Programme countries,"","",Europe,Europe and Central Asia,Europe and Central Asia (excluding high-income),Middle income,Upper middle income,Low and middle income,Asia,"",Excluding least developed countries,Excluding China,"","","","","","","","",Non-fragile,Non-fragile,Non-fragile,Non-fragile,Non-fragile,Non-fragile,"",Non-fragile,Non-fragile,"",non-FCS,"","",Asia,Western Asia,"",Northern Africa and Western Asia,Western Asia,"",Landlocked developing countries,"","",Northern Africa and Western Asia,Asia,Western Asia,Caucasus and Central Asia,"",Landlocked developing countries (LLDCs),"","","",Non conflict,Europe and Central Asia,Eastern Europe and Central Asia,Europe and Central Asia,Eastern Europe and Central Asia,Upper middle income,Low and middle income,Europe and Central Asia,Eastern Europe and Central Asia,Upper middle income,Low and middle income,Eastern European Group,"",GAVI,Eastern Europe and Central Asia,Non-humanitarian,Non-high burden,"",Europe and Central Asia,Eastern Europe and Central Asia,LiST,LiSTSBR,LiSTSBR,"","","","","","","","","",EECA,"",ECE_All countries,"ECE_Eastern Europe, Caucasus and Central Asia (CIS)",ECE_CIS (CWG),ECE_Eurasian Economic Union (EAEU),"","","","",ESCAP_LLDC (LLDC_E),ESCAP_North and Central Asia (NCA),ESCAP_All countries,"","","","","","","","","","","","","",ESCAP_Countries with Special Needs,"",ESCAP_WB Upper Middle Income Economies,"","","","",76741.5,79388,85070,91854,95544.5,94747.5,90186.5,81863.5,70829,60995,54705.5,52409.5,55442.5,63632,74166,84751,94521,102254,108377.5,114321.5,120904.5,128532.5,137331.5,146770,156624.5,166487.5,176572.5,185356.5,190187.5,188368.5,181018.5,172319.5,163575.5,155432,148642,144152.5,141903.5,141485,141532,142957,143784.5,143586,139003.5,132494.5,131557,134823.5,140367,145853.5,149977,151353.5,149654,148588.5,150180.5,151293.5,151418.5,151199.5,150234,147393,141518.5,133215,124179,115361.5,107811,101944,97434.5,93593.5,90253.5,87860.5,86493,85755.5,85248,84808.5,86927,92626,96704,98237,99968,101516.5,102480,102637.5,101974.5,100594,98582,96098.5,93326,90307,87040.5,84357.5,82477,80962.5,79825,78927,77580,75627.5,73536,71445.5,69601.5,67986,66595,65412,64405,63561.5,62872.5,62334,61913,61603,61408,61291.5,61256,61264.5,61257,61186,61015.5,60708,60257.5,59692,59020.5,58260.5,57443,56588,55695,54779.5,53855,52928,52014,51134,50312,49540.5,48812,48141.5,47530,46971,46474.5,46057,45709.5,45420,45177.5,44977,44802,44641,44488.5,44333,44171,43991,43777.5,43525,43238.5,42914,42555,42163.5,81275,84492,83663,80634,78957,79527,82336,88131.5,94998,98797,97743,92538.5,83635,72146.5,61992,55711,53664.5,56856.5,65071.5,75486,85805.5,95229,102717.5,108823.5,114976.5,121985,131224,142597.5,154991.5,166447.5,174796.5,180326.5,182665,181338.5,176231,168287.5,159329.5,150678.5,143503.5,144577,148795,148474,138757.5,123190.5,111185,103780.5,102295,102571.5,106646,114178.5,120245.5,124099.5,127119,130267,133161.5,135609,137705,139560,139368.5,136965,134541.5,133541,132494,129189.5,123778.5,116508.5,108342.5,101041,95408.5,90998,87110,83752.5,83594.5,88244.5,90230.5,87969.5,86565,86183,86831.5,88290,90268,92424,94359.5,95681.5,96188.5,95852.5,94775,93058,90862,88337.5,85533.5,82493.5,80016,78320.5,77013.5,76084.5,75349.5,74138.5,72307,70314,68316,66560.5,65018.5,63735,62659.5,61738,60990.5,60378,59902.5,59545,59293.5,59155,59120,59160.5,59225,59271.5,59247.5,59119,58847,58438,57922,57300,56580.5,55796,54974.5,54119,53255.5,52388.5,51505,50627,49775.5,48965.5,48199,47488,46841.5,46250.5,45708,45231.5,44842.5,44525.5,44263.5,44046.5,43871.5,43712.5,43562.5,43429,43300,43160.5,42998.5,42803
Barbados,Barbados,108,BRB,52,BAR,Latin America and the Caribbean,Latin America and the Caribbean,"","",Caribbean,SIDS,Latin America and Caribbean,Programme countries,"",Eastern Caribbean Area,Americas,Latin America and the Caribbean,"",High income,High income,"",Latin America and the Caribbean,"",Excluding least developed countries,Excluding China,"","","","","","","","","","","","","",Non-fragile,"","",Non-fragile,"",non-FCS,"","",Americas,Latin America and the Caribbean,Caribbean,Latin America and the Caribbean,"","",Small island developing States,"","",Latin America and the Caribbean,Latin America and the Caribbean,Caribbean,Latin America and the Caribbean,"",Small island developing States (SIDS),"","","",Non conflict,Latin America and Caribbean,"","","","","","","","","",Latin American and Caribbean Group (GRULAC),"","",Latin America and Caribbean,Non-humanitarian,Non-high burden,"","","","","","","","","","","","","","","","","",ECLAC_All countries,"","","",ECLAC_Carribean,"","","","","",ESCAP_Latin America (LAC),"","","","","","","","","","","","","","","","","","","","",9587.5,9844,10019,10113.5,10185.5,10281,10401.5,10562.5,10781,11027,11263,11491,11695.5,11852.5,11927,11944.5,11971.5,12020,12086.5,12176,12265.5,12253.5,12247,12306.5,12392.5,12705.5,13035,13242,13519,13781.5,13817,13871,13805.5,13456.5,13098,12692.5,12366.5,12228.5,12170.5,12095,11985.5,11750,11383.5,10980,10603.5,10269,9993,9843,9830,9872.5,9914.5,9940,9868,9679.5,9531,9495.5,9551,9648.5,9687.5,9585.5,9394.5,9190,9029.5,9009,9126,9328,9532.5,9649,9668.5,9596.5,9418,9204.5,9100,9161.5,9243,9252.5,9220,9085,8810.5,8542,8384,8284,8212.5,8158.5,8108.5,8059,8010.5,7965.5,7920,7873,7827,7782.5,7733.5,7678.5,7625,7571.5,7513,7449.5,7384.5,7319,7253.5,7185,7115,7046.5,6977,6905.5,6835.5,6768,6699.5,6632,6566.5,6502,6440,6380.5,6322.5,6266.5,6211,6156.5,6104.5,6054.5,6005,5957,5910.5,5862.5,5813,5763.5,5713,5662,5611,5560.5,5511.5,5462.5,5413,5363.5,5313,5263,5213,5162.5,5114,5066.5,5019,4970.5,4923,4877.5,4832.5,4788,4744.5,4703,4663,4624,7602.5,7929,8282.5,8628.5,8920,9128,9261,9338,9361,9386,9467.5,9595.5,9762,9984,10231.5,10463.5,10683.5,10876,11011.5,11049,11007,10971.5,10987.5,11051.5,11164.5,11317.5,11383,11436.5,11540,11656.5,12010.5,12388,12619.5,12860.5,13015.5,12974.5,12866.5,12657,12299,11952,11721.5,11611,11541.5,11498,11420.5,11259,10977,10582,10188.5,9864,9572.5,9372,9352,9465.5,9585.5,9684.5,9734.5,9638,9410.5,9235,9199.5,9288.5,9444,9539.5,9484.5,9314,9111,8951.5,8933,9051.5,9258.5,9468.5,9585.5,9603.5,9524.5,9329,9094.5,8975,9025.5,9099.5,9105,9066.5,8926,8649,8381,8224.5,8125.5,8055.5,8001,7950.5,7900.5,7852,7807,7760.5,7713.5,7669.5,7625.5,7575,7521,7468,7416.5,7360.5,7300,7239.5,7178.5,7114.5,7048,6983,6917.5,6848,6775.5,6704.5,6634.5,6564,6497,6433,6370.5,6309.5,6250,6193.5,6138.5,6086,6035.5,5987,5938,5888.5,5841,5792,5742.5,5693.5,5644.5,5596,5547,5497,5447,5397.5,5348.5,5300.5,5253.5,5206,5158,5108.5,5057.5,5007.5,4960,4914,4869.5,4825.5,4781.5,4737.5
Belgium,Belgium,170,BEL,56,BEL,"","","","","","",Non-programme countries,"","","",Europe,Europe and Central Asia,"",High income,High income,"",Europe,"","","","","","","","","","","","","","","","",Non-fragile,"","",Non-fragile,"",non-FCS,"","",Europe,Western Europe,"",Europe and Northern America,Europe,"","","Europe, Northern America, Australia and New Zealand","Australia and New Zealand, Central Asia, Europe and North America",Europe and Northern America,Europe,Western Europe,"","","","","","","",Europe and Central Asia,Western Europe,"","","","","","","","",Western European and Others Group (WEOG),"","",High Income Countries,Non-humanitarian,Non-high burden,"","","","","","","","","","","","","","","","","",ECE_All countries,ECE_European Union (E25),ECE_Euro area (EMU),"","","","","","","",ESCAP_Europe (Europe),"","","","","","","","","","","","","","","","","","","","",313910,305064,297702,294043,292493,288999.5,281414.5,273132.5,269653,271469.5,277938.5,295270,319063,337063.5,349210.5,359196,363006,362426,363451.5,365601.5,369153,373976,379676.5,385625.5,392158,397669,401867.5,404522,406134.5,407244.5,406608,403878,399011,391386.5,381675,372981,366400.5,360612,354477.5,346869,336970.5,326825,318993.5,313976.5,312506,314078,316590,318083,317688.5,315471.5,311946,309295.5,308740,310449,314084.5,319651,325708,330564.5,333190.5,333724,332837.5,330180,326776,323426,321350,323238.5,325114.5,323889,323492,325287,327963.5,330596.5,335385.5,342012.5,348969,355482,359562.5,361031,359829.5,357078.5,353241.5,348495,343727,338870.5,333816,328567.5,324642.5,321557.5,315395,306835,299338.5,291527,283630,279723.5,278950,278237.5,277774,277714,278120.5,278983,280308.5,282074,284188,286600,289188,291768,294191,296298,297946,299028.5,299477,299250,298450,297204.5,295550.5,293589.5,291337,288756,285912,282941,279885,276846.5,273980.5,271339,268990.5,267014,265444,264247.5,263424,262957.5,262839,263112.5,263659.5,264361,265223.5,266217,267208,268161.5,269109,269977,270622.5,271042.5,271233.5,271101,270699.5,270120.5,269357.5,268371.5,267187,265807.5,331419.5,329376,328229,325590.5,321343,314584,305675,298175.5,294384.5,292824,289365,281746.5,274113,271965,275041,282606,301060,325439,343269,355065,364506.5,367386,365854,366672,369098.5,373471,379023,384875,390800.5,397068,401939,404799,406215,407334.5,408631,408745,406453.5,401337,393179,383110,374522.5,368997,364844.5,360046,353158.5,343031,332426.5,324106.5,318777.5,317420.5,319264.5,322485,325239.5,325984.5,324359,321636,320137.5,320654,323833.5,330363.5,339512.5,347576.5,352702.5,354290,352796,351815,349235.5,344812,342237.5,342121,343261,342706.5,340957.5,339174,340820,346601.5,353813.5,362814.5,372584.5,381142,387376.5,391250,392566,391282.5,388478.5,384596,379847,375119.5,370292,365220,359946,356032.5,352966,346819.5,338346.5,330949.5,323205.5,315374.5,311512,310736,310011,309518,309365.5,309644.5,310430,311739.5,313483.5,315552,318027.5,320717,323308,325660,327673,329207.5,330153,330522,330272.5,329493.5,328233.5,326539.5,324516.5,322238.5,319675,316825.5,313848,310827,307841,304957.5,302215.5,299777.5,297715.5,296092,294863.5,294020.5,293560.5,293429.5,293649.5,294081,294652.5,295410,296338,297281.5,298158.5,299004,299748.5,300250,300584.5,300741.5,300539,300052.5
Bhutan,Bhutan,69,BTN,64,BTN,Southern Asia,Southern Asia excluding India,"","","",LLDC,South Asia,Programme countries,"","",South-East Asia,South Asia,South Asia (excluding high-income),Middle income,Lower middle income,Low and middle income,Asia,"",Excluding least developed countries,Excluding China,"","","","",Countdown,"","","",Non-fragile,Non-fragile,Non-fragile,Non-fragile,Non-fragile,Non-fragile,"",Non-fragile,Non-fragile,"",non-FCS,"","",Asia,Southern Asia,"",Central and Southern Asia,Southern Asia,"",Landlocked developing countries,"","",Central and Southern Asia,Asia,Southern Asia,Southern Asia,"",Landlocked developing countries (LLDCs),"","","",Non conflict,South Asia,"",South Asia,"",Lower middle income,Low and middle income,South Asia,"",Lower middle income,Low and middle income,Asia-Pacific Group,"","",South Asia,Non-humanitarian,Non-high burden,"",South Asia,South Asia,LiST,LiSTSBR,LiSTSBR,"","","","","","","","","","","","","","","","",ESCAP_SAARC (SAARC),"","",ESCAP_LLDC (LLDC_E),ESCAP_South and South-West Asia (SSWA),ESCAP_All countries,"","","","","","","","","","","","","",ESCAP_Countries with Special Needs,"",ESCAP_WB Lower Middle Income Economies,"","","","",9057.5,9329.5,9601,9869,10128,10383,10638.5,10900.5,11183.5,11501.5,11858.5,12248.5,12673.5,13017.5,13304,13565,13754,13941.5,14228.5,14577.5,14956.5,15408.5,15878,16365.5,16872.5,17405.5,17969,18566.5,19208.5,19894.5,20620.5,21389.5,22203.5,23067,23976,24920.5,25897.5,26905,27937,28991,30014.5,30808.5,29980.5,29122,29456.5,29461.5,29846,30716.5,31636,33199.5,35288,37211,38851,40110,40999,41512,41875,42418.5,43026,43395.5,43418.5,43105,42420,41435.5,40388,39451.5,38721,38212.5,37889.5,37685,37470,37126.5,36582,35882,35253,34809,34516.5,34361.5,34213,33857.5,33138.5,32261.5,31041,29393,27769.5,26548.5,25629.5,25078,25046.5,25206,25308,25256.5,25175.5,25085.5,24996.5,24923,24861,24799.5,24747,24698,24649,24600,24513.5,24374.5,24231.5,24069,23848.5,23622.5,23381,23095.5,22779,22436.5,22082,21732.5,21396.5,21057.5,20723,20417.5,20150,19918,19724,19559.5,19420,19301,19197.5,19119.5,19060,19007.5,18948.5,18873.5,18792.5,18709.5,18627.5,18537.5,18441.5,18347.5,18237.5,18095,17931.5,17764.5,17593.5,17415,17231.5,17054,16869.5,16673,16488,16317,16156,16000.5,7787,8084.5,8385,8687,8986.5,9279,9568.5,9857,10141.5,10418,10691,10966.5,11281,11639.5,12028.5,12458.5,12920.5,13397,13785.5,14125,14434.5,14663.5,14881,15185.5,15541,15920.5,16370.5,16839.5,17327.5,17821,18316,18818.5,19333.5,19888,20495.5,21153,21864,22628,23434,24275,25060.5,25617,24832,24038.5,24256.5,24246,24609,25429.5,26363.5,27833.5,29864,32093,34433.5,36765.5,38971,40465.5,40943,41040,41236,41661.5,42345,43221,44181,45006.5,45470.5,45454.5,44927,43789.5,42276,40832.5,39617,38709,38134,37818.5,37795.5,37996.5,38136.5,38010.5,37623.5,37125,36671.5,36394.5,36290.5,36192,35843.5,35148.5,34318.5,33120,31479,29867,28652,27723.5,27191,27203,27402.5,27542.5,27508,27399.5,27279.5,27183,27120.5,27111,27085,27008.5,26976,26952.5,26855.5,26777.5,26682.5,26523.5,26331,26093.5,25836,25585.5,25329.5,25003,24621.5,24243,23878,23520,23192.5,22878.5,22560.5,22255,21981,21776,21638.5,21552,21464.5,21350.5,21242.5,21138,21047,20964.5,20891.5,20831.5,20757,20640.5,20500.5,20359.5,20215,20062,19904,19767,19626.5,19465.5,19312,19159.5,18994,18803.5
Bolivia,Bolivia (Plurinational State of),109,BOL,68,BOL,Latin America and the Caribbean,Latin America and the Caribbean,"","",Latin America,LLDC,Latin America and Caribbean,Programme countries,"","",Americas,Latin America and the Caribbean,Latin America and the Caribbean (excluding high-income),Middle income,Lower middle income,Low and middle income,Latin America and the Caribbean,"",Excluding least developed countries,Excluding China,"","","","",Countdown,"","","",Non-fragile,Non-fragile,Non-fragile,Non-fragile,Non-fragile,Non-fragile,"",Non-fragile,Non-fragile,"",non-FCS,"","",Americas,Latin America and the Caribbean,South America,Latin America and the Caribbean,"","",Landlocked developing countries,"","",Latin America and the Caribbean,Latin America and the Caribbean,South America,Latin America and the Caribbean,"",Landlocked developing countries (LLDCs),"","","",Non conflict,Latin America and Caribbean,"",Latin America and Caribbean,"",Lower middle income,Low and middle income,Latin America and Caribbean,"",Lower middle income,Low and middle income,Latin American and Caribbean Group (GRULAC),"",GAVI,Latin America and Caribbean,Non-humanitarian,Non-high burden,"",Latin America and the Caribbean,Latin America and Caribbean,LiST,"",LiSTSBR,"","","","","","","","","","","",ECLAC_All countries,"","","",ECLAC_Latin America,"","","","","",ESCAP_Latin America (LAC),"","","","","","","","","","","","","","","","","","","","",149674.5,151471,153496.5,155892,158883,162505,166744.5,171681.5,177336.5,183572.5,190194,196935,203167.5,207614.5,209690.5,210868.5,212131,213594.5,216489,221436,227125,232825.5,238954.5,245477,252289.5,259335,266553,273916,281395,288937.5,296463.5,304066,311876,319904,328063,336235,344376.5,352302.5,360072,367951,375939,384403.5,393524,401933.5,409216,416368.5,423201,429639.5,436242.5,443365.5,450803.5,458667,468162.5,479213,490612.5,502173,513683,523913,532185.5,538921,544456,549028.5,552979.5,556864,561201,565395.5,568451,570882.5,573293,575242.5,577460,581655.5,587356,592985,598302.5,603250.5,606823.5,609232.5,611422.5,613279.5,614753,615825.5,616564,617105,617635,618314.5,619252,620435,621638.5,622940.5,624442,625863.5,627194,628557.5,629701.5,630448,630954.5,631163.5,631131.5,630948.5,630515,629796,628868,627783.5,626488,624968,623368,621762.5,620107,618408.5,616732.5,615089.5,613450,611815,610188.5,608594,606993,605304,603468.5,601623.5,599743,597761.5,595708,593580,591407.5,589277.5,587256,585381,583652.5,581973.5,580231.5,578331,576239.5,573979.5,571587.5,569140,566698,564371,562124,559853,557498,554967.5,552159.5,549115.5,546076,543106,540288.5,537699.5,535341,533065,133769.5,136146,138014,139590.5,141253,143176.5,145321.5,147631.5,150207.5,153258,156834.5,160926.5,165649.5,171064,177054,183456,190017,196105.5,200471,202545,203750,205037.5,206521.5,209394,214253,219819,225380,231332.5,237634,244150.5,250780.5,257463.5,264211.5,271047.5,277954,284887,291967,299327,306963,314760.5,322571.5,330285.5,337707,344873.5,351910.5,358734.5,365740.5,373162,380553,387669,394807,401887,408900.5,416513.5,425175.5,434558.5,444549,455439.5,467028,478793,490596.5,502274,512653.5,521089.5,527996,533707.5,538465.5,542602,546664,551172,555724,559309,562298,565282.5,567784,570400,574813,580652.5,586354.5,591714.5,596693,600308.5,602765,604999.5,606907,608434.5,609557.5,610353,610967.5,611574,612318.5,613331.5,614594.5,615865.5,617233.5,618805,620295.5,621683.5,623107,624319,625125,625682,625934.5,625937,625787,625384.5,624703.5,623842.5,622844,621634.5,620195,618676,617138,615545,613919,612313.5,610742.5,609189.5,607621.5,606041.5,604497,602949.5,601311.5,599521,597736,595939,594039.5,592051,589988,587864.5,585761,583763,581917,580229.5,578608.5,576918.5,575061.5,573024,570830,568512.5,566142,563776,561517,559331,557128.5,554843.5,552379,549638,546639.5,543621
Bosnia & Herzegovina,Bosnia and Herzegovina,147,BIH,70,BHG,"","","","","","",Europe and Central Asia,Programme countries,"","",Europe,Europe and Central Asia,Europe and Central Asia (excluding high-income),Middle income,Upper middle income,Low and middle income,Europe,"","","","","","","","","","","",Fragile,Fragile,Fragile,Non-fragile,Non-fragile,Non-fragile,"",Non-fragile,Non-fragile,"",non-FCS,"","",Europe,Southern Europe,"",Europe and Northern America,Europe,"","","Europe, Northern America, Australia and New Zealand","Australia and New Zealand, Central Asia, Europe and North America",Europe and Northern America,Europe,Southern Europe,"","","",HAC,HAC,"",Non conflict,Europe and Central Asia,Eastern Europe and Central Asia,"","","","",Europe and Central Asia,Eastern Europe and Central Asia,Upper middle income,Low and middle income,Eastern European Group,"","",Eastern Europe and Central Asia,Non-humanitarian,Non-high burden,"",Europe and Central Asia,Eastern Europe and Central Asia,LiST,"",LiSTSBR,"","","","","","","","","",EECA,"",ECE_All countries,"",ECE_West Balkans (ST7),"","","","","","","",ESCAP_Europe (Europe),"","","","","","","","","","","","","","","","","","","","",162287.5,166901.5,171084.5,172260,169602,165888.5,161758,156554,150465.5,144153,138698,135530.5,136504.5,142178.5,150791.5,160240.5,169642.5,178586,187031,195325,202944,208339,211313.5,213027.5,214262.5,215760,217896.5,220141.5,221630,221909,220958.5,218731,215495.5,211574,206938,201916.5,197060,192805.5,189524.5,187271.5,185618,184104,170848.5,155059.5,150584,156445.5,170295,180592.5,185374.5,187412.5,187598.5,186305.5,183380.5,178194.5,170616.5,162631.5,156240.5,149257,140226,130740.5,122108.5,114751,110307,109678.5,109932.5,108910.5,106577,102045.5,96740,93088.5,90925,88913,87341.5,86169,84957,83664,81934.5,79980.5,78104,75696.5,73163,71570.5,70538,69799.5,69434.5,68935.5,67967.5,66507,64539,62474,60727,59414.5,58600.5,58068.5,57630,57241.5,56874,56506,56146.5,55753.5,55304,54793.5,54231,53617,52942.5,52205,51397,50597,49829.5,49065.5,48280.5,47490,46716,45944.5,45167,44395,43660.5,42963.5,42303.5,41689.5,41090.5,40508.5,39965,39470,39009.5,38566.5,38158,37791.5,37451,37125,36810,36516.5,36230.5,35930,35619,35302.5,34967,34616,34251,33864,33474,33085,32683,32261,31835.5,31415.5,30991.5,30557,30134.5,29742.5,140487.5,151304.5,159816.5,163417.5,163308,162950,162713.5,163035,163461,163473.5,162991,160559.5,154626.5,146064,136911.5,129656.5,126152.5,127273.5,132944,141612.5,151396,161419,170888,179316.5,186977.5,193551,198386.5,201768,204365.5,206827.5,209846.5,213192.5,215975,217533,217533,216090,213515,209990.5,205582.5,200335.5,194535,188707.5,162407.5,129584,114539,117996,138841,157716,168965.5,176635.5,182394,185772.5,187063,186267.5,182213,176783,172210,165741.5,157068.5,147682,138328.5,130083.5,122320.5,114722,108089.5,102232.5,97472,95456,96327.5,97202.5,96775,94982.5,92069.5,89362,87819.5,87168,86295.5,84994.5,83442,82123,80953.5,79393,77500,75558.5,72997.5,70321.5,68711,67764,67186.5,66954,66492,65466,63978.5,62048.5,60067.5,58450.5,57248,56491.5,56031,55647.5,55291,54959.5,54641.5,54327.5,53971.5,53499.5,52885.5,52279,51691.5,51073,50402.5,49695,49003,48307,47569,46779.5,45983.5,45195,44455,43774,43077.5,42407.5,41789.5,41189.5,40587,39972.5,39382.5,38847,38358.5,37911,37493,37109,36757.5,36412,36079,35790.5,35537,35298,35053.5,34783.5,34508.5,34222.5,33900,33530,33137.5,32737,32303,31832,31381.5,30983
Botswana,Botswana,15,BWA,72,BTW,Sub-Saharan Africa,Sub-Saharan Africa,South Africa,"","",LLDC,Eastern and Southern Africa,Programme countries,"","",Africa,Sub-Saharan Africa,Sub-Saharan Africa (excluding high-income),Middle income,Upper middle income,Low and middle income,Africa,Sub-Saharan Africa,Excluding least developed countries,Excluding China,"","","","",Countdown,Southern Africa,Africa,Southern Africa,Non-fragile,Non-fragile,Non-fragile,Non-fragile,Non-fragile,Non-fragile,"",Non-fragile,Non-fragile,"",non-FCS,"","",Africa,Southern Africa,"",Sub-Saharan Africa,"","",Landlocked developing countries,"","",Sub-Saharan Africa,Sub-Saharan Africa,Southern Africa,Sub-Saharan Africa (inc. Sudan),"",Landlocked developing countries (LLDCs),"","","",Non conflict,Sub-Saharan Africa,Eastern and Southern Africa,"","","","",Sub-Saharan Africa,Eastern and Southern Africa,Upper middle income,Low and middle income,African Group,"","",Eastern and Southern Africa,Non-humanitarian,Non-high burden,"",Eastern and Southern Africa,Eastern and Southern Africa,LiST,"",LiSTSBR,"","","","","","","","","","",ECA_Southern Africa,ECA_All countries,"","","","","","","","","",ESCAP_Africa (AFR),ECA_African Union Commission,"",ECA_SADC,"","",ECA_Land-locked countries,"",ECA_Non-Oil Producing,"",ECA_Mineral-rich countries,"","",ECA_Sub-Saharan Africa,"","","","","","","",22206,22783.5,23279.5,23645,23837,23862,23728.5,23468.5,23172.5,22933,22797,22769,22831,22981,23681,24403.5,24733,25255.5,25995.5,26516.5,26731,27846,30163.5,32849.5,35507.5,38027.5,40375,42513.5,44606,46543.5,48000,49486.5,51225.5,52977.5,54886,56943,59006,61097.5,63444.5,66111,69003.5,72130,75352.5,78724,82558.5,86572,90450.5,94224.5,97549,100058,102131,104159,106037.5,107517.5,108379,108639,108440.5,108103.5,107960,108030.5,107912,107214.5,107288.5,108551,110027,111944,114354.5,117177,119844,122133.5,124253.5,125716.5,125546.5,124289.5,123188,122252.5,121715,121751,122204.5,122897,123946.5,125413.5,127200.5,129223.5,131393.5,133636.5,137338,141235,143721.5,145845,147367.5,146764,145408.5,145049.5,144541.5,143803.5,142935,141968,140896,139755,138625,137539,136537,135673.5,134971.5,134453,134137,134026.5,134084,134218,134420.5,134686.5,134916,135068.5,135161,135179,135101.5,134952,134722.5,134404,134006,133536,133045,132478,131806.5,131081.5,130290,129411.5,128486,127546.5,126592,125636,124746.5,123933.5,123162,122415,121712.5,121081.5,120501.5,119966,119460,118967.5,118511,118100,117686.5,117249,116791.5,116321.5,115814.5,115280,17904,18270.5,18846.5,19517.5,20105,20523.5,20802,20962.5,21015.5,20982,20884,20718.5,20496,20272.5,20103,19484,18366,17221,16074.5,15418,15380.5,16243.5,18375.5,21311.5,24155.5,26699,29404,32276.5,35609.5,38851.5,40620,41982,43634,44966,46301,47712,49231,50850,52522.5,54321,56326,58395.5,60552.5,62934,65535,68288,71244.5,74325,77579.5,81291.5,85185,88922.5,92700.5,96195,98878,101128,103312.5,105267,106797,107782.5,108208.5,107830,107419.5,108421.5,110724,113577.5,116259,118033.5,119319,120604,121945.5,123451,124052,123441,122953.5,122839,122500,121756,120865,119994,119194.5,118743,118828,119337,120078,121180.5,122694.5,124529,126563,128741.5,130978.5,134638.5,138474.5,140934.5,143055,144603,144120,142911,142637,142159.5,141411,140502,139526,138462.5,137290.5,136146,135068,134101,133330.5,132669,132138.5,131841.5,131708,131661.5,131732,131931.5,132156,132363.5,132518,132586.5,132526.5,132351,132194.5,131986,131683.5,131378,131059.5,130674,130197.5,129588.5,128824,127940,127029,126137,125265.5,124400,123530,122731,121971.5,121212,120399,119522,118712.5,118030,117446.5,116966,116561.5,116184.5,115811,115463.5
Brazil,Brazil,110,BRA,76,BRZ,Latin America and the Caribbean,Latin America and the Caribbean,"","",Latin America,"",Latin America and Caribbean,Programme countries,"","",Americas,Latin America and the Caribbean,Latin America and the Caribbean (excluding high-income),Middle income,Upper middle income,Low and middle income,Latin America and the Caribbean,"",Excluding least developed countries,Excluding China,"","","","","","","","",Non-fragile,Non-fragile,Non-fragile,Non-fragile,Non-fragile,Non-fragile,"",Non-fragile,Non-fragile,"",non-FCS,"","",Americas,Latin America and the Caribbean,South America,Latin America and the Caribbean,"","","","","",Latin America and the Caribbean,Latin America and the Caribbean,South America,Latin America and the Caribbean,"","","","","",Non conflict,Latin America and Caribbean,"",Latin America and Caribbean,"",Upper middle income,Low and middle income,Latin America and Caribbean,"",Upper middle income,Low and middle income,Latin American and Caribbean Group (GRULAC),"","",Latin America and Caribbean,Non-humanitarian,Non-high burden,"",Latin America and the Caribbean,Latin America and Caribbean,LiST,"",LiSTSBR,"","","","","","","","","","","",ECLAC_All countries,"","","",ECLAC_Latin America,"","","","","",ESCAP_Latin America (LAC),"","","","","","","","","","","","","","","","","","","","",2784223.5,2833276.5,2894194,2967153.5,3053892.5,3149666.5,3246111,3339862,3430128.5,3517946,3606971.5,3694411.5,3791873,3916746,4075582,4257250.5,4452802,4654920,4847727.5,5023415.5,5192257.5,5366478,5541900,5718963,5896767.5,6072507,6243592,6408596.5,6564671,6704205.5,6819894.5,6907852.5,6964997,6995499,7016966.5,7049430.5,7103067.5,7184597,7296014,7423532.5,7560006,7707313.5,7866282,8034543.5,8212937,8398959,8579539,8746030.5,8892172.5,9006392,9080529,9116560.5,9113606,9074469.5,9011956,8931947,8839200,8744148,8662767,8601514.5,8565004,8555710.5,8571508,8601260.5,8616795.5,8596608,8537603.5,8438587.5,8293772,8139842.5,8009906.5,7891510.5,7776338.5,7671684,7575432.5,7482358.5,7401439.5,7340494,7300352,7281803.5,7277858.5,7259486,7229235,7207034.5,7160174,7061880.5,6949082.5,6836108.5,6702821,6573510.5,6472049,6387535,6305801,6227917.5,6154925,6088839,6031092,5978473,5929783,5884035,5839831.5,5796922.5,5755692.5,5716051,5675891.5,5635157,5594300,5551254.5,5505140,5457388,5407658.5,5356508,5305630,5254723.5,5203489.5,5152365.5,5101783.5,5051874.5,5002163,4952830.5,4904839,4857041.5,4808382,4759516,4711047.5,4663368.5,4616810,4571465,4528271.5,4488118.5,4449782.5,4412131,4376053,4340848,4305639.5,4270940.5,4237085,4204304.5,4172127,4140230,4108625,4077446.5,4045565.5,4012564.5,3978219,3941781.5,3903772,3865750,3828794,3792698.5,2499175.5,2551478,2599333.5,2642097,2681943,2722842,2772280,2833598.5,2906757,2993375,3088195,3182802.5,3274234.5,3362015,3447570.5,3534779,3620983.5,3717488,3841345,3998846.5,4178390.5,4370889,4569796,4759745.5,4933075.5,5100254,5273661.5,5448901.5,5625741,5802670.5,5976737.5,6144186.5,6302707,6452313,6587678,6701432.5,6788341.5,6845948,6878524,6902099.5,6937744.5,6993902,7079199.5,7192522.5,7316874.5,7448889.5,7592138.5,7746128.5,7914600,8098045.5,8285258,8465195.5,8630765,8772392.5,8879090.5,8947045.5,8978022,8969920,8924307.5,8851762.5,8757563,8651290,8548484.5,8465557.5,8407833.5,8377082.5,8375336,8395217,8420084.5,8434278.5,8423683,8370390,8268953,8123635.5,7970234,7838492.5,7721265,7614121,7519421.5,7431277,7345065,7270811.5,7216139,7181872.5,7168875.5,7170254,7157313.5,7132485.5,7115455,7073780,6980970.5,6873262,6764505.5,6634994,6508893,6409780.5,6327194.5,6247405,6171279.5,6099723,6035108,5979115.5,5928090.5,5880798,5836586,5793811.5,5752056.5,5711956,5673444,5634255,5594360,5554421.5,5512260,5466828.5,5419840,5370974,5320586,5270605,5220753,5170531,5120410,5070791.5,5021706.5,4972677,4923936,4876530.5,4829309.5,4781228.5,4732963.5,4685102,4638038.5,4592099.5,4547326,4504768,4465311,4427668,4390735,4355398.5,4320775.5,4286017,4251629,4217992.5,4185458.5,4153628.5,4122100,4090816.5,4059983.5,4028433.5,3995902.5,3962162.5
Belize,Belize,111,BLZ,84,BZE,Latin America and the Caribbean,Latin America and the Caribbean,"","",Latin America,SIDS,Latin America and Caribbean,Programme countries,"","",Americas,Latin America and the Caribbean,Latin America and the Caribbean (excluding high-income),Middle income,Upper middle income,Low and middle income,Latin America and the Caribbean,"",Excluding least developed countries,Excluding China,"","","","","","","","",Non-fragile,Non-fragile,Non-fragile,Non-fragile,Non-fragile,Non-fragile,"",Non-fragile,Non-fragile,"",non-FCS,"","",Americas,Latin America and the Caribbean,Central America,Latin America and the Caribbean,"","",Small island developing States,"","",Latin America and the Caribbean,Latin America and the Caribbean,Central America,Latin America and the Caribbean,"",Small island developing States (SIDS),"","","",Non conflict,Latin America and Caribbean,"",Latin America and Caribbean,"",Upper middle income,Low and middle income,Latin America and Caribbean,"",Upper middle income,Low and middle income,Latin American and Caribbean Group (GRULAC),"","",Latin America and Caribbean,Non-humanitarian,Non-high burden,"",Latin America and the Caribbean,Latin America and Caribbean,LiST,"",LiSTSBR,"","","","","","","","","","","",ECLAC_All countries,"","","",ECLAC_Carribean,"","","","","",ESCAP_Latin America (LAC),"","","","","","","","","","","","","","","","","","","","",3254.5,3276,3331,3397.5,3455,3502,3548,3602,3675,3776.5,3891.5,4008,4143.5,4310,4514,4748.5,5008,5308,5642.5,5987.5,6337.5,6654,6904.5,7124.5,7352,7617.5,7915.5,8224,8519,8757.5,8941,9038,9036.5,8993.5,8903.5,8807.5,8810,8929,9141,9449,9806.5,10106.5,10516.5,11061,11525.5,11895,12154.5,12305.5,12459.5,12708,13026,13443,13914,14352,14764.5,15155,15543,15937,16336.5,16751.5,17204,17635.5,17987.5,18310,18651.5,19010,19424,19786.5,19918,19858.5,19752,19644.5,19743.5,19846,19663,19312,18926.5,18674,18551.5,18550,18752.5,19083.5,19386,19662,19740.5,19554.5,19109.5,18584,18216,18084,18187,18497,18809,18873,18776.5,18610.5,18422,18226.5,18030.5,17839,17655.5,17472,17285.5,17098,16902,16698.5,16494.5,16294.5,16102.5,15925.5,15766,15622,15494,15377.5,15264,15151,15037,14921,14800,14677,14556.5,14431.5,14302.5,14170.5,14032.5,13890,13742,13588,13434.5,13286,13142.5,13001,12858,12713.5,12569,12425.5,12284.5,12144,12005,11871.5,11740.5,11612,11487,11363.5,11241,11121.5,11004,10889.5,10777.5,10664.5,3118,3130.5,3112.5,3089,3083,3098,3132.5,3182,3237.5,3293.5,3346,3390,3424,3448,3470,3509,3579,3680.5,3820,4014.5,4266,4540,4817.5,5090.5,5335.5,5600,5887.5,6141.5,6378,6636,6930,7234,7528.5,7792,7986,8105.5,8167.5,8201.5,8229.5,8250.5,8308,8418,8640.5,8998,9416.5,9846.5,10233,10573.5,10846.5,11047,11227.5,11441,11697.5,12027.5,12446,12889,13322.5,13744,14152.5,14552.5,15072,15701.5,16307.5,16893,17440,17936,18478,18949,19185,19292,19413,19567,20077,20535.5,20428,20136,19785.5,19426,19103.5,18824,18454.5,18053.5,17790,17662,17657,17848.5,18160,18442.5,18696.5,18747.5,18540,18082,17546,17168.5,17032.5,17130.5,17434,17743,17808.5,17712.5,17544,17352,17152,16948.5,16749,16560.5,16372.5,16184.5,15998,15803.5,15598,15391,15192.5,15005,14832,14678,14539.5,14416,14296,14175,14061,13946.5,13830,13711,13589.5,13472,13353.5,13224.5,13089.5,12956,12819.5,12680,12537.5,12392,12250.5,12117,11987,11851,11711,11576.5,11443,11306.5,11174,11045,10916,10788.5,10664.5,10546.5,10430.5,10315
Solomon Islands,Solomon Islands,88,SLB,90,SOL,Oceania,Oceania,"",Least developed countries,"",SIDS,East Asia and Pacific,Programme countries,"","",Western Pacific,East Asia and Pacific,East Asia and Pacific (excluding high-income),Middle income,Lower middle income,Low and middle income,Oceania,"",Least developed countries,Excluding China,"","","","",Countdown,"","","",Fragile,Fragile,Fragile,Fragile,Fragile,Fragile,Other Fragile,Fragile,Fragile,Other fragile,Fragile and Conflict-affected Situation,Institutional and Social Fragility,"",Oceania,Melanesia,"",Oceania,Oceania (exc. Australia and New Zealand),Least developed countries,Small island developing States,South-Eastern Asia and Oceania (exc. Australia and New Zealand),"",Oceania (exc. Australia and New Zealand),Oceania,Melanesia,Oceania,Least Developed Countries (LDCs),Small island developing States (SIDS),"","",Global Strategy,Non conflict,East Asia and Pacific,"","","","","",East Asia and Pacific,"",Lower middle income,Low and middle income,Asia-Pacific Group,"",GAVI,East Asia and the Pacific,Non-humanitarian,Non-high burden,Fragile,East Asia and Pacific,East Asia and Pacific,LiST,LiSTSBR,LiSTSBR,EAPR Program Countries,EAPR Program Countries (excluding China),Pacific Program Countries,Pacific Program Countries (excluding PNG),EAPR Countries,EAPR Countries (excluding China),Pacific Countries,Pacific Countries (excluding PNG),"","","","","","","","",ESCAP_Pacific island developing economies (PIDE),"",ESCAP_LDC (LDC_E),"",ESCAP_PACIFIC (PAC),ESCAP_All countries,"","","","","","","","","","","","","",ESCAP_Countries with Special Needs,ESCAP_Small Islands Developing States,ESCAP_WB Lower Middle Income Economies,"","","","",5616.5,5773,5937.5,6105,6267,6424.5,6588,6768.5,6976.5,7227,7471.5,7673,7856.5,8042,8234,8343.5,8405,8529,8718,8982.5,9274,9525.5,9738.5,9931,10116.5,10302.5,10615,11066,11533.5,12012,12509,13033,13582.5,14145.5,14719,15323,16014,16896.5,17944,19011.5,19994.5,20805,21405,21841.5,22206,22575,22996.5,23482,24014.5,24550.5,24941,25161,25305,25380.5,25406,25404.5,25418.5,25501.5,25697.5,26095,26999.5,28296,29621.5,30955.5,32273.5,33556,34810.5,36065,37336,38443,39411.5,40377.5,41298,42230,43205.5,44318,45597,46942,48268.5,49491.5,50529.5,51351,51976.5,52451.5,52711,52813.5,52961,53181,53453.5,53920.5,54571,55221.5,55867,56522,57156,57776,58402,59040,59683,60310.5,60905.5,61449,61938.5,62374,62758.5,63091.5,63361,63578.5,63755.5,63884,63976.5,64059,64128,64194.5,64269,64336,64398.5,64459.5,64521,64582,64645.5,64719.5,64802,64889,64980,65065.5,65144.5,65210.5,65253,65270.5,65276,65276,65263,65222.5,65149.5,65055.5,64943,64808,64653,64482.5,64286.5,64068.5,63836,63591,63346,63113,62877.5,62643,62425,62210,4837,4920.5,5016,5126,5252,5393.5,5547.5,5709,5874.5,6036,6179.5,6310,6439.5,6568.5,6698.5,6817.5,6914,6990,7055.5,7117,7248,7456.5,7657.5,7831.5,7974,8091,8311.5,8670.5,9066.5,9479.5,9901,10324,10745.5,11170,11605.5,12062,12553.5,13109,13716.5,14351,15033,15787.5,16627.5,17519,18387,19164,19813,20340,20799.5,21253,21672.5,22021,22317.5,22562,22741,22845.5,22863,22790.5,22651,22543.5,22964.5,23854.5,24728.5,25584,26461,27427,28520,29727.5,31022,32241.5,33501,34880.5,36204.5,37473.5,38644.5,39667.5,40570.5,41427.5,42295.5,43229,44321.5,45573.5,46885.5,48170,49342,50323,51077,51623.5,52009,52170.5,52169.5,52221.5,52368.5,52592.5,53030.5,53667.5,54312.5,54951.5,55600.5,56231,56849,57473.5,58111,58752,59373,59959.5,60495,60973,61402.5,61789,62118,62386,62605.5,62783.5,62914,63006,63084,63152,63221.5,63298.5,63366.5,63430,63491.5,63548.5,63596.5,63651.5,63733,63824,63913.5,64003,64090.5,64172,64238,64281.5,64303.5,64311,64312.5,64304,64268.5,64200.5,64114.5,64014,63890,63742.5,63569.5,63373,63152,62909,62657,62413
British Virgin Islands,British Virgin Islands,92,VGB,92,VGB,"","","","","","",Latin America and Caribbean,Programme countries,"","",Americas,Latin America and the Caribbean,"",High income,High income,"",Latin America and the Caribbean,"",Excluding least developed countries,Excluding China,"","","","","","","","","","","","","","","","",Non-fragile,"",non-FCS,"","",Americas,Latin America and the Caribbean,Caribbean,Latin America and the Caribbean,"","",Small island developing States,"","",Latin America and the Caribbean,Latin America and the Caribbean,Caribbean,Latin America and the Caribbean,"",Small island developing States (SIDS),"","","","",Latin America and Caribbean,"","","","","","","","","","","","","","","","","","","","","","","","","","","","","","","","",ECLAC_All countries,"","","",ECLAC_Carribean,"","","","","",ESCAP_Latin America (LAC),"","","","","","","","","","","","","","","","","","","","",312,331.5,350.5,370,394.5,419.5,442.5,462.5,484,509.5,534,555.5,576,595.5,601,587.5,569.5,552.5,536.5,539.5,551.5,554.5,555.5,556,555,552,547,539,526,513,514.5,544,587.5,623.5,652,671,680.5,685.5,682,666.5,647,635.5,636.5,650.5,675.5,704.5,731.5,750.5,763,771.5,778.5,793.5,816.5,831,832,828.5,825,823.5,832,847,863,888.5,921,945.5,962,984.5,995,994.5,1005,1025.5,1057,1103.5,1187,1302.5,1373.5,1369,1329.5,1269.5,1183.5,1114,1085.5,1082.5,1080.5,1056,1016.5,976.5,931.5,896,895,899.5,897.5,897,892,884.5,877,869,862.5,857.5,852.5,847.5,842,837.5,835.5,834,832,829,825.5,822.5,819,813,805.5,796,785,772.5,760,749,737.5,727,717.5,709,702,695.5,689.5,684.5,681,677.5,675,675,673.5,671.5,669.5,668,666,664,662,659,656,652.5,650,647,645,642.5,638,633.5,628.5,624,619.5,613,606.5,601.5,225.5,223.5,224.5,231.5,245,261,281,301.5,324.5,353.5,383,404,417.5,433.5,452.5,474.5,503.5,542.5,588.5,630,634.5,607.5,581,559,549,550.5,553,554.5,553,547,548,565.5,595.5,630.5,670.5,712,747,772.5,786,790,781.5,763.5,748.5,734.5,721,712,712.5,718.5,726.5,741.5,760.5,789.5,831.5,877.5,916,937,934,914.5,884,846,812,841.5,906,958,1000,1038.5,962.5,889,997.5,1079,1105,1117,1120,1156,1196.5,1233.5,1283.5,1350.5,1430.5,1482.5,1475.5,1434,1373.5,1287.5,1217,1188.5,1188,1184.5,1156,1116.5,1076,1031,996.5,994.5,997,994,993,987.5,980,973,965,958,955,954,949.5,944,938.5,932.5,929.5,927.5,923.5,918.5,913,906,899.5,894,884.5,872.5,861,849,837,824.5,812,802,791.5,781.5,775,772,770,766,763,759.5,756,753,749,745,742,739,736.5,735.5,735,734,730.5,725.5,720.5,716,712.5,708,700.5,694
Brunei,Brunei Darussalam,92,BRN,96,BRI,South-eastern Asia,South-eastern Asia,"","","","",Non-programme countries,"","","",Western Pacific,East Asia and Pacific,"",High income,High income,"",Asia,"",Excluding least developed countries,Excluding China,OIC,Asia/other,OIC High income: nonOECD,OIC High income,"","","","","","","","","",Non-fragile,"","",Non-fragile,"",non-FCS,"","",Asia,South-Eastern Asia,"",Eastern and South-Eastern Asia,South-Eastern Asia,"","",South-Eastern Asia and Oceania (exc. Australia and New Zealand),"",Eastern and South-Eastern Asia,Asia,South-Eastern Asia,South-Eastern Asia,"","","","","",Non conflict,East Asia and Pacific,"","","","","","","","","",Asia-Pacific Group,"","",High Income Countries,Non-humanitarian,Non-high burden,"","","","","","","","","","",EAPR Countries,EAPR Countries (excluding China),"","",ASEAN Countries,"","","","","","","",ESCAP_ASEAN (ASEAN),"","","",ESCAP_South-East Asia (SEA),ESCAP_All countries,"","","","","","","","","","","","","","","",ESCAP_WB High Income Economies,"","","","",2357.5,2475.5,2598,2724.5,2856.5,2991.5,3130,3270.5,3411,3550.5,3725,3962,4252.5,4615.5,5021,5524.5,6155.5,6817.5,7468.5,8112.5,8540,8695.5,8927.5,9340,9865.5,10479.5,11105,11646,11978,12101,12114,12087.5,12067.5,12080,12150.5,12279.5,12449.5,12554.5,12564,12539.5,12503,12530,12700.5,13009.5,13431.5,13926,14416,14843,15194,15501.5,15823.5,16211,16683,17193,17641.5,17929,18048,18212,18391.5,18442.5,18490.5,18667,19014.5,19402.5,19713.5,19892.5,19861,19622,19248,18798,18332.5,17834.5,17291.5,16859,16603,16399,16351,16578.5,16843,17054,17311.5,17491.5,17474.5,17345,17165,16958.5,16776.5,16640,16541,16452.5,16338.5,16184,16000.5,15807,15613,15431,15264.5,15109.5,14971,14848.5,14740.5,14646,14562.5,14487,14422.5,14371.5,14334.5,14308,14290.5,14284,14286,14288.5,14286.5,14278.5,14260,14228.5,14185.5,14132.5,14069,14001.5,13935.5,13866.5,13788.5,13699.5,13599,13490,13384.5,13284,13185.5,13091.5,12998,12905,12816.5,12735.5,12662.5,12599.5,12548,12504.5,12464.5,12427,12395.5,12370.5,12348.5,12325.5,12298,12266,12227,12181.5,12131,12075,2123,2282.5,2437.5,2600,2770,2947,3127,3307,3480.5,3633.5,3736.5,3822.5,3945,4145,4428.5,4754.5,5116,5508,5931,6354,6884.5,7528,8087.5,8571,9047,9521,10013.5,10554,11056.5,11515.5,12021.5,12544,13092,13605,13969,14182.5,14303.5,14261.5,14131.5,14083,14059,13954.5,13802,13697.5,13672,13784.5,14039,14399,14850.5,15394,15984,16525.5,16955.5,17268,17493,17692.5,17932.5,18533,19432,20189,20682,20813.5,20668.5,20529,20559,20778.5,21121.5,21456.5,21668,21709,21517,20942.5,20163.5,19451.5,18921,18599.5,18322.5,18017.5,17786,17622,17435.5,17407.5,17642.5,17911,18136.5,18412.5,18607.5,18608.5,18510.5,18360,18168,18001,17879.5,17781,17691,17589,17445.5,17266.5,17082,16896.5,16717,16552.5,16394,16244,16113.5,16000,15904,15823,15751,15694.5,15656,15632.5,15622.5,15618.5,15616.5,15615.5,15608.5,15588.5,15562,15537,15509,15477.5,15430,15360,15276.5,15182.5,15094,15011,14923,14828,14723.5,14614,14501,14389,14284.5,14184.5,14090,14003,13916.5,13832,13761,13707.5,13660.5,13618.5,13581.5,13549,13520,13495,13467.5,13431
Bulgaria,Bulgaria,149,BGR,100,BUL,"","","","","","",Europe and Central Asia,Programme countries,"","",Europe,Europe and Central Asia,"",High income,High income,"",Europe,"","","","","","","","","","","",Non-fragile,Non-fragile,Non-fragile,Non-fragile,Non-fragile,Non-fragile,"",Non-fragile,Non-fragile,"",non-FCS,"","",Europe,Eastern Europe,"",Europe and Northern America,Europe,"","","Europe, Northern America, Australia and New Zealand","Australia and New Zealand, Central Asia, Europe and North America",Europe and Northern America,Europe,Eastern Europe,"","","",HAC,HAC,"",Non conflict,Europe and Central Asia,Eastern Europe and Central Asia,"","","","",Europe and Central Asia,Eastern Europe and Central Asia,Upper middle income,Low and middle income,Eastern European Group,"","",Eastern Europe and Central Asia,Non-humanitarian,Non-high burden,"","","","","","","","","","","","","","","",EECA,"",ECE_All countries,ECE_European Union (E25),"","","","","","","","",ESCAP_Europe (Europe),"","","","","","","","","","","","","","","","","","","","",349638.5,342100.5,332652.5,319514,305481,295047.5,290266,288724,290329.5,294367,299969.5,309659.5,320807.5,331234.5,343428,353375.5,355228.5,354219,355467.5,353142.5,347445,344899,344371,340797.5,337164.5,331157,325505,323896.5,322342,321071.5,319381,314648.5,309634,309569.5,314496.5,315694,318606,326261,330581,330800,327818,325157.5,323957.5,324228,321719,314822,306937,298969,291903,285422.5,279868.5,275952,272106.5,268389,264942,260547,253645.5,244005,232338.5,218606,203758.5,190333.5,178746.5,168509.5,162712.5,161235.5,160217,160135.5,161636,161728.5,161538.5,163204,166728.5,170942.5,174785,177608.5,179008.5,179326.5,177839.5,175281,173295,171525.5,169615,168065,165713,161997,157969.5,155528.5,154677,153797,153239.5,152987,151119.5,147869.5,145011.5,142412,140051,137949.5,136117.5,134561,133283,132242.5,131389.5,130670,130051,129499.5,129006,128559,128121.5,127628.5,127022.5,126275.5,125358.5,124280,123074,121782.5,120452,119101.5,117729.5,116329.5,114902.5,113466,112032.5,110610,109188,107787.5,106438,105122,103844.5,102646.5,101535.5,100507.5,99576.5,98731,97943.5,97213.5,96545,95913.5,95317.5,94754,94194,93616,93007,92353,91649.5,90900,90093.5,89241.5,88360,87440.5,352524.5,344187.5,339508,338455.5,337936.5,334915,328078,319990.5,310006.5,298844.5,290751.5,287592.5,286714.5,288270.5,292299,295004,301861.5,313341,323543,336395,349025,352147.5,350499.5,351010.5,347921.5,338171,332846.5,333955.5,330061.5,325571,322667,320113,318955,319041.5,319129,310470,298561.5,293504,293386,296646,299671,302544,303444.5,301805.5,301470.5,303020.5,305426,308972.5,310593,307726.5,301806.5,295223,288665.5,282568.5,276422.5,270807,266797.5,263306,260531.5,258055,254631.5,248811,240120.5,229275,215965,201058.5,186959,174186.5,163202.5,156895,156334.5,157075.5,159311,163206,163988,163054,163386.5,165147,167600.5,170715,173176.5,174369.5,174634,173154,170619.5,168691,166945.5,165001.5,163456,161123.5,157410.5,153425.5,151068.5,150302.5,149510.5,149057.5,148899,147091.5,143897,141111.5,138575,136283.5,134273.5,132514.5,131010,129792,128816.5,128030,127385,126824.5,126294,125810,125386.5,124975.5,124502.5,123927.5,123217.5,122337.5,121313.5,120175.5,118929,117632.5,116319,114959.5,113544,112132.5,110746,109346.5,107957,106567.5,105178.5,103868,102618,101399.5,100253.5,99184.5,98183,97275,96468.5,95722,95034.5,94402,93787.5,93198.5,92640,92092.5,91524,90924.5,90295,89615
Myanmar,Myanmar,84,MMR,104,BUR,South-eastern Asia,South-eastern Asia,"",Least developed countries,"","",East Asia and Pacific,Programme countries,"","",South-East Asia,East Asia and Pacific,East Asia and Pacific (excluding high-income),Middle income,Lower middle income,Low and middle income,Asia,"",Least developed countries,Excluding China,"","","","",Countdown,"","","",Fragile,Fragile,Fragile,Fragile,Fragile,Fragile,Other Fragile,Fragile,Fragile,Other fragile,Fragile and Conflict-affected Situation,Conflict,USAID,Asia,South-Eastern Asia,"",Eastern and South-Eastern Asia,South-Eastern Asia,Least developed countries,"",South-Eastern Asia and Oceania (exc. Australia and New Zealand),"",Eastern and South-Eastern Asia,Asia,South-Eastern Asia,South-Eastern Asia,Least Developed Countries (LDCs),"",HAC,HAC,Global Strategy,Conflict,East Asia and Pacific,"",East Asia and Pacific,"",Lower middle income,Low and middle income,East Asia and Pacific,"",Lower middle income,Low and middle income,Asia-Pacific Group,"",GAVI,East Asia and the Pacific,Non-humanitarian,High burden,Fragile,East Asia and Pacific,East Asia and Pacific,LiST,LiSTSBR,LiSTSBR,EAPR Program Countries,EAPR Program Countries (excluding China),"","",EAPR Countries,EAPR Countries (excluding China),"","",ASEAN Countries,"","","","","","","",ESCAP_ASEAN (ASEAN),"",ESCAP_LDC (LDC_E),"",ESCAP_South-East Asia (SEA),ESCAP_All countries,"","","","","","","","","","","","","",ESCAP_Countries with Special Needs,"",ESCAP_WB Lower Middle Income Economies,"","","","",925060,927734,927492,925094.5,922453,920991.5,920877.5,922819,928140,938577,954951.5,976332.5,1000142,1023017,1058687.5,1111490.5,1169083,1231304,1299929,1359979,1405981.5,1449148.5,1490941.5,1529540.5,1565204.5,1600362,1635082,1670497,1707408.5,1745414.5,1785230,1825541.5,1863990.5,1903579,1944206,1982019,2017782,2052201.5,2085017,2115414.5,2142975,2167805.5,2191208.5,2215555,2242213,2270188,2298119,2329784.5,2367403.5,2405980,2437818,2456322.5,2455242.5,2432626.5,2400136,2371159.5,2352522.5,2346764,2350410,2356823,2361879,2364844,2365220,2362116.5,2355972,2349951.5,2347369,2349251,2350323,2344977.5,2332509,2313316,2288557,2263812.5,2245970.5,2235370,2228448.5,2222367,2218206,2216523.5,2219169,2228240.5,2239738,2249064,2254024,2251796,2241325,2226160,2209603,2192438,2174568,2156635,2138896.5,2120738,2102521.5,2085310,2068417.5,2051647,2035493.5,2019508,2003590,1988228.5,1973795,1960567,1948670,1938063,1927860,1917314,1906570.5,1895590,1883914.5,1872183,1860832.5,1849246.5,1837192.5,1824917.5,1812264.5,1799307.5,1786240,1772847.5,1759209,1745290.5,1731233.5,1717215,1703370.5,1689808.5,1676493,1663362.5,1650396.5,1637747.5,1625499.5,1613686.5,1602119,1590545.5,1578922,1567256,1555594.5,1543981.5,1532404.5,1520870,1509270.5,1497726.5,1486698,1476428,1466332,1456038.5,1445682.5,1435032.5,1423702,1412037,838515,852049,865445.5,877545,886788.5,892845,895969,896277.5,894299.5,892318,892076,893361,896710,903544,915135.5,932143,953818.5,977730.5,1000669.5,1035969,1087911,1144061,1204485.5,1268260,1320955.5,1360574.5,1398032.5,1435695,1473487,1510094.5,1546132,1581356.5,1614730,1652301,1695304,1739146.5,1782415,1823667.5,1863260.5,1900619.5,1934649,1965073.5,1993097,2020076,2046137,2071034.5,2095452.5,2120513,2146685.5,2173657.5,2199509,2222874,2247729,2277326.5,2308362.5,2333896,2347598,2343800,2319664,2287766.5,2263633.5,2253371.5,2257758.5,2272874.5,2288552,2297398,2300985.5,2299905,2293781,2285533,2280825.5,2282442.5,2288941,2294793,2293265,2281959,2261865.5,2235850,2210253.5,2192053.5,2181574,2174841,2168983.5,2165090.5,2163779,2166834,2176160.5,2187875,2197538,2202787,2200723,2190531.5,2175767,2159485.5,2142535.5,2125095,2107522.5,2089932,2072034.5,2054201,2037397.5,2020944,2004612,1988884.5,1973235.5,1957577,1942437,1928324,1915652,1904328,1894132.5,1884255.5,1874215.5,1864088,1853590.5,1842337,1831107.5,1820268,1809125,1797543,1785692.5,1773370.5,1760708,1747870,1734696.5,1721328,1707722,1694040,1680326,1666708.5,1653504,1640609,1627851,1615390.5,1603315,1591402.5,1579801,1568471,1557136,1545761,1534327.5,1522792,1511387,1500160,1488863.5,1477469,1466311.5,1455744,1445905,1436299
Burundi,Burundi,2,BDI,108,BRD,Sub-Saharan Africa,Sub-Saharan Africa,Eastern Africa,Least developed countries,"",LLDC,Eastern and Southern Africa,Programme countries,"","",Africa,Sub-Saharan Africa,Sub-Saharan Africa (excluding high-income),Low income,Low income,Low and middle income,Africa,Sub-Saharan Africa,Least developed countries,Excluding China,"","","","",Countdown,Eastern Africa,Africa,Central Africa,Fragile,Fragile,Fragile,Fragile,Fragile,Fragile,Extremely Fragile,Fragile,Fragile,Extremely fragile,Fragile and Conflict-affected Situation,Institutional and Social Fragility,"",Africa,Eastern Africa,"",Sub-Saharan Africa,"",Least developed countries,Landlocked developing countries,"","",Sub-Saharan Africa,Sub-Saharan Africa,Eastern Africa,Sub-Saharan Africa (inc. Sudan),Least Developed Countries (LDCs),Landlocked developing countries (LLDCs),"","",Global Strategy,Non conflict,Sub-Saharan Africa,Eastern and Southern Africa,Sub-Saharan Africa,Eastern and Southern Africa,Low income,Low and middle income,Sub-Saharan Africa,Eastern and Southern Africa,Low income,Low and middle income,African Group,Economic Community of Central African States,GAVI,Eastern and Southern Africa,Non-humanitarian,High burden,Fragile,Eastern and Southern Africa,Eastern and Southern Africa,LiST,"",LiSTSBR,"","","","","","","","","","",ECA_Eastern Africa,ECA_All countries,"","","","","","","","","",ESCAP_Africa (AFR),ECA_African Union Commission,ECA_ECCAS,"",ECA_EAC,ECA_COMESA,ECA_Land-locked countries,ECA_Land-locked LDCs,ECA_Non-Oil Producing,ECA_Least developed countries,"",ECA_Non-Oil LDCs,"",ECA_Sub-Saharan Africa,"","","","","","","",110372.5,111944,113685.5,115539,117496.5,119561,121686.5,123892,126249,128952,132074.5,136210,140186,143498.5,147336.5,153878.5,163473,173092,182063,191121.5,197139.5,199915,198123,196943.5,201590.5,205948,209680,214496,220204,224687.5,233600.5,242140.5,246353.5,251667,257218.5,262323.5,266981.5,273590,278870,282630,288266,295032,304227.5,297855,309937.5,339086.5,348027.5,360013.5,378466.5,396574.5,411297.5,423608.5,433532.5,443986,455531,465670,474357.5,482923,493600,498421,499049.5,502540.5,503925,502543.5,511814,520478,523249.5,540291,571031.5,607689.5,644796.5,684070.5,724985.5,766801,808620,850731,891404,927710,959994,987033,1006376.5,1017237,1021652,1021724.5,1019742,1017886,1019468.5,1025920,1034750.5,1044245,1052921.5,1061075,1070113.5,1080581,1092392,1106438,1122792,1141693.5,1162678.5,1183651.5,1203622.5,1222184.5,1239441,1255463.5,1271136.5,1285889.5,1299529,1312356.5,1323333.5,1332727.5,1340460,1346196,1349891,1351561,1351575,1351063,1349989,1348710.5,1347978,1347701.5,1348282.5,1349008.5,1349856.5,1351400.5,1353408,1356212.5,1359822.5,1364686,1370589.5,1376715.5,1382752,1388992,1395253,1400316.5,1404767,1409260.5,1412764,1414735.5,1416257,1417256.5,1416760.5,1415111.5,1412873.5,1409956,1406656,1402425.5,1397014.5,1391695,1386826,1381846,95672.5,96435,97385,98445,99598.5,100878,102311,103914.5,105576.5,107381,109402.5,112881.5,116339,118662,123323.5,127868,131319.5,134994,138185.5,139918,144592.5,153877,155865,157895.5,168720,176150.5,179064.5,183249.5,188502,191805.5,201728,210473.5,212110,214802,216238.5,217239,218016.5,221484.5,225615,229696.5,234765,240148,249575.5,226766,226997,258113.5,254891.5,252778.5,264953.5,282351.5,297276,316108,337799.5,359739,382918.5,403229,418095.5,429740,443692,464192,480206.5,485592.5,490930,497336.5,492787.5,476281.5,464667,459617.5,460665.5,477423,496126.5,509183,530635,560795.5,593203.5,626835,663273,701713.5,742023.5,783229,824718.5,864881.5,900513.5,931369.5,956982.5,975412.5,986158.5,991281,992068,990657.5,989153.5,990102,996073.5,1004889.5,1014188,1022703,1029444,1036949,1046554.5,1058245.5,1071998.5,1087909,1107072,1128315.5,1149549.5,1169438.5,1188069.5,1204895,1219907,1235024,1249769,1263539.5,1276672,1287772.5,1297057,1306051.5,1313316,1317979.5,1320537,1320807,1320226,1318043,1315463.5,1314581,1314215,1314805,1315597.5,1316927,1319008.5,1320896.5,1322552,1325735,1330999,1335741,1340871.5,1347737.5,1354448.5,1359556.5,1364768,1370665.5,1375078.5,1377621,1379591.5,1381202.5,1382655.5,1382667.5,1380848.5,1378538.5,1375935,1372235.5
Belarus,Belarus,148,BLR,112,BSR,"","","","","","",Europe and Central Asia,Programme countries,"","",Europe,Europe and Central Asia,Europe and Central Asia (excluding high-income),Middle income,Upper middle income,Low and middle income,Europe,"","","","","","","","","","","",Non-fragile,Non-fragile,Non-fragile,Non-fragile,Non-fragile,Non-fragile,"",Non-fragile,Non-fragile,"",non-FCS,"","",Europe,Eastern Europe,"",Europe and Northern America,Europe,"","","Europe, Northern America, Australia and New Zealand","Australia and New Zealand, Central Asia, Europe and North America",Europe and Northern America,Europe,Eastern Europe,"","","","","","",Non conflict,Europe and Central Asia,Eastern Europe and Central Asia,Europe and Central Asia,Eastern Europe and Central Asia,Upper middle income,Low and middle income,Europe and Central Asia,Eastern Europe and Central Asia,Upper middle income,Low and middle income,Eastern European Group,"","",Eastern Europe and Central Asia,Non-humanitarian,Non-high burden,"",Europe and Central Asia,Eastern Europe and Central Asia,LiST,"",LiSTSBR,"","","","","","","","","",EECA,"",ECE_All countries,"ECE_Eastern Europe, Caucasus and Central Asia (CIS)",ECE_CIS (CWG),ECE_Eurasian Economic Union (EAEU),"","","","","","",ESCAP_Europe (Europe),"","","","","","","","","","","","","","","","","","","","",344503,342605,343791,348686,356293,362306,361677,351847.5,330547.5,307144,282844,265609.5,269103.5,288720.5,315619,344500.5,368200,379539.5,386453,392985,402775,414750,427137.5,441246.5,453054,460437.5,464631,466598.5,464610,453361,435480.5,417503,399182.5,383219,371387.5,363604,357874.5,354414.5,354083,357870,363728,365463,365476.5,367634,370783.5,373777,378086,384150.5,395941,406452,410142,415054.5,419261,417395,411035,401232,386239,369642.5,353020,333486.5,312615.5,291417.5,270577.5,254422,244052.5,237221.5,233793,232909,232084.5,228896,225151.5,224297.5,228980,238538,249900.5,260775,270003,278118.5,285075,290727.5,296168,301088,299381.5,288961.5,273643.5,255211.5,235327,217752,203037,189964,179060.5,169359.5,161246.5,156359.5,153789.5,151715,150213.5,149291,148907.5,149110,149889,151118,152706,154571.5,156585.5,158645.5,160685.5,162664,164498,165987,166951.5,167250.5,166706,165177,162716.5,159409,155317,150588.5,145444,140077,134647,129345.5,124356.5,119810,115783.5,112331,109483.5,107236,105571,104437,103769,103522,103646.5,104052.5,104651,105387,106172,106913.5,107558.5,108061.5,108366,108423,108185.5,107623,106731.5,105507,103984.5,102213,100206,97994.5,321607,336210.5,345704,347063.5,342643,335281.5,332518,335715.5,342525,354158.5,362200,360305.5,345638,318476,288430,260414.5,241492,243017,260925,287305.5,319286,348006,363992.5,372412,377378,383463,391059,398621.5,409836.5,423163,434892.5,445155.5,451507.5,448290,435409.5,417584,398640.5,380077.5,361830.5,347511.5,338002.5,332562.5,335043,343421.5,349829,355676,360626.5,361176,360191,361656.5,365873,369790.5,373301.5,379479.5,387026,392228,397675.5,402166.5,402033.5,399541.5,395033.5,385374.5,372216,355134,334635,314618,294390,273718.5,257890,246181.5,235799.5,228841,225780,224137,221544,219678,220361,225509,234648.5,245785,256630,265871.5,274007.5,280966,286649,292139.5,297105,295471.5,285140,269887,251517,231691.5,214179.5,199550,186566.5,175743.5,166128.5,158091.5,153237.5,150693,148672,147238,146372.5,146035,146278,147070.5,148293,149888,151787,153841,155943.5,158044,160082.5,161951.5,163459.5,164438.5,164741,164200,162701,160284.5,157019.5,152967.5,148280.5,143175.5,137843,132449,127180,122213,117686,113681,110241.5,107406.5,105177,103529.5,102414.5,101771.5,101555.5,101714,102155.5,102786.5,103542.5,104346.5,105108.5,105760.5,106267.5,106587,106668,106460,105928,105054.5
Cambodia,Cambodia,85,KHM,116,KMP,South-eastern Asia,South-eastern Asia,"",Least developed countries,"","",East Asia and Pacific,Programme countries,"","",Western Pacific,East Asia and Pacific,East Asia and Pacific (excluding high-income),Middle income,Lower middle income,Low and middle income,Asia,"",Least developed countries,Excluding China,"","","","",Countdown,"","","",Non-fragile,Non-fragile,Non-fragile,Non-fragile,Non-fragile,Non-fragile,"",Non-fragile,Fragile,Other fragile,non-FCS,"","",Asia,South-Eastern Asia,"",Eastern and South-Eastern Asia,South-Eastern Asia,Least developed countries,"",South-Eastern Asia and Oceania (exc. Australia and New Zealand),"",Eastern and South-Eastern Asia,Asia,South-Eastern Asia,South-Eastern Asia,Least Developed Countries (LDCs),"","","",Global Strategy,Non conflict,East Asia and Pacific,"",East Asia and Pacific,"",Lower middle income,Low and middle income,East Asia and Pacific,"",Lower middle income,Low and middle income,Asia-Pacific Group,"",GAVI,East Asia and the Pacific,Non-humanitarian,Non-high burden,"",East Asia and Pacific,East Asia and Pacific,LiST,LiSTSBR,LiSTSBR,EAPR Program Countries,EAPR Program Countries (excluding China),"","",EAPR Countries,EAPR Countries (excluding China),"","",ASEAN Countries,"","","","","","","",ESCAP_ASEAN (ASEAN),"",ESCAP_LDC (LDC_E),"",ESCAP_South-East Asia (SEA),ESCAP_All countries,"","","","","","","","","","","","","",ESCAP_Countries with Special Needs,"",ESCAP_WB Lower Middle Income Economies,"","","","",228563.5,233451.5,238475.5,243421,248165.5,252773.5,257194,261435.5,265622,270206.5,275422,281007.5,286758,293051,301383,311533,322307.5,333837,345448,355646,358874.5,360669,368500,377729.5,386413,381407.5,364010,347026,328444,327027,337369.5,344215.5,353602.5,363878,372836,379944.5,387248,393155.5,393319,386044.5,370915,346777.5,319359.5,295944.5,308345.5,376273.5,477259.5,589385.5,672322.5,717261.5,750000.5,774731,793007,806815.5,818296.5,826817,834851,849182.5,866609,876168.5,874669,862632,840101,810316,779149.5,751336.5,731112.5,723953.5,730414.5,741104,758444.5,780963,800330.5,817062,830326.5,839221.5,841856.5,840273,838855,840679.5,846433,856222,868563.5,881360.5,893402,902457.5,907080,907247.5,903076.5,895412,886208.5,877266.5,869474,863163,857817,853367.5,849635.5,846315.5,843529,841428,839962,839147,839022.5,839323,839804.5,840337,840833.5,841183,841212,840754.5,839576.5,837565,834649,831031,827054,822649,817903.5,813052.5,807863.5,802224.5,796456,790671,784951,779494.5,774413.5,769602,765115.5,760907,756704,752608,748813.5,745322,742025,738885,735747.5,732554,729277,725883,722444.5,718748,714722.5,710520,706096.5,701404,696521,691645,686842,682063.5,677323.5,672675.5,197534,201707.5,205927,209999.5,213987,218073,222292.5,226693.5,230988,235266.5,239718.5,244122.5,248502,252451.5,256168.5,260335.5,264877,269554,275068,282949.5,280668,273181,275134.5,280378.5,285554.5,277016.5,260101,248242.5,232915.5,235500,249422.5,258321.5,272053.5,288250,303079.5,314909,329825,346603,358726,370265.5,385364.5,397707,415792,434396.5,430752.5,411095.5,395233.5,397414.5,412777,436540.5,476339,527527.5,580550.5,629131,669949,701208,717151.5,717601,723623,738032.5,752220,768445.5,782737,793498.5,799223,796033,783184.5,751008,705461.5,675064,668134,671340,676793,685521,699842,719793.5,741848.5,765280,787375,803542,812531,815407,814135.5,812989,815035.5,821024,830849.5,843087.5,855912.5,867916,876798.5,881312.5,881550.5,877463.5,869907,860855.5,852124.5,844500.5,838297,833096,828699.5,824997.5,821734.5,818955.5,816904.5,815502,814733,814745.5,815245.5,815880,816552,817113,817350,817261.5,816875.5,815690,813690.5,811087.5,807715.5,803799,799458,794818,790115.5,785045.5,779622.5,774074.5,768521.5,763138,757908.5,752905,748170.5,743859,739850.5,735813.5,731757.5,727993.5,724533,721229,718300.5,715360.5,712236,709249,706128.5,702782,699168,695349.5,691273,686812.5,682093,677345
Cameroon,Cameroon,41,CMR,120,CAM,Sub-Saharan Africa,Sub-Saharan Africa,Central Africa,"","","",West and Central Africa,Programme countries,"","",Africa,Sub-Saharan Africa,Sub-Saharan Africa (excluding high-income),Middle income,Lower middle income,Low and middle income,Africa,Sub-Saharan Africa,Excluding least developed countries,Excluding China,OIC,Africa,OIC Lower middle income,OIC Middle income,Countdown,Central Africa,Africa,Central Africa,Non-fragile,Non-fragile,Non-fragile,Non-fragile,Non-fragile,Fragile,Other Fragile,Fragile,Fragile,Other fragile,Fragile and Conflict-affected Situation,Conflict,"",Africa,Middle Africa,"",Sub-Saharan Africa,"","","","","",Sub-Saharan Africa,Sub-Saharan Africa,Middle Africa,Sub-Saharan Africa (inc. Sudan),"","",HAC,"","",Conflict,Sub-Saharan Africa,West and Central Africa,Sub-Saharan Africa,West and Central Africa,Lower middle income,Low and middle income,Sub-Saharan Africa,West and Central Africa,Lower middle income,Low and middle income,African Group,Economic Community of Central African States,GAVI,West and Central Africa,Non-humanitarian,High burden,Fragile,West and Central Africa,West and Central Africa,LiST,"",LiSTSBR,"","","","","","","","","","",ECA_Central Africa,ECA_All countries,"","","","","","","","","",ESCAP_Africa (AFR),ECA_African Union Commission,ECA_ECCAS,"","",ECA_Sahel,"","",ECA_Oil producing economies,"","","","",ECA_Sub-Saharan Africa,"","","","","","","",213297.5,216699.5,220372.5,224138,227652,230848.5,233783,236335,238840,241920,244823,247426,251110,254873,257833,261669,266981.5,273848.5,282866.5,293535.5,304317.5,314804,325466,336312.5,347340,358381.5,368962,379207.5,390151.5,401451,415204.5,430661,441553,453277.5,471533.5,492283.5,513740.5,535299.5,556102,576228.5,596224.5,616283.5,636980.5,658671,681343,705218.5,730949,758539,785307.5,810039,834398.5,858832,882942.5,908060,934135.5,959339,983093.5,1005950,1028416.5,1050506,1071811.5,1091508.5,1110949.5,1132658.5,1160668.5,1192813.5,1225111.5,1258861.5,1296161.5,1337748,1382870.5,1431050,1480284.5,1528843.5,1575308.5,1619293,1661195,1701260,1739198,1775288,1814390.5,1860680.5,1912096,1964735.5,2015455,2059227.5,2093052,2120192,2144985,2170763,2198412,2227557,2257543.5,2288293.5,2318970,2349404,2380202,2411119.5,2441530.5,2472125,2502699,2533838.5,2566668,2598793,2629906,2660845,2690529.5,2717003.5,2741846.5,2766291,2789181.5,2810487.5,2831971.5,2853554.5,2873791.5,2893977.5,2914387,2934025,2953008.5,2971129,2988130,3004292.5,3019994.5,3035444,3050744.5,3065487.5,3079165.5,3092197.5,3105003.5,3117649,3130349,3143070,3155200,3166398,3177114.5,3187299,3196708,3205613,3213702,3220489.5,3226142.5,3230877.5,3234657.5,3237683.5,3240062.5,3241799.5,3242920.5,3243393,3243238,3242638,187898,190794,193875.5,197154.5,200617.5,204172.5,207871.5,211442,214730,217795,218216,216314,217507,221930.5,226998.5,232652.5,238399,243470,247290.5,250361,254311.5,259709,266608,275573.5,286109.5,296729.5,306126.5,314775.5,324582.5,335072,349009.5,364775,370631,373661.5,383465.5,395662.5,409130.5,424217,440716.5,458913.5,478885,499404,519793.5,540006,559798,579072,598485,618616.5,639604,661428,684220,708885.5,736024,762460.5,786637.5,810292.5,833669,857300,882820,909570.5,935740,960535,983988,1006826.5,1033996,1062277,1084794,1102955,1121828.5,1145358.5,1172276,1202385.5,1236668,1275366.5,1316404.5,1359638,1405506,1452306,1498640.5,1543775,1587310,1628942,1668806,1706513,1742310.5,1781083.5,1827044,1877973,1930016.5,1980297,2023613.5,2057173.5,2084246.5,2108578,2133690.5,2160853.5,2189578.5,2219311.5,2249932,2280448.5,2310473.5,2340770,2371427,2401515,2431709,2461818,2492322,2524694,2556671.5,2587664.5,2618517.5,2648074,2674158.5,2698453,2722492.5,2745219.5,2766524,2787992,2809362,2829302,2849218.5,2869398,2889002.5,2907974,2926100.5,2943093,2958822.5,2974008,2989100,3004012.5,3018719,3032593.5,3045443,3058010.5,3070439,3082766.5,3095067,3107031,3118191,3128861,3138959.5,3148244,3156843.5,3164572,3171353,3176975,3181717.5,3185800.5,3189045,3191458.5
Canada,Canada,171,CAN,124,CAN,"","","","","","",Non-programme countries,"","","",Americas,North America,"",High income,High income,"",Northern America,"","","","","","","","","","","","","","","","",Non-fragile,"","",Non-fragile,"",non-FCS,"","",Americas,Northern America,"",Europe and Northern America,Northern America,"","","Europe, Northern America, Australia and New Zealand","Australia and New Zealand, Central Asia, Europe and North America",Europe and Northern America,Northern America,Northern America,"","","","","","","",North America,"","","","","","","","","",Western European and Others Group (WEOG),"","",High Income Countries,Non-humanitarian,Non-high burden,"","","","","","","","","","","","","","","","","",ECE_All countries,"","","","","","","","","",ESCAP_North America (NAM),"","","","","","","","","","","","","","","","","","","","",540911.5,537821,543637.5,553873.5,564973.5,576340,592940,618148,645610.5,672903,701802.5,734262.5,772035.5,813394,855063.5,894388.5,931374,965819,996194.5,1023982.5,1058481,1097443,1129654.5,1155788.5,1177881,1197839,1215592,1227656.5,1234915,1238277,1232493.5,1211515,1174927,1128553,1082748.5,1048784.5,1028055,1013961,1004937.5,1000993.5,998952.5,996353.5,995388.5,1000137,1011095,1025015.5,1038177,1049644.5,1061372.5,1073446.5,1084623,1094349,1100513,1104594,1112923,1127470.5,1141701,1150889.5,1156580,1159085,1157830,1151900.5,1139069.5,1121226,1103589,1090429,1085228,1086800,1089580,1088239,1077032.5,1061164,1063781.5,1084608,1104590.5,1119213,1127524.5,1130353,1129732.5,1127871,1127236.5,1127802.5,1126932,1123526,1118895.5,1113535,1110375.5,1108137.5,1105443,1105588.5,1106796,1105332,1104115.5,1105150,1104778.5,1104150.5,1104575.5,1105648,1107139,1108583,1110459.5,1113065.5,1116084,1119202.5,1122421.5,1125758,1129096,1132534.5,1136142.5,1139749.5,1143060,1146060,1149036.5,1151852.5,1154156.5,1156020.5,1157727,1159642,1161580,1163626.5,1166209,1169263.5,1172409,1175514,1178728,1182138,1185690,1189180,1192942.5,1196892.5,1200745.5,1204860.5,1208845.5,1212622.5,1216523,1220429,1224606,1228989.5,1233975,1239205.5,1243833.5,1248322.5,1252603.5,1256685.5,1260615.5,1264402,1268424.5,1272819.5,1277145.5,1280972,548102.5,542968,546489.5,553331.5,558956.5,563434,570269.5,579770,585843,587392,587471.5,592202,607788,632437.5,661645.5,694259,734569.5,783286.5,832411,876005.5,927169,977409,1004822,1028248,1063469.5,1101300.5,1132688,1157327,1178456,1199887.5,1224672.5,1247843,1263733.5,1275726,1284216.5,1280534,1257755,1216645.5,1167257,1123579.5,1092138,1072665.5,1060253.5,1048787,1037313,1028371,1025227.5,1028079,1035786.5,1049206.5,1066896.5,1085470.5,1103196,1120582,1136629,1149449,1158282.5,1162035.5,1164472,1172552.5,1186294.5,1204352.5,1226970.5,1247417.5,1256488.5,1254573,1254068.5,1263935.5,1282115,1298576.5,1300590.5,1287384,1274538.5,1264217,1249729,1234529.5,1226462.5,1233094.5,1248960,1264426.5,1276076,1283145,1285430,1283919.5,1281537.5,1280497.5,1280588,1279954,1277272,1273174.5,1268086,1265364.5,1263638,1261510.5,1262406,1264827.5,1264268,1263373.5,1264913.5,1264736.5,1264249.5,1265481,1267741,1270048.5,1271977,1274340,1277320.5,1280847.5,1285060,1289718.5,1293969,1298007,1302322,1306543.5,1310392,1313968.5,1317228,1320643,1323745.5,1326022,1327948.5,1329836,1331880,1333816.5,1336023,1339269.5,1343482.5,1347418,1351371,1355613,1359554,1363832.5,1367960.5,1372241,1376831,1380924.5,1385024.5,1389056.5,1393779.5,1398460,1402045.5,1406391,1411270.5,1416223.5,1421624.5,1426984.5,1432040.5,1437381.5,1442891,1447523.5
Cape Verde,Cabo Verde,25,CPV,132,CVR,Sub-Saharan Africa,Sub-Saharan Africa,West Africa,"","",SIDS,West and Central Africa,Programme countries,"","",Africa,Sub-Saharan Africa,Sub-Saharan Africa (excluding high-income),Middle income,Lower middle income,Low and middle income,Africa,Sub-Saharan Africa,Excluding least developed countries,Excluding China,"","","","","",West Africa,Africa,Western Africa,Non-fragile,Non-fragile,Non-fragile,Non-fragile,Non-fragile,Non-fragile,"",Non-fragile,Non-fragile,"",non-FCS,"","",Africa,Western Africa,"",Sub-Saharan Africa,"","",Small island developing States,"","",Sub-Saharan Africa,Sub-Saharan Africa,Western Africa,Sub-Saharan Africa (inc. Sudan),"",Small island developing States (SIDS),"","","",Non conflict,Sub-Saharan Africa,West and Central Africa,"","","","",Sub-Saharan Africa,West and Central Africa,Lower middle income,Low and middle income,African Group,Economic Community of West African States,"",West and Central Africa,Non-humanitarian,Non-high burden,"",West and Central Africa,West and Central Africa,LiST,"",LiSTSBR,"","","","","","","","","","",ECA_West Africa,ECA_All countries,"","","","","","","","","",ESCAP_Africa (AFR),ECA_African Union Commission,ECA_ECOWAS,"","","",ECA_Island economies,ECA_Small Island states,ECA_Non-Oil Producing,"","","","",ECA_Sub-Saharan Africa,"","","","","","","",8790.5,8652,8432.5,8142,7798.5,7723.5,7970.5,8215.5,8348.5,8294.5,8155,8218,8586,9127.5,9764.5,10545,11486,12536.5,13658,14820,15813.5,16413,16715,16983,17331,17393.5,17209,17188,17386,17887,18450.5,18913.5,19338,19639.5,19813,19927.5,20050,20156,20225.5,20306,20483,20759,21105,21542,22069,22674.5,23337,24038.5,24785,25611,26578.5,27655.5,28697,29603,30340,30895.5,31301.5,31610,31827,31926,31744,31078.5,30052.5,28897.5,27698.5,26520,25429.5,24512.5,23876,23566.5,23545.5,23875.5,24350.5,24686.5,24930.5,25124,25284,25406,25447,25372.5,25214.5,25029.5,24863.5,24732.5,24582,24269.5,23130,21286.5,19463,17723,16155.5,15383.5,15300,15227,15161,15106.5,15064.5,15033.5,15016.5,15017.5,15032,15055,15082,15104,15114,15113.5,15106,15087,15055,15005.5,14935.5,14848.5,14738.5,14597.5,14426.5,14220,13972.5,13685.5,13368,13028.5,12677,12329,11990.5,11669,11372,11102,10863,10662,10502,10380.5,10295,10240.5,10207.5,10191,10182,10173.5,10165,10155,10141,10117,10084,10042.5,9987.5,9918,9835,9740,9634,9514.5,9383.5,9241.5,7248,7263.5,7255.5,7209.5,7122,7128,7226.5,7299.5,7366.5,7423,7375,7327.5,7433,7638,7934.5,8313.5,8761,9287.5,9914.5,10650.5,11461.5,12111,12469,12695.5,12885.5,12911.5,12819.5,12799,12856.5,12948.5,13161,13609.5,14195.5,14826.5,15486,16116.5,16626.5,16996.5,17246,17405,17586,17824,18054,18273,18511,18784.5,19112.5,19517.5,20008.5,20581,21251.5,22040,22925,23875,24868.5,25881.5,26859.5,27725,28444.5,29034,29443.5,29631,29650.5,29506.5,29162,28583.5,27735,26675,25499.5,24273,23107.5,22444,22271.5,22286,22519,22888.5,23333,23771.5,24117,24371.5,24580.5,24752,24879.5,24922.5,24848,24695,24516.5,24359,24241.5,24103,23793,22656,20815,18992,17256.5,15696,14929.5,14847,14773.5,14711.5,14663.5,14630.5,14615.5,14616,14626,14646.5,14679.5,14714.5,14742.5,14756.5,14760.5,14756.5,14734.5,14701,14657,14592,14503,14386.5,14242.5,14071.5,13868.5,13637,13369.5,13066,12738,12394,12048.5,11714,11400.5,11107,10836,10597.5,10396,10239,10123.5,10042.5,9995,9972,9963,9957.5,9954,9954.5,9955,9947.5,9929,9903,9869,9822,9761,9684.5
Central African Republic,Central African Republic,26,CAF,140,CAR,Sub-Saharan Africa,Sub-Saharan Africa,Central Africa,Least developed countries,"",LLDC,West and Central Africa,Programme countries,"","",Africa,Sub-Saharan Africa,Sub-Saharan Africa (excluding high-income),Low income,Low income,Low and middle income,Africa,Sub-Saharan Africa,Least developed countries,Excluding China,"","","","",Countdown,Central Africa,Africa,Central Africa,Fragile,Fragile,Fragile,Fragile,Fragile,Fragile,Extremely Fragile,Fragile,Fragile,Extremely fragile,Fragile and Conflict-affected Situation,Conflict,"",Africa,Middle Africa,"",Sub-Saharan Africa,"",Least developed countries,Landlocked developing countries,"","",Sub-Saharan Africa,Sub-Saharan Africa,Middle Africa,Sub-Saharan Africa (inc. Sudan),Least Developed Countries (LDCs),Landlocked developing countries (LLDCs),HAC,"",Global Strategy,Conflict,Sub-Saharan Africa,West and Central Africa,Sub-Saharan Africa,West and Central Africa,Low income,Low and middle income,Sub-Saharan Africa,West and Central Africa,Low income,Low and middle income,African Group,Economic Community of Central African States,GAVI,West and Central Africa,Humanitarian,High burden,Fragile,West and Central Africa,West and Central Africa,LiST,"",LiSTSBR,"","","","","","","","","","",ECA_Central Africa,ECA_All countries,"","","","","","","","","",ESCAP_Africa (AFR),ECA_African Union Commission,ECA_ECCAS,"",ECA_CEN-SAD,"",ECA_Land-locked countries,ECA_Land-locked LDCs,ECA_Non-Oil Producing,ECA_Least developed countries,ECA_Mineral-rich countries,ECA_Non-Oil LDCs,"",ECA_Sub-Saharan Africa,"","","","","","","",67276,67954.5,68702,69500.5,70310,71123,71951,72825.5,73836,75088,76613.5,78334,80087.5,81641.5,83928.5,87778.5,92312,96959,101882,106124.5,108786,110716,112651,114701.5,116950.5,119404.5,121356,122626,123778.5,124874,126004.5,127276,128723.5,130378,132114,133715.5,135047,135976.5,136808,138281.5,139973.5,141929.5,145162.5,149778.5,155924.5,162954.5,170764.5,179282.5,187771.5,196281,204817.5,211859,219487.5,228696.5,237073,245020.5,251632.5,256683,261403.5,260003.5,259640.5,265679.5,270361.5,274225,275855.5,280505.5,289294.5,296326.5,303378.5,308301.5,312789.5,317563.5,316004.5,317341.5,325405.5,337076.5,352461.5,367833.5,382364,394819.5,400761.5,400919.5,401054.5,402665.5,405833,411477,419865,429900,446339,469663.5,493584.5,516585,539236,556765,568792.5,580278,591458,601830.5,610783.5,617890,623470.5,627783,631036,633742,636439.5,639073.5,641369.5,643657.5,646560.5,650156.5,654427.5,659621.5,665439.5,671479.5,677491.5,683304,688962.5,694419.5,699459,704003.5,708252.5,712234,715830.5,719192.5,722161,724604.5,726658.5,728328.5,729500,730115,730512,730628.5,730210,729262.5,727890.5,726227.5,724475.5,722689.5,720909,719212.5,717681.5,716200,714665.5,713180.5,711815.5,710696.5,709752.5,708897.5,708168,707414,61090,61744,62373,62994,63633,64297.5,65003.5,65775.5,66599.5,67457,68337,69230.5,70165,71226,72509.5,74045.5,75772.5,77535.5,79106,81365,84956,88894,92702,96720.5,100169,102283,104070.5,106006.5,107767.5,109340.5,110703,111835.5,112791.5,113663,114513.5,115433,116515.5,117787.5,119437,121730,124541.5,127628.5,130976,134320.5,137210,138487.5,139576,142259,146182,151792.5,159294,166165.5,173065,180468,186850.5,193476.5,199147.5,204946,212339.5,207961.5,202446,206383,207521.5,207449,203890,204186.5,212612.5,220640,228628,234495,242038.5,248873.5,244606.5,246649.5,259962.5,272479,285006.5,296496.5,305763,313734.5,325054.5,340104.5,355156.5,369345.5,381635,387544,387646.5,387662,389156,392249,397750.5,405897.5,415673.5,431823.5,454846.5,478558,501407.5,523867,541295,553251,564678.5,575857.5,586233.5,595246,602415,608004,612273.5,615502.5,618146.5,620729.5,623265,625391.5,627475.5,630351,633851,637879.5,642997.5,648932,655030,661128,667233,673055.5,678288,683106,687389.5,691362.5,695455.5,699345.5,702771.5,705505.5,707825.5,709773.5,711373,712732,713586,713957.5,714054,713623,712484,710841.5,709085,707385,705640,703942,702403,701174,699868.5,698367.5,697028,695900
Sri Lanka,Sri Lanka,74,LKA,144,SRI,Southern Asia,Southern Asia excluding India,"","","","",South Asia,Programme countries,"","",South-East Asia,South Asia,South Asia (excluding high-income),Middle income,Lower middle income,Low and middle income,Asia,"",Excluding least developed countries,Excluding China,"","","","","","","","",Non-fragile,Non-fragile,Non-fragile,Non-fragile,Non-fragile,Non-fragile,"",Non-fragile,Non-fragile,"",non-FCS,"","",Asia,Southern Asia,"",Central and Southern Asia,Southern Asia,"","","","",Central and Southern Asia,Asia,Southern Asia,Southern Asia,"","","","","",Non conflict,South Asia,"",South Asia,"",Lower middle income,Low and middle income,South Asia,"",Lower middle income,Low and middle income,Asia-Pacific Group,"","",South Asia,Non-humanitarian,Non-high burden,"",South Asia,South Asia,LiST,LiSTSBR,LiSTSBR,"","","","","","","","","","","","","","","","",ESCAP_SAARC (SAARC),"","","",ESCAP_South and South-West Asia (SSWA),ESCAP_All countries,"","","","","","","","","","","","","","","",ESCAP_WB Lower Middle Income Economies,"","","","",390639,396310.5,403162,411065.5,419488,428478,438436.5,449437,461699.5,475791,492037,510397.5,530932.5,551426.5,567817.5,579982.5,590736,600612,610993.5,625091.5,642073,658426.5,674804,693551.5,714424,735796.5,756026,773656.5,787806.5,799409.5,809587.5,818794.5,826908,832876.5,836166.5,842463.5,852761,859409.5,861157,860955,857457.5,859775,874433.5,895568.5,921700.5,945597,963511,973960,974770.5,971804.5,970218,965039,946211.5,918439.5,891332.5,867677,849985.5,839511.5,836099,838408.5,844638,852311.5,857278,858164,856664,854607,854649.5,858577.5,866037,876139,887628,898456,906980.5,912270.5,914194.5,913077.5,909309,905205,902521,898903,892665,884863,874911.5,862321,849998.5,839934.5,831608,824218.5,817186.5,809980.5,802875,796315.5,790228,784597.5,779854.5,776184,773081,770381.5,768191.5,766398.5,764772,763205.5,761446,759070,756110.5,752643.5,748427.5,743510.5,738104,732204,725788.5,718937,711667,704066,696223,688094,679968.5,672002,664160.5,656707.5,649791,643358,637438,632097,627154.5,622570.5,618401,614569.5,610929.5,607372,603953.5,600599,597218.5,593790.5,590216.5,586361,582262,577992,573498.5,568815,563937,558827,553554,548076.5,542361.5,536527.5,530690.5,524940.5,519275.5,513799,365289,369770,372942.5,375365,378047,381476,385878.5,391683,398813.5,406793.5,415678,425860,437319,450101,464655.5,481240.5,499783,520353.5,540774.5,556916,568421.5,577863.5,586007.5,594525,606661.5,621777,636516,651391,668549.5,687603,706893,723906,734075,735887.5,733345.5,736846.5,750631.5,767244.5,782946.5,797182.5,802960,808820.5,824446.5,838158,845312.5,844833.5,843087.5,849170,864367.5,887467,912418,933145,944413.5,944633.5,935019.5,916872,892854.5,866085,839781.5,816594.5,799489.5,790720,792229.5,801478.5,813238.5,825355,835947,842683.5,844753.5,843766.5,841833.5,841478,844959,852394,862229.5,872890.5,882749.5,890341,894869.5,896316.5,895054.5,891296.5,887240,884683,881183,875014.5,867255,857474,845110.5,833020.5,823147,814932,807557,800484,793255,786332.5,780022.5,773935.5,768182,763285.5,759507,756418,753923.5,751957,750492,749322.5,747923.5,746099.5,743692.5,740668,737054.5,732864.5,728062.5,722643,716637.5,709938.5,702870,695511,687987.5,680531.5,672889.5,665169,657585.5,649956.5,642359,635371.5,629058,623195,617910,612937.5,608185.5,603821.5,599911.5,596297.5,592849,589493,586125,582837,579557.5,576140,572421,568594,564676.5,560451,556020.5,551397.5,546416,541205.5,535789,530171
Chad,Chad,27,TCD,148,CHD,Sub-Saharan Africa,Sub-Saharan Africa,Central Africa,Least developed countries,"",LLDC,West and Central Africa,Programme countries,"","",Africa,Sub-Saharan Africa,Sub-Saharan Africa (excluding high-income),Low income,Low income,Low and middle income,Africa,Sub-Saharan Africa,Least developed countries,Excluding China,OIC,Africa,OIC Low income,"",Countdown,Central Africa,Africa,Central Africa,Fragile,Fragile,Fragile,Fragile,Fragile,Fragile,Extremely Fragile,Fragile,Fragile,Extremely fragile,Fragile and Conflict-affected Situation,Institutional and Social Fragility,"",Africa,Middle Africa,"",Sub-Saharan Africa,"",Least developed countries,Landlocked developing countries,"","",Sub-Saharan Africa,Sub-Saharan Africa,Middle Africa,Sub-Saharan Africa (inc. Sudan),Least Developed Countries (LDCs),Landlocked developing countries (LLDCs),HAC,HAC,Global Strategy,Conflict,Sub-Saharan Africa,West and Central Africa,Sub-Saharan Africa,West and Central Africa,Low income,Low and middle income,Sub-Saharan Africa,West and Central Africa,Low income,Low and middle income,African Group,Economic Community of Central African States,GAVI,West and Central Africa,Non-humanitarian,High burden,Fragile,West and Central Africa,West and Central Africa,LiST,"",LiSTSBR,"","","","","","","","","","",ECA_Central Africa,ECA_All countries,"","","","","","","","","",ESCAP_Africa (AFR),ECA_African Union Commission,ECA_ECCAS,"",ECA_CEN-SAD,ECA_Sahel,ECA_Land-locked countries,ECA_Land-locked LDCs,ECA_Oil producing economies,ECA_Least developed countries,"","",ECA_Oil LDCs,ECA_Sub-Saharan Africa,"","","","","","","",118610,120704.5,123067.5,125599,128089.5,130462.5,132729.5,134902,137131,139617.5,142406,145353,148208,150951,154888,160453.5,166504,172823.5,179442,185048,189206.5,193037.5,196993.5,201133.5,205327,209400.5,213332.5,217288.5,221534,226850.5,227941.5,230287.5,245049.5,259055.5,262128,265758.5,276296,289171.5,302328,314976,324755.5,337110,349439,352780.5,356571.5,369350,379375.5,383149.5,392157.5,407111,421184,436247,456814,479655,503090.5,527110,551279.5,576137,603270.5,628379,650156,676169.5,703279,728503,756430,784607,811547.5,838716.5,867236.5,897537.5,932240.5,972469.5,1014504,1068568,1119032.5,1148985,1175920.5,1208424.5,1245255,1283629,1322411.5,1359842.5,1395562.5,1431280,1468424,1506791,1547923.5,1594240,1643898.5,1700093,1763364.5,1824875,1878690.5,1925156.5,1960712.5,1985192.5,2008433.5,2033099.5,2058379,2083132,2107012.5,2130465.5,2153854,2177836.5,2201805.5,2226241,2251173,2276424,2302405.5,2329587.5,2357632,2385494,2413142,2440727,2468100.5,2494558.5,2519815,2543360.5,2565217,2585908,2605004.5,2622808,2639405,2654103,2666614,2677770.5,2687933,2696613,2704006.5,2710050.5,2714576.5,2718290,2721033,2723658.5,2727265,2731105,2734697,2738648,2742780.5,2747122.5,2752257,2756798,2760170,2762561,2763426.5,2763162,2762650.5,2762043.5,2760538.5,2758473,105623.5,106906.5,108287.5,109814,111532.5,113437.5,115574.5,117986.5,120551.5,123050.5,125394.5,127594,129670.5,131776.5,134060,136463,138730.5,140705.5,142566.5,145677.5,150535,156034,161921.5,168228,173427.5,176709,178988.5,180855,182798.5,186273.5,181980,178366.5,195576,213382.5,213116,211889,220794.5,231330.5,240921,250910,257113,268894.5,285522.5,290920,296039,314878,332906,341983.5,349345,356894.5,364309,369127,373567.5,387727.5,411166,429289,443893.5,461219,478768,496117,515964.5,539709.5,564936.5,592902.5,618690,637045,659038,685350,710539.5,736158.5,764451.5,796139,825973.5,875980,929161,952113.5,964557,983956.5,1010160,1037297.5,1064902.5,1094604,1127413.5,1162284.5,1198153.5,1234271,1269711,1303694,1337434.5,1372805.5,1408741.5,1447168,1491278,1538752.5,1592189.5,1653009.5,1712232,1763051.5,1807309.5,1840945,1863360.5,1885086.5,1908542.5,1932290.5,1955271.5,1977846.5,1999978,2021502.5,2043755.5,2066995,2091066,2114396,2137411.5,2161367,2186964,2213287,2239748.5,2265586,2290696,2316038.5,2340757,2365077,2388803,2410821,2430360,2448284,2464996,2480314.5,2494691,2507690,2518705,2528530.5,2535830,2541232,2546261.5,2550249,2553164.5,2555470.5,2557441,2560185,2564555,2568450.5,2572411.5,2576831.5,2580285.5,2583792,2588064.5,2592314.5,2594326,2594338.5
Chile,Chile,113,CHL,152,CLE,Latin America and the Caribbean,Latin America and the Caribbean,"","",Latin America,"",Latin America and Caribbean,Programme countries,"","",Americas,Latin America and the Caribbean,"",High income,High income,"",Latin America and the Caribbean,"",Excluding least developed countries,Excluding China,"","","","","","","","","","","","","",Non-fragile,"","",Non-fragile,"",non-FCS,"","",Americas,Latin America and the Caribbean,South America,Latin America and the Caribbean,"","","","","",Latin America and the Caribbean,Latin America and the Caribbean,South America,Latin America and the Caribbean,"","","","","",Non conflict,Latin America and Caribbean,"","","","","","","","","",Latin American and Caribbean Group (GRULAC),"","",Latin America and Caribbean,Non-humanitarian,Non-high burden,"","","","","","","","","","","","","","","","","",ECLAC_All countries,"","","",ECLAC_Latin America,"","","","","",ESCAP_Latin America (LAC),"","","","","","","","","","","","","","","","","","","","",362059,361657.5,362390,364219,366911,370403.5,374867.5,380449.5,387220,395095.5,403101.5,411684.5,422387,435437.5,449765,465458.5,481560.5,495638.5,507511.5,518191,528427,538970.5,550291,561715,572989.5,583600.5,592837,600983,608341,614646.5,620229,625415.5,629977,633813.5,637062,639685.5,641357,642174,642445.5,642067,641311,640723,640554.5,640913,641918,643680.5,646134,649286,653646,659592.5,666920.5,675713.5,686119.5,697611.5,709517.5,721262,731613,737834,739236.5,736731.5,731281.5,723402.5,713636,702996.5,691295.5,678584.5,667940.5,661673.5,656966,650665,639018,625398.5,617420.5,616013,618896.5,623629,629523.5,634534,637001.5,638071,637964.5,635942.5,629700.5,620438,607674,587906,561260,537670,517064,495232.5,479165,470719,462980.5,454765.5,450276.5,446871,444031.5,441494,438878.5,436046.5,433164.5,430177.5,426896.5,423471,420125,416803.5,413448,410209,407121.5,404040,400920.5,397774.5,394548,391132,387480.5,383649,379570.5,375083,370189,364827.5,358902,352567,346096.5,339610.5,333183.5,327023.5,321136.5,315501.5,310285,305549.5,301310.5,297673,294706,292213.5,289980.5,287889,285844.5,283840.5,281799,279735,277712,275755.5,273864,271889,269816,267707,265504.5,263138,260642.5,258031,348648,352727,352959.5,350725,348427,347239,346996,347812,349663.5,352312.5,355691,360007,365405,371919.5,379438.5,386952.5,394892,404846.5,417183,431003,446432.5,462489,476764,488995.5,500060.5,510688.5,521650.5,533345.5,545037,556473,567250,576675.5,585040,592851,599869.5,606320,612443,618093,623145,627617.5,631577,634534.5,636413.5,637594.5,637982,637766,637581,637770.5,638755.5,640536.5,642815,645617.5,649050,653527,659610,667421,676974,688316.5,700819.5,713713.5,726362,737572,744673,747170.5,746620,743790.5,742102.5,745666.5,751966.5,753405.5,741941,723842.5,707108,690036.5,673557,657857.5,643229.5,633096,629622.5,630997,635007,640281.5,644580.5,646256.5,646631.5,646002.5,643626,637094.5,627601,614638.5,594685.5,567861,544186,523636,501762.5,485456,476754,468851,460377.5,455583,452042,449100,446321.5,443387,440274,437100,433817.5,430326,426848.5,423466.5,420069,416664.5,413317,409955,406451,402966,399467,395940,392405,388832,385146.5,381193,376883.5,372203,366955.5,361017.5,354661.5,348147.5,341567,335078.5,328892,322992,317454,312334,307585,303249.5,299455.5,296256,293441.5,290916.5,288649.5,286534,284577.5,282656.5,280698.5,278746,276823.5,274967,272991,270873.5
China,China,93,CHN,156,CHN,Eastern Asia,"","","","","",East Asia and Pacific,Programme countries,"","",Western Pacific,East Asia and Pacific,East Asia and Pacific (excluding high-income),Middle income,Upper middle income,Low and middle income,Asia,"",Excluding least developed countries,"","","","","","","","","",Non-fragile,Non-fragile,Non-fragile,Non-fragile,Non-fragile,Non-fragile,"",Non-fragile,Non-fragile,"",non-FCS,"","",Asia,Eastern Asia,"",Eastern and South-Eastern Asia,Eastern Asia,"","","","",Eastern and South-Eastern Asia,Asia,Eastern Asia,Eastern Asia (excluding Japan),"","","","","",Non conflict,East Asia and Pacific,"","","","","",East Asia and Pacific,"",Upper middle income,Low and middle income,Asia-Pacific Group,"","",East Asia and the Pacific,Non-humanitarian,Non-high burden,"","","","","","",EAPR Program Countries,"","","",EAPR Countries,"","","","","","","","","","","","","","","",ESCAP_East and North-East Asia (ENEA),ESCAP_All countries,"","","","","","","","","","","","","","","",ESCAP_WB Upper Middle Income Economies,"","","","",27573931.5,28050141,28482904.5,28622258.5,28476261,28337821.5,28330712.5,28280392,28159711,28244348,28493336,28924607,29871500,31346797,33074678.5,35217801.5,37534211.5,40119170,42708431,44922560.5,46874834,48164025,48987727.5,49162998.5,47755117.5,45059692,42274569.5,41383284,44457146,49830447,55491884,61330147.5,64616052,64812821,65089456,66058037.5,66944995,67756359.5,67568136.5,65929296.5,63266924,60013114,56717656,53440539,50994400.5,49899576.5,49936763.5,51239241,52744033,53695585.5,54890546,56520357.5,58326992.5,60425556,62810172.5,65041880.5,65395664,63168789,60247906,57049103.5,53161676.5,50083500.5,48393912.5,47019308.5,45797077.5,44942462,44317090.5,43727096,43313224,43103831.5,42896266.5,42864738.5,43275020.5,43987024,44868456.5,45686204.5,46340094,47180266.5,47902502,48253636,48325774.5,48321882,48134507.5,47036959.5,45131672,42488310.5,38840893,34398444.5,30346733.5,27069389.5,24686718,23377262,22640786,22253251.5,21991660.5,21758154.5,21562059.5,21409909,21307815.5,21254744,21251827,21291583,21369341.5,21482672.5,21618278,21754756.5,21878846.5,21978404.5,22045827,22071688.5,22038801,21930954,21728511,21408584,20969070,20422933,19780271.5,19061103,18296434.5,17508372,16722063,15970005,15273373,14644729,14099223.5,13641512.5,13267528.5,12977272,12767188,12627558,12545463.5,12511162,12513737.5,12540654.5,12578504.5,12618827,12657581,12687172.5,12700802,12695014.5,12666659,12610384,12521182,12397535,12238548,12044902.5,11818108,11563695,11287111,10992593.5,24057780.5,24550830,25066956,25656141.5,26308425,26838646.5,27327724,27772220.5,27928297,27773665.5,27575773.5,27509496,27453470,27357987,27430373,27708360,28231500,29280720,30818374,32571351.5,34727334,37012617.5,39525474.5,42052055.5,44252750,46200643,47497959,48343202,48552721,47192417.5,44552484.5,41818606,40955250.5,44014710.5,49349266.5,54967295.5,60758989.5,64018344,64212459,64483082.5,65455025.5,66338743.5,67146821,66978567.5,65347301,62692077,59478683,56230040.5,53002858.5,50623945.5,49581658.5,49642883.5,50924933,52380806.5,53282363.5,54454880,56067137.5,57834290,59903736.5,62297773,64553568.5,64927681,62761073.5,59909238.5,56737289.5,52840724.5,49768970,48102803.5,46742852.5,45518928,44678814,44072290,43476146.5,43049549,42803564,42526154,42415497.5,42759876.5,43424518,44293787.5,45118851.5,45777522.5,46619542,47343739,47698308,47774578.5,47774908,47592449,46502632.5,44606233.5,41971670,38334520,33903898,29863587.5,26597519.5,24224334.5,22919990.5,22187826,21804531.5,21545615,21315635,21124486.5,20975614.5,20876699,20828839,20830950.5,20874839.5,20957963,21076641,21216278.5,21356729.5,21485748.5,21590461.5,21663073.5,21694012.5,21666466,21564301.5,21366487.5,21051524.5,20617694.5,20077412,19440590,18726817,17966714,17183593,16402290,15655047.5,14964163.5,14341514,13800971,13347412,12977602,12692101.5,12487333,12352027,12273755.5,12243895.5,12250363.5,12280347,12321769.5,12366429,12409326.5,12442671.5,12459990.5,12457857.5,12433194.5,12380185,12293937.5,12173743,12018523.5
Colombia,Colombia,114,COL,170,COL,Latin America and the Caribbean,Latin America and the Caribbean,"","",Latin America,"",Latin America and Caribbean,Programme countries,"","",Americas,Latin America and the Caribbean,Latin America and the Caribbean (excluding high-income),Middle income,Upper middle income,Low and middle income,Latin America and the Caribbean,"",Excluding least developed countries,Excluding China,"","","","","","","","",Non-fragile,Non-fragile,Non-fragile,Non-fragile,Non-fragile,Non-fragile,"",Non-fragile,Non-fragile,"",non-FCS,"","",Americas,Latin America and the Caribbean,South America,Latin America and the Caribbean,"","","","","",Latin America and the Caribbean,Latin America and the Caribbean,South America,Latin America and the Caribbean,"","","","","",Conflict,Latin America and Caribbean,"",Latin America and Caribbean,"",Upper middle income,Low and middle income,Latin America and Caribbean,"",Upper middle income,Low and middle income,Latin American and Caribbean Group (GRULAC),"","",Latin America and Caribbean,Non-humanitarian,Non-high burden,"",Latin America and the Caribbean,Latin America and Caribbean,LiST,"",LiSTSBR,"","","","","","","","","","","",ECLAC_All countries,"","","",ECLAC_Latin America,"","","","","",ESCAP_Latin America (LAC),"","","","","","","","","","","","","","","","","","","","",618087,628301.5,638078,648126,660229.5,675216.5,692875.5,713582.5,737020,763003.5,791451,821623,852620,883117,918067.5,958309,999283,1042331.5,1088833.5,1133481,1175664,1219594,1264809.5,1311252.5,1358133.5,1404917,1450821.5,1495807,1539115.5,1579094.5,1615201.5,1645912,1670365.5,1688835,1700850,1706282.5,1706855.5,1705290.5,1704697.5,1707645.5,1715957,1730052,1750569,1774810.5,1800886,1829750.5,1859756.5,1890731,1922415,1949338,1966993.5,1978644.5,1987521,1996667,2011940,2035258,2063226.5,2093483.5,2125141.5,2154518,2174751.5,2181980,2179943.5,2172637,2159368.5,2144448,2136474,2140286,2148161.5,2148180,2134859,2111004.5,2083390.5,2054443,2025102.5,1995140,1964388,1934197.5,1904839.5,1877256.5,1854298.5,1834705,1818992.5,1810409,1809404,1815189,1827187,1838896.5,1842953.5,1839185.5,1829074,1814062,1795905,1776249,1755330.5,1733798.5,1712728.5,1691928,1671129,1650269.5,1629417.5,1609120,1589756,1571390,1553957.5,1537433.5,1521611.5,1506184.5,1491112.5,1476765.5,1463342,1450649.5,1438882,1427775.5,1417023,1406710,1396777,1386888.5,1377092,1367332,1357356,1347137,1336736.5,1326106,1315062.5,1303689,1292186,1280401.5,1268409,1256409.5,1244419.5,1232324.5,1220235.5,1208266,1196519,1185136,1174059,1163294,1152977,1143029.5,1133514,1124683.5,1116223.5,1107902.5,1099950,1092098.5,1084172.5,1076572,1069069.5,1061372,530065.5,540796,551618.5,562071,571943,581695.5,591275.5,600744.5,610446,622570,638439,657168.5,678734,702922.5,729199.5,757347.5,786866,817031,846783.5,880749,919754,958769,999623.5,1044587,1088009.5,1128950.5,1171505.5,1216434.5,1263621,1311265.5,1359899,1408454,1455667.5,1502012.5,1545541.5,1582984,1612857,1635449.5,1651337.5,1660819.5,1665169.5,1663874,1659881,1657470.5,1658755.5,1665593.5,1679164.5,1700117.5,1725176.5,1751838,1779925.5,1809017.5,1839256,1870323.5,1897762.5,1917122.5,1930962,1941934.5,1951787.5,1967097,1990963,2019294,2049168,2080440,2108919,2128443.5,2142594.5,2169540,2208430.5,2237112.5,2247160,2245838.5,2239110,2225037,2203236,2175030.5,2142217.5,2107209.5,2072358,2039443.5,2007539.5,1975075.5,1943202,1912317,1883440.5,1859098,1838158,1821129,1811061,1808632,1813065,1823708.5,1834262,1837427.5,1832895.5,1822147,1806646,1788113,1768192,1747131.5,1725604,1704654.5,1684047.5,1663498.5,1642922.5,1622365,1602350.5,1583258.5,1565145,1547942,1531644.5,1516038,1500808,1485930,1471776,1458535.5,1446015,1434408,1423455,1412847.5,1402667,1392857.5,1383097.5,1373429.5,1363784,1353920.5,1343814,1333523,1322999,1312060,1300790.5,1289388.5,1277699.5,1265799.5,1253888,1241976.5,1229961,1217959.5,1206071,1194397,1183093,1172091,1161390.5,1151132,1141240,1131772.5,1122989,1114575.5,1106303.5,1098403
Comoros,Comoros,3,COM,174,COM,Sub-Saharan Africa,Sub-Saharan Africa,Eastern Africa,Least developed countries,"",SIDS,Eastern and Southern Africa,Programme countries,"","",Africa,Sub-Saharan Africa,Sub-Saharan Africa (excluding high-income),Middle income,Lower middle income,Low and middle income,Africa,Sub-Saharan Africa,Least developed countries,Excluding China,OIC,Arab,OIC Low income,"",Countdown,Eastern Africa,Africa,Eastern Africa,Fragile,Fragile,Fragile,Fragile,Fragile,Fragile,Other Fragile,Fragile,Fragile,Other fragile,Fragile and Conflict-affected Situation,Institutional and Social Fragility,"",Africa,Eastern Africa,"",Sub-Saharan Africa,"",Least developed countries,Small island developing States,"","",Sub-Saharan Africa,Sub-Saharan Africa,Eastern Africa,Sub-Saharan Africa (inc. Sudan),Least Developed Countries (LDCs),Small island developing States (SIDS),"","",Global Strategy,Non conflict,Sub-Saharan Africa,Eastern and Southern Africa,Sub-Saharan Africa,Eastern and Southern Africa,Lower middle income,Low and middle income,Sub-Saharan Africa,Eastern and Southern Africa,Lower middle income,Low and middle income,African Group,"",GAVI,Eastern and Southern Africa,Non-humanitarian,Non-high burden,Fragile,Eastern and Southern Africa,Eastern and Southern Africa,LiST,"",LiSTSBR,"","","","","","","","","","",ECA_Eastern Africa,ECA_All countries,"","","","","","","","","",ESCAP_Africa (AFR),ECA_African Union Commission,"",ECA_SADC,ECA_CEN-SAD,ECA_COMESA,ECA_Island economies,ECA_Small Island states,ECA_Non-Oil Producing,ECA_Least developed countries,"",ECA_Non-Oil LDCs,"",ECA_Sub-Saharan Africa,"","","",ESCWA_Arab countries,ESCWA_Arab LDCs subregion,"",ESCWA_Arab Middle-Income Countries (MICs),8107.5,8297.5,8468,8613.5,8717.5,8784,8823,8865.5,8934,8882.5,8684,8443.5,8145,7780,7417.5,7200.5,7253.5,7686,8452.5,9361.5,10229,11006.5,11696.5,12269.5,12751,13162,13605,14173,14884.5,15749.5,16796.5,17811.5,18659,19448,20153.5,20741.5,21219.5,21622,21982,22341.5,22722,23021,23151,23287,23615,24143.5,24853,25771,26901.5,28069,29061.5,29825.5,30422,31238.5,32491,33887,35225,36451,37534.5,38412.5,39040.5,39467,39748.5,39460.5,38980,39183.5,40070.5,41221,42067,42494,42804.5,43139.5,43474,43923.5,44709,45769.5,46867.5,47936.5,48932,49829,50617,51340,52056,52767.5,53462,54148.5,54790,55342.5,55829,56287,56700,57069,57417,57750,58074.5,58407.5,58762.5,59140.5,59552,59994.5,60462,60957,61467,61964.5,62446.5,62927,63395.5,63850.5,64300.5,64732,65129,65497.5,65833,66131.5,66397,66627.5,66826.5,66984.5,67096,67170.5,67218,67256.5,67288.5,67313.5,67340,67368.5,67395,67417.5,67428.5,67427.5,67418.5,67400.5,67379,67365.5,67353.5,67327,67285,67230,67173.5,67124.5,67072,67006.5,66935.5,66851.5,66736.5,66605.5,66461.5,66292.5,66104,65899.5,7256.5,7415.5,7531.5,7616,7676,7718,7750,7816.5,7921.5,8024.5,8093,8094,8022.5,7885.5,7695.5,7452,7162,6845.5,6513,6245.5,6213.5,6427.5,6827.5,7433,8166.5,8858,9495.5,10116,10702.5,11298.5,11949,12599.5,13252.5,13981,14757.5,15560.5,16355,17098,17767,18348,18805.5,19074,18963,18590,18264,18046,17968.5,18056,18345.5,18955,19810,20725.5,21647.5,22520.5,23513,24619,25668.5,26714.5,27810,28964.5,30132,31265,32321.5,32858,32557.5,31657.5,30520,30427.5,31622,33185.5,34989,36808,38319.5,39368,40085,40657,41169,41754.5,42526.5,43481,44535,45627,46691,47684,48573.5,49353.5,50078.5,50794,51499,52191.5,52877.5,53513.5,54058.5,54545,55011.5,55429.5,55795,56135,56469,56796.5,57132,57496,57886.5,58298,58729.5,59188.5,59670.5,60164.5,60649,61124,61601.5,62069,62516.5,62957,63385.5,63781.5,64151,64496,64804,65069.5,65292.5,65490,65651.5,65764,65841,65897.5,65947,65979.5,66001,66020,66038,66059,66086,66114,66131,66129.5,66118.5,66101,66087,66082,66068,66035,65985.5,65930.5,65885,65845.5,65789,65725.5,65650,65539
Congo,Congo,42,COG,178,CBR,Sub-Saharan Africa,Sub-Saharan Africa,Central Africa,"","","",West and Central Africa,Programme countries,"","",Africa,Sub-Saharan Africa,Sub-Saharan Africa (excluding high-income),Middle income,Lower middle income,Low and middle income,Africa,Sub-Saharan Africa,Excluding least developed countries,Excluding China,"","","","",Countdown,Central Africa,Africa,Central Africa,Fragile,Fragile,Non-fragile,Fragile,Fragile,Fragile,Other Fragile,Fragile,Fragile,Extremely fragile,Fragile and Conflict-affected Situation,Institutional and Social Fragility,"",Africa,Middle Africa,"",Sub-Saharan Africa,"","","","","",Sub-Saharan Africa,Sub-Saharan Africa,Middle Africa,Sub-Saharan Africa (inc. Sudan),"","",HAC,HAC,"",Non conflict,Sub-Saharan Africa,West and Central Africa,Sub-Saharan Africa,West and Central Africa,Lower middle income,Low and middle income,Sub-Saharan Africa,West and Central Africa,Lower middle income,Low and middle income,African Group,Economic Community of Central African States,GAVI,West and Central Africa,Non-humanitarian,Non-high burden,Fragile,West and Central Africa,West and Central Africa,LiST,"",LiSTSBR,"","","","","","","","","","",ECA_Central Africa,ECA_All countries,"","","","","","","","","",ESCAP_Africa (AFR),ECA_African Union Commission,ECA_ECCAS,"","","","","",ECA_Oil producing economies,"","","","",ECA_Sub-Saharan Africa,"","","","","","","",40929,41661,42438,43251.5,44077.5,44917,45778.5,46667.5,47619.5,48683,49870,51134.5,52380.5,53976.5,55954.5,58197.5,60803,63632,66310,68791.5,71206.5,73505.5,75886.5,78369,80952,83319,85563,88035.5,90720.5,93653.5,96838,100179.5,103493.5,106707.5,110134.5,113565,116748,120223,123900.5,127568.5,131701.5,136337.5,140948.5,145618.5,149840,153225,156417,158477.5,160826.5,164990,171613.5,177726,181115.5,185731,191360,196924.5,202659,208088,212569.5,218745.5,225183,229396.5,232989.5,236075,239465.5,243402,248883,256187,264779,274832.5,286373.5,298356,310473,324044.5,338901,355116.5,371971,387523.5,400355,409622,415016.5,417508.5,419007.5,420450.5,422445.5,425194.5,428916,433389.5,438463,444415.5,451048,458090.5,465700.5,473919.5,482585.5,491729.5,501321.5,511168.5,521020,530478,539418,547952.5,556123.5,563975.5,571641.5,579039,586095.5,592733,598852.5,604468,609712,614661,619351.5,623778.5,627935,632041,636210.5,640365,644523,648881.5,653241.5,657496.5,661857,666327,670786.5,675237.5,679724.5,684232,688908.5,693747.5,698626,703360.5,707934,712287,716172.5,719494,722383.5,724858,726942.5,728757,730483,732209,733854.5,735374,736630,737672.5,738654,739766.5,740985,742203,36129.5,36726,37362,38034.5,38734.5,39454.5,40205,40999.5,41830.5,42676,43537,44419,45327,46296.5,47373,48568.5,49839,51087,52676.5,54643,56869,59449.5,62248.5,64895,67334,69124,70307,71801,73718,76026.5,78621.5,81411,84283,87236.5,90519.5,94116.5,97753.5,101307,104779,108375.5,111773,114938,118389.5,122409,126430.5,130590,135179,137652.5,140244.5,144491.5,151723.5,158614,160711,163892,169542,176131.5,182949,189337,194253,201411,208563.5,211805.5,213268,213499,214445,216296,219048,222778,227118.5,231702,236731,243124,251202,260467.5,270786,282136.5,293746,305453,318601,333202,349319,366174.5,381777,394631.5,403909,409259,411657.5,413056,414418,416339,419043.5,422851,427413,432497,438381.5,444884.5,451791.5,459320.5,467468,475997.5,485047.5,494574,504315.5,514067.5,523524,532347.5,540661,548655.5,556363.5,563968,571426,578612.5,585500,591804.5,597309.5,602345.5,607143.5,611506.5,615544.5,619623.5,623675.5,627682,631787,635956.5,640147,644339,648395,652463,656844,661291.5,665765.5,670294,674987.5,679895,684853,689722,694467.5,699118.5,703558,707466,710734,713607.5,716023.5,717954.5,719555,721147.5,722790,724375.5,725944,727274.5
Congo DR,Democratic Republic of the Congo,28,COD,180,ZAI,Sub-Saharan Africa,Sub-Saharan Africa,Eastern Africa,Least developed countries,"","",West and Central Africa,Programme countries,"","",Africa,Sub-Saharan Africa,Sub-Saharan Africa (excluding high-income),Low income,Low income,Low and middle income,Africa,Sub-Saharan Africa,Least developed countries,Excluding China,"","","","",Countdown,Eastern Africa,Africa,Central Africa,Fragile,Fragile,Fragile,Fragile,Fragile,Fragile,Extremely Fragile,Fragile,Fragile,Extremely fragile,Fragile and Conflict-affected Situation,Conflict,USAID,Africa,Middle Africa,"",Sub-Saharan Africa,"",Least developed countries,"","","",Sub-Saharan Africa,Sub-Saharan Africa,Middle Africa,Sub-Saharan Africa (inc. Sudan),Least Developed Countries (LDCs),"","","",Global Strategy,Conflict,Sub-Saharan Africa,West and Central Africa,Sub-Saharan Africa,West and Central Africa,Low income,Low and middle income,Sub-Saharan Africa,West and Central Africa,Low income,Low and middle income,African Group,Economic Community of Central African States,GAVI,West and Central Africa,Humanitarian,High burden,Fragile,West and Central Africa,West and Central Africa,LiST,"",LiSTSBR,"","","","","","","","","","",ECA_Eastern Africa,ECA_All countries,"","","","","","","","","",ESCAP_Africa (AFR),ECA_African Union Commission,ECA_ECCAS,ECA_SADC,ECA_EAC,ECA_COMESA,"","",ECA_Oil producing economies,ECA_Least developed countries,ECA_Mineral-rich countries,"",ECA_Oil LDCs,ECA_Sub-Saharan Africa,"","","","","","","",597726.5,614207.5,631403.5,648748,666186.5,684120,702484,721318,740631,762009.5,786411,811903,836599,857371,871308.5,881431.5,891973,904149.5,920594.5,943346,969830.5,996087.5,1022742,1051475,1081799.5,1114221,1148549,1184669,1230726,1283504,1331059,1376821,1425937.5,1478762.5,1534279.5,1588448.5,1638514,1687644.5,1737035.5,1785412,1836963,1888533,1941523.5,1999225.5,2086800.5,2163514.5,2190908,2225989.5,2305340.5,2407938.5,2508742,2613355.5,2718114.5,2820219,2922093.5,3024343,3125513,3226307.5,3331994,3449234.5,3593361,3754990.5,3904938,4039376.5,4168626,4286789,4409016.5,4549796,4690296.5,4825493,4963410.5,5115958.5,5285761.5,5474311.5,5679749,5896690,6121126,6354402,6594355,6837105.5,7082708.5,7328107,7579291.5,7843347.5,8112456.5,8382047.5,8654029.5,8921972.5,9180907,9435442.5,9686463,9927272.5,10152701,10366272,10570413,10766393,10959583,11146842.5,11324191.5,11495978.5,11659047.5,11813496,11961949,12107453,12256320,12413111.5,12577278.5,12751312,12934422,13117954.5,13299899.5,13480581,13659393.5,13833913,14003984,14169712,14329641,14483530.5,14629894,14765838.5,14892516.5,15009125,15115054,15215047.5,15313366.5,15408580,15499468,15586290,15665839.5,15735277.5,15796979,15855336,15912473.5,15968481.5,16024199.5,16077984,16128824.5,16176408.5,16220999,16262362,16302002,16341184.5,16380074,16418042.5,16455339.5,16491819,16524300.5,16554211,16584916,16615742,503183.5,517262,531631,545615,559596,574239.5,589588,605771.5,621640.5,638402.5,657881.5,678499.5,699521.5,721600,744769.5,769715.5,796445.5,823083.5,845688,860759.5,870695.5,877822.5,884643,896568,915489,938543,961761.5,985285,1023980,1073367,1114003.5,1150206,1189743,1234556.5,1285091.5,1335601,1381836,1429201.5,1478950,1527911,1582529,1636662,1691232,1751627,1856055,1933023,1912365.5,1881684,1903947.5,1962025.5,2025285,2097859.5,2174008.5,2252980,2339477.5,2436181.5,2536599,2635073.5,2732331.5,2830600.5,2930266.5,3034828,3144298,3262762.5,3389103,3531672.5,3707066.5,3877708,4003280,4109075,4213982.5,4316470,4434165.5,4572484.5,4711437,4845047.5,4989873,5152048.5,5331923,5531183,5743958.5,5964224,6193337.5,6429175,6667847,6909468.5,7150925,7398019,7657957,7922940.5,8188123,8455768.5,8719837,8974929.5,9225765,9473348,9710884,9933100.5,10143486.5,10344461.5,10537486.5,10728065.5,10912829,11087794.5,11257505,11418522,11570824,11717343,11861107.5,12008247.5,12163286.5,12325695,12497631.5,12678389,12859487.5,13039045,13217469.5,13393952,13566414,13734746,13899030.5,14057051,14208934,14353465,14487901.5,14613395,14729322.5,14834870.5,14934157.5,15031291.5,15125059,15214707.5,15300451.5,15379747,15449516.5,15511276.5,15569715,15627214,15683062,15738812,15793186.5,15844486,15891990.5,15936727.5,15978889,16019283.5,16058633.5,16097536,16136078.5,16173933.5
Cook Islands,Cook Islands,75,COK,184,COK,Oceania,Oceania,"","","",SIDS,East Asia and Pacific,Programme countries,"","",Western Pacific,"","","","","",Oceania,"",Excluding least developed countries,Excluding China,"","","","","","","","","","","","","",Non-fragile,"",Non-fragile,Non-fragile,"","","","",Oceania,Polynesia,"",Oceania,Oceania (exc. Australia and New Zealand),"",Small island developing States,South-Eastern Asia and Oceania (exc. Australia and New Zealand),"",Oceania (exc. Australia and New Zealand),Oceania,Polynesia,Oceania,"",Small island developing States (SIDS),"","","",Non conflict,East Asia and Pacific,"","","","","","","","","","","","",East Asia and the Pacific,Non-humanitarian,Non-high burden,"","","","","","",EAPR Program Countries,EAPR Program Countries (excluding China),Pacific Program Countries,Pacific Program Countries (excluding PNG),EAPR Countries,EAPR Countries (excluding China),Pacific Countries,Pacific Countries (excluding PNG),"","","","","","","","",ESCAP_Pacific island developing economies (PIDE),"","","",ESCAP_PACIFIC (PAC),ESCAP_All countries,"","","","","","","","","","","","","",ESCAP_Countries with Special Needs,ESCAP_Small Islands Developing States,"","","","","",764.5,817.5,876.5,930.5,972,998,1005.5,983.5,942.5,905,884,880.5,878,878,894.5,924,957.5,983.5,1000.5,1021,1050,1084,1086,1057,1041,1041.5,1058.5,1105,1162.5,1213.5,1261,1287,1281,1261,1239,1216.5,1204.5,1188.5,1159.5,1129.5,1105,1082,1042.5,984,929,889.5,869,843.5,800,756.5,725.5,716,722.5,738,758.5,783,808.5,817.5,804.5,788,776,767,752,728,703,681,663.5,642.5,617,595,583.5,585,591.5,599,613,631,647,656.5,653,642.5,624.5,598,571,543,513,481,448.5,414,376.5,338,302,270,243.5,225,212.5,206,203.5,204,207,213,222.5,234,246,259.5,275,289.5,302,313,322,328,329.5,328,325,319.5,311,300,288.5,277,264.5,250.5,236.5,223.5,211,200.5,192,185.5,182,181,181,181.5,184.5,189.5,195,201.5,208,214.5,221,227,232,236,238.5,239.5,239.5,238,235.5,232,227,221,215,208.5,605,618.5,636.5,658.5,687,720,754,779.5,790.5,791,781,761.5,734,697.5,650.5,604.5,584,606,650,689,718,737.5,737,710.5,666.5,604.5,536.5,528,578,629.5,675.5,718,770.5,823,861.5,880,879,894.5,921.5,926,909.5,887.5,884,890.5,880,850,805,750.5,689,628.5,570,512,494.5,512,521,523,529,561.5,610,639.5,647,638,630.5,631,628,615,591.5,562.5,530,496,460,424.5,397,377.5,370.5,383.5,407,435,469,503,534.5,563,582.5,589,586,573,551.5,528,503,476.5,447,417,387,353.5,317.5,283,252.5,226.5,209,199,192.5,190.5,192,196,203.5,213,224.5,238.5,253,268,282.5,295.5,307.5,317,322,323.5,323,320,314.5,306.5,296,284.5,272.5,259.5,246,232,219,207.5,197.5,189.5,183,178.5,176.5,177,179.5,183,188,193.5,199,205.5,212.5,219,225,230,234,237,238.5,239,237.5,234.5
Costa Rica,Costa Rica,115,CRI,188,CTR,Latin America and the Caribbean,Latin America and the Caribbean,"","",Latin America,"",Latin America and Caribbean,Programme countries,"","",Americas,Latin America and the Caribbean,Latin America and the Caribbean (excluding high-income),Middle income,Upper middle income,Low and middle income,Latin America and the Caribbean,"",Excluding least developed countries,Excluding China,"","","","","","","","",Non-fragile,Non-fragile,Non-fragile,Non-fragile,Non-fragile,Non-fragile,"",Non-fragile,Non-fragile,"",non-FCS,"","",Americas,Latin America and the Caribbean,Central America,Latin America and the Caribbean,"","","","","",Latin America and the Caribbean,Latin America and the Caribbean,Central America,Latin America and the Caribbean,"","","","","",Non conflict,Latin America and Caribbean,"","","","","",Latin America and Caribbean,"",Upper middle income,Low and middle income,Latin American and Caribbean Group (GRULAC),"","",Latin America and Caribbean,Non-humanitarian,Non-high burden,"",Latin America and the Caribbean,Latin America and Caribbean,LiST,"",LiSTSBR,"","","","","","","","","","","",ECLAC_All countries,"","","",ECLAC_Latin America,"","","","","",ESCAP_Latin America (LAC),"","","","","","","","","","","","","","","","","","","","",47168,48626,50322.5,52184.5,54009,55769,57509.5,59194.5,60941.5,62960.5,65346,68128.5,71239,74713,78430.5,82115.5,85794.5,89583,93404,97306,101468,105795,110287.5,115023,119966.5,125006,129940.5,134485.5,138367.5,141435.5,143630.5,144969,145529,145193,144371,143554.5,142774.5,142241,142399.5,143366,145141,147981.5,151879,156728,162325.5,168232,174158.5,180098,185977.5,191650.5,197203,202431,206801.5,210135.5,212289.5,213251,213255.5,212694.5,211884.5,210993.5,210023,208899.5,207574.5,206173,204983,203925.5,202610,200388,197107,193145.5,189402,185991,183771,183775,184770.5,184468.5,184000.5,184215.5,182776.5,180630.5,179924,179208.5,177278,175726.5,173325,168011.5,160647.5,152841.5,145076,138189,133571,131192.5,129814.5,128588.5,127492,126592.5,125841,125203,124667,124182.5,123701,123218,122707,122147.5,121536,120857,120097.5,119244,118298.5,117273,116160.5,114943,113614.5,112179,110650.5,109043,107364.5,105643,103872.5,102078,100316.5,98597.5,96943,95387.5,93930.5,92577,91353,90267,89321,88511.5,87817.5,87225.5,86714,86243.5,85792.5,85359,84914,84426.5,83907,83352.5,82758.5,82142.5,81495,80796,80042,79230.5,78354,77427.5,76483.5,75536,40688,41970.5,43160,44266,45433,46753.5,48245,49980.5,51880.5,53734,55507.5,57248.5,58924,60655,62654.5,65024,67792,70888,74345,78043,81705,85355.5,89117.5,92916,96810.5,100981.5,105326.5,109842,114597.5,119557,124613.5,129572,134149.5,138068.5,141173.5,143399,144755.5,145325.5,145007,144243.5,143647,143289,143298.5,144055.5,145602.5,147853.5,151035,155139.5,160043,165527,171081,176462,181808,187128.5,192338,197580,202625,206857.5,210072,212121,212963,212826,212173,211325.5,210405,209415,208289.5,206929,205468,204258.5,203186,201857.5,199618,196328.5,192370,188625.5,185229.5,183022.5,183040.5,184059,183790.5,183355.5,183601,182200,180095.5,179420.5,178733,176833.5,175311.5,172941,167664.5,160349,152593.5,144872,138026.5,133442.5,131086,129727,128520.5,127442,126560.5,125825,125196.5,124666,124186,123710,123233,122731,122184,121584,120911.5,120156,119313.5,118374,117352.5,116249,115038.5,113721,112301,110778,109171.5,107499,105779,104008,102218,100465,98754,97102.5,95548.5,94095.5,92746,91526,90447,89508.5,88702.5,88009.5,87417.5,86905.5,86436,85986,85550.5,85100.5,84606.5,84082.5,83526.5,82930.5,82316.5,81676,80982,80231.5
Croatia,Croatia,150,HRV,191,CRO,"","","","","","",Europe and Central Asia,Programme countries,"","",Europe,Europe and Central Asia,"",High income,High income,"",Europe,"","","","","","","","","","","",Non-fragile,Non-fragile,Non-fragile,Non-fragile,"",Non-fragile,"","",Non-fragile,"",non-FCS,"","",Europe,Southern Europe,"",Europe and Northern America,Europe,"","","Europe, Northern America, Australia and New Zealand","Australia and New Zealand, Central Asia, Europe and North America",Europe and Northern America,Europe,Southern Europe,"","","","","","",Non conflict,Europe and Central Asia,Eastern Europe and Central Asia,"","","","","","","","",Eastern European Group,"","",High Income Countries,Non-humanitarian,Non-high burden,"","","","","","","","","","","","","","","",EECA,"",ECE_All countries,ECE_European Union (E25),ECE_West Balkans (ST7),"","","","","","","",ESCAP_Europe (Europe),"","","","","","","","","","","","","","","","","","","","",197779,195438,192083.5,188374,184297.5,179857.5,175412.5,170822.5,165867.5,160757,156301,153867,155140,160929.5,169930,179782.5,188699.5,195266,199014,200834.5,201289.5,200176.5,197992.5,195290.5,192117.5,188788.5,185614,182638.5,179676,176615,174046.5,172519.5,171545.5,170484.5,169143,167158.5,165343.5,164833,165296.5,166518.5,168259,167944,165250,162738.5,160944,159476.5,157779.5,155411.5,152383.5,149083.5,145161.5,141965,139883.5,138027.5,135705,133067.5,131729.5,130300,128269,126631,125456.5,124431,124332,124365,123016,120295,115461.5,109274.5,104109,101225.5,100248,100548,101796,103858,105655,106287.5,106102.5,105813,104720,102359.5,99279,96186.5,93235.5,90670,88723.5,87279,87042.5,87012.5,85964.5,84524.5,83242,81257,79185.5,78132.5,77491,76911.5,76418,75972.5,75536.5,75124.5,74750,74411.5,74107,73853,73619.5,73350.5,73042,72704.5,72299,71793,71188.5,70482.5,69686,68799.5,67847,66857,65828,64793.5,63784.5,62813.5,61900.5,61044.5,60209.5,59412.5,58689.5,58023,57393,56817,56308,55847,55430.5,55058,54703,54368,54055,53751,53464.5,53195.5,52917,52618,52311,51981,51610.5,51207,50766,50287,49785,49260.5,48708,48143.5,174921,183597.5,190399.5,194619,195497.5,193728.5,190698,186993.5,183275,179757,176349.5,173135,169627,165024,159705,155177.5,153025,154729,161083.5,170803,181435,190549.5,196392.5,199212,200426,200880,200761,199920,198147.5,195611,192601,189197.5,185748.5,182546,179464,177271.5,176276,175531.5,174526,173280,171242,167648,163450.5,159936.5,157335.5,155520.5,153358.5,150864.5,148992.5,147696.5,146727.5,146896.5,147651,147688.5,147624,146837,145130.5,143303,141504,138779,135392,132502.5,129546,126518.5,123688.5,120639,117626,115078.5,112898.5,111289.5,109799.5,107105.5,104286.5,102632.5,101233,100381,100536,101107.5,102264.5,103788.5,104575,104464,104209.5,103168.5,100873,97894,94921.5,92033,89473,87531.5,86080.5,85814,85766.5,84717.5,83260,81959,79990.5,77936.5,76890,76271.5,75713.5,75235,74826.5,74429.5,74045,73695,73355.5,73043,72786.5,72545.5,72265,71950.5,71609,71202.5,70728.5,70168.5,69489.5,68717,67849,66907.5,65960,64987,63973,62976.5,62022.5,61091.5,60200,59342,58529,57794.5,57129,56517,55960,55465.5,55013.5,54606.5,54252.5,53925.5,53606.5,53301,53022.5,52758,52493,52222.5,51927.5,51608,51263,50893,50498.5,50068.5
Cuba,Cuba,112,CUB,192,CBA,Latin America and the Caribbean,Latin America and the Caribbean,"","",Caribbean,SIDS,Latin America and Caribbean,Programme countries,"","",Americas,Latin America and the Caribbean,Latin America and the Caribbean (excluding high-income),Middle income,Upper middle income,Low and middle income,Latin America and the Caribbean,"",Excluding least developed countries,Excluding China,"","","","","","","","",Non-fragile,Non-fragile,Non-fragile,Non-fragile,Non-fragile,Non-fragile,"",Non-fragile,Non-fragile,"",non-FCS,"","",Americas,Latin America and the Caribbean,Caribbean,Latin America and the Caribbean,"","",Small island developing States,"","",Latin America and the Caribbean,Latin America and the Caribbean,Caribbean,Latin America and the Caribbean,"",Small island developing States (SIDS),"","","",Non conflict,Latin America and Caribbean,"","","","","",Latin America and Caribbean,"",Upper middle income,Low and middle income,Latin American and Caribbean Group (GRULAC),"",GAVI,Latin America and Caribbean,Non-humanitarian,Non-high burden,"",Latin America and the Caribbean,Latin America and Caribbean,LiST,"",LiSTSBR,"","","","","","","","","","","",ECLAC_All countries,"","","",ECLAC_Latin America,"","","","","",ESCAP_Latin America (LAC),"","","","","","","","","","","","","","","","","","","","",287447,295289,304287.5,313787,322589.5,330194.5,336621,341815,346140,350147,353989.5,357467,360479,363578.5,368314,374967,381817.5,388734.5,396193,402968.5,408944.5,414777.5,419936,424415.5,430142,439743.5,455282,477878.5,506727,538291.5,568291,592794.5,608627,615704,616589,614102,610314.5,605350.5,596999,582553.5,560416.5,530555,495200.5,458312,423146.5,392837,369379.5,357481.5,358831,368567.5,383359.5,399392.5,412325,421919.5,430453,436927.5,439917.5,438162,429120,413152,395291.5,380354.5,370008,364726,363828.5,364439,363519,360204,354394,345604.5,334215,321619,309545,300680.5,297379,299582,305665.5,311906.5,315466,315766.5,313777.5,308965,302064.5,295816.5,289151.5,280296.5,270316.5,260702.5,251051,242524,236166.5,232049.5,229528,227151,224720,222529,220510.5,218662,216893.5,215140.5,213404.5,211604.5,209661,207567,205288,202761,200004,197104,194154.5,191223,188346,185567.5,182868.5,180212.5,177574.5,174963.5,172420,169950,167518.5,165128,162848,160688,158627.5,156652.5,154759.5,152945,151230.5,149608,148093.5,146679.5,145276.5,143872,142454,140983,139478.5,137988,136495.5,135000,133533.5,132066.5,130577.5,129062,127517.5,125959,124417,122884,121360,119869.5,118405.5,116969,254169.5,259450,264479,269604,275520,282335,290039,298802.5,307998,316383.5,323352.5,328839.5,332856,335910,338713.5,341573,344363,346958.5,349835.5,354486.5,361181.5,368427.5,375715,382637.5,387737,390670.5,392304,393040.5,393863,397303,406360.5,425888,455751,490643,526349.5,558465,583395.5,599173,606355,607433.5,605119,601301,596124.5,587501.5,571599,547317,516252.5,480211,443073.5,409476.5,381962.5,361520,351176.5,352426.5,362020,376585,392553.5,405221.5,415524.5,426311.5,434101,437621.5,435116,423075.5,403623.5,383302,367133,356814,352608.5,352690.5,354344,354525,351706.5,345853.5,337295.5,326079.5,313369.5,301555.5,293237.5,290261,292635,298915.5,305350,309090.5,309587.5,307808.5,303206,296499.5,290454.5,283999.5,275343.5,265563,256159.5,246709,238377.5,232226,228294.5,225942,223744.5,221482.5,219444,217580,215861,214188.5,212504,210815,209045.5,207139,205101.5,202884,200410,197702.5,194843,191920.5,189010.5,186151.5,183396,180730,178111.5,175509.5,172932.5,170428,167995,165592,163231,160985.5,158858.5,156818.5,154864.5,152998.5,151209,149518,147923.5,146443.5,145065,143686,142295,140897.5,139453,137967,136491.5,135023,133548,132091,130643,129177,127678.5,126153.5,124614.5,123087
Cyprus,Cyprus,157,CYP,196,CYP,"","","","","","",Non-programme countries,"","","",Europe,Europe and Central Asia,"",High income,High income,"",Asia,"",Excluding least developed countries,Excluding China,"","","","","","","","","","","","","",Non-fragile,"","",Non-fragile,"",non-FCS,"","",Asia,Western Asia,"",Northern Africa and Western Asia,Western Asia,"","","","",Northern Africa and Western Asia,Asia,Western Asia,"","","","","","","",Europe and Central Asia,Western Europe,"","","","","","","","",Asia-Pacific Group,"","",High Income Countries,Non-humanitarian,Non-high burden,"","","","","","","","","","","","","","","","","",ECE_All countries,ECE_European Union (E25),ECE_Euro area (EMU),"","","","","","","",ESCAP_Europe (Europe),"","","","","","","","","","","","","","","","","","","","",22989.5,23249.5,23668.5,24185.5,24651,24959.5,24980,24681.5,24240,23929,24108.5,25153,26961,28970.5,30696.5,31849.5,32365,32431,32410,32599.5,33117.5,33915.5,34806.5,35481.5,35497,35262,35524.5,35956,36039,35593.5,34564.5,33058.5,31600.5,30967.5,31221,31945,32857.5,33645.5,34027,33882.5,33281,32415,31691,31996,33550,35736.5,38075,40107.5,41525.5,42232.5,42296,42020,42299,43493,45152,46944.5,48483,49368,49331.5,48320.5,46472,44121.5,41827.5,39916,38351,37081.5,36058.5,35243,34623.5,34201,33961.5,33886.5,33957,34161.5,34546,35090.5,35705.5,36445,37110.5,37621,38146.5,38729.5,39190,39594,40081,40527.5,40923,41294,41647,41849.5,41759,41317,40653.5,39887,39064,38257.5,37499,36777,36108,35495.5,34935,34438.5,34005,33635.5,33349,33151.5,33030,32965.5,32952,32990.5,33070,33183,33312.5,33455.5,33613.5,33773.5,33933,34079.5,34199.5,34294,34360.5,34381.5,34343,34248.5,34107,33917.5,33685,33408.5,33093,32748.5,32378,31997,31622.5,31257.5,30900.5,30562,30249,29971,29730.5,29520.5,29349,29218,29116,29047.5,29009.5,28980.5,28963,28965,28973.5,28985,20052.5,20310,20473,20557.5,20629,20767,21098.5,21687.5,22431,23149.5,23636.5,23573.5,23039,22541.5,22457.5,23044.5,24333,26006,27588,28733.5,29334.5,29507,29547.5,29880.5,29922.5,30110,31278,32695.5,34057.5,35395,36691,37776.5,38146.5,37496,36311.5,35185,34432.5,34271,34768.5,35800.5,37093,38309.5,38935,38400.5,37237.5,36435,36389,37335.5,39248.5,41818.5,44572,46792,47689.5,47788.5,48095,48860,50214.5,52142.5,54451.5,56805.5,58792.5,59409,58444,56595.5,54145,51408,48701.5,46284.5,44248.5,42559,41159,39997,39047,38306.5,37942.5,37960.5,38159.5,38483,38871.5,39287,39779,40350,41048.5,41683.5,42169.5,42666,43228.5,43665.5,44036.5,44494,44905.5,45254.5,45571,45868,46017.5,45884,45410.5,44724,43938,43093,42265.5,41491,40730,40004,39348.5,38764.5,38264,37843,37486,37215,37033,36914,36826.5,36777.5,36786,36836.5,36925,37030,37141.5,37267,37401.5,37542,37661.5,37748.5,37814.5,37853,37857.5,37807.5,37701,37546,37332,37065.5,36767.5,36441,36077.5,35684,35274,34876,34496.5,34123,33770,33449,33156.5,32904,32692,32501,32341,32216,32112.5,32033.5
Czech Republic,Czechia,162,CZE,203,CZE,"","","","","","",Non-programme countries,"","","",Europe,Europe and Central Asia,"",High income,High income,"",Europe,"","","","","","","","","","","","","","","","",Non-fragile,"","",Non-fragile,"",non-FCS,"","",Europe,Eastern Europe,"",Europe and Northern America,Europe,"","","Europe, Northern America, Australia and New Zealand","Australia and New Zealand, Central Asia, Europe and North America",Europe and Northern America,Europe,Eastern Europe,"","","","","","","",Europe and Central Asia,Western Europe,"","","","","","","","",Eastern European Group,"","",High Income Countries,Non-humanitarian,Non-high burden,"","","","","","","","","","","","","","","","","",ECE_All countries,ECE_European Union (E25),"","","","","","","","",ESCAP_Europe (Europe),"","","","","","","","","","","","","","","","","","","","",314554.5,300185,288851.5,281360,279503,285281,296701,310951,330168.5,351139,367003.5,385206,409316,427223,436798.5,446121.5,449986,444589.5,437640,432632,427601.5,420306.5,410845.5,398542,382250,364333.5,348220.5,335983,332306,339241,349021.5,355136.5,358344,357261,352667,350930.5,355354,365620.5,383502.5,407284.5,430665,449111,460909.5,463936,457942.5,443970,425218,405686.5,386207,368076.5,354969,348710.5,345973.5,344502,342679,340400.5,338267,334573,328846.5,320002,305748.5,287327,270095,255418.5,244105.5,239200,238892,240354.5,242314,245438,249818,255432.5,271921,288778.5,295476.5,299896,301880,300817.5,296029,290920.5,287537.5,287233.5,289856.5,292905.5,294965,294885,294296,290461,280459.5,268059,256105,243318.5,232547.5,227487.5,225085,223181.5,221772.5,221017.5,221118,222027,223603,225764.5,228419,231364,234425.5,237498.5,240415,242987,245159.5,246908.5,248172,248915,249114,248717.5,247715,246122.5,243934,241233,238143.5,234743,231111.5,227388.5,223722.5,220216,216953.5,214036.5,211538.5,209476.5,207868,206741,206113.5,205973.5,206245.5,206857.5,207724.5,208721.5,209748,210773,211754.5,212611.5,213274.5,213739,213936,213823,213475.5,212898.5,212059.5,210997.5,209748.5,208265,355463,349327,341118.5,333599,324710.5,312722.5,299906.5,289809.5,283125.5,281602.5,287329,297953,310794.5,328437.5,348358.5,363151.5,380455,404451,422716.5,432223.5,441182.5,445171.5,440101.5,433541,428908.5,424443,417449,408182,396046.5,379854.5,362106.5,346151,333961.5,330554.5,337647.5,347373.5,353606,357125.5,355980.5,350982.5,349265,353697.5,364078,382213.5,405999,429166.5,447644.5,459619.5,462618,456628.5,442908.5,425303.5,408068,391256,375863.5,365589,361098,358327,356081.5,353019,348713.5,344964.5,340450.5,334622.5,326615,313612.5,296292.5,279344.5,264268.5,252274.5,246529.5,245427.5,260782.5,274695,272928,271748,276308,287985,301399.5,313771,322928,327260.5,326129.5,321280,316126.5,312689,312324.5,314859,317812.5,319789.5,319633.5,318958,315041.5,304988,292541.5,280530,267662.5,256811.5,251671,249198.5,247218,245736.5,244933.5,244980,245810.5,247314,249411,251974,254839.5,257855.5,260873.5,263699,266159.5,268191,269778.5,270859,271426,271499,271007.5,269908,268215.5,265929.5,263110.5,259900,256396,252671,248870,245143.5,241563.5,238205,235192.5,232608.5,230472,228827.5,227692,227049.5,226863,227072,227644,228474.5,229413,230398.5,231393,232314,233099,233703,234094.5,234233,234093.5,233716
Benin,Benin,23,BEN,204,BEN,Sub-Saharan Africa,Sub-Saharan Africa,West Africa,Least developed countries,"","",West and Central Africa,Programme countries,"","",Africa,Sub-Saharan Africa,Sub-Saharan Africa (excluding high-income),Middle income,Lower middle income,Low and middle income,Africa,Sub-Saharan Africa,Least developed countries,Excluding China,OIC,Africa,OIC Low income,"",Countdown,West Africa,Africa,Western Africa,Non-fragile,Non-fragile,Non-fragile,Non-fragile,Non-fragile,Non-fragile,"",Non-fragile,Fragile,Other fragile,non-FCS,"","",Africa,Western Africa,"",Sub-Saharan Africa,"",Least developed countries,"","","",Sub-Saharan Africa,Sub-Saharan Africa,Western Africa,Sub-Saharan Africa (inc. Sudan),Least Developed Countries (LDCs),"","","",Global Strategy,Non conflict,Sub-Saharan Africa,West and Central Africa,Sub-Saharan Africa,West and Central Africa,Lower middle income,Low and middle income,Sub-Saharan Africa,West and Central Africa,Lower middle income,Low and middle income,African Group,Economic Community of West African States,GAVI,West and Central Africa,Non-humanitarian,High burden,"",West and Central Africa,West and Central Africa,LiST,"",LiSTSBR,"","","","","","","","","","",ECA_West Africa,ECA_All countries,"","","","","","","","","",ESCAP_Africa (AFR),ECA_African Union Commission,ECA_ECOWAS,"",ECA_CEN-SAD,"","","",ECA_Non-Oil Producing,ECA_Least developed countries,ECA_Mineral-rich countries,ECA_Non-Oil LDCs,"",ECA_Sub-Saharan Africa,"","","","","","","",88998.5,90450,92003.5,93732,95781,98114,100634,103390.5,106335,109225.5,111907,114201,116841.5,120249,123435.5,126484.5,130031.5,133279.5,135897.5,139000,142719,146748.5,151222,156110.5,161403.5,167091.5,173349.5,180098,187049,194145,201303.5,208198,214748.5,221204,227679.5,234281,241149.5,248417,256018.5,263892,272082.5,280600.5,289486.5,302876,314149,321299,332439,346047.5,360642.5,375263,389315.5,402685.5,415889,429459,443017.5,456967,470653.5,483848.5,497675.5,514373.5,532245,548336,564284.5,580417,594499.5,607938.5,623252.5,639306,656325.5,674640.5,694147,715522,738110,759796.5,780063,799992.5,820052,841071,864398,889542.5,915221,940295,963218,982573,998043,1010340,1020692,1030639,1041640,1054148.5,1067943,1082163.5,1096098.5,1109381,1122404,1135415.5,1148245.5,1160718.5,1173706,1187596,1202087,1217093,1232340.5,1247218.5,1261302,1275222.5,1288617,1301634,1314524.5,1326925,1338092,1348566.5,1358308,1366584,1373835.5,1379912,1384818.5,1389378.5,1394263.5,1399359.5,1404633,1409626.5,1414323,1418950,1423489.5,1428247.5,1433452.5,1438961.5,1444324.5,1449798.5,1455613,1461476,1467383.5,1473328,1478736.5,1483372.5,1487433,1490944.5,1493725,1495424.5,1496124.5,1496098,1495602.5,1494870,1494446.5,1494227,1493752,1492813,1491304.5,1489479.5,78832.5,79444,80234.5,81195,82302,83574,84992.5,86509.5,88196,90191,92456,94896,97563,100416.5,103220,105830.5,108080.5,110677,114019,117144,120128.5,123582.5,126744.5,129308.5,132357,136025,140024,144479,149354.5,154636,160314.5,166552,173261.5,180153.5,187172,194246.5,201066,207573,214022.5,220577.5,227322.5,234333.5,241732,256686,267521,268944,273989.5,281542.5,290449,300539,312209,325356,339445.5,353954.5,368415,383099.5,396257,408339,421578,434900,448177.5,461728,475202.5,488593,504884.5,522508,538382,554184.5,570237.5,584153,597238.5,612087,627555.5,643906,660906.5,678469.5,698007,718935,739226,758703,778150.5,797695.5,818354.5,841316,866054,891392.5,916091.5,938517,957603.5,973002,985114.5,995312,1005222.5,1016045.5,1028118,1041698,1055793.5,1069362.5,1082334,1095221,1108125,1120876,1133398,1146257.5,1159964.5,1174423,1189137,1203999.5,1218626,1232486,1246191,1259410.5,1272342.5,1285226.5,1297724,1308989,1319352.5,1328789,1336754.5,1343919,1350153.5,1355175.5,1359914,1364943,1369933,1374764.5,1379299.5,1383791.5,1388295,1392747.5,1397503,1402771.5,1408529,1414213,1419668,1425455,1431298.5,1437072,1442974,1448453.5,1452977.5,1456820.5,1460308.5,1463069,1464943.5,1465949.5,1466061,1465349.5,1464351.5,1463831
Denmark,Denmark,172,DNK,208,DAN,"","","","","","",Non-programme countries,"","","",Europe,Europe and Central Asia,"",High income,High income,"",Europe,"","","","","","","","","","","","","","","","",Non-fragile,"","",Non-fragile,"",non-FCS,"","",Europe,Northern Europe,"",Europe and Northern America,Europe,"","","Europe, Northern America, Australia and New Zealand","Australia and New Zealand, Central Asia, Europe and North America",Europe and Northern America,Europe,Northern Europe,"","","","","","","",Europe and Central Asia,Western Europe,"","","","","","","","",Western European and Others Group (WEOG),"","",High Income Countries,Non-humanitarian,Non-high burden,"","","","","","","","","","","","","","","","","",ECE_All countries,ECE_European Union (E25),"","","","","","","","",ESCAP_Europe (Europe),"","","","","","","","","","","","","","","","","","","","",148040,148693.5,150325.5,152754,155420,158011,160737,165487.5,173056.5,182746.5,194692,207299,216566.5,220270,218577,212681,205003.5,197821.5,193355.5,191451.5,191361.5,191764,191855,191492.5,190747.5,189873.5,189396.5,190008.5,192568,197133,202287,207968.5,212151,211509,207069,201003,195046.5,190943.5,188628.5,187648,187824.5,185938.5,180782,175672,170740.5,164873.5,158887,153934,149302.5,145056.5,142800.5,143283,145552.5,149054.5,153864.5,158934,163642.5,168691,173734,177913.5,181391.5,183543.5,184037.5,183421,182058.5,180528.5,179481,178136,176776.5,175959.5,175123.5,175224,176775,178266.5,179397,180330.5,179113,176023.5,171910.5,167530,164145,163102,164075.5,165691.5,167832.5,169399.5,170415.5,170097.5,168390,166609.5,165256.5,163480.5,162414.5,162929,163446.5,163628.5,163630.5,163475,163219.5,162911,162572,162208.5,161823.5,161389,160895,160324,159673,158991.5,158302,157600.5,156900,156235,155631,155092.5,154614,154169.5,153783,153468,153198,152976,152807,152659.5,152495.5,152299.5,152057.5,151788.5,151520,151257,151016,150817,150626.5,150423.5,150197.5,149911,149575.5,149235,148884,148502,148110,147696.5,147268.5,146853,146464.5,146122.5,145822.5,145539,145273.5,145010,144736.5,144469,148889.5,146796,145029,144304.5,144225,144039.5,143728.5,144299,146637.5,150298.5,153370,156533,162276.5,170320,180284,192108.5,204530,214295,218068.5,217001,213988.5,207759,200070.5,196403.5,194474.5,192242,191418.5,191703,191244.5,190587.5,190158.5,189746,190142,192716,197575.5,203723,210945.5,215878.5,214850,209692.5,203307.5,197112,192952,191032.5,190335,190955,189580,184584,179578.5,174871,168790,162410.5,157522,153149,149323.5,147788,149085.5,152538.5,157763.5,163698.5,169204.5,174406.5,179935,185323.5,189914,194915,198863,200032.5,199289.5,196797.5,193410,191699.5,191248.5,189381,188232.5,188909,190357.5,192667.5,195024.5,196588.5,197062,195535.5,192223.5,187952.5,183506.5,180080.5,178992,179921.5,181517.5,183623,185147.5,186135.5,185787.5,184057.5,182263,180927,179161.5,178083.5,178594.5,179109,179263.5,179230.5,179063,178776.5,178432,178054.5,177643,177239.5,176832.5,176381.5,175822,175171,174470.5,173736,172974,172205.5,171504,170895.5,170367,169916.5,169510.5,169162,168879,168596,168337.5,168148.5,167949.5,167736,167549,167327.5,167068,166835.5,166587.5,166294.5,166034,165786,165517.5,165241,164944.5,164595,164210.5,163819.5,163409,162991,162544.5,162102,161693,161285.5,160906.5,160574.5
Dominica,Dominica,117,DMA,212,DOM,Latin America and the Caribbean,Latin America and the Caribbean,"","",Caribbean,SIDS,Latin America and Caribbean,Programme countries,"",Eastern Caribbean Area,Americas,Latin America and the Caribbean,Latin America and the Caribbean (excluding high-income),Middle income,Upper middle income,Low and middle income,Latin America and the Caribbean,"",Excluding least developed countries,Excluding China,"","","","","","","","",Non-fragile,Non-fragile,Non-fragile,Non-fragile,Non-fragile,Non-fragile,"",Non-fragile,Non-fragile,"",non-FCS,"","",Americas,Latin America and the Caribbean,Caribbean,Latin America and the Caribbean,"","",Small island developing States,"","",Latin America and the Caribbean,Latin America and the Caribbean,Caribbean,Latin America and the Caribbean,"",Small island developing States (SIDS),"","","",Non conflict,Latin America and Caribbean,"","","","","",Latin America and Caribbean,"",Upper middle income,Low and middle income,Latin American and Caribbean Group (GRULAC),"","",Latin America and Caribbean,Non-humanitarian,Non-high burden,"","","","","","","","","","","","","","","","","",ECLAC_All countries,"","","",ECLAC_Carribean,"","","","","",ESCAP_Latin America (LAC),"","","","","","","","","","","","","","","","","","","","",2137,2220,2294,2358.5,2413.5,2453,2474,2481,2481,2482,2506.5,2565,2641,2718.5,2785,2836,2870.5,2901,2948.5,3041,3203,3421,3658.5,3890,4095,4259,4383.5,4473,4535,4587.5,4648.5,4698,4715,4704.5,4656,4570.5,4470,4369,4260.5,4120,3919.5,3682.5,3443.5,3222,3065.5,2989,2967.5,2984.5,3031,3092.5,3153,3194.5,3192.5,3150,3093.5,3050.5,3047,3086.5,3145.5,3189.5,3188,3172.5,3092.5,3073,3062,2977.5,2780,2542.5,2446,2366.5,2288,2204,2151.5,2132.5,2114,2095,2085,2102,2117.5,2115.5,2095,2069,2031,1978,1929,1888,1855,1825,1808,1791,1775,1759,1743,1727.5,1714,1703,1694.5,1688.5,1684.5,1681.5,1678,1675,1672,1668.5,1665,1661.5,1658,1653,1647.5,1641.5,1633.5,1624,1612.5,1599.5,1585.5,1570.5,1555.5,1539.5,1523.5,1508.5,1493.5,1477.5,1461,1446,1433,1420.5,1408.5,1399,1390.5,1382,1375,1368,1361,1355,1349,1343.5,1337,1329.5,1322,1314,1305.5,1296.5,1287.5,1277,1265.5,1253.5,1242,1230.5,1218,1205.5,1587,1605.5,1651.5,1712.5,1774.5,1832,1883,1922.5,1950,1963.5,1959.5,1942.5,1923,1911.5,1915,1942,1996,2066,2139.5,2205.5,2278.5,2363.5,2447.5,2539.5,2655.5,2800,2968,3149.5,3329.5,3494.5,3634,3745.5,3819.5,3853.5,3862.5,3856.5,3835,3800,3746.5,3653.5,3539,3490.5,3517.5,3519,3439.5,3279,3072,2855.5,2656,2497.5,2388.5,2375,2474,2618.5,2750,2844.5,2884,2870,2829,2787.5,2767.5,2835,2927.5,3107,3267.5,3283.5,3110.5,2854.5,2711,2584,2495,2425,2345.5,2267,2212,2164,2112.5,2081,2070,2058,2045,2045,2077.5,2113,2130,2125.5,2111.5,2081,2033.5,1988,1949,1918,1887.5,1868.5,1850.5,1834,1817,1800.5,1785.5,1770,1757.5,1747.5,1738.5,1732.5,1727.5,1723.5,1720,1715.5,1711,1707,1702,1696,1691,1685,1677.5,1669,1658.5,1647,1633,1617.5,1601.5,1584.5,1567,1549.5,1533,1516.5,1500.5,1486.5,1472.5,1458.5,1446,1435.5,1425.5,1416.5,1408.5,1399.5,1391,1383,1375,1368,1360,1352.5,1347,1340.5,1332,1322,1313,1303,1290,1276
Dominican Republic,Dominican Republic,116,DOM,214,DMR,Latin America and the Caribbean,Latin America and the Caribbean,"","",Caribbean,SIDS,Latin America and Caribbean,Programme countries,"","",Americas,Latin America and the Caribbean,Latin America and the Caribbean (excluding high-income),Middle income,Upper middle income,Low and middle income,Latin America and the Caribbean,"",Excluding least developed countries,Excluding China,"","","","",Countdown,"","","",Non-fragile,Non-fragile,Non-fragile,Non-fragile,Non-fragile,Non-fragile,"",Non-fragile,Non-fragile,"",non-FCS,"","",Americas,Latin America and the Caribbean,Caribbean,Latin America and the Caribbean,"","",Small island developing States,"","",Latin America and the Caribbean,Latin America and the Caribbean,Caribbean,Latin America and the Caribbean,"",Small island developing States (SIDS),"","","",Non conflict,Latin America and Caribbean,"",Latin America and Caribbean,"",Upper middle income,Low and middle income,Latin America and Caribbean,"",Upper middle income,Low and middle income,Latin American and Caribbean Group (GRULAC),"","",Latin America and Caribbean,Non-humanitarian,Non-high burden,"",Latin America and the Caribbean,Latin America and Caribbean,LiST,"",LiSTSBR,"","","","","","","","","","","",ECLAC_All countries,"","","",ECLAC_Latin America,"","","","","",ESCAP_Latin America (LAC),"","","","","","","","","","","","","","","","","","","","",129018,133093.5,137388,141598,145216,148173.5,150565.5,152431.5,154260,156827,160723.5,166044,172836.5,181016,189647,198505.5,208171.5,218390,228918.5,240428.5,252494,264308.5,275951,287217,297985.5,308144.5,317649,326490.5,334659,342145,348917.5,355222.5,361057.5,366137.5,370781.5,375545.5,380479,385870.5,392327,399337.5,406143,412563,418462.5,423665,428711.5,434002,439044,443729,448834,454199.5,458741,462865.5,467360,472227,478038.5,485163.5,492629.5,499584,505417,509354.5,511540.5,512656,511940.5,508844,505719.5,504856.5,505256.5,506266,508193.5,508757,506362,501909,497291.5,495079.5,496632.5,501064.5,507090.5,512984.5,516496.5,516938,515433.5,513258,511050,509383.5,507767,505302,501950.5,497830.5,492737,487211.5,482064.5,477322.5,472851,468556.5,464440.5,460582,457012.5,453602.5,450315.5,447264,444515.5,441993.5,439656.5,437533,435498.5,433499,431603,429818.5,428101.5,426353,424474.5,422385,420039.5,417470.5,414697,411717,408590.5,405344,401898.5,398336.5,394783,391254.5,387806,384467.5,381113.5,377711.5,374313,370901,367530.5,364308,361264.5,358361.5,355573.5,352913.5,350345.5,347783,345297,342863,340422,338001.5,335642,333261,330811.5,328352.5,325839,323216,320500.5,317745.5,314903.5,312000,104139,107565.5,111283,115223.5,119215.5,123107.5,127051.5,131149.5,135075,138331.5,140870.5,142816.5,144249.5,145696.5,147963.5,151256.5,156100.5,162950.5,171283.5,180129.5,189393,199388,209663,220177.5,231560,243365.5,254843.5,266136.5,277092,287646.5,297640,306869,315331,323089.5,330133.5,336449,342313.5,347712.5,352344,356563.5,360952,365498.5,370448.5,376449,383076,389579,395762,401515.5,406613,411522,416493,420943.5,424928,429394.5,434191.5,438335,442307.5,446770,451643,457495.5,464657.5,472146,479135,485018.5,489021.5,491248.5,492365.5,491668.5,488734.5,485851.5,486158.5,488571,490515,492253.5,492601.5,489524.5,483966.5,479093.5,477338.5,479215.5,483800.5,489989,496027,499700.5,500363.5,499103.5,497168.5,495198,493773,492369.5,490115,487013,483158.5,478338.5,473122,468299,463848.5,459646,455619,451758,448155,444827,441595,438443.5,435490,432803,430324,428061,426051.5,424115,422195,420379,418658,416993,415291,413453,411436,409192,406705,404018,401127,398081,394915,391552,388063.5,384590,381149,377760,374479.5,371200.5,367861.5,364524.5,361188,357923,354812.5,351860,349041.5,346343.5,343780,341282.5,338778,336354,333982.5,331584.5,329213,326923,324615.5,322250.5,319865.5,317412.5
Ecuador,Ecuador,118,ECU,218,ECU,Latin America and the Caribbean,Latin America and the Caribbean,"","",Latin America,"",Latin America and Caribbean,Programme countries,"","",Americas,Latin America and the Caribbean,Latin America and the Caribbean (excluding high-income),Middle income,Upper middle income,Low and middle income,Latin America and the Caribbean,"",Excluding least developed countries,Excluding China,"","","","","","","","",Non-fragile,Non-fragile,Non-fragile,Non-fragile,Non-fragile,Non-fragile,"",Non-fragile,Non-fragile,"",non-FCS,"","",Americas,Latin America and the Caribbean,South America,Latin America and the Caribbean,"","","","","",Latin America and the Caribbean,Latin America and the Caribbean,South America,Latin America and the Caribbean,"","","","","",Non conflict,Latin America and Caribbean,"","","","","",Latin America and Caribbean,"",Upper middle income,Low and middle income,Latin American and Caribbean Group (GRULAC),"","",Latin America and Caribbean,Non-humanitarian,Non-high burden,"",Latin America and the Caribbean,Latin America and Caribbean,LiST,"",LiSTSBR,"","","","","","","","","","","",ECLAC_All countries,"","","",ECLAC_Latin America,"","","","","",ESCAP_Latin America (LAC),"","","","","","","","","","","","","","","","","","","","",166067.5,170305.5,174561.5,179001,183927.5,189393.5,195331.5,201850.5,208977.5,216499.5,224207.5,231926.5,239898.5,249451.5,261137.5,273454,285803,298271.5,309460,318845,328078.5,338039,348386.5,359122,370282,381877.5,393894.5,406315.5,419111,432234,445681.5,459377.5,473221.5,487220,501251.5,515103,528558,541474,553687.5,565078,575726,585614,595168.5,604521,613690,623122,632863.5,642809.5,653168,664153,674562,683368,690750.5,697263.5,703597.5,710940,720350.5,731366,742130.5,750895,758190,765067.5,771209.5,776903.5,782830.5,788316,792558.5,796239,800554.5,803704,803383,801246,799822,800599,804489,809587.5,815160.5,819725.5,817540.5,807478.5,793846.5,776686.5,759607.5,749812.5,744270.5,738058.5,731310,722029.5,708452.5,694620.5,683665.5,675904.5,671133.5,668786,667766,667049.5,666220.5,664974,663235,661043,658441,655528,652493,649345,645926,642195,638083.5,633511.5,628517,623274.5,617870.5,612345,606781.5,601175.5,595505.5,589780.5,584007,578199,572488.5,567024.5,561848.5,557041,552622.5,548401,544309,540406,536641.5,532999.5,529536,526184.5,522856.5,519626,516452.5,513286,510106,506809.5,503306.5,499625.5,495790.5,491877,488001,484039,479998,475950.5,471874,467797.5,463819.5,459975,456284.5,452685.5,142657,146468.5,150328,154223.5,158145,162156.5,166246,170376,174716,179566.5,184977,190896,197423,204564.5,212113,219862,227631.5,235653,245235.5,256911.5,269166.5,281412,293768,304864.5,314191.5,323388,333307,343598.5,354262.5,365331,376888,388880.5,401250,414103,427362.5,440864.5,454432.5,467956,481224.5,493960.5,506062.5,517129.5,527503.5,537159.5,545888.5,554302,562585,570829,579383,588361.5,597820.5,608118,619328,631435,644312,656675.5,667363.5,676385,684171.5,691484.5,699548.5,709341,720509.5,731480,741016.5,750090.5,760174.5,771071.5,783825,795904,801377,800347,797236,794218.5,791386,789221,788061,788166.5,790306.5,795355.5,801382,807711.5,812816,811026,801278.5,787904.5,771008.5,754197,744615.5,739246,733195.5,726599,717478.5,704085.5,690439,679650.5,672032.5,667378,665129.5,664197,663560.5,662807.5,661637,659973.5,657856,655327,652484,649519.5,646444,643096.5,639433.5,635386.5,630877.5,625948,620768.5,615425,609963,604465,598916.5,593299.5,587622,581896.5,576140.5,570481.5,565066.5,559939,555181.5,550801,546615,542559.5,538691.5,534964,531359,527932,524622,521329,518120,514970.5,511828,508668.5,505398.5,501926.5,498274.5,494469.5,490586.5,486739.5,482798.5,478775.5,474748,470685.5
El Salvador,El Salvador,119,SLV,222,ESL,Latin America and the Caribbean,Latin America and the Caribbean,"","",Latin America,"",Latin America and Caribbean,Programme countries,"","",Americas,Latin America and the Caribbean,Latin America and the Caribbean (excluding high-income),Middle income,Upper middle income,Low and middle income,Latin America and the Caribbean,"",Excluding least developed countries,Excluding China,"","","","","","","","",Non-fragile,Non-fragile,Non-fragile,Non-fragile,Non-fragile,Non-fragile,"",Non-fragile,Non-fragile,"",non-FCS,"","",Americas,Latin America and the Caribbean,Central America,Latin America and the Caribbean,"","","","","",Latin America and the Caribbean,Latin America and the Caribbean,Central America,Latin America and the Caribbean,"","","","","",Non conflict,Latin America and Caribbean,"",Latin America and Caribbean,"",Upper middle income,Low and middle income,Latin America and Caribbean,"",Upper middle income,Low and middle income,Latin American and Caribbean Group (GRULAC),"","",Latin America and Caribbean,Non-humanitarian,Non-high burden,"",Latin America and the Caribbean,Latin America and Caribbean,LiST,"",LiSTSBR,"","","","","","","","","","","",ECLAC_All countries,"","","",ECLAC_Latin America,"","","","","",ESCAP_Latin America (LAC),"","","","","","","","","","","","","","","","","","","","",111501,115385.5,119356,123271,126912.5,130247.5,133258.5,135930,138423.5,141154.5,144384.5,147941.5,150910,153200,156321.5,160658.5,165519.5,170674.5,175953.5,180927.5,186446.5,193139,200917,209815,219302.5,229105.5,238735.5,247979,256930.5,265087,270771,273375,275563.5,278114,280400,281761,282818,285001,287707,290769,295704,301869,308084,312863.5,315370,317108.5,317834,317095,314500.5,310280,305236,300504,297596.5,297386.5,299668.5,304011,309849.5,318550,329366,339529,348444,355617,360777,363774,364318,362031,356832.5,348404,336705,323310,310707.5,300304,293542,290018.5,287995,287370,287443.5,286576,285074,283850,281997,278306,272663.5,265968,258953.5,252353.5,247188.5,243728.5,241366,239387,237366,235368.5,233416.5,231533,229579.5,227578,225562.5,223485.5,221290.5,218905.5,216371,213692.5,210842.5,207847.5,204723,201596.5,198576.5,195710.5,193073.5,190640.5,188321,186087,183907.5,181753.5,179632,177528.5,175439.5,173386.5,171342,169300.5,167299,165364.5,163483.5,161595.5,159773,158046.5,156331.5,154652,153021.5,151385.5,149753.5,148160,146585.5,145006,143395,141729,140037.5,138353.5,136722.5,135138.5,133573.5,132033.5,130496,128941,127393.5,125882,124404.5,122983.5,121590,120204,89021,91514.5,94504,97860,101366.5,104931,108643.5,112546,116376,119987,123510,126851,129217.5,130763,132499.5,134619.5,136958,139361.5,141934.5,145081.5,149478.5,154918,160741.5,166760,172592,178138.5,183901.5,190750,198696.5,206765.5,212744,216396.5,221442,228290,235531,243314.5,250706,256390,259884,261466.5,261123,260209.5,260753.5,262186.5,263566,265930.5,268579.5,270419.5,271969,273081.5,273303.5,272198.5,269365.5,264665,258734.5,252702.5,247810.5,247436.5,252199.5,259611.5,269052,279848,291277,302684,313342,322458.5,329688.5,334787.5,337471,337808.5,336993,334542.5,328803.5,319901.5,308918,297443,287254,280683,277288,275435.5,274958.5,275157.5,274443,273146.5,272120,270474.5,267055.5,261674.5,255262,248530,242178,237235,233945,231715,229826,227887.5,225994.5,224184.5,222457.5,220634,218795,216921,214957,212901,210612.5,208108.5,205470.5,202688,199824,196907.5,193962,191120.5,188436.5,185900,183515,181255,179112.5,177060,175040.5,173072,171148.5,169248,167405,165494.5,163556,161697.5,159833,157984,156181.5,154432.5,152738,151095,149520.5,147994,146438,144874.5,143362.5,141865.5,140375,138868.5,137301,135696.5,134084.5,132505,130948,129395.5,127865,126377.5,124909.5,123462.5
Equatorial Guinea,Equatorial Guinea,29,GNQ,226,EQG,Sub-Saharan Africa,Sub-Saharan Africa,Central Africa,"","","",West and Central Africa,Programme countries,"","",Africa,Sub-Saharan Africa,Sub-Saharan Africa (excluding high-income),Middle income,Upper middle income,Low and middle income,Africa,Sub-Saharan Africa,"",Excluding China,"","","","",Countdown,Central Africa,Africa,Central Africa,Non-fragile,Non-fragile,Non-fragile,Non-fragile,Non-fragile,Fragile,Other Fragile,Non-fragile,Fragile,Extremely fragile,non-FCS,"","",Africa,Middle Africa,"",Sub-Saharan Africa,"","","","","",Sub-Saharan Africa,Sub-Saharan Africa,Middle Africa,Sub-Saharan Africa (inc. Sudan),"","","","","",Non conflict,Sub-Saharan Africa,West and Central Africa,Sub-Saharan Africa,West and Central Africa,Upper middle income,Low and middle income,Sub-Saharan Africa,West and Central Africa,Upper middle income,Low and middle income,African Group,Economic Community of Central African States,"",West and Central Africa,Non-humanitarian,Non-high burden,"",West and Central Africa,West and Central Africa,LiST,"",LiSTSBR,"","","","","","","","","","",ECA_Central Africa,ECA_All countries,"","","","","","","","","",ESCAP_Africa (AFR),ECA_African Union Commission,ECA_ECCAS,"","","","","",ECA_Oil producing economies,"",ECA_Mineral-rich countries,"","",ECA_Sub-Saharan Africa,"","","","","","","",10363,10454.5,10528.5,10590,10646.5,10704,10763.5,10832.5,10928,11068,11259.5,11497,11758,12043.5,12563.5,13316,14089,14872.5,15629.5,15976,15828.5,15508.5,15110,14681.5,14255,13852,13470.5,13231,13198.5,13357,13803,14548,15523,16654.5,17742,18611.5,19274.5,19792.5,20247.5,20714,21234.5,21817.5,22463,23175,24004,24971,26041.5,27197.5,28428,29891.5,32734.5,36989.5,41580.5,46234.5,50509.5,53320.5,54664,55458,55965.5,56452,57135.5,57979,59034,60409,61975,63782.5,65862.5,68212.5,71057.5,74608.5,77873.5,80915,84392.5,87808.5,91197.5,94777.5,98456.5,101958,105237.5,108276,111070,113634.5,116024,118247.5,120338.5,122367,124268,126005.5,127634.5,129521,131679.5,133821.5,136011.5,138260.5,140185,141779.5,143412,145094,146837,148624,150415.5,152203,153964.5,155651.5,157253.5,158776,160195.5,161513.5,162796,164043,165190.5,166232.5,167177.5,168037,168847.5,169594.5,170248.5,170844,171411,171986.5,172599,173190.5,173738,174243.5,174720,175198.5,175655.5,176092,176529,176980,177381,177704.5,177919,178008.5,178072.5,178066.5,177988,177903.5,177818,177756.5,177639.5,177433.5,177289.5,177217.5,177127,177018,176865,176670.5,176468,176257.5,9322.5,9448.5,9590,9736.5,9869,9979.5,10070.5,10145,10208.5,10272,10351,10452,10577.5,10739,10947,11202.5,11496,11803.5,12098,12404.5,12664.5,12812.5,12902,12932.5,12714.5,12307,11909,11639.5,11565,11628,11925.5,12483.5,13223.5,14390.5,15819.5,17027.5,17961,18641.5,19165.5,19609.5,20003,20387.5,20797.5,21251.5,21862,22669,23596.5,24633,25762.5,26968.5,28767,31257,34058,37236.5,40936.5,44832.5,48713.5,52713.5,56625,60117.5,62886.5,64552.5,65255.5,65581,65805,66155.5,66784.5,67717.5,68856.5,70086,70606.5,70993.5,72081,73699,76609.5,80367,84285.5,88435,92490,96162,99781.5,103552,107222,110637,113784.5,116707,119370.5,121842,124214,126430.5,128531,130480,132212,133802.5,135663,137830,139948,142054.5,144226,146142,147763.5,149507.5,151406,153392.5,155425,157460,159410.5,161271.5,163111.5,164848.5,166387,167790,169074.5,170295.5,171576.5,172874,174037,175061,175960.5,176841,177754.5,178572.5,179338.5,180104,180844,181627.5,182443.5,183123.5,183642.5,184159.5,184616,184956.5,185284,185637,186117.5,186560.5,186861,187128.5,187377.5,187615,187711.5,187661,187645.5,187708.5,187824,187891.5,187820.5,187762.5,187750,187681
Ethiopia,Ethiopia,5,ETH,231,ETH,Sub-Saharan Africa,Sub-Saharan Africa,Eastern Africa,Least developed countries,"",LLDC,Eastern and Southern Africa,Programme countries,"","",Africa,Sub-Saharan Africa,Sub-Saharan Africa (excluding high-income),Low income,Low income,Low and middle income,Africa,Sub-Saharan Africa,Least developed countries,Excluding China,"","","","",Countdown,Eastern Africa,Africa,Eastern Africa,Non-fragile,Non-fragile,Non-fragile,Non-fragile,Non-fragile,Fragile,Extremely Fragile,Non-fragile,Fragile,Other fragile,Fragile and Conflict-affected Situation,Conflict,USAID,Africa,Eastern Africa,"",Sub-Saharan Africa,"",Least developed countries,Landlocked developing countries,"","",Sub-Saharan Africa,Sub-Saharan Africa,Eastern Africa,Sub-Saharan Africa (inc. Sudan),Least Developed Countries (LDCs),Landlocked developing countries (LLDCs),HAC,HAC,Global Strategy,Non conflict,Sub-Saharan Africa,Eastern and Southern Africa,Sub-Saharan Africa,Eastern and Southern Africa,Low income,Low and middle income,Sub-Saharan Africa,Eastern and Southern Africa,Low income,Low and middle income,African Group,"",GAVI,Eastern and Southern Africa,Humanitarian,High burden,"",Eastern and Southern Africa,Eastern and Southern Africa,LiST,"",LiSTSBR,"","","","","","","","","","",ECA_Eastern Africa,ECA_All countries,"","","","","","","","","",ESCAP_Africa (AFR),ECA_African Union Commission,ECA_IGAD,"","",ECA_COMESA,ECA_Land-locked countries,ECA_Land-locked LDCs,ECA_Non-Oil Producing,ECA_Least developed countries,"",ECA_Non-Oil LDCs,"",ECA_Sub-Saharan Africa,"","","","","","","",908804.5,928826.5,949477,970304,991204,1012644,1034725.5,1056795.5,1079404,1106024,1137369.5,1170999.5,1204858,1232248.5,1252154,1256729.5,1247536.5,1240379,1241751,1251534,1275819.5,1310181,1341926.5,1379061.5,1427389.5,1483795,1547677.5,1608231,1664396,1708702.5,1731547.5,1786991.5,1868547.5,1935665,2001448.5,2066942.5,2130636,2193725,2259476,2328300.5,2403170.5,2498916,2603930,2706442,2814129,2926283.5,3030147,3112344,3180035.5,3252781,3342106,3459797.5,3618569,3808149.5,4007771,4203964.5,4394627.5,4584676,4779222.5,4978993.5,5179363,5377541.5,5568198,5744652,5913772.5,6079181,6241910,6404425.5,6563607,6719706,6880017.5,7036171.5,7175914,7300205,7413397,7506612.5,7575888.5,7628196,7668205.5,7724544,7815171,7939849,8105141,8319028.5,8573055,8840068.5,9096233,9332993,9541963,9715430.5,9857290,9979499,10092834.5,10199189.5,10296572.5,10388438.5,10476505,10556462,10628875.5,10694351,10754686,10814043,10874580,10937591,11005046,11077628,11158326.5,11245950,11335460.5,11427608,11520292.5,11608373,11688592.5,11763083,11834902,11900680.5,11962580,12023499.5,12077278,12123067.5,12164261.5,12200073.5,12231951,12260441,12286142.5,12310525.5,12331202.5,12347493.5,12360927.5,12370122,12377105.5,12385717,12395171,12402652,12408378.5,12415270.5,12423528.5,12431208.5,12437905.5,12445730.5,12454432,12461368,12464395.5,12463048,12457464.5,12447728,12437377.5,12427079.5,12413957,12398916,776221,793285,810969,828665.5,846275,864056.5,882360.5,900853,918636.5,937800,959482,982428.5,1006480.5,1032202.5,1060702,1092288.5,1125154.5,1157799.5,1184393.5,1203353,1207291,1197402,1189051.5,1189304,1197662,1217562.5,1245899.5,1264148,1285071,1313931.5,1338644,1395619,1479785,1554085.5,1624426,1692501.5,1759270,1830760.5,1907543,1980064,2047200.5,2130080,2206087.5,2260675,2318743.5,2388736,2471660.5,2559468.5,2652550.5,2752155.5,2847231.5,2931765,3007192,3073198,3141219.5,3226772,3342585,3499142,3687482,3888379,4094342,4300558,4503772,4706631,4912217.5,5113741,5310200,5498480.5,5669070.5,5829394.5,5988263,6144420,6298237.5,6452490.5,6635707,6855759.5,7076678,7280734,7459932.5,7601629.5,7703798.5,7782217,7844196,7892973.5,7957354,8057212,8191226,8364459.5,8586310,8848969,9123785.5,9386526.5,9629661,9846038,10027078.5,10175685.5,10305504,10428357,10543636,10648297.5,10746865,10843548.5,10931690,11009579.5,11081017,11147193,11214041,11282449.5,11350317.5,11425803,11510208,11601806.5,11698589.5,11796742,11896019,11993487.5,12085443.5,12173072,12256791,12335859.5,12408992.5,12478726,12547782.5,12608228.5,12662466,12714981,12761103,12801641.5,12838315,12868110.5,12893484.5,12917858,12941198,12961359,12976761,12992374,13011161.5,13027374,13036116,13042771,13054975,13069671,13081365,13094706.5,13112957.5,13128202.5,13142694,13158148,13164574,13160809.5
Eritrea,Eritrea,4,ERI,232,ETHB,Sub-Saharan Africa,Sub-Saharan Africa,Eastern Africa,Least developed countries,"","",Eastern and Southern Africa,Programme countries,"","",Africa,Sub-Saharan Africa,Sub-Saharan Africa (excluding high-income),Low income,Low income,Low and middle income,Africa,Sub-Saharan Africa,Least developed countries,Excluding China,"","","","",Countdown,Eastern Africa,Africa,Eastern Africa,Fragile,Fragile,Fragile,Fragile,Fragile,Fragile,Extremely Fragile,Fragile,Fragile,Extremely fragile,Fragile and Conflict-affected Situation,Institutional and Social Fragility,"",Africa,Eastern Africa,"",Sub-Saharan Africa,"",Least developed countries,"","","",Sub-Saharan Africa,Sub-Saharan Africa,Eastern Africa,Sub-Saharan Africa (inc. Sudan),Least Developed Countries (LDCs),"",HAC,HAC,Global Strategy,Non conflict,Sub-Saharan Africa,Eastern and Southern Africa,Sub-Saharan Africa,Eastern and Southern Africa,Low income,Low and middle income,Sub-Saharan Africa,Eastern and Southern Africa,Low income,Low and middle income,African Group,"",GAVI,Eastern and Southern Africa,Humanitarian,Non-high burden,Fragile,Eastern and Southern Africa,Eastern and Southern Africa,LiST,"",LiSTSBR,"","","","","","","","","","",ECA_Eastern Africa,ECA_All countries,"","","","","","","","","",ESCAP_Africa (AFR),ECA_African Union Commission,ECA_IGAD,"",ECA_CEN-SAD,ECA_COMESA,"","",ECA_Non-Oil Producing,ECA_Least developed countries,"",ECA_Non-Oil LDCs,"",ECA_Sub-Saharan Africa,"","","","","","","",43115.5,44227.5,45368.5,46528,47690,48865.5,50062.5,51243.5,52440,53777,54954.5,55864,56693.5,57067.5,57075,56583.5,55621.5,54836,54601.5,54787,55732.5,57353,58894,60674.5,62954.5,65589,68505,71711,74840,77584,80137.5,82711,85326.5,87918,90420.5,92911.5,95399,97702,99856,102007,104270,98889.5,93426.5,97236.5,100836,106789,110985,109999.5,109518,109913,111690,116471,123104,131237.5,138896.5,143245,145765,147830,151674.5,155945,159948,165645.5,171735.5,176727,179509,181113.5,181591,181863.5,184966.5,189973,196205,202742,207970.5,211549.5,214265,216156,217605.5,218904,220006.5,220258,219657,218507,217193.5,216271.5,216024,216727.5,218583,221365,224653.5,228409.5,232753,237424,242382.5,247609.5,252689.5,257497,261932.5,265915,269545,272668.5,275268,277420.5,279221.5,280642.5,281520,282093.5,282425,282500.5,282517.5,282452,282360,282286.5,282191,282287,282476.5,282636,283082,283767,284585,285539,286557,287582,288570.5,289596,290450,291219,291993,292621,293121,293428,293650,293477.5,292908.5,292245.5,291481.5,290616,289608,288485.5,287390.5,286330,285317,284322,283328.5,282262,281122,280083,279049,278093.5,277249.5,276479.5,36000,36971.5,37989.5,39048,40118.5,41190.5,42286,43382,44468.5,45601,46791,48009,49251,50542,51913.5,53069,53930.5,54697.5,55034,55034,54585,53730.5,53070.5,52929.5,53130.5,53945.5,55370,56746.5,58375.5,60540,63154,66080,69213.5,72161.5,74628,76774,78913,81083.5,83252,85259.5,86990,82203.5,76713,79633.5,82491.5,90321,96998.5,95864.5,94976.5,94136.5,94009.5,97268,101685.5,107542.5,113457.5,115612.5,116542,118440,124433,130165.5,133997,136805,137759.5,138590.5,138825,139139.5,142641.5,148280,154589.5,160004.5,164836,168359,170872,174984.5,180847,188016,195192.5,201117.5,205404,208506.5,210548.5,211982,213127.5,214147,214500.5,214042,213245.5,212540.5,211988.5,211842,212620.5,214294,216765,219887.5,223499,227825,232447.5,237210.5,242302.5,247223.5,251778,256127.5,260313,264158.5,267106,269491.5,271327,272708.5,274064,275144,275988,276621,276792.5,276904,276791.5,276216,275940.5,275866,275903.5,276112,276380.5,276777.5,277378,278284,279150.5,280187.5,281388,282422,283483.5,284358,285315,285950,286216,286608.5,287071,287571,287718.5,287306,286556,285635.5,284577,283406,282377.5,281356,280116.5,279050.5,277984,276842.5,275806.5,274974
Estonia,Estonia,163,EST,233,EST,"","","","","","",Non-programme countries,"","","",Europe,Europe and Central Asia,"",High income,High income,"",Europe,"","","","","","","","","","","","","","","","",Non-fragile,"","",Non-fragile,"",non-FCS,"","",Europe,Northern Europe,"",Europe and Northern America,Europe,"","","Europe, Northern America, Australia and New Zealand","Australia and New Zealand, Central Asia, Europe and North America",Europe and Northern America,Europe,Northern Europe,"","","","","","","",Europe and Central Asia,Western Europe,"","","","","","","","",Eastern European Group,"","",High Income Countries,Non-humanitarian,Non-high burden,"","","","","","","","","","","","","","","","","",ECE_All countries,ECE_European Union (E25),ECE_Euro area (EMU),"","","","","","","",ESCAP_Europe (Europe),"","","","","","","","","","","","","","","","","","","","",47621,48552,49789,51042,51703.5,51598.5,50883,49589.5,46500,42904.5,41122.5,40322,40720,43077,46877.5,50746,53609.5,55046,54954.5,53629,52722.5,52646,53129,54373.5,55637,56469.5,56646,56606,56146,54867.5,53396,52434.5,51639,51349.5,52279.5,53866,55575.5,57353.5,58509.5,57598,55996,55286.5,54438.5,53159.5,52143.5,51674.5,51688.5,52015.5,52773.5,52962.5,52585,52505,52675,52960,53035,52855,51755,49680,46750,43015,39265,36356,34042,32175.5,31109,30817.5,30803,30819,31126,31780,32660,33874,35858.5,37967,39262.5,39919.5,40283,40140,39425.5,38585,37830.5,37377.5,37262.5,37366.5,37549,37291.5,36581.5,35430.5,33639,31584,29750,28103.5,26883.5,26258,25840,25468.5,25149,24900.5,24751.5,24700.5,24740.5,24875.5,25104,25394.5,25715.5,26045,26357,26632,26854.5,27025,27132.5,27166,27119.5,26984,26758.5,26448,26058.5,25602,25097.5,24555,23985.5,23412.5,22852.5,22313.5,21811,21357,20956,20615,20341,20134.5,19991,19908.5,19874.5,19874.5,19900,19948,20011,20077,20146,20211,20259,20283.5,20283,20247,20168.5,20049,19892.5,19706,19493.5,19256.5,45335.5,47266,48193.5,48489,48779,49255,49955.5,51024,50796,50170.5,50413.5,50915.5,50567.5,48494.5,46169,44359.5,43111,43294,45820,50204,54290,56630.5,57483.5,57294.5,56884.5,57252.5,58129.5,58799.5,59473.5,59878.5,59667,59024.5,58627.5,58273,57483,56417,55270.5,54011.5,53311.5,54230.5,55732.5,55809.5,53633,51828.5,51341.5,50646,49867,49296,49154.5,49836.5,50435,50390,50275,50375,50710,50720,50540,50770,51280,51690,51800,50810.5,48790.5,45987.5,42412.5,39347.5,37114,35071,33589,32703,32363.5,32372,32730.5,33204,33419,33436.5,34018,35501.5,37246,38765,39863,40486.5,40370,39680,38857.5,38119.5,37682.5,37579,37694,37887.5,37640.5,36936.5,35785.5,33993,31935,30098,28453,27238.5,26624.5,26216.5,25848.5,25531.5,25289,25144.5,25100.5,25148,25286,25519,25812,26132,26458,26767.5,27039.5,27260,27428.5,27533.5,27566,27515.5,27376.5,27147.5,26827.5,26426,25962.5,25453.5,24907,24340,23771.5,23211.5,22671,22166,21708.5,21308,20968.5,20689,20469.5,20316,20228,20189,20192.5,20226.5,20276.5,20339.5,20407.5,20471,20528.5,20572.5,20591.5,20589.5,20561,20490
Fiji,Fiji,76,FJI,242,FJI,Oceania,Oceania,"","","",SIDS,East Asia and Pacific,Programme countries,"","",Western Pacific,East Asia and Pacific,East Asia and Pacific (excluding high-income),Middle income,Upper middle income,Low and middle income,Oceania,"",Excluding least developed countries,Excluding China,"","","","","","","","",Non-fragile,Non-fragile,Non-fragile,Non-fragile,Non-fragile,Non-fragile,"",Non-fragile,Non-fragile,"",non-FCS,"","",Oceania,Melanesia,"",Oceania,Oceania (exc. Australia and New Zealand),"",Small island developing States,South-Eastern Asia and Oceania (exc. Australia and New Zealand),"",Oceania (exc. Australia and New Zealand),Oceania,Melanesia,Oceania,"",Small island developing States (SIDS),"","","",Non conflict,East Asia and Pacific,"",East Asia and Pacific,"",Upper middle income,Low and middle income,East Asia and Pacific,"",Upper middle income,Low and middle income,Asia-Pacific Group,"","",East Asia and the Pacific,Non-humanitarian,Non-high burden,"","","","","","",EAPR Program Countries,EAPR Program Countries (excluding China),Pacific Program Countries,Pacific Program Countries (excluding PNG),EAPR Countries,EAPR Countries (excluding China),Pacific Countries,Pacific Countries (excluding PNG),"","","","","","","","",ESCAP_Pacific island developing economies (PIDE),"","","",ESCAP_PACIFIC (PAC),ESCAP_All countries,"","","","","","","","","","","","","",ESCAP_Countries with Special Needs,ESCAP_Small Islands Developing States,ESCAP_WB Upper Middle Income Economies,"","","","",15792,16274.5,16767.5,17274.5,17801.5,18348.5,18922.5,19523.5,20133,20728,21345.5,22053,22845,23701,24615,25424.5,26097.5,26736,27350,28020.5,28906,29951,31003,32086.5,33171,34184.5,35124,36158,37239.5,38127.5,38771.5,39231,39422,39343.5,39210.5,39095.5,38925,38565.5,38063,37604,37459.5,37797,38533.5,39606.5,40905.5,42142,43210.5,44233.5,45173.5,45925,46324.5,46341,46153.5,45821.5,45399.5,45132,45070,44973,44700.5,44271,43772,43267,42712,42049,41334,40561,39751,39089,38672,38445.5,38551,38952,39490.5,40082,40576,40954.5,41167,41271.5,41449,41755.5,42145,42544.5,42804.5,42805.5,42579,42177,41689,41198,40720,40310,39985,39705,39472.5,39293.5,39103,38902,38727.5,38570,38427,38292,38161.5,38045,37934.5,37823,37704.5,37568,37405,37212,36985,36720,36425.5,36111,35779.5,35434.5,35088.5,34746,34404.5,34065,33734.5,33406.5,33076,32758.5,32460,32173.5,31905.5,31664,31446.5,31247,31057.5,30863.5,30659,30450.5,30239,30026.5,29813.5,29594.5,29364,29125.5,28883.5,28637.5,28389.5,28140.5,27897,27656.5,27413,27166,26917.5,26667.5,26409,26146.5,13035.5,13476,13919,14366.5,14833,15317.5,15815,16312.5,16811.5,17328.5,17861.5,18419,19013.5,19627,20227,20850.5,21538.5,22229,22919.5,23651,24263,24739.5,25244,25781.5,26374.5,27178.5,28188.5,29307,30522.5,31772,32980,34096.5,35202,36274,37160.5,37819,38169,38106,37756.5,37335,36904,36423.5,35880.5,35304.5,34779.5,34578,34935,35870,37222.5,38744.5,40154.5,41306,42312,43205.5,43917.5,44282.5,44273,44046.5,43595.5,43001.5,42565,42332.5,42090.5,41739,41280.5,40774,40273.5,39685.5,38965.5,38200,37514.5,36937,36623.5,36684,36875,37174.5,37633.5,38181.5,38735,39222.5,39614,39835,39938,40112,40416.5,40805.5,41213,41490,41508.5,41296.5,40906.5,40441,39969,39494,39092,38777.5,38502,38278.5,38119.5,37943,37747.5,37583.5,37437,37305,37183,37067.5,36961.5,36862.5,36762,36653.5,36533.5,36383,36196,35974,35705.5,35400.5,35088,34767.5,34434.5,34095.5,33744.5,33391.5,33048,32717,32394.5,32080.5,31786.5,31514,31254,31001.5,30764.5,30545.5,30344.5,30159.5,29976,29782,29580.5,29380,29183.5,28987.5,28788,28578,28357.5,28127,27885.5,27638.5,27391,27151,26911,26665
Finland,Finland,173,FIN,246,FIN,"","","","","","",Non-programme countries,"","","",Europe,Europe and Central Asia,"",High income,High income,"",Europe,"","","","","","","","","","","","","","","","",Non-fragile,"","",Non-fragile,"",non-FCS,"","",Europe,Northern Europe,"",Europe and Northern America,Europe,"","","Europe, Northern America, Australia and New Zealand","Australia and New Zealand, Central Asia, Europe and North America",Europe and Northern America,Europe,Northern Europe,"","","","","","","",Europe and Central Asia,Western Europe,"","","","","","","","",Western European and Others Group (WEOG),"","",High Income Countries,Non-humanitarian,Non-high burden,"","","","","","","","","","","","","","","","","",ECE_All countries,ECE_European Union (E25),ECE_Euro area (EMU),"","","","","","","",ESCAP_Europe (Europe),"","","","","","","","","","","","","","","","","","","","",159099.5,157126,156843,159927.5,164650.5,165718,169588,172575,170857,172178.5,181333.5,193796,209073,227518,240555,246215,243285,237882.5,231828.5,224403.5,218178,215627,213935,210317.5,206777.5,203511.5,199837,197122,196618.5,196294,194890.5,193332,191754,189097,184478,178891.5,172847.5,166001,159010.5,154762.5,154573.5,156997.5,160528.5,164361,166987,167274.5,166550,166616.5,168002,169430,169812.5,169013,166771.5,164257,162972.5,163343.5,165131.5,167803.5,169713.5,170276.5,169905.5,168226.5,165325,161663,158199.5,155274,153624.5,152705.5,152171,152176.5,152371.5,153662,156315.5,159050.5,161857,164890,166722.5,167232.5,167068.5,165960,163642.5,160234.5,155884.5,150642,144633.5,138948,135480,133012.5,130323.5,128694,127573,125374,123448.5,122887.5,122529,122105,121800,121664.5,121711.5,121961.5,122442,123134,123975,124919.5,125892,126803,127571.5,128183.5,128617,128774.5,128605,128132,127359,126309,125030.5,123567.5,121992.5,120344,118655,116997,115442.5,114016,112721.5,111578.5,110616,109821.5,109202,108797,108569.5,108472.5,108505,108624.5,108783.5,108980,109218,109456.5,109682.5,109883,110054,110176.5,110212,110136.5,109947.5,109641,109203,108645,108004.5,107321.5,106606.5,105871.5,165055.5,164531.5,162922.5,160252.5,156848.5,154698.5,153238,152935,155542,159799.5,160428.5,164275.5,167851,166571,167083,174311.5,185131,199559.5,217229,227712.5,229781.5,227773,226475,223798.5,219616.5,215469,212187.5,208591,204015,199976,196845.5,194317.5,192963.5,193570.5,194289,193439,191832.5,189926,187090,182637,177529.5,172334.5,166379,159931,155784.5,155422.5,157551,160788.5,164514.5,167080.5,167354.5,166673.5,166781,168205.5,169802,170607.5,170289,168604,166915,166235.5,166901,169038.5,172020.5,174031,174524.5,174050.5,172566,169907.5,166259.5,163093,160434,158323,157128,156851.5,158767,162345,166308.5,170602.5,174380.5,177341,179882,181537.5,182020.5,181866.5,180767.5,178452.5,175036.5,170668,165408,159391.5,153713,150262,147808.5,145122,143489.5,142366.5,140168,138237.5,137658,137275.5,136820.5,136465.5,136267,136261.5,136458.5,136870.5,137497.5,138298,139236.5,140204.5,141093,141839,142422.5,142800,142886,142647,142127,141328.5,140254,138966.5,137494,135888,134199,132463,130737,129115,127627.5,126275,125098.5,124113,123281.5,122622,122183.5,121930.5,121821,121829.5,121897,121990,122120.5,122294,122460.5,122617.5,122762,122870.5,122930,122914,122790,122547.5,122182,121691
France,France,174,FRA,250,FRA,"","","","","","",Non-programme countries,"","","",Europe,Europe and Central Asia,"",High income,High income,"",Europe,"","","","","","","","","","","","","","","","",Non-fragile,"","",Non-fragile,"",non-FCS,"","",Europe,Western Europe,"",Europe and Northern America,Europe,"","","Europe, Northern America, Australia and New Zealand","Australia and New Zealand, Central Asia, Europe and North America",Europe and Northern America,Europe,Western Europe,"","","","","","","",Europe and Central Asia,Western Europe,"","","","","","","","",Western European and Others Group (WEOG),"","",High Income Countries,Non-humanitarian,Non-high burden,"","","","","","","","","","","","","","","","","",ECE_All countries,ECE_European Union (E25),ECE_Euro area (EMU),"","","","","","","",ESCAP_Europe (Europe),"","","","","","","","","","","","","","","","","","","","",1595862,1563971,1535729,1513947.5,1497382,1474157,1439566,1414857.5,1418815.5,1434920,1464657,1565771,1719567,1861504,1995487,2123145.5,2187650.5,2183569.5,2155660,2123573,2106902,2106366,2115691.5,2129375,2146820,2158786,2167054,2171943,2180287.5,2196005.5,2211708.5,2222736,2228024.5,2225758,2217074.5,2214716.5,2224220.5,2243359.5,2259047.5,2250238.5,2201979,2126665,2053088,1992934,1957322,1963503,1997584.5,2025720,2028029,2008310,1982870.5,1969063.5,1972171.5,1997810.5,2031245.5,2047448,2047815.5,2036781,2012080,1984413.5,1969899.5,1950570,1941727,1976219,2018845.5,2045519.5,2076992.5,2092432,2080709,2072066.5,2072437.5,2083390,2097410.5,2106279.5,2117339.5,2129316.5,2128497.5,2117193.5,2100940,2077374,2040970.5,2017130,1991746.5,1944870.5,1903219,1867057.5,1828446.5,1806246,1794939.5,1773313.5,1757859.5,1735319,1705820.5,1693130,1694613.5,1698769.5,1705849.5,1716102.5,1729260.5,1744863.5,1762593.5,1781713,1801372,1820537.5,1837895,1852860,1865219,1874468,1880455,1883171.5,1882464,1878016,1869903.5,1858992,1845727,1830482,1814269.5,1797821.5,1781573.5,1766233,1751860,1738849,1727672.5,1718199,1710598.5,1705269.5,1702432,1701658,1702480,1704994.5,1709312.5,1714869.5,1721069.5,1728150.5,1735955.5,1743818.5,1751538.5,1758749,1764971,1769855,1773136.5,1774714.5,1774723.5,1773073,1769517.5,1764134,1757104.5,1748982.5,1740254.5,1731090,1641898,1652065.5,1659431.5,1658284,1651796,1634075.5,1606381,1581832,1561413,1544754.5,1520346,1484101.5,1457962.5,1461536.5,1476790,1501029.5,1594595.5,1743513,1884078.5,2017257,2147339,2213580.5,2206177.5,2189319,2174929.5,2154882.5,2135895.5,2126761,2121235.5,2120768,2121860,2127062.5,2130990.5,2135719.5,2145531.5,2152090.5,2157473.5,2161829,2161235.5,2159676.5,2155190.5,2153641.5,2161482.5,2167749.5,2156215.5,2114573.5,2051645.5,1987790.5,1957420.5,1946717.5,1949390,1971157,1981437.5,1974214,1963472,1957342.5,1949283,1941317,1950820.5,1965411,1964969.5,1956351.5,1943967.5,1920966.5,1888429.5,1860035,1865916,1886983,1917464,1955102.5,1978401.5,2016837.5,2052827.5,2062786,2088294.5,2133776.5,2175338.5,2214637.5,2245915,2267394,2279898.5,2279575.5,2268776.5,2253014,2230056,2194368,2171142.5,2146335.5,2099892,2058325,2022251.5,1984138,1962735.5,1952106,1931078,1916190.5,1893945,1864553,1851939.5,1853372,1857445,1864438,1874681,1887869,1903390,1920796,1939710,1959421.5,1978712.5,1996248,2011380.5,2023830.5,2032878.5,2038719,2041460,2040689.5,2036255,2028219.5,2017108.5,2003664.5,1988308.5,1972098.5,1955700.5,1939382.5,1923950.5,1909630.5,1896720.5,1885489.5,1875919,1868213,1862805,1860017,1859368.5,1860661.5,1863687.5,1867985,1873528.5,1879889.5,1887002.5,1894735,1902651.5,1910344.5,1917360.5,1923624.5,1928629.5,1931744,1932854,1932513.5,1930698,1926916.5
Djibouti,Djibouti,47,DJI,262,DJB,Sub-Saharan Africa,Sub-Saharan Africa,Eastern Africa,Least developed countries,"","",Middle East and North Africa,Programme countries,MENAEMRO,"",Eastern Mediterranean,Middle East and North Africa,Middle East and North Africa (excluding high-income),Middle income,Lower middle income,Low and middle income,Africa,Sub-Saharan Africa,Least developed countries,Excluding China,OIC,Arab,OIC Lower middle income,OIC Middle income,Countdown,Eastern Africa,Africa,Eastern Africa,Non-fragile,Non-fragile,Non-fragile,Fragile,Fragile,Fragile,Other Fragile,Non-fragile,Fragile,Other fragile,non-FCS,"","",Africa,Eastern Africa,"",Sub-Saharan Africa,"",Least developed countries,"","","",Sub-Saharan Africa,Sub-Saharan Africa,Eastern Africa,Sub-Saharan Africa (inc. Sudan),Least Developed Countries (LDCs),"","","","",Non conflict,Sub-Saharan Africa,Eastern and Southern Africa,"","","","",Sub-Saharan Africa,Eastern and Southern Africa,Lower middle income,Low and middle income,African Group,"",GAVI,Eastern and Southern Africa,Non-humanitarian,Non-high burden,"",Middle East and North Africa,Eastern and Southern Africa,LiST,"",LiSTSBR,"","","","","","","","","","",ECA_Eastern Africa,ECA_All countries,"","","","","","","","","",ESCAP_Africa (AFR),ECA_African Union Commission,ECA_IGAD,"",ECA_CEN-SAD,ECA_COMESA,"","",ECA_Non-Oil Producing,ECA_Least developed countries,ECA_Mineral-rich countries,ECA_Non-Oil LDCs,"",ECA_Sub-Saharan Africa,"","","",ESCWA_Arab countries,ESCWA_Arab LDCs subregion,"",ESCWA_Arab Middle-Income Countries (MICs),3279.5,3397,3519.5,3645.5,3773,3902,4036.5,4177,4324,4484,4669.5,4883.5,5128.5,5420.5,5733,5972.5,6131,6272.5,6404.5,6605,6956,7438.5,8005,8634,9367,10264.5,11351,12606.5,13962,15298.5,16503.5,17527.5,18400,19230.5,20169,21337,22785.5,24476,26272.5,28524.5,31694.5,34575,34310.5,33653.5,34309.5,34612,35394.5,36603.5,37938,39003.5,39908.5,40841.5,41781,42394.5,42828,43468.5,44439,45544,46584,47601,48487,49200,49806,50444,51260,52311.5,53617.5,55147,56686,57896.5,58643,58946.5,58832.5,58399,58002.5,57753,57518,57312,57162,57075.5,56974.5,56857,56757,56666.5,56566,56505.5,56513,56570,56651,56877.5,57273.5,57690.5,58102.5,58494,58780.5,59009,59268.5,59509,59718.5,59920,60106,60255.5,60405.5,60579.5,60700,60714.5,60714.5,60739.5,60703,60586.5,60416,60223.5,60043.5,59836,59609.5,59451.5,59360.5,59268,59173,59087.5,59031.5,59024,59016.5,59019,59095.5,59201.5,59291,59368.5,59427,59477,59473,59421,59378.5,59304,59195,59091.5,58962.5,58816,58680.5,58527,58339,58125,57905,57734,57549.5,57330,57127,56970,56857,56725.5,2755,2854.5,2956.5,3063,3170.5,3279,3393.5,3513.5,3636,3759.5,3894,4049,4227.5,4439,4691,4979.5,5289,5610.5,5950.5,6328,6660.5,6925,7195.5,7481.5,7848,8423.5,9245,10241,11325.5,12391.5,13348.5,14160.5,14852.5,15512.5,16268,17219.5,18407,19810.5,21333.5,23271,26012.5,28572,28558,28248,29049.5,29551.5,30501,32121,34029,35521,36685.5,37790,38785.5,39094.5,38918.5,38890.5,39340,40142,41016,41983,42996,44061.5,45120.5,46151.5,47134.5,47989,48684.5,49271.5,49886,50677.5,51706.5,52992,54482.5,55969.5,57368,58557,59359.5,59761,59786,59668.5,59532.5,59376.5,59203,59034.5,58889.5,58762,58647.5,58605.5,58622,58636.5,58738.5,58933,59125.5,59224.5,59414,59797,60211,60598,60982,61313.5,61584,61847,62159,62585.5,62981.5,63203,63452.5,63825.5,64102.5,64226,64246.5,64193,64117.5,63938,63658,63460.5,63383.5,63289,63138,62937,62731,62577,62401.5,62252.5,62259,62339,62406.5,62452.5,62455,62501,62533.5,62542.5,62657.5,62797.5,62915,63051.5,63115,63101,63089,63016.5,62849,62628,62407.5,62307,62185.5,61966,61747,61598.5,61491,61296
Gabon,Gabon,44,GAB,266,GAB,Sub-Saharan Africa,Sub-Saharan Africa,Central Africa,"","","",West and Central Africa,Programme countries,"","",Africa,Sub-Saharan Africa,Sub-Saharan Africa (excluding high-income),Middle income,Upper middle income,Low and middle income,Africa,Sub-Saharan Africa,Excluding least developed countries,Excluding China,OIC,Africa,OIC Upper middle income,OIC Middle income,Countdown,Central Africa,Africa,Central Africa,Non-fragile,Non-fragile,Non-fragile,Non-fragile,Non-fragile,Non-fragile,"",Non-fragile,Non-fragile,"",non-FCS,"","",Africa,Middle Africa,"",Sub-Saharan Africa,"","","","","",Sub-Saharan Africa,Sub-Saharan Africa,Middle Africa,Sub-Saharan Africa (inc. Sudan),"","","","","",Non conflict,Sub-Saharan Africa,West and Central Africa,Sub-Saharan Africa,West and Central Africa,Upper middle income,Low and middle income,Sub-Saharan Africa,West and Central Africa,Upper middle income,Low and middle income,African Group,Economic Community of Central African States,"",West and Central Africa,Non-humanitarian,Non-high burden,"",West and Central Africa,West and Central Africa,LiST,"",LiSTSBR,"","","","","","","","","","",ECA_Central Africa,ECA_All countries,"","","","","","","","","",ESCAP_Africa (AFR),ECA_African Union Commission,ECA_ECCAS,"","","","","",ECA_Oil producing economies,"","","","",ECA_Sub-Saharan Africa,"","","","","","","",19658,19689,19740.5,19792.5,19818,19815,19797,19775,19781,19871.5,20075.5,20375.5,20745,21069,21385.5,21812.5,22275.5,22736,23307.5,24008,24676.5,25288,25913,26593.5,27360.5,28216.5,29151.5,30157,31201.5,32254.5,33322.5,34426,35564,36745.5,37995.5,39328,40754.5,42291,43923.5,45610.5,47350,49154,51020.5,52972,55033,57206.5,59491.5,61834.5,64193,66539.5,68837.5,71059,73251.5,75436,77573,79667.5,81713.5,83665,85493.5,87197.5,88747.5,90168,91568,92998,94434.5,95934,97512,99146,100929.5,102994,105348.5,107990.5,110973,114339,118462,123238,128187.5,133070,137626.5,141685.5,145223.5,148443,151587.5,154804,158030.5,160986,163379.5,165146.5,166324,167057,167622.5,168220,168902.5,169736,170804.5,172120,173613.5,175300.5,177239,179357.5,181608.5,184026,186566.5,189164.5,191819,194477,197092.5,199624,202033.5,204289.5,206358,208249.5,209978.5,211514.5,212872,214080.5,215101.5,215985.5,216821.5,217624,218410.5,219220,220047.5,220827.5,221526,222190.5,222855.5,223548,224357.5,225325.5,226377,227455.5,228530,229584,230575,231511,232466,233472,234473.5,235394.5,236215.5,236966.5,237646.5,238226,238769,239317.5,239781.5,240081,240243.5,240294.5,18754.5,18772.5,18800,18838.5,18880,18919,18970,19040.5,19111,19154.5,19170,19171,19167,19190.5,19293.5,19506,19814,20190.5,20521,20967.5,21603,22188.5,22702,23285.5,23917,24483.5,25060,25696.5,26405.5,27196.5,28066.5,29007,30011.5,31050.5,32097,33161,34261,35395,36572.5,37817.5,39142,40559.5,42086,43705,45383,47149,49020.5,50977.5,53040.5,55237,57574,60062.5,62666.5,65347.5,68104,70935,73822,76792.5,79818,82836,85853,88831,91668.5,94226,96244,97437.5,97784,97568.5,97211.5,97052.5,97327.5,98093.5,99271,100806.5,103287,106789.5,110735.5,114990.5,119441.5,124100.5,128995.5,134073.5,139084,143770.5,147967,151653.5,155038,158344,161707.5,165082.5,168199,170758,172688.5,174038,174957.5,175724,176518.5,177381.5,178385.5,179607.5,181072,182739.5,184612,186733,189055,191495,194073.5,196757.5,199499.5,202320,205134.5,207886.5,210562,213129,215534,217754,219815.5,221734.5,223440,224951,226327,227525,228576,229572,230520,231453.5,232411.5,233391,234336.5,235193,236002,236808.5,237647,238591,239675.5,240812.5,241989.5,243203,244417.5,245543.5,246595,247658.5,248750.5,249842.5,250879.5,251864.5,252798,253639,254333,254966
Georgia,Georgia,139,GEO,268,GEO,Caucasus and Central Asia,Caucasus and Central Asia,"","","","",Europe and Central Asia,Programme countries,"","",Europe,Europe and Central Asia,Europe and Central Asia (excluding high-income),Middle income,Upper middle income,Low and middle income,Asia,"",Excluding least developed countries,Excluding China,"","","","","","","","",Non-fragile,Non-fragile,Non-fragile,Non-fragile,Non-fragile,Non-fragile,"",Non-fragile,Non-fragile,"",non-FCS,"","",Asia,Western Asia,"",Northern Africa and Western Asia,Western Asia,"","","","",Northern Africa and Western Asia,Asia,Western Asia,Caucasus and Central Asia,"","","","","",Non conflict,Europe and Central Asia,Eastern Europe and Central Asia,Europe and Central Asia,Eastern Europe and Central Asia,Upper middle income,Low and middle income,Europe and Central Asia,Eastern Europe and Central Asia,Upper middle income,Low and middle income,Eastern European Group,"",GAVI,Eastern Europe and Central Asia,Non-humanitarian,Non-high burden,"",Europe and Central Asia,Eastern Europe and Central Asia,LiST,LiSTSBR,LiSTSBR,"","","","","","","","","",EECA,"",ECE_All countries,"ECE_Eastern Europe, Caucasus and Central Asia (CIS)","","","","","","","",ESCAP_North and Central Asia (NCA),ESCAP_All countries,"","","","","","","","","","","","","","","",ESCAP_WB Upper Middle Income Economies,"","","","",172453.5,179198.5,189759.5,199972.5,205784.5,203887,193029,176303.5,158137.5,141742,130609,127748,131750,140425.5,151648.5,163559.5,173535,181103.5,188583,197190,204572.5,210191.5,216535,222836.5,228720.5,234035.5,238407,241669.5,243837.5,243444,240342.5,235650.5,229830.5,222634,215390.5,211124.5,210306.5,211463.5,212747.5,208596,201461,196749.5,192439.5,187649,182820,179509,177885,177297.5,177299.5,177270.5,176553,175399,174313,171594.5,168865.5,167656,164983,159929.5,154658,147562,137840.5,129473.5,123831,120230,117280.5,114667,112341.5,110067.5,108233.5,107318.5,107286.5,107952.5,110391,114431.5,119400,125014.5,130090.5,134394.5,138063.5,141315.5,144379,147392.5,149413,149240.5,146324,141383,135971.5,130209,124442.5,119524,115355,111414,108468.5,106567.5,104809.5,103310.5,102127,101284,100763.5,100516,100522,100754.5,101181.5,101782,102525.5,103332,104151,104928.5,105618.5,106190,106565,106692,106543,106107.5,105381.5,104412.5,103255,101922,100426.5,98794.5,97059.5,95255.5,93438.5,91644,89902,88251.5,86734.5,85387.5,84225.5,83256.5,82474.5,81862.5,81399,81088.5,80928,80874,80894.5,80972,81079,81183.5,81264.5,81307.5,81320.5,81256.5,81081.5,80816,80443.5,79932,79298,78572.5,187451.5,188081.5,183163,176886,173379,174747.5,181500.5,192104.5,202443,208549.5,207130.5,196879.5,180839.5,163346.5,147518,136764,131299.5,129616.5,133157.5,141861,153445,164602,173328,180004.5,186112.5,192502.5,199018.5,205798,212485,218222.5,223213,227490,230744,233536.5,234412.5,231194,224351,216125,209152.5,201371,194667,191514.5,188423,183416.5,176640.5,170193,164644,159815,155640,151983,149032.5,147860.5,149458.5,153188,157418.5,161180.5,164123.5,165503.5,163348,160470.5,158387,154549.5,149547.5,144282,138166.5,130926,124078.5,118837.5,115398,113043,111286.5,109696.5,109287,109256,108639,108552.5,108965,110303.5,113280,118101,123649.5,128648,132889,136521,139712,142705.5,145621.5,147527,147269.5,144340.5,139401,134016,128328,122587,117647.5,113427,109387.5,106336,104371.5,102597,101112.5,99954,99112.5,98605.5,98424,98492,98764.5,99263.5,99953.5,100735.5,101561,102415.5,103200.5,103860.5,104399,104732,104824.5,104685.5,104294,103614.5,102701.5,101626.5,100367,98912,97307,95567,93715.5,91866,90078,88366,86780,85327.5,84005,82850,81872.5,81048,80404.5,79934,79621.5,79480.5,79482,79555.5,79685,79840,79964,80062.5,80120,80121,80041.5,79867.5
Gambia The,Gambia,30,GMB,270,GAM,Sub-Saharan Africa,Sub-Saharan Africa,West Africa,Least developed countries,"","",West and Central Africa,Programme countries,"","",Africa,Sub-Saharan Africa,Sub-Saharan Africa (excluding high-income),Low income,Low income,Low and middle income,Africa,Sub-Saharan Africa,Least developed countries,Excluding China,OIC,Africa,OIC Low income,"",Countdown,West Africa,Africa,Western Africa,Non-fragile,Non-fragile,Non-fragile,Fragile,Fragile,Fragile,Other Fragile,Fragile,Fragile,Other fragile,non-FCS,"","",Africa,Western Africa,"",Sub-Saharan Africa,"",Least developed countries,"","","",Sub-Saharan Africa,Sub-Saharan Africa,Western Africa,Sub-Saharan Africa (inc. Sudan),Least Developed Countries (LDCs),"","","",Global Strategy,Non conflict,Sub-Saharan Africa,West and Central Africa,Sub-Saharan Africa,West and Central Africa,Low income,Low and middle income,Sub-Saharan Africa,West and Central Africa,Low income,Low and middle income,African Group,Economic Community of West African States,GAVI,West and Central Africa,Non-humanitarian,Non-high burden,Fragile,West and Central Africa,West and Central Africa,LiST,"",LiSTSBR,"","","","","","","","","","",ECA_West Africa,ECA_All countries,"","","","","","","","","",ESCAP_Africa (AFR),ECA_African Union Commission,ECA_ECOWAS,"",ECA_CEN-SAD,ECA_Sahel,"","",ECA_Non-Oil Producing,ECA_Least developed countries,"",ECA_Non-Oil LDCs,"",ECA_Sub-Saharan Africa,"","","","","","","",15574.5,15916.5,16223.5,16519,16862,17274,17747,18301,18949.5,19674,20440.5,21194,21811,22046,21828,21503.5,21304.5,21283.5,21655.5,22472.5,23418,24319.5,25239,26182,27168,28213,29320,30486.5,31700,32955,34237.5,35504.5,36790.5,38162,39749,41511.5,43333.5,45242.5,47222,49282,51447,53694,55883,57708,59326,61215.5,63491.5,66128,69035,72150,75382.5,78679.5,82030.5,85415,88859,92437.5,96142.5,99879,103588.5,107244.5,110687.5,113745.5,116451,118911,121107,123101,125170.5,127433,129892,132700.5,136079.5,140082,144463,148950.5,153449.5,157998.5,162598.5,167385.5,172253.5,176535,179786.5,181853.5,182614,182294,181829,181895,182581.5,183933.5,186009.5,188321.5,190290,191847.5,193008,193784,194293.5,194737,195174.5,195634,196141,196706,197318,197960.5,198633.5,199326,200028,200711,201355,201965,202492,202906.5,203210,203410.5,203520.5,203523.5,203414.5,203237.5,202997.5,202648.5,202229,201772.5,201268,200742.5,200207.5,199680,199198,198749.5,198290.5,197801,197280.5,196721.5,196130.5,195482.5,194806,194144,193474.5,192822.5,192191.5,191564.5,190925,190285,189609.5,188892.5,188168,187425,186626,185776,184912,184016,183077,182096,13733,14162.5,14611,15054.5,15457,15816.5,16146.5,16443,16730.5,17064.5,17464.5,17925,18464.5,19095,19798.5,20545,21280.5,21898,22165,22000,21732.5,21585.5,21605,21991.5,22758.5,23636,24530,25501,26554.5,27686,28884,30086,31332,32688.5,34377,36382.5,38421,40490.5,42600,44727.5,46847.5,48994.5,51006,52363.5,53008,53417,53862,54462,55369,56690.5,58452.5,60623,63146,65961,69018,72231.5,75568,79005.5,82485,86000.5,89610.5,93306.5,97009.5,100664.5,104246.5,107596.5,110541,113120,115449.5,117524.5,119532,121738.5,124092.5,126599.5,129385.5,132595,136361.5,140557,144925,149358.5,153866.5,158423,163178.5,168017.5,172267,175501,177570.5,178345.5,178066,177648.5,177745,178439,179790.5,181862,184153.5,186108,187659,188819.5,189597.5,190112,190568.5,191022,191491.5,191998,192585.5,193225,193875,194565.5,195275.5,195990.5,196703.5,197401.5,198061,198619,199057.5,199386.5,199595,199683,199674.5,199561.5,199368,199108,198748,198346,197922.5,197447.5,196943.5,196432,195933,195463,195013,194563,194083.5,193565.5,193029,192483.5,191867,191224.5,190615,189980.5,189339.5,188708,188085,187463,186827,186154,185469,184783,184078.5,183344
State of Palestine,State of Palestine,61,PSE,275,PLW,Western Asia,Western Asia,"","","","",Middle East and North Africa,Programme countries,MENAEMRO,"","",Middle East and North Africa,Middle East and North Africa (excluding high-income),Middle income,Lower middle income,Low and middle income,Asia,"",Excluding least developed countries,Excluding China,OIC,Arab,OIC Lower middle income,OIC Middle income,"","","","",Fragile,Fragile,Fragile,Fragile,Fragile,Fragile,Other Fragile,Fragile,Fragile,Other fragile,Fragile and Conflict-affected Situation,Conflict,"",Asia,Western Asia,"",Northern Africa and Western Asia,Western Asia,"","","","",Northern Africa and Western Asia,Asia,Western Asia,"Western Asia (exc. Armenia, Azerbaijan, Cyprus, Israel and Georgia)","","",HAC,HAC,"",Conflict,Middle East and North Africa,"",Middle East and North Africa,"",Upper middle income,Low and middle income,Middle East and North Africa,"",Upper middle income,Low and middle income,"","","",Middle East and North Africa,Humanitarian,Non-high burden,Fragile,"","","","","","","","","","","","","","","","","","","","","","","","","","",ESCAP_Other Area (OTH_REGION),"","","","","","","","","","","","","","","","",ESCWA_Arab countries,ESCWA_Mashreq subregion,ESCWA_Countries in conflict,ESCWA_Arab Middle-Income Countries (MICs),48089.5,49413.5,50737.5,52044,53216,54216,55066,55754.5,56427.5,57301,58378,59621,61005,62135.5,62456,62126,61356,60037,58805,58358.5,58706.5,59805.5,61611,63820.5,66123.5,68395,70605.5,72790,74996,77273.5,79709.5,82308.5,85126,88448,92427,95683,98250,103188,108852.5,113286.5,117942,122917.5,128160,133585,139247,145076,151071.5,157415,163662.5,169722,176099.5,182599,189104,195809,202802.5,210250,217985,225532,232058,236947,240163,241760,241768,241072.5,240746.5,240890,241633,243390.5,246061.5,249517.5,254554.5,260924,267803,274134,281071,290420,300874,311114,320625,329369,337253.5,344510,351159,356574.5,360117,361176,360229.5,358752.5,357445.5,355857.5,354347,353512.5,352983,352763,353553.5,355050.5,356521,358286.5,360579,363403.5,366773,370435.5,374167.5,377840.5,381234.5,384252,386935,389171.5,390721.5,391609,391948,391719.5,390866.5,389539,387902.5,385951,383693,381339,378997.5,376695.5,374519.5,372529,370746.5,369165,367827,366808.5,366123,365573.5,365083,364662.5,364385,364250,364038.5,363609.5,362955,362071.5,360911.5,359416.5,357682.5,355797.5,353753.5,351562.5,349245.5,346811.5,344265,341688.5,339143,336669.5,334236.5,331744.5,36260.5,37403,38679,40025.5,41357,42648.5,43907.5,45164.5,46399.5,47498.5,48431.5,49217,49835.5,50393.5,50886.5,51230.5,51348.5,51004,50266.5,49432.5,48961.5,49163,49895.5,51139,52820.5,54581.5,56272.5,57972.5,59740,61615,63612.5,65738,68080.5,70829,74077,76776.5,78927.5,82949,87521,91093.5,94885.5,98975.5,103345.5,107992.5,112918,118076,123476.5,129082.5,134222,138952.5,143821,148384.5,152740.5,157415,162564.5,168444,174995,181969.5,189292,196797.5,204499.5,212243.5,219520,225814.5,230560,233747.5,235549,235090,233240.5,231907.5,231733.5,232820.5,235692,238008,240138.5,244728.5,250635.5,257143,264263.5,272437.5,282138,292865,303326,313174.5,322281,330468.5,337906,344607.5,349994,353605.5,354833,354016,352689.5,351469.5,349855,348275,347297,346518.5,346055,346669,348138,349670,351504,353828,356516,359612.5,363179,367004.5,370694.5,374179,377547.5,380599.5,382927,384515,385497,385788.5,385330,384407,383067.5,381331,379446.5,377423,375159,372691.5,370290.5,368104,366148,364340,362705,361181,360038.5,359478,359031.5,358458,357984,357587.5,357201,356785.5,356366.5,355766,354928.5,353954,352687,351167,349419.5,347555,345527,343381.5,341128.5,338656
Germany,Germany,175,DEU,276,GERB,"","","","","","",Non-programme countries,"","","",Europe,Europe and Central Asia,"",High income,High income,"",Europe,"","","","","","","","","","","","","","","","",Non-fragile,"","",Non-fragile,"",non-FCS,"","",Europe,Western Europe,"",Europe and Northern America,Europe,"","","Europe, Northern America, Australia and New Zealand","Australia and New Zealand, Central Asia, Europe and North America",Europe and Northern America,Europe,Western Europe,"","","","","","","",Europe and Central Asia,Western Europe,"","","","","","","","",Western European and Others Group (WEOG),"","",High Income Countries,Non-humanitarian,Non-high burden,"","","","","","","","","","","","","","","","","",ECE_All countries,ECE_European Union (E25),ECE_Euro area (EMU),"","","","","","","",ESCAP_Europe (Europe),"","","","","","","","","","","","","","","","","","","","",2642169.5,2708020,2807159.5,2936565.5,3058062,3139672.5,3189156.5,3166646,3081222.5,2947173.5,2710095,2443499,2312487,2277229.5,2265612,2362396.5,2510708,2597314,2654123,2702908,2725470,2754052,2807026,2869313,2934175.5,2995823,3070208,3152490,3241600.5,3333462.5,3411097,3454485,3445387,3386403.5,3284907.5,3152541,3004553.5,2835663.5,2642433,2458444.5,2312619,2205732,2156394,2161167.5,2184404,2229728.5,2285128.5,2339560,2348356.5,2335850,2340795.5,2343939,2359872.5,2385230.5,2410293.5,2430693,2415928.5,2357115,2287415,2226601,2158344,2102031.5,2086650,2083932,2095722.5,2153201,2202684.5,2176842,2124244,2076623,2029570.5,1987167.5,1972090.5,1979764,1987325,1989875,1992957.5,1997954.5,1999315,2009721.5,2032017,2065156,2103628,2135084.5,2153856.5,2155442.5,2149147,2125918.5,2083519.5,2040270.5,2000746.5,1956107,1919243,1899124.5,1880503.5,1860827,1841083,1822396.5,1805424.5,1791087.5,1780700,1774337.5,1771672.5,1771930.5,1774665.5,1779684.5,1786659.5,1795509,1805972,1817736,1830586.5,1844305,1857912.5,1870749.5,1882242.5,1891192,1897107,1900025.5,1900049,1896994.5,1891290,1883158.5,1872815,1860512,1846910,1833185.5,1818873.5,1803882,1789518,1776175.5,1763827.5,1752838.5,1743429,1735563,1729367.5,1724739,1721298.5,1719648,1720326,1722554,1725741,1730206.5,1735732.5,1741445,1747017.5,1752436,1757086.5,1760410.5,1763251,1765685,2421809.5,2464588.5,2469845.5,2433993,2435897.5,2509344.5,2614138.5,2705016,2837111.5,3013023,3156157.5,3203007.5,3158628,3102188.5,2995708,2785413.5,2533974,2381989,2334650.5,2367944.5,2465152.5,2598372,2718858.5,2800922,2828884.5,2806372,2805657,2839606.5,2895127,2977246.5,3085059.5,3186276,3259359,3330420.5,3398728,3454435.5,3494651,3476665.5,3427063,3383455.5,3305401,3193589.5,3074608,2913292.5,2708752.5,2534918.5,2411708,2354341,2303044,2273863.5,2320256,2377191,2425348,2457342.5,2469530,2474692.5,2439105,2401228.5,2417496.5,2481353.5,2553179,2570770.5,2501817.5,2415929.5,2380385,2386842,2408271,2419925,2432094.5,2435100.5,2425365.5,2379676.5,2308216,2235253.5,2178574,2130003,2106379,2125168,2155591.5,2178120,2193955,2206121.5,2210941,2212652.5,2223900,2246836,2279224,2316708.5,2347228,2364852.5,2365831,2360562.5,2339128.5,2297584.5,2254181,2214142.5,2168907.5,2131308,2110183,2090871,2071260.5,2051770,2033467.5,2016419,2000801,1988450,1980445.5,1976359.5,1975380,1977956.5,1983185.5,1990385.5,1999431.5,2009934,2021508,2033718,2046107.5,2057939.5,2069622.5,2080268,2088830,2094397.5,2096775,2095940.5,2091618,2085419.5,2076715.5,2065055.5,2052053.5,2038477,2024567,2010546,1996644.5,1982718.5,1969107.5,1956198.5,1943796.5,1932723.5,1924282,1918125.5,1912937,1909077.5,1907935.5,1909296,1912002.5,1915823.5,1920418.5,1924852.5,1929863.5,1935487
Ghana,Ghana,45,GHA,288,GHA,Sub-Saharan Africa,Sub-Saharan Africa,West Africa,"","","",West and Central Africa,Programme countries,"","",Africa,Sub-Saharan Africa,Sub-Saharan Africa (excluding high-income),Middle income,Lower middle income,Low and middle income,Africa,Sub-Saharan Africa,Excluding least developed countries,Excluding China,"","","","",Countdown,West Africa,Africa,Western Africa,Non-fragile,Non-fragile,Non-fragile,Non-fragile,Non-fragile,Non-fragile,"",Non-fragile,Non-fragile,"",non-FCS,"",USAID,Africa,Western Africa,"",Sub-Saharan Africa,"","","","","",Sub-Saharan Africa,Sub-Saharan Africa,Western Africa,Sub-Saharan Africa (inc. Sudan),"","","","",Global Strategy,Non conflict,Sub-Saharan Africa,West and Central Africa,Sub-Saharan Africa,West and Central Africa,Lower middle income,Low and middle income,Sub-Saharan Africa,West and Central Africa,Lower middle income,Low and middle income,African Group,Economic Community of West African States,GAVI,West and Central Africa,Non-humanitarian,High burden,"",West and Central Africa,West and Central Africa,LiST,"",LiSTSBR,"","","","","","","","","","",ECA_West Africa,ECA_All countries,"","","","","","","","","",ESCAP_Africa (AFR),ECA_African Union Commission,ECA_ECOWAS,"",ECA_CEN-SAD,"","","",ECA_Oil producing economies,"",ECA_Mineral-rich countries,"","",ECA_Sub-Saharan Africa,"","","","","","","",300630,300594.5,298928,296304.5,293245.5,290954.5,290489,291970,294496,298618.5,305803,312509.5,317519,325129,336715,348530.5,359944.5,373136.5,386363,398824.5,414625,436321.5,460845.5,486403,511984,536060.5,566165.5,601274,633065,662730.5,693584,718551,733745,747255,760879.5,773945.5,783740.5,793252.5,806194,819848,834968,854264,879110.5,908973,943351.5,974037,999880.5,1029065.5,1060545,1087236.5,1116622.5,1155325.5,1190142,1215071.5,1237411.5,1261082,1283752.5,1305224,1325470,1343123,1356445,1366161.5,1376167,1390110.5,1410750,1440798,1479744,1522445.5,1563871,1602098.5,1638364,1673161,1704869.5,1734972,1766006.5,1798423.5,1834215,1875835,1921085.5,1964171,2001173,2028555.5,2041337.5,2043363,2042494,2039910.5,2038171.5,2043425,2054352,2066304.5,2078670.5,2091621,2105401.5,2119758,2134839.5,2151081.5,2167934.5,2185422,2203544.5,2222036.5,2240693.5,2259183,2276867.5,2293248.5,2308367,2322153.5,2334535.5,2345777.5,2355831.5,2364306.5,2371369,2377431.5,2382418.5,2386145.5,2389043.5,2391035,2391378,2390412.5,2388601.5,2386294.5,2383976,2382190,2380772.5,2379430.5,2377926.5,2376249.5,2374773,2373614,2373143,2373307.5,2373510,2373431,2372955,2371607.5,2369002.5,2365601.5,2361827,2357764,2353738,2349794,2345601,2341084.5,2336064,2330047.5,2323173,2315937,2307903.5,2299081,2290024,2280405,266422,274769,281999.5,287850.5,292470,294813.5,294539.5,292758,289947.5,286876.5,284939,284794,286233.5,288192.5,290740,294898.5,299706.5,304676.5,312294,323764.5,335107.5,345949.5,359023,372975,386866,403816,424858.5,447754,472015.5,495965.5,518091.5,546050.5,580405.5,613403,640094.5,661011,674621.5,682138.5,692827,708441.5,726248.5,739922.5,752202.5,766954.5,780406.5,794319,813220,839340,871365.5,908023,941792,972709.5,1007567,1043165,1073388,1104868,1143212.5,1177010,1201525,1223235,1244887.5,1264695,1283387.5,1301046,1316439,1328281.5,1338007.5,1348347.5,1361403,1380498,1410059.5,1448486.5,1489966.5,1531026,1568347,1601918.5,1633348.5,1662002,1689446,1718661,1750150,1785291.5,1826329,1871136,1913839.5,1950215.5,1976827,1989155,1990845,1989535.5,1986783,1985061,1990198.5,2000957.5,2012891.5,2025342,2038305,2052165.5,2066607.5,2081597,2097731.5,2114513.5,2131754,2149696,2168136.5,2186716.5,2205195,2222878.5,2239198.5,2254297,2268079,2280482.5,2291801,2301747,2310046.5,2316831,2322542.5,2327478,2331420,2334395.5,2336382,2337081.5,2336368,2334529,2332387,2330633.5,2329296.5,2328071.5,2327211.5,2326074.5,2324402,2322924,2321798.5,2321278.5,2321253,2321316,2321229,2321123.5,2320392.5,2318348.5,2315437.5,2311923.5,2307672.5,2303244.5,2299160.5,2294919.5,2290344.5,2285612,2280153,2273726.5
Kiribati,Kiribati,86,KIR,296,KRB,Oceania,Oceania,"",Least developed countries,"",SIDS,East Asia and Pacific,Programme countries,"","",Western Pacific,East Asia and Pacific,East Asia and Pacific (excluding high-income),Middle income,Lower middle income,Low and middle income,Oceania,"",Least developed countries,Excluding China,"","","","","","","","",Fragile,Fragile,Fragile,Fragile,Fragile,Non-fragile,"",Fragile,Non-fragile,"",Fragile and Conflict-affected Situation,Institutional and Social Fragility,"",Oceania,Micronesia,"",Oceania,Oceania (exc. Australia and New Zealand),Least developed countries,Small island developing States,South-Eastern Asia and Oceania (exc. Australia and New Zealand),"",Oceania (exc. Australia and New Zealand),Oceania,Micronesia,Oceania,Least Developed Countries (LDCs),Small island developing States (SIDS),"","","",Non conflict,East Asia and Pacific,"",East Asia and Pacific,"",Lower middle income,Low and middle income,East Asia and Pacific,"",Lower middle income,Low and middle income,Asia-Pacific Group,"",GAVI,East Asia and the Pacific,Non-humanitarian,Non-high burden,Fragile,"","","","","",EAPR Program Countries,EAPR Program Countries (excluding China),Pacific Program Countries,Pacific Program Countries (excluding PNG),EAPR Countries,EAPR Countries (excluding China),Pacific Countries,Pacific Countries (excluding PNG),"","","","","","","","",ESCAP_Pacific island developing economies (PIDE),"",ESCAP_LDC (LDC_E),"",ESCAP_PACIFIC (PAC),ESCAP_All countries,"","","","","","","","","","","","","",ESCAP_Countries with Special Needs,ESCAP_Small Islands Developing States,ESCAP_WB Lower Middle Income Economies,"","","","",1667.5,1665.5,1668.5,1679.5,1699,1728.5,1769.5,1821.5,1884.5,1959,2046,2145,2256,2390.5,2555,2727.5,2804,2777.5,2738.5,2751.5,2807,2849,2896,2968.5,3077.5,3205.5,3319,3406.5,3485.5,3600.5,3744,3871,3963,4003,3981.5,3913.5,3826.5,3727.5,3626.5,3548,3506,3492,3507,3558,3663,3808,3967,4142,4322,4484,4633.5,4804.5,4983,5144,5282.5,5412,5540.5,5650.5,5733.5,5798.5,5854.5,5893,5922,5957.5,5983.5,5981.5,5951.5,5879.5,5761,5645.5,5579,5584,5677.5,5861.5,6101.5,6371.5,6661.5,6930,7145,7310.5,7424,7486,7532.5,7594.5,7684,7782,7871,7943,7979,7975.5,7951,7917,7880,7854.5,7841.5,7840.5,7852.5,7876.5,7912,7954,7998.5,8045.5,8094,8141,8185,8227.5,8266,8301,8333.5,8364,8392.5,8417,8435.5,8447,8451,8446.5,8434.5,8419.5,8402,8378.5,8351,8321.5,8292,8263.5,8238,8215,8192,8170,8151,8134.5,8121,8109.5,8097.5,8087,8077,8066.5,8055,8042.5,8026.5,8008,7989.5,7970.5,7949.5,7927,7902.5,7873.5,7839.5,7802,7763.5,7723.5,1599,1613,1620,1622,1621,1618.5,1617,1620.5,1631.5,1651,1680,1720,1771,1833.5,1908.5,1995,2049.5,2063,2070,2112,2192,2264,2311,2332,2359,2392,2414,2432.5,2456.5,2543.5,2683,2822.5,2968.5,3115.5,3255.5,3396.5,3533.5,3646,3724,3755,3726,3635.5,3502,3359,3235,3150,3126.5,3161.5,3233,3354,3513,3692.5,3896.5,4112.5,4314.5,4501,4676,4829,4968,5094.5,5211,5316.5,5405.5,5478,5535,5572.5,5632,5725,5815.5,5887.5,5926,5912,5816,5654.5,5494,5388,5362,5440.5,5625.5,5867.5,6136.5,6425.5,6691.5,6903.5,7065,7175.5,7239,7287,7351,7442.5,7540.5,7628,7701,7742,7742.5,7721.5,7693,7657.5,7633,7624,7625,7636,7658,7688.5,7726.5,7770.5,7819.5,7871,7920,7966,8006,8041,8071.5,8100,8128.5,8157.5,8185,8206,8218.5,8220,8212.5,8200,8183,8162,8139.5,8116,8089,8059,8031.5,8008.5,7986.5,7966,7948,7933,7920.5,7909.5,7900,7891.5,7883.5,7873,7863.5,7856.5,7847,7831,7812,7792,7770,7747,7723.5,7700.5
Greece,Greece,176,GRC,300,GRE,"","","","","","",Europe and Central Asia,Programme countries,"","",Europe,Europe and Central Asia,"",High income,High income,"",Europe,"","","","","","","","","","","","","","","","",Non-fragile,"","",Non-fragile,"",non-FCS,"","",Europe,Southern Europe,"",Europe and Northern America,Europe,"","","Europe, Northern America, Australia and New Zealand","Australia and New Zealand, Central Asia, Europe and North America",Europe and Northern America,Europe,Southern Europe,"","","",HAC,HAC,"","",Europe and Central Asia,Western Europe,"","","","","","","","",Western European and Others Group (WEOG),"","",High Income Countries,Non-humanitarian,Non-high burden,"","","","","","","","","","","","","","","",EECA,"",ECE_All countries,ECE_European Union (E25),ECE_Euro area (EMU),"","","","","","","",ESCAP_Europe (Europe),"","","","","","","","","","","","","","","","","","","","",396807.5,397812,398048.5,396908.5,392880,385053,374094,361729,350150.5,342158.5,339747,339737.5,347963,364939.5,379992,366431,366285.5,359813.5,354607,354877,337897,344771.5,349643,351357,353943.5,361402.5,366089.5,367387.5,370137.5,372392,370193,369840.5,377971.5,388824,396708,399956,400680,399139,395408.5,394328,395516.5,396374,397873.5,401363,404932,407788,409555.5,408990.5,406066,398388.5,386758.5,373612,358250.5,343826.5,334338,327574,322584.5,319592.5,313246,304078.5,296244.5,288256.5,281042,277398.5,275359.5,273111.5,274160.5,277478,281293,285413.5,286056.5,280046,274260,272256,272529.5,275668.5,277649.5,276459.5,271653.5,263547,255676,250177.5,245565.5,240935,235660,229271.5,222602,214885.5,207185,201432,196649,191349,187808.5,186334.5,184808,183374.5,182104,181204.5,180692,180639,181098.5,182061,183447.5,185190,187113,189003.5,190784.5,192389.5,193685,194565,195015,194921,194184,192860,191012,188703,185995.5,182965.5,179690.5,176287,172867,169501,166212,163050,160081,157339,154863.5,152668,150803.5,149282,148055,147114.5,146460.5,146082.5,145955.5,146049.5,146335.5,146769.5,147259,147694.5,148043,148301.5,148452.5,148483,148350.5,148016.5,147471,146694,145698,144506,356784.5,366949.5,375219,381479,385655,387965.5,389179,389679,388744,385011,377676.5,363903.5,348163.5,336825.5,331139,296013.5,309694,336694.5,356510.5,361602,327843,329542,330511,327741.5,326252,332676.5,339484,341887,345024.5,351439.5,353302,355087,358820,359821.5,360431,362148.5,366009,373851,384170,392087.5,396303,401169,404972.5,405379.5,407603,410925.5,413507,416081,419419,422838.5,425561,426373.5,425896,424288,417473.5,406329,391065.5,371837.5,354932.5,342929.5,332955,324785.5,318353.5,308596,297159,288183.5,283102.5,281946,284026.5,289823,293586.5,285801,276957,274000,268611.5,268407,275029.5,281418,287624,294909.5,300448,302186,300708,295603,287259.5,279122.5,273354,268519.5,263660,258170,251621.5,244819,237029,229279.5,223410.5,218501.5,213115,209392,207692.5,205971.5,204361.5,202931.5,201908,201339,201212.5,201529,202328.5,203552,205110,206863.5,208650,210344,211835,213010.5,213761.5,214083.5,213822,212851,211237.5,209091.5,206515.5,203607.5,200419,197010,193522,190044.5,186602.5,183186,179895.5,176814.5,173935,171343,169071,167147.5,165548,164195.5,163120,162370.5,161889,161612,161594,161823.5,162186.5,162590,162943,163180.5,163297,163311.5,163244,163052
Grenada,Grenada,120,GRD,308,GND,Latin America and the Caribbean,Latin America and the Caribbean,"","",Caribbean,SIDS,Latin America and Caribbean,Programme countries,"",Eastern Caribbean Area,Americas,Latin America and the Caribbean,Latin America and the Caribbean (excluding high-income),Middle income,Upper middle income,Low and middle income,Latin America and the Caribbean,"",Excluding least developed countries,Excluding China,"","","","","","","","",Non-fragile,Non-fragile,Non-fragile,Non-fragile,Non-fragile,Non-fragile,"",Non-fragile,Non-fragile,"",non-FCS,"","",Americas,Latin America and the Caribbean,Caribbean,Latin America and the Caribbean,"","",Small island developing States,"","",Latin America and the Caribbean,Latin America and the Caribbean,Caribbean,Latin America and the Caribbean,"",Small island developing States (SIDS),"","","",Non conflict,Latin America and Caribbean,"","","","","",Latin America and Caribbean,"",Upper middle income,Low and middle income,Latin American and Caribbean Group (GRULAC),"","",Latin America and Caribbean,Non-humanitarian,Non-high burden,"","","","","","","","","","","","","","","","","",ECLAC_All countries,"","","",ECLAC_Carribean,"","","","","",ESCAP_Latin America (LAC),"","","","","","","","","","","","","","","","","","","","",3309.5,3504,3726.5,3967.5,4210,4450,4692.5,4927,5131,5299,5435,5538.5,5611,5638.5,5698,5532,5170.5,4934.5,4794,4673.5,4826.5,5153.5,5350,5539,5701.5,5840,5951.5,6039.5,6107.5,6149,6146,6108,6041.5,5930.5,5793,5667,5571,5502,5442.5,5371.5,5279,5159,5016,4878,4767.5,4699,4708,4820,5022,5298,5626,5929,6152,6307,6391.5,6392.5,6306,6134,5898,5629.5,5357.5,5141,5000,4903.5,4844,4814.5,4727.5,4581,4453.5,4337.5,4236.5,4224,4282,4331,4375.5,4410.5,4431,4436,4420.5,4370.5,4279.5,4151,3967,3777.5,3641.5,3545,3480.5,3466.5,3458.5,3413.5,3357,3296,3237,3184,3137,3095,3058.5,3027,2997,2966,2934.5,2902,2867.5,2832.5,2797.5,2764,2732.5,2703,2675.5,2649,2621.5,2593.5,2563,2529,2495,2459.5,2422,2385.5,2350,2314.5,2280,2245.5,2211.5,2180.5,2151,2122,2094.5,2068,2043.5,2019,1994.5,1971.5,1949.5,1928.5,1908,1888,1867.5,1846.5,1826,1805.5,1785.5,1765.5,1745.5,1725.5,1705,1685,1665,1645,1624.5,1605.5,2411,2523.5,2640.5,2766.5,2916,3093.5,3294.5,3517,3744.5,3952,4131,4287,4422.5,4531,4615.5,4685,4735,4766.5,4774,4836,4685.5,4344.5,4125.5,3993.5,3910.5,4008,4225.5,4373.5,4516,4648.5,4773.5,4940.5,5161,5359.5,5493.5,5556.5,5544.5,5462.5,5329.5,5172,5023.5,4905,4817,4744,4668,4583.5,4483,4369.5,4271,4210,4209,4307.5,4494,4724,4981.5,5239.5,5474.5,5672.5,5815.5,5889.5,5888,5827.5,5717.5,5560.5,5374.5,5183.5,5013.5,4880,4784,4723.5,4706,4638.5,4498,4366.5,4249,4142.5,4119,4176,4231,4279,4317,4342,4349.5,4335.5,4286.5,4196,4069,3887,3699,3566,3471,3405.5,3391,3382.5,3338.5,3283,3223,3165.5,3113.5,3069,3031.5,2997,2963.5,2932,2901.5,2870,2839,2806.5,2772.5,2739.5,2706,2674.5,2644.5,2614.5,2586,2557,2526,2495,2463,2429,2394.5,2359.5,2324,2288.5,2253.5,2219.5,2187.5,2155.5,2124,2094.5,2065.5,2039,2015,1991.5,1969,1948,1926.5,1904,1882,1861.5,1842.5,1823.5,1804,1784.5,1765.5,1746,1726.5,1708.5,1689.5,1670
Guatemala,Guatemala,121,GTM,320,GUA,Latin America and the Caribbean,Latin America and the Caribbean,"","",Latin America,"",Latin America and Caribbean,Programme countries,"","",Americas,Latin America and the Caribbean,Latin America and the Caribbean (excluding high-income),Middle income,Upper middle income,Low and middle income,Latin America and the Caribbean,"",Excluding least developed countries,Excluding China,"","","","",Countdown,"","","",Non-fragile,Non-fragile,Non-fragile,Non-fragile,Non-fragile,Fragile,Other Fragile,Non-fragile,Fragile,Other fragile,non-FCS,"","",Americas,Latin America and the Caribbean,Central America,Latin America and the Caribbean,"","","","","",Latin America and the Caribbean,Latin America and the Caribbean,Central America,Latin America and the Caribbean,"","","","","",Non conflict,Latin America and Caribbean,"",Latin America and Caribbean,"",Upper middle income,Low and middle income,Latin America and Caribbean,"",Upper middle income,Low and middle income,Latin American and Caribbean Group (GRULAC),"","",Latin America and Caribbean,Non-humanitarian,Non-high burden,"",Latin America and the Caribbean,Latin America and Caribbean,LiST,"","","","","","","","","","","","","",ECLAC_All countries,"","","",ECLAC_Latin America,"","","","","",ESCAP_Latin America (LAC),"","","","","","","","","","","","","","","","","","","","",169438,171617,173495,175178.5,176975,179120.5,181943,185755.5,190513,196227,202986.5,210720,219110.5,228527,238890,249148.5,259269.5,269703.5,279817,289370.5,299216,309004,318252.5,326979.5,334600,340959,346038,350741,356067.5,362012.5,368783.5,376311,382626,389582,399432.5,410329.5,421357,432704,445183,458985.5,474153,489436.5,505398,522557,541292.5,561896.5,582926.5,603827,624920.5,645218.5,662938.5,679596,697322.5,716386.5,737120,759080,780631,800893.5,819400,836677,853694.5,870563.5,886449,900532.5,912425.5,922522.5,932377,941174.5,947280.5,951507,954510,955501.5,955839.5,956353,956552.5,958330.5,962480.5,968384.5,975433.5,983561.5,992587.5,1001869.5,1008906,1011816,1008330.5,996483.5,978393.5,959025,942856,932761.5,929636.5,930920,933629.5,935981.5,937499.5,938532.5,939512,940527.5,941684,942607.5,942887,942483,941278,939048.5,935700.5,931096,925328.5,918778,911679.5,904343.5,897202,890431.5,884001,878081,872678.5,867548.5,862688.5,858177.5,853796.5,849336.5,844873.5,840407.5,835863.5,831141,826333.5,821679.5,817152.5,812646.5,808270,804058.5,799750.5,795228.5,790501.5,785474.5,780045.5,774329,768495.5,762671.5,757058.5,751633.5,746350,741209,736143,731069,725990,720958,716048.5,711188.5,706314.5,701532,150643.5,154146,157159.5,159415,161306.5,163368.5,165384.5,167150.5,168693.5,170506.5,172955.5,176187.5,180406,185545.5,191458,198100,205370.5,213050,221609,230816,239640,247977,256417,264710,272966,281759.5,289863.5,297317,304348,310335,315466,319745.5,321383,323778.5,330172,337986.5,346354,355233.5,364752.5,374595,384917,395092.5,405635,417417,430750,445687.5,461397.5,478378.5,496955,516202.5,535052,554118,573688.5,593620.5,613267.5,631310.5,648873.5,667658.5,687581.5,708764.5,731326.5,753798,774881.5,794094.5,811689,828090,844428,859921,872589.5,882805.5,893485.5,905113,916263,926299.5,934431,939890.5,942166,943309,944036,944436,946348.5,950604,956608.5,963755.5,971974.5,981092.5,990432,997514,1000518,997154.5,985479,967652.5,948587,932700,922852.5,919910.5,921316,924088,926486,928095,929220.5,930304.5,931480,932809,933844,934208,933898,932798.5,930680.5,927447.5,922966.5,917303,910847,903883.5,896714.5,889719.5,883106,876854,871104.5,865859.5,860863.5,856140,851769,847491,843110.5,838765.5,834469,830116.5,825568.5,820902,816369,811923,807446,803114.5,798985,794768,790324.5,785681,780756.5,775440.5,769828,764069.5,758301.5,752726,747328,742082,737013,732039,727066.5,722086
Guinea,Guinea,31,GIN,324,GUI,Sub-Saharan Africa,Sub-Saharan Africa,West Africa,Least developed countries,"","",West and Central Africa,Programme countries,"","",Africa,Sub-Saharan Africa,Sub-Saharan Africa (excluding high-income),Middle income,Lower middle income,Low and middle income,Africa,Sub-Saharan Africa,Least developed countries,Excluding China,OIC,Africa,OIC Low income,"",Countdown,West Africa,Africa,Western Africa,Fragile,Non-fragile,Non-fragile,Non-fragile,Non-fragile,Fragile,Other Fragile,Non-fragile,Fragile,Other fragile,non-FCS,"","",Africa,Western Africa,"",Sub-Saharan Africa,"",Least developed countries,"","","",Sub-Saharan Africa,Sub-Saharan Africa,Western Africa,Sub-Saharan Africa (inc. Sudan),Least Developed Countries (LDCs),"","","",Global Strategy,Non conflict,Sub-Saharan Africa,West and Central Africa,Sub-Saharan Africa,West and Central Africa,Lower middle income,Low and middle income,Sub-Saharan Africa,West and Central Africa,Lower middle income,Low and middle income,African Group,Economic Community of West African States,GAVI,West and Central Africa,Non-humanitarian,High burden,"",West and Central Africa,West and Central Africa,LiST,"",LiSTSBR,"","","","","","","","","","",ECA_West Africa,ECA_All countries,"","","","","","","","","",ESCAP_Africa (AFR),ECA_African Union Commission,ECA_ECOWAS,"","",ECA_Sahel,"","",ECA_Non-Oil Producing,ECA_Least developed countries,ECA_Mineral-rich countries,ECA_Non-Oil LDCs,"",ECA_Sub-Saharan Africa,"","","","","","","",140145,141949,143975.5,146160,148366.5,150528.5,152972,155773.5,158795,162181,165800.5,169345,173145,177420.5,181543.5,186074,191224.5,196063.5,200569,205251.5,209637,213426,217144.5,220878.5,224699.5,228634,232742.5,237105.5,241822.5,246996.5,252677.5,258845,265441.5,272375.5,279640.5,287309,295375.5,303708,312096.5,320285.5,331289.5,344319,354765.5,364995,375350,385482,396245.5,403393.5,411106.5,422604.5,433705,442579,455206,473564,491389,507992,525462,544793.5,564433.5,583587,601894.5,619440.5,636116.5,650703,663839,677019.5,688792,698069.5,707800,719727.5,733502.5,749672.5,768527.5,789306.5,810372,830755.5,850207.5,868584.5,886002.5,902749.5,919424,936710.5,954292,971291.5,987707.5,1003753.5,1018879,1032908,1046236.5,1058532,1069181,1078455.5,1087309,1095731,1102994.5,1109623,1116032,1121831.5,1126906,1131532.5,1135901,1140380,1144812,1149477,1154892.5,1160725,1166327.5,1171536,1176599.5,1181037.5,1184644.5,1187851,1190912,1193601.5,1195947.5,1198292.5,1200516,1202271.5,1203857.5,1205244,1205854.5,1205955.5,1205761,1204842.5,1203173,1201223.5,1199034.5,1196648,1194327,1192206,1190141,1188147.5,1186200.5,1184220,1182352.5,1180548,1178498,1175968,1173490.5,1171055,1168364.5,1165519,1162616.5,1159411,1155856,1152151,1148411.5,1144625.5,1140625,1136435.5,127690,129039.5,130371.5,131738,133209,134799,136550.5,138522.5,140651.5,142798,144897.5,147270,149985.5,152912.5,156196,159709,163160,166867,171013.5,174839,178654.5,182553.5,185677,188163,190675,192899,194672.5,196603,198902.5,201847.5,205650.5,210392.5,216010.5,222328,229275,236874.5,245035,253565.5,262146,270307,280782,293096,302942,312349.5,321413.5,329928.5,338797.5,340669,341586,347324.5,351055.5,349012,351606.5,363659.5,375757,387232.5,400797.5,417965,436946.5,456349.5,475745.5,495633.5,515597,535201,554930,574617.5,593868,612293,628783.5,643943.5,658753,671685.5,681996,692399,703798,715924,730109.5,746919.5,765860,785536.5,805143,824021,841753.5,858507,874512.5,890541.5,907490.5,924848,941611.5,957939.5,974066,989147,1003000.5,1016215.5,1028154,1038300,1047240.5,1055776.5,1063745.5,1070576.5,1077007.5,1083367.5,1089209,1094572,1099371,1103651,1108004,1112156,1116594,1121923,1127462.5,1132775.5,1137994.5,1143126,1147542.5,1151127.5,1154388,1157464,1160081,1162407,1164710.5,1166861.5,1168524.5,1169940,1171244.5,1172099.5,1172450,1172199.5,1171292.5,1169890.5,1168006.5,1165983,1163993,1161935,1159972.5,1158096,1156068.5,1153605,1151235.5,1149165,1147133.5,1144902.5,1142678.5,1140720,1138638,1136170.5,1133586,1131086,1128313.5,1125229.5
Guyana,Guyana,122,GUY,328,GUY,Latin America and the Caribbean,Latin America and the Caribbean,"","",Latin America,SIDS,Latin America and Caribbean,Programme countries,"","",Americas,Latin America and the Caribbean,"",High income,High income,"",Latin America and the Caribbean,"",Excluding least developed countries,Excluding China,OIC,Asia/other,OIC Lower middle income,OIC Middle income,Countdown,"","","",Non-fragile,Non-fragile,Non-fragile,Non-fragile,Non-fragile,Non-fragile,"",Non-fragile,Non-fragile,"",non-FCS,"","",Americas,Latin America and the Caribbean,South America,Latin America and the Caribbean,"","",Small island developing States,"","",Latin America and the Caribbean,Latin America and the Caribbean,South America,Latin America and the Caribbean,"",Small island developing States (SIDS),HAC,HAC,"",Non conflict,Latin America and Caribbean,"","","","","","","","","",Latin American and Caribbean Group (GRULAC),"",GAVI,Latin America and Caribbean,Non-humanitarian,Non-high burden,"",Latin America and the Caribbean,Latin America and Caribbean,LiST,"",LiSTSBR,"","","","","","","","","","","",ECLAC_All countries,"","","",ECLAC_Carribean,"","","","","",ESCAP_Latin America (LAC),"","","","","","","","","","","","","","","","","","","","",19200.5,19538,19988,20514.5,21036,21643,22337.5,23014.5,23750,24637,25364,26102.5,27221.5,28545.5,30049,31706.5,33477.5,35319.5,37185.5,39010,40486.5,41503,42218,42760,43225.5,43646.5,44129.5,44678,45151.5,45461,45490.5,45423,45415.5,45314.5,45126.5,44865,44486.5,43933.5,43203,42342,41451.5,40715.5,40241.5,39851.5,39378,38807.5,38190.5,37595,37027,36502,36054,35705.5,35506.5,35481.5,35668,36112.5,36859,37779.5,38695,39534,40182.5,40478,40731,41082,41162.5,40896.5,40321.5,39462,39677,39053,37280.5,36651.5,36327.5,36291,36666.5,37262.5,37846,38338.5,38753,39125.5,39488.5,39823.5,40080.5,40198,40299.5,40365.5,40281,40159.5,39991,39616,39131.5,38706.5,38273,37859,37484,37132,36803.5,36496,36220.5,35980,35772.5,35592.5,35439,35323,35237,35160.5,35084.5,35014,34937,34835,34699,34521.5,34318.5,34091.5,33838,33579,33317,33044,32766,32477.5,32178,31876.5,31573,31274,30986.5,30711,30446.5,30196,29955,29722.5,29499,29284.5,29072.5,28866,28668,28465.5,28261.5,28069,27884.5,27692,27497,27302.5,27098,26881,26658,26436.5,26218.5,26008,25796,25581,17161.5,17551.5,17769.5,17909,18081,18332.5,18680.5,19138,19669.5,20230,20576.5,20688,20804.5,21003,21360.5,21944,22800,23918.5,25257.5,26787.5,28293.5,29704,31134.5,32539,33856.5,35010.5,35900.5,36490.5,36922,37282,37530,37949.5,38584,39091.5,39388.5,39464,39347,39110,38771.5,38321.5,37749.5,37188.5,36845,36623,36368,36109,35813.5,35431.5,34975.5,34456,33861.5,33240,32682.5,32207,31774.5,31380,31054,30824,30711.5,30797,31145.5,31798,32625.5,33520,34491,35433.5,36188,36774.5,39592.5,41048.5,39932.5,39745.5,38995,37693.5,36390.5,35306,34558.5,34291,34486,35001,35672,36329,36892,37368,37787.5,38180,38520,38776.5,38901,39015,39094,39037,38938.5,38774.5,38397,37902.5,37470,37035.5,36628.5,36268.5,35934.5,35605,35295.5,35043,34820,34614.5,34429.5,34282.5,34183.5,34131,34103,34066.5,34019,33942.5,33822,33665.5,33482.5,33281,33061.5,32808,32545.5,32284,32001.5,31715,31438.5,31165.5,30885.5,30607,30331.5,30060.5,29792.5,29544.5,29313,29093.5,28887,28672,28455,28249.5,28056,27861.5,27674.5,27499,27322.5,27145.5,26960.5,26769.5,26576,26380.5,26169,25941
Haiti,Haiti,104,HTI,332,HTI,Latin America and the Caribbean,Latin America and the Caribbean,"",Least developed countries,Caribbean,SIDS,Latin America and Caribbean,Programme countries,"","",Americas,Latin America and the Caribbean,Latin America and the Caribbean (excluding high-income),Middle income,Lower middle income,Low and middle income,Latin America and the Caribbean,"",Least developed countries,Excluding China,"","","","",Countdown,"","","",Fragile,Fragile,Fragile,Fragile,Fragile,Fragile,Extremely Fragile,Fragile,Fragile,Extremely fragile,Fragile and Conflict-affected Situation,Conflict,USAID,Americas,Latin America and the Caribbean,Caribbean,Latin America and the Caribbean,"",Least developed countries,Small island developing States,"","",Latin America and the Caribbean,Latin America and the Caribbean,Caribbean,Latin America and the Caribbean,Least Developed Countries (LDCs),Small island developing States (SIDS),HAC,HAC,Global Strategy,Non conflict,Latin America and Caribbean,"",Latin America and Caribbean,"",Lower middle income,Low and middle income,Latin America and Caribbean,"",Lower middle income,Low and middle income,Latin American and Caribbean Group (GRULAC),"",GAVI,Latin America and Caribbean,Humanitarian,High burden,Fragile,Latin America and the Caribbean,Latin America and Caribbean,LiST,"",LiSTSBR,"","","","","","","","","","","",ECLAC_All countries,"","","",ECLAC_Latin America,"","","","","",ESCAP_Latin America (LAC),"","","","","","","","","","","","","","","","","","","","",160569.5,165112.5,170039.5,175103.5,179873.5,184134,187835.5,191010,193932,196934,200108.5,203136,205574,207811.5,209986,212495,216070,220764,226050.5,231790.5,237824,243655.5,249310.5,254758.5,260183,265449,270553,275807,281309,287056,293015.5,299036,305051,311037.5,316893,322767,329030.5,335906,343371,351408.5,360029.5,368945.5,377931.5,386955.5,395901,404795.5,413767,422924,432363,442235.5,452693,463708,475141,486989.5,498932,510623.5,521447,530591.5,537777,543226.5,545795,547513,550664.5,553906.5,557188.5,560954,564447.5,566689,568543,570407,571692.5,573417,576632,580420,584355.5,588629.5,593211,597055.5,599242.5,600591.5,601575.5,601612.5,601301.5,601540,601569.5,600590.5,598592.5,596112,593486,590830.5,588506,586741,585469,584521,583879.5,583426.5,583017.5,582537,581980,581235,580244.5,579113,577874.5,576643,575478,574311,573112.5,571867,570480,568854,567078,565156.5,563095,561065.5,559067,557001,554921.5,552718.5,550285.5,547745,545109.5,542456,539974.5,537593,535234.5,532860.5,530349,527752.5,525135,522579,520188,517884,515495.5,512998.5,510396.5,507700,504932.5,502225,499658.5,497106,494476.5,491923,489423.5,486871.5,484337.5,481799,479170.5,476434,473666.5,470882,133250.5,135531,138429,141886.5,145743,149851.5,154293,159128.5,164111,168813,173016,176666.5,179792,182601.5,185453.5,188487,191365.5,193673.5,195863,198009,200441,203930,208495,213600,219115,224880.5,230403.5,235714,240813.5,245896,250823,255614.5,260596,265831.5,271303,276986.5,282727,288460.5,294190,299820,305493,311503,318094.5,325315.5,333126.5,341559.5,350396,359376.5,368401,377385,386341,395363,404569,414062.5,423916.5,434336,445338.5,456707,468425,480251,490449,499615.5,508407.5,515302.5,520458.5,524164.5,527030,529855,532763,535783,539407.5,542865,545152.5,547094,549390,551436,553891.5,557803,562246.5,566622.5,571169,576061.5,580222.5,582721,584398,585723.5,586106.5,586139,586715.5,587060.5,586386.5,584731.5,582616.5,580347,578056.5,576096.5,574671,573718,573082.5,572746.5,572602.5,572477.5,572213.5,571820,571192.5,570279,569193.5,568014.5,566875.5,565803.5,564710,563591,562426.5,561108,559548,557824.5,555968.5,553997,552047,550127.5,548145.5,546153.5,544036,541673.5,539201.5,536655.5,534098,531703.5,529400.5,527130.5,524844.5,522402,519884.5,517370,514909,512596,510367,508040.5,505598,503045.5,500411,497725,495095.5,492600.5,490129.5,487577,485093,482668,480190,477715
Honduras,Honduras,123,HND,340,HON,Latin America and the Caribbean,Latin America and the Caribbean,"","",Latin America,"",Latin America and Caribbean,Programme countries,"","",Americas,Latin America and the Caribbean,Latin America and the Caribbean (excluding high-income),Middle income,Lower middle income,Low and middle income,Latin America and the Caribbean,"",Excluding least developed countries,Excluding China,"","","","",Countdown,"","","",Non-fragile,Non-fragile,Non-fragile,Non-fragile,Non-fragile,Fragile,Other Fragile,Non-fragile,Fragile,Other fragile,non-FCS,"","",Americas,Latin America and the Caribbean,Central America,Latin America and the Caribbean,"","","","","",Latin America and the Caribbean,Latin America and the Caribbean,Central America,Latin America and the Caribbean,"","","","","",Non conflict,Latin America and Caribbean,"",Latin America and Caribbean,"",Lower middle income,Low and middle income,Latin America and Caribbean,"",Lower middle income,Low and middle income,Latin American and Caribbean Group (GRULAC),"","",Latin America and Caribbean,Non-humanitarian,Non-high burden,"",Latin America and the Caribbean,Latin America and Caribbean,LiST,"",LiSTSBR,"","","","","","","","","","","",ECLAC_All countries,"","","",ECLAC_Latin America,"","","","","",ESCAP_Latin America (LAC),"","","","","","","","","","","","","","","","","","","","",79544.5,81501,83326,85010.5,86558.5,88038.5,89490.5,90965,92669,94897.5,97806.5,101371.5,105759,110997,117057,123652,130279.5,136652.5,142665,148222,153474,158802,164203.5,169585.5,174548.5,178866,182867.5,186814.5,190812,195003,199525.5,204369,209477.5,214915,220758,227070,233983,241434,250014.5,259968,270966,282848,295276.5,308232.5,321263.5,333488,344635.5,354956,364389,373067,381275.5,389375.5,397978.5,406987.5,416124,425713.5,435737.5,445794,456125.5,467006,478033,488606,498289.5,507023.5,515329.5,523630,531475.5,538182,543249,546270,547001,546010,544663,543858,543630.5,543678.5,544090.5,544821.5,545457,546032,547146.5,549118,551675.5,555243,559801,564450.5,568865.5,573056.5,576644.5,579519.5,581994,583907.5,585136.5,585718,585653,584962,583842,582477,580806,578864,576918.5,575036,573071,571099.5,569265.5,567531.5,565918,564521,563279.5,562111.5,560970.5,559762,558435.5,556986.5,555497,554050,552617.5,551183.5,549798.5,548362,546728,544930,542968,540873.5,538699,536471.5,534215,531954.5,529682.5,527386.5,525004,522555.5,520099,517549,514958.5,512443.5,509989.5,507597,505245.5,502882.5,500533,498140,495710,493284,490853.5,488399.5,485965,483562.5,481164.5,478791,65683,67427.5,69621.5,72080.5,74411.5,76441.5,78274,79958.5,81489.5,82870.5,84162,85403,86653,88125.5,90117.5,92786,96112.5,100263.5,105270,111111,117508,123968.5,130192,136009.5,141323.5,146121,150621.5,154887.5,158891.5,162670,166297,169853.5,173422.5,177099.5,180997,185218.5,189789.5,194714.5,200245,206633.5,213965.5,222286.5,231382.5,240853,250837,261849,273775,286310,299345,312488,324937,336312.5,346857.5,356712.5,365847,374365,382784,391686.5,400928,410209,419832.5,429799.5,439760.5,449985.5,460784,471772,482325,491992,500717.5,509019,517335.5,525239.5,532052.5,537269.5,540518.5,541533.5,540805.5,539693,539091.5,539011.5,539169,539691,540527,541264.5,541944,543163,545231.5,547877,551529.5,556164,560882,565368,569634,573294.5,576243,578795,580783,582081.5,582730.5,582732,582105,581046.5,579741,578127.5,576241.5,574352.5,572526.5,570616.5,568699,566920,565242.5,563685.5,562338.5,561142,560020,558923.5,557758.5,556479,555078.5,553631.5,552223.5,550832.5,549438.5,548090,546690.5,545093.5,543330.5,541403.5,539346.5,537209,535014.5,532791,530562.5,528320.5,526053.5,523700,521279.5,518853,516331,513764.5,511278,508852.5,506485.5,504154.5,501809.5,499476.5,497099.5,494689,492285.5,489874.5
Hungary,Hungary,164,HUN,348,HUN,"","","","","","",Non-programme countries,"","","",Europe,Europe and Central Asia,"",High income,High income,"",Europe,"","","","","","","","","","","","","","","","",Non-fragile,"","",Non-fragile,"",non-FCS,"","",Europe,Eastern Europe,"",Europe and Northern America,Europe,"","","Europe, Northern America, Australia and New Zealand","Australia and New Zealand, Central Asia, Europe and North America",Europe and Northern America,Europe,Eastern Europe,"","","","","","","",Europe and Central Asia,Western Europe,"","","","","","","","",Eastern European Group,"","",High Income Countries,Non-humanitarian,Non-high burden,"","","","","","","","","","","","","","","","","",ECE_All countries,ECE_European Union (E25),"","","","","","","","",ESCAP_Europe (Europe),"","","","","","","","","","","","","","","","","","","","",380933.5,375060,370497,366679,364844,366312.5,358456,352769.5,361048,371824.5,377037.5,375631,378826.5,387048,394487,405604.5,421610.5,431157,439958.5,457373.5,473641.5,480904.5,479048.5,464574.5,436793.5,405367.5,379231,359158,345682,337615.5,331697.5,328014,331618,340580,350246.5,359513.5,366734.5,371154,374049,384413,404554.5,424187.5,437884.5,445623.5,442019.5,425982.5,407208,389622,372506.5,356665,345511,337666.5,330697,326782.5,324720,321944.5,319504.5,317977,314794.5,310585,305060,301519.5,296258.5,285246.5,273934.5,264070.5,256790,252620,251026,250658.5,250853,251799.5,253050,255226,258758,258390.5,253425,249353,245900.5,242836,242758.5,245467,248205.5,249873,250888,251488.5,251664,250305,247357.5,243408.5,238954.5,233940.5,229510,226832,224986,223065,221147,219275,217612,216280,215322.5,214694,214401,214449.5,214710,215103,215602.5,216105,216552.5,216878.5,216994.5,216971.5,216859.5,216570,216091,215502,214825,213998,212989,211818.5,210506.5,208981.5,207299,205608,203949,202332.5,200814,199435.5,198153,196965,195920,195059,194402.5,193968,193721,193565,193467.5,193411,193339,193246.5,193198,193177.5,193107,192959,192703,192314,191796,191181,190486.5,189724,386715.5,386057,385375,384337,380905,374835.5,358240,339153,331217,329639.5,332869.5,339771,349111,358287,368053.5,372975,371806,375092.5,383311.5,390753.5,401528.5,417091,426383.5,434571,450462,465309,472356,471204.5,457973,431572.5,400474,373586,352661,338011.5,328225,321143,317402,321333,330939,341477.5,352200.5,361141,366725.5,370002,379531.5,397574,415660.5,429148.5,437606.5,436305,423860,408170,391929.5,374845,358541,347372.5,340205,334303.5,331119,330929.5,329994,324916.5,322531,323011,321666,318405.5,311280,302154.5,293631,284415,274436.5,266818.5,262231.5,259247.5,259690,262176,266163.5,271637.5,277099.5,281944.5,282131,277694.5,273578,270080,266974.5,266835,269473.5,272121,273692,274622,275136,275239.5,273827.5,270843.5,266864,262362.5,257274.5,252763,250008,248083.5,246096,244118.5,242182,240462,239061,238018.5,237304.5,236955.5,236979,237181,237484.5,237909.5,238325,238667.5,238875.5,238873.5,238778.5,238618.5,238255,237700.5,237036,236251,235312.5,234215,232960,231569.5,229980.5,228240,226500,224778,223078.5,221487,220044.5,218716.5,217520,216446,215510,214790.5,214319.5,214017.5,213816.5,213706,213632.5,213509,213347.5,213239,213161,213043.5,212846,212515.5
Iceland,Iceland,177,ISL,352,ICE,"","","","","","",Non-programme countries,"","","",Europe,Europe and Central Asia,"",High income,High income,"",Europe,"","","","","","","","","","","","","","","","",Non-fragile,"","",Non-fragile,"",non-FCS,"","",Europe,Northern Europe,"",Europe and Northern America,Europe,"","","Europe, Northern America, Australia and New Zealand","Australia and New Zealand, Central Asia, Europe and North America",Europe and Northern America,Europe,Northern Europe,"","","","","","","",Europe and Central Asia,Western Europe,"","","","","","","","",Western European and Others Group (WEOG),"","",High Income Countries,Non-humanitarian,Non-high burden,"","","","","","","","","","","","","","","","","",ECE_All countries,"","","","","","","","","",ESCAP_Europe (Europe),"","","","","","","","","","","","","","","","","","","","",6197.5,6028,5887.5,5860.5,5857,5834.5,5852,6001,6278.5,6652.5,7148.5,7652.5,8079,8455,8812.5,9187.5,9467,9658.5,9912,10174,10326,10542.5,10888,11109.5,11286,11531,11639,11587,11614,11609.5,11504,11491,11454,11264.5,11021.5,10735.5,10480.5,10472.5,10676.5,10806.5,10855,10933.5,10804.5,10534,10517,10694,10820.5,11028.5,11241,11206.5,10923,10590.5,10421,10543,10790.5,11183.5,11681.5,12020.5,12186,12196.5,12066.5,11912.5,11785,11608,11411,11278.5,11197.5,11111,11062.5,11165.5,11335,11530,11947,12422,12811.5,13110.5,13238,13225.5,13067.5,12787.5,12490,12229.5,12053,12047.5,12153.5,12329,12686,12971.5,13031,12999.5,12874.5,12598.5,12360,12235,12094,11941.5,11799.5,11668,11545.5,11433,11329.5,11237.5,11152.5,11071,10995,10920,10841,10759,10677.5,10596.5,10516.5,10443.5,10378,10319.5,10272,10229.5,10188,10145,10099,10048.5,9990,9924.5,9852,9778.5,9705,9626.5,9545,9462,9380.5,9303,9230,9161,9096.5,9034,8970.5,8906.5,8845,8785.5,8727.5,8677,8630,8580.5,8531,8484.5,8440.5,8397.5,8353.5,8310.5,8268,8225.5,6106.5,6243.5,6282,6276.5,6257.5,6173.5,6008,5902.5,5880,5839.5,5796,5854.5,6038.5,6289,6653.5,7146.5,7665.5,8116.5,8472.5,8728.5,8954.5,9173,9410.5,9699,9981.5,10167,10363,10616.5,10750.5,10877.5,11078,11182.5,11221.5,11341.5,11358,11254.5,11227,11211,11159.5,10972,10630,10415.5,10422.5,10546,10613.5,10607,10668.5,10603,10418.5,10488,10786,11021,11197.5,11266.5,11164.5,11025.5,10982,11293,11758,11788.5,11842.5,12176,12433,12617.5,12784,12843.5,12903.5,13172.5,13388.5,13347,13154.5,13009,12968.5,12969,13100,13293,13452,13714,14022.5,14293,14493,14552,14486,14282.5,13968.5,13652,13381,13195.5,13184.5,13286.5,13456.5,13805,14086,14148.5,14118.5,13985,13699,13454,13320.5,13175,13023.5,12887,12758,12634,12523,12417,12315.5,12221.5,12134.5,12054,11972,11890.5,11806.5,11720,11641.5,11564,11491.5,11427,11373,11330.5,11289,11246.5,11198.5,11149.5,11100.5,11041,10970.5,10888,10801,10715.5,10626,10538,10458.5,10381,10303,10228.5,10157.5,10085.5,10009,9937,9870.5,9801,9727,9659,9603,9550,9495,9443.5,9397,9351.5
India,India,72,IND,356,IND,Southern Asia,"","","","","",South Asia,Programme countries,"","",South-East Asia,South Asia,South Asia (excluding high-income),Middle income,Lower middle income,Low and middle income,Asia,"",Excluding least developed countries,Excluding China,"","","","",Countdown,"","","",Non-fragile,Non-fragile,Non-fragile,Non-fragile,Non-fragile,Non-fragile,"",Non-fragile,Non-fragile,"",non-FCS,"",USAID,Asia,Southern Asia,"",Central and Southern Asia,Southern Asia,"","","","",Central and Southern Asia,Asia,Southern Asia,Southern Asia,"","","","","",Conflict,South Asia,"",South Asia,"",Lower middle income,Low and middle income,South Asia,"",Lower middle income,Low and middle income,Asia-Pacific Group,"",GAVI,South Asia,Non-humanitarian,High burden,"",South Asia,South Asia,LiST,LiSTSBR,LiSTSBR,"","","","","","","","","","","","","","","","",ESCAP_SAARC (SAARC),"","","",ESCAP_South and South-West Asia (SSWA),ESCAP_All countries,"","","","","","","","","","","","","","","",ESCAP_WB Lower Middle Income Economies,"","","","",17902557.5,18137618.5,18408715,18676598.5,18913067,19119750.5,19296169.5,19429191.5,19582939.5,19819745.5,20132277,20525183,20959323.5,21444216,22253422.5,23385680.5,24594627,25910321.5,27293114.5,28454768,29425464,30352680,31223753,32047554,32809457,33567721,34317364.5,35068048.5,35809592,36570614,37311889.5,37979853.5,38643190,39340276,40056014,40801361,41624742,42505452,43432123.5,44439025.5,45482728.5,46526972,47557935.5,48540265.5,49520931,50636743.5,51854050,53100154,54414596.5,55747492.5,56982390,58141295.5,59226818,60175719,61003278,61690617.5,62263311.5,62782060,63270916.5,63780535.5,64365866,64946028.5,65482064,66016175.5,66523791.5,67030936.5,67623564.5,68193087.5,68584741,68792965.5,68749854.5,68378661.5,67789019,67199759.5,66730579.5,66369850,66102266.5,65889553.5,65591867.5,64944066,64128740,63464045.5,62730636.5,62002769,61511012,60927457.5,60087918.5,59354933,58738504,58175694.5,57849640.5,57672844.5,57499137.5,57289889,57048757,56796199,56532880.5,56241707,55929630,55598973.5,55241147.5,54855244,54447540,54014067,53551612,53075056.5,52590905.5,52099874.5,51613124,51137289.5,50661366,50189134,49733087,49293969,48875613.5,48482828.5,48117197.5,47774899.5,47454153,47142867.5,46838925.5,46553242.5,46286380.5,46028651.5,45777424.5,45529327.5,45265202.5,44988427,44708036,44423940.5,44132922.5,43836984,43531237,43209396.5,42871524,42521069.5,42169949,41816803,41462546,41115385,40770840.5,40423639,40087910,39761782,39436399.5,39122457,38815852,38512307,38221132,37944678.5,16332705.5,16571462.5,16808136,17021363.5,17235546,17464213,17708393,17946766,18200375,18460779.5,18676320,18873549,19031866.5,19185185.5,19394534,19665881,19983730.5,20369349,20795653,21501209,22625295.5,23839075,25132613,26544771,27790976.5,28851598.5,29864562,30836215,31697874,32487914.5,33267462.5,33993636.5,34703200.5,35430854.5,36170627.5,36865439,37507073,38145961.5,38822746,39535259,40302060.5,41145325,42043054.5,42987032,43980309.5,44997768,46037851,47070082.5,48050762.5,49036348.5,50148963.5,51352550.5,52556377.5,53805329.5,55105045,56301065.5,57420671,58484226.5,59397940.5,60214903.5,60951826.5,61582367,62153960.5,62714894.5,63268158.5,63843108.5,64427370,64992218.5,65520925.5,65991269.5,66502014,67118715.5,67642188,67982582,68155217,68036933,67577597.5,66947068,66346187.5,65876744.5,65527872,65266032.5,65057040.5,64762237,64117455,63305928.5,62645371.5,61915301,61189169.5,60698240.5,60115733.5,59278837,58549504.5,57936159.5,57376322.5,57053727.5,56879557.5,56707639.5,56500362.5,56260908,56010431,55749848,55461919,55154614.5,54828411,54474126,54090925,53685706.5,53255294,52796693,52324474,51843427.5,51354702,50870944.5,50398217,49924286,49455888,49004953,48569144.5,48153708,47764311.5,47401500.5,47061903,46744878.5,46437822.5,46137795,45856245.5,45593660.5,45340651.5,45094328.5,44850463,44590655,44318898,44042833.5,43762680,43475489,43182145.5,42880359.5,42563461.5,42229463,41882187,41534074,41184836,40834246.5,40490336.5,40150533.5,39809303,39479235.5,39157879.5,38837359.5
Indonesia,Indonesia,96,IDN,360,IDS,South-eastern Asia,South-eastern Asia,"","","","",East Asia and Pacific,Programme countries,"","",South-East Asia,East Asia and Pacific,East Asia and Pacific (excluding high-income),Middle income,Upper middle income,Low and middle income,Asia,"",Excluding least developed countries,Excluding China,OIC,Asia/other,OIC Lower middle income,OIC Middle income,Countdown,"","","",Non-fragile,Non-fragile,Non-fragile,Non-fragile,Non-fragile,Non-fragile,"",Non-fragile,Non-fragile,"",non-FCS,"",USAID,Asia,South-Eastern Asia,"",Eastern and South-Eastern Asia,South-Eastern Asia,"","",South-Eastern Asia and Oceania (exc. Australia and New Zealand),"",Eastern and South-Eastern Asia,Asia,South-Eastern Asia,South-Eastern Asia,"","","","","",Non conflict,East Asia and Pacific,"",East Asia and Pacific,"",Upper middle income,Low and middle income,East Asia and Pacific,"",Upper middle income,Low and middle income,Asia-Pacific Group,"",GAVI,East Asia and the Pacific,Non-humanitarian,High burden,"",East Asia and Pacific,East Asia and Pacific,LiST,LiSTSBR,LiSTSBR,EAPR Program Countries,EAPR Program Countries (excluding China),"","",EAPR Countries,EAPR Countries (excluding China),"","",ASEAN Countries,"","","","","","","",ESCAP_ASEAN (ASEAN),"","","",ESCAP_South-East Asia (SEA),ESCAP_All countries,"","","","","","","","","","","","","","","",ESCAP_WB Upper Middle Income Economies,"","","","",3847418,3931861,4016788.5,4097063.5,4167542.5,4223786.5,4263690,4288816.5,4302281,4308456.5,4312790,4323682,4339716,4361437,4388051.5,4427462.5,4509030.5,4648794,4843198,5092948,5371376.5,5648343.5,5926605.5,6205209,6482295,6756060,7025826.5,7289798.5,7545542,7792547.5,8034252.5,8275967,8514643,8744517,8967635.5,9177545,9362652,9529314,9692866,9839559,9973112,10112463,10251769.5,10394979.5,10555993.5,10721107,10874013,11024833.5,11158744,11259715,11307468.5,11285793,11223224.5,11158920.5,11099583.5,11056042.5,11065030,11094323.5,11106045.5,11124160,11174918.5,11250527,11345570,11437666,11482096,11479082.5,11443923,11390705.5,11344564.5,11343374.5,11414316,11535924,11684474.5,11837003.5,11968518,12078273.5,12196607,12322864,12413796.5,12453997,12429923,12322928.5,12136992.5,11936625,11768953,11630164,11509901.5,11415234,11346786,11284909.5,11223133,11164466.5,11110425.5,11059785.5,11011006.5,10964344,10924930,10894203.5,10873318.5,10859904.5,10849613.5,10838959,10826184,10810061,10789862,10764689.5,10732774.5,10691595,10640382.5,10580092.5,10511613,10436243.5,10356659,10275916,10194025.5,10111288,10028159,9944937,9861303.5,9778309.5,9698750.5,9625426.5,9556784.5,9492443,9434111.5,9380929.5,9330351.5,9282665.5,9238951,9197648,9158865,9122058,9084620,9044623.5,9002310.5,8957108.5,8908178,8855975.5,8800567,8742532,8681103,8617482.5,8553059.5,8486255,8417614,8349676,8282939.5,8217512,8154418,8092080.5,3336357.5,3427475.5,3511202,3590667,3669515,3750962,3835808,3921293.5,4001230,4071382.5,4128765.5,4170522.5,4198771,4217016,4229822,4213042.5,4190237,4193022.5,4212596.5,4245282,4306311,4414575.5,4567309,4765152,5011513.5,5284849.5,5556438,5829552,6104198.5,6378621,6650848,6920041,7184302,7440907,7688944.5,7931410,8173170,8410875.5,8639059.5,8860168,9067900,9251140.5,9416651.5,9579878.5,9727051,9861487.5,10001661,10141512.5,10284255,10442622,10603451.5,10751123.5,10895637.5,11022954,11117215,11161213.5,11140022.5,11079495.5,11017844.5,10963150.5,10924367.5,10936840.5,10970788,10987848,11010878,11065320.5,11143243,11239401.5,11332047,11377309.5,11376148,11343935,11292935,11247844.5,11239481,11293209,11395524,11526364.5,11664826,11789948,11899408.5,12017590,12143501.5,12234197.5,12274394,12250442.5,12143980.5,11959136.5,11759796.5,11592883,11454941,11335570,11241679,11173980,11112821.5,11051674,10993575.5,10939961,10889904.5,10841895,10796024.5,10757362,10727163,10706659,10693678.5,10683968,10673945.5,10661817.5,10646298,10626367,10601376,10569928.5,10529375,10478941.5,10419639,10352161.5,10277772,10199253.5,10119530.5,10038707,9957085.5,9875129,9793216,9710869.5,9628973.5,9550450,9478294,9410694,9347355.5,9290084.5,9238025.5,9188598.5,9141927,9099224.5,9059055,9021402.5,8985684,8949334.5,8910446,8869193.5,8824874.5,8776703.5,8725093.5,8670219.5,8612824.5,8552232.5,8489454,8425831,8359922,8292176.5
Iran,Iran (Islamic Republic of),53,IRN,364,IRN,Southern Asia,Southern Asia excluding India,"","","","",Middle East and North Africa,Programme countries,MENAEMRO,"",Eastern Mediterranean,Middle East and North Africa,Middle East and North Africa (excluding high-income),Middle income,Upper middle income,Low and middle income,Asia,"",Excluding least developed countries,Excluding China,OIC,Asia/other,OIC Upper middle income,OIC Middle income,"","","","",Non-fragile,Non-fragile,Non-fragile,Non-fragile,Non-fragile,Fragile,Other Fragile,Non-fragile,Fragile,Other fragile,non-FCS,"","",Asia,Southern Asia,"",Central and Southern Asia,Southern Asia,"","","","",Central and Southern Asia,Asia,Southern Asia,Southern Asia,"","","","","",Non conflict,Middle East and North Africa,"","","","","",Middle East and North Africa,"",Lower middle income,Low and middle income,Asia-Pacific Group,"","",Middle East and North Africa,Non-humanitarian,Non-high burden,"","","","","","","","","","","","","","","","","","","","","","","",ESCAP_ECO (ECO),"","",ESCAP_South and South-West Asia (SSWA),ESCAP_All countries,"","","","","","","","","","","","","","","",ESCAP_WB Lower Middle Income Economies,"","","","",842467,852413,861014,866829,868795.5,867668.5,864147,858825.5,855043.5,858858.5,873803,899476.5,935185,979708.5,1050183,1144415.5,1239504,1333104,1425910.5,1500080,1557828.5,1619503,1685787.5,1756705,1831461,1904832,1967865.5,2022211,2071326.5,2114505.5,2159740,2259221.5,2359189.5,2411861,2466987.5,2523645.5,2579410.5,2627208,2665146,2705457.5,2767007.5,2854653,2960798.5,3061567,3211628.5,3431455.5,3657458,3896563.5,4142260.5,4361024,4545369.5,4695805,4764151,4782671.5,4796449,4776461.5,4708923,4564069.5,4357041.5,4124086.5,3881831,3649575.5,3440164.5,3260388.5,3117924.5,3015659,2959039.5,2937039,2925674,2924232,2942027.5,2996297.5,3083173.5,3175624,3261344,3336120,3401295.5,3466744,3542899,3631949.5,3729155,3821248.5,3886202,3892867,3814916,3665853,3490555.5,3317382,3167274.5,3063214.5,2995821.5,2934335.5,2869607.5,2806420.5,2747358,2695547.5,2652901,2619317.5,2594786,2579547,2573201.5,2574261,2580556,2589847.5,2599928.5,2609853,2619083.5,2626669,2632157,2634572,2632869,2626972.5,2616769,2601977.5,2582286.5,2557668,2528573.5,2495932.5,2460400.5,2422610.5,2383180,2342427,2301032.5,2259747,2219820,2182461,2148441,2117819,2091089.5,2068788,2050822.5,2037083.5,2027206.5,2020143,2015063.5,2011398.5,2008194.5,2005475,2002898,1999447,1994845,1988776.5,1980933,1971274,1959689,1945742.5,1929503,1911119,1890811.5,1868940.5,762496,774015.5,789103.5,805471,819679.5,830379,839332.5,846629,850775.5,852630,853922,854967.5,856314,860751.5,872484,893696.5,922440,957208.5,998157,1063973.5,1154101,1246150.5,1338695,1432749,1508777,1569879,1631033,1693993,1763616.5,1837158.5,1909183.5,2055472,2192815.5,2237231.5,2268393,2298965,2340503,2387980,2431579.5,2474696,2530486,2581519.5,2595592,2528953.5,2481794,2525919,2612394,2755154,2952004,3187262.5,3446091.5,3706048.5,3917465.5,4131763,4367657.5,4560315,4704641,4777965,4782026,4741685.5,4660491,4539499.5,4395140.5,4228975,4028640,3799051.5,3564803,3359699,3196136,3071813.5,2978689,2935904.5,2945416,2963960,2977541,3000272,3041366.5,3095718,3158624.5,3226408.5,3291550.5,3350475,3412340,3486551.5,3574749.5,3671734,3763749.5,3828696.5,3835638.5,3758266.5,3610136.5,3436055.5,3264104,3115059,3011865,2945067,2883961.5,2819638,2756977.5,2698385.5,2647048.5,2604943,2571779.5,2547558.5,2532552,2526331,2527420.5,2533847,2543497,2553806.5,2563895,2573416.5,2581250,2586977.5,2589651,2588192.5,2582573.5,2572857.5,2558521,2539155,2514888.5,2486150.5,2453806.5,2418486.5,2381075,2342117.5,2301832,2260911,2220089,2180610.5,2143622.5,2109985.5,2079778,2053502,2031606.5,2013991,2000451.5,1990760.5,1983991,1979181.5,1975785.5,1972896.5,1970471,1968074,1964803,1960398,1954538.5,1947021,1937914.5,1926833.5
Iraq,Iraq,54,IRQ,368,IRQ,Western Asia,Western Asia,"","","","",Middle East and North Africa,Programme countries,MENAEMRO,"",Eastern Mediterranean,Middle East and North Africa,Middle East and North Africa (excluding high-income),Middle income,Upper middle income,Low and middle income,Asia,"",Excluding least developed countries,Excluding China,OIC,Arab,OIC Lower middle income,OIC Middle income,Countdown,"","","",Fragile,Fragile,Fragile,Fragile,Fragile,Fragile,Extremely Fragile,Fragile,Fragile,Extremely fragile,Fragile and Conflict-affected Situation,Conflict,"",Asia,Western Asia,"",Northern Africa and Western Asia,Western Asia,"","","","",Northern Africa and Western Asia,Asia,Western Asia,"Western Asia (exc. Armenia, Azerbaijan, Cyprus, Israel and Georgia)","","",HAC,HAC,"",Conflict,Middle East and North Africa,"",Middle East and North Africa,"",Upper middle income,Low and middle income,Middle East and North Africa,"",Upper middle income,Low and middle income,Asia-Pacific Group,"","",Middle East and North Africa,Humanitarian,Non-high burden,Fragile,Middle East and North Africa,Middle East and North Africa,LiST,"",LiSTSBR,"","","","","","","","","","","","","","","","","","","","","",ESCAP_Other Area (OTH_REGION),"","","","","","","","","","","","","","","","",ESCWA_Arab countries,ESCWA_Mashreq subregion,ESCWA_Countries in conflict,ESCWA_Arab Middle-Income Countries (MICs),257839,263716.5,269361.5,275068.5,281600.5,289091.5,297288.5,306462.5,316497.5,326928.5,337598.5,347854.5,356060.5,365177,375798,386656.5,401383,424309,451136.5,477531.5,498918.5,512651,511051.5,495131,483486.5,482639,493055,532573,596995.5,658058.5,715848,769087.5,805514.5,833270.5,864736,891785,920378.5,952035.5,978892,1008148,1021826,1030889,1057284.5,1102363,1147511,1176762,1205066,1233746,1264962,1299935.5,1337563,1374297.5,1412650,1451754.5,1493311,1543610,1566149.5,1568170,1614002,1683106,1738165,1790579,1859155.5,1934418.5,1990470,2034336.5,2073789,2109403.5,2146217,2183216.5,2221651,2267844,2323794.5,2384126,2446293,2520109,2611661,2711924,2808325,2891594.5,2945356,2952346.5,2920603.5,2874142,2828508,2795565,2784532,2793710,2814030,2839957,2868503.5,2897531,2928689,2961560,2993558,3025365.5,3058803.5,3093229.5,3127903,3163205.5,3196639,3227479,3256122.5,3281199.5,3302392,3319751,3332649,3340864.5,3345782,3347514.5,3348083,3347898.5,3346697.5,3346210.5,3346457.5,3346891.5,3348161.5,3349181,3349394.5,3349951,3350581,3351227.5,3352534,3354930,3357512.5,3359588.5,3362226.5,3365851.5,3370767.5,3376903,3382223.5,3386541,3389792.5,3390135.5,3386902.5,3381329.5,3374134,3364297,3353038,3342146,3330759.5,3318992,3308084.5,3297490,3286404.5,3275228.5,3264577,3253743.5,3242138,3230980.5,222895.5,226806.5,231819,237514,243340,249193.5,255016.5,260654.5,266362.5,272804,280377,288828,298218.5,308583.5,319409,330330,340690,349106.5,358480.5,369205,380147,394902.5,417657,444294.5,469812.5,489527.5,502363.5,501278.5,486473.5,475626.5,474172.5,480924.5,513855.5,571413.5,627298,676364.5,723050,757199.5,778160,805315,824215.5,841960,876535.5,927772.5,978560,1014989,1048466.5,1079171.5,1108958.5,1138877,1169176,1198510.5,1230206,1261317,1291297,1324281.5,1327139,1308839,1331856.5,1384976,1439240,1503732,1588195,1678775,1748550,1800172,1839775,1875543,1917470,1961516,2007221.5,2053825,2097626.5,2137222,2173161,2208780,2250405,2299728,2353600.5,2413183.5,2485736.5,2575693,2676031,2773378,2856570.5,2909638,2917046.5,2885403,2838109,2793726,2762856.5,2752130.5,2761054,2781001.5,2805451,2832083.5,2859299.5,2890008,2923693,2957116,2989537,3023014,3056558,3090111.5,3125069.5,3158122.5,3189217,3218025.5,3242237,3261813,3279617,3293361,3300822.5,3306096.5,3308895.5,3308963,3308893,3307455,3304339.5,3302531.5,3302039,3302246.5,3303536,3306319.5,3308046,3306311.5,3304323.5,3303634.5,3305007,3309618.5,3314740,3319816,3325752.5,3331777.5,3336880.5,3342280.5,3348586,3351794.5,3350745,3347741.5,3341335.5,3332215.5,3323512,3314657,3303876.5,3291887,3280386,3268933,3256977.5,3245718
Ireland,Ireland,178,IRL,372,IRE,"","","","","","",Non-programme countries,"","","",Europe,Europe and Central Asia,"",High income,High income,"",Europe,"","","","","","","","","","","","","","","","",Non-fragile,"","",Non-fragile,"",non-FCS,"","",Europe,Northern Europe,"",Europe and Northern America,Europe,"","","Europe, Northern America, Australia and New Zealand","Australia and New Zealand, Central Asia, Europe and North America",Europe and Northern America,Europe,Northern Europe,"","","","","","","",Europe and Central Asia,Western Europe,"","","","","","","","",Western European and Others Group (WEOG),"","",High Income Countries,Non-humanitarian,Non-high burden,"","","","","","","","","","","","","","","","","",ECE_All countries,ECE_European Union (E25),ECE_Euro area (EMU),"","","","","","","",ESCAP_Europe (Europe),"","","","","","","","","","","","","","","","","","","","",119779.5,122747,122222.5,117986,113751.5,109667,105946.5,104066,105037,108352.5,114205.5,121114,125817.5,128158,129793,131545.5,132854.5,133184,133012.5,133480,135057,137645.5,140212,141815,143189,145517.5,148989.5,153098.5,158072.5,162637.5,165372.5,166398.5,166133.5,165527,165772,167556,168743.5,168154,166812.5,166383.5,168624.5,170647,170326.5,169507,170036.5,172294.5,174653,175700.5,175121.5,172336.5,167938,163550.5,159352,155405.5,152137.5,149822,148409.5,148408,149562.5,149316,146678.5,144501.5,144808,146844,149701.5,152439,155169,158390,161055,162980,164800.5,167207,171813,177382,182938.5,188438.5,192602,194323,193451,190895.5,187182,183461,180372.5,177629,175091.5,172389,170286,167621,163658,160079,157325,153951.5,151084.5,150040,149376.5,149167.5,149424.5,150114,151206.5,152584.5,154149,155849.5,157669.5,159539,161376.5,163047,164484,165595.5,166256.5,166458.5,166214.5,165593.5,164592,163206.5,161428.5,159329.5,157028,154582.5,152043.5,149474,146938.5,144507.5,142243.5,140163.5,138303.5,136703.5,135342.5,134235,133419,132865,132605.5,132642,132844.5,133138.5,133525,133959.5,134444.5,134960.5,135414,135760,135965,135993.5,135828,135483,134978.5,134312.5,133457,132423.5,131251.5,129951.5,101121.5,103906.5,105586.5,105473,104264.5,101694.5,98204.5,94029,89526,85650.5,82509,81594.5,83755,87159.5,90140.5,92710,96538.5,101450,105712,108544.5,109761.5,111758,116126,120968.5,125147.5,128249.5,130564,132412.5,134132.5,135970,138211,140695.5,142422.5,143629,144387.5,144422.5,144469.5,143499,140510,137517,136318,138580,143241,147010.5,148294.5,149017,150241.5,151351.5,152646.5,154786,157961,161760,165213,167186.5,168666.5,171705.5,179046,185508,182069.5,170612,157936.5,147747,142027,140040,139671.5,139285,139315.5,142563,147818,152535,156145.5,160119.5,164835,168071,172180,178177.5,183988.5,190018.5,196343,202131.5,206970,210543.5,211768,210415,207397,203246,199133,195750,192794,190043,187188.5,185015,182188.5,177987.5,174236.5,171334.5,167740.5,164711,163648.5,162964.5,162657.5,162801,163418,164442,165784.5,167320.5,169056.5,170887,172616,174235.5,175687.5,176998,178103.5,178849,179096,178847.5,178167.5,177067,175573.5,173701,171503.5,169099,166554,163901.5,161212.5,158603.5,156132.5,153824.5,151726.5,149856,148308.5,147099,146097,145266.5,144652.5,144291,144202.5,144305,144504,144794.5,145123,145519,146007.5,146486,146898,147193.5,147250.5,147046,146651,146082.5
Israel,Israel,158,ISR,376,ISR,"","","","","","",Non-programme countries,"","","",Europe,Middle East and North Africa,"",High income,High income,"",Asia,"",Excluding least developed countries,Excluding China,"","","","","","","","","","","","","",Non-fragile,"","",Non-fragile,"",non-FCS,"","",Asia,Western Asia,"",Northern Africa and Western Asia,Western Asia,"","","","",Northern Africa and Western Asia,Asia,Western Asia,"","","","","","","",Middle East and North Africa,"","","","","","","","","",Western European and Others Group (WEOG),"","",High Income Countries,Non-humanitarian,Non-high burden,"","","","","","","","","","","","","","","","","",ECE_All countries,"","","","","","","","","",ESCAP_Other Area (OTH_REGION),"","","","","","","","","","","","","","","","","","","","",57299,58052.5,58803.5,59509.5,60188,60939.5,61893.5,63243.5,65341,68573,73280,80031,88972.5,99260.5,109898,120120.5,129310.5,137147,143648.5,149045,153634.5,157665,159910,159656,158645.5,158163,158203,158871.5,160619,163791.5,167973.5,172723.5,177048,180263.5,183239,186614,191213.5,197272.5,203559,209978,218997,230535,239950,245769.5,250036,252870,254240.5,256747.5,261910,267628,272720.5,277199,280003,280954.5,281677.5,282955,284628.5,287213.5,290239,292682.5,294939,297994.5,302090,307374,313635,321278,329029,335859.5,343128.5,350471.5,356295.5,361757,368965.5,375341,382366.5,392689.5,402759,411793,420352,428045,434787,441195.5,447536.5,453203,456962.5,457721.5,458517.5,459439,458270.5,456584,456105.5,454898.5,453044.5,453122.5,454742.5,457266,460640.5,464903,469850.5,475380.5,481387,487634.5,493917,500338,507061,513804.5,520302,526539.5,532435,537771.5,542636.5,546898.5,550421,553510,556126,558214,559806,560931,561596,561831.5,561862,561680.5,561133,560557,560276.5,560208,560382.5,561000,562085.5,563544,565469.5,567772,570351,573166,576183.5,579290.5,582323,585242.5,588103,590820.5,593430.5,595877,597923,599671.5,601126,602285.5,603237,603814,603976,603919.5,55431.5,55913,56829.5,57966,59129.5,60289,61420.5,62433.5,63351,64266.5,65274.5,66597.5,68577.5,71619,76154.5,82494.5,90718.5,100549.5,111371.5,122491.5,133333.5,143461.5,151346.5,155909,158405.5,159525.5,159327,158433,157508,157251.5,157988,159134,160650.5,162965.5,166384.5,170036,173228,176172.5,178533.5,181056,186425,195291.5,205051.5,214025.5,223066.5,232654.5,241930,249916.5,255533,259865.5,263137.5,264446.5,265723,269271,273147,276053,278980,280998.5,281595,282044,283501,285695.5,288677.5,292036.5,295027.5,297919.5,301429.5,306112.5,312059.5,318782.5,326641.5,334546,343097.5,351567.5,359886,368765.5,377597,387146.5,395687,404410,415170,425783.5,435144.5,443810.5,451668.5,458683.5,465252.5,471908.5,478201.5,482610,483882.5,485123.5,486555.5,485813,484522,484306,483261.5,481486,481543,483329,486301,490190.5,495002.5,500659.5,507040,513826,520550.5,527145,533771.5,540525,547482.5,554308.5,560669,566871,572406.5,577257.5,581572,585230,588496,591507.5,594176,596118,597012.5,597225.5,597347,597496,597639,597993.5,598626.5,599160,599804.5,600498.5,601110,602097.5,603823.5,606004.5,608427,611109,613802,616382.5,619275.5,622595,625971.5,629431.5,632624,635338.5,637747,639583,640932.5,642354.5
Italy,Italy,179,ITA,380,ITY,"","","","","","",Non-programme countries,"","","",Europe,Europe and Central Asia,"",High income,High income,"",Europe,"","","","","","","","","","","","","","","","",Non-fragile,"","",Non-fragile,"",non-FCS,"","",Europe,Southern Europe,"",Europe and Northern America,Europe,"","","Europe, Northern America, Australia and New Zealand","Australia and New Zealand, Central Asia, Europe and North America",Europe and Northern America,Europe,Southern Europe,"","","",HAC,HAC,"","",Europe and Central Asia,Western Europe,"","","","","","","","",Western European and Others Group (WEOG),"","",High Income Countries,Non-humanitarian,Non-high burden,"","","","","","","","","","","","","","","","","",ECE_All countries,ECE_European Union (E25),ECE_Euro area (EMU),"","","","","","","",ESCAP_Europe (Europe),"","","","","","","","","","","","","","","","","","","","",2036481.5,2014255.5,1994199.5,1996387.5,2011218,2021982,2021589,2000255.5,1954957,1893346.5,1837080,1838952.5,1903395.5,1978730.5,2041970.5,2092637,2102118,2060572,2004421,1961399.5,1936442.5,1926485,1943529.5,1976560.5,2013005.5,2056670,2100508.5,2144249,2196900,2257430.5,2320709,2370744.5,2392904,2394068,2378362.5,2348028.5,2320658.5,2299641,2277067,2254553.5,2226143,2179772,2112510,2028876,1935707,1842451,1764026.5,1701315,1649988.5,1608593,1569098.5,1527520,1480740.5,1454653.5,1455447.5,1469133,1493560,1525887.5,1543355,1538001,1526374,1508759.5,1489522,1475099,1470870,1475496.5,1488569.5,1503768,1505146,1495309,1484560.5,1478837,1484567,1490597,1494220.5,1495472.5,1486394.5,1468172.5,1442128,1410685,1377427,1344647.5,1313201.5,1281159,1245530,1207720,1173826,1143370,1115148,1093000,1077229.5,1061814.5,1046975,1037307,1031350,1025877.5,1021832,1019079.5,1017371,1017093.5,1018073.5,1020231.5,1023374,1026817,1029963,1032279.5,1033142,1032333.5,1029905.5,1025704.5,1019777,1011955,1002223.5,991037.5,978578.5,964935.5,950814.5,936669.5,922110.5,907457.5,893477,880472,868571,857999,848775.5,840949.5,834475.5,828955.5,824343.5,820667.5,817916.5,815969.5,814767,814290,814109,813960,813807.5,813261,812167,810498.5,808180,805365.5,801772.5,797311,792261,786454,780018.5,773362.5,766766.5,759985,2003372.5,2008503.5,1992540,1979829,1963324,1929746,1888735,1859895,1856140,1871871,1889118,1898707,1897084,1872509,1824611,1772536,1767870.5,1820737.5,1887152.5,1944944,1996479.5,2015725,1987972,1945174,1913393.5,1900553.5,1902905.5,1921906.5,1947634,1977343.5,2032224.5,2092794.5,2145599.5,2205909.5,2263408.5,2314683,2356696.5,2381530,2382065.5,2362953.5,2335277.5,2323422,2313305,2286039,2257856.5,2223679.5,2171594,2103928,2025796,1940869.5,1858745,1789800,1731191.5,1687401.5,1654551.5,1610470.5,1560228,1525901.5,1526177.5,1541969.5,1561227,1586651,1613763,1619690.5,1598955.5,1574287,1558908.5,1558130,1565440,1570505.5,1571804.5,1574201,1573371.5,1565678.5,1564211,1575172,1590407.5,1610598,1627590.5,1635736.5,1634915.5,1624062.5,1605058,1578763,1546724.5,1512861,1479867.5,1447942.5,1415090.5,1378592,1340002.5,1305736.5,1274857.5,1245620,1222650,1206381,1190238.5,1174579,1164369,1157933.5,1151574,1146809.5,1143766.5,1141608,1140652,1141019,1142066,1143829,1145981,1147744.5,1148773.5,1148515,1146519.5,1143176.5,1138339.5,1131558.5,1122958,1112702.5,1100601.5,1086716.5,1071557,1056008.5,1040408,1024568,1008901.5,994243,981000,968972.5,958149,948438.5,940032.5,932873,926570,921351.5,917111.5,913634.5,911180,909536,908424,907466,906519.5,905618,904130,902244.5,900107,897123,893477.5,889125.5,884081.5,878404
Cote d Ivoire,Côte d'Ivoire,43,CIV,384,IVC,Sub-Saharan Africa,Sub-Saharan Africa,West Africa,"","","",West and Central Africa,Programme countries,"","",Africa,Sub-Saharan Africa,Sub-Saharan Africa (excluding high-income),Middle income,Lower middle income,Low and middle income,Africa,Sub-Saharan Africa,Excluding least developed countries,Excluding China,OIC,Africa,OIC Lower middle income,OIC Middle income,Countdown,West Africa,Africa,Western Africa,Fragile,Fragile,Fragile,Fragile,Fragile,Fragile,Other Fragile,Non-fragile,Fragile,Other fragile,non-FCS,"","",Africa,Western Africa,"",Sub-Saharan Africa,"","","","","",Sub-Saharan Africa,Sub-Saharan Africa,Western Africa,Sub-Saharan Africa (inc. Sudan),"","","","",Global Strategy,Non conflict,Sub-Saharan Africa,West and Central Africa,Sub-Saharan Africa,West and Central Africa,Lower middle income,Low and middle income,Sub-Saharan Africa,West and Central Africa,Lower middle income,Low and middle income,African Group,Economic Community of West African States,GAVI,West and Central Africa,Non-humanitarian,High burden,"",West and Central Africa,West and Central Africa,LiST,"",LiSTSBR,"","","","","","","","","","",ECA_West Africa,ECA_All countries,"","","","","","","","","",ESCAP_Africa (AFR),ECA_African Union Commission,ECA_ECOWAS,"",ECA_CEN-SAD,"","","",ECA_Oil producing economies,"","","","",ECA_Sub-Saharan Africa,"","","","","","","",147743.5,151570.5,155228,158733,162026,165105.5,168010,170870.5,173946,177512,181678.5,186143,190111.5,192407,193648,196013,200150.5,206156,214958.5,226169,238121.5,250515.5,263601.5,277050.5,290654.5,304835.5,317825,330561,346060.5,364014.5,383646,404372,426072.5,448511,471634,495555,520523.5,546809,575433,607969.5,644306.5,683198.5,722766.5,760340,795459.5,829306.5,862159,894918,928388,954779.5,975214.5,998609,1025090,1053447.5,1082581.5,1112730,1143605,1174323.5,1200437,1215765,1219597.5,1213994,1202174,1193230.5,1213473,1261171,1314329,1370702,1422389.5,1462505.5,1499341,1546674.5,1605630.5,1670855,1744539,1821054.5,1885541,1932454.5,1968804,2015790.5,2072170.5,2124261,2174824,2217046,2235808.5,2239977.5,2245925,2255262.5,2271854,2294793,2319569.5,2345322.5,2372706,2402278,2433762,2467924.5,2505658,2546839,2593034,2643058.5,2694471.5,2747726.5,2802637,2855722.5,2906655.5,2957015,3004887,3049747,3092176.5,3132144,3168926,3202839,3233772.5,3262323.5,3289174.5,3314342.5,3338152,3360312,3381598.5,3402341,3422995.5,3444238.5,3466118,3489194,3514021,3540842,3569260.5,3598750.5,3629102.5,3659613,3689704,3719751.5,3749324,3778231,3806691.5,3834445.5,3861251.5,3886618.5,3909698.5,3929985.5,3948238.5,3964891,3979828.5,3993634.5,4006938.5,4019909.5,4032730,4045348,4057774,4069907.5,127752.5,132040.5,136154,140177.5,144151.5,148093,152096.5,156252,160522.5,164931.5,169603.5,174550,179689,184910,190162.5,195435.5,200473,204660.5,207148,209112,213270,220416.5,230319,243134.5,257718.5,272041,282079.5,289622.5,299746,312399.5,327634.5,345092.5,364019,383927,404414.5,424879,445033,465044,486258.5,508182.5,531422,558680,590278.5,626245.5,666202,708800.5,752402.5,794879,832705,855832.5,865708.5,872695.5,879150,887741.5,899762.5,915388.5,934692.5,957663,995456,1041585,1077734,1102241,1113789.5,1112817,1110737,1114709,1121751,1133212.5,1156748,1196252.5,1243781,1295439.5,1352224.5,1405010.5,1452024.5,1504123,1567548,1640302,1717023,1796548,1873805.5,1939397.5,1988035.5,2026454.5,2075698.5,2134187.5,2188131.5,2240454,2284382.5,2304978,2311228,2319211,2330706.5,2349923.5,2375754,2402873.5,2430340.5,2459302,2490605,2523640.5,2559498,2599635.5,2643283,2691546,2743917.5,2797894,2852840,2908975.5,2963790.5,3016193.5,3067267.5,3116524,3163180,3207401,3249664,3289334.5,3326717,3360803,3391995.5,3420665.5,3446845.5,3471572,3494361.5,3516230,3538214.5,3561346,3585052,3609097.5,3634684.5,3661724.5,3690496,3721282.5,3753349,3786135.5,3818231.5,3849540,3881804.5,3913823.5,3944906.5,3976476.5,4008211.5,4038622.5,4067075,4092059.5,4113388,4132330,4149273.5,4164196,4178626,4193216
Jamaica,Jamaica,124,JAM,388,JAM,Latin America and the Caribbean,Latin America and the Caribbean,"","",Caribbean,SIDS,Latin America and Caribbean,Programme countries,"","",Americas,Latin America and the Caribbean,Latin America and the Caribbean (excluding high-income),Middle income,Upper middle income,Low and middle income,Latin America and the Caribbean,"",Excluding least developed countries,Excluding China,"","","","",Countdown,"","","",Non-fragile,Non-fragile,Non-fragile,Non-fragile,Non-fragile,Non-fragile,"",Non-fragile,Non-fragile,"",non-FCS,"","",Americas,Latin America and the Caribbean,Caribbean,Latin America and the Caribbean,"","",Small island developing States,"","",Latin America and the Caribbean,Latin America and the Caribbean,Caribbean,Latin America and the Caribbean,"",Small island developing States (SIDS),"","","",Non conflict,Latin America and Caribbean,"","","","","",Latin America and Caribbean,"",Upper middle income,Low and middle income,Latin American and Caribbean Group (GRULAC),"","",Latin America and Caribbean,Non-humanitarian,Non-high burden,"",Latin America and the Caribbean,Latin America and Caribbean,LiST,"",LiSTSBR,"","","","","","","","","","","",ECLAC_All countries,"","","",ECLAC_Carribean,"","","","","",ESCAP_Latin America (LAC),"","","","","","","","","","","","","","","","","","","","",72804,74286,74231.5,73255.5,72180.5,71461.5,71208,71568.5,72495.5,73761,74995,75910.5,76430,76525.5,75934,75581.5,76302.5,77640.5,79773.5,83355,87754.5,91530,95378.5,100098,104865,109395,113446.5,116555.5,118948.5,121268.5,123263,124741,126118.5,127337.5,128026.5,128221.5,128171.5,127808.5,127738.5,127843,127645,127335,127519,127944.5,128540.5,129708,131228,133272,135777,138322.5,140464,141907,142504.5,142419,141935,141768,142583.5,144356,146413,148215.5,149281,149054,147402.5,144607.5,141044,136834,132439,128484,125257,122752,121215.5,120078.5,118313.5,115913,113203.5,110290,107115,103785,100472,97291.5,94345,91673.5,89196.5,86857,84709,82786,81130,79769.5,78563,77334,75996,74556.5,73068,71635.5,70291,69012.5,67763.5,66485,65177.5,63832,62450.5,61053.5,59642,58212.5,56779,55361.5,53966.5,52618,51329,50092,48911,47793.5,46723.5,45682.5,44681,43719.5,42802,41924,41062.5,40215,39382.5,38567.5,37778.5,37019,36287.5,35582,34897.5,34218.5,33552.5,32903,32261.5,31637,31035.5,30452.5,29867.5,29270,28680.5,28105,27535,26975,26434.5,25911.5,25403,24914,24445.5,23994,23555,23129,22724,22336,59819,63231,66031.5,67954,68497.5,67679.5,65705.5,62792.5,59628,57070.5,56388,57402.5,58995.5,60869,62604,63956.5,64879.5,65346,65378.5,64822.5,64705,65379,66309.5,68036.5,71050.5,74592,78058,82070,86619,91185,95740.5,100166.5,103957.5,107186,110187.5,112386.5,113485.5,114046,113995,113346,112781.5,112653,112935.5,114039.5,115533,116816,118018,119100.5,119778,120569,121868.5,123458,125527.5,128043.5,130599.5,132759,134236.5,134889,134882,134546.5,134651.5,135865,138118,140652.5,142845.5,144172.5,144083,142482,139689,136115,132380,128703.5,124955.5,121650.5,119065.5,117168.5,115544.5,113649,111335,108680,105775,102638,99345.5,96050,92877,89940,87275,84793.5,82469.5,80353,78470,76871.5,75571,74406,73210,71911.5,70513,69078,67717,66443,65244,64089.5,62899.5,61656,60349.5,58992,57608.5,56227.5,54846,53465,52102,50768.5,49481.5,48258,47094,45970.5,44923,43937.5,42968,42034,41141,40278,39440,38625,37827,37055,36319,35604.5,34921.5,34264,33614,32985,32372.5,31777,31191.5,30598.5,30016,29457.5,28913,28365,27812.5,27266.5,26729,26198.5,25682.5,25187,24706,24233.5,23772,23325
Japan,Japan,180,JPN,392,JPN,"","","","","","",Non-programme countries,"","","",Western Pacific,East Asia and Pacific,"",High income,High income,"",Asia,"","","","","","","","","","","","","","","","",Non-fragile,"","",Non-fragile,"",non-FCS,"","",Asia,Eastern Asia,"",Eastern and South-Eastern Asia,Eastern Asia,"","","","",Eastern and South-Eastern Asia,Asia,Eastern Asia,"","","","","","","",East Asia and Pacific,"","","","","","","","","",Asia-Pacific Group,"","",High Income Countries,Non-humanitarian,Non-high burden,"","","","","","","","","","",EAPR Countries,EAPR Countries (excluding China),"","","","","","","","","","","","","","",ESCAP_East and North-East Asia (ENEA),ESCAP_All countries,"","","","","","","","","","","","","","","",ESCAP_WB High Income Economies,"","","","",4414379,4457130.5,4462323.5,4417276,4392441.5,4444589,4531530.5,4629618,4777675,4826641.5,4667811,4646583.5,4871411.5,5125460,5386958.5,5693642.5,5774938,5555792.5,5243194.5,4935330.5,4680853.5,4461642.5,4272930.5,4150020,4109749.5,4079296,4050962.5,4058229,4068597,4074805.5,4120637,4097385,4098260,4211176.5,4320488.5,4439275,4680978,4932822.5,5096016,5238679.5,5290253.5,5220830,5056213.5,4839371,4603122,4395654.5,4224262.5,4076249.5,3952786,3851706,3763569.5,3682423,3605505,3520200,3419580,3316759,3230202,3158940.5,3097649,3065967.5,3060287.5,3061952,3070338,3085904,3094158.5,3101062.5,3111702,3110443.5,3096355.5,3070219,3028083.5,2977627.5,2940891.5,2916808.5,2905586.5,2906124.5,2897192.5,2871125.5,2837278,2798674,2759886,2718624.5,2667756.5,2606720,2536249.5,2454830.5,2369115,2288730.5,2210817,2143370.5,2092953,2054044.5,2027019.5,2014831.5,2012564.5,2012196.5,2014760.5,2019975.5,2027305.5,2036373.5,2046842.5,2058245,2069709.5,2081115,2091714,2100233.5,2106131,2108982.5,2108663,2104733,2097746.5,2088242.5,2075630.5,2059608,2040377,2017741.5,1992103,1964901,1936409.5,1907121,1878052.5,1849689,1822657.5,1797713,1775540.5,1756577,1741377,1729675,1720897,1715036.5,1711842.5,1710923,1711906,1714763,1719021.5,1723935.5,1729148.5,1734157.5,1738386.5,1741569,1743427.5,1743689,1742286.5,1739243,1734445.5,1727608.5,1718697,1708417.5,1696933,1683833,4009854,4093499.5,4176452.5,4244751,4302830.5,4364921,4403067,4390501.5,4322546.5,4273188,4305722,4394152,4511777,4680171.5,4746543.5,4598468,4592473,4830569.5,5093230,5367817,5679334,5773744.5,5573301.5,5260426.5,4940334.5,4671340.5,4445061,4258875.5,4142007.5,4108880.5,4088778,4053482,4034301.5,4021615,4008693,4040021,4027755.5,4059559,4203549.5,4339234.5,4491375,4727808.5,4918415.5,5016359,5102619,5116953.5,5051690.5,4918761,4726823.5,4506361.5,4311823.5,4148517.5,4001258,3877077,3774287.5,3678198,3594176.5,3525985,3446599,3349395,3246800,3164365,3103848,3052737,3029766,3028349,3034331.5,3049716.5,3070605.5,3083766.5,3093326,3102229.5,3108317,3112454.5,3123806,3139335,3147954.5,3160995,3171043,3172963.5,3171392,3160718,3133162,3097932,3057863.5,3017372.5,2974456,2922053.5,2859604,2787850,2705169.5,2617949.5,2536136.5,2457017.5,2388314.5,2336480.5,2296150.5,2267727,2254117.5,2250502,2248930.5,2250413.5,2254199,2260068.5,2267464.5,2276042.5,2285603,2295319,2305172.5,2314031.5,2320741.5,2325140,2326770.5,2325233.5,2320245.5,2311926,2300716.5,2286532.5,2268673.5,2247356,2222674,2195204.5,2166372.5,2136227,2105493,2075311.5,2045847.5,2017578.5,1991495.5,1968326,1948282,1932061,1919406.5,1909638,1902688.5,1898290,1896190.5,1896177.5,1898213.5,1901584.5,1905604,1909902,1913765.5,1916802,1919121,1920281.5,1919708,1917581,1913868.5,1908080.5
Kazakhstan,Kazakhstan,140,KAZ,398,KAZ,Caucasus and Central Asia,Caucasus and Central Asia,"","","",LLDC,Europe and Central Asia,Programme countries,"","",Europe,Europe and Central Asia,Europe and Central Asia (excluding high-income),Middle income,Upper middle income,Low and middle income,Asia,"",Excluding least developed countries,Excluding China,OIC,Asia/other,OIC Upper middle income,OIC Middle income,"","","","",Non-fragile,Non-fragile,Non-fragile,Non-fragile,Non-fragile,Non-fragile,"",Non-fragile,Non-fragile,"",non-FCS,"","",Asia,Central Asia,"",Central and Southern Asia,Central Asia,"",Landlocked developing countries,"","Australia and New Zealand, Central Asia, Europe and North America",Central and Southern Asia,Asia,Central Asia,Caucasus and Central Asia,"",Landlocked developing countries (LLDCs),"","","",Non conflict,Europe and Central Asia,Eastern Europe and Central Asia,Europe and Central Asia,Eastern Europe and Central Asia,Upper middle income,Low and middle income,Europe and Central Asia,Eastern Europe and Central Asia,Upper middle income,Low and middle income,Asia-Pacific Group,"","",Eastern Europe and Central Asia,Non-humanitarian,Non-high burden,"",Europe and Central Asia,Eastern Europe and Central Asia,LiST,LiSTSBR,LiSTSBR,"","","","","","","","","",EECA,"",ECE_All countries,"ECE_Eastern Europe, Caucasus and Central Asia (CIS)",ECE_CIS (CWG),ECE_Eurasian Economic Union (EAEU),"","",ESCAP_ECO (ECO),"",ESCAP_LLDC (LLDC_E),ESCAP_North and Central Asia (NCA),ESCAP_All countries,"","","","","","","","","","","","","",ESCAP_Countries with Special Needs,"",ESCAP_WB Upper Middle Income Economies,"","","","",306844,336988,384312.5,434097,471831.5,485597,472254,439554,388601,326507.5,276551.5,259283,276212.5,320776.5,384895,451061,500691.5,531085,554801.5,573507.5,591092,611647,636371,665433.5,696387.5,726340.5,761250,797025,822194,846203.5,843970,811626.5,782243.5,759517.5,743434.5,733838.5,733467.5,740459.5,749884.5,758918.5,765813,770685.5,772348.5,768787.5,757064,742534.5,730672,719965.5,712446.5,718779,740753.5,766557,790950.5,810001,820284,820402.5,810987,793900,772939,750224,724825.5,696391,666908,641110.5,620744,607219.5,603767.5,610192.5,621141,634204.5,651652,680160.5,722456,770042,816770,860694,899207.5,929760.5,952327,969333,982729.5,993855,1004021,1013853.5,1024402,1037393,1059205.5,1076586,1079195,1074722.5,1062196.5,1036010.5,1010646.5,997045.5,986830.5,980646.5,978490.5,979765,984289.5,991474,1000632,1011501,1023679.5,1036644.5,1050252.5,1064570.5,1079517,1094495.5,1109027.5,1122661.5,1134513,1144033.5,1150744.5,1154556,1155568,1153906.5,1149686,1143549.5,1136322.5,1128359.5,1120072.5,1111976.5,1104310.5,1097119,1090784,1085215,1079980,1075120.5,1071013,1067735,1065467,1064652,1065049.5,1066438.5,1068663,1071490.5,1074861.5,1078349,1081497,1084055.5,1085805.5,1086449,1086053,1085032,1083376.5,1080997,1078001.5,1074148.5,1069321.5,1063857.5,357690,365989,354700.5,335559,325916.5,334045.5,363005.5,408759.5,456725.5,493152.5,506568.5,493657,462263,413636,354378,307097.5,291780,309661,354286.5,416312.5,478474.5,523962,550032,568222.5,581600.5,595075.5,624836.5,671717.5,720368.5,819540,898955,901800.5,893822,875489,849465,819369,785714.5,753749.5,730265.5,717556.5,713016.5,713536.5,715220,713898,705982.5,694837.5,683545.5,669727.5,655888,651483,657289,665450.5,676388.5,691218.5,711103.5,735600.5,762227.5,787764.5,808245,819095,818433.5,808007.5,789779,766829.5,742460.5,717203,690239.5,663167.5,643452.5,630411,617470,605038,601095.5,607686,621352.5,643748.5,674728.5,713681.5,758518,804771.5,848617,887062,917731,940321,957032,970048.5,980803.5,990401,999620,1009773.5,1022621,1044271,1061407.5,1063994.5,1059571,1047109.5,1021053.5,996048,982794,972505,966079,963918,965332.5,970164.5,977666,987107.5,998252.5,1010071.5,1022252.5,1035437.5,1049451.5,1064068.5,1079013.5,1093670.5,1107326.5,1119243,1128678,1134965,1138384.5,1139419.5,1137841.5,1133508.5,1127301,1119903.5,1111860.5,1103682,1095772,1088391.5,1081583.5,1075159,1069236.5,1063950,1058768.5,1054463,1051432,1049293.5,1048561,1049326.5,1050805,1052767,1055522,1058895.5,1062285.5,1065686,1068960,1071551.5,1072984.5,1072974.5,1072030,1070487.5
Jordan,Jordan,55,JOR,400,JDN,Western Asia,Western Asia,"","","","",Middle East and North Africa,Programme countries,MENAEMRO,"",Eastern Mediterranean,Middle East and North Africa,Middle East and North Africa (excluding high-income),Middle income,Lower middle income,Low and middle income,Asia,"",Excluding least developed countries,Excluding China,OIC,Arab,OIC Upper middle income,OIC Middle income,"","","","",Non-fragile,Non-fragile,Non-fragile,Non-fragile,Non-fragile,Non-fragile,"",Non-fragile,Non-fragile,"",non-FCS,"","",Asia,Western Asia,"",Northern Africa and Western Asia,Western Asia,"","","","",Northern Africa and Western Asia,Asia,Western Asia,"Western Asia (exc. Armenia, Azerbaijan, Cyprus, Israel and Georgia)","","",HAC,HAC,"",Non conflict,Middle East and North Africa,"",Middle East and North Africa,"",Lower middle income,Low and middle income,Middle East and North Africa,"",Lower middle income,Low and middle income,Asia-Pacific Group,"","",Middle East and North Africa,Non-humanitarian,Non-high burden,"",Middle East and North Africa,Middle East and North Africa,LiST,"",LiSTSBR,"","","","","","","","","","","","","","","","","","","","","",ESCAP_Other Area (OTH_REGION),"","","","","","","","","","","","","","","","",ESCWA_Arab countries,ESCWA_Mashreq subregion,ESCWA_Non-conflict middle income countries,ESCWA_Arab Middle-Income Countries (MICs),23167.5,25591,28159.5,30759,33286.5,35568,37494.5,39136.5,40574.5,41885,43139,44431.5,45915,47775.5,50138.5,53278,57420,62412.5,67896.5,73565,79083.5,84127.5,88727,93111.5,97452,101845,106377.5,111184,116314,121800.5,127708,134011,140753,147973,155515,163355,171581.5,180128,188935,198267.5,216007,232854,240754.5,248116.5,254226.5,258583,261404,263592,266470.5,270743.5,276306.5,283092.5,290683,298675,307188,315300,338149.5,363820.5,377825.5,391993.5,407148.5,420911.5,425152,441858.5,471720.5,493964.5,501161,497822,500967,508528.5,516246.5,525538,539281.5,554994.5,568880.5,580063.5,593712.5,606415.5,612264.5,616564,615894,611202,606527.5,600987,594412,589188,586846,584728,583072.5,581956.5,581485,581085,580955.5,582043.5,584361,588105.5,593315.5,599410.5,605961,612650.5,619259.5,625533,631596.5,637279.5,642221,646793.5,650389.5,652836.5,654174,654015,652537.5,650077,646906.5,642837.5,637995.5,633083.5,628277.5,623262,618771.5,614724.5,611113.5,608444.5,606340.5,604955.5,604204,604199,604818,605849,607277,609071,611260,613798.5,616374,618251.5,619598,620921,621824,622104.5,621932.5,621502.5,620439.5,618786.5,616394.5,613205.5,609742.5,606545,603476,600107.5,596952,593792,17270,19021.5,21008.5,23192.5,25515.5,28007.5,30672,33392.5,36035.5,38453.5,40408,41750,42598.5,43219,44015,45384.5,47529,50474.5,54058,57816.5,61408,64824.5,68069,71195.5,74433.5,77865,81377,85040.5,88943,93177,97974.5,103464.5,109637.5,116396,123583,131016,138587,146374,154556.5,163279,188290.5,216207.5,231004.5,244702.5,255313,261156,261746.5,258482.5,253861,249835.5,247330,246874.5,248643.5,252843.5,259876.5,268790.5,289566.5,310489.5,320268,328711.5,336173.5,346625.5,356575.5,392479.5,455782,504356.5,525540,528914,525870.5,517175,508519.5,502119.5,497480,498798.5,502371.5,499242,507409.5,533681,560056.5,583614,605454,624370,635881.5,640784,644359,643520,638879.5,634738,630458.5,625176,621646.5,620793,618973,617240.5,616459.5,616586,616461,616517,618234.5,621029.5,624883,629812,635823.5,642001.5,647721.5,654261.5,661035.5,667954,675076.5,681608,687232,691709,695285,697149,696599,695019,693066.5,689564,685624,681154,676059,671314,666350.5,661721,657423,654068,651598,649568,648333.5,648096.5,648646.5,650161,652403,653758.5,654898.5,657310.5,659926,662404.5,665168,668094,670414.5,672471.5,673339.5,672253.5,670289,668424.5,666216,663066,660269,657148.5
Kenya,Kenya,16,KEN,404,KEN,Sub-Saharan Africa,Sub-Saharan Africa,Eastern Africa,"","","",Eastern and Southern Africa,Programme countries,"","",Africa,Sub-Saharan Africa,Sub-Saharan Africa (excluding high-income),Middle income,Lower middle income,Low and middle income,Africa,Sub-Saharan Africa,Excluding least developed countries,Excluding China,"","","","",Countdown,Eastern Africa,Africa,Eastern Africa,Non-fragile,Non-fragile,Non-fragile,Non-fragile,Non-fragile,Fragile,Other Fragile,Non-fragile,Fragile,Other fragile,non-FCS,"",USAID,Africa,Eastern Africa,"",Sub-Saharan Africa,"","","","","",Sub-Saharan Africa,Sub-Saharan Africa,Eastern Africa,Sub-Saharan Africa (inc. Sudan),"","",HAC,HAC,Global Strategy,Non conflict,Sub-Saharan Africa,Eastern and Southern Africa,Sub-Saharan Africa,Eastern and Southern Africa,Lower middle income,Low and middle income,Sub-Saharan Africa,Eastern and Southern Africa,Lower middle income,Low and middle income,African Group,"",GAVI,Eastern and Southern Africa,Non-humanitarian,High burden,"",Eastern and Southern Africa,Eastern and Southern Africa,LiST,"",LiSTSBR,"","","","","","","","","","",ECA_Eastern Africa,ECA_All countries,"","","","","","","","","",ESCAP_Africa (AFR),ECA_African Union Commission,ECA_IGAD,"",ECA_EAC,ECA_COMESA,"","",ECA_Non-Oil Producing,"","","","",ECA_Sub-Saharan Africa,"","","","","","","",275026,279000.5,282144.5,284253.5,286448,290182.5,296301.5,305426,317605,333574,354162.5,378566,406284.5,437467,471434.5,493871,503670.5,513668.5,523620.5,532781.5,553783,586993,621061.5,656617.5,692782.5,728957.5,765025,802283,840980,880574.5,921921.5,963790,1004824.5,1045776.5,1086459.5,1126319,1165499,1204333.5,1243172.5,1281817,1320822.5,1359554,1398989.5,1441292,1487205.5,1535517.5,1585662.5,1638569.5,1693055,1750528,1811131.5,1873050.5,1934044.5,1992308,2046892,2094807.5,2135040,2167308,2195631,2224156.5,2254313,2287844,2329101,2381244.5,2440355,2502152,2576664.5,2660847,2735326.5,2810457.5,2897336.5,2983030.5,3069407.5,3161693.5,3249793,3327181,3386693,3421011,3429424.5,3419942.5,3403692.5,3388873.5,3380356.5,3381255.5,3387299.5,3393988.5,3406091.5,3426441.5,3453166,3488715,3532535.5,3577704,3622341.5,3667360,3711211.5,3752808,3792946,3830569.5,3863590,3891312.5,3913595.5,3929975,3940133.5,3944947.5,3945289.5,3941751,3934736.5,3925236.5,3914052,3900673.5,3884935,3867953,3851478,3836811.5,3824997,3816516.5,3811437,3808903,3807877.5,3808078.5,3809454,3811472,3813776,3815650.5,3816611,3816528,3814540.5,3810072,3802784,3792937.5,3781306,3767901.5,3752213,3734787.5,3715537,3694436.5,3672769.5,3651450.5,3630284,3609315,3589003,3568704,3547951,3527547,3507954.5,3488780.5,3470151.5,3452262,3435419,3420155.5,237656,244056.5,249935.5,254913,259291,263093.5,266382.5,269418,271602,274187,279050,286446,296706,310033,326799.5,347656,371886,399122,429747.5,462887.5,483944.5,490445,495829,501453,506238,522655,551589,583349,618301,654480,692206.5,730619,769357.5,809825.5,851493,893584,934992.5,974902,1014767.5,1055087.5,1095653,1134121.5,1170838.5,1206772.5,1242099.5,1276940.5,1311203,1347175,1386706,1433177.5,1486129.5,1544934.5,1606226.5,1666687.5,1728555.5,1790080.5,1850229.5,1908642.5,1965881,2020044,2065190,2098662,2122148.5,2139464,2153140.5,2167596.5,2194008,2232946,2276563,2330662.5,2400391.5,2478918,2565105,2656349,2746677.5,2836210.5,2923677,3010970,3099615,3184896,3260138.5,3317998.5,3351063,3358616.5,3348566,3331819,3316573,3307631.5,3308257.5,3314085.5,3320590,3332506.5,3352547.5,3378678.5,3413405.5,3456315,3500569,3544370,3588490,3631549,3672621,3712332.5,3749347.5,3781663.5,3808655.5,3830275,3846195,3856479.5,3861990,3862959.5,3859874,3853375.5,3844248.5,3832945.5,3819266,3803152,3785784,3768966,3754094,3742252.5,3733714.5,3728558,3725953.5,3724586,3724237.5,3725188.5,3727073,3729398,3731311,3732576.5,3733161,3731768,3727591,3720708.5,3711236,3699813,3686762,3671658.5,3654935.5,3636478.5,3616150,3594934,3573724,3552370.5,3531118,3510791.5,3490824.5,3470288,3450185,3431076.5
Korea DPR,Democratic People's Republic of Korea,94,PRK,408,DRK,Eastern Asia,Eastern Asia excluding China,"","","","",East Asia and Pacific,Programme countries,"","",South-East Asia,East Asia and Pacific,East Asia and Pacific (excluding high-income),Low income,Low income,Low and middle income,Asia,"",Excluding least developed countries,Excluding China,"","","","",Countdown,"","","",Non-fragile,Non-fragile,Non-fragile,Non-fragile,Non-fragile,Fragile,Other Fragile,Non-fragile,Fragile,Other fragile,non-FCS,"","",Asia,Eastern Asia,"",Eastern and South-Eastern Asia,Eastern Asia,"","","","",Eastern and South-Eastern Asia,Asia,Eastern Asia,Eastern Asia (excluding Japan),"","",HAC,HAC,Global Strategy,Non conflict,East Asia and Pacific,"","","","","",East Asia and Pacific,"",Low income,Low and middle income,Asia-Pacific Group,"",GAVI,East Asia and the Pacific,Non-humanitarian,Non-high burden,"",East Asia and Pacific,East Asia and Pacific,LiST,LiSTSBR,LiSTSBR,EAPR Program Countries,EAPR Program Countries (excluding China),"","",EAPR Countries,EAPR Countries (excluding China),"","","","","","","","","","","","","","",ESCAP_East and North-East Asia (ENEA),ESCAP_All countries,"","","","","","","","","","","","","","","",ESCAP_WB Low Income Economies,"","","","",572644.5,568452.5,589076.5,625130,661243,692311,716201.5,730766.5,736209.5,735362.5,732461,730444,727912.5,719944,706593.5,696300,660811.5,601914.5,565141.5,557379.5,564337,601128.5,681135.5,769109.5,827876,861812,888876,899525,902945,924142,957816.5,1002398,1063983.5,1119411.5,1163073,1204230.5,1232652,1243075,1230723.5,1194333,1143641.5,1082467.5,1007981,943378,906344.5,883790,878844.5,890617.5,906822.5,922622.5,937711,949839,958913,968679,978930,990221.5,1003131,1016260.5,1027765,1036688,1041381,1041060.5,1036391.5,1028574,1018421.5,1004973,988379,969905.5,950486,928820.5,904319,881629.5,863574,850032.5,839738,833533,830105,827232,825562,827335.5,833453.5,840737,848254.5,854982,860447,864953,867889,868505.5,866855.5,863623,858279,850133,839626.5,827166,812386,795731.5,778713.5,761673.5,745027,729201,714550.5,701314,689831,680290,672700.5,667088,663514.5,661910.5,661940.5,663179,665181.5,667472.5,669548.5,671039,671770,671518,670104,667487,663622,658429.5,651921.5,644188.5,635321.5,625458,614874.5,603841.5,592543.5,581298,570494.5,560368,551093,542895.5,535891.5,530018.5,525227,521610.5,519060,517399.5,516480,516060,515891,515814.5,515610.5,515155,514296.5,512783.5,510592.5,507759,504225.5,499963,420213,372585.5,357489,371403.5,402421.5,444223,492099.5,544593.5,596268.5,640211,674362.5,699760,714961,720826.5,720481,718114,716613,714593.5,707200.5,694488,684784,650218,592549,556690.5,549438.5,556714,593366,672654.5,759896.5,818316.5,852229,879371.5,890319,894180,915640.5,949449.5,994092.5,1055635.5,1111109.5,1154926.5,1196271.5,1224977,1235880.5,1224040,1187922,1136491,1073802.5,998059.5,932366.5,894298.5,871342,866428,878034,894437,910848,926520,939236.5,948871.5,958667.5,968459.5,979337.5,991954.5,1004953,1016502.5,1025600.5,1030523,1030413,1025915.5,1018216,1008057,994600.5,978210.5,960034,940892,918917.5,893346,869345.5,850010,835453.5,824774.5,818637.5,815255.5,812422.5,810805,812617.5,818736.5,826021,833558,840322.5,845833,850393.5,853404,854120.5,852567,849437,844222.5,836220,825867.5,813586,798999.5,782547.5,765737.5,748894.5,732441,716808,702355.5,689284.5,677946,668563.5,661122.5,655635.5,652179,650690.5,650827,652154.5,654233,656600.5,658760,660345,661175.5,661029.5,659723.5,657205.5,653440.5,648356,641965.5,634363.5,625633.5,615896,605430.5,594517,583324.5,572172,561474,551461,542294.5,534198.5,527286.5,521502.5,516790.5,513244,510769.5,509188,508353,508028.5,507945.5,507946.5,507828,507455,506657
Korea Rep,Republic of Korea,97,KOR,410,KOR,Eastern Asia,Eastern Asia excluding China,"","","","",Non-programme countries,"","","",Western Pacific,East Asia and Pacific,"",High income,High income,"",Asia,"",Excluding least developed countries,Excluding China,"","","","","","","","","","","","","",Non-fragile,"","",Non-fragile,"",non-FCS,"","",Asia,Eastern Asia,"",Eastern and South-Eastern Asia,Eastern Asia,"","","","",Eastern and South-Eastern Asia,Asia,Eastern Asia,Eastern Asia (excluding Japan),"","","","","",Non conflict,East Asia and Pacific,"","","","","","","","","",Asia-Pacific Group,"","",High Income Countries,Non-humanitarian,Non-high burden,"","","","","","","","","","",EAPR Countries,EAPR Countries (excluding China),"","","","","","","","","","","","","","",ESCAP_East and North-East Asia (ENEA),ESCAP_All countries,"","","","","","","","","","","","","","","",ESCAP_WB High Income Economies,"","","","",895687,966247.5,1071414,1192509.5,1293363,1364328.5,1413884.5,1443764,1435279,1401279,1375662.5,1365973.5,1358112.5,1357387,1375336.5,1399215.5,1429283.5,1470593,1518235,1586694.5,1699543.5,1819438,1910643.5,2007656,2105827,2184549.5,2273373.5,2343169.5,2355699.5,2315412.5,2266452,2254668.5,2249692,2235453.5,2245928.5,2281665,2354330,2438303.5,2460087.5,2420453.5,2354742,2288014,2223418,2154234,2092375.5,2059070,2085974,2144138,2171601.5,2131423,2020625.5,1902908,1812558,1744645,1702691,1683048.5,1691663,1733026,1786275.5,1832822.5,1867534,1880920.5,1864215,1819038,1754108.5,1689762,1634647.5,1568585,1488800,1406215.5,1317482,1236252,1199311.5,1194368.5,1187441,1189895,1205370.5,1213895,1208600,1200800.5,1191726,1167395,1120881,1063850.5,1001919.5,926211,846898,782661,732212.5,694043,674308,667461,665809.5,671182,679705,685261.5,688787,689579,687355.5,682449,675318,666683.5,657484.5,648663.5,641116,635304,631225.5,628730.5,627340,626621,625796,624164,620842,615141.5,606807.5,595560,581375.5,564688,546452.5,527407,508536,490974,475495,462675.5,452674.5,445321,440408,437431.5,435694.5,434816,434301.5,433722.5,433069,432259.5,431183.5,429825,428129,426266,424367.5,422543,420950.5,419523,418004.5,416274.5,414103,411209,407585.5,403191.5,398001.5,392142.5,693205,673383,691041.5,739998.5,810688,897029.5,994240,1105749,1221424,1312594,1371221,1389817,1372369,1336685,1300515.5,1281014.5,1276505,1288041,1307796,1329668.5,1356839,1389350,1429693.5,1474499.5,1541653.5,1645293.5,1747459,1828496.5,1935931,2063957,2154956,2215054.5,2256773,2280974,2290955,2295155.5,2276624.5,2236252.5,2233836,2296222,2382660,2422790,2419256.5,2398830.5,2376540.5,2361716.5,2297480,2189988.5,2100763,2070128,2115600,2168934,2180645.5,2165771.5,2122169.5,2055345.5,1968265,1873457,1800692,1756277,1737307,1741008.5,1767653,1810441.5,1852270,1880088.5,1892230,1882486.5,1852130.5,1812725,1770549,1708870,1628578,1552703,1483967,1410681.5,1344765.5,1319127,1316348,1309452.5,1310552.5,1324876.5,1332365.5,1325897.5,1316804.5,1306528,1281008,1233226.5,1174883.5,1111663,1034767,954238.5,888967.5,837856.5,798970.5,778438,771049.5,768713,773072,780566,785098.5,787454,786841.5,783398.5,777749,769892.5,760191.5,749590.5,738863,729271.5,721579.5,716018.5,712318,709835,708149,706395,703857.5,699629.5,693116.5,683688,671072,655588.5,637668,618278,598217,578400,559813,543243.5,529342.5,518357,510035.5,504017,499990,497262,495402,493937.5,492457,490864,489078,487052.5,484734,482114.5,479355,476604,473980.5,471618,469506,467419,465070.5,462238
Kosovo,Kosovo (UNSCR 1244),412,RKS,412,RKS,"","","","","","",Europe and Central Asia,Programme countries,"","",Europe,Europe and Central Asia,Europe and Central Asia (excluding high-income),Middle income,Upper middle income,Low and middle income,Europe,"","","","","","","","","","","",Non-fragile,Non-fragile,Non-fragile,Non-fragile,Non-fragile,Non-fragile,"",Non-fragile,Non-fragile,"",Fragile and Conflict-affected Situation,Institutional and Social Fragility,"",Europe,Southern Europe,"",Europe and Northern America,Europe,"","","Europe, Northern America, Australia and New Zealand","Australia and New Zealand, Central Asia, Europe and North America",Europe and Northern America,Europe,Southern Europe,"","","",HAC,HAC,"",Non conflict,Europe and Central Asia,Eastern Europe and Central Asia,"","","","",Europe and Central Asia,Eastern Europe and Central Asia,Upper middle income,Low and middle income,Eastern European Group,"","",Eastern Europe and Central Asia,Non-humanitarian,Non-high burden,"",Europe and Central Asia,Eastern Europe and Central Asia,LiST,"",LiSTSBR,"","","","","","","","","",EECA,"","","","","","","","","","","",ESCAP_Europe (Europe),"","","","","","","","","","","","","","","","","","","","",42551.5,43269,43929,44566,45229,45964.5,46707.5,47335.5,47742,48486.5,49664,50794.5,52203,54244.5,56119.5,57648,59460,61370.5,62336.5,62891.5,64244,66053.5,67960.5,69920.5,72110,74488,77057,79752,82462,85178,87981,90754,93533.5,96450.5,99338.5,101657.5,102198.5,101457.5,101437,102927,106346,109594,111391,112955,114037.5,114761.5,115004,115286.5,108615,99825.5,101047.5,107661,112603,114380,114033.5,111834,108461,103582.5,98404.5,94323,91382,89669.5,88761.5,87560.5,85626.5,83765.5,83999,85533.5,85692.5,84242,82254.5,78798.5,74690,72199,71222,71380,71769.5,71874.5,71683.5,70872.5,68795.5,65580,62042,58402,54918.5,52208.5,50536,49441.5,48397.5,47392,46510.5,45805,45276,45017.5,44981.5,45063,45177,45314.5,45435,45522,45568,45535,45418.5,45191.5,44822,44310.5,43638.5,42812.5,41867,40845.5,39766,38647,37540,36458.5,35424,34454,33571.5,32790.5,32095,31490.5,30986.5,30586.5,30265,29997,29787.5,29647.5,29563.5,29503,29450,29386,29292,29164.5,28995,28775,28508.5,28205.5,27854,27455.5,27019,26543.5,26045,25533.5,25022,24512.5,24009.5,23522,23062.5,22646,22270.5,21936.5,34296,36302,38010,39527.5,40803,41786.5,42618.5,43462.5,44324.5,45265.5,46341.5,47256.5,47819.5,48057,48652.5,49805,51182,53173,54192,53531.5,52904,53756,55711,57779.5,60188,62848,65503,68145.5,71020.5,74127,77256.5,79794,81580,83131,84719,86675.5,89207,92248.5,95197,97576.5,99431.5,101018.5,102640.5,104038.5,105309.5,107101.5,109063.5,110540,98098,77757,71764,74917,78899,82989,86962.5,89970,91688,92473.5,92097.5,90613.5,88307,87474.5,88272,88186,86018,81782,78958.5,78581.5,77702,76071.5,76591,77606.5,76997.5,75980.5,74576,72667,70008.5,67830,67009,67213.5,67981,68832.5,69278.5,69323.5,68689.5,66751.5,63664,60237,56636.5,53187.5,50548,48904,47824,46846.5,45896.5,45027,44333.5,43840.5,43592.5,43563,43672,43796,43951,44086,44174.5,44246,44222.5,44089.5,43873.5,43562.5,43095,42455.5,41684.5,40763,39738,38649.5,37549.5,36479,35420,34402.5,33463,32617,31845.5,31134,30509,30012,29639.5,29348.5,29127,28957.5,28831.5,28762.5,28729,28690,28633,28561.5,28444,28281.5,28075,27815.5,27519.5,27179,26805,26394,25940.5,25453,24950,24457,23973,23498
Kuwait,Kuwait,56,KWT,414,KWT,Western Asia,Western Asia,"","","","",Middle East and North Africa,Programme countries,MENAEMRO,"",Eastern Mediterranean,Middle East and North Africa,"",High income,High income,"",Asia,"",Excluding least developed countries,Excluding China,OIC,Arab,OIC High income: nonOECD,OIC High income,"","","","","","","","","",Non-fragile,"","",Non-fragile,"",non-FCS,"","",Asia,Western Asia,"",Northern Africa and Western Asia,Western Asia,"","","","",Northern Africa and Western Asia,Asia,Western Asia,"Western Asia (exc. Armenia, Azerbaijan, Cyprus, Israel and Georgia)","","","","","",Non conflict,Middle East and North Africa,"","","","","","","","","",Asia-Pacific Group,"","",Middle East and North Africa,Non-humanitarian,Non-high burden,"","","","","","","","","","","","","","","","","","","","","","","","","","","",ESCAP_Other Area (OTH_REGION),"","","","","","","","","","","","","","","","",ESCWA_Arab countries,ESCWA_Gulf Cooperation Council (GCC),"","",8531.5,8110.5,7823,7657.5,7615,8217.5,9345.5,10185,11588,13697,15646.5,17561.5,19950.5,22884.5,25909,29019,31763,34160.5,36800.5,39568,42021,44771,48426,52542.5,57160,62637.5,67827.5,71847.5,75356,78417.5,80838.5,82169,82901.5,84059.5,85339,87162.5,89610,92704,96993,102100.5,79549.5,66845,82568.5,80104.5,67566,62848,70574.5,80257.5,87089.5,91033.5,92623.5,92439.5,90739.5,87799.5,84077,84490.5,89330,92595.5,93482,93747.5,94483,98266.5,103790.5,107779,111603.5,114629,117638.5,122403,128645,133764,136339,130009.5,127467.5,138558,145592,147013.5,148287.5,149415,150311,150776.5,150605.5,149719.5,148063.5,145631.5,142755.5,140035,138057.5,137367,138164,139698,141334,142970.5,144323.5,145370,146731,148671,150876,153227.5,155643.5,158076,160462,162762.5,164970.5,167075,169046.5,170871,172558,174117.5,175512.5,176750,177858,178814.5,179650,180443.5,181220.5,182006,182858,183761,184725.5,185800,187008.5,188386.5,189968.5,191717.5,193615.5,195657,197804,200038,202349.5,204670,206980.5,209280,211550.5,213833,216159.5,218480.5,220778.5,223088.5,225355.5,227537.5,229646,231698.5,233665.5,235551,237406,239287,241193,243093.5,245009,246976,11483,10960,10292,9574.5,8921.5,9352.5,10820,11970.5,13442,15655.5,18081.5,20861,23888.5,27033,30278.5,33555.5,36246.5,38422,40782.5,43135.5,45214.5,47203.5,49298,51518,54132,57411.5,63178,71189.5,79066,86109,91739.5,96127.5,99546,102131.5,102522,101874,98541,92234,87506.5,84775,62788,51530,64285,71828,74669,72391.5,75491,84253.5,95433,107088.5,117031.5,123542,125953,124351.5,119383.5,117928.5,124060.5,132268,138377,140466.5,137642.5,126080.5,112874.5,105771,102580,104230.5,110326.5,117121.5,122485,125904,123733.5,123274,127402,124297.5,126199,137970,146658,152157.5,154640,155504.5,156175,156929.5,157735.5,158477,158897.5,158746,157908.5,156303.5,153923.5,151101,148433.5,146506.5,145863.5,146705,148281,149958,151634,153027,154115,155516.5,157495.5,159739.5,162128.5,164580.5,167049,169470,171806,174051,176193,178202,180062.5,181786,183382,184812,186084.5,187228,188219.5,189089.5,189919.5,190732,191552.5,192439,193376.5,194376,195483.5,196726,198137.5,199751.5,201533,203464,205539,207718.5,209984,212327.5,214680.5,217023.5,219355.5,221659.5,223977,226337,228690.5,231021.5,233364,235663.5,237879.5,240023.5,242111,244112.5,246033,247922.5
Kyrgyzstan,Kyrgyzstan,141,KGZ,417,KIR,Caucasus and Central Asia,Caucasus and Central Asia,"","","",LLDC,Europe and Central Asia,Programme countries,"","",Europe,Europe and Central Asia,Europe and Central Asia (excluding high-income),Middle income,Lower middle income,Low and middle income,Asia,"",Excluding least developed countries,Excluding China,OIC,Asia/other,OIC Low income,"",Countdown,"","","",Non-fragile,Non-fragile,Non-fragile,Non-fragile,Non-fragile,Non-fragile,"",Non-fragile,Non-fragile,"",non-FCS,"","",Asia,Central Asia,"",Central and Southern Asia,Central Asia,"",Landlocked developing countries,"","Australia and New Zealand, Central Asia, Europe and North America",Central and Southern Asia,Asia,Central Asia,Caucasus and Central Asia,"",Landlocked developing countries (LLDCs),"","",Global Strategy,Non conflict,Europe and Central Asia,Eastern Europe and Central Asia,Europe and Central Asia,Eastern Europe and Central Asia,Lower middle income,Low and middle income,Europe and Central Asia,Eastern Europe and Central Asia,Lower middle income,Low and middle income,Asia-Pacific Group,"",GAVI,Eastern Europe and Central Asia,Non-humanitarian,Non-high burden,"",Europe and Central Asia,Eastern Europe and Central Asia,LiST,LiSTSBR,LiSTSBR,"","","","","","","","","",EECA,"",ECE_All countries,"ECE_Eastern Europe, Caucasus and Central Asia (CIS)",ECE_CIS (CWG),ECE_Eurasian Economic Union (EAEU),"","",ESCAP_ECO (ECO),"",ESCAP_LLDC (LLDC_E),ESCAP_North and Central Asia (NCA),ESCAP_All countries,"","","","","","","","","","","","","",ESCAP_Countries with Special Needs,"",ESCAP_WB Lower Middle Income Economies,"","","","",86977.5,88877.5,93260,98542.5,101364.5,101039,99134,93243.5,81837.5,70101.5,64160.5,63935,69144,80122.5,93446,106010,116067.5,124206,132528.5,141240.5,147941.5,152931.5,158322,164623.5,171791.5,179395,187033,194326,200728.5,205635,208920,210848,211836,212299.5,210739,208111,206750,206245.5,205757,206621.5,209204.5,212173.5,214439,213971.5,214805,219935,226234.5,232642,238929,245327.5,252762.5,261390.5,270560,278419,284345.5,288799,294342.5,300964.5,305391,305229.5,301198,296568.5,291079.5,285303.5,279426,272695,266212,261804,259912.5,261095.5,266107,274699,286625,300207,314564.5,330733.5,347190.5,361203.5,372643,381876,389046,394807,400141.5,406646.5,413256,415799,413895,408949.5,400880.5,390888,382159.5,376997.5,374908.5,373690,372508.5,371888,372145.5,373233,375105.5,377693.5,380781.5,384225,388021.5,392202.5,396585,400930,405034.5,408656,411486,413252.5,413985,413917.5,413103.5,411610,409619,407235.5,404527.5,401577.5,398541.5,395542,392676.5,390038,387677,385554.5,383747.5,382353.5,381300.5,380583,380170,379973,380003,380180,380347,380473,380518,380396,380091,379574.5,378852,377861.5,376505,374835.5,372880.5,370719,368474,366082.5,363507,360918.5,358348,355786.5,91160,93657,92470.5,89254,87132.5,86974.5,88777,93138.5,98452.5,101570,101999.5,101231.5,96764.5,86900,76484,71438.5,71692.5,77024,87861,100718,112385.5,121002,127268.5,133615,140460.5,145583,149364,154051,160047,167078.5,174771.5,182605.5,189981,196427,200636.5,201257.5,198336,193110.5,187344.5,184365.5,185625,188935,193097.5,192656,191078,195458.5,202166.5,208520,214456.5,219530.5,223069,226299,230097.5,234804.5,240777.5,248002,256978,268252,281352.5,293063,298366.5,294981,285624,276562,270737.5,268809.5,272834.5,281644.5,287985,283178,271479.5,261313.5,256620.5,257618,261617.5,267458.5,274754,285004.5,297516,311312.5,327229.5,343470.5,357220.5,368379,377354,384271.5,389821.5,394975.5,401358.5,407916.5,410446.5,408531,403530.5,395385,385307,376485.5,371189.5,368989,367777,366648.5,366102,366468.5,367591.5,369417.5,371962,374968.5,378365,382209.5,386452.5,390809.5,395072,399132,402739.5,405589,407341.5,408037.5,408007,407253.5,405821,403952.5,401713.5,399098.5,396219,393145,390082,387304.5,384710,382288.5,380169,378356.5,376884.5,375799.5,375069,374664,374554,374663.5,374867.5,375035.5,375121.5,375093,374889.5,374523,373977.5,373313,372488.5,371291,369721.5,367846,365671,363330
Lao PDR,Lao People's Democratic Republic,87,LAO,418,LAO,South-eastern Asia,South-eastern Asia,"",Least developed countries,"",LLDC,East Asia and Pacific,Programme countries,"","",Western Pacific,East Asia and Pacific,East Asia and Pacific (excluding high-income),Middle income,Lower middle income,Low and middle income,Asia,"",Least developed countries,Excluding China,"","","","",Countdown,"","","",Non-fragile,Non-fragile,Non-fragile,Non-fragile,Non-fragile,Fragile,Other Fragile,Non-fragile,Fragile,Other fragile,non-FCS,"","",Asia,South-Eastern Asia,"",Eastern and South-Eastern Asia,South-Eastern Asia,Least developed countries,Landlocked developing countries,South-Eastern Asia and Oceania (exc. Australia and New Zealand),"",Eastern and South-Eastern Asia,Asia,South-Eastern Asia,South-Eastern Asia,Least Developed Countries (LDCs),Landlocked developing countries (LLDCs),"","",Global Strategy,Non conflict,East Asia and Pacific,"",East Asia and Pacific,"",Lower middle income,Low and middle income,East Asia and Pacific,"",Lower middle income,Low and middle income,Asia-Pacific Group,"",GAVI,East Asia and the Pacific,Non-humanitarian,Non-high burden,Fragile,East Asia and Pacific,East Asia and Pacific,LiST,LiSTSBR,LiSTSBR,EAPR Program Countries,EAPR Program Countries (excluding China),"","",EAPR Countries,EAPR Countries (excluding China),"","",ASEAN Countries,"","","","","","","",ESCAP_ASEAN (ASEAN),"",ESCAP_LDC (LDC_E),ESCAP_LLDC (LLDC_E),ESCAP_South-East Asia (SEA),ESCAP_All countries,"","","","","","","","","","","","","",ESCAP_Countries with Special Needs,"",ESCAP_WB Lower Middle Income Economies,"","","","",84262.5,85672.5,87308,89072,90772,92363,93892.5,95395,97029,98991.5,101402.5,104238.5,107370,110507.5,112605.5,115634.5,120423.5,125122,129906,135630.5,140391,143404.5,146520.5,149688,152938.5,156095.5,159049.5,162013.5,165252.5,168960.5,173307.5,178250.5,183631.5,189292.5,195129.5,201177.5,207380,213661,220061.5,226635.5,233238,239756.5,246117.5,252165.5,257860,263431.5,269286.5,275492,282443,290577.5,299721.5,309451,319379.5,329330,339111.5,349394.5,359201.5,366803,372096.5,374717,374621.5,372559.5,369646,367330,366760.5,368616,371191,372086,371095,368734,366671,366565.5,368441,371206.5,373986.5,376280.5,377664.5,378675.5,380067.5,382107.5,385589.5,390105,394329.5,397735,400065,400502.5,399267.5,397516,395542.5,393566,391624,389676.5,387649.5,385500,383065,380411.5,377815.5,375356.5,373063.5,370947.5,369035.5,367319,365729.5,364217.5,362743,361163,359361,357392.5,355284.5,353043.5,350760,348451,346054.5,343545.5,340921.5,338223.5,335596.5,333055.5,330481,327849,325186,322488,319687.5,316866,314131.5,311481.5,308902.5,306392.5,303959.5,301572,299154,296734,294383,292070,289785.5,287556,285309,282996.5,280664,278293,275876.5,273487.5,271104.5,268686.5,266271,263872.5,261460.5,259067,256729,254417.5,76142,77206.5,78219.5,79237.5,80355,81586.5,82973.5,84582.5,86317,87893,89276,90619,92054,93577.5,95324.5,97559,100213,103139,106129.5,108189,111156.5,115840.5,120434.5,125068.5,130494.5,134565,136223,137417,138570.5,140259.5,142853,146443,150944.5,156077.5,161545.5,167276,173179,179152,185142.5,191096.5,197006,202818,208500,214153,219871.5,225543,231100,235866.5,239739.5,243346,247167,251745.5,257341,264067.5,271772.5,281063,292180.5,303615.5,314196.5,323596,331511.5,337712,341808,343525.5,343103.5,343820.5,346495,349152,352524,356869,360969.5,363721.5,364720,363831,361471.5,359263.5,358955,360631,363251,365958,368243,369649.5,370683,372068.5,374073.5,377502,381965,386160,389572.5,391890.5,392281,391032,389301.5,387313,385330.5,383421,381502.5,379500.5,377411.5,375034,372402.5,369846.5,367422,365149,363053.5,361138,359406.5,357848,356388.5,354944,353395.5,351633.5,349666,347550.5,345328.5,343077,340833,338503,336037.5,333446.5,330750.5,328151.5,325682,323159,320565.5,317968.5,315356.5,312619,309850.5,307180.5,304601,302082.5,299629.5,297248,294907,292523,290106,287762.5,285460.5,283182.5,280963,278731,276447,274161.5,271842,269493,267188,264879.5,262519,260155
Lebanon,Lebanon,58,LBN,422,LEB,Western Asia,Western Asia,"","","","",Middle East and North Africa,Programme countries,MENAEMRO,"",Eastern Mediterranean,Middle East and North Africa,Middle East and North Africa (excluding high-income),Middle income,Lower middle income,Low and middle income,Asia,"",Excluding least developed countries,Excluding China,OIC,Arab,OIC Upper middle income,OIC Middle income,"","","","",Non-fragile,Non-fragile,Non-fragile,Fragile,Fragile,Non-fragile,"",Fragile,Non-fragile,"",Fragile and Conflict-affected Situation,Conflict,"",Asia,Western Asia,"",Northern Africa and Western Asia,Western Asia,"","","","",Northern Africa and Western Asia,Asia,Western Asia,"Western Asia (exc. Armenia, Azerbaijan, Cyprus, Israel and Georgia)","","",HAC,HAC,"",Conflict,Middle East and North Africa,"","","","","",Middle East and North Africa,"",Lower middle income,Low and middle income,Asia-Pacific Group,"","",Middle East and North Africa,Humanitarian,Non-high burden,Fragile,"","","","","","","","","","","","","","","","","","","","","","","","","","",ESCAP_Other Area (OTH_REGION),"","","","","","","","","","","","","","","","",ESCWA_Arab countries,ESCWA_Mashreq subregion,ESCWA_Non-conflict middle income countries,ESCWA_Arab Middle-Income Countries (MICs),67510.5,67571,67560,67461,67211,66877,66557.5,66332.5,66344,66912.5,68264.5,70528.5,73817.5,78325.5,83991.5,92192.5,102526,112538.5,121938,130635,136709,140819.5,145069,149227,153290,157003,159625.5,162786,167203,171118,174335,176781.5,177521.5,177343.5,177815.5,178803.5,181046.5,183637.5,185489,187157.5,188269.5,189721.5,192384,195531,198997,203483.5,208723,213549,217991,222477.5,226361.5,229365,231493,233674,236748.5,239865,242757.5,244997,244859,241868.5,236536,231486.5,231151.5,247880,269534.5,272813,268212.5,265949.5,264812.5,264401.5,264625.5,265666,267313,268995.5,271472.5,275197.5,279491,283661.5,286956,288636,287952.5,284247.5,277216,266986,253967.5,242542.5,235106,230183.5,228129,229399.5,230436,229750.5,229631.5,230003.5,230982.5,232403.5,234063,236087.5,238281.5,240432,242577.5,244576,246181.5,247306.5,248011,248194.5,247802,246892.5,245431,243424,241014,238237,235160.5,231921,228603,225352.5,222219.5,219308.5,216633.5,214288,212429.5,210946,209785,209052,208746,208537,208349,208369.5,208447.5,208522.5,208611,208608.5,208526,208221,207770.5,207098,206157,205030,203685.5,202234,200613,198846.5,197009.5,195074,193056,191108.5,189204.5,187349,185683,184172.5,62802.5,64223,65238,65899,66317.5,66544.5,66624,66636,66447.5,66121.5,65844,65675,65677,65930.5,66659.5,68029.5,70240,73337.5,77676.5,83274,91324,101502,111510.5,120818,129246.5,134247.5,134934.5,136571.5,140544.5,144613.5,148901.5,153274.5,156138.5,158291.5,161213.5,163928.5,166981.5,169930.5,171864,173170,174126,176051,178930.5,181689,184170.5,186274.5,188373.5,191151,194528.5,198355.5,202992.5,208100,212310.5,216245,220809,224779,228343.5,232263.5,235711.5,238647,240650.5,242052.5,246007,265221,286162.5,277694,254589.5,238668.5,230234,228222,231871,238306,243755,247322.5,250209.5,253410,256624,259864.5,263278,267091,271400.5,276059.5,280354,283421,284851.5,283929,280122,273446,263746.5,251157,240035,232734.5,227622,225076,226103,227197,226454,226543.5,227222.5,228045,229186,230789,232665,234681,236955,239287,241459,243306,244585.5,245302.5,245559,245135,244088,242543.5,240384,237775.5,234765,231474,227970,224493.5,221405.5,218577,215946,213698,211997,210360.5,208625,207360.5,206475,205859.5,205542,205428.5,205573.5,205672,205933,206189,206267.5,206212.5,205827.5,205337.5,204590,203486.5,202185,200695.5,198955,197173.5,195348.5,193429,191611.5,189881
Lesotho,Lesotho,6,LSO,426,LES,Sub-Saharan Africa,Sub-Saharan Africa,South Africa,Least developed countries,"",LLDC,Eastern and Southern Africa,Programme countries,"","",Africa,Sub-Saharan Africa,Sub-Saharan Africa (excluding high-income),Middle income,Lower middle income,Low and middle income,Africa,Sub-Saharan Africa,Least developed countries,Excluding China,"","","","",Countdown,Southern Africa,Africa,Southern Africa,Non-fragile,Non-fragile,Non-fragile,Non-fragile,Non-fragile,Non-fragile,"",Non-fragile,Fragile,Other fragile,non-FCS,"","",Africa,Southern Africa,"",Sub-Saharan Africa,"",Least developed countries,Landlocked developing countries,"","",Sub-Saharan Africa,Sub-Saharan Africa,Southern Africa,Sub-Saharan Africa (inc. Sudan),Least Developed Countries (LDCs),Landlocked developing countries (LLDCs),"","","",Non conflict,Sub-Saharan Africa,Eastern and Southern Africa,Sub-Saharan Africa,Eastern and Southern Africa,Lower middle income,Low and middle income,Sub-Saharan Africa,Eastern and Southern Africa,Lower middle income,Low and middle income,African Group,"",GAVI,Eastern and Southern Africa,Non-humanitarian,Non-high burden,"",Eastern and Southern Africa,Eastern and Southern Africa,LiST,"",LiSTSBR,"","","","","","","","","","",ECA_Southern Africa,ECA_All countries,"","","","","","","","","",ESCAP_Africa (AFR),ECA_African Union Commission,"",ECA_SADC,"","",ECA_Land-locked countries,ECA_Land-locked LDCs,ECA_Non-Oil Producing,ECA_Least developed countries,ECA_Mineral-rich countries,ECA_Non-Oil LDCs,"",ECA_Sub-Saharan Africa,"","","","","","","",18292.5,20447,22669.5,24928,27225.5,29578.5,32028,33482,33865.5,34209.5,34559,35035,35792,37143.5,39357.5,40928.5,39542.5,39214.5,41670,43754,46772,50854.5,54656,58076,61080.5,63682,66022.5,68092.5,69680.5,70946.5,72211.5,73599,75185,77118,79341.5,81687.5,85194,88143,89467,90991,92872,95150.5,97793.5,100765,103950.5,107140,110140,112948.5,115701.5,118262,120463.5,122276,123919.5,125074.5,125233,124402,123585,122741.5,120973,118733.5,116530.5,114716.5,113436,112496.5,111630.5,110910.5,110667.5,111247.5,112638.5,114329,115938,117217,118136.5,119181,120710.5,122677,125315.5,128071,130361.5,132516.5,134547.5,135979.5,136618.5,136609.5,135930,134703,132873,130732,128849.5,127487.5,126632.5,126237.5,126176.5,126220,126296,126435,126628,126898.5,127243.5,127629.5,128029,128433,128796.5,129039.5,129131,129119,129012,128781,128465.5,128103,127658,127115.5,126534,125941,125320.5,124680,124046.5,123434.5,122809.5,122155.5,121489,120799,120074,119353.5,118680.5,118044.5,117465,116961,116502.5,116052,115593.5,115132,114679.5,114234.5,113809,113393.5,112962.5,112493.5,111975,111422.5,110845,110244.5,109612,108962.5,108300.5,107605.5,106886,106150.5,105423,104720.5,13194.5,14459.5,16002,17809,19857.5,22119.5,24514,26074.5,26583.5,26713.5,26527,26200,25883.5,25645.5,25548,25635.5,24369.5,24080,26653.5,30143,33081.5,35187.5,37590.5,39973.5,42015.5,44986,48919.5,52427,55534,58310,60764,62907.5,64752,66241,67512.5,68831.5,71612,74266.5,75504.5,76811,78000.5,79108.5,80178.5,81228,82411,83901,85639.5,87564,89756.5,92129,94438.5,96544,98450.5,100225.5,101751,102891,104893,108324,111695,114217.5,115845.5,116544.5,116021,114373,112269.5,110188,108496,107344.5,106518.5,105754.5,105304.5,105512,106448.5,108122.5,110130,111923.5,113258.5,114289,115472,117081,119074.5,121726.5,124507.5,126832,129013.5,131080,132564.5,133241,133257.5,132620,131444,129672.5,127607.5,125804.5,124509.5,123715.5,123380.5,123381.5,123483,123597.5,123754.5,123973,124266.5,124607,124973.5,125371,125777.5,126147.5,126426.5,126577,126618.5,126551,126360.5,126053,125669.5,125199.5,124653.5,124105,123572,123019.5,122440.5,121840,121211.5,120559,119901.5,119217,118510,117810.5,117118,116461,115838,115269.5,114771.5,114320.5,113891.5,113463,113054,112655.5,112249.5,111858.5,111479,111071,110589.5,110063.5,109524.5,108947,108344,107722.5,107078,106424
Latvia,Latvia,160,LVA,428,LAT,"","","","","","",Non-programme countries,"","","",Europe,Europe and Central Asia,"",High income,High income,"",Europe,"","","","","","","","","","","","","","","","",Non-fragile,"","",Non-fragile,"",non-FCS,"","",Europe,Northern Europe,"",Europe and Northern America,Europe,"","","Europe, Northern America, Australia and New Zealand","Australia and New Zealand, Central Asia, Europe and North America",Europe and Northern America,Europe,Northern Europe,"","","","","","","",Europe and Central Asia,Western Europe,"","","","","","","","",Eastern European Group,"","",High Income Countries,Non-humanitarian,Non-high burden,"","","","","","","","","","","","","","","","","",ECE_All countries,ECE_European Union (E25),ECE_Euro area (EMU),"","","","","","","",ESCAP_Europe (Europe),"","","","","","","","","","","","","","","","","","","","",82426.5,83716.5,85426,87281,88677,88754,87360,85050,82281,81067,79602.5,76242.5,74333,74996,77613.5,81500.5,85384,87828.5,88161,86980,86248,87140.5,89112,91302,93503.5,96151,98557,100078.5,99809.5,97871,94824,91719.5,90280,89142,88384.5,89223,90811.5,92932,94788.5,95454,95485.5,91970.5,87118,84944,83687.5,83210.5,83323,84198.5,86586,89512.5,91456,92705,93902,94185,93250,91536,88800.5,84945,79522,72797,65939,59629,53956.5,49262.5,46296,44780,44069,44097,44943,45707,46131.5,47122,48983.5,51039,52424.5,52709.5,52203,51642,51100,51304.5,52692,54555.5,55819.5,55812,54611,52429.5,49870.5,47202,44412,41717.5,39356,37161.5,35300,34218,33601.5,33063.5,32606.5,32240.5,31978,31831.5,31799.5,31873.5,32030,32252.5,32527,32827,33128.5,33400.5,33623.5,33779.5,33846,33815,33679.5,33429,33056.5,32559.5,31947.5,31231.5,30427,29570.5,28692.5,27811.5,26956,26148,25402,24728.5,24145,23661,23270,22964,22739.5,22589.5,22501,22465.5,22468.5,22501,22550,22602,22650,22686,22696.5,22671.5,22607,22499,22342.5,22134.5,21877,21573.5,21227,20846,76300,78935,80393.5,81086.5,81851,82996,84470.5,86364,88418,87550.5,86969.5,89472.5,90637,89517.5,86771.5,83130,79225,77073,77880.5,81099.5,85566.5,89483,91523.5,92560.5,93978,94659,95016,96650.5,99339.5,101391,102467,103518.5,103612.5,102414.5,100605.5,98066,95713.5,94926.5,95093,95373.5,95508,95849,94977,92856.5,90734.5,88184.5,85684,83705.5,82630,82137,81710.5,81188.5,81447,83127,85076,86496,87902.5,89336,88959,85763.5,81489,77996.5,75231,71442,66468,61118,55528,50377,46622.5,44512.5,43512,43216.5,43749.5,44999,45821.5,46006,46783,48326,49975.5,51307.5,51761,51375,50827.5,50298,50528,51958,53848.5,55125.5,55130,53919,51724.5,49158.5,46490,43710,41028.5,38671,36483,34634.5,33557.5,32950.5,32434,32007.5,31650,31376,31219,31177.5,31237.5,31385,31616,31906,32216,32532.5,32830.5,33070.5,33229,33291,33262,33129,32876,32514,32038,31437,30733.5,29949.5,29101.5,28220.5,27337.5,26482.5,25673.5,24924,24251.5,23676,23203,22823.5,22535,22334,22204,22127,22099,22110.5,22145.5,22193,22246.5,22300,22341,22356,22336.5,22278.5,22175,22020.5
Liberia,Liberia,33,LBR,430,LBR,Sub-Saharan Africa,Sub-Saharan Africa,West Africa,Least developed countries,"","",West and Central Africa,Programme countries,"","",Africa,Sub-Saharan Africa,Sub-Saharan Africa (excluding high-income),Low income,Low income,Low and middle income,Africa,Sub-Saharan Africa,Least developed countries,Excluding China,"","","","",Countdown,West Africa,Africa,Western Africa,Fragile,Fragile,Fragile,Fragile,Fragile,Fragile,Other Fragile,Fragile,Fragile,Other fragile,non-FCS,"",USAID,Africa,Western Africa,"",Sub-Saharan Africa,"",Least developed countries,"","","",Sub-Saharan Africa,Sub-Saharan Africa,Western Africa,Sub-Saharan Africa (inc. Sudan),Least Developed Countries (LDCs),"","","",Global Strategy,Non conflict,Sub-Saharan Africa,West and Central Africa,Sub-Saharan Africa,West and Central Africa,Low income,Low and middle income,Sub-Saharan Africa,West and Central Africa,Low income,Low and middle income,African Group,Economic Community of West African States,GAVI,West and Central Africa,Non-humanitarian,High burden,Fragile,West and Central Africa,West and Central Africa,LiST,"",LiSTSBR,"","","","","","","","","","",ECA_West Africa,ECA_All countries,"","","","","","","","","",ESCAP_Africa (AFR),ECA_African Union Commission,ECA_ECOWAS,"","","","","",ECA_Non-Oil Producing,ECA_Least developed countries,ECA_Mineral-rich countries,ECA_Non-Oil LDCs,"",ECA_Sub-Saharan Africa,"","","","","","","",49053.5,50091.5,51147,52228.5,53392,54625.5,55873,57131,58371.5,59570.5,60698.5,61653.5,62253,62400,62132,61948.5,62252.5,63097,64567,66644.5,68940.5,71164,73477.5,75900.5,78420.5,81048,83762,86632,89685,92817,96011,99191.5,102314,105569.5,108952.5,112180.5,115230,118365.5,121786,125506,111223,98825,105994,111589,112784,115105,119333,129520,143379,151220.5,156452.5,160520,163910.5,164138.5,164723.5,170588,178664,186245.5,192866.5,198406.5,204223,213169,221667.5,227663.5,234568,242266.5,250250.5,257977,265687.5,273706,282743,292920,303783,314403.5,323725,331276.5,337178.5,343185,349039.5,353394.5,356638.5,359446.5,361217,362521,364803,367831.5,371424,375131.5,379106,383687,388528.5,393532.5,398571.5,402954,407108.5,411058,414827.5,418505,421715,424690.5,427470.5,430134,432830,435609.5,438125,440523.5,443015.5,445220.5,446937.5,448731,450328,451254,451938.5,452523.5,452993,453464,453927.5,454526,454977.5,455172.5,455477.5,455961.5,456457.5,456998,457959,458834.5,459562,460220.5,460705,461344.5,462080.5,462542.5,462334.5,461950,461676.5,461604.5,461784.5,461429,460711,460444,460396.5,459848.5,458922,458015.5,456905,455417,453890.5,452332.5,450539.5,448537,42694,43375.5,44210,45152,46159.5,47228.5,48338.5,49459,50561,51734.5,53013,54311.5,55617.5,56919,58160,59300,60245.5,60828.5,60979,60725.5,60570.5,60867,61682.5,63152.5,65221.5,67484,69659,71997.5,74515.5,77115.5,79838,82618.5,85426,88583,92040.5,95460.5,98804,102087,105363.5,108654.5,94929.5,82094,86860.5,90496.5,90695.5,92267.5,96072.5,105176.5,117747,125913.5,132011,136954,141148,142324,143698,149816,157805,164949.5,171060,175559,179184.5,187076.5,193742,195358,197456,200619.5,204710,209387,215290.5,222380,230706.5,239640,248715.5,257862,266812,275984,286239,297657,308448.5,317544.5,324618.5,329913.5,335594,341480,345936.5,349507,353242.5,355423.5,356513.5,359150,362397.5,365845.5,369651,372921.5,376266.5,380087.5,384448.5,389334,394037,398697,402613,405960,409265.5,412434.5,415220.5,418140.5,421732,425034.5,427636.5,430840,434100,436287.5,438305.5,440088,441286.5,442337,443129,443839.5,444298.5,444611.5,445252.5,446194.5,447148,447955.5,449265.5,450136,450616.5,450989,451137.5,451621,452484,453178.5,452737.5,452125,452170,452884.5,454172,454276,453293,453058.5,453400.5,452862.5,451757,451386,451249.5,450752,450592,450521.5,449712.5,448147
Libya,Libya,57,LBY,434,LBY,Northern Africa,Northern Africa,North Africa,"","","",Middle East and North Africa,Programme countries,MENAEMRO,"",Eastern Mediterranean,Middle East and North Africa,Middle East and North Africa (excluding high-income),Middle income,Upper middle income,Low and middle income,Africa,"",Excluding least developed countries,Excluding China,OIC,Arab,OIC Upper middle income,OIC Middle income,"",North Africa,Africa,Northern Africa,Fragile,Fragile,Fragile,Fragile,Fragile,Fragile,Other Fragile,Fragile,Fragile,Other fragile,Fragile and Conflict-affected Situation,Institutional and Social Fragility,"",Africa,Northern Africa,"",Northern Africa and Western Asia,Northern Africa,"","","","",Northern Africa and Western Asia,Northern Africa,Northern Africa,Northern Africa (exc. Sudan),"","",HAC,HAC,"",Conflict,Middle East and North Africa,"","","","","",Middle East and North Africa,"",Upper middle income,Low and middle income,African Group,"","",Middle East and North Africa,Humanitarian,Non-high burden,Fragile,"","","","","","","","","","","","","","","",ECA_North Africa,ECA_All countries,"","","","","","","","","",ESCAP_Africa (AFR),ECA_African Union Commission,ECA_AMU,"",ECA_CEN-SAD,ECA_COMESA,"","",ECA_Oil producing economies,"","","","","","","","",ESCWA_Arab countries,ESCWA_Maghreb subregion,ESCWA_Countries in conflict,ESCWA_Arab Middle-Income Countries (MICs),54160.5,54346,54782,55528,56706.5,58302,60192.5,62360,64814.5,67460,70312,73395,76470.5,79172,81826.5,83329,83713.5,84951.5,87746.5,91884.5,97490,104476,112382,123693,137306,149652.5,160758.5,171091,179964,188113.5,197184.5,206146,210104.5,211165,216665.5,225317.5,234431.5,243883,253483.5,263442.5,273488.5,283250,293030.5,302991,312524,321063.5,327830.5,331967,332262.5,329104,326092,324430.5,323405.5,324130.5,326065.5,327386,326461.5,323695,320556,316825.5,312715.5,293350,277602,281498,285453.5,288711.5,292668,298298.5,305359,312997.5,321238,329930.5,337967,344247,348876,353063.5,357607.5,360041.5,360692.5,362475,363278.5,361049.5,358900,357136,352996.5,347630.5,342202.5,336719,331148,325518,320011.5,314887.5,310681,307646,305589.5,304299.5,303507.5,303174,303547,304427,305627.5,307146,308935.5,310809,312598.5,314160,315296,316268.5,317044.5,317407.5,317207,316401,315189.5,313442,311432.5,309297.5,306818,303987,301000.5,298018.5,294922.5,291752,288891,286341.5,283817,281500.5,279497,277669,276044.5,274986.5,274432.5,274170.5,274103.5,274082.5,274187,274418,274597,274621.5,274408.5,274027.5,273497,272916,272240,271296.5,270318.5,269306,268019,266400.5,264581.5,262678,49311.5,48922.5,49006.5,49553,50484.5,51819.5,53424.5,55082,56827.5,58768.5,60888.5,63134,65529.5,68018.5,70050,70992.5,71458.5,72083.5,72608.5,73667.5,75686.5,78000,80722.5,85629.5,93399.5,103304,115120,128451.5,142697.5,157242,170903,183160,188945.5,188028.5,190145.5,195823,201008.5,205915,211352.5,217715,224996,233360.5,242535.5,252046,261779,271254.5,280045.5,288537,297120.5,305542.5,315098.5,324766,331556,334606,334655.5,334200,333027.5,331783,332547.5,333490.5,332606,302890.5,273545,273658.5,273893,273120,273148.5,275395,279313.5,282994,286654.5,291173.5,296597.5,302882,310610,319537,328860,337966,345620,351012,355521.5,360365,362574,362874,364670.5,365364.5,362778,360561.5,358893.5,354725,349388,343942.5,338424.5,333000.5,327538.5,322259,317275.5,312982.5,310085.5,308317.5,307308.5,306920,307154.5,308018,309292.5,310521,311438.5,312805,314576.5,316409.5,318008.5,319256,320498,321077,321334.5,321567.5,321103.5,319831,318299,316722,314698.5,312117,309516,306862.5,303633.5,300251,297067.5,293887.5,290689.5,288169,286239.5,284600.5,283229.5,281868,280892,280505.5,280234.5,279861,279357,278873.5,278412,278283,278399,278289,278313.5,278436.5,278208,277473,276427,275410.5
Liechtenstein,Liechtenstein,181,LIE,438,LIE,"","","","","","",Non-programme countries,"","","","",Europe and Central Asia,"",High income,High income,"",Europe,"","","","","","","","","","","","","","","","","","","",Non-fragile,"",non-FCS,"","",Europe,Western Europe,"",Europe and Northern America,Europe,"","","Europe, Northern America, Australia and New Zealand","Australia and New Zealand, Central Asia, Europe and North America",Europe and Northern America,Europe,Western Europe,"","","","","","","",Europe and Central Asia,Western Europe,"","","","","","","","",Western European and Others Group (WEOG),"","",High Income Countries,Non-humanitarian,Non-high burden,"","","","","","","","","","","","","","","","","",ECE_All countries,"","","","","","","","","",ESCAP_Europe (Europe),"","","","","","","","","","","","","","","","","","","","",457.5,479.5,505,529.5,561.5,601.5,635.5,662.5,690,706.5,709,737,780.5,814.5,849.5,872.5,894,911,915,915.5,916.5,912,926.5,959,973,993.5,1015.5,1015.5,1016.5,1026.5,1038,1055.5,1075.5,1101,1139,1176,1187.5,1181.5,1168.5,1127.5,1055,1012.5,1007.5,984.5,968,990.5,1013.5,1021,1031.5,1044,1044.5,1025,1014.5,1036.5,1062.5,1080,1097,1105,1094.5,1077,1078,1076.5,1089.5,1100,1072,1046.5,1037,1020.5,997.5,1001.5,1004.5,993.5,995.5,1013.5,1043,1054.5,1057,1060.5,1057.5,1051.5,1051.5,1063.5,1069,1076.5,1073,1055,1044,1049.5,1059,1068,1094,1113,1114.5,1113.5,1111.5,1108.5,1106,1104,1101.5,1099.5,1098,1097.5,1096.5,1096,1095,1094,1093.5,1093,1093,1093,1094.5,1096,1097,1099,1101,1103,1105,1108,1110.5,1111.5,1113.5,1115.5,1116,1116,1115.5,1114,1111.5,1109,1107,1104,1101,1098.5,1096.5,1095,1093.5,1092.5,1091.5,1090,1088,1086.5,1086,1085,1083.5,1083,1081.5,1080.5,1080.5,1079.5,1078.5,1078,447.5,447,453.5,468.5,486,502.5,519.5,542.5,565,597,641.5,680,719,768.5,816.5,852,891.5,927.5,953,978.5,989,1012.5,1045,1057.5,1064.5,1068,1064,1067.5,1078,1068,1063,1077.5,1091.5,1113,1146.5,1182,1211,1232,1258,1288.5,1308,1299,1277,1254.5,1215.5,1151,1111,1106,1081.5,1056.5,1063.5,1074,1072,1080.5,1098.5,1094.5,1074.5,1064.5,1078,1108,1131.5,1159,1172,1150.5,1127.5,1132,1131.5,1138,1147,1116.5,1080.5,1067.5,1063.5,1059,1081.5,1102.5,1105,1117.5,1143,1175,1186.5,1189,1192,1189,1183,1183,1195.5,1200,1206.5,1203.5,1186.5,1175.5,1180.5,1189.5,1198,1224,1243.5,1244.5,1243,1241,1238.5,1235.5,1233.5,1231,1228.5,1227.5,1226,1224.5,1224,1223.5,1222,1220.5,1220,1220.5,1221,1221,1220.5,1221.5,1223,1224,1226,1228.5,1230.5,1232,1234.5,1237,1239,1239.5,1239,1239,1237,1234,1230.5,1227,1224.5,1221.5,1219,1217,1215,1212.5,1210.5,1210,1209,1206.5,1204.5,1202.5,1200.5,1199.5,1198.5,1197.5
Lithuania,Lithuania,161,LTU,440,LIT,"","","","","","",Non-programme countries,"","","",Europe,Europe and Central Asia,"",High income,High income,"",Europe,"","","","","","","","","","","","","","","","",Non-fragile,"","",Non-fragile,"",non-FCS,"","",Europe,Northern Europe,"",Europe and Northern America,Europe,"","","Europe, Northern America, Australia and New Zealand","Australia and New Zealand, Central Asia, Europe and North America",Europe and Northern America,Europe,Northern Europe,"","","","","","","",Europe and Central Asia,Western Europe,"","","","","","","","",Eastern European Group,"","",High Income Countries,Non-humanitarian,Non-high burden,"","","","","","","","","","","","","","","","","",ECE_All countries,ECE_European Union (E25),ECE_Euro area (EMU),"","","","","","","",ESCAP_Europe (Europe),"","","","","","","","","","","","","","","","","","","","",114985,114325.5,113559.5,112941,112616,112656.5,113240,114244.5,114934,116048,116005,113609.5,109846,107758.5,109421,111888.5,114317.5,117018.5,118981.5,120269,122256,124654.5,128294,134379,141164,147240.5,152642,156086,155999.5,153253,149653,146561,143986,141935.5,140933,141586,142962,144102.5,145067,143901.5,140207.5,136483.5,133267.5,130682,129185.5,128311.5,127612,127317,128782,131424.5,133613.5,135504,137176,136560,133472,129185.5,125705.5,123996,122446,119376.5,113773.5,106807.5,99731,93602,89287.5,85450.5,81039.5,76383.5,72177,68740,66188.5,65469,67527,70440.5,71836.5,72049,72448,73449.5,74030,74106.5,74627,75639.5,76257,76398.5,76054.5,74455.5,71393,67728.5,63973,60246,57082,54912,53603.5,52841.5,52235,51535.5,50756.5,49894.5,49020,48179,47366.5,46601.5,45912,45308,44806.5,44408.5,44106,43889,43743.5,43642,43543.5,43415,43223,42941,42548,42022.5,41383,40652.5,39830.5,38919,37950,36961,35973,35020,34123,33296,32542,31863.5,31263.5,30722,30230,29789.5,29399,29048.5,28741.5,28474.5,28240,28025,27817.5,27623,27440.5,27258.5,27064,26859.5,26640.5,26385.5,26101,25794,25445.5,25060.5,104026.5,108294.5,111311.5,113120,113837.5,113681.5,113040,112296.5,111707,110621,110690.5,112306,114820.5,116404.5,115453.5,113732.5,110706,106386.5,103767.5,105096,108431.5,112469,116835,119863,121830.5,123651,125424.5,128521,134477,141568.5,147649.5,152987.5,156507.5,156848.5,155295,152742,149714,147154,144815.5,143417.5,144011,144879,144780,144120.5,141106.5,135476.5,130058.5,125498,121902,119965.5,118872,117928.5,117860,119140,120542,119861,118819.5,119594.5,119663,117659,114041,110966.5,110236.5,110049,108223,103456.5,96852.5,89366.5,83284.5,80716,79436.5,78078.5,79057.5,81197,79824.5,75626.5,72144.5,70268.5,69095,68994,69600,70468.5,71591.5,72284.5,72435,73009.5,74062.5,74678,74807.5,74446.5,72851.5,69825.5,66196,62464.5,58789.5,55699,53584,52306,51576,51018,50332.5,49542,48675,47811.5,46973.5,46149.5,45384,44704.5,44107.5,43612,43232,42964,42785.5,42688,42641,42569.5,42445,42258,41981,41585.5,41077.5,40475.5,39783,38996.5,38099.5,37125,36127,35134,34180,33292.5,32480,31734.5,31062,30471,29946,29469.5,29055,28694,28353.5,28054.5,27804.5,27582.5,27377,27192.5,27032,26869.5,26700.5,26528,26340,26126
Luxembourg,Luxembourg,182,LUX,442,LUX,"","","","","","",Non-programme countries,"","","",Europe,Europe and Central Asia,"",High income,High income,"",Europe,"","","","","","","","","","","","","","","","",Non-fragile,"","",Non-fragile,"",non-FCS,"","",Europe,Western Europe,"",Europe and Northern America,Europe,"","","Europe, Northern America, Australia and New Zealand","Australia and New Zealand, Central Asia, Europe and North America",Europe and Northern America,Europe,Western Europe,"","","","","","","",Europe and Central Asia,Western Europe,"","","","","","","","",Western European and Others Group (WEOG),"","",High Income Countries,Non-humanitarian,Non-high burden,"","","","","","","","","","","","","","","","","",ECE_All countries,ECE_European Union (E25),ECE_Euro area (EMU),"","","","","","","",ESCAP_Europe (Europe),"","","","","","","","","","","","","","","","","","","","",13099.5,12739,12061,11228.5,10511,10011,9719,9651,9749,10074.5,10152,10157.5,10397,10585,10832.5,11120.5,11309.5,11406,11598,11950.5,12368,12820.5,13309,13545,13622.5,13776,13959,14070.5,14141.5,14184.5,14165.5,14153,14133.5,13957.5,13602,13198.5,12882,12545.5,12130,11735.5,11436,11207,11040,11052,11195,11361.5,11582.5,11832,11977.5,12113,12448.5,12710.5,12800.5,13062,13366.5,13735,14138.5,14471,14827,15141,15415,15856.5,16322,16565.5,16662.5,16892.5,17058,17007,17052,17171,17212,17312,17623.5,17870,18102,18375.5,18624,18893.5,19108,19346,19556.5,19628.5,19681,19763.5,19694,19593.5,19694,19731.5,19773,20044,20323,20469.5,20663.5,20784.5,20692.5,20549,20373.5,20171.5,19957.5,19744.5,19544.5,19374,19235.5,19127,19059.5,19031.5,19024.5,19039,19085,19149.5,19218.5,19291,19357,19410,19454,19490.5,19517,19528.5,19531.5,19525,19505.5,19484.5,19459,19421,19375.5,19323.5,19260.5,19184.5,19099,19006.5,18904,18792.5,18677,18569,18460.5,18349.5,18248,18156,18080.5,18024,17980,17941.5,17911.5,17887.5,17861.5,17837.5,17808.5,17769,17727.5,17687,11883.5,12358.5,12829,13198.5,13334.5,13226.5,12846,12155,11319,11146,11327,11180,11145,11215,11159.5,11052.5,11241.5,11449.5,11463,11471,11518.5,11824,12330.5,12845,13351.5,13746.5,13978.5,14130,14230.5,14376.5,14479.5,14486,14475.5,14504.5,14647.5,14791.5,14880,14951,14902.5,14665,14453,14353,14156.5,13829.5,13433.5,13117.5,12813,12441,12347.5,12566,12858.5,13063.5,13109.5,13366,13881,14234,14383.5,14506,14761,15019.5,15363.5,16061,16754,17168,17574,17884.5,18435.5,19165.5,19441.5,19608,19863,19949,19980,19659,19304,19437.5,19778,20198.5,20575.5,20918.5,21159,21380,21632,21828.5,22046,22249.5,22318,22354.5,22427,22360,22247.5,22327.5,22352,22369,22606.5,22865.5,22996,23168.5,23279,23177,23010,22821.5,22609.5,22375,22150,21949,21754,21578.5,21452.5,21368.5,21321,21313,21331,21368.5,21426.5,21494,21563.5,21624,21670.5,21700.5,21707,21708.5,21702.5,21683.5,21669.5,21656.5,21638.5,21610.5,21574.5,21525,21459.5,21378.5,21277.5,21178,21075.5,20956,20828,20694.5,20566.5,20445.5,20330.5,20217.5,20120.5,20044,19976,19927,19882,19825,19771,19722
Madagascar,Madagascar,7,MDG,450,MAD,Sub-Saharan Africa,Sub-Saharan Africa,Eastern Africa,Least developed countries,"","",Eastern and Southern Africa,Programme countries,"","",Africa,Sub-Saharan Africa,Sub-Saharan Africa (excluding high-income),Low income,Low income,Low and middle income,Africa,Sub-Saharan Africa,Least developed countries,Excluding China,"","","","",Countdown,Eastern Africa,Africa,Eastern Africa,Non-fragile,Fragile,Fragile,Non-fragile,Non-fragile,Fragile,Other Fragile,Non-fragile,Fragile,Other fragile,non-FCS,"",USAID,Africa,Eastern Africa,"",Sub-Saharan Africa,"",Least developed countries,"","","",Sub-Saharan Africa,Sub-Saharan Africa,Eastern Africa,Sub-Saharan Africa (inc. Sudan),Least Developed Countries (LDCs),"",HAC,HAC,Global Strategy,Non conflict,Sub-Saharan Africa,Eastern and Southern Africa,Sub-Saharan Africa,Eastern and Southern Africa,Low income,Low and middle income,Sub-Saharan Africa,Eastern and Southern Africa,Low income,Low and middle income,African Group,"",GAVI,Eastern and Southern Africa,Humanitarian,High burden,"",Eastern and Southern Africa,Eastern and Southern Africa,LiST,"",LiSTSBR,"","","","","","","","","","",ECA_Eastern Africa,ECA_All countries,"","","","","","","","","",ESCAP_Africa (AFR),ECA_African Union Commission,"",ECA_SADC,"",ECA_COMESA,ECA_Island economies,"",ECA_Non-Oil Producing,ECA_Least developed countries,ECA_Mineral-rich countries,ECA_Non-Oil LDCs,"",ECA_Sub-Saharan Africa,"","","","","","","",201133.5,202116,202844,203301.5,203524.5,203590,203541,203557,204119,205784.5,208916,213573,219766,228180,244230,267435.5,291655.5,315865.5,339233.5,356260,367061.5,377366,387965,398810.5,409822,420911.5,431803.5,442265.5,452316.5,462278,472794.5,484557.5,498201.5,514087.5,532219,552383.5,574336.5,597451,620905,644204.5,667095,689345,711157.5,733090.5,755196,776834.5,797234,816706.5,835679,854513,874187,894407,915239.5,938523,965291.5,996301.5,1032518,1072443,1114619,1159238,1205971,1254882.5,1306197,1358274,1407319,1449592,1484509,1512983,1536404.5,1558714.5,1583546.5,1611500,1643311,1679644,1719525,1760469.5,1798000.5,1830055,1858213,1882473,1904550.5,1930839,1964463,2004186.5,2049284.5,2098091,2146358,2191055.5,2230693,2265259.5,2296368.5,2325952.5,2354639,2381934.5,2407621.5,2432145,2456046,2478966,2501142,2523009.5,2544866.5,2566692,2588702,2611220.5,2633914.5,2656460.5,2678756.5,2700821.5,2722480.5,2743516,2763848,2783691.5,2803071,2821965,2840711,2859105,2876518.5,2892979.5,2908674.5,2923362.5,2937364,2951470,2965444,2978965,2992279,3004950,3016464,3027017,3036596.5,3045017,3052425.5,3059156.5,3065188,3070304,3074930,3079408.5,3083472.5,3087264,3090875.5,3093776.5,3095777,3097004.5,3097792,3098570,3099072,3099220,3099334,3099246,3098938.5,3098660,183264.5,184960.5,187053.5,189276.5,191141,192477,193504.5,194293.5,194829,195151,195332,195409.5,195557.5,196235.5,197966,201082.5,205638.5,211648,219778,235292.5,257739,281141.5,304512.5,327079,343542.5,354000,363977,374247.5,384775.5,395531,406470.5,417307.5,427807,437954,447982,458485,470144.5,483578.5,499133,516853.5,536561.5,557999,580562.5,603544.5,626478.5,649078,671170,692965,714917,737014.5,758547.5,778370,796651.5,814244,832037,851464.5,872284.5,894194,918597.5,946147.5,977332,1013214.5,1052571.5,1094063.5,1137918.5,1183873.5,1232014.5,1282517,1333767.5,1382012.5,1423636,1458067.5,1486156,1509271.5,1530568.5,1553488.5,1579348,1609159.5,1643788,1682697.5,1723215.5,1760376,1792157,1820125,1844256,1866245.5,1892401,1925774.5,1965170,2009863,2058203.5,2106019,2150325.5,2189657,2223998.5,2254921.5,2284323,2312829.5,2339949.5,2365458.5,2389813.5,2413560,2436332.5,2458374,2480120.5,2501875.5,2523621,2545534,2567934.5,2590557,2613044,2635251,2657237.5,2678826.5,2699786.5,2720034.5,2739819,2759213,2778167,2796946,2815342.5,2832805,2849327.5,2865045,2879798.5,2893924,2908100,2922140,2935756.5,2949145.5,2961876,2973501,2984210,2993938.5,3002496,3010042,3016863,3022957,3028162,3032842.5,3037334,3041462,3045386,3049115.5,3052132.5,3054229.5,3055571.5,3056537,3057524.5,3058261.5
Malawi,Malawi,8,MWI,454,MLW,Sub-Saharan Africa,Sub-Saharan Africa,South Africa,Least developed countries,"",LLDC,Eastern and Southern Africa,Programme countries,"","",Africa,Sub-Saharan Africa,Sub-Saharan Africa (excluding high-income),Low income,Low income,Low and middle income,Africa,Sub-Saharan Africa,Least developed countries,Excluding China,"","","","",Countdown,Southern Africa,Africa,Southern Africa,Non-fragile,Fragile,Non-fragile,Non-fragile,Non-fragile,Fragile,Other Fragile,Non-fragile,Non-fragile,"",non-FCS,"",USAID,Africa,Eastern Africa,"",Sub-Saharan Africa,"",Least developed countries,Landlocked developing countries,"","",Sub-Saharan Africa,Sub-Saharan Africa,Eastern Africa,Sub-Saharan Africa (inc. Sudan),Least Developed Countries (LDCs),Landlocked developing countries (LLDCs),"","",Global Strategy,Non conflict,Sub-Saharan Africa,Eastern and Southern Africa,Sub-Saharan Africa,Eastern and Southern Africa,Low income,Low and middle income,Sub-Saharan Africa,Eastern and Southern Africa,Low income,Low and middle income,African Group,"",GAVI,Eastern and Southern Africa,Non-humanitarian,High burden,"",Eastern and Southern Africa,Eastern and Southern Africa,LiST,"",LiSTSBR,"","","","","","","","","","",ECA_Southern Africa,ECA_All countries,"","","","","","","","","",ESCAP_Africa (AFR),ECA_African Union Commission,"",ECA_SADC,"",ECA_COMESA,ECA_Land-locked countries,ECA_Land-locked LDCs,ECA_Non-Oil Producing,ECA_Least developed countries,"",ECA_Non-Oil LDCs,"",ECA_Sub-Saharan Africa,"","","","","","","",146391,150085,153764.5,157446.5,161169,165013.5,169011.5,173191,177703,182725.5,188220.5,193832.5,198877,201348.5,201560,200565,198809,197940,199799.5,203841,209215.5,216099.5,223475,231349,239970,249193,258665,268615.5,279079.5,289634.5,300090.5,310674.5,321575,332937,345029,358007.5,371559.5,389502,411088.5,432507,452925.5,471522,491108.5,505393,508141.5,517154.5,537186.5,556761.5,574744.5,589598,601582,612076,622495,635857.5,651826,668520,687093,707799,729874.5,753864.5,779762.5,806014.5,833088,862459,893684.5,925180,957526.5,991090,1025232.5,1061715,1102717,1147270,1192430,1235749,1274895,1307932,1334813,1356212.5,1373541,1387398,1397284.5,1403776,1409930.5,1418033,1429478,1446358.5,1467977,1492247.5,1517062,1542113,1567735,1593388,1618851.5,1644112,1669099.5,1692279,1713700.5,1733924.5,1752025,1768083.5,1782963.5,1797162,1810267.5,1822418,1833190.5,1842899.5,1852086,1860743,1869110,1877700,1886426.5,1895008.5,1903469.5,1911483,1919712,1928365,1937059.5,1945607,1954081.5,1962339.5,1970051,1977082,1983514,1989621.5,1995626,2001368.5,2006675,2011406,2014613,2016414.5,2018020.5,2019681.5,2020763,2021535.5,2022062,2022478,2022935.5,2023294.5,2023622.5,2023331,2022395,2021051,2019711.5,2018391,2016701,2014464,2012134.5,2009537.5,2006387,2003500,121637,125110.5,128738,132452,136136,139747.5,143333,146918.5,150525.5,154195.5,157988.5,161925,166041,170473,175363,180672,186071,190897,193190,193222,192085.5,190348.5,189625,191700,196136.5,202054,209558.5,218112,227702.5,238255,249624.5,261261,273059.5,285006.5,296790.5,308179,319028,335699.5,354473,369105,381986.5,392438,403194,409223,405767.5,407923,420187.5,433953.5,449887,470189.5,493738,517144,539240,558244.5,573644,586460.5,597492.5,608129,620271.5,634333.5,650216.5,669005,690618.5,713240,737262.5,763469.5,790764.5,819289,849678.5,881568.5,913488,945754.5,978902.5,1012743.5,1048560.5,1088127.5,1131211,1175326,1217801,1256744,1290086,1316665.5,1337381,1354492.5,1368244.5,1377973.5,1384728,1391531,1399389.5,1409810,1425835.5,1446541.5,1469738,1493896,1519430.5,1545541.5,1571274.5,1596932.5,1621703,1645850,1668801.5,1690501,1711246,1730397.5,1746797.5,1761280,1774838,1786966.5,1798210,1809118.5,1819386.5,1828483.5,1836611.5,1843487,1850465,1858266,1866870.5,1875863.5,1884731,1893506,1902130,1910636,1918462,1925932.5,1933920.5,1942257.5,1950666,1959094.5,1966332.5,1972430.5,1978390,1983662.5,1987906.5,1991031.5,1991957,1991941,1992609,1993136.5,1994036.5,1995054,1995896.5,1996286.5,1996438,1996304,1995474.5,1994160.5,1993183,1992624,1992159,1992298
Malaysia,Malaysia,99,MYS,458,MLY,South-eastern Asia,South-eastern Asia,"","","","",East Asia and Pacific,Programme countries,"","",Western Pacific,East Asia and Pacific,East Asia and Pacific (excluding high-income),Middle income,Upper middle income,Low and middle income,Asia,"",Excluding least developed countries,Excluding China,OIC,Asia/other,OIC Upper middle income,OIC Middle income,"","","","",Non-fragile,Non-fragile,Non-fragile,Non-fragile,Non-fragile,Non-fragile,"",Non-fragile,Non-fragile,"",non-FCS,"","",Asia,South-Eastern Asia,"",Eastern and South-Eastern Asia,South-Eastern Asia,"","",South-Eastern Asia and Oceania (exc. Australia and New Zealand),"",Eastern and South-Eastern Asia,Asia,South-Eastern Asia,South-Eastern Asia,"","","","","",Non conflict,East Asia and Pacific,"","","","","",East Asia and Pacific,"",Upper middle income,Low and middle income,Asia-Pacific Group,"","",East Asia and the Pacific,Non-humanitarian,Non-high burden,"","","","","","",EAPR Program Countries,EAPR Program Countries (excluding China),"","",EAPR Countries,EAPR Countries (excluding China),"","",ASEAN Countries,"","","","","","","",ESCAP_ASEAN (ASEAN),"","","",ESCAP_South-East Asia (SEA),ESCAP_All countries,"","","","","","","","","","","","","","","",ESCAP_WB Upper Middle Income Economies,"","","","",288490.5,301584.5,319830,339535,354824,364369.5,368859.5,368091.5,362840.5,357249.5,355355,357724,365680,379685,398721,425703.5,458641,490315,520196.5,549642.5,575020,594853,613196,631208,648646.5,665596.5,682281.5,698633.5,714308,728478.5,745375,763585.5,777221,788227,799243.5,812075.5,827183,844680.5,864675.5,887057.5,912044,937945.5,959907,976978.5,993223.5,1011608,1033021.5,1057061,1084937,1120287.5,1170140,1233148,1294166.5,1344178.5,1383774.5,1414814.5,1439331,1458647,1474052.5,1485810,1494456.5,1503334,1513040,1521820,1530044.5,1539206,1549409,1557633.5,1564437.5,1572683,1567516.5,1543951.5,1517346,1488183,1460300,1446876.5,1447818.5,1457833,1473200,1486730.5,1498194.5,1508503.5,1505653.5,1485603,1450989.5,1401866.5,1344039,1290297.5,1251134.5,1229957,1222238.5,1224772,1233051,1238786.5,1242228.5,1245442.5,1249717.5,1254357.5,1258802,1262870,1266745.5,1270665.5,1274709,1278763,1282746,1286405,1289639,1292224,1293726.5,1293741.5,1291641,1287030.5,1280098,1271329.5,1261282.5,1250297,1238752,1227197,1215668,1204374,1193639,1183640,1174468,1166153.5,1159029.5,1153185.5,1148661.5,1145332,1143135.5,1142270.5,1142283.5,1142902,1143976,1145025.5,1145763,1146269,1146470,1145956,1144564,1142701.5,1140522.5,1137621,1134049,1130083.5,1125550.5,1120389.5,1114835.5,1108939.5,1102621,1095943.5,263410,268128,269994,271070.5,274954,282320,293802.5,310533,328028.5,340309,346826.5,348372.5,344821.5,338619.5,333912.5,333060,336527.5,345187.5,359387,378373,405250.5,437529,467996.5,496338,523502.5,545780,563882,582644,601702.5,620735.5,644208.5,672375.5,700553.5,727738,752268,772745.5,788593,800323.5,809935.5,819788,831492.5,846504,866704,889280,910271.5,928301,941952.5,951672.5,959371,968136.5,988122.5,1029179,1085782,1151241.5,1224188.5,1297773,1363125,1416663,1459148.5,1492092,1516113.5,1532884,1546827,1561654.5,1577912.5,1592981.5,1605941,1617497,1627207,1635284.5,1636209.5,1633131.5,1632206,1633141,1641974.5,1648275,1639193,1623232,1602693.5,1578584.5,1565633.5,1567501.5,1578406.5,1594067,1607667.5,1619439.5,1630010,1627447.5,1608105.5,1574152,1525420,1468150,1415304,1377179,1356677,1349325.5,1352298,1361031,1366771,1369990,1373331,1377675.5,1382120,1386617,1390714.5,1394035.5,1397328.5,1401026.5,1404764.5,1408828,1412774.5,1416090.5,1418390.5,1419184.5,1418514.5,1415717,1410225.5,1402562.5,1393323.5,1383130,1372372.5,1361306.5,1350252.5,1338908.5,1327596,1316796.5,1306868,1297500.5,1288567,1280788.5,1273905,1268298,1264351.5,1261685.5,1260500.5,1260601.5,1261130,1261851,1262690,1263226,1263462,1263509.5,1262909.5,1261192,1258924,1256319.5,1252855.5,1248801.5,1244665,1240000
Maldives,Maldives,70,MDV,462,MAL,Southern Asia,Southern Asia excluding India,"","","",SIDS,South Asia,Programme countries,"","",South-East Asia,South Asia,South Asia (excluding high-income),Middle income,Upper middle income,Low and middle income,Asia,"",Excluding least developed countries,Excluding China,OIC,Asia/other,OIC Upper middle income,OIC Middle income,"","","","",Non-fragile,Non-fragile,Non-fragile,Non-fragile,Non-fragile,Non-fragile,"",Non-fragile,Non-fragile,"",non-FCS,"","",Asia,Southern Asia,"",Central and Southern Asia,Southern Asia,"",Small island developing States,"","",Central and Southern Asia,Asia,Southern Asia,Southern Asia,"",Small island developing States (SIDS),"","","",Non conflict,South Asia,"",South Asia,"",Upper middle income,Low and middle income,South Asia,"",Upper middle income,Low and middle income,Asia-Pacific Group,"","",South Asia,Non-humanitarian,Non-high burden,"",South Asia,South Asia,LiST,LiSTSBR,LiSTSBR,"","","","","","","","","","","","","","","","",ESCAP_SAARC (SAARC),"","","",ESCAP_South and South-West Asia (SSWA),ESCAP_All countries,"","","","","","","","","","","","","",ESCAP_Countries with Special Needs,ESCAP_Small Islands Developing States,ESCAP_WB Upper Middle Income Economies,"","","","",4741.5,4868.5,4972.5,5055,5125,5183,5223.5,5249.5,5263,5261.5,5237.5,5180.5,5072.5,4897,4624.5,4488.5,4630,4883,5181.5,5509,5867,6257,6677.5,7123,7531.5,7831,8086,8398.5,8748,9083.5,9416,9764.5,10133,10515,10885.5,11146,11291,11435,11625,11871.5,12120,12351.5,12629.5,12988.5,13453,14037,14743,15559,16466,17449.5,18502,19541.5,20448,21186,21784.5,22267,23192.5,24543.5,25456,25618,25075,24006,22583.5,20983.5,19747,19651,19969,19687.5,18973,18065.5,17207.5,16599,16295,16455,17301.5,18547.5,19755,20691.5,21185.5,21215,20882,20318.5,19648,18965,18305.5,17662.5,17014,16368,15752,15169,14633,14159.5,13734,13339,12986,12688.5,12448,12264.5,12143.5,12083.5,12073.5,12111.5,12197,12320,12472,12649.5,12841.5,13032,13213.5,13379,13527,13649.5,13737,13789.5,13805,13782.5,13717,13610,13469.5,13306,13126.5,12934.5,12739.5,12544.5,12356.5,12184,12027.5,11888.5,11767,11668.5,11595.5,11545.5,11522.5,11525.5,11546,11582.5,11633,11694.5,11761.5,11834,11907.5,11977,12038,12085.5,12124.5,12151.5,12161,12155,12135,12097,3836.5,3965,4119.5,4288,4447.5,4587.5,4708.5,4807.5,4886.5,4952,5004.5,5040.5,5060,5064.5,5049.5,4936,4749,4649,4668.5,4742.5,4844.5,4987.5,5185,5431.5,5683,5926.5,6184.5,6439.5,6687.5,6984,7348.5,7753.5,8176.5,8593.5,9005.5,9358,9602,9784,9936.5,10080.5,10269,10488.5,10683,10855.5,11031,11277,11586.5,11894.5,12220.5,12614,13155.5,13885,14749.5,15721,16778.5,17852,19573,22196.5,25010.5,27628,29821.5,31352.5,32070,31913.5,31171,30989,31668,32463.5,32930.5,32668.5,31482,29423.5,26014.5,22052.5,19135.5,17332,16441,16378,17015,18128,19456.5,20755.5,21777,22345.5,22437,22155,21633.5,20998,20346.5,19726.5,19130.5,18519.5,17903.5,17314,16748.5,16228.5,15773.5,15357.5,14979.5,14653.5,14369.5,14127.5,13946,13822,13753,13751,13808,13903.5,14026.5,14172,14350.5,14541,14717,14887,15046,15193.5,15317.5,15404,15455.5,15473.5,15450.5,15383,15279.5,15140.5,14979,14804.5,14615,14414.5,14203.5,14000.5,13818.5,13652.5,13512.5,13396.5,13295,13212,13146.5,13105,13085.5,13091.5,13119,13162.5,13216.5,13271.5,13335,13399,13454.5,13499,13537,13569.5
Mali,Mali,34,MLI,466,MLI,Sub-Saharan Africa,Sub-Saharan Africa,West Africa,Least developed countries,"",LLDC,West and Central Africa,Programme countries,"","",Africa,Sub-Saharan Africa,Sub-Saharan Africa (excluding high-income),Low income,Low income,Low and middle income,Africa,Sub-Saharan Africa,Least developed countries,Excluding China,OIC,Africa,OIC Low income,"",Countdown,West Africa,Africa,Western Africa,Non-fragile,Fragile,Fragile,Fragile,Fragile,Fragile,Extremely Fragile,Fragile,Fragile,Other fragile,Fragile and Conflict-affected Situation,Conflict,USAID,Africa,Western Africa,"",Sub-Saharan Africa,"",Least developed countries,Landlocked developing countries,"","",Sub-Saharan Africa,Sub-Saharan Africa,Western Africa,Sub-Saharan Africa (inc. Sudan),Least Developed Countries (LDCs),Landlocked developing countries (LLDCs),"","",Global Strategy,Conflict,Sub-Saharan Africa,West and Central Africa,Sub-Saharan Africa,West and Central Africa,Low income,Low and middle income,Sub-Saharan Africa,West and Central Africa,Low income,Low and middle income,African Group,Economic Community of West African States,GAVI,West and Central Africa,Humanitarian,High burden,Fragile,West and Central Africa,West and Central Africa,LiST,"",LiSTSBR,"","","","","","","","","","",ECA_West Africa,ECA_All countries,"","","","","","","","","",ESCAP_Africa (AFR),ECA_African Union Commission,ECA_ECOWAS,"",ECA_CEN-SAD,ECA_Sahel,ECA_Land-locked countries,ECA_Land-locked LDCs,ECA_Non-Oil Producing,ECA_Least developed countries,ECA_Mineral-rich countries,ECA_Non-Oil LDCs,"",ECA_Sub-Saharan Africa,"","","","","","","",227943,228990.5,230178,231736.5,234291,238787,245172.5,252510,259888.5,266343,270549.5,272964,275592,277992,279821,283390,288507.5,293029,297885.5,304022,309796,314616,319557,324871,330404,336204,342270.5,348813,355942,363517.5,371707.5,380482,389902,400209,411048,421919.5,432889,444394.5,457094.5,471567,487796,504886,522418,540434,559201,578533.5,597789,617128.5,636776,655929,674071.5,691947,709554.5,726902.5,743892,759534.5,774652.5,790647,807375,825317,844720.5,864789.5,884289,908212,939755,976411.5,1017685,1061996.5,1108211.5,1155494,1205123.5,1256759.5,1307501.5,1357338.5,1406815.5,1456085,1505419,1554870,1602312.5,1646787.5,1689139,1729940,1770157.5,1809839.5,1844616.5,1876097.5,1909920,1944565.5,1980978.5,2023224,2068646.5,2112575,2156075,2200217,2245814.5,2291836,2337359,2382419.5,2426371,2468152.5,2506858.5,2543225.5,2577128,2608178.5,2636082,2661998,2686314.5,2708855.5,2730246,2751630,2773696.5,2794979.5,2814970.5,2833644.5,2850775.5,2866508,2881529.5,2896673,2911763.5,2926425.5,2940735,2955083,2969056.5,2982010.5,2994072,3005047,3014665,3023458.5,3031874.5,3039754.5,3046843,3053201.5,3058574.5,3062579.5,3065254,3066809.5,3067327,3066303.5,3064112,3061077,3057107.5,3052594.5,3047837,3043063,3038533.5,3033794.5,3028243,3022468,3016466.5,3009875.5,212755.5,212968.5,213199,213340.5,213485.5,213839.5,214414,215174,216214,218333.5,222618,228813.5,235931.5,243124,249285,253076,254994,257052,258965,260363,263547.5,268196,272324,276989,282828.5,288057.5,292075.5,296297,301053.5,306079,311711.5,317844,324297,331263.5,338161,344288,349579,354612.5,360617.5,368690,378895.5,390242.5,402723,416750.5,432176.5,448665,465751,483804,503800,525820,548821,572064,595076,616994,637156.5,655548.5,672971.5,689771.5,706026,721384,735241,748520,757930.5,768722.5,785844,804670,825624,849585,876772.5,908068,945644,988119,1031848.5,1076835,1122777.5,1169862.5,1218269.5,1266715,1315001,1362943,1410744.5,1458822.5,1507062.5,1553164,1596415,1637750.5,1677569.5,1716744.5,1755545,1789377,1819837,1852634,1886367,1922001.5,1963334,2007718.5,2050615,2093041,2136108.5,2180756,2226055,2271063.5,2315612,2358982,2400018.5,2438027.5,2473700,2506904.5,2537383,2564815,2590391,2614440.5,2636607.5,2657520.5,2678424,2699815,2720521.5,2740330.5,2759020.5,2776128,2791691,2806647,2821593,2836232,2850484,2864314.5,2878006,2891496.5,2904182.5,2915988,2926598,2936105.5,2944843,2953084,2960827.5,2967617,2973451,2978437.5,2982271.5,2984669.5,2986018.5,2986279.5,2984838.5,2982347,2979486,2975739,2971255,2966570,2962132.5,2957940.5
Malta,Malta,183,MLT,470,MLT,"","","","","","",Non-programme countries,"","","",Europe,Middle East and North Africa,"",High income,High income,"",Europe,"","","","","","","","","","","","","","","","",Non-fragile,"","",Non-fragile,"",non-FCS,"","",Europe,Southern Europe,"",Europe and Northern America,Europe,"","","Europe, Northern America, Australia and New Zealand","Australia and New Zealand, Central Asia, Europe and North America",Europe and Northern America,Europe,Southern Europe,"","","","","","","",Europe and Central Asia,Western Europe,"","","","","","","","",Western European and Others Group (WEOG),"","",High Income Countries,Non-humanitarian,Non-high burden,"","","","","","","","","","","","","","","","","",ECE_All countries,ECE_European Union (E25),ECE_Euro area (EMU),"","","","","","","",ESCAP_Europe (Europe),"","","","","","","","","","","","","","","","","","","","",10328.5,10717,10968,11210.5,11415.5,11605.5,11877.5,12307,12791.5,13402,14288,15288,16184,16853.5,17270.5,17469.5,17529,17533.5,17557.5,17516.5,17328.5,17083,16854.5,16680.5,16558,16448.5,16300,16077,15765.5,15366.5,14895,14363,13809,13317,12937.5,12691.5,12640.5,12803,13100.5,13486.5,13936.5,14382,14757,15080,15357,15462.5,15402,15384.5,15447,15450.5,15402.5,15407.5,15342,15225,15194,15181,15169.5,15176,15079.5,14767.5,14363,13963.5,13632.5,13288.5,12998,12708.5,12250.5,11804,11480,11349.5,11535,11636,11497.5,11556.5,11889.5,12236.5,12467,12676.5,12797,12900.5,13097,13290,13371.5,13414,13360,13197.5,12979.5,12729.5,12485,12275.5,12121.5,11966,11838,11714,11573.5,11397,11183.5,10944.5,10695,10447,10203.5,9971,9763,9587.5,9448.5,9342.5,9265.5,9218.5,9195.5,9190,9199,9219,9243.5,9268.5,9287,9293.5,9288,9268,9232,9182.5,9122.5,9052,8972,8885.5,8794,8697.5,8595,8491.5,8391,8291.5,8190.5,8088.5,7988.5,7889,7790,7694.5,7601.5,7511.5,7431.5,7360,7294,7237,7191,7154,7123,7098.5,7081,7068,7055.5,7040,9575.5,9667.5,9652.5,9698,9809,9979,10201.5,10459.5,10656.5,10680.5,10543,10380,10344.5,10546,11045,11793,12636.5,13445,14358.5,15313.5,16064,16576.5,16824.5,16827.5,16644.5,16366,16100,15917.5,15826,15799.5,15787,15728,15583.5,15346.5,15026,14630.5,14158.5,13631,13132.5,12743.5,12523.5,12532.5,12762,13079.5,13480,13995.5,14525,14970.5,15339,15648.5,15779,15743,15716,15760.5,15771,15719,15751,15742.5,15671,15695,15725.5,15715,15767,15784,15796.5,15911,15980.5,16226.5,16855.5,17554,17589,16533,15059,13910,13487.5,13590.5,13704,13856,14100.5,14367.5,14538,14692.5,14886.5,14986,15051.5,15205,15363.5,15415,15429.5,15355.5,15186,14962,14706,14456.5,14239.5,14074,13903.5,13751.5,13602,13450.5,13260,13019.5,12758.5,12500,12250.5,12005.5,11770.5,11566.5,11393.5,11243.5,11121,11032,10966.5,10925.5,10908.5,10902,10904.5,10912.5,10917.5,10916,10912,10900,10873.5,10833,10781,10715.5,10622.5,10512,10403.5,10292,10174.5,10050,9930,9813,9693.5,9580.5,9465,9349.5,9245,9141,9030,8918.5,8814,8717,8622,8531,8458,8401.5,8352,8309.5
Mauritania,Mauritania,35,MRT,478,MTA,Sub-Saharan Africa,Sub-Saharan Africa,North Africa,Least developed countries,"","",West and Central Africa,Programme countries,"","",Africa,Sub-Saharan Africa,Sub-Saharan Africa (excluding high-income),Middle income,Lower middle income,Low and middle income,Africa,Sub-Saharan Africa,Least developed countries,Excluding China,OIC,Arab,OIC Low income,"",Countdown,North Africa,Africa,Northern Africa,Non-fragile,Non-fragile,Non-fragile,Non-fragile,Non-fragile,Fragile,Other Fragile,Non-fragile,Fragile,Other fragile,non-FCS,"","",Africa,Western Africa,"",Sub-Saharan Africa,"",Least developed countries,"","","",Sub-Saharan Africa,Sub-Saharan Africa,Western Africa,Sub-Saharan Africa (inc. Sudan),Least Developed Countries (LDCs),"",HAC,HAC,Global Strategy,Non conflict,Sub-Saharan Africa,West and Central Africa,Sub-Saharan Africa,West and Central Africa,Lower middle income,Low and middle income,Sub-Saharan Africa,West and Central Africa,Lower middle income,Low and middle income,African Group,"",GAVI,West and Central Africa,Non-humanitarian,High burden,"",West and Central Africa,West and Central Africa,LiST,"",LiSTSBR,"","","","","","","","","","",ECA_North Africa,ECA_All countries,"","","","","","","","","",ESCAP_Africa (AFR),ECA_African Union Commission,ECA_AMU,"",ECA_CEN-SAD,ECA_Sahel,"","",ECA_Non-Oil Producing,ECA_Least developed countries,ECA_Mineral-rich countries,ECA_Non-Oil LDCs,"","","","","",ESCWA_Arab countries,ESCWA_Arab LDCs subregion,"",ESCWA_Arab Middle-Income Countries (MICs),34088.5,34808,35564.5,36334,37080.5,37958,38973.5,39987,41064.5,42281,43504.5,44701,45946.5,47111.5,47906.5,48097.5,48018,48055.5,48310.5,49059,50557.5,52519.5,54615.5,56853.5,59236,61760.5,64423.5,67179.5,70048.5,73074,76234.5,79524.5,82915,86311,89658.5,92930,96060.5,99049,101969,104486.5,107084,110241.5,114555.5,119057.5,122616.5,125478.5,127777,130858,134709.5,138882,143248.5,146743,149668,152942.5,156579.5,160560.5,164904,169639.5,173815.5,176921,179325.5,181029,182265.5,185680.5,191408.5,197367,203804.5,210949.5,218958,227867.5,237599,247944.5,258766,269868.5,280805,291537.5,302341,313270.5,323056.5,331308.5,338913.5,345843.5,352102,358915,366583.5,374124,381516,388716,395759,402776,409844,416873.5,423926.5,431121,438194.5,445170,452269.5,459260.5,465703,471880,477890.5,483427.5,488755,494202,499574.5,504752.5,509963.5,515222.5,520553.5,525681,530481.5,535099.5,539516,543737,547977,552298,556647.5,560992,565046.5,568739,572077.5,575113,577836,580373,582995,585704,588339,590938.5,593543.5,596025,598330,600524,602637,604666.5,606544.5,608295,610030.5,611663,613131,614545,615738,616597,617214,617561.5,617554.5,617394,617323,617238,617098,616994.5,29394,30007.5,30647.5,31312.5,31992,32675.5,33382,34129,34894,35641.5,36520.5,37536,38550.5,39628,40840,42058,43249,44488,45645.5,46431.5,46619,46532,46548.5,46773.5,47476,48902.5,50776.5,52720,54751.5,56946.5,59307.5,61836,64516.5,67349.5,70338.5,73469.5,76732.5,80097.5,83478,86117.5,88715,91921,96750.5,101866,105470.5,107593.5,108160,109661.5,112369.5,115496,119134.5,121887.5,123813.5,126096,128690.5,131557.5,134530,137734.5,141183,144533.5,147422,149749.5,151597,154909.5,160086,165544,171185.5,176901,182603.5,188330.5,194351,200906.5,208355.5,216839.5,225800,234995,244593.5,254504,264630,274939,285378.5,295946.5,306684.5,316378,324561,332064,338899.5,345044.5,351718.5,359237,366617.5,373864.5,380996.5,388015.5,394994.5,402035,409068.5,416063,423149.5,430091,436843.5,443737,450606.5,456938,462977,468854,474189.5,479323.5,484748,490173.5,495317.5,500472.5,505690,510883.5,515919.5,520694.5,525301.5,529768,533963.5,538105,542323.5,546605,550860,554785,558335,561579.5,564577,567290.5,569872,572463.5,575063.5,577631.5,580166.5,582734,585225,587486.5,589619,591734.5,593745,595527,597188.5,598869.5,600411.5,601793,603204.5,604367.5,605232,605923,606327.5,606273
Mauritius,Mauritius,17,MUS,480,MTS,Sub-Saharan Africa,Sub-Saharan Africa,South Africa,"","",SIDS,Non-programme countries,"","","",Africa,Sub-Saharan Africa,Sub-Saharan Africa (excluding high-income),Middle income,Upper middle income,Low and middle income,Africa,Sub-Saharan Africa,Excluding least developed countries,Excluding China,"","","","","",Southern Africa,Africa,Eastern Africa,Non-fragile,Non-fragile,Non-fragile,Non-fragile,Non-fragile,Non-fragile,"",Non-fragile,Non-fragile,"",non-FCS,"","",Africa,Eastern Africa,"",Sub-Saharan Africa,"","",Small island developing States,"","",Sub-Saharan Africa,Sub-Saharan Africa,Eastern Africa,Sub-Saharan Africa (inc. Sudan),"",Small island developing States (SIDS),"","","",Non conflict,Sub-Saharan Africa,Eastern and Southern Africa,"","","","",Sub-Saharan Africa,Eastern and Southern Africa,Upper middle income,Low and middle income,African Group,"","",Eastern and Southern Africa,Non-humanitarian,Non-high burden,"","","","","","","","","","","","","","","","",ECA_Southern Africa,ECA_All countries,"","","","","","","","","",ESCAP_Africa (AFR),ECA_African Union Commission,"",ECA_SADC,"",ECA_COMESA,ECA_Island economies,ECA_Small Island states,ECA_Non-Oil Producing,"","","","",ECA_Sub-Saharan Africa,"","","","","","","",23760,23986,24298,24610.5,24937.5,25486.5,26499.5,28158.5,30536.5,33588.5,35415,35037.5,34530,35548.5,37724.5,40176,42785.5,45356,47584,49352,50783,51999,53050.5,53951.5,54754.5,55542.5,56372,57346,58570.5,59917.5,61055,61661,61490,60437,58687,56653.5,54707.5,53166,52304,52000.5,52160,52943.5,54233,55719.5,57141.5,58256.5,58803,58589.5,57605.5,56069,54303,52645.5,51427.5,50906,50909,51372.5,52177,53119.5,53910,54299,54071,53324.5,52402,51211,50283.5,49770,49186,48666,48410.5,48153,47773,47219,46104.5,44350,42260,40021.5,37814.5,35830,34181,32876,31856.5,31049,30385.5,29829,29373,29026.5,28808.5,28723.5,28653.5,28500,28271,27952,27538.5,27127,26786.5,26487,26209,25936,25666,25400.5,25131.5,24848,24545,24220.5,23865.5,23469,23029,22548.5,22029,21483.5,20931.5,20388.5,19869.5,19389,18952.5,18558,18213.5,17913.5,17644,17403,17184,16973.5,16765.5,16561,16356,16151,15952.5,15761.5,15578,15399,15221,15042,14864,14689,14516,14340,14157,13964,13756.5,13537,13307.5,13069,12827.5,12585,12341.5,12105.5,11880,11664,11459.5,11269.5,23139,23209.5,23279,23323,23341,23422,23593,23837.5,24125.5,24478.5,24944.5,25425,25812.5,26348.5,27195.5,28286.5,29589.5,31047,32737,34802,37231,39924.5,42732,45265,47174,48476,49406,50213,51033,51944,52938.5,53963,55197,56798.5,58404.5,59548,60028.5,59729,58706.5,57282,55683,54028.5,52613.5,51721,51399,51608.5,52403.5,53686.5,55160,56564.5,57642,58112.5,57813.5,56761,55177,53398,51769,50597,50115.5,50150.5,50627.5,51430,52594.5,53827,54585,54710,54284.5,53511.5,52422,51403.5,50537,49709.5,48802,47918,47258.5,46641.5,45827,44639,43004,41004.5,38831.5,36691,34759.5,33151.5,31876,30874.5,30079.5,29429.5,28886.5,28440.5,28101.5,27892.5,27819,27761,27621.5,27407.5,27102.5,26701,26299,25968.5,25681,25416,25155.5,24896,24638,24377.5,24103,23809.5,23499,23160,22775.5,22345,21874.5,21364.5,20828,20284,19750.5,19243.5,18776,18351.5,17965.5,17629.5,17337,17073,16839,16629.5,16429.5,16230,16033.5,15837.5,15642.5,15455,15272.5,15097,14927,14757,14584.5,14413.5,14247.5,14083,13916,13742,13556.5,13354.5,13141,12918,12686,12450,12212.5,11975.5
Mexico,Mexico,125,MEX,484,MEX,Latin America and the Caribbean,Latin America and the Caribbean,"","",Latin America,"",Latin America and Caribbean,Programme countries,"","",Americas,Latin America and the Caribbean,Latin America and the Caribbean (excluding high-income),Middle income,Upper middle income,Low and middle income,Latin America and the Caribbean,"",Excluding least developed countries,Excluding China,"","","","","","","","",Non-fragile,Non-fragile,Non-fragile,Non-fragile,Non-fragile,Non-fragile,"",Non-fragile,Non-fragile,"",non-FCS,"","",Americas,Latin America and the Caribbean,Central America,Latin America and the Caribbean,"","","","","",Latin America and the Caribbean,Latin America and the Caribbean,Central America,Latin America and the Caribbean,"","","","","",Non conflict,Latin America and Caribbean,"","","","","",Latin America and Caribbean,"",Upper middle income,Low and middle income,Latin American and Caribbean Group (GRULAC),"","",Latin America and Caribbean,Non-humanitarian,Non-high burden,"",Latin America and the Caribbean,Latin America and Caribbean,LiST,"",LiSTSBR,"","","","","","","","","","","",ECLAC_All countries,"","","",ECLAC_Latin America,"","","","","",ESCAP_Latin America (LAC),"","","","","","","","","","","","","","","","","","","","",1335285,1375491.5,1420410,1469473.5,1524829.5,1582419,1639639.5,1698587.5,1757389,1815302,1875531.5,1940304,2014029.5,2102759.5,2201116,2297682,2392926.5,2487284.5,2574759.5,2659910,2751749,2848350,2946981.5,3048593.5,3153240.5,3262895,3378350.5,3500352.5,3630953,3770285.5,3915960.5,4033058.5,4112995,4183410,4249040.5,4314146,4386905,4474073,4569206.5,4666739,4760211,4828278,4858346.5,4858498,4847872,4842037,4848597.5,4872591.5,4912254,4968543,5020537.5,5063528,5108392.5,5151777.5,5201594.5,5259313.5,5320270.5,5385653.5,5455027,5516166,5562208,5589098,5596582,5598055.5,5596815,5597768.5,5613119,5642750,5675761,5699121.5,5703570,5691655,5674896.5,5660923,5655760,5658562.5,5667920.5,5681556,5694097.5,5691538,5658517,5595586.5,5510694,5417115.5,5335429.5,5275042.5,5232552,5200374.5,5164789.5,5118751,5069253.5,5020343.5,4973676.5,4932438.5,4895514,4861484.5,4830043,4800744.5,4773132.5,4745718.5,4718330.5,4690553.5,4661859,4632700.5,4602390,4569992.5,4535295,4498111,4458575,4418199,4377884.5,4337741,4297724,4258168.5,4218951,4179805,4141525,4104401,4068155,4032627,3998182,3964818.5,3932642,3901545.5,3871592.5,3842012.5,3812306,3783346.5,3755061.5,3726452.5,3697960.5,3669935.5,3641672,3613195.5,3584663.5,3556514.5,3529138.5,3501858,3474174.5,3446088,3417219,3387766,3358502,3329239,3300478.5,3272402.5,3244851,3218396.5,3192434,3166573.5,1166743,1186681.5,1207707,1230124.5,1255341,1287120.5,1327592.5,1372749,1421769,1476596,1531221.5,1585193.5,1643060.5,1701189.5,1758792,1818935.5,1882341.5,1952979.5,2037547,2130449,2220018,2306774.5,2392283,2471522,2549272,2634574,2725222.5,2817951.5,2913745.5,3012999.5,3117471.5,3216600,3305543,3391281,3472357,3544597,3605877.5,3660364,3714549.5,3774341.5,3866268,3992467.5,4120150.5,4228460,4310329.5,4368146.5,4401076,4412741.5,4413697.5,4417771,4429723,4454986.5,4493953,4532726.5,4574377.5,4630585.5,4700037.5,4783033.5,4881691.5,4990511.5,5103138.5,5209210,5295083.5,5362924.5,5411478,5433471.5,5432505,5421376,5416746,5417930.5,5430324,5461866.5,5505778.5,5548833.5,5582719,5598363.5,5595326,5585486.5,5576588.5,5573884,5577542,5587854,5602429.5,5615965,5614329,5582352.5,5520689.5,5437269.5,5345268.5,5264934.5,5205689,5164444,5133598.5,5099231,5054668,5006689,4958962.5,4913269,4873175,4837210,4803931,4773394,4744977,4718101,4691449.5,4664914.5,4637927,4610136,4582065,4552861,4521345.5,4487536.5,4451224,4412348,4372579.5,4332869,4293315.5,4253991,4215144.5,4176642,4138171.5,4100570.5,4064091,4028285.5,3993211,3959427.5,3926775,3895271,3864941,3835643.5,3806564,3777255,3748857,3721268,3693223.5,3665161.5,3637581.5,3609854,3582006.5,3554153.5,3526605.5,3499659.5,3472708.5,3445186.5,3417184.5,3388641.5,3359713.5,3330949,3302192,3274018
Monaco,Monaco,184,MCO,492,MON,"","","","","","",Non-programme countries,"","","",Europe,Europe and Central Asia,"",High income,High income,"",Europe,"","","","","","","","","","","","","","","","",Non-fragile,"","",Non-fragile,"",non-FCS,"","",Europe,Western Europe,"",Europe and Northern America,Europe,"","","Europe, Northern America, Australia and New Zealand","Australia and New Zealand, Central Asia, Europe and North America",Europe and Northern America,Europe,Western Europe,"","","","","","","",Europe and Central Asia,Western Europe,"","","","","","","","",Western European and Others Group (WEOG),"","",High Income Countries,Non-humanitarian,Non-high burden,"","","","","","","","","","","","","","","","","",ECE_All countries,"","","","","","","","","",ESCAP_Europe (Europe),"","","","","","","","","","","","","","","","","","","","",395,400.5,395,398.5,412,431.5,453.5,479.5,511,548,589.5,629,650.5,650,638.5,620,600.5,585.5,586.5,599,626.5,650.5,655,655.5,655.5,646,649.5,673,688.5,704,721,732.5,758.5,783.5,783.5,781,775.5,748,721.5,741.5,766,763.5,757,751.5,721.5,690.5,689.5,694,698.5,708,718.5,720.5,716.5,716,720,727.5,738.5,744.5,746,752,757.5,759,767.5,786,808,829.5,840.5,837.5,826.5,803.5,780.5,769,786.5,805,806,811,814.5,820.5,825.5,829,835,857.5,888,919.5,953.5,983,992,987,988,991.5,997,1006,1018,1024.5,1027,1029,1031,1034,1037.5,1040.5,1043.5,1045.5,1046.5,1048.5,1051.5,1054.5,1058.5,1064,1070,1077.5,1086,1095.5,1106.5,1118,1130.5,1143.5,1155,1165,1174,1182,1190.5,1197.5,1202,1206.5,1210.5,1213.5,1216.5,1219,1220.5,1221.5,1223,1225,1226,1226,1227.5,1229.5,1231.5,1235.5,1240,1243.5,1248.5,1255,1261.5,1269,1277.5,1287,1295.5,1303.5,1311.5,1320.5,495,505,494,474.5,450.5,426.5,418,428.5,446,465.5,487,514,551.5,595.5,635,670.5,701.5,719.5,727.5,731.5,728.5,722.5,716.5,714,709,717.5,735,746.5,760.5,774.5,766.5,761.5,782.5,799,814,827.5,830.5,846,863,858,858.5,864,843.5,817,823.5,815.5,781.5,764.5,757,723,693,696,699.5,696,690,686.5,684.5,680.5,685,702.5,721.5,738.5,750.5,752.5,756,764,773,788.5,810.5,830,845,854.5,898,932.5,918,908.5,906,906,908,914,919.5,922.5,928,934.5,938,942,963.5,994,1024.5,1058,1086.5,1093,1087.5,1089,1092.5,1098.5,1108,1121,1129,1132,1135.5,1140,1144,1148,1150.5,1151,1153.5,1156,1157,1160.5,1164,1167,1171,1177.5,1185.5,1193.5,1203.5,1215,1227.5,1241,1254.5,1266.5,1277,1286.5,1295,1302,1310,1318.5,1323.5,1327.5,1332,1334.5,1336.5,1339.5,1342,1343,1345,1348.5,1351,1352,1353.5,1357,1360,1363.5,1369.5,1377,1385,1393,1401,1410.5
Mongolia,Mongolia,98,MNG,496,MGL,Eastern Asia,Eastern Asia excluding China,"","","",LLDC,East Asia and Pacific,Programme countries,"","",Western Pacific,East Asia and Pacific,East Asia and Pacific (excluding high-income),Middle income,Upper middle income,Low and middle income,Asia,"",Excluding least developed countries,Excluding China,"","","","","","","","",Non-fragile,Non-fragile,Non-fragile,Non-fragile,Non-fragile,Non-fragile,"",Non-fragile,Non-fragile,"",non-FCS,"","",Asia,Eastern Asia,"",Eastern and South-Eastern Asia,Eastern Asia,"",Landlocked developing countries,"","",Eastern and South-Eastern Asia,Asia,Eastern Asia,Eastern Asia (excluding Japan),"",Landlocked developing countries (LLDCs),"","","",Non conflict,East Asia and Pacific,"",East Asia and Pacific,"",Lower middle income,Low and middle income,East Asia and Pacific,"",Lower middle income,Low and middle income,Asia-Pacific Group,"","",East Asia and the Pacific,Non-humanitarian,Non-high burden,"",East Asia and Pacific,East Asia and Pacific,LiST,LiSTSBR,LiSTSBR,EAPR Program Countries,EAPR Program Countries (excluding China),"","",EAPR Countries,EAPR Countries (excluding China),"","","","","","","","","","","","","",ESCAP_LLDC (LLDC_E),ESCAP_East and North-East Asia (ENEA),ESCAP_All countries,"","","","","","","","","","","","","",ESCAP_Countries with Special Needs,"",ESCAP_WB Lower Middle Income Economies,"","","","",35611,36002,36432,36853.5,37200.5,37457,37665,37804.5,37880.5,37974,38114.5,38332,38717.5,39273.5,39901,40746,42087.5,44028.5,46492.5,49690,53459,57399,61646,66355.5,71633.5,77379.5,83256.5,88820.5,93574.5,97093.5,99353,100755.5,101790.5,102879,104331,106209,108377.5,110707,113120.5,115656,118264,120727.5,122874,124590.5,125861,126819.5,127734,128933,130764.5,133591,137630,142553,147654.5,152228.5,155528.5,156832.5,155736.5,152424,147507,141768,136140,131728,128692.5,126353.5,124215.5,121822.5,118910.5,115729,112967.5,111376,111970,115282,121166,129486,140453.5,153468.5,165346.5,175798.5,186776.5,196828.5,204238,210036,213078.5,211157.5,206313,200300.5,193609.5,187229,181391.5,175399,169281.5,163840.5,159401.5,155873.5,153193.5,151456,150712,150936.5,152088.5,154102.5,156804,160015,163582.5,167309.5,170985.5,174461,177587,180240,182347,183893.5,184898,185329.5,185210,184594.5,183510.5,181989,180147,178066,175807,173463,171152,168988,167031,165339,163966.5,162959,162302,161964.5,161979.5,162308,162856,163590,164447,165372,166312.5,167192,167933.5,168505.5,168908,169122,169132.5,168925,168510.5,167933.5,167222.5,166381.5,165436.5,164437.5,163390.5,162290,32499,32821,33164.5,33525,33904.5,34291,34860.5,35568.5,36145.5,36555,36802,36910.5,36916.5,37265,37921,38238,37985.5,37222,36289.5,36372,37905.5,40199,42942.5,45924,49035,52299.5,55839,59802,64343,69865,76092,82161.5,87597,92018.5,95196.5,97257.5,98609,99652,100714.5,101873.5,103271.5,105153,107517,110236,113077.5,115743.5,118006.5,119785.5,121098,122037.5,122868,123872.5,125231,127146,129833.5,133474.5,138016,143012.5,147758,151458,153304,152778,149883,145234,139798,134507,130111,126760.5,124081.5,121610.5,119080.5,116294.5,113459,111249.5,111075.5,113684.5,118800,126363,136067,147657,160705.5,172600.5,183062,194065.5,204165.5,211635.5,217509,220654.5,218845,214121,208244.5,201700.5,195477,189786.5,183942,178003,172725.5,168405,164981.5,162402,160734.5,160067,160401.5,161673.5,163806.5,166611,169908,173567.5,177376,181117,184686.5,187888.5,190575.5,192721.5,194323,195395,195931,195898,195325.5,194266,192775,190963,188904,186704.5,184441.5,182205.5,180123,178229,176615,175330.5,174364,173723,173388.5,173407,173747,174330.5,175082.5,175953.5,176931.5,177935.5,178868,179646.5,180250.5,180667,180884.5,180935.5,180770.5,180378.5,179835.5,179138.5
Moldova,Republic of Moldova,152,MDA,498,MOL,"","","","","",LLDC,Europe and Central Asia,Programme countries,"","",Europe,Europe and Central Asia,Europe and Central Asia (excluding high-income),Middle income,Upper middle income,Low and middle income,Europe,"","","","","","","","","","","",Non-fragile,Non-fragile,Non-fragile,Non-fragile,Non-fragile,Non-fragile,"",Non-fragile,Non-fragile,"",non-FCS,"","",Europe,Eastern Europe,"",Europe and Northern America,Europe,"",Landlocked developing countries,"Europe, Northern America, Australia and New Zealand","Australia and New Zealand, Central Asia, Europe and North America",Europe and Northern America,Europe,Eastern Europe,"","",Landlocked developing countries (LLDCs),"","","",Non conflict,Europe and Central Asia,Eastern Europe and Central Asia,Europe and Central Asia,Eastern Europe and Central Asia,Upper middle income,Low and middle income,Europe and Central Asia,Eastern Europe and Central Asia,Upper middle income,Low and middle income,Eastern European Group,"",GAVI,Eastern Europe and Central Asia,Non-humanitarian,Non-high burden,"",Europe and Central Asia,Eastern Europe and Central Asia,LiST,"",LiSTSBR,"","","","","","","","","",EECA,"",ECE_All countries,"ECE_Eastern Europe, Caucasus and Central Asia (CIS)",ECE_CIS (CWG),"","","","","","","",ESCAP_Europe (Europe),"","","","","","","","","","","","","","","","","","","","",122242.5,122245.5,122400.5,122598.5,122796.5,122568.5,121581.5,119666,116547.5,112272,107338,103699.5,103481.5,107674.5,116627,128889.5,142044.5,154267.5,164265.5,171558.5,177400,182756.5,187225,190375,192899,194223,193169,189600.5,183524,180161.5,177213.5,170573.5,164089.5,158903,155632.5,154296.5,154850.5,157980,162654,167095,171072.5,173772.5,173979.5,173269,173400,173789.5,174337,176037,179647,184352.5,189122,193915,197688,198866.5,196280.5,189292.5,179226.5,168633,158657,149381.5,140521.5,131891.5,123112,113954,104306.5,95429,88953.5,84615.5,82156.5,80946,80708.5,81351.5,84669,88943,91438,93488,95765.5,98634,102048.5,106017,109935.5,112799,113381.5,111355.5,107166,101500,95325,89360.5,84135,79674.5,75911,72840,70641,68928,67355,66063,65007.5,64176.5,63555,63115,62866.5,62801.5,62897,63152,63549,64067,64686,65379.5,66086.5,66725,67208.5,67453.5,67382.5,66949,66134,64949.5,63456.5,61721,59811.5,57814.5,55796,53820,51940,50190.5,48605.5,47212.5,46032.5,45063,44299,43734,43350,43124.5,43026,43037.5,43146.5,43318,43525,43757.5,43993,44197,44346.5,44419,44390.5,44241.5,43968.5,43571,43050.5,42425.5,41696,40865.5,114709,117165,118551.5,119256.5,119447.5,119420.5,119509.5,119743,120018,120815,121126.5,119927,117496.5,113565,108063,102369,98672,98356.5,102394.5,111115,123156,136298.5,148933,159834,168338.5,174624,179246.5,182605,184642.5,184651,185047.5,186919,187425.5,185554,180470,172832,164650,157246.5,151387,147342,145517.5,145995,148564.5,151777,154716.5,157675,159887.5,160579.5,160770,161553,162640.5,164021.5,166338,170126.5,174617,177656.5,179293,180125.5,178845.5,174892,168634,160517,152003.5,144417.5,135163,124001.5,113461.5,103291.5,93519,84743,77838,73038,72367,74297,75096.5,75702.5,77227.5,79686.5,82467,85275.5,87919,90579.5,93610.5,97157.5,101230.5,105241.5,108199.5,108885,106973,102899.5,97364.5,91341,85509,80388,76038.5,72369.5,69367.5,67256,65643,64143,62926,61950,61170.5,60593,60195.5,59990.5,59964.5,60115.5,60443.5,60909.5,61468,62118.5,62849,63597.5,64284,64824,65138,65126,64734.5,63970,62838,61396.5,59725,57881,55935,53959.5,52029,50165.5,48418,46844.5,45466.5,44303,43360.5,42629,42100.5,41749,41550,41491.5,41545.5,41694.5,41914.5,42163.5,42422.5,42682.5,42910.5,43077.5,43169.5,43171,43054,42814.5
Montenegro,Montenegro,156,MNE,499,YUGA,"","","","","","",Europe and Central Asia,Programme countries,"","",Europe,Europe and Central Asia,Europe and Central Asia (excluding high-income),Middle income,Upper middle income,Low and middle income,Europe,"","","","","","","","","","","",Non-fragile,Non-fragile,Non-fragile,Non-fragile,Non-fragile,Non-fragile,"",Non-fragile,Non-fragile,"",non-FCS,"","",Europe,Southern Europe,"",Europe and Northern America,Europe,"","","Europe, Northern America, Australia and New Zealand","Australia and New Zealand, Central Asia, Europe and North America",Europe and Northern America,Europe,Southern Europe,"","","",HAC,HAC,"",Non conflict,Europe and Central Asia,Eastern Europe and Central Asia,"","","","",Europe and Central Asia,Eastern Europe and Central Asia,Upper middle income,Low and middle income,Eastern European Group,"","",Eastern Europe and Central Asia,Non-humanitarian,Non-high burden,"",Europe and Central Asia,Eastern Europe and Central Asia,LiST,"",LiSTSBR,"","","","","","","","","",EECA,"",ECE_All countries,"",ECE_West Balkans (ST7),"","","","","","","",ESCAP_Europe (Europe),"","","","","","","","","","","","","","","","","","","","",22111.5,22292,22528.5,22760.5,22863,22797,22547.5,22114.5,21536.5,20899.5,20338.5,19915,19815,20327.5,21475.5,23059.5,24707.5,26118.5,27282.5,28209,28849.5,29180.5,29264,29226.5,29124,29030,29060,29227,29399,29440.5,29401,29127,28477,27759.5,27261.5,26916,26641.5,26472,26327,26145,25943.5,25702,25466.5,25381.5,25440,25566.5,25682.5,25768.5,25844,25907.5,25917,25786,25499,25081.5,24479,23819,23290.5,22877,22540,22356.5,22382.5,22417.5,22198.5,21849.5,21435.5,20873.5,20378,20077.5,19806.5,19500,19176,18821,19038,19737,20241.5,20482.5,20625,20721,20646,20451,20232.5,20091,19922,19603.5,19225.5,18870.5,18520.5,18197.5,17881.5,17507.5,17108,16694,16253,15876,15593,15334,15099,14885.5,14687.5,14504,14336.5,14183.5,14045,13923,13814.5,13713.5,13616.5,13521,13422,13313,13189,13052.5,12906,12747,12574.5,12390.5,12195.5,11986.5,11768,11544.5,11319.5,11098.5,10883.5,10676.5,10483.5,10302,10129,9968,9816.5,9674.5,9544.5,9427,9319,9219,9127.5,9043,8961.5,8882.5,8806.5,8728,8644.5,8557.5,8465,8367,8264.5,8154.5,8036.5,7914.5,7788.5,7658,17964.5,18924,19646.5,20138,20465,20717,20957,21195,21387,21468.5,21382,21154.5,20808,20258,19474.5,18617.5,18048,18116,18906.5,20372.5,22320.5,24135.5,25427,26378,27086.5,27553,27904,28211,28453,28626.5,28806,28933.5,28885.5,28676.5,28324,27928.5,27535,27111,26742,26511,26391.5,26169,25739.5,25238.5,24774.5,24399,24128,24013.5,24103.5,24300,24538.5,24781,24993,25176.5,25262,25191.5,24962,24614,24138.5,23498,22846,22412,22139.5,21856.5,21561,21303.5,20965.5,20426,19869.5,19393,18934.5,18643.5,19090,19838.5,20016,19572,19008,18761,18779,19075,19452.5,19728.5,19839,19776,19592.5,19383.5,19250.5,19091.5,18783.5,18416,18074,17737.5,17429,17126,16763.5,16376.5,15974,15541.5,15174,14902,14651.5,14425.5,14221,14032.5,13858.5,13698,13548,13416,13308,13212,13119,13032,12946,12852.5,12749.5,12632.5,12505.5,12368,12216,12053.5,11877,11685,11482.5,11271.5,11054.5,10837,10623.5,10416,10217,10029.5,9850.5,9681.5,9526.5,9382.5,9247.5,9124,9013.5,8912.5,8820,8735.5,8656,8578,8502.5,8429,8354,8275.5,8192.5,8105,8012.5,7912.5
Montserrat,Montserrat,500,MSR,500,MSR,"","","","","","",Latin America and Caribbean,Programme countries,"","",Americas,"","","","","",Latin America and the Caribbean,"",Excluding least developed countries,Excluding China,"","","","","","","","","","","","","","","","",Non-fragile,"","","","",Americas,Latin America and the Caribbean,Caribbean,Latin America and the Caribbean,"","",Small island developing States,"","",Latin America and the Caribbean,Latin America and the Caribbean,Caribbean,Latin America and the Caribbean,"",Small island developing States (SIDS),"","","","",Latin America and Caribbean,"","","","","","","","","","","","","","","","","","","","","","","","","","","","","","","","",ECLAC_All countries,"","","",ECLAC_Carribean,"","","","","",ESCAP_Latin America (LAC),"","","","","","","","","","","","","","","","","","","","",537,540,541,540.5,541,546,554,569.5,589,608.5,629.5,646,653.5,653.5,647.5,635,618.5,598.5,575.5,555.5,550,559.5,572.5,585,595.5,604,612,616,619.5,626,631,635,635,623.5,603,582,557.5,531,508,484.5,456,419.5,380.5,343.5,307.5,280.5,262.5,243,222.5,205.5,183,166,165,165.5,162,153.5,145,144,146,150.5,163.5,179,187.5,190.5,188.5,174,155.5,144,133.5,121,122,128.5,126.5,130,141,146.5,144,139.5,134,123.5,110.5,104.5,100.5,95.5,98.5,107.5,112.5,115,116,112,105.5,98.5,93,90,88,86.5,85.5,85,85,85,85,85,85,85.5,86.5,87.5,89,90.5,91.5,92.5,94,95,94.5,93.5,92.5,92,91,89,87.5,86,84.5,82.5,80,77.5,75,73.5,72.5,71.5,70,68.5,67.5,67,66.5,66.5,68.5,70,70,70,70,70,70,70,70,70,70,70,70,69.5,68.5,68,400.5,389,383,379,374,367.5,359.5,351.5,345.5,341,346.5,370,399,423.5,442,456.5,464.5,470.5,476.5,475.5,476,484.5,490,491,494,499,503.5,507,511,512.5,515.5,525,534,545.5,559.5,566,567,562.5,544,519,497.5,467.5,430.5,399.5,370.5,335.5,295,255,217,177.5,145,128.5,124,127,138,149.5,158.5,165,165,161.5,153.5,145,143.5,144.5,147,155,163,165,165.5,163,145.5,125.5,118,111,101.5,109,123,125,129,140,146,144,139.5,134,123.5,110,104,100.5,95.5,98.5,107.5,112,113.5,114,110.5,105.5,99.5,93.5,90.5,89,87.5,86.5,85.5,85,85,85,85,85.5,87,88.5,89.5,90.5,92,93.5,94.5,95,95,95,94.5,94,93.5,92.5,91,89,87,85,82.5,81,80,77.5,75,73.5,72.5,71.5,70.5,70,70,70,70,70,70,70,70,70,70,70,70,71,72,72
Morocco,Morocco,59,MAR,504,MOR,Northern Africa,Northern Africa,North Africa,"","","",Middle East and North Africa,Programme countries,MENAEMRO,"",Eastern Mediterranean,Middle East and North Africa,Middle East and North Africa (excluding high-income),Middle income,Lower middle income,Low and middle income,Africa,"",Excluding least developed countries,Excluding China,OIC,Arab,OIC Lower middle income,OIC Middle income,Countdown,North Africa,Africa,Northern Africa,Non-fragile,Non-fragile,Non-fragile,Non-fragile,Non-fragile,Non-fragile,"",Non-fragile,Non-fragile,"",non-FCS,"","",Africa,Northern Africa,"",Northern Africa and Western Asia,Northern Africa,"","","","",Northern Africa and Western Asia,Northern Africa,Northern Africa,Northern Africa (exc. Sudan),"","","","","",Non conflict,Middle East and North Africa,"",Middle East and North Africa,"",Lower middle income,Low and middle income,Middle East and North Africa,"",Lower middle income,Low and middle income,African Group,"","",Middle East and North Africa,Non-humanitarian,Non-high burden,"",Middle East and North Africa,Middle East and North Africa,LiST,"",LiSTSBR,"","","","","","","","","","",ECA_North Africa,ECA_All countries,"","","","","","","","","",ESCAP_Africa (AFR),ECA_African Union Commission,ECA_AMU,"",ECA_CEN-SAD,"","","",ECA_Non-Oil Producing,"","","","","","","","",ESCWA_Arab countries,ESCWA_Maghreb subregion,ESCWA_Non-conflict middle income countries,ESCWA_Arab Middle-Income Countries (MICs),508894,510470.5,512700.5,514621.5,514825,513301.5,510608,507304.5,504895,505849.5,511398.5,518261,527375.5,540212.5,562711.5,594372.5,628455.5,666970,707544.5,742492,775120,810024,841796.5,870681,899365,928756,957949,990807,1027144.5,1062202,1097566.5,1131743.5,1161695.5,1190650,1219561.5,1247276,1271318.5,1292019.5,1313926,1337140.5,1361376,1383671.5,1404191,1424582,1446211,1471642.5,1499795,1528175.5,1554438,1575756,1590689,1602999.5,1616573,1632065.5,1648394,1662922.5,1671736,1673769.5,1670591.5,1661031.5,1643069,1620201.5,1600405.5,1585837,1572873,1563190,1561179.5,1557724,1547207,1539070,1540927,1550713.5,1569945.5,1599356,1632220,1664750.5,1692123.5,1710556,1717949,1713752,1700626,1684397.5,1668723.5,1655270.5,1644702.5,1633946.5,1619957,1602994,1584646.5,1565829.5,1547309,1530181,1514849.5,1501256.5,1488962.5,1477990.5,1468059,1459091,1451136.5,1443766,1436933,1430796.5,1425267,1420094.5,1415064,1409949.5,1404541.5,1398704,1392299.5,1385250,1377344.5,1368553,1359010.5,1348854,1337872,1326113,1314008.5,1301493,1288572.5,1275555,1262372,1249078.5,1235981.5,1222960,1210167,1197966.5,1186522,1175656.5,1165228.5,1155327,1145911,1136856,1128163,1120035.5,1112244.5,1104435.5,1096583,1088632,1080470.5,1072059.5,1063606.5,1055148.5,1046444.5,1037352,1027948,1018232.5,1008297.5,998347.5,988319,978114.5,470758,480562,485943,487910,488822.5,489668,490752.5,492574,493902.5,493523.5,491239,486956,481824,476545,472966.5,473710,478856.5,488161,502804,528941,562396,596115.5,630689,664337,691529,715986,743383,772556,803941.5,836744.5,872119.5,909020,946903,985165,1021190,1054602.5,1082596,1104204,1123785,1142939,1162703,1181355.5,1200021.5,1220618,1242025,1265317.5,1288755.5,1310353.5,1331944.5,1355129,1379428,1404411,1429116,1452506,1480428.5,1510016.5,1533613,1552769,1566465.5,1575818,1585767.5,1594912.5,1598933,1598171.5,1590795.5,1572889,1552234.5,1536289.5,1520603.5,1503847,1496463,1498714.5,1499850.5,1499999,1503111,1510520,1521824,1541001,1568317.5,1599592.5,1631063.5,1657706.5,1675486,1682306.5,1677668,1664238.5,1647804.5,1631917.5,1618419,1607766.5,1596831,1582846,1565950.5,1547521,1528769.5,1510417,1493263.5,1478005,1464681.5,1452547,1441829,1432341,1423654.5,1415777.5,1408396,1401456,1395055.5,1389363,1384316.5,1379439,1374397.5,1369189.5,1363505.5,1357211.5,1350364,1342521,1333934,1324792,1314940,1304272.5,1292804.5,1280907.5,1268541.5,1255703.5,1242755,1229771,1216748,1203926.5,1191188.5,1178555,1166450,1155112.5,1144341,1134118.5,1124440.5,1115099,1106116.5,1097653,1089864,1082355.5,1074768,1067097,1059246.5,1051154.5,1042943,1034787,1026600.5,1018211.5,1009433,1000260.5
Mozambique,Mozambique,9,MOZ,508,MOZ,Sub-Saharan Africa,Sub-Saharan Africa,South Africa,Least developed countries,"","",Eastern and Southern Africa,Programme countries,"","",Africa,Sub-Saharan Africa,Sub-Saharan Africa (excluding high-income),Low income,Low income,Low and middle income,Africa,Sub-Saharan Africa,Least developed countries,Excluding China,OIC,Africa,OIC Low income,"",Countdown,Southern Africa,Africa,Southern Africa,Non-fragile,Non-fragile,Non-fragile,Fragile,Fragile,Fragile,Other Fragile,Non-fragile,Fragile,Other fragile,Fragile and Conflict-affected Situation,Conflict,USAID,Africa,Eastern Africa,"",Sub-Saharan Africa,"",Least developed countries,"","","",Sub-Saharan Africa,Sub-Saharan Africa,Eastern Africa,Sub-Saharan Africa (inc. Sudan),Least Developed Countries (LDCs),"",HAC,"",Global Strategy,Non conflict,Sub-Saharan Africa,Eastern and Southern Africa,Sub-Saharan Africa,Eastern and Southern Africa,Low income,Low and middle income,Sub-Saharan Africa,Eastern and Southern Africa,Low income,Low and middle income,African Group,"",GAVI,Eastern and Southern Africa,Non-humanitarian,High burden,Fragile,Eastern and Southern Africa,Eastern and Southern Africa,LiST,"",LiSTSBR,"","","","","","","","","","",ECA_Southern Africa,ECA_All countries,"","","","","","","","","",ESCAP_Africa (AFR),ECA_African Union Commission,"",ECA_SADC,"","","","",ECA_Non-Oil Producing,ECA_Least developed countries,ECA_Mineral-rich countries,ECA_Non-Oil LDCs,"",ECA_Sub-Saharan Africa,"","","","","","","",258462.5,261032,267231.5,275042.5,284592,295032,304067.5,311723.5,318488,323509,326519,327808,328175,328902,330673.5,334006.5,340154,348939.5,358949.5,370226.5,383520,397636.5,409416,418359,426854,435550.5,444659.5,452103,457769,465684.5,482156.5,509532,543078,580005,617979.5,654168.5,685269.5,700702,705838,711460.5,715533,719711.5,723541,741036,794767,851675.5,889856,922052.5,946512.5,966275.5,983921.5,1005162.5,1030893.5,1058474.5,1086445,1114795.5,1143401.5,1171823,1200844.5,1230882,1261962.5,1296807,1336141,1377962.5,1422420,1468697.5,1514016,1557366,1597889,1635714,1673987.5,1714440.5,1758863,1813566,1881492,1957039,2035820,2114651,2186158,2245259,2296874,2347716.5,2399781,2453872.5,2512118.5,2573260,2634529.5,2695395,2754425.5,2811386.5,2866788,2920049.5,2971119.5,3021824,3071939,3119845.5,3165219,3208243,3247246,3282933.5,3316400,3348080,3379477,3409976.5,3439820,3469380.5,3497627.5,3523967.5,3548771,3572054.5,3593329.5,3614039,3634407.5,3653376,3672098.5,3690324,3707402,3723321.5,3737992,3752191,3765226,3776810,3787152,3796115.5,3804322.5,3812589.5,3821081,3828944,3835957.5,3841082.5,3843536.5,3844749.5,3845930,3846695,3846180.5,3844611.5,3841821.5,3837754,3832768.5,3827552.5,3822697,3817314,3812661,3809186.5,3804828,3799520.5,3794293.5,3788807,3782932.5,3776413.5,230512,234051.5,236334.5,237021,236239,235424.5,237647,243162,250480,259576,269505,278820,287730.5,296542,304014.5,309001.5,311136,311556.5,312462.5,314551.5,318056,324069,332137.5,340544.5,349250.5,358553,367134.5,373982.5,379158,383464,386060,390157,399240,412530,428215.5,446312.5,468552,488701,511070.5,541406,573695,604631.5,629759.5,656896,703265.5,741308,756590.5,763659,768541,780752.5,799061,821415.5,844943,867196,886272,904776.5,927167.5,953492.5,980896,1008605,1036960,1067865,1100952.5,1135053,1170348,1206239.5,1244588,1287532.5,1331955.5,1376731,1424397,1472142.5,1516261.5,1557060,1595809.5,1632662.5,1669961.5,1712235,1765544,1832183.5,1906727,1984867.5,2063439.5,2134853,2194609.5,2246891.5,2297432,2348203,2400655,2457446,2517102,2576625.5,2636432.5,2694372.5,2749294.5,2802373.5,2853460.5,2903071.5,2952668,3002626,3050167.5,3094342.5,3136666.5,3174656.5,3208868,3242613.5,3276598.5,3310093,3342099.5,3373212,3401950.5,3428898,3453861,3474850.5,3494227,3513221.5,3532463,3551693.5,3570620.5,3591615,3611730,3629198,3645548.5,3660449,3673200,3684825.5,3696239.5,3706578.5,3716634.5,3726238,3734476.5,3742280.5,3750572,3758693,3764010,3766634,3768508.5,3770262.5,3771224.5,3771475.5,3770861.5,3766570,3760839.5,3756076.5,3750826.5,3745835.5,3741906,3738218.5,3735063,3731203
Oman,Oman,60,OMN,512,OMN,Western Asia,Western Asia,"","","","",Middle East and North Africa,Programme countries,MENAEMRO,"",Eastern Mediterranean,Middle East and North Africa,"",High income,High income,"",Asia,"",Excluding least developed countries,Excluding China,OIC,Arab,OIC High income: nonOECD,OIC High income,"","","","","","","","","",Non-fragile,"","",Non-fragile,"",non-FCS,"","",Asia,Western Asia,"",Northern Africa and Western Asia,Western Asia,"","","","",Northern Africa and Western Asia,Asia,Western Asia,"Western Asia (exc. Armenia, Azerbaijan, Cyprus, Israel and Georgia)","","","","","",Non conflict,Middle East and North Africa,"","","","","","","","","",Asia-Pacific Group,"","",Middle East and North Africa,Non-humanitarian,Non-high burden,"","","","","","","","","","","","","","","","","","","","","","","","","","","",ESCAP_Other Area (OTH_REGION),"","","","","","","","","","","","","","","","",ESCWA_Arab countries,ESCWA_Gulf Cooperation Council (GCC),"","",23693.5,24091.5,24545.5,25038.5,25545.5,26062.5,26594.5,27157.5,27803,28578.5,29448,30331,31037,30993.5,30230,29494,28962.5,28647,29075,30210.5,31346,32386.5,33521,34776.5,36382,38377,40588,42968.5,45425.5,47894.5,50340.5,52825.5,55413,58055.5,60688,65644.5,72828.5,79748,86367,92506,97963.5,102614,106395,109576,114073.5,120189.5,126281,131806.5,136306.5,139324.5,141089.5,142225.5,142764.5,143321,148591.5,156069.5,159161.5,158026.5,153276,145729,136803,130514,127555,124837.5,122552.5,121157.5,120377.5,120023.5,120332,122427,126843,130964.5,135221.5,142510,151765.5,161282,170294.5,179581,189515.5,199035,208678.5,218681.5,227251.5,232402.5,233979.5,232299.5,228789,223682,215484.5,211405,214164,218073.5,223378,232201,237726.5,237589.5,236701,235475,234263,233323,232889,233082,233907,235329,237283,239684.5,242465.5,245512,248696,251923,255052,258033,260869.5,263601,266312.5,269043,271762.5,274435,276958,279173,281006,282436.5,283445.5,284113,284570,284902,285212.5,285594.5,286071.5,286682.5,287497.5,288470.5,289548,290743,292023.5,293353.5,294786,296324.5,297926.5,299599.5,301365,303209.5,305150,307215.5,309389.5,311609,313802,315992.5,318137.5,320160,20429,20636.5,20874.5,21162.5,21493,21846.5,22240.5,22686.5,23173,23676.5,24144.5,24586.5,25068.5,25643,26353.5,27190.5,28072.5,28786.5,28776.5,28068.5,27386,26902,26611.5,27025,28496,30458,32611.5,35117.5,37856,40694.5,43534,46416,49378.5,52317.5,55128,60206.5,67531.5,74624.5,81446,87972.5,94185,100067.5,105597.5,110627,113913,116056,118740,121938,125630,129976,134496,138364,141224.5,143283,150702.5,164361.5,177995,188963.5,195483.5,196802,195226,223764,260555.5,262975,249297,244080,254412.5,252390,232875,211823.5,191070.5,180307,208208.5,250984.5,271396,282025,290993,298876,306539,315241.5,324167,332652.5,341729.5,351717,361452,371402.5,381754.5,390683.5,396207.5,398169,396883.5,393778,389083.5,381305.5,377640,380800.5,385110,390813.5,400031.5,405960.5,406242,405777.5,404975.5,404188,403672,403662,404278.5,405529,407383,409769.5,412599,415808.5,419285.5,422900.5,426556.5,430112,433521,436789.5,439952,443091.5,446248.5,449396.5,452498,455447,458085,460341,462196.5,463627.5,464714,465588,466334.5,467057.5,467850,468738,469760,470981.5,472355.5,473834.5,475432.5,477110.5,478835.5,480663.5,482595.5,484588,486650.5,488804.5,491036.5,493363.5,495814,498369.5
Namibia,Namibia,18,NAM,516,NMB,Sub-Saharan Africa,Sub-Saharan Africa,South Africa,"","","",Eastern and Southern Africa,Programme countries,"","",Africa,Sub-Saharan Africa,Sub-Saharan Africa (excluding high-income),Middle income,Upper middle income,Low and middle income,Africa,Sub-Saharan Africa,Excluding least developed countries,Excluding China,"","","","",Countdown,Southern Africa,Africa,Southern Africa,Non-fragile,Non-fragile,Non-fragile,Non-fragile,Non-fragile,Non-fragile,"",Non-fragile,Non-fragile,"",non-FCS,"","",Africa,Southern Africa,"",Sub-Saharan Africa,"","","","","",Sub-Saharan Africa,Sub-Saharan Africa,Southern Africa,Sub-Saharan Africa (inc. Sudan),"","","","","",Non conflict,Sub-Saharan Africa,Eastern and Southern Africa,Sub-Saharan Africa,Eastern and Southern Africa,Upper middle income,Low and middle income,Sub-Saharan Africa,Eastern and Southern Africa,Upper middle income,Low and middle income,African Group,"","",Eastern and Southern Africa,Non-humanitarian,Non-high burden,"",Eastern and Southern Africa,Eastern and Southern Africa,LiST,"",LiSTSBR,"","","","","","","","","","",ECA_Southern Africa,ECA_All countries,"","","","","","","","","",ESCAP_Africa (AFR),ECA_African Union Commission,"",ECA_SADC,"","","","",ECA_Non-Oil Producing,"",ECA_Mineral-rich countries,"","",ECA_Sub-Saharan Africa,"","","","","","","",24939,24890.5,24983,25209,25548.5,25992.5,26545,27216.5,28006.5,28902,29881,30904.5,31888.5,32692,33357,33933.5,34439.5,35026.5,35799,36706,37722,38835,39965.5,41113.5,42308.5,43590.5,44845.5,46141,47123.5,48320,49889.5,51209.5,53136,55663,58209,60830,63548,66314,69253.5,74044,78236.5,80013,81718,83622,85416.5,86974,88429.5,89666,90933,92750.5,95108,97720,100662,103858,107308,111793,116874.5,121182,124424.5,126390,126089,123950.5,122217.5,121752.5,122420,124036.5,125889.5,127216,127955,128468.5,129538.5,131904,135489,139364,142279,145274.5,149134,152892,157170,162459.5,167535,172560.5,178346.5,183609.5,187571.5,192267.5,197851,200831,200128.5,198319,194991.5,189788,186535.5,186496.5,187365,187942,188556,189222.5,189958.5,190764.5,191790,193016,194350,195776.5,197236.5,198725.5,200174.5,201513.5,202746,203849,204848.5,205697.5,206336,206818.5,207138.5,207291.5,207376.5,207409,207353,207199,206919.5,206557,206122.5,205517.5,204786,204046.5,203249,202415,201671.5,201025,200506,200103,199734,199406.5,199088.5,198754.5,198458,198165,197852.5,197592,197406.5,197201,196897,196495,195954.5,195286.5,194500,193658,192804.5,191879,23401.5,23088,22709.5,22317.5,21985.5,21777,21706,21789.5,22040,22457,23034.5,23767,24645,25655.5,26773.5,27990,29244,30443,31432,32251,32947.5,33526,34154,34907,35758.5,36734.5,37611,38361.5,38338,38406.5,38910,38836.5,39702.5,41701,43919.5,46399,49167,52079.5,55296,61859,67961,70239.5,72148,73957,75762,77621.5,79574.5,81566,83545.5,85278,86765,88120.5,89114.5,89800,90741,92124,93858,96238,99183.5,102536.5,106985,112248,117063.5,120906.5,123503.5,124250.5,123674,123299,123678,125061.5,127315,129403,130713,131640,131359.5,130247,130018.5,130910.5,132516,134321.5,137098.5,140859,144481.5,148508.5,153522,158363,163152,168717.5,173873,177708.5,182137,187483,190311,189532,187730,184550,179463.5,176226,176061,176612.5,176982,177534.5,178126,178816.5,179614.5,180599,181744,182950,184276.5,185667.5,187129,188518.5,189752.5,190892.5,191835,192592.5,193326,193979.5,194420.5,194656.5,194689.5,194619.5,194506,194322,194138,193990,193737,193322.5,192737,191946,191136.5,190356,189500.5,188671.5,187943,187329,186915.5,186616.5,186317,185995,185694,185402,185075.5,184786,184493.5,184216.5,183844,183366,182928,182489.5
Nauru,Nauru,79,NRU,520,NAU,Oceania,Oceania,"","","",SIDS,East Asia and Pacific,Programme countries,"","",Western Pacific,East Asia and Pacific,"",High income,High income,"",Oceania,"",Excluding least developed countries,Excluding China,"","","","","","","","",Non-fragile,Non-fragile,Non-fragile,Non-fragile,Non-fragile,Non-fragile,"",Non-fragile,Non-fragile,"",non-FCS,"","",Oceania,Micronesia,"",Oceania,Oceania (exc. Australia and New Zealand),"",Small island developing States,South-Eastern Asia and Oceania (exc. Australia and New Zealand),"",Oceania (exc. Australia and New Zealand),Oceania,Micronesia,Oceania,"",Small island developing States (SIDS),"","","",Non conflict,East Asia and Pacific,"","","","","","","","","",Asia-Pacific Group,"","",East Asia and the Pacific,Non-humanitarian,Non-high burden,"","","","","","",EAPR Program Countries,EAPR Program Countries (excluding China),Pacific Program Countries,Pacific Program Countries (excluding PNG),EAPR Countries,EAPR Countries (excluding China),Pacific Countries,Pacific Countries (excluding PNG),"","","","","","","","",ESCAP_Pacific island developing economies (PIDE),"","","",ESCAP_PACIFIC (PAC),ESCAP_All countries,"","","","","","","","","","","","","",ESCAP_Countries with Special Needs,ESCAP_Small Islands Developing States,ESCAP_WB High Income Economies,"","","","",152,179,204.5,224.5,241.5,255,263,270.5,275.5,269,257.5,246.5,235,222.5,210,199,193,200.5,234,287.5,337,380,416.5,443.5,463.5,479.5,494,494.5,477,452,419,376,328.5,303,313.5,338.5,361,381,397.5,403.5,403,407,418.5,437,466,502,534,559,573,576,564.5,544,529,534.5,553.5,569.5,582,581,565.5,539,508,481.5,482,502,515.5,520,521,519.5,517.5,523.5,528,537,565,605.5,648.5,692.5,731.5,758.5,773,780.5,782.5,778,771,758.5,741,718.5,703,699.5,699,701,704,698,684.5,677,676,680.5,688,698.5,711,723.5,736,747.5,757.5,767.5,778,786,794,802,808.5,813,815.5,816,814.5,811.5,807,803,798.5,794.5,791,787,784.5,782,780,779,778,778,778.5,779.5,780.5,782,783.5,785.5,788,790.5,792.5,793,794,794.5,794,793,791,789,786,783.5,780.5,776.5,773,769,765,761,116.5,140.5,166.5,192.5,217,239.5,261.5,279,288,297.5,305,309,324.5,344.5,350.5,349,327,284.5,229.5,178.5,161,169,195.5,236.5,284,330,372.5,403.5,417,415.5,403.5,384.5,357,333,327.5,335,346.5,359.5,373,386,397.5,403.5,401,398.5,394.5,389.5,395.5,409.5,427,452,482,505,516,519.5,520.5,517.5,515,519,530.5,539,538,531,521,515,512.5,515.5,525,536.5,543,530,501,479.5,462.5,445,444.5,458.5,477.5,511.5,558,605,651.5,694,723,738,746.5,751,749,742.5,730.5,713,692,678.5,676,677,679.5,682.5,677,664,657.5,657,661,668.5,679.5,692,704,716.5,728.5,739,748.5,758,767,775.5,783.5,790,795,797.5,797.5,797,795,790.5,786.5,782.5,777.5,774,772,769,766.5,765,764,764,764,765,766,766,768,770,771,773.5,775,777.5,780,780,780.5,780.5,779.5,778,776,773,770.5,768
Nepal,Nepal,71,NPL,524,NEP,Southern Asia,Southern Asia excluding India,"",Least developed countries,"",LLDC,South Asia,Programme countries,"","",South-East Asia,South Asia,South Asia (excluding high-income),Middle income,Lower middle income,Low and middle income,Asia,"",Least developed countries,Excluding China,"","","","",Countdown,"","","",Fragile,Fragile,Non-fragile,Non-fragile,Non-fragile,Fragile,Other Fragile,Non-fragile,Non-fragile,"",non-FCS,"",USAID,Asia,Southern Asia,"",Central and Southern Asia,Southern Asia,Least developed countries,Landlocked developing countries,"","",Central and Southern Asia,Asia,Southern Asia,Southern Asia,Least Developed Countries (LDCs),Landlocked developing countries (LLDCs),"","",Global Strategy,Non conflict,South Asia,"",South Asia,"",Lower middle income,Low and middle income,South Asia,"",Lower middle income,Low and middle income,Asia-Pacific Group,"",GAVI,South Asia,Non-humanitarian,High burden,"",South Asia,South Asia,LiST,LiSTSBR,LiSTSBR,"","","","","","","","","","","","","","","","",ESCAP_SAARC (SAARC),"",ESCAP_LDC (LDC_E),ESCAP_LLDC (LLDC_E),ESCAP_South and South-West Asia (SSWA),ESCAP_All countries,"","","","","","","","","","","","","",ESCAP_Countries with Special Needs,"",ESCAP_WB Lower Middle Income Economies,"","","","",424558,433041,441063.5,448393,455104,464726.5,478580,494198.5,510510.5,526834,539414.5,547849,557084.5,569423,582557.5,595358,608778,620746,629859.5,639364,651127.5,662750.5,674100.5,685757.5,697523,710317,724882.5,741580.5,760109.5,779882.5,800418.5,820649,841085,862942,884845,906195.5,927875,948787,968428.5,990659,1017628,1046982,1079000,1110888.5,1140401.5,1167561.5,1193388.5,1221155.5,1250872,1281915.5,1313777,1346063,1368474,1381438,1394733.5,1410709,1430938.5,1456003,1487996,1524277.5,1561293.5,1607036.5,1650879.5,1674315,1683553,1683756,1670066,1647217.5,1626811.5,1595133.5,1556801,1548322,1539905,1506500,1478941.5,1461798,1449939,1443191,1441145,1440288,1437174.5,1432457,1424850.5,1412248.5,1395539,1377189,1360339,1346606,1335931.5,1326044.5,1315823,1306129,1297052.5,1290142.5,1286526,1283253.5,1277409.5,1268922.5,1258190.5,1246316,1234040.5,1221775.5,1209748,1197845.5,1186240,1175228,1164952,1155193.5,1146031,1137382,1129047.5,1120703.5,1112114.5,1103339,1094531.5,1085798.5,1077254,1068857.5,1060403,1051847.5,1043140,1034140,1024986.5,1015798.5,1006352.5,996779,987396,978281,969191.5,960270.5,951514.5,942788.5,934212.5,925994.5,918059.5,910309,902771,895382,887967.5,880402,872792,865243,857823.5,850529.5,843312,836181,829144.5,822047,814832,807585,372793,380080,387105.5,393787,400423,407239,414043.5,420674.5,426715.5,432646,442244.5,456405.5,472559.5,489673.5,506758.5,520078.5,529304.5,539241.5,552179.5,565652,578621,591735,603143.5,612015,621185.5,632170,642602.5,653575,665773.5,678088.5,691923,707435,723945.5,742015.5,760412,777474,792929,806633.5,821028,838936,862176,890291,922832,950616.5,973130.5,994411.5,1012175,1030512.5,1051104,1072395.5,1091584.5,1110935.5,1128693,1142676,1152898.5,1159006,1159975,1155584.5,1150465,1148288,1151939.5,1163519,1184983.5,1219502,1270283.5,1339170.5,1405499.5,1448240.5,1474379,1468367.5,1428873.5,1430497.5,1443499,1418009,1397816.5,1386293,1377266.5,1375424,1382988,1392227.5,1398943,1404919,1409081,1410775,1410094,1407120.5,1402529.5,1394967,1382462,1365903.5,1347694,1330996,1317440,1306863,1297046,1286954,1277487.5,1268589.5,1261643.5,1258031,1254834.5,1249066,1240585,1229884.5,1218042.5,1205773,1193668,1181873.5,1170236,1158861.5,1147935,1137601.5,1127862,1118682,1109961.5,1101681.5,1093423,1084990,1076470,1067941.5,1059343.5,1050801,1042518.5,1034221,1025705,1017166,1008442,999486.5,990445,981105.5,971638.5,962445.5,953568.5,944715.5,935983.5,927237,918574.5,910248.5,902237.5,894482.5,887006,879713,872436,865194.5,857814,850429,843160,835929,828800.5,821783
Netherlands,Netherlands (Kingdom of the),185,NLD,528,NET,"","","","","","",Non-programme countries,"","","",Europe,Europe and Central Asia,"",High income,High income,"",Europe,"","","","","","","","","","","","","","","","",Non-fragile,"","",Non-fragile,"",non-FCS,"","",Europe,Western Europe,"",Europe and Northern America,Europe,"","","Europe, Northern America, Australia and New Zealand","Australia and New Zealand, Central Asia, Europe and North America",Europe and Northern America,Europe,Western Europe,"","","","","","","",Europe and Central Asia,Western Europe,"","","","","","","","",Western European and Others Group (WEOG),"","",High Income Countries,Non-humanitarian,Non-high burden,"","","","","","","","","","","","","","","","","",ECE_All countries,ECE_European Union (E25),ECE_Euro area (EMU),"","","","","","","",ESCAP_Europe (Europe),"","","","","","","","","","","","","","","","","","","","",413560.5,410685.5,407685,407278.5,411019.5,416665.5,422853.5,430077.5,441555,456058.5,467707.5,496017,540070,571479.5,590448,606475,604009.5,585264,573767,569081.5,569033.5,572270,576684,581877,589696,599240.5,608571.5,616493.5,624569,633679.5,642379,645669,643888.5,640369,637106.5,634873.5,631279.5,623663,608222.5,583116.5,552555.5,523658.5,499614.5,484236,476212.5,474190,476112.5,477668,478786,481117.5,484355.5,488773.5,496267.5,503334,507198.5,511566.5,517154.5,521164.5,524417,527584,526942,522690.5,518959,517925,519893,525647.5,534639.5,542248.5,545648.5,544491,536758,526978,523089.5,520681,517949.5,516569.5,514212.5,510953,505989.5,500321.5,495473,491693.5,489750.5,488893,488145,487612.5,490557.5,494313.5,494824.5,494373,494610,492214.5,489390.5,490852.5,493413.5,495082.5,496399.5,497287.5,497517,497075.5,495938,493970.5,491294,488198,484777.5,481076,477216.5,473316,469464.5,465700,462101,458709,455696.5,453229.5,451238,449701.5,448704,448170.5,447903,447798.5,447774,447774.5,447813.5,447821,447845.5,447923.5,447945,447844.5,447575,447000,446145.5,445072,443728.5,442198.5,440650.5,439089,437356.5,435482.5,433529.5,431472.5,429290,427111.5,425075.5,423125.5,421273,419610.5,418208,417034,416054,415235,404417.5,406575.5,406429.5,404809,402737,400574,399114,398653.5,400314,404714.5,410145,416950.5,425980,438187.5,454133.5,468553.5,498742,541879.5,571453,590986.5,608975,608537,590305,578425,574261,577720.5,583614,587544,592483.5,601346.5,612417.5,622510.5,631299.5,640341.5,649406,656326,658735.5,657599,654489.5,652232,652679.5,651846,645532.5,630107.5,602336,567554,535901,510747,495612.5,488584,487819.5,492102.5,495928,496995.5,497421.5,497351,496842.5,500430,508203,516456,525651.5,535493,541644,545447.5,549745.5,551485.5,551897,553412.5,556510.5,562737.5,571000,579526.5,591116,600193.5,601269,598115.5,593134.5,588205,582730.5,578180,574585.5,570459,565765,559643,552977,547276,542946,540602,539372.5,538344,537603.5,540293,543787,544124.5,543512,543621,541280.5,538484.5,539845.5,542324,543903,544936.5,545578,545718,545147.5,543874,541700.5,538709.5,535316.5,531674.5,527751,523704,519733,515839,511990.5,508313.5,504903,501985,499624.5,497685,496163.5,495172.5,494583,494224,494124,494126,493996,493781.5,493609,493513.5,493540.5,493577,493460,493132.5,492512.5,491656,490513,489176.5,487654,485937,484076.5,482105.5,480068,477899.5,475676,473405,471175,469092.5,467129,465219.5
Vanuatu,Vanuatu,90,VUT,548,VAN,Oceania,Oceania,"","","",SIDS,East Asia and Pacific,Programme countries,"","",Western Pacific,East Asia and Pacific,East Asia and Pacific (excluding high-income),Middle income,Lower middle income,Low and middle income,Oceania,"","",Excluding China,"","","","","","","","",Non-fragile,Non-fragile,Non-fragile,Non-fragile,Non-fragile,Non-fragile,"",Non-fragile,Non-fragile,"",non-FCS,"","",Oceania,Melanesia,"",Oceania,Oceania (exc. Australia and New Zealand),"",Small island developing States,South-Eastern Asia and Oceania (exc. Australia and New Zealand),"",Oceania (exc. Australia and New Zealand),Oceania,Melanesia,Oceania,"",Small island developing States (SIDS),"","","",Non conflict,East Asia and Pacific,"",East Asia and Pacific,"",Lower middle income,Low and middle income,East Asia and Pacific,"",Lower middle income,Low and middle income,Asia-Pacific Group,"","",East Asia and the Pacific,Non-humanitarian,Non-high burden,"",East Asia and Pacific,East Asia and Pacific,LiST,LiSTSBR,LiSTSBR,EAPR Program Countries,EAPR Program Countries (excluding China),Pacific Program Countries,Pacific Program Countries (excluding PNG),EAPR Countries,EAPR Countries (excluding China),Pacific Countries,Pacific Countries (excluding PNG),"","","","","","","","",ESCAP_Pacific island developing economies (PIDE),"","","",ESCAP_PACIFIC (PAC),ESCAP_All countries,"","","","","","","","","","","","","",ESCAP_Countries with Special Needs,ESCAP_Small Islands Developing States,ESCAP_WB Lower Middle Income Economies,"","","","",2824,2880.5,2940,3002.5,3065,3126,3182.5,3238,3294.5,3351,3412.5,3484.5,3573,3693.5,3822.5,3936.5,4055,4185.5,4315,4466,4662,4879,5102.5,5330,5558,5785,6013,6241.5,6471.5,6705.5,6895,7029.5,7138,7232.5,7341,7468,7638.5,7885.5,8180,8476,8765,9013,8939,8379,7960,7910,7929,8276.5,9114,9831.5,10223,10603,10960,11293.5,11607,11903.5,12185,12453.5,12696.5,12876.5,12937.5,12881.5,12749.5,12578.5,12420,12319,12317.5,12488,12818.5,13236.5,13730,14271.5,14874,15554.5,16276.5,17019.5,17770,18494,19163.5,19770,20314.5,20806.5,21244.5,21606.5,21891.5,22105.5,22256.5,22358.5,22425,22484,22562,22663.5,22790,22953.5,23145.5,23362,23608.5,23882,24182.5,24507,24850,25206.5,25571.5,25944.5,26316,26675.5,27019,27337,27622.5,27871.5,28086.5,28275.5,28442.5,28589,28717,28825,28915,28997,29076.5,29159.5,29254,29357.5,29461,29565.5,29672.5,29780,29892,30010,30132.5,30260.5,30388,30509,30624.5,30738,30848,30949,31040,31121,31187,31227.5,31247.5,31252.5,31243.5,31227,31206,31180,31146.5,31114,31085.5,31059.5,2432.5,2475,2520,2570,2622.5,2677,2735,2800.5,2871.5,2943,3013.5,3081,3142.5,3199.5,3256.5,3318.5,3391,3479,3603.5,3738,3852.5,3968,4094.5,4221.5,4371,4565.5,4780.5,5002.5,5229,5509,5716,5799,5886.5,5985,6098.5,6230,6362.5,6468,6560.5,6662,6817,7050.5,7348,7682.5,8011,8311.5,8554.5,8478.5,7920.5,7502.5,7462.5,7502,7867,8718,9448.5,9845,10219,10567,10891,11193,11463,11700.5,11913,12086,12195.5,12229.5,12185,12085,11970.5,11883,11874,11992,12244,12609.5,13065,13568.5,14095.5,14674.5,15325.5,16027.5,16759,17497,18207,18865,19461,19993.5,20474.5,20903,21256,21531,21735,21875.5,21968.5,22028.5,22085,22162,22260.5,22382.5,22541,22727.5,22940,23183,23450.5,23747,24068,24406,24753.5,25110,25477.5,25843.5,26196,26532,26846.5,27131,27381,27598,27789,27956,28098.5,28220.5,28323,28411,28494,28574,28656,28749,28849.5,28949,29051,29158,29264,29373,29488.5,29607.5,29733,29860.5,29978.5,30088.5,30198.5,30302.5,30399,30492,30575.5,30646,30694,30719,30723.5,30714,30697.5,30675
New Zealand,New Zealand,187,NZL,554,NZD,"","","","","","",Non-programme countries,"","","",Western Pacific,East Asia and Pacific,"",High income,High income,"",Oceania,"","","","","","","","","","","","","","","","",Non-fragile,"","",Non-fragile,"",non-FCS,"","",Oceania,Australia and New Zealand,"",Oceania,Australia and New Zealand,"","","Europe, Northern America, Australia and New Zealand","Australia and New Zealand, Central Asia, Europe and North America",Australia and New Zealand,Oceania,Australia and New Zealand,"","","","","","","",East Asia and Pacific,"","","","","","","","","",Western European and Others Group (WEOG),"","",High Income Countries,Non-humanitarian,Non-high burden,"","","","","","","","","","",EAPR Countries,EAPR Countries (excluding China),Pacific Countries,Pacific Countries (excluding PNG),"","","","","","","","","","","","",ESCAP_PACIFIC (PAC),ESCAP_All countries,"","","","","","","","","","","","","","","",ESCAP_WB High Income Economies,"","","","",67897,67900.5,68610.5,70123,72597,76224.5,80575.5,84772.5,88390,91376,94111.5,97865.5,103436,110040,116299,121257,124681,126782.5,128283,130340,132990,135425,138313.5,142595,147149,151028,154939.5,158746,161159,161755,160275.5,157096.5,154416.5,153433.5,153889,154448.5,154271,154077.5,153021.5,150558,148167.5,144827,140808.5,137921,136403.5,136717.5,137743.5,138212,138280,138581,139619,142152,146089,149847,152679.5,155646.5,158608,160133,160400,160487,160586.5,160340,160042,160359,161401,162617,163205,163176.5,163177.5,163279,162692.5,161685.5,162816.5,166053,169902.5,173804,176414.5,177245.5,176694,175348,173655.5,171930,170142.5,168288.5,166437.5,164819.5,163333.5,162188,161813,161904.5,161837,161632,161239.5,160247.5,158901,157522,156318,155312,154536,153984,153751.5,153852,154115.5,154546.5,155180,155890,156552.5,157142.5,157654.5,158003.5,158137.5,158052,157836.5,157493.5,157033,156550.5,156004.5,155364,154663.5,153943,153203,152455.5,151777,151122,150405,149672.5,148984,148402,147884,147430.5,147065.5,146782.5,146542,146327,146184.5,146115,146093,146101,146158.5,146203,146223.5,146262,146304.5,146277.5,146166,146036.5,145874,145650,145384,145100.5,72042,71696.5,71596,71610.5,71222,70722.5,70674.5,71469,73046.5,75106.5,78063.5,82176.5,86272.5,89455,92173.5,95067,98624.5,102597,106344.5,110441,115049,118748.5,121337,124101,127515,130423.5,131668,132115.5,132708.5,134002.5,136406.5,139382,143449.5,147958.5,149945,147829.5,143713,140604,138012,135949.5,137452.5,141906.5,145019,145717.5,144889,142838,140113,136795.5,132958.5,129603.5,127961.5,129126.5,133660,139453.5,143328.5,144992,145361.5,144879.5,145015,147034,150519.5,153955.5,156606,160281,166698,173973.5,178419,178771,176854.5,175544.5,174529.5,171461,168869,168405.5,169003,170343.5,172591.5,176387,180736.5,184894.5,188586,191025,191721,191100,189727.5,188038.5,186364.5,184652.5,182919,181194,179681,178338.5,177353.5,177046.5,177136.5,177058.5,176785.5,176284.5,175252,173878,172554.5,171586,170773.5,170133.5,169776,169684.5,169765.5,169959,170334,170868.5,171446,171926.5,172419.5,172887,173200.5,173412.5,173462.5,173296,172902.5,172363,171754,171071,170473.5,169913.5,169265,168598,167926.5,167312,166692.5,165997,165249.5,164563.5,163961.5,163347,162824.5,162455.5,162185.5,161971.5,161886.5,161836,161797,161826,161887.5,161913.5,161898,161903.5,161876,161834.5,161730.5,161553
Nicaragua,Nicaragua,126,NIC,558,NIC,Latin America and the Caribbean,Latin America and the Caribbean,"","",Latin America,"",Latin America and Caribbean,Programme countries,"","",Americas,Latin America and the Caribbean,Latin America and the Caribbean (excluding high-income),Middle income,Lower middle income,Low and middle income,Latin America and the Caribbean,"",Excluding least developed countries,Excluding China,"","","","",Countdown,"","","",Non-fragile,Non-fragile,Non-fragile,Non-fragile,Non-fragile,Non-fragile,"",Non-fragile,Fragile,Other fragile,non-FCS,"","",Americas,Latin America and the Caribbean,Central America,Latin America and the Caribbean,"","","","","",Latin America and the Caribbean,Latin America and the Caribbean,Central America,Latin America and the Caribbean,"","","","","",Non conflict,Latin America and Caribbean,"",Latin America and Caribbean,"",Lower middle income,Low and middle income,Latin America and Caribbean,"",Lower middle income,Low and middle income,Latin American and Caribbean Group (GRULAC),"",GAVI,Latin America and Caribbean,Non-humanitarian,Non-high burden,"",Latin America and the Caribbean,Latin America and Caribbean,LiST,"",LiSTSBR,"","","","","","","","","","","",ECLAC_All countries,"","","",ECLAC_Latin America,"","","","","",ESCAP_Latin America (LAC),"","","","","","","","","","","","","","","","","","","","",69923.5,71720.5,73528,75385.5,77354,79402.5,81471,83611.5,85839.5,88067,90303,92595,95100.5,98345.5,102950.5,108635.5,114744.5,120923.5,126632.5,131365,135444.5,139538.5,143642.5,147911.5,152450.5,157045,161584.5,166044.5,170374.5,174472,179054,184379,189967,195700.5,201527,207570.5,214000.5,220744,227910.5,235576,243367.5,251117.5,258804,266225.5,273447.5,280598.5,285993.5,289497.5,292529.5,295002,296953.5,298591,300045.5,301548.5,303128,305250.5,309077,313725.5,317617.5,320606.5,322638,323848.5,324305,324031.5,323467,322995.5,322111,320637.5,319410,318920,319632.5,321491,324230,327409,330300.5,332563.5,334303,335726.5,336677,337154,337176,336872,336299,335406,334250.5,332910,331345.5,329603,327978.5,326703.5,325647,324701,323889,322996.5,321765.5,320262.5,318695,317109,315605.5,314207.5,312893,311600.5,310266.5,308833.5,307266.5,305603.5,303898.5,302166.5,300439,298728.5,296978.5,295203.5,293413.5,291547.5,289639,287715,285724,283635,281478,279275,277047,274880.5,272803.5,270808,268864.5,266934.5,264975.5,263003,261047.5,259060.5,257101.5,255242.5,253413,251596.5,249807,247985,246096.5,244220.5,242397,240599.5,238847.5,237143.5,235466,233767.5,232069,230369.5,228607,226796.5,224983.5,223166,58380.5,59795,61365,63062,64806,66579.5,68385,70202.5,72062.5,74029.5,76065,78109.5,80218,82410,84605,86811,89066.5,91517.5,94673,99124.5,104576,110377,116057,121233.5,125572.5,129281,133009,136848.5,140447.5,143237,146520,150730.5,154845,158621.5,161922.5,165187.5,168945,173220,178314,184602,191575,198948,206600,214401.5,222250.5,229959.5,236504,241711.5,246207.5,250100,253575.5,256488.5,258933,261131.5,263092,265528.5,269214,273679,278583,283801,289074,294373,299408.5,303712,307133.5,309618,311322,312323.5,312595,312566,313014.5,313340,313016,312931,313478.5,314830,316976.5,319897,323159,326080.5,328339.5,330097,331539.5,332494,332979,333007,332701,332140.5,331280,330147,328833,327306,325592,323989,322750.5,321743.5,320829,320052,319214,318012,316530,315008,313448,311938.5,310552,309258.5,307968,306651,305277.5,303783,302168,300489.5,298781,297063.5,295352.5,293613.5,291873.5,290117,288281,286406,284498.5,282531,280479,278346,276149,273964,271852.5,269801,267852.5,265966.5,264056,262094.5,260134.5,258204,256241.5,254309,252473.5,250679.5,248910,247152.5,245370,243522.5,241667.5,239844.5,238065.5,236346.5,234662,233000,231303.5,229591
Niger,Niger,36,NER,562,NIG,Sub-Saharan Africa,Sub-Saharan Africa,West Africa,Least developed countries,"",LLDC,West and Central Africa,Programme countries,"","",Africa,Sub-Saharan Africa,Sub-Saharan Africa (excluding high-income),Low income,Low income,Low and middle income,Africa,Sub-Saharan Africa,Least developed countries,Excluding China,OIC,Africa,OIC Low income,"",Countdown,West Africa,Africa,Western Africa,Non-fragile,Non-fragile,Non-fragile,Non-fragile,Non-fragile,Fragile,Other Fragile,Fragile,Fragile,Other fragile,Fragile and Conflict-affected Situation,Conflict,"",Africa,Western Africa,"",Sub-Saharan Africa,"",Least developed countries,Landlocked developing countries,"","",Sub-Saharan Africa,Sub-Saharan Africa,Western Africa,Sub-Saharan Africa (inc. Sudan),Least Developed Countries (LDCs),Landlocked developing countries (LLDCs),"","",Global Strategy,Conflict,Sub-Saharan Africa,West and Central Africa,Sub-Saharan Africa,West and Central Africa,Low income,Low and middle income,Sub-Saharan Africa,West and Central Africa,Low income,Low and middle income,African Group,Economic Community of West African States,GAVI,West and Central Africa,Non-humanitarian,High burden,Fragile,West and Central Africa,West and Central Africa,LiST,"",LiSTSBR,"","","","","","","","","","",ECA_West Africa,ECA_All countries,"","","","","","","","","",ESCAP_Africa (AFR),ECA_African Union Commission,ECA_ECOWAS,"",ECA_CEN-SAD,ECA_Sahel,ECA_Land-locked countries,ECA_Land-locked LDCs,ECA_Oil producing economies,ECA_Least developed countries,ECA_Mineral-rich countries,"",ECA_Oil LDCs,ECA_Sub-Saharan Africa,"","","","","","","",126183,130708.5,135143,139627,144408.5,149481,154754,160375,166364,172422,178256,183470.5,187136,192243.5,199936.5,208443.5,218349,230019,240419,248561.5,256451,263903.5,271369.5,279020,286864,294950,303314.5,311876.5,320522.5,329167.5,337598.5,345812.5,353970,362101,370362.5,379135,388617,398808.5,409918.5,422201,435647,450083,465424,481922.5,499507,517887.5,536380.5,554278.5,571648.5,588405.5,604828,621381.5,638632,656936.5,676561.5,698348.5,722768,749706.5,779522.5,812431,848229,887192.5,930011.5,975748.5,1023544,1073350,1124280.5,1175521.5,1227198,1279700,1333696,1389268.5,1445888,1503382.5,1560940,1618335,1675460.5,1731683.5,1787308.5,1842150,1895524.5,1947678.5,1997993.5,2044748.5,2087666,2127721.5,2165404,2206961,2257495.5,2314307.5,2374238,2436166,2494559.5,2544726,2590064.5,2633387.5,2674002.5,2712011.5,2749371.5,2784014.5,2815314,2845307.5,2873152.5,2897283.5,2919446.5,2941081.5,2961704,2982673.5,3004867.5,3028289.5,3052386.5,3076610,3100275.5,3123383.5,3145772,3166908.5,3187770,3208697.5,3228691,3247368,3264285.5,3278719.5,3291063.5,3301503,3309871,3317011,3323542,3328874.5,3333159,3336953.5,3339699,3341498.5,3342618,3342600,3341706.5,3340399.5,3338058,3335224,3332754.5,3329957.5,3327044,3324495,3321566.5,3317780.5,3313539,3309205,3304554,3299616.5,3294442,3288370,102722,106194,109791,113457.5,117076,120662.5,124274,127927,131786,136111,140898,146028,151592,157539.5,163525.5,169239.5,174298,177826,182727.5,190111,198264.5,207707.5,218805.5,228715,236493.5,244084.5,251379,258789,266455,274417.5,282598.5,290918,299318,307759,316205.5,324655,333300,342114,350952.5,359978,369382.5,379117,389289,400269,412338.5,425814,440031.5,454377.5,469930,486644.5,503979,521848,539609,556832.5,573466.5,589811,606206.5,623365,641625,661274.5,683204,707860,736241.5,767571,801094.5,838116.5,878527,920845.5,965081.5,1011382.5,1059220.5,1108586.5,1159372,1211504.5,1263698.5,1316040.5,1369163,1423058,1477842,1533482.5,1589674,1645730.5,1700959,1755584.5,1809510.5,1862079,1913449,1963047.5,2009195.5,2051490.5,2090898,2128027.5,2169053,2218958,2275123,2334404,2395620,2453319.5,2502872.5,2547623.5,2590344,2630393.5,2667785.5,2704514.5,2738606,2769395.5,2798827,2826132,2849861,2871618,2892798,2913059,2933733.5,2955524,2978497,3002126,3025906,3049229.5,3072010.5,3094065,3114846,3135352.5,3155919,3175522.5,3193799.5,3210429,3224710,3236856,3247106,3255295,3262245.5,3268578,3273765.5,3277978.5,3281709.5,3284380,3286042,3287031,3286979,3286060,3284654.5,3282255.5,3279366,3276780,3273848,3270848,3268264,3265410.5,3261705.5,3257452.5
Nigeria,Nigeria,46,NGA,566,NGR,Sub-Saharan Africa,Sub-Saharan Africa,West Africa,"","","",West and Central Africa,Programme countries,"","",Africa,Sub-Saharan Africa,Sub-Saharan Africa (excluding high-income),Middle income,Lower middle income,Low and middle income,Africa,Sub-Saharan Africa,Excluding least developed countries,Excluding China,OIC,Africa,OIC Lower middle income,OIC Middle income,Countdown,West Africa,Africa,Western Africa,Non-fragile,Non-fragile,Non-fragile,Non-fragile,Non-fragile,Fragile,Other Fragile,Fragile,Fragile,Other fragile,Fragile and Conflict-affected Situation,Conflict,USAID,Africa,Western Africa,"",Sub-Saharan Africa,"","","","","",Sub-Saharan Africa,Sub-Saharan Africa,Western Africa,Sub-Saharan Africa (inc. Sudan),"","",HAC,"",Global Strategy,Conflict,Sub-Saharan Africa,West and Central Africa,Sub-Saharan Africa,West and Central Africa,Lower middle income,Low and middle income,Sub-Saharan Africa,West and Central Africa,Lower middle income,Low and middle income,African Group,Economic Community of West African States,GAVI,West and Central Africa,Humanitarian,High burden,Fragile,West and Central Africa,West and Central Africa,LiST,"",LiSTSBR,"","","","","","","","","","",ECA_West Africa,ECA_All countries,"","","","","","","","","",ESCAP_Africa (AFR),ECA_African Union Commission,ECA_ECOWAS,"",ECA_CEN-SAD,ECA_Sahel,"","",ECA_Oil producing economies,"","","","",ECA_Sub-Saharan Africa,"","","","","","","",1901332,1943353,1987439,2032173.5,2076296,2119970,2163222.5,2206178.5,2249763.5,2297431.5,2349606.5,2400839,2443093.5,2459732.5,2454437,2452552,2460464,2477585.5,2520402,2587143.5,2655829,2722396.5,2792423.5,2866768,2944683.5,3027019.5,3112882.5,3204076.5,3300223,3401031.5,3508881.5,3620557,3734870.5,3841294,3957118.5,4094432,4238412.5,4393799,4562789.5,4749273.5,4957157,5175084,5400248,5634173,5860833,6067055.5,6254857.5,6430924.5,6598234.5,6752777.5,6891961,7020012.5,7140090.5,7257784,7392178,7548821.5,7721546,7916040.5,8128182.5,8348675,8585222.5,8841507.5,9103383,9364924.5,9638458.5,9938749.5,10273045.5,10638465.5,11022390.5,11408661.5,11785061,12152763.5,12516724,12883974,13280320,13685202,14062075,14410542,14718787.5,14994255,15235806.5,15417322.5,15540653,15620312,15649287,15636917,15644989.5,15708753,15823765,15984762,16187564,16402741,16598722.5,16776601,16948343.5,17116127,17272005,17425441,17573037,17705692.5,17828255,17942792.5,18041190.5,18125815.5,18201355.5,18262495,18304890.5,18331404.5,18346493.5,18349542.5,18343252.5,18334335.5,18324528,18311301.5,18296462,18283910,18272714,18264997,18261431.5,18256591.5,18248899.5,18241326,18231215.5,18218860,18209795.5,18202434.5,18191929.5,18175241,18151583,18120504.5,18082248,18038209.5,17993345,17949074.5,17902290,17852276.5,17799914,17743676.5,17683195.5,17621114.5,17557839.5,17492732,17425321.5,17356366.5,17287644,17218742.5,17149462.5,17082494.5,17016912,16950912,1647272.5,1680888,1715350,1749745.5,1784765,1821105,1859198.5,1899759,1940464,1981896,2025760,2070645,2115999,2162667.5,2212225.5,2264338,2313666.5,2350025.5,2359771.5,2349610,2346167.5,2354412.5,2373106,2418688,2489230,2563880,2637712.5,2717484,2801212.5,2885984.5,2975848.5,3065612,3153393.5,3229213,3311748,3412960,3513638,3620155,3737920.5,3865649,4003177,4145925,4298786,4464976.5,4645599,4844148,5052036.5,5268446.5,5495850,5717501,5916162,6097502.5,6267475.5,6425922,6571787.5,6702526.5,6819933.5,6930916,7041436,7168996.5,7323511,7500157.5,7698061.5,7910656.5,8125975.5,8346924.5,8589816.5,8847953.5,9100104,9359118.5,9652459,9976789,10324814,10698259,11130512,11610583,12090766.5,12562881.5,13020350,13458764.5,13868402.5,14250366.5,14604652.5,14919846.5,15203116,15453255,15644665.5,15779036.5,15870738.5,15912963,15914837,15936828.5,16013283,16139831.5,16311065,16522712,16746118,16950755,17137686.5,17318485,17495581,17661062.5,17823553.5,17979668.5,18120876.5,18252089.5,18375251,18482444,18575967.5,18660128,18729970,18781898.5,18818774.5,18844900.5,18859649,18864726.5,18866258.5,18866384,18862069.5,18855472.5,18850878,18847585,18847942,18852229.5,18855198.5,18855660,18855907,18852882,18848010,18846426.5,18845486.5,18840835.5,18829537.5,18810848.5,18785117.5,18752279,18713555.5,18673859,18634110.5,18591252.5,18545145,18496916.5,18444386.5,18387140.5,18328123,18268256,18207063.5,18143811.5,18079230.5,18014121
Niue,Niue,80,NIU,570,NIU,Oceania,Oceania,"","","",SIDS,East Asia and Pacific,Programme countries,"","",Western Pacific,"","","","","",Oceania,"",Excluding least developed countries,Excluding China,"","","","","","","","","","","","","",Non-fragile,"",Non-fragile,Non-fragile,"","","","",Oceania,Polynesia,"",Oceania,Oceania (exc. Australia and New Zealand),"",Small island developing States,South-Eastern Asia and Oceania (exc. Australia and New Zealand),"",Oceania (exc. Australia and New Zealand),Oceania,Polynesia,Oceania,"",Small island developing States (SIDS),"","","",Non conflict,East Asia and Pacific,"","","","","","","","","","","","",East Asia and the Pacific,Non-humanitarian,Non-high burden,"","","","","","",EAPR Program Countries,EAPR Program Countries (excluding China),Pacific Program Countries,Pacific Program Countries (excluding PNG),EAPR Countries,EAPR Countries (excluding China),Pacific Countries,Pacific Countries (excluding PNG),"","","","","","","","",ESCAP_Pacific island developing economies (PIDE),"","","",ESCAP_PACIFIC (PAC),ESCAP_All countries,"","","","","","","","","","","","","",ESCAP_Countries with Special Needs,ESCAP_Small Islands Developing States,"","","","","",263.5,256,249,242.5,240,242,243.5,238.5,228,215.5,203.5,197.5,193.5,192,199.5,209.5,218,229,242.5,255,270.5,284,286,279,268,256.5,248,245.5,246,246.5,246.5,244,231.5,209,187.5,170.5,158,152,149.5,143,133,122.5,113,106,104,109.5,115.5,115.5,109,98,85,76.5,71.5,66,66,73.5,79.5,82.5,87.5,87.5,84,80,75,69.5,64.5,60.5,58,56.5,56,56.5,57.5,61.5,67.5,72.5,75.5,78,79,78.5,77.5,76,74.5,73.5,72,70,69,67.5,64,62,62,62,62.5,64.5,66.5,68,70,72.5,75,77,78.5,80,81.5,83,84.5,85,85,85,85,85,84.5,83.5,82,80,77.5,75,73,71.5,70,69,69.5,70,70,70,70,70,70,70.5,71.5,72.5,74,75,75.5,76.5,78,79.5,80,80,80,79.5,78.5,77.5,77,76.5,75,74,73.5,72.5,71.5,70.5,70,70,208,206,198.5,190,183,174,167,168.5,175,178,175.5,171,170,169,162,151.5,145,145,148.5,155,160.5,161.5,161.5,160.5,156,150.5,144,143.5,147.5,147.5,147,147.5,150.5,151,141.5,121.5,99,91.5,96,102,108,111,108.5,101,91.5,81.5,74.5,71.5,71.5,73.5,75,71.5,67.5,64.5,57.5,45,37.5,37.5,38,42.5,49.5,53.5,57,62,60.5,55.5,52,51,50.5,49,46,40.5,36.5,40,47.5,53.5,60.5,68,73.5,76.5,79,79.5,78.5,77.5,76,74.5,74,73,71,69.5,67.5,64,62,62,62,62.5,64.5,66.5,68,70,72.5,75,77,79,81,82.5,84,85,85,85,85,85,85,84.5,83.5,82,80,77.5,75,74,73,71.5,70.5,70,70,70,70,70,70,70.5,72,74,75,75,76,78,79.5,80,80,80,80,80,80,79.5,79,78.5,77.5,77,76,74.5
Norway,Norway,186,NOR,578,NOR,"","","","","","",Non-programme countries,"","","",Europe,Europe and Central Asia,"",High income,High income,"",Europe,"","","","","","","","","","","","","","","","",Non-fragile,"","",Non-fragile,"",non-FCS,"","",Europe,Northern Europe,"",Europe and Northern America,Europe,"","","Europe, Northern America, Australia and New Zealand","Australia and New Zealand, Central Asia, Europe and North America",Europe and Northern America,Europe,Northern Europe,"","","","","","","",Europe and Central Asia,Western Europe,"","","","","","","","",Western European and Others Group (WEOG),"","",High Income Countries,Non-humanitarian,Non-high burden,"","","","","","","","","","","","","","","","","",ECE_All countries,"","","","","","","","","",ESCAP_Europe (Europe),"","","","","","","","","","","","","","","","","","","","",105589,103197,102036.5,102383,104273,107195.5,109493,112023.5,116862,123834,132351.5,143223.5,153655,160126.5,162781,162415.5,159673,156457.5,154960,154272.5,154525,155817.5,156924.5,157236.5,157740.5,157817,157457,157435.5,157714,158828,161064.5,163832.5,166488.5,169114,171153.5,171651,171239.5,170848,169213,165358,160958.5,156173,150167.5,144715.5,140614,137669,136017,135721.5,135893.5,135841,136095,137078.5,138734,141539,145921.5,150890,155668,160018,163041,164848,166431.5,167472,167928.5,167928,168022,168288.5,168155.5,167062,165666.5,164441,162872,162634.5,165032,169119,173193,175991.5,176753.5,176112.5,174300.5,171419.5,168891,167183.5,165465.5,163480,161465.5,158817,156504,154338,151976,150302,149259,147687.5,146412,146220,145762,145181.5,144700,144333,144119,144075,144182,144449,144891,145411.5,145929,146439.5,146882.5,147176.5,147307,147242.5,146942,146435,145744.5,144930,144041,143072.5,142045,140981,139918,138877,137854,136868,135942,135071.5,134286.5,133618.5,133062.5,132608.5,132250,131993.5,131835,131761.5,131754,131784,131828.5,131887.5,131961.5,132014,132042.5,132031,131931.5,131758,131536,131226.5,130828.5,130388,129893,129341,128758.5,128171.5,118501.5,115840,113344,110933,108111.5,105486.5,103031,101476,101748.5,103415,106067,108504,111388.5,116370.5,123347.5,131528.5,141914,152448.5,159323,162320,162265.5,159835,156891.5,155385.5,154816,155186.5,156238.5,157096.5,157438.5,158046,158256,158063.5,158234,158573,159509.5,161748.5,164807,168449,172247,173862,173213.5,172510.5,172108,170487.5,166966,162694.5,157626.5,151524.5,146364,142892.5,140627.5,139176,139004,139357.5,139141.5,139320,140825,143689.5,147851.5,152993,158922.5,165295.5,170913,174544,176210,176814.5,177185,177265.5,176652,176397.5,175821,174188,172564.5,173155.5,175813.5,178086.5,180340.5,183382,186547,189202.5,191035.5,191524,190930.5,189146,186291.5,183786.5,182109,180426.5,178480,176499,173850.5,171529.5,169360,166966,165266.5,164260,162733.5,161488,161369,160979,160414.5,159941,159595.5,159360.5,159258,159313,159522,159911.5,160451,161040.5,161585,162034.5,162297,162335.5,162158,161759.5,161166.5,160402.5,159554,158671,157694.5,156652,155570,154447,153335,152280,151298.5,150382.5,149530,148755,148068.5,147477,146982.5,146570.5,146237.5,146003.5,145859.5,145768.5,145746.5,145795.5,145861.5,145945,146020.5,146022,145947,145779.5,145543.5,145291.5,144962.5,144513.5
Federated States of Micronesia,Micronesia (Federated States of),77,FSM,583,FSM,Oceania,Oceania,"","","",SIDS,East Asia and Pacific,Programme countries,"","",Western Pacific,East Asia and Pacific,East Asia and Pacific (excluding high-income),Middle income,Lower middle income,Low and middle income,Oceania,"",Excluding least developed countries,Excluding China,"","","","","","","","",Fragile,Fragile,Fragile,Fragile,Fragile,Non-fragile,"",Fragile,Non-fragile,"",Fragile and Conflict-affected Situation,Institutional and Social Fragility,"",Oceania,Micronesia,"",Oceania,Oceania (exc. Australia and New Zealand),"",Small island developing States,South-Eastern Asia and Oceania (exc. Australia and New Zealand),"",Oceania (exc. Australia and New Zealand),Oceania,Micronesia,Oceania,"",Small island developing States (SIDS),"","","",Non conflict,East Asia and Pacific,"","","","","",East Asia and Pacific,"",Lower middle income,Low and middle income,Asia-Pacific Group,"","",East Asia and the Pacific,Non-humanitarian,Non-high burden,Fragile,"","","","","",EAPR Program Countries,EAPR Program Countries (excluding China),Pacific Program Countries,Pacific Program Countries (excluding PNG),EAPR Countries,EAPR Countries (excluding China),Pacific Countries,Pacific Countries (excluding PNG),"","","","","","","","",ESCAP_Pacific island developing economies (PIDE),"","","",ESCAP_PACIFIC (PAC),ESCAP_All countries,"","","","","","","","","","","","","",ESCAP_Countries with Special Needs,ESCAP_Small Islands Developing States,ESCAP_WB Lower Middle Income Economies,"","","","",1645,1684,1726,1769.5,1812.5,1857,1903,1948.5,1996.5,2048.5,2108,2173.5,2238.5,2299.5,2400.5,2550,2709.5,2878,3051.5,3188.5,3288.5,3385.5,3482,3585,3696.5,3810.5,3917,4014.5,4115.5,4226.5,4341.5,4465,4601.5,4749.5,4911,5091,5287.5,5489,5673,5841.5,6013.5,6197.5,6311,6398.5,6544.5,6626.5,6628.5,6633,6691.5,6818.5,6923.5,6936.5,6868.5,6708,6514.5,6359,6249,6215.5,6270,6340.5,6391.5,6409,6385,6368,6363,6352,6308,6223,6120.5,6012.5,5920,5851,5812.5,5806,5829,5877.5,5951.5,6024,6052,6037,5985.5,5926,5877.5,5840,5810.5,5785,5765.5,5751,5734,5719,5710,5702,5696.5,5698.5,5701,5701,5700,5693,5679.5,5659.5,5632.5,5599.5,5562,5520,5474,5424.5,5375.5,5329.5,5285.5,5242.5,5200,5159.5,5119.5,5080,5043,5007.5,4974.5,4944,4916,4889.5,4863,4836.5,4811,4787,4763.5,4740.5,4718,4694.5,4669,4642.5,4613.5,4582,4550.5,4517,4480,4443,4405,4365.5,4328.5,4292,4256.5,4223,4187.5,4153,4120.5,4088,4056,4026.5,4000,3975,1421.5,1452.5,1484.5,1517,1552,1589.5,1628.5,1670,1714,1757.5,1807.5,1866,1925,1975,2019,2065,2112.5,2155.5,2198,2289.5,2429.5,2567,2704,2850,2962.5,3050,3153,3261.5,3374,3490.5,3605.5,3716.5,3822.5,3928.5,4038.5,4152.5,4274.5,4409,4523,4618.5,4737,4877.5,4875.5,4713,4610,4690,4866,4988,5043.5,5069,5156,5287,5377.5,5451,5496.5,5483,5437,5368.5,5237.5,5126,5131.5,5200.5,5311.5,5465,5591,5675,5721.5,5725.5,5733,5743.5,5770,5765,5690.5,5598,5511.5,5433,5375.5,5366,5391,5432.5,5488.5,5571.5,5652,5687.5,5681.5,5639.5,5587.5,5547.5,5518,5493.5,5473,5460.5,5453,5444.5,5438.5,5438,5438.5,5440.5,5450,5459.5,5465.5,5468.5,5465.5,5455.5,5438.5,5415,5384.5,5350.5,5314.5,5274,5228.5,5183.5,5141,5099,5058,5019,4982,4945,4910,4877.5,4846,4815,4786,4760,4735.5,4711.5,4688.5,4665.5,4642.5,4622,4602,4582,4561,4538,4514,4488.5,4459.5,4428,4396,4364,4332,4298,4261.5,4226.5,4194,4161,4128,4095.5,4062,4030
Marshall Islands,Marshall Islands,78,MHL,584,MSI,Oceania,Oceania,"","","",SIDS,East Asia and Pacific,Programme countries,"","",Western Pacific,East Asia and Pacific,East Asia and Pacific (excluding high-income),Middle income,Upper middle income,Low and middle income,Oceania,"",Excluding least developed countries,Excluding China,"","","","","","","","",Fragile,Fragile,Fragile,Fragile,Fragile,Non-fragile,"",Fragile,Non-fragile,"",Fragile and Conflict-affected Situation,Institutional and Social Fragility,"",Oceania,Micronesia,"",Oceania,Oceania (exc. Australia and New Zealand),"",Small island developing States,South-Eastern Asia and Oceania (exc. Australia and New Zealand),"",Oceania (exc. Australia and New Zealand),Oceania,Micronesia,Oceania,"",Small island developing States (SIDS),"","","",Non conflict,East Asia and Pacific,"","","","","",East Asia and Pacific,"",Upper middle income,Low and middle income,Asia-Pacific Group,"","",East Asia and the Pacific,Non-humanitarian,Non-high burden,Fragile,"","","","","",EAPR Program Countries,EAPR Program Countries (excluding China),Pacific Program Countries,Pacific Program Countries (excluding PNG),EAPR Countries,EAPR Countries (excluding China),Pacific Countries,Pacific Countries (excluding PNG),"","","","","","","","",ESCAP_Pacific island developing economies (PIDE),"","","",ESCAP_PACIFIC (PAC),ESCAP_All countries,"","","","","","","","","","","","","",ESCAP_Countries with Special Needs,ESCAP_Small Islands Developing States,ESCAP_WB Upper Middle Income Economies,"","","","",429,469,511.5,551,580.5,596.5,596,577,562,577,613,660,712.5,764,815.5,866,918.5,979.5,1044.5,1114.5,1190,1262,1326,1382,1408.5,1405,1393,1377,1368.5,1378.5,1429,1529,1643,1745,1830.5,1898,1952,2007.5,2081,2187,2311,2422,2518.5,2605.5,2685.5,2770.5,2869,2972,3065,3144.5,3203.5,3239,3249.5,3229.5,3184,3106.5,2988,2835.5,2683,2555.5,2462.5,2424.5,2448.5,2498,2533.5,2548.5,2541.5,2516,2489.5,2471,2464,2464.5,2469,2470,2474.5,2480.5,2454.5,2388,2299,2199,2087.5,1987.5,1915,1861,1822.5,1795.5,1760,1702,1619.5,1506.5,1373,1248.5,1152.5,1089,1057,1047,1049.5,1061.5,1079.5,1102,1126.5,1152,1177.5,1200.5,1218.5,1231.5,1238.5,1238.5,1232,1218.5,1199,1173.5,1144,1112.5,1080,1048,1016,984.5,956,930.5,907,888.5,873.5,862,854.5,849.5,847.5,847.5,849.5,853,856,859.5,863.5,866.5,867.5,866.5,865,862,855.5,846.5,836.5,824.5,811.5,799,786,772,760,747.5,734.5,724,387,386,390.5,400.5,416.5,437.5,456.5,471.5,482,490,504,519,531,550,578.5,613,654,708.5,776,841,892.5,944.5,1012,1085,1149.5,1198,1229.5,1245,1245.5,1229,1217.5,1242,1292.5,1352,1419,1489,1556.5,1610,1649,1694,1751,1812,1878.5,1949,2025,2097,2150,2194,2242.5,2306,2396,2496,2583.5,2647,2681,2690,2683,2663,2628,2590.5,2549,2471,2338.5,2184,2039,1920.5,1850,1827,1827,1826.5,1818,1786.5,1745.5,1718,1718.5,1759.5,1824.5,1900,1970.5,2024.5,2058.5,2061,2022.5,1959,1883.5,1796,1718,1663.5,1624.5,1600.5,1586.5,1564,1519,1448,1345.5,1222.5,1108.5,1022,967,941.5,938.5,947.5,963.5,986.5,1013,1039.5,1067.5,1096,1123,1145.5,1161.5,1171,1173,1168,1157,1139.5,1118,1092.5,1063,1032.5,1001,969,939,912,887.5,866.5,849.5,836,826.5,820,816.5,816,817,820,824.5,829.5,834,837.5,841,843.5,844,843,840,834.5,826.5,817,806,794,781,767.5
Palau,Palau,81,PLW,585,PAL,Oceania,Oceania,"","","",SIDS,East Asia and Pacific,Programme countries,"","",Western Pacific,East Asia and Pacific,"",High income,High income,"",Oceania,"",Excluding least developed countries,Excluding China,"","","","","","","","","","","","","",Non-fragile,"","",Non-fragile,"",non-FCS,"","",Oceania,Micronesia,"",Oceania,Oceania (exc. Australia and New Zealand),"",Small island developing States,South-Eastern Asia and Oceania (exc. Australia and New Zealand),"",Oceania (exc. Australia and New Zealand),Oceania,Micronesia,Oceania,"",Small island developing States (SIDS),"","","",Non conflict,East Asia and Pacific,"","","","","",East Asia and Pacific,"",Upper middle income,Low and middle income,Asia-Pacific Group,"","",East Asia and the Pacific,Non-humanitarian,Non-high burden,"","","","","","",EAPR Program Countries,EAPR Program Countries (excluding China),Pacific Program Countries,Pacific Program Countries (excluding PNG),EAPR Countries,EAPR Countries (excluding China),Pacific Countries,Pacific Countries (excluding PNG),"","","","","","","","",ESCAP_Pacific island developing economies (PIDE),"","","",ESCAP_PACIFIC (PAC),ESCAP_All countries,"","","","","","","","","","","","","",ESCAP_Countries with Special Needs,ESCAP_Small Islands Developing States,ESCAP_WB Upper Middle Income Economies,"","","","",311.5,330.5,354,381,407.5,431.5,451.5,462.5,459,441,420,412.5,427.5,460.5,513,579.5,644.5,686,699.5,697.5,706,740.5,783,814.5,820,814.5,812.5,819,834,850.5,865.5,874.5,875,869,861.5,854.5,845.5,833.5,822.5,812,802.5,789.5,767,739.5,714,700.5,705,717.5,728,735.5,742.5,742.5,729,714,711.5,727.5,752.5,772.5,784,789,785.5,775,762,729,677.5,631.5,593.5,563,545.5,541,553,571.5,584,592.5,596,600.5,608,613.5,618,624,623.5,613,597.5,576,548.5,527,512.5,500,493,489,481.5,472,464.5,457.5,452.5,450.5,449,448.5,449.5,450.5,451,452,453,452.5,451,450,449,446,443,440,435.5,431,426.5,420.5,413.5,407.5,402.5,397.5,390.5,383.5,379,374.5,370.5,367,363.5,361,359,356.5,355,354.5,353,351,350,349.5,348,346,344.5,343,340.5,338.5,336.5,334,331.5,328,325,322.5,319,315.5,312.5,310,230.5,234.5,241.5,254.5,269.5,289,312.5,341,365,374.5,374,366.5,349.5,329.5,313,302.5,310.5,350.5,404.5,451,494,534,571.5,609.5,630,627.5,623,618,608,606,624,660,707,752.5,790,817.5,829,820.5,794,763,756.5,777.5,796,796.5,777,756.5,766.5,788,788.5,767,746,748.5,758.5,757,737,708,686,669.5,656,645.5,636,626.5,617.5,640,680,695,693,673,629.5,567.5,513,484,476.5,489,513,537.5,555.5,567.5,576.5,580,583,590.5,598,604,609.5,609.5,600.5,585.5,563.5,536.5,516,502,490,482.5,478,471.5,462,453.5,448,444,441.5,440,439,439.5,440,440.5,441,441,441.5,441.5,440.5,439.5,437,434,431,426.5,422,417,411.5,406,400,393.5,387.5,382.5,376.5,371,366.5,362.5,359,356,353.5,351,350,350,347.5,345,345,345,344.5,342,340,338.5,336.5,335,333,331,329,326.5,323.5,320.5
Pakistan,Pakistan,73,PAK,586,PAK,Southern Asia,Southern Asia excluding India,"","","","",South Asia,Programme countries,MENAEMRO,"",Eastern Mediterranean,South Asia,South Asia (excluding high-income),Middle income,Lower middle income,Low and middle income,Asia,"",Excluding least developed countries,Excluding China,OIC,Asia/other,OIC Lower middle income,OIC Middle income,Countdown,"","","",Non-fragile,Non-fragile,Non-fragile,Non-fragile,Non-fragile,Fragile,Other Fragile,Non-fragile,Fragile,Other fragile,non-FCS,"",USAID,Asia,Southern Asia,"",Central and Southern Asia,Southern Asia,"","","","",Central and Southern Asia,Asia,Southern Asia,Southern Asia,"","",HAC,HAC,Global Strategy,Conflict,South Asia,"",South Asia,"",Lower middle income,Low and middle income,South Asia,"",Lower middle income,Low and middle income,Asia-Pacific Group,"",GAVI,South Asia,Non-humanitarian,High burden,"",South Asia,South Asia,LiST,LiSTSBR,LiSTSBR,"","","","","","","","","","","","","","","","",ESCAP_SAARC (SAARC),ESCAP_ECO (ECO),"","",ESCAP_South and South-West Asia (SSWA),ESCAP_All countries,"","","","","","","","","","","","","","","",ESCAP_WB Lower Middle Income Economies,"","","","",2035222.5,2078813.5,2123665.5,2170273,2219127,2270719,2325301,2382753,2442650.5,2504110,2563974.5,2616978.5,2657311.5,2671530,2651682,2623361.5,2613580.5,2631059.5,2691027,2801762.5,2939254,3076777.5,3216905.5,3363210,3512075.5,3664058.5,3818992.5,3974457.5,4128199.5,4287460.5,4465312,4634438,4773346,4893985,4995456,5105911,5242331.5,5391912,5551458,5719427,5908312.5,6106011.5,6278055,6465519.5,6687562,6935041.5,7227098,7549198.5,7885018,8227302,8578802,8911684.5,9195927,9481647.5,9799403.5,10119268,10428611,10742241,11025205.5,11260815,11463984,11622520,11736656,11824788,11932408.5,12068569,12207889.5,12357090.5,12523026.5,12650129,12754294,12896582,13068605.5,13278663.5,13595452,14000905.5,14384798.5,14693983.5,14910285,15033649,15080049,15068907.5,15050676,15057219,15086193.5,15143653.5,15245569.5,15371642.5,15491220,15600010,15698447,15791363,15879439,15976854,16100827.5,16249062,16410320,16581589.5,16758314,16932401,17099490.5,17257606.5,17404798.5,17537606.5,17652463,17750072,17830285.5,17890513.5,17932754.5,17963316.5,17985900,18002167.5,18012211,18017155.5,18016717,18010642,18003706.5,18001800,18007489,18021829.5,18043267,18068166,18093126,18112187.5,18125451,18135255.5,18141296,18146472.5,18152864.5,18159099.5,18163802.5,18162603.5,18152005,18132205,18100657.5,18060387.5,18016911,17969741,17917734.5,17860697.5,17801983.5,17744299.5,17685219.5,17625073.5,17567783.5,17511543.5,17453687.5,17394420.5,17333204.5,17272270,1792670.5,1831663,1871995,1913490,1955895.5,1999069.5,2043157.5,2088535,2135666,2185064.5,2234841,2282245,2329966,2381133,2435113.5,2490260,2542984,2585600,2602606,2585996,2560840.5,2547317.5,2560035,2620860,2732850,2873552,3021372.5,3174956.5,3333008,3508945,3729845,3952084.5,4130377,4274491,4377148.5,4477893,4602738,4729585.5,4851783.5,4966798.5,5100834.5,5241967.5,5330156,5428799,5572651.5,5738813.5,5932527.5,6136409.5,6351482.5,6577254,6846683.5,7154915.5,7435892.5,7725949,8064155,8399582.5,8710249,9045004.5,9382649.5,9696886.5,10001477.5,10258999.5,10444854.5,10561766,10644201,10704025.5,10748111.5,10822821.5,10952055,11129416.5,11372728.5,11634817,11818461.5,11916715,11986568,12065308.5,12191581.5,12400969.5,12697425.5,13076735,13507824.5,13913771.5,14240165,14468895,14602109,14655001,14648158,14632788.5,14641739,14673700,14731428,14832903,14960686,15082557,15194105.5,15297508,15395723.5,15486300,15583877.5,15707944,15857363.5,16019056.5,16190433,16367345,16540726,16706723.5,16865493.5,17013566.5,17146449,17260796.5,17357813,17437523,17497903,17539282,17567525.5,17588814.5,17605018.5,17616168.5,17623744.5,17627249.5,17622683.5,17614640.5,17611086,17615405.5,17629031,17652049.5,17679113.5,17703256,17717296,17723530,17728660.5,17732123,17736431,17744032,17750392.5,17754150,17753541.5,17743121.5,17724901,17696666,17659181.5,17620102.5,17578794.5,17532010.5,17480685,17427204,17370622,17309130.5,17245455.5,17185776.5
Panama,Panama,127,PAN,591,PAN,Latin America and the Caribbean,Latin America and the Caribbean,"","",Latin America,"",Latin America and Caribbean,Programme countries,"","",Americas,Latin America and the Caribbean,"",High income,High income,"",Latin America and the Caribbean,"",Excluding least developed countries,Excluding China,"","","","",Countdown,"","","",Non-fragile,Non-fragile,Non-fragile,Non-fragile,"",Non-fragile,"","",Non-fragile,"",non-FCS,"","",Americas,Latin America and the Caribbean,Central America,Latin America and the Caribbean,"","","","","",Latin America and the Caribbean,Latin America and the Caribbean,Central America,Latin America and the Caribbean,"","","","","",Non conflict,Latin America and Caribbean,"","","","","","","","","",Latin American and Caribbean Group (GRULAC),"","",Latin America and Caribbean,Non-humanitarian,Non-high burden,"",Latin America and the Caribbean,Latin America and Caribbean,LiST,"",LiSTSBR,"","","","","","","","","","","",ECLAC_All countries,"","","",ECLAC_Latin America,"","","","","",ESCAP_Latin America (LAC),"","","","","","","","","","","","","","","","","","","","",44021.5,45151,46386,47709.5,49093,50517,51979,53480,55034,56669,58398,60214.5,62099.5,64010.5,66090.5,68381,70769.5,73289,75990.5,78685.5,81285.5,83925.5,86600,89293,92100,95127.5,98392,101871.5,105516.5,109178,112670.5,115936,118932.5,121619,124063.5,126403,128647.5,130728.5,132574,134119,135348.5,136272,136968,137606,138389.5,139475.5,140970.5,142942,145401.5,148106,150718,153081.5,155080,156644.5,157950.5,159238.5,160418.5,161492,162617,163758.5,164910.5,166279.5,167920.5,169679,171514.5,173387,175224.5,176973.5,178614.5,180308,181809.5,182971.5,184255,185742.5,187090,188454,190297.5,192394,194350,196165.5,197846.5,199101.5,199795,199889,198795,196172.5,192645.5,189037,185826,183683.5,182934.5,182924,183003,183010,182873,182613.5,182384,182236,182139.5,182073.5,182065,182076,182043.5,181949,181764,181435.5,180944.5,180282,179490,178634,177749,176870.5,175999.5,175129.5,174274,173422,172521,171571.5,170605.5,169633,168681.5,167794,166998.5,166274,165597.5,164953,164338,163748,163195.5,162666.5,162125.5,161610,161137,160651.5,160146.5,159635,159070,158447,157790.5,157078.5,156327.5,155531,154674.5,153784,152903.5,152046,151211.5,150388,149562,148732.5,37769.5,38485,39281.5,40165.5,41140.5,42207,43371,44639,45994.5,47406,48854,50336,51852,53419,55060.5,56784,58583.5,60445.5,62332.5,64390.5,66666,69044,71554.5,74244.5,76926,79513.5,82132,84772.5,87426,90195,93189,96428.5,99891,103525,107180,110675.5,113951,116964,119680.5,122104,124444,126781.5,128984.5,130980,132718,134134,135205,136047,136834,137769,138997,140619.5,142709,145272,148071,150772.5,153207,155259.5,156869.5,158209.5,159524,160731,161846,163045,164337.5,165782.5,167582.5,169721,171971.5,174189.5,176049.5,177531,178979,180396.5,181803.5,183117,184217.5,185321,186559.5,187743.5,189004,190751.5,192758.5,194624.5,196351.5,197953.5,199141.5,199780.5,199835.5,198718.5,196086,192568.5,188985,185808.5,183704,182986.5,183002,183108.5,183141,183022,182781,182576,182448,182367.5,182321.5,182333.5,182359,182342,182269.5,182103.5,181792.5,181321.5,180674.5,179889,179041.5,178170,177303.5,176440.5,175584.5,174747.5,173908.5,173022,172089,171134.5,170171.5,169229,168347.5,167558.5,166843.5,166176,165537.5,164928.5,164346.5,163799.5,163274.5,162740,162231,161763,161284.5,160784.5,160277.5,159720.5,159104.5,158451,157740,156986,156184,155328,154438,153558.5
Papua New Guinea,Papua New Guinea,82,PNG,598,PAP,Oceania,Oceania,"","","",SIDS,East Asia and Pacific,Programme countries,"","",Western Pacific,East Asia and Pacific,East Asia and Pacific (excluding high-income),Middle income,Lower middle income,Low and middle income,Oceania,"",Excluding least developed countries,Excluding China,"","","","",Countdown,"","","",Non-fragile,Non-fragile,Non-fragile,Fragile,Fragile,Fragile,Other Fragile,Fragile,Fragile,Other fragile,Fragile and Conflict-affected Situation,Institutional and Social Fragility,"",Oceania,Melanesia,"",Oceania,Oceania (exc. Australia and New Zealand),"",Small island developing States,South-Eastern Asia and Oceania (exc. Australia and New Zealand),"",Oceania (exc. Australia and New Zealand),Oceania,Melanesia,Oceania,"",Small island developing States (SIDS),"","",Global Strategy,Non conflict,East Asia and Pacific,"",East Asia and Pacific,"",Lower middle income,Low and middle income,East Asia and Pacific,"",Lower middle income,Low and middle income,Asia-Pacific Group,"",GAVI,East Asia and the Pacific,Non-humanitarian,High burden,Fragile,East Asia and Pacific,East Asia and Pacific,LiST,LiSTSBR,LiSTSBR,EAPR Program Countries,EAPR Program Countries (excluding China),Pacific Program Countries,"",EAPR Countries,EAPR Countries (excluding China),Pacific Countries,"","","","","","","","","",ESCAP_Pacific island developing economies (PIDE),"","","",ESCAP_PACIFIC (PAC),ESCAP_All countries,"","","","","","","","","","","","","",ESCAP_Countries with Special Needs,ESCAP_Small Islands Developing States,ESCAP_WB Lower Middle Income Economies,"","","","",98006.5,97787.5,97413,97057.5,96696,96448,96446,96808,97637.5,99007,100951.5,103298.5,105726.5,108298,110428,112044.5,113844.5,115973,118397.5,121586,125697,130355.5,135669.5,141656,148264,155222.5,162286,169271,175844,181903,187335.5,191529.5,194538,197014.5,199225,201413,203843.5,206875,210624,215023,220586,227700.5,235704.5,243830.5,251977.5,260192,268371,276528.5,285003.5,293947.5,303295,314114,326612,339884,353727.5,367265.5,379903.5,391985.5,403554.5,414413.5,425044,435574.5,445633.5,455228,464719.5,474304,483935.5,493758.5,503693,513283,522052.5,530058.5,536941.5,542923,549005.5,555565,562524,569484,576230,582816,588796.5,593915,598608,603167.5,607698,612295,616884.5,621175.5,624399,626661,628384.5,629543.5,630568.5,632060.5,633724,635176.5,636693.5,638328,640200,642308,644580.5,646952,649270.5,651400,653525.5,655685.5,657814,659851,661792.5,663715,665623,667348,668878,670178,671104.5,671677,671991.5,672172,672155,671886,671422.5,670808.5,670057,669196,668289.5,667284.5,666132,664916.5,663716.5,662583,661641,660790.5,659831,658855.5,657831.5,656713.5,655534,654294.5,652916.5,651353.5,649758,648201,646690,645318,644030.5,642648.5,641101.5,639371.5,637468.5,635474,91651.5,92167.5,92572.5,92981,93269.5,93416,93403.5,93252,93022.5,92799.5,92692.5,92880,93471,94517,96082,98139,100531.5,103008.5,105613.5,107778.5,109453.5,111294.5,113398,115761.5,118874,122866.5,127383.5,132603.5,138544.5,145095,151988.5,158446.5,164226,169504.5,174268.5,178529.5,182172.5,185154,187601.5,189882,192620,196751.5,202597,209617,217298.5,225445,233918.5,242418,250740.5,258987.5,267219,275465.5,283919,293031.5,303035.5,313913,325737,338471.5,351999.5,366085.5,379840,392368.5,403876.5,414574,424259,433395.5,442601,451708.5,460424,469094.5,477598.5,485885.5,494067.5,502029,509804.5,517501.5,524953,531712.5,537996.5,544194,550754,557690.5,564601.5,571307,577901,583909.5,589101,593939,598642.5,603268,607910,612490,616734.5,619982,622371.5,624313,625682,626867.5,628506,630324.5,631851.5,633418.5,635203.5,637181.5,639405.5,641814.5,644240,646614.5,648851.5,651106.5,653495,655833,657920.5,659895.5,661943,664061,666045.5,667876.5,669422.5,670444,670992.5,671318,671536.5,671496,671209,670790,670187,669454.5,668764.5,668044,667327.5,666478,665341.5,664227,663192.5,662263,661478,660611,659611.5,658546,657563.5,656558.5,655387.5,654025.5,652461.5,650768,649046.5,647414,645894.5,644473.5
Paraguay,Paraguay,128,PRY,600,PAR,Latin America and the Caribbean,Latin America and the Caribbean,"","",Latin America,LLDC,Latin America and Caribbean,Programme countries,"","",Americas,Latin America and the Caribbean,Latin America and the Caribbean (excluding high-income),Middle income,Upper middle income,Low and middle income,Latin America and the Caribbean,"",Excluding least developed countries,Excluding China,"","","","",Countdown,"","","",Non-fragile,Non-fragile,Non-fragile,Non-fragile,Non-fragile,Non-fragile,"",Non-fragile,Non-fragile,"",non-FCS,"","",Americas,Latin America and the Caribbean,South America,Latin America and the Caribbean,"","",Landlocked developing countries,"","",Latin America and the Caribbean,Latin America and the Caribbean,South America,Latin America and the Caribbean,"",Landlocked developing countries (LLDCs),"","","",Non conflict,Latin America and Caribbean,"",Latin America and Caribbean,"",Upper middle income,Low and middle income,Latin America and Caribbean,"",Upper middle income,Low and middle income,Latin American and Caribbean Group (GRULAC),"","",Latin America and Caribbean,Non-humanitarian,Non-high burden,"",Latin America and the Caribbean,Latin America and Caribbean,LiST,"",LiSTSBR,"","","","","","","","","","","",ECLAC_All countries,"","","",ECLAC_Latin America,"","","","","",ESCAP_Latin America (LAC),"","","","","","","","","","","","","","","","","","","","",69956,71135,73432,76508.5,79776,82841,85773.5,88699.5,91625,94642,97761.5,100807,103832.5,106695,109416.5,111936,114251,116679.5,119041.5,121465.5,124598,128624,133389.5,138406.5,143423,148485,153490,158652.5,163911,169206,174485.5,179247.5,183395,186958.5,189802,192255.5,194605.5,197012.5,199641.5,202625.5,205951.5,209720.5,214284.5,219721,226122,233843,243059,253251,263813.5,274323,284111,292564,299674,305551.5,310161.5,313647.5,316120.5,317802,318552,318705,319267,320105,320583.5,320708,320233.5,318582.5,315566,311339.5,306445,301839,298620,296920,296440.5,297419,299574,302116,305105.5,309051.5,313398,317983.5,323449.5,329298.5,334360,338380.5,341028.5,341990,341769,340845,339428.5,337800,336110.5,334234.5,332258,330299.5,328274.5,326211.5,324252.5,322441,320820,319409.5,318192.5,317195,316348,315551.5,314824,314186.5,313687.5,313368.5,313179,313006.5,312781.5,312482.5,312061.5,311491.5,310775.5,309917.5,308936,307809.5,306518.5,305092,303527,301769,299831,297767,295618.5,293420.5,291230.5,289158,287249.5,285442.5,283709,282033,280349,278659,277010,275459.5,274002,272625,271332,270070,268769,267414,266092,264815.5,263504,262123,260680.5,259168.5,257622,256050.5,64282,64125,63271,62108,61283,61347.5,62530,64784,67775,70938,73908.5,76760,79643.5,82125,84243,86444.5,88594,90740,93241,96130,98831,101484.5,104612.5,108002.5,111587,115786,120477,125269.5,130187,135177.5,140233.5,145528.5,151332.5,157538.5,163823.5,169982.5,175560.5,180094,183614.5,186410,188769.5,190950,193121.5,195485,198204,201271,204784,209100,214285.5,220349,227464.5,235358,243327,251569,260050.5,267887,274624,280268.5,285248.5,289683.5,293848,297967,301803.5,304840,307052,308910,310243.5,310883.5,311064.5,310650.5,309398.5,307144,303445.5,298836.5,294727.5,291882.5,290304.5,290044.5,291274,293578.5,296172.5,299204.5,303195,307578.5,312177.5,317660,323543,328645.5,332726,335453.5,336477.5,336305.5,335445.5,334086.5,332513,330907.5,329144.5,327261.5,325371.5,323415.5,321405,319494,317753,316217,314894.5,313774.5,312874,312125.5,311445.5,310799,310186.5,309710,309428,309265.5,309108.5,308898.5,308611.5,308184.5,307605,306930,306147,305225.5,304163.5,302952,301577.5,300055.5,298341.5,296440,294416.5,292316,290168.5,288024.5,286001,284145,282400,280713.5,279059,277414,275777.5,274143.5,272599,271175.5,269824,268549.5,267324.5,266077,264765,263469.5,262218,260914.5
Peru,Peru,129,PER,604,PER,Latin America and the Caribbean,Latin America and the Caribbean,"","",Latin America,"",Latin America and Caribbean,Programme countries,"","",Americas,Latin America and the Caribbean,Latin America and the Caribbean (excluding high-income),Middle income,Upper middle income,Low and middle income,Latin America and the Caribbean,"",Excluding least developed countries,Excluding China,"","","","","","","","",Non-fragile,Non-fragile,Non-fragile,Non-fragile,Non-fragile,Non-fragile,"",Non-fragile,Non-fragile,"",non-FCS,"","",Americas,Latin America and the Caribbean,South America,Latin America and the Caribbean,"","","","","",Latin America and the Caribbean,Latin America and the Caribbean,South America,Latin America and the Caribbean,"","","","","",Non conflict,Latin America and Caribbean,"",Latin America and Caribbean,"",Upper middle income,Low and middle income,Latin America and Caribbean,"",Upper middle income,Low and middle income,Latin American and Caribbean Group (GRULAC),"","",Latin America and Caribbean,Non-humanitarian,Non-high burden,"",Latin America and the Caribbean,Latin America and Caribbean,LiST,"",LiSTSBR,"","","","","","","","","","","",ECLAC_All countries,"","","",ECLAC_Latin America,"","","","","",ESCAP_Latin America (LAC),"","","","","","","","","","","","","","","","","","","","",392799.5,402805.5,412401,421405.5,429758.5,437745,445519.5,453284.5,461860,472359,485790,502365,521940,543804.5,567191,590783.5,613479.5,635419.5,656882.5,677992,698228,719036,741057,762098.5,782373,803435,825517.5,849072.5,874041,899941.5,927139.5,955485.5,984938,1015602,1046400.5,1076710,1107020.5,1137103.5,1166462,1195168,1223072.5,1247943,1269990,1290920,1310190,1327705.5,1344379,1361728,1380599.5,1399494.5,1416654,1431568,1443204,1451078.5,1455248,1454948.5,1450102,1441424,1423245.5,1397376.5,1372810,1351171.5,1333234,1319856.5,1313270.5,1316553,1331139,1349167.5,1371839,1395700,1412951,1431184,1449728,1463356,1468518.5,1465750,1459556.5,1450046.5,1437725.5,1425133.5,1412985.5,1400130,1388138,1379380,1373441.5,1370172.5,1367840.5,1365519.5,1362597,1358786,1354074.5,1348797,1343235,1337527,1330982.5,1323666,1316246.5,1308639.5,1300879.5,1293144,1285601.5,1278269,1270851,1263205.5,1255575,1247946.5,1240252.5,1232615,1224970,1217244.5,1209447.5,1201408.5,1192973.5,1184259,1175474.5,1166866.5,1158751,1151360,1144629.5,1138109,1131564,1124946.5,1118256.5,1111348.5,1104265,1097318.5,1090443,1083533.5,1076790.5,1070141.5,1063254.5,1056356.5,1049515,1042506.5,1035395,1028302,1021195,1014100.5,1007122.5,1000245.5,993509,986878.5,980407.5,974150.5,968159,962284.5,956375,950391.5,944270.5,938071.5,328948.5,339001.5,349985,361283.5,372051.5,382020,391476.5,400590,409291,417518.5,425460.5,433268.5,441101.5,449852.5,460637,474373,491224.5,510802.5,532430.5,555574,577999.5,599247,620374.5,640418,658974.5,676845.5,694948.5,713770.5,733985.5,755631,778933.5,803711,829528.5,856092.5,883000.5,910169.5,936894,963789.5,992076.5,1020771,1049562,1078000,1106405.5,1134777,1162984.5,1190834,1216508,1240127.5,1262456.5,1281998.5,1296797.5,1307108,1314400,1320253,1325507.5,1330222,1334353,1337574,1336649,1330973,1323830.5,1316664.5,1309618,1302446.5,1296901,1295423,1301446.5,1313069,1336105,1358169,1368603,1377264.5,1384102.5,1392056.5,1403082.5,1416004,1430719.5,1446569,1458149,1461881,1458197,1451422.5,1441616.5,1429258,1416809,1404856,1392215.5,1380456.5,1371885.5,1366088.5,1362965,1360794.5,1358638,1355876,1352239,1347697.5,1342570.5,1337161.5,1331594,1325174.5,1317994,1310699,1303189.5,1295559.5,1287970,1280561.5,1273353,1266049.5,1258500,1250950,1243400,1235792,1228241.5,1220670.5,1213004.5,1205281.5,1197344,1189024.5,1180432,1171758.5,1163236,1155189,1147866,1141205.5,1134747.5,1128262,1121714.5,1115096,1108256.5,1101246.5,1094353,1087504,1080636,1073967,1067382,1060546.5,1053727,1046944.5,1039957,1032892.5,1025858,1018783.5,1011724.5,1004764.5,997925,991253,984662.5,978213,972009,966055.5
Philippines,Philippines,100,PHL,608,PHI,South-eastern Asia,South-eastern Asia,"","","","",East Asia and Pacific,Programme countries,"","",Western Pacific,East Asia and Pacific,East Asia and Pacific (excluding high-income),Middle income,Lower middle income,Low and middle income,Asia,"",Excluding least developed countries,Excluding China,"","","","",Countdown,"","","",Non-fragile,Non-fragile,Non-fragile,Non-fragile,Non-fragile,Non-fragile,"",Non-fragile,Non-fragile,"",non-FCS,"","",Asia,South-Eastern Asia,"",Eastern and South-Eastern Asia,South-Eastern Asia,"","",South-Eastern Asia and Oceania (exc. Australia and New Zealand),"",Eastern and South-Eastern Asia,Asia,South-Eastern Asia,South-Eastern Asia,"","","","","",Conflict,East Asia and Pacific,"",East Asia and Pacific,"",Lower middle income,Low and middle income,East Asia and Pacific,"",Lower middle income,Low and middle income,Asia-Pacific Group,"","",East Asia and the Pacific,Non-humanitarian,High burden,"",East Asia and Pacific,East Asia and Pacific,LiST,LiSTSBR,LiSTSBR,EAPR Program Countries,EAPR Program Countries (excluding China),"","",EAPR Countries,EAPR Countries (excluding China),"","",ASEAN Countries,"","","","","","","",ESCAP_ASEAN (ASEAN),"","","",ESCAP_South-East Asia (SEA),ESCAP_All countries,"","","","","","","","","","","","","","","",ESCAP_WB Lower Middle Income Economies,"","","","",969318,1011752,1055038,1097336,1138564.5,1181169,1223877.5,1264617,1303929,1345608,1388105.5,1433040,1491253.5,1570218,1673871.5,1780859,1879062,1974540,2060382.5,2130450,2195937,2272219,2353219,2438390,2527272,2623476.5,2727976.5,2829580,2922796,3004440.5,3071280.5,3127246,3180311,3227226.5,3266824,3301831,3332114.5,3364834,3399262.5,3430324.5,3467574.5,3506756,3564011.5,3648765,3739560.5,3837002.5,3944241.5,4056625.5,4181374,4310828.5,4435457,4554881,4662582,4764308.5,4856720.5,4940844.5,5016528,5086407,5142455,5199046.5,5278651,5346905,5413803.5,5482886,5534833.5,5559750.5,5569341.5,5573715.5,5551882.5,5517321,5509499,5532004,5573110.5,5643615.5,5721561,5788495,5856752,5916835.5,5942648,5930041.5,5898020.5,5860302.5,5811498.5,5754047.5,5689808.5,5549317,5310554,5057525.5,4827380.5,4630470.5,4528438.5,4522094,4540254.5,4558263.5,4577256,4598176.5,4618693.5,4638432,4657788.5,4676970.5,4695095.5,4710382.5,4720517.5,4722766,4715523.5,4699137.5,4674842,4643955.5,4608633,4569240.5,4525065.5,4476052.5,4421944,4362123,4297568,4229407.5,4159189,4088865.5,4020109.5,3954822.5,3893903,3837828.5,3786743.5,3740598,3699697,3665226.5,3637272,3614988.5,3598300.5,3586624,3577894.5,3570492,3563507,3555874,3546466,3533983,3518183,3499371.5,3477069.5,3450670,3421424.5,3389375,3353745,3315812,3276607.5,3235845.5,3194010.5,3152487,3111665.5,3071033,777426,807620,843416.5,884410.5,928966.5,973294,1017081,1061418.5,1104209.5,1145184.5,1177474.5,1200943,1223323.5,1245130,1270701,1305035.5,1348465,1405118.5,1483058,1584945,1677571,1755004.5,1829522,1895657.5,1947243.5,2008336,2099907,2200912.5,2303239,2406607,2509595,2611697,2718545.5,2823742,2915788.5,2985993,3033257,3076517,3115709,3142534.5,3176241,3203604.5,3231951,3265969.5,3284115.5,3307357.5,3351463,3419074,3530633.5,3663155.5,3784227.5,3893423.5,3986869,4081474.5,4179781,4280890.5,4366677,4457135,4547644,4633260.5,4747558,4860076.5,4966251.5,5053471.5,5116700,5168827,5202791.5,5228043,5249715.5,5275572,5323716,5377562.5,5402274,5405539,5405832.5,5409212,5423932.5,5464126,5536770.5,5615812,5683921.5,5752976,5813606,5840097,5828223,5796818.5,5759827.5,5711840.5,5655083,5591328,5451578,5214111,4962479.5,4733650,4538048.5,4436900.5,4430800,4448942.5,4466802,4485815.5,4506806,4527365.5,4546987,4566172.5,4585410,4603610.5,4618811.5,4629255,4632489,4626054,4610192.5,4586460.5,4555917,4520742.5,4481635,4437705.5,4389217.5,4335854.5,4276666.5,4212796,4145377.5,4075906,4006204,3938072.5,3873397,3813147.5,3757856.5,3707322.5,3661690.5,3621689,3588021,3560722.5,3539291.5,3523436.5,3512307.5,3503928.5,3496842.5,3490235,3483139.5,3474307.5,3462452,3447245.5,3428976.5,3407305.5,3381753,3353312.5,3321873.5,3287008,3249882,3211147.5
Poland,Poland,165,POL,616,POL,"","","","","","",Non-programme countries,"","","",Europe,Europe and Central Asia,"",High income,High income,"",Europe,"","","","","","","","","","","","","","","","",Non-fragile,"","",Non-fragile,"",non-FCS,"","",Europe,Eastern Europe,"",Europe and Northern America,Europe,"","","Europe, Northern America, Australia and New Zealand","Australia and New Zealand, Central Asia, Europe and North America",Europe and Northern America,Europe,Eastern Europe,"","","","","","","",Europe and Central Asia,Western Europe,"","","","","","","","",Eastern European Group,"","",High Income Countries,Non-humanitarian,Non-high burden,"","","","","","","","","","","","","","","","","",ECE_All countries,ECE_European Union (E25),"","","","","","","","",ESCAP_Europe (Europe),"","","","","","","","","","","","","","","","","","","","",1205434,1202208.5,1201208.5,1198600.5,1185038.5,1159816,1127547.5,1086606,1045246.5,1012347.5,987193,1010533.5,1095651.5,1209221,1331235.5,1460108,1567030,1633872,1683127,1723293,1758347.5,1778365.5,1784869.5,1784301,1770635,1734719.5,1679963,1615864.5,1549416,1484524,1424655.5,1376545,1337794.5,1306324.5,1286071.5,1281999,1292492,1318509.5,1366157,1419035,1464578,1508581.5,1545313.5,1572503.5,1597295,1617196,1627847,1642404,1670054,1693504.5,1703887,1700591,1672567,1618984,1553467.5,1490573.5,1441190,1399960.5,1356638,1305191,1258042,1215058,1166320.5,1120157.5,1077850,1040028,1004617,970422.5,940471,918581,909068.5,915340.5,948652.5,993220.5,1026005.5,1049352.5,1066037.5,1073418,1066681,1050273,1030588,1012749,998800.5,989046,982876.5,973395.5,952884.5,919987.5,880546,838417.5,798077.5,767151.5,746181,728741,711072.5,695032.5,680142.5,667167.5,657069.5,649886.5,645475,643704,643921.5,645358,647762,650629.5,653363,655740.5,657583,658360.5,657758.5,655589,651688,645854,637970.5,628332.5,617179.5,604674,591127.5,576958,562562,548339,534567.5,521429,509108.5,497721.5,487363.5,478196.5,470372.5,463909.5,458735.5,454739,451707.5,449477,447916.5,446831,446001.5,445302.5,444612,443805.5,442812,441493.5,439699.5,437324,434176.5,430108.5,425195,419510.5,413128,406292,1160389.5,1170420.5,1176827,1180501,1182149,1180822,1178266.5,1157312,1135673,1132745,1125328,1103509.5,1068660.5,1031200.5,998695.5,975104.5,998477,1082236.5,1193525.5,1312696.5,1438119.5,1543385.5,1611451.5,1660340.5,1698459,1729373,1746392,1751666.5,1750531.5,1739671,1709362,1659838.5,1598542,1532612.5,1468561,1410389,1363357.5,1325542.5,1286187.5,1258857.5,1258081.5,1274243,1302922,1340087.5,1381843.5,1425324,1468945.5,1507251.5,1536277.5,1557638,1577718.5,1593925,1611669.5,1642901,1669430,1679203.5,1669273.5,1633053,1575995.5,1504325.5,1461009.5,1447316.5,1415588.5,1371520.5,1325337,1275993,1226054,1179303,1134799,1091549,1048562,1006587,981089.5,961677.5,929367,897729.5,892240,915853.5,951420.5,991441,1026869,1049940.5,1057510,1051032.5,1034926,1015541,997906.5,984123.5,974531,968465,959078,938760.5,906069.5,866765,824840,784723,753980.5,733197.5,715977.5,698497.5,682594.5,667805,654961.5,644981.5,637877,633559,631857,632164,633771.5,636350,639415,642388,644963,646933,647773.5,647232.5,645139.5,641326.5,635608,627902,618488,607548.5,595203.5,581758,567668,553355,539227,525521,512497,500328.5,489055,478807.5,469745,462014,455658.5,450626.5,446766.5,443865,441738,440261.5,439236.5,438458.5,437825,437193.5,436421.5,435486,434230.5,432508,430241,427227
Portugal,Portugal,188,PRT,620,POR,"","","","","","",Non-programme countries,"","","",Europe,Europe and Central Asia,"",High income,High income,"",Europe,"","","","","","","","","","","","","","","","",Non-fragile,"","",Non-fragile,"",non-FCS,"","",Europe,Southern Europe,"",Europe and Northern America,Europe,"","","Europe, Northern America, Australia and New Zealand","Australia and New Zealand, Central Asia, Europe and North America",Europe and Northern America,Europe,Southern Europe,"","","","","","","",Europe and Central Asia,Western Europe,"","","","","","","","",Western European and Others Group (WEOG),"","",High Income Countries,Non-humanitarian,Non-high burden,"","","","","","","","","","","","","","","","","",ECE_All countries,ECE_European Union (E25),ECE_Euro area (EMU),"","","","","","","",ESCAP_Europe (Europe),"","","","","","","","","","","","","","","","","","","","",402632,404778,398771.5,390229.5,383608.5,374985.5,363328.5,353136,349805.5,353105.5,361694,368973.5,370238,369345,367535.5,363044.5,358362.5,357566,357054,355986,356559,361759.5,369786.5,377231,385678.5,393650,402244.5,410059.5,416875,423714,430141,431996.5,428847.5,423622,418491,414952,413532.5,414625,417324.5,420887.5,425593,429562,428207,421296.5,411970.5,400733.5,388400,377081,368582.5,361858.5,355166,345199.5,331810.5,319370.5,308623.5,301149.5,298332,297326,296033,294073,291192,287315,283577,280910.5,280843.5,283973,285789,285180.5,283875,280597,275665,271760.5,268933.5,266187,264429.5,262825,261260,258845,252523,244896.5,238506.5,233090,230037,230201.5,232381,233421,231281,228734,228244.5,227929,227759.5,229380.5,231056,230785.5,229983.5,229462,229241.5,229298,229669,230234,230927,231769,232636.5,233421.5,234123,234648,234969.5,235076.5,234830.5,234308.5,233586.5,232636.5,231448,230119,228685.5,227207,225814.5,224559.5,223398,222385.5,221595.5,220957.5,220519,220238.5,220041.5,219981.5,220030,220137,220310,220541.5,220779,220983,221173.5,221350,221491,221644,221824.5,221977.5,222110,222186,222192,222131,221953,221670,221313,220796,220152,219498.5,218831,218103,380163.5,376336.5,374323.5,373853,369761,365887,363994.5,359136.5,352600.5,346719.5,339364,328675.5,317537,310896,307672,305578,304992,303677,300774.5,298942.5,297960,303362,317097,329478.5,337576,344191,349787.5,356142.5,363612,371617.5,379502,388408,394969,398535,401105.5,401203.5,398975.5,395995,392649,389796,389173,391404.5,395302,399504,404187.5,409511,413621.5,415180.5,413279.5,407634,401592,394755,384605,374364,364893.5,352893.5,339222.5,326367,314306.5,303890.5,296720.5,292926.5,289614.5,285605,281540,277928,275178.5,273593.5,273224,276072,281898,285681,287184.5,287398,287156.5,287515,288638,289598,289809,289365,287733,286249.5,283805.5,277463.5,269817,263344.5,257857.5,254797.5,254959.5,257059,257966,255784.5,253291.5,252769.5,252404,252218.5,253755.5,255327,255065,254227,253606,253365.5,253361.5,253565.5,254028.5,254643,255384,256244,256959,257541,258007,258300.5,258344,258015,257377.5,256559.5,255581.5,254369,252971.5,251462.5,249942.5,248477.5,247201,246000.5,244840,243915.5,243164,242628.5,242310,242086,241979,241957.5,241998,242166,242404,242634.5,242864,243000,243078.5,243187.5,243334,243523.5,243688,243809.5,243879,243777.5,243558.5,243337.5,243098.5,242770
Guinea-Bissau,Guinea-Bissau,32,GNB,624,BIS,Sub-Saharan Africa,Sub-Saharan Africa,West Africa,Least developed countries,"",SIDS,West and Central Africa,Programme countries,"","",Africa,Sub-Saharan Africa,Sub-Saharan Africa (excluding high-income),Low income,Low income,Low and middle income,Africa,Sub-Saharan Africa,Least developed countries,Excluding China,OIC,Africa,OIC Low income,"",Countdown,West Africa,Africa,Western Africa,Fragile,Fragile,Fragile,Fragile,Fragile,Fragile,Other Fragile,Fragile,Fragile,Other fragile,Fragile and Conflict-affected Situation,Institutional and Social Fragility,"",Africa,Western Africa,"",Sub-Saharan Africa,"",Least developed countries,Small island developing States,"","",Sub-Saharan Africa,Sub-Saharan Africa,Western Africa,Sub-Saharan Africa (inc. Sudan),Least Developed Countries (LDCs),Small island developing States (SIDS),"","",Global Strategy,Non conflict,Sub-Saharan Africa,West and Central Africa,Sub-Saharan Africa,West and Central Africa,Low income,Low and middle income,Sub-Saharan Africa,West and Central Africa,Low income,Low and middle income,African Group,Economic Community of West African States,GAVI,West and Central Africa,Non-humanitarian,Non-high burden,Fragile,West and Central Africa,West and Central Africa,LiST,"",LiSTSBR,"","","","","","","","","","",ECA_West Africa,ECA_All countries,"","","","","","","","","",ESCAP_Africa (AFR),ECA_African Union Commission,ECA_ECOWAS,"",ECA_CEN-SAD,"","","",ECA_Non-Oil Producing,ECA_Least developed countries,"",ECA_Non-Oil LDCs,"",ECA_Sub-Saharan Africa,"","","","","","","",24865.5,24708.5,24379,23980.5,23617.5,23326.5,23098.5,22965.5,22928,23024,23126.5,23249,23543.5,23825.5,23493.5,23041.5,23412,24568.5,26150.5,27423,28633,29707,30699,32048,33206.5,34040,34675,35273,36098.5,37110.5,37910,38536.5,39260,40134,41210,42501.5,43985,45581,47170,48649.5,49975,51710,53995,56153.5,58016,59683.5,61270,62908.5,64749,66700,68504.5,70115,71562,72927,74338,75724,77105,78697,80480,82360.5,84450,86730,89034.5,91355.5,93668,96005,98396.5,100849.5,103419,106084,108858.5,111816,114921,117981.5,120921.5,123809,126710,129584,132420.5,135093.5,137367,139098.5,140122.5,140608,140984.5,141507.5,142315,143506.5,144949.5,146415.5,147764.5,149005,150262.5,151556.5,152874,154234,155545.5,156776.5,157929.5,159007.5,159998.5,160865,161637.5,162305,162899,163484,164057.5,164618.5,165187.5,165746,166218,166605,166934.5,167195.5,167414,167603.5,167745,167857.5,167961,168018.5,168009,167958,167914.5,167889.5,167842.5,167807.5,167770,167669,167528,167363.5,167167,166916,166642.5,166340,166030,165735,165392,164977.5,164539.5,164117.5,163709,163328.5,162980,162610,162187.5,161664.5,161061.5,160467,159873,159291.5,23722.5,23700.5,23710,23705.5,23635,23479.5,23237.5,22892.5,22488,22124.5,21835,21414,20924,20424,19170,17510.5,16642.5,17035.5,18243.5,18823.5,19452,20243,20989.5,22343,24127,26007.5,27360,28287.5,28889,29648.5,30286,30522.5,30791.5,31107.5,31493.5,31955.5,32504,33182,34046.5,35141.5,36471,38406,41014,43836.5,46542.5,48891,50863,52533.5,53747,54712.5,55966.5,57537.5,59306,61355,63522.5,65471.5,67182.5,68746,70241.5,71792.5,73335,74876.5,76611,78520.5,80506.5,82667,84988,87313,89644.5,91965,94309.5,96707.5,99163,101734.5,104308.5,106901.5,109669,112587.5,115453.5,118206,120953,123773.5,126633,129508,132184.5,134371.5,136075.5,137109.5,137574,138000.5,138594,139375.5,140519.5,141958.5,143429,144870.5,146220,147591,149010,150407.5,151781.5,153041,154143,155066.5,156006.5,156929,157679.5,158383,159097,159736.5,160263,160824,161450.5,162024,162554.5,163059.5,163405.5,163602,163809.5,164002,164123.5,164248.5,164424.5,164601.5,164688.5,164755.5,164793.5,164742.5,164646.5,164527,164415.5,164207,163938,163708.5,163565.5,163466,163366.5,163225.5,162971,162660,162353,162020.5,161701.5,161428,161173,160840,160461.5,160100.5,159656,159185
Timor Leste,Timor-Leste,95,TLS,626,ETM,South-eastern Asia,South-eastern Asia,"",Least developed countries,"",SIDS,East Asia and Pacific,Programme countries,"","",South-East Asia,East Asia and Pacific,East Asia and Pacific (excluding high-income),Middle income,Lower middle income,Low and middle income,Asia,"",Least developed countries,Excluding China,"","","","",Countdown,"","","",Fragile,Fragile,Fragile,Non-fragile,Fragile,Fragile,Other Fragile,Fragile,Fragile,Other fragile,Fragile and Conflict-affected Situation,Institutional and Social Fragility,"",Asia,South-Eastern Asia,"",Eastern and South-Eastern Asia,South-Eastern Asia,Least developed countries,Small island developing States,South-Eastern Asia and Oceania (exc. Australia and New Zealand),"",Eastern and South-Eastern Asia,Asia,South-Eastern Asia,South-Eastern Asia,Least Developed Countries (LDCs),Small island developing States (SIDS),"","","",Non conflict,East Asia and Pacific,"",East Asia and Pacific,"",Lower middle income,Low and middle income,East Asia and Pacific,"",Lower middle income,Low and middle income,Asia-Pacific Group,"",GAVI,East Asia and the Pacific,Non-humanitarian,Non-high burden,Fragile,East Asia and Pacific,East Asia and Pacific,LiST,LiSTSBR,LiSTSBR,EAPR Program Countries,EAPR Program Countries (excluding China),"","",EAPR Countries,EAPR Countries (excluding China),"","","","","","","","","","",ESCAP_ASEAN (ASEAN),"",ESCAP_LDC (LDC_E),"",ESCAP_South-East Asia (SEA),ESCAP_All countries,"","","","","","","","","","","","","",ESCAP_Countries with Special Needs,ESCAP_Small Islands Developing States,ESCAP_WB Lower Middle Income Economies,"","","","",20367,20966,21839.5,22842,23767.5,24546,25208,25745,26223.5,26764,27416.5,28146.5,28908.5,29461,29919.5,29729.5,28753.5,27759,26972.5,26273.5,26184.5,26840.5,27531.5,28259.5,28961.5,29749.5,30672.5,31607.5,32511.5,33301.5,33941,34805,35911,36880,37665,38232,38562,38675.5,38636,38653,38868,39193.5,39617.5,40224,41090.5,42285,43847.5,45757.5,47936,43428.5,39754,43997,48210.5,50733.5,51595.5,52208,52935.5,54051.5,55719,57774.5,59746,61344,63054.5,65305,67961.5,70486,72471.5,74099,75653,77244,78782.5,79969.5,80529,80353,79587,78497,77411.5,76644.5,76437,76965.5,78144.5,79658.5,81230.5,82596,83410,83388.5,82323.5,80398.5,78189,76189,74738,74074,74177,74660.5,75170.5,75651,76097,76496.5,76827.5,76995.5,77080.5,77051,76917,76862,76717.5,76515.5,76400,76229.5,75953.5,75579.5,75055,74362,73587.5,72812.5,72010,71160.5,70351.5,69601,68895.5,68276.5,67708.5,67284.5,66959,66576,66222.5,65905.5,65616,65352.5,65062.5,64828.5,64600,64297.5,64010,63701,63326,62928,62555.5,62109,61573,61011.5,60426,59836.5,59240,58663,58069,57441.5,56820.5,56257.5,55739.5,55268.5,18739.5,18849,18826,18796.5,18932,19279,19859.5,20699,21661.5,22551.5,23302,23945,24472.5,24946.5,25481.5,26124.5,26842.5,27592.5,28142,28603,28441.5,27525.5,26595.5,25852,25082.5,24877,25477,26180,26989.5,27762.5,28349,29096,30155,31258.5,32354.5,33391.5,34313,35062.5,35594.5,36179,36850,37310,37621.5,37900,38172.5,38459.5,38791,39224,39826,34951,31085,34173.5,37525.5,39868,41258,42617,44000,45407.5,46844.5,48318,49839.5,51286,52565,53795,55142,56763,58622.5,60578.5,62563.5,64478,66283,68063,69987.5,72028.5,74149.5,76169,77697,78576.5,78762.5,78282.5,77383.5,76382,75517.5,75146.5,75590.5,76845,78432.5,80040,81464,82330,82260.5,81107.5,79260.5,77206.5,75171,73601.5,72902,72974.5,73492,74056.5,74657.5,75087.5,75351,75762.5,75885.5,75827,75961,76015,75942,75815.5,75555,75138.5,74727,74428,74116,73676,73179,72588.5,71877.5,71107,70189,69416.5,68775.5,67954,67207.5,66596,66088.5,65683.5,65267,65006,64791,64456.5,64195.5,63923,63574.5,63263,63084.5,62830.5,62470,62105,61718,61352,60984,60634.5,60191,59602.5,58955,58360.5,57810.5,57326.5
Qatar,Qatar,62,QAT,634,QTR,Western Asia,Western Asia,"","","","",Middle East and North Africa,Programme countries,MENAEMRO,"",Eastern Mediterranean,Middle East and North Africa,"",High income,High income,"",Asia,"",Excluding least developed countries,Excluding China,OIC,Arab,OIC High income: nonOECD,OIC High income,"","","","","","","","","",Non-fragile,"","",Non-fragile,"",non-FCS,"","",Asia,Western Asia,"",Northern Africa and Western Asia,Western Asia,"","","","",Northern Africa and Western Asia,Asia,Western Asia,"Western Asia (exc. Armenia, Azerbaijan, Cyprus, Israel and Georgia)","","","","","",Non conflict,Middle East and North Africa,"","","","","","","","","",Asia-Pacific Group,"","",Middle East and North Africa,Non-humanitarian,Non-high burden,"","","","","","","","","","","","","","","","","","","","","","","","","","","",ESCAP_Other Area (OTH_REGION),"","","","","","","","","","","","","","","","",ESCWA_Arab countries,ESCWA_Gulf Cooperation Council (GCC),"","",1174,1206,1242,1280,1318.5,1361.5,1409.5,1461.5,1526,1614.5,1742.5,1944,2197.5,2462.5,2725.5,2978.5,3241,3519,3795.5,4066,5236.5,7435,9835.5,12312,14715,16874,18633,19906,20663.5,20908.5,20691.5,20063.5,19076.5,17848,16543.5,15367.5,15567,17313.5,19207.5,20691,21605,21928.5,21742.5,21169.5,20341.5,19411,18555.5,19886,23300.5,26074,27515,27591,26557.5,24961.5,23861.5,25694,30824,35333,38393,38827.5,40351.5,46287,49095.5,52109.5,60092.5,63487,60495.5,55745,51378,49739,50584,51439.5,54176.5,59235,65269,70414,71260,69489.5,66748,64676,64102.5,64845.5,66536.5,68642.5,70399.5,71416,71742.5,71723.5,71788.5,72039,72610.5,73728.5,75125,76528.5,78203,80153.5,82154,84208,86340.5,88565.5,90848,93172,95525.5,97864,100160.5,102420,104610,106698.5,108692.5,110575.5,112349.5,114040.5,115660,117206,118698,120157,121598.5,123052,124555,126120.5,127755,129460.5,131222,133026,134890,136830,138827.5,140867.5,142968,145120,147269,149411.5,151569,153708.5,155802,157877.5,159941,161991,164062.5,166161.5,168252.5,170323,172357,174365.5,176369.5,178405.5,180516,182657.5,184780,186882,1003.5,1030.5,1058.5,1087.5,1118,1151.5,1191,1244,1318.5,1428.5,1612.5,1942.5,2390.5,2876.5,3381,3886.5,4411,4973,5565.5,6168,7043.5,8361.5,10018.5,12011,14316.5,16863,19538.5,22238,24815.5,27091.5,28872,29995,30409,30138,29240,27823.5,26508.5,25914.5,26043,26778.5,27983.5,29402,30624,31278.5,31197,30361,28873.5,29052.5,31749,35026.5,38161,40796.5,42565,43095.5,43128.5,47376.5,74276.5,123030.5,154734.5,157087,156555,163606.5,171923.5,181222,195242,212900,227563,231231.5,220436,195878,167188,154266,141646.5,117083,109410.5,120912,136737.5,154105,169475,179907.5,184639,185114.5,183097,180188,177991.5,177328.5,177995.5,179611.5,181643,183325.5,184270,184527.5,184440,184436,184618.5,185123,186174.5,187504,188840,190446,192327.5,194260.5,196246.5,198311.5,200467.5,202680,204933.5,207217,209488.5,211716,213905,216024.5,218041.5,219963,221772,223470.5,225086,226630.5,228100,229512.5,230889.5,232249,233620,235038,236516.5,238061.5,239676,241345.5,243055,244822,246663.5,248560.5,250498.5,252496,254543.5,256586.5,258621,260669,262697,264679,266642.5,268591.5,270526,272480.5,274461.5,276436.5,278390,280304.5,282193,284078
Romania,Romania,153,ROU,642,ROM,"","","","","","",Europe and Central Asia,Programme countries,"","",Europe,Europe and Central Asia,"",High income,High income,"",Europe,"","","","","","","","","","","",Non-fragile,Non-fragile,Non-fragile,Non-fragile,Non-fragile,Non-fragile,"",Non-fragile,Non-fragile,"",non-FCS,"","",Europe,Eastern Europe,"",Europe and Northern America,Europe,"","","Europe, Northern America, Australia and New Zealand","Australia and New Zealand, Central Asia, Europe and North America",Europe and Northern America,Europe,Eastern Europe,"","","","","","",Non conflict,Europe and Central Asia,Eastern Europe and Central Asia,"","","","","","","","",Eastern European Group,"","",Eastern Europe and Central Asia,Non-humanitarian,Non-high burden,"","","","","","","","","","","","","","","",EECA,"",ECE_All countries,ECE_European Union (E25),"","","","","","","","",ESCAP_Europe (Europe),"","","","","","","","","","","","","","","","","","","","",822637.5,819514.5,814340,805722,793697.5,778784.5,761321,739167.5,713250.5,688908,668331,654494,652440.5,665715.5,693281.5,730298,770910.5,811382.5,844250.5,861242,867634.5,871728,864173,841100.5,804290.5,752117.5,686833.5,647833.5,649808.5,661738.5,668643.5,669631.5,723065.5,829479,925241,1000732,1059930,1056031.5,994921,955810.5,949328.5,962589.5,980748,988458.5,981270,963728,943897.5,912273,866765.5,828425.5,807554,802061,810676.5,826478,834576,819001,782093.5,732741.5,680431.5,632836,595374.5,573031,560148.5,550423.5,543010,536637,531412,524251.5,517787,515649.5,518776.5,527098.5,541214.5,553133,558019,558179,552617,544872,534712.5,522418.5,513240.5,510973,513136,515102.5,514702,509661,499886.5,486883,473663.5,462312.5,453430.5,446462,440197.5,434336,428861,424040.5,419859.5,416344,413466.5,411143,409252,407646,406211.5,404911,403654.5,402305,400784,399018,397039.5,394798,392191.5,389210.5,385826,381967.5,377711,373091.5,368130.5,362941,357608.5,352148.5,346667,341325.5,336138.5,331211.5,326603,322304,318363.5,314814,311647.5,308826,306280.5,303931.5,301823,299942,298145,296408,294732.5,293033.5,291251.5,289381.5,287421,285315,283073,280679,278143,275437,272577.5,269626,266510.5,263266.5,783034.5,798081.5,809026.5,815172.5,816412,814077.5,809606,803515,794870,783083,768509,750189.5,727155,701611,677652,657394.5,643491,643192.5,661287,695614,743421,790517.5,827494,850884,850638.5,839363,836982,830726,814195,790950.5,756813.5,714668.5,682555.5,669452.5,668107,668136.5,664416,714595.5,818068,910108,982327,1036320,1027495,965509,926330.5,917096.5,920570,929718,937353.5,936589,927353.5,913659.5,884536.5,836079,790092,760207,742867,742294.5,759144.5,771384.5,761123.5,733093.5,693740,648835,605970,570561,547598,534602,525293.5,518402,512865,509092.5,509332,510832.5,511161,514425,520993.5,530118.5,538184.5,543076.5,543372.5,538004.5,530455.5,520464,508343.5,499284.5,497033,499222,501228.5,500934,496111,486541,473754.5,460793,449612.5,440864.5,434092.5,427949,422127.5,416734.5,412056.5,408027,404616,401888.5,399749.5,397926,396321.5,394980,393813.5,392674,391488.5,390129,388438,386537,384400,381841,378961.5,375781.5,372142.5,368067.5,363593,358740,353620,348403.5,343073,337701,332463,327341,322432.5,317851,313595,309712.5,306321,303352.5,300698.5,298332,296117,294109,292340.5,290622,288910.5,287287.5,285659.5,283902.5,282109.5,280269,278252.5,276083,273756.5,271244
Russian Federation,Russian Federation,154,RUS,643,RUS,"","","","","","",Non-programme countries,"","","",Europe,Europe and Central Asia,"",High income,High income,"",Europe,"","","","","","","","","","","",Non-fragile,Non-fragile,Non-fragile,Non-fragile,Non-fragile,Non-fragile,"",Non-fragile,Non-fragile,"",non-FCS,"","",Europe,Eastern Europe,"",Europe and Northern America,Europe,"","","Europe, Northern America, Australia and New Zealand","Australia and New Zealand, Central Asia, Europe and North America",Europe and Northern America,Europe,Eastern Europe,"","","","","","",Non conflict,Europe and Central Asia,Eastern Europe and Central Asia,"","","","",Europe and Central Asia,Eastern Europe and Central Asia,Upper middle income,Low and middle income,Eastern European Group,"","",Eastern Europe and Central Asia,Non-humanitarian,Non-high burden,"","","","","","","","","","","","","","","","","",ECE_All countries,"ECE_Eastern Europe, Caucasus and Central Asia (CIS)",ECE_CIS (CWG),ECE_Eurasian Economic Union (EAEU),"","","","","",ESCAP_North and Central Asia (NCA),ESCAP_All countries,"","","","","","","","","","","","","","","",ESCAP_WB Upper Middle Income Economies,"","","","",5150091,5102326.5,5312135.5,5695437.5,6126563.5,6355758,6314327.5,5871754.5,5024410,4125820,3438095.5,3146803.5,3331829,3876566.5,4630908.5,5371237.5,5835835,6080543.5,6262463,6330277.5,6310306,6300835,6324230.5,6401657,6484450,6545435,6605585,6600602.5,6466959.5,6203869.5,5843521,5511654.5,5231294,4982098.5,4832220,4800383.5,4871142,5012157,5170688.5,5247194.5,5262172,5300919,5312318.5,5344097,5455593,5563004,5573963,5603827.5,5770782.5,5952870,6084499.5,6280539.5,6499996.5,6507030.5,6353529,6172143.5,5916320.5,5557096.5,5149595,4744747,4397133,4089020,3813722.5,3643717,3535281,3460086,3439890,3469701,3537644,3622575,3701272,3764774.5,3848572,3946761.5,4060571.5,4180046,4330431,4511006.5,4658034,4782408.5,4916157.5,5011685,4985888.5,4863491,4683914.5,4454840.5,4215188,4004418,3831410.5,3693284.5,3584279.5,3486085,3411974,3364339.5,3329336.5,3304060,3288575.5,3283837,3290714.5,3309348,3338753,3378249.5,3426543.5,3480619.5,3538810,3600024,3662254.5,3723381,3780735,3831246.5,3872467.5,3901175,3915047.5,3912707.5,3894265.5,3861419.5,3815712.5,3759992.5,3697297,3630581,3563039.5,3497642,3437996.5,3385616,3340406,3303686,3275977,3256434.5,3244900,3241650.5,3246487,3258174.5,3274767,3295203.5,3318756,3343955.5,3370176.5,3397212,3423951,3448939,3469818,3485620,3496467,3501684.5,3500756.5,3494712,3483958,3467929,3447286.5,3422815,5929658.5,6064732,5953507.5,5650642.5,5261130,5003210.5,4957058,5161534.5,5538515,5969551,6207950,6186784,5766168,4947035.5,4074908,3401641,3108940.5,3285510.5,3813919.5,4570684,5315234,5737358,5923123,6055139.5,6126149,6192521.5,6273783.5,6359785.5,6518243,6630680.5,6660730.5,6688110.5,6668433,6545595.5,6330703,6062297,5759455,5453260.5,5184648,5013419,4953633,4965432,5014695,5105615.5,5215297,5281928.5,5336721,5378813,5429156.5,5511149.5,5596473.5,5612723,5681917.5,5859906.5,5979457,6022449,6130903,6294592,6335030,6316774.5,6262979.5,6084764.5,5762417,5348679,4922997,4519614.5,4176183.5,3918830.5,3759628,3657812,3584502,3558538.5,3575118.5,3617206.5,3695263,3797888,3911972.5,4062522,4222499,4378558.5,4518329.5,4676539,4854847.5,5001298.5,5125361,5258921.5,5354630,5329013,5206748,5027496.5,4799423,4561421.5,4352510,4180901.5,4043921,3936595,3840535.5,3767968.5,3720772.5,3685772,3659732,3642849,3637331,3642974.5,3659532.5,3687123.5,3725304.5,3773087,3826661,3884333.5,3946326,4009282.5,4070236,4127284.5,4176912.5,4216460,4243788,4257562.5,4255492.5,4236440,4202219,4154426.5,4096970,4033731.5,3966880,3899661.5,3835392,3776209,3723100.5,3677697,3641329.5,3614073,3594737.5,3583240.5,3579493,3583013.5,3593081,3608902,3629067.5,3652109,3676791,3702745,3728693.5,3754422.5,3779916,3801347.5,3816663.5,3827358.5,3832392.5,3830294.5
Rwanda,Rwanda,10,RWA,646,RWA,Sub-Saharan Africa,Sub-Saharan Africa,Eastern Africa,Least developed countries,"",LLDC,Eastern and Southern Africa,Programme countries,"","",Africa,Sub-Saharan Africa,Sub-Saharan Africa (excluding high-income),Low income,Low income,Low and middle income,Africa,Sub-Saharan Africa,Least developed countries,Excluding China,"","","","",Countdown,Eastern Africa,Africa,Eastern Africa,Non-fragile,Non-fragile,Non-fragile,Non-fragile,Non-fragile,Fragile,Other Fragile,Non-fragile,Non-fragile,"",non-FCS,"",USAID,Africa,Eastern Africa,"",Sub-Saharan Africa,"",Least developed countries,Landlocked developing countries,"","",Sub-Saharan Africa,Sub-Saharan Africa,Eastern Africa,Sub-Saharan Africa (inc. Sudan),Least Developed Countries (LDCs),Landlocked developing countries (LLDCs),"","",Global Strategy,Non conflict,Sub-Saharan Africa,Eastern and Southern Africa,Sub-Saharan Africa,Eastern and Southern Africa,Low income,Low and middle income,Sub-Saharan Africa,Eastern and Southern Africa,Low income,Low and middle income,African Group,Economic Community of Central African States,GAVI,Eastern and Southern Africa,Non-humanitarian,High burden,"",Eastern and Southern Africa,Eastern and Southern Africa,LiST,"",LiSTSBR,"","","","","","","","","","",ECA_Eastern Africa,ECA_All countries,"","","","","","","","","",ESCAP_Africa (AFR),ECA_African Union Commission,ECA_ECCAS,"",ECA_EAC,ECA_COMESA,ECA_Land-locked countries,ECA_Land-locked LDCs,ECA_Non-Oil Producing,ECA_Least developed countries,ECA_Mineral-rich countries,ECA_Non-Oil LDCs,"",ECA_Sub-Saharan Africa,"","","","","","","",122373,122120,121299,120130.5,119065,118541,118686.5,119644.5,121582.5,124688,129044,134665,141618,148960,158364,171598.5,186194.5,200484,214953,227815,237205,244887.5,252292,259560,266631,273410.5,279611.5,284772.5,288677,291481,293627,295778,298716,303130.5,309407,317544,327131,337813.5,349574.5,362376.5,375078.5,387983.5,403671.5,428806.5,371612.5,323475,403791.5,489129,526379.5,537466,543377,544426,543896.5,546378.5,548191,545118,539412.5,533735,531083.5,534149,543163,555171,565899,573821,581280,591034,605394,625355,650952.5,681831,715257.5,747100.5,772421,787945.5,794460.5,795805.5,795824,798006,804785,816002.5,830621,847014.5,862456.5,876263,888798.5,900138,910219.5,919385,928231.5,937384.5,947407.5,957424.5,967379.5,978505,989584,999518.5,1008748.5,1017637,1026697.5,1035455.5,1044157,1053194,1062025,1070425.5,1078630.5,1086362.5,1093326,1099019.5,1104637,1109556,1112611.5,1115086.5,1116531,1117476.5,1118589.5,1119418,1119469,1119062.5,1118549,1116848,1115201,1114347.5,1114128.5,1114709.5,1115664.5,1116980,1117937,1118609.5,1119227,1119568,1119954.5,1120089.5,1120208,1120403.5,1119858.5,1118756,1117646.5,1116725.5,1114925,1112538,1109070,1104145.5,1099833,1096220.5,1092184.5,1088235.5,1084375.5,1079872.5,1075355.5,1071171.5,110536.5,113400,115748.5,117536,118492,118786.5,118446.5,117585,116317,114956,113712,112523,111670.5,111587.5,113246,117458.5,124163,133096.5,142843,154100.5,168080,182407,195725.5,209068.5,220934,229540.5,236625,243338,249653.5,255680,261471,266878.5,271596,275435,278468,281047,283757.5,287302.5,292284.5,298985.5,305251.5,311313.5,319791,335353,273315.5,214630.5,262691,315351.5,340921,355105.5,369760,384006.5,400537,425359.5,453884,478022.5,496510.5,508847.5,515370,517435.5,517033,516498.5,517669,520793,525585,531717,537859,543018,548024,554359,563601,577872,600599.5,631903,667229.5,703342,735957,761085,776180,781538.5,781844.5,781334,781530,786870.5,799172.5,815660,832341,847757.5,862413.5,875745.5,888567,900462.5,910296,919204.5,927271.5,934456.5,941532.5,949620,960468,971559.5,981328.5,990524.5,999020,1006676,1014770,1024005,1033097,1041160.5,1051392,1061419,1068548.5,1076642.5,1083049,1087325.5,1091740,1095227.5,1096721,1097610,1099173,1098968,1098801,1098917,1098366.5,1097721,1095943.5,1094009.5,1092154,1091368.5,1091946,1093380.5,1095989,1098139.5,1099889,1101546,1101645,1100784,1100769,1102850,1104685.5,1106488.5,1106472,1102887.5,1099880,1097737.5,1094032.5,1090363,1086941,1081746.5,1076927,1073717.5
Saint Kitts & Nevis,Saint Kitts and Nevis,130,KNA,659,STK,Latin America and the Caribbean,Latin America and the Caribbean,"","",Caribbean,SIDS,Latin America and Caribbean,Programme countries,"",Eastern Caribbean Area,Americas,Latin America and the Caribbean,"",High income,High income,"",Latin America and the Caribbean,"",Excluding least developed countries,Excluding China,"","","","","","","","","","","","","",Non-fragile,"","",Non-fragile,"",non-FCS,"","",Americas,Latin America and the Caribbean,Caribbean,Latin America and the Caribbean,"","",Small island developing States,"","",Latin America and the Caribbean,Latin America and the Caribbean,Caribbean,Latin America and the Caribbean,"",Small island developing States (SIDS),"","","",Non conflict,Latin America and Caribbean,"","","","","","","","","",Latin American and Caribbean Group (GRULAC),"","",Latin America and Caribbean,Non-humanitarian,Non-high burden,"","","","","","","","","","","","","","","","","",ECLAC_All countries,"","","",ECLAC_Carribean,"","","","","",ESCAP_Latin America (LAC),"","","","","","","","","","","","","","","","","","","","",1461.5,1444.5,1436.5,1447,1477,1578.5,1755.5,1942,2116.5,2269.5,2351,2341.5,2295,2242.5,2193,2159.5,2154,2177,2234,2323.5,2452.5,2603.5,2728.5,2810,2854,2869.5,2870,2861.5,2841,2818,2796.5,2751.5,2667.5,2555.5,2426.5,2297,2189.5,2109.5,2050.5,2008.5,1980.5,1981.5,2013.5,2051,2079,2098,2107.5,2106,2099,2096,2103,2128.5,2173,2211.5,2233.5,2240,2220.5,2170,2101.5,2033.5,1963,1913.5,1897.5,1895,1894,1880,1848.5,1791.5,1712.5,1621,1534,1481,1471,1485,1483.5,1411.5,1352,1348.5,1336,1346,1427,1488,1483,1479,1474,1467.5,1457.5,1443,1424.5,1405.5,1386,1364,1343.5,1323,1299.5,1275.5,1253,1232,1212.5,1195,1180.5,1166.5,1153.5,1142,1129.5,1117,1105,1092.5,1080,1068.5,1058,1048,1038,1028,1018.5,1008.5,998,988.5,978.5,968,957.5,946.5,935,924,914,904,893.5,883.5,874.5,865.5,857,848,839,831.5,823.5,816,809,802,794.5,787,780.5,773.5,767,759.5,752.5,747.5,740.5,733,727.5,722,1421.5,1371.5,1325,1281,1232,1222,1266.5,1331.5,1425,1542.5,1625.5,1643.5,1631.5,1602,1559.5,1503.5,1431,1353.5,1284,1232,1262,1388,1537,1686.5,1832.5,1960.5,2062.5,2139,2190,2219,2250.5,2297.5,2333,2341.5,2329.5,2299.5,2242.5,2157.5,2059,1956,1857.5,1806.5,1814.5,1843,1871.5,1897.5,1921.5,1942,1957.5,1963,1962.5,1959.5,1955.5,1958.5,1970.5,1989,2017,2047.5,2067,2076.5,2078,2072,2040.5,1982,1920,1849,1784,1754,1750.5,1749.5,1736.5,1711.5,1673,1619,1552,1490,1455.5,1451,1463,1460,1389.5,1330,1325,1313,1322.5,1401,1461,1455.5,1451.5,1446,1438.5,1429.5,1414,1394,1375,1355.5,1334,1313,1293.5,1272,1248.5,1226.5,1205,1184.5,1167,1151.5,1138,1126.5,1115.5,1104.5,1093.5,1083.5,1073.5,1063,1052.5,1041.5,1031,1021,1011,1001.5,992,982,972,962,951.5,941,931,920.5,910,899.5,889,879,870,861,851.5,843.5,835.5,826.5,818.5,810.5,803,796.5,789.5,783,776,768.5,762.5,756.5,749,742.5
Anguilla,Anguilla,660,AIA,660,AIA,"","","","","","",Latin America and Caribbean,Programme countries,"","",Americas,"","","","","",Latin America and the Caribbean,"",Excluding least developed countries,Excluding China,"","","","","","","","","","","","","","","","",Non-fragile,"","","","",Americas,Latin America and the Caribbean,Caribbean,Latin America and the Caribbean,"","",Small island developing States,"","",Latin America and the Caribbean,Latin America and the Caribbean,Caribbean,Latin America and the Caribbean,"",Small island developing States (SIDS),"","","","",Latin America and Caribbean,"","","","","","","","","","","","","","","","","","","","","","","","","","","","","","","","",ECLAC_All countries,"","","",ECLAC_Carribean,"","","","","",ESCAP_Latin America (LAC),"","","","","","","","","","","","","","","","","","","","",238.5,245.5,257.5,272.5,286.5,283.5,267.5,252.5,241,236,246,266.5,284.5,297,305.5,309.5,306,298,294.5,295.5,297,309,333,356,376,398.5,414,419.5,417.5,408.5,399.5,392.5,385.5,379.5,381.5,391.5,401,409,415.5,422,420.5,411,401.5,390.5,382,382.5,390.5,405,430.5,458,476.5,491.5,507,514.5,514.5,515.5,510,494,480,471.5,464.5,461.5,487.5,519.5,521,512.5,512,505,487,479,479,502.5,539.5,564.5,581,589,580,558,531.5,495.5,454.5,425,403,383.5,374.5,367.5,364,361.5,357,354.5,354,351,349,350,349,348.5,350,350,349,349.5,349,347,344,340,336,331.5,327,322.5,317,311,304,297,290.5,283.5,276.5,269.5,263,257.5,253,249,245.5,242,239,237,235.5,235,235,235,234.5,232.5,230.5,230,229,227.5,225.5,223.5,221.5,218.5,215.5,212.5,209.5,206.5,203,200,197.5,193.5,190,187.5,185,182.5,258,257,245,229.5,216.5,203.5,190,179,167.5,152.5,144.5,152.5,165.5,176.5,186,195.5,204,211,213.5,216,218.5,214,208.5,212,226.5,242.5,264,292,316,334.5,350,358,358,349.5,344,358,381.5,402,419,430,433.5,435,436.5,438.5,442.5,439.5,428.5,416,399,383,377.5,388,414,448,478,497,510,518.5,515,500.5,485,474.5,451.5,444,469,484,480.5,487,505.5,509.5,508.5,490,484,511.5,532,546,558.5,569,576.5,582,587,576,553.5,526.5,490,449.5,419.5,396.5,375.5,365,358,355,354,351.5,350,349,345,341.5,341,341.5,342,342.5,343,343.5,344,343.5,341.5,338,334.5,330.5,326,321.5,317,310,302.5,297.5,290,282.5,277.5,271,263.5,257.5,253,248.5,244,240.5,237.5,235.5,234.5,232.5,230.5,230,230,230,228.5,226,225,224.5,223,221,219,216.5,214,212,209,205.5,202.5,200,197.5,193.5
Saint Lucia,Saint Lucia,131,LCA,662,STL,Latin America and the Caribbean,Latin America and the Caribbean,"","",Caribbean,SIDS,Latin America and Caribbean,Programme countries,"",Eastern Caribbean Area,Americas,Latin America and the Caribbean,Latin America and the Caribbean (excluding high-income),Middle income,Upper middle income,Low and middle income,Latin America and the Caribbean,"",Excluding least developed countries,Excluding China,"","","","","","","","",Non-fragile,Non-fragile,Non-fragile,Non-fragile,Non-fragile,Non-fragile,"",Non-fragile,Non-fragile,"",non-FCS,"","",Americas,Latin America and the Caribbean,Caribbean,Latin America and the Caribbean,"","",Small island developing States,"","",Latin America and the Caribbean,Latin America and the Caribbean,Caribbean,Latin America and the Caribbean,"",Small island developing States (SIDS),"","","",Non conflict,Latin America and Caribbean,"","","","","",Latin America and Caribbean,"",Upper middle income,Low and middle income,Latin American and Caribbean Group (GRULAC),"","",Latin America and Caribbean,Non-humanitarian,Non-high burden,"",Latin America and the Caribbean,Latin America and Caribbean,LiST,"",LiSTSBR,"","","","","","","","","","","",ECLAC_All countries,"","","",ECLAC_Carribean,"","","","","",ESCAP_Latin America (LAC),"","","","","","","","","","","","","","","","","","","","",3836,3909.5,4087.5,4258.5,4342,4409.5,4493.5,4528,4518,4461.5,4470.5,4591.5,4751,4940.5,5154,5382.5,5423,5268,5114,4985.5,5085.5,5410,5766,6154,6568.5,7004.5,7450.5,7639.5,7536,7399.5,7519,7884,8201.5,8416,8509.5,8512,8470,8430.5,8299,8087.5,7923,7937,8097,8204.5,8261.5,8320.5,8386,8470,8500,8482.5,8509.5,8598.5,8683.5,8688.5,8660.5,8633.5,8634.5,8573,8475.5,8470,8529,8556,8481,8318.5,8101.5,7871,7656,7454,7266,7090,6895.5,6689,6522.5,6417.5,6361,6288,6132,5930,5724.5,5509,5348,5303.5,5305.5,5292,5267,5237,5201.5,5159,5109,5059,5011.5,4960,4907.5,4855,4796,4733,4671,4609.5,4545.5,4477.5,4407,4333,4256,4178,4100,4025,3955.5,3891,3833,3779.5,3728,3680.5,3637,3597,3558.5,3520.5,3483.5,3448.5,3418,3389.5,3361,3334,3306,3275,3242.5,3208.5,3173.5,3136.5,3098.5,3060.5,3020.5,2979.5,2939.5,2900.5,2861,2821.5,2783,2746,2709,2672,2638,2606,2574,2544.5,2518,2493,2470,2449,2428,2408,4336,4200.5,3880.5,3516,3288,3194.5,3193,3245,3286,3284,3261,3257.5,3291.5,3355.5,3445.5,3558,3625,3596,3488.5,3316.5,3270,3404.5,3592,3824,4095,4402.5,4741,5011.5,5147.5,5178.5,5300.5,5577,5875,6187.5,6518.5,6874,7233,7546.5,7608,7392,7101.5,6973.5,7031,7119.5,7242.5,7393,7575,7763.5,7765,7574.5,7358.5,7306,7470.5,7713.5,7987.5,8243.5,8434,8335.5,7989.5,7673.5,7590,7729,7908.5,8101,8276,8401,8438,8373,8221,8014,7793,7586.5,7393,7211,7032.5,6827.5,6609.5,6432,6317.5,6258.5,6188,6033.5,5832.5,5628,5412,5250.5,5205.5,5204.5,5188,5164,5136,5101,5060.5,5016,4971,4925.5,4877,4825.5,4771.5,4712.5,4650,4589,4528.5,4465,4398,4328.5,4257,4182,4105,4029,3953.5,3882,3817.5,3760,3706.5,3656.5,3610,3565.5,3523.5,3484.5,3448.5,3415,3383.5,3353,3324,3297.5,3271,3244,3216.5,3186.5,3154,3119.5,3084,3047.5,3010,2972,2934,2894.5,2854.5,2816.5,2778,2739,2702,2666,2631,2597.5,2565.5,2535.5,2507.5,2481.5
St Vincent & the Grenadines,Saint Vincent and the Grenadines,132,VCT,670,STV,Latin America and the Caribbean,Latin America and the Caribbean,"","",Caribbean,SIDS,Latin America and Caribbean,Programme countries,"",Eastern Caribbean Area,Americas,Latin America and the Caribbean,Latin America and the Caribbean (excluding high-income),Middle income,Upper middle income,Low and middle income,Latin America and the Caribbean,"",Excluding least developed countries,Excluding China,"","","","","","","","",Non-fragile,Non-fragile,Non-fragile,Non-fragile,Non-fragile,Non-fragile,"",Non-fragile,Non-fragile,"",non-FCS,"","",Americas,Latin America and the Caribbean,Caribbean,Latin America and the Caribbean,"","",Small island developing States,"","",Latin America and the Caribbean,Latin America and the Caribbean,Caribbean,Latin America and the Caribbean,"",Small island developing States (SIDS),"","","",Non conflict,Latin America and Caribbean,"","","","","",Latin America and Caribbean,"",Upper middle income,Low and middle income,Latin American and Caribbean Group (GRULAC),"","",Latin America and Caribbean,Non-humanitarian,Non-high burden,"","","","","","","","","","","","","","","","","",ECLAC_All countries,"","","",ECLAC_Carribean,"","","","","",ESCAP_Latin America (LAC),"","","","","","","","","","","","","","","","","","","","",2314.5,2421,2542.5,2679,2833,3002.5,3179,3360.5,3551.5,3759,3940,4094,4264,4453,4630,4754,4834,4886.5,4913,4940,5000,5089.5,5205,5348,5517.5,5717.5,5940,6172,6403.5,6633.5,6831,6937.5,6938.5,6859,6738.5,6615.5,6525.5,6487,6493,6531,6604.5,6679.5,6701,6666.5,6593,6498,6410.5,6341,6290,6255.5,6210,6112.5,5952.5,5757.5,5561.5,5398,5282.5,5215,5203.5,5231.5,5247.5,5229,5154,5021,4873.5,4734,4597.5,4457.5,4299,4108.5,3938,3823.5,3757.5,3751,3797.5,3859.5,3902,3925,3928.5,3919.5,3910.5,3888.5,3821.5,3710.5,3568.5,3397,3226.5,3088.5,2979,2881.5,2803,2743,2693.5,2654,2627,2610,2600,2594,2590,2588.5,2588,2587.5,2586,2583,2577.5,2571,2563.5,2554,2543.5,2530.5,2514.5,2494,2470,2443.5,2412,2376,2338,2297.5,2253.5,2209.5,2166.5,2125,2086,2050,2018,1990.5,1966.5,1945.5,1929,1915.5,1903.5,1893.5,1885,1877.5,1870,1862.5,1856.5,1849,1840,1832,1822,1810.5,1798.5,1784,1768,1750.5,1731,1711,1689.5,1666,1920,1966,2021.5,2089.5,2169.5,2265.5,2377,2503,2645,2802.5,2939,3042,3135.5,3222.5,3308.5,3401,3503.5,3615.5,3737,3848,3921,3962.5,3991,4014.5,4051.5,4122.5,4232,4375,4550,4759,5011.5,5290,5547.5,5752.5,5900.5,5995,6025,5982,5883.5,5768.5,5667.5,5623.5,5644.5,5685,5716,5729.5,5718.5,5682.5,5631,5567,5501,5470.5,5471.5,5464.5,5431,5359.5,5251.5,5106,4928,4752,4618.5,4537.5,4504,4526.5,4574.5,4585.5,4547.5,4470.5,4357,4230,4134.5,4058,3970.5,3863.5,3733.5,3609.5,3519,3481.5,3504.5,3571,3645,3698.5,3732,3746.5,3748,3748.5,3737,3679.5,3577.5,3446,3285,3123.5,2992,2887,2793,2716.5,2657.5,2608.5,2570.5,2545,2529,2518.5,2513,2511,2509.5,2509.5,2509.5,2508,2506.5,2503,2497,2489.5,2481,2472.5,2461,2445.5,2426.5,2403.5,2376.5,2346,2312,2275,2235,2192,2148.5,2106.5,2066.5,2028.5,1994.5,1964,1936.5,1914.5,1895.5,1879,1866.5,1855.5,1846.5,1839,1832,1826,1820,1814.5,1809,1802.5,1794,1784,1774,1762,1748,1733
San Marino,San Marino,189,SMR,674,SAN,"","","","","","",Non-programme countries,"","","",Europe,Europe and Central Asia,"",High income,High income,"",Europe,"","","","","","","","","","","","","","","","",Non-fragile,"","",Non-fragile,"",non-FCS,"","",Europe,Southern Europe,"",Europe and Northern America,Europe,"","","Europe, Northern America, Australia and New Zealand","Australia and New Zealand, Central Asia, Europe and North America",Europe and Northern America,Europe,Southern Europe,"","","","","","","",Europe and Central Asia,Western Europe,"","","","","","","","",Western European and Others Group (WEOG),"","",High Income Countries,Non-humanitarian,Non-high burden,"","","","","","","","","","","","","","","","","",ECE_All countries,"","","","","","","","","",ESCAP_Europe (Europe),"","","","","","","","","","","","","","","","","","","","",532.5,549.5,569.5,588.5,602.5,610.5,614,615.5,618,625,638.5,661,690.5,722,756.5,776.5,769.5,752,732,720.5,728,730.5,738,755,760.5,769,788,869.5,964,998.5,1011.5,1016.5,1015.5,1006.5,985.5,968.5,943,900,860.5,834.5,815,799,793.5,780.5,763.5,747.5,739.5,737,729.5,721.5,707,687,671,663,661.5,667.5,676.5,686,700,716,731.5,757.5,786,808.5,839.5,865.5,883.5,905.5,917,917.5,929.5,937.5,919,898,899,911.5,912.5,906.5,908,894.5,857.5,823,795.5,756,720.5,698,674,654.5,636.5,618.5,603,593.5,593.5,597,599.5,603.5,609.5,617,626,636,647,659,671.5,684,696,707.5,717.5,726,732.5,737,740.5,742.5,741.5,737.5,732,725.5,718,708.5,698,689,680.5,672,665,659.5,655,652,650,649,650.5,652.5,654,658.5,664.5,669.5,674.5,680,686,691.5,697,701.5,704,707,710,711.5,712,711,709.5,707.5,704.5,701,498.5,506.5,516,525,538,556,577,600.5,620,633,641,645,651.5,667,689.5,712.5,731,739.5,746,756,751.5,747,750.5,742.5,738.5,742,740.5,769,806.5,822,855.5,913.5,958,996,1027.5,1031,1019.5,1005,1001,989.5,975.5,957.5,934.5,904.5,875.5,865.5,866,874.5,872.5,861.5,843.5,825,807.5,787.5,770,750.5,728.5,708,694,687,688.5,720,746,748.5,756,765,785,812,839,872.5,900,911,920,917,911.5,939.5,972,976.5,982.5,1000.5,1014.5,1014.5,1008.5,1009.5,995,959.5,926.5,900.5,863,828,804,778.5,759,741,722.5,706,696,695.5,698.5,703.5,710,717.5,725.5,733,742,752.5,763.5,775.5,787.5,799.5,811.5,822,830.5,837,841.5,843.5,843.5,841,836.5,830.5,823.5,815.5,806,795.5,785,774.5,765.5,759.5,754.5,750.5,746.5,744,745,746.5,747,750.5,756,760.5,765.5,770.5,775.5,780.5,785,790,795,799,802.5,803,803,803.5
Sao Tome & Principe,Sao Tome and Principe,37,STP,678,STP,Sub-Saharan Africa,Sub-Saharan Africa,Central Africa,Least developed countries,"",SIDS,West and Central Africa,Programme countries,"","",Africa,Sub-Saharan Africa,Sub-Saharan Africa (excluding high-income),Middle income,Lower middle income,Low and middle income,Africa,Sub-Saharan Africa,Least developed countries,Excluding China,"","","","","",Central Africa,Africa,Central Africa,Non-fragile,Non-fragile,Non-fragile,Non-fragile,Non-fragile,Non-fragile,"",Non-fragile,Non-fragile,"",Fragile and Conflict-affected Situation,Institutional and Social Fragility,"",Africa,Middle Africa,"",Sub-Saharan Africa,"",Least developed countries,Small island developing States,"","",Sub-Saharan Africa,Sub-Saharan Africa,Middle Africa,Sub-Saharan Africa (inc. Sudan),Least Developed Countries (LDCs),Small island developing States (SIDS),"","",Global Strategy,Non conflict,Sub-Saharan Africa,West and Central Africa,Sub-Saharan Africa,West and Central Africa,Lower middle income,Low and middle income,Sub-Saharan Africa,West and Central Africa,Lower middle income,Low and middle income,African Group,Economic Community of Central African States,GAVI,West and Central Africa,Non-humanitarian,Non-high burden,"",West and Central Africa,West and Central Africa,LiST,"",LiSTSBR,"","","","","","","","","","",ECA_Central Africa,ECA_All countries,"","","","","","","","","",ESCAP_Africa (AFR),ECA_African Union Commission,ECA_ECCAS,"","","",ECA_Island economies,ECA_Small Island states,ECA_Non-Oil Producing,ECA_Least developed countries,"",ECA_Non-Oil LDCs,"",ECA_Sub-Saharan Africa,"","","","","","","",1596,1558.5,1984,2558.5,3124.5,3578.5,3837.5,3834.5,3571,3099,2516,2084.5,1964,2071,2316.5,2626,2955,3284.5,3606.5,3913.5,4171.5,4352,4484.5,4605,4724.5,4848,4985.5,5139.5,5304,5472,5635.5,5790,5957,6156.5,6376.5,6441.5,6352.5,6276,6196,6112.5,6206,6469,6740.5,7031.5,7336,7647,7953,8253.5,8558.5,8858.5,9124.5,9269,9290.5,9271.5,9244,9241.5,9284,9356,9441.5,9545,9666,9802.5,9888.5,9935,10027,10176,10396.5,10685.5,11010.5,11365.5,11843,12371,12858,13308,13636,13787,13790,13861.5,14040,14217,14419.5,14612,14619,14489,14436.5,14462.5,14577,14798.5,15070.5,15332,15587.5,15840,16071.5,16293.5,16507,16719.5,16927.5,17129,17328.5,17520,17694,17851.5,17986.5,18095,18177,18239,18282.5,18308.5,18327,18341.5,18359,18381,18402,18413.5,18414.5,18408.5,18403,18407.5,18424,18456,18502,18553,18603,18652,18695,18729.5,18761.5,18792.5,18818.5,18842.5,18864,18873.5,18871.5,18860.5,18839,18806,18762,18712,18657,18597.5,18532.5,18463,18395.5,18329,18257,18182,18110,18037.5,17966.5,17902.5,4777.5,4281.5,3710,3249,3066.5,3180.5,3539.5,4079,4666,5161,5429,5076,4244,3468,2862,2492,2373,2460.5,2679,2961,3190,3326,3437.5,3551,3676,3816.5,3971,4131,4285.5,4416.5,4508,4561.5,4609,4677.5,4777,4926.5,5126.5,5371.5,5652,5935,6027.5,5900,5746,5624.5,5556,5654.5,5906.5,6193.5,6509,6852,7220,7561,7859,8127,8340.5,8487.5,8561.5,8573.5,8549.5,8523,8528.5,8592,8635,8627,8627.5,8630,8627,8639,8691,8794,9071.5,9478,9915,10405,10914,11444,11972.5,12480,12928.5,13254,13401,13402,13472.5,13649,13824,14023,14213,14217.5,14085.5,14033,14058.5,14168.5,14384.5,14655.5,14918,15176,15431,15659.5,15877,16087.5,16297,16506.5,16709.5,16907.5,17098,17271.5,17424,17554.5,17661.5,17743,17808,17855,17885.5,17908.5,17925.5,17941,17961.5,17982.5,17990.5,17989.5,17982,17971.5,17970.5,17982,18009.5,18055,18109.5,18165,18217.5,18262,18300.5,18333.5,18361,18388,18412.5,18430,18436.5,18434.5,18429,18413,18384.5,18345.5,18299.5,18246.5,18187,18122,18053.5,17988,17922.5,17850
Saudi Arabia,Saudi Arabia,63,SAU,682,SDA,Western Asia,Western Asia,"","","","",Middle East and North Africa,Programme countries,MENAEMRO,"",Eastern Mediterranean,Middle East and North Africa,"",High income,High income,"",Asia,"",Excluding least developed countries,Excluding China,OIC,Arab,OIC High income: nonOECD,OIC High income,"","","","","","","","","",Non-fragile,"","",Non-fragile,"",non-FCS,"","",Asia,Western Asia,"",Northern Africa and Western Asia,Western Asia,"","","","",Northern Africa and Western Asia,Asia,Western Asia,"Western Asia (exc. Armenia, Azerbaijan, Cyprus, Israel and Georgia)","","","","","",Non conflict,Middle East and North Africa,"","","","","","","","","",Asia-Pacific Group,"","",Middle East and North Africa,Non-humanitarian,Non-high burden,"","","","","","","","","","","","","","","","","","","","","","","","","","","",ESCAP_Other Area (OTH_REGION),"","","","","","","","","","","","","","","","",ESCWA_Arab countries,ESCWA_Gulf Cooperation Council (GCC),"","",86203,89297,92235,95011,97594,100046,102449,104857.5,107404.5,110256.5,113465.5,116951,120560,123598.5,127264,132380.5,138092.5,144726.5,153097,162008,170682,180286,190843,201997.5,213426.5,224975.5,236946.5,249624.5,262919.5,276753,291046,306315,322824.5,339790,356452.5,372944,391057.5,411381.5,431914.5,453605.5,477972.5,504602.5,533441.5,564460,598110.5,634063,671662.5,710680,750700,791302,883417,1029046.5,1175151,1313949,1437512.5,1538561.5,1611018,1650278,1655233,1628739.5,1576462,1506489.5,1427811,1347695,1271654,1205317,1150067,1104886,1077831.5,1076555,1086326,1102565,1155026,1212290.5,1248376,1279855.5,1299370.5,1309144.5,1313053.5,1316144,1320695.5,1325849.5,1330256.5,1332405,1330975.5,1325283,1315201.5,1303739,1307846,1331349.5,1362266.5,1398767,1438212,1464495,1474527,1480964.5,1486576.5,1491793.5,1496852.5,1502208.5,1508080,1514227.5,1520399.5,1526397.5,1531880.5,1536844,1541454.5,1545944.5,1550550.5,1555513,1560879.5,1566438,1572108,1577962,1583996.5,1590081.5,1596740,1604227.5,1612176,1620451,1628877,1637355.5,1645827.5,1654447.5,1663317,1672358,1681462,1690430,1699155,1707673,1716343,1724879.5,1733271,1741633.5,1749417.5,1756360,1762742,1768994,1775135,1781469.5,1788296.5,1795577,1803157.5,1811002,1819399,1828339.5,1837779,1847430.5,1856888.5,1866104,74635,78579.5,82423.5,86116.5,89605,92851.5,95892,98786.5,101530.5,104093,106532,108928.5,111337.5,113884.5,116732.5,119935,123419,127261.5,131032,135950.5,142958,151840,163114.5,176969.5,191641,205853.5,220752,236666,253342.5,270446.5,287921,306668,326977.5,347668,367439.5,385523.5,404264,424482,442129,458155.5,475408,493569,512831,533263,555482.5,579853,606334.5,634985.5,665994,699660,766595,874134,998868,1139329,1291968.5,1451196.5,1609170.5,1756969.5,1886367,1989726.5,2059988.5,2091052.5,2079259.5,2026027,1937569.5,1823270.5,1679967,1507083.5,1365094.5,1346514,1393185,1447667,1486851,1453171,1462189.5,1544530,1621048.5,1690892.5,1751841.5,1800053,1833455,1853972,1864931.5,1870201.5,1874929.5,1881557,1889069,1895845,1900384.5,1901368,1898111.5,1890501,1881527.5,1888066.5,1913938,1947204.5,1986039.5,2027819.5,2056507,2069009.5,2077936.5,2086053,2093775,2101343,2109205.5,2117582.5,2126234,2134923,2143468.5,2151508,2159016,2166171.5,2173210.5,2180362.5,2187867.5,2195767,2203868.5,2212094,2220499,2229080,2237702.5,2246903,2256941,2267431,2278235.5,2289194.5,2300211.5,2311211,2322356,2333750.5,2345307,2356922.5,2368401,2379646.5,2390690.5,2401873,2412912,2423811.5,2434689.5,2444982,2454427.5,2463315.5,2472072.5,2480713,2489547,2498878,2508665,2518752,2529097,2539986.5
Senegal,Senegal,38,SEN,686,SEN,Sub-Saharan Africa,Sub-Saharan Africa,West Africa,Least developed countries,"","",West and Central Africa,Programme countries,"","",Africa,Sub-Saharan Africa,Sub-Saharan Africa (excluding high-income),Middle income,Lower middle income,Low and middle income,Africa,Sub-Saharan Africa,Least developed countries,Excluding China,OIC,Africa,OIC Lower middle income,OIC Middle income,Countdown,West Africa,Africa,Western Africa,Non-fragile,Non-fragile,Non-fragile,Non-fragile,Non-fragile,Non-fragile,"",Non-fragile,Non-fragile,"",non-FCS,"",USAID,Africa,Western Africa,"",Sub-Saharan Africa,"",Least developed countries,"","","",Sub-Saharan Africa,Sub-Saharan Africa,Western Africa,Sub-Saharan Africa (inc. Sudan),Least Developed Countries (LDCs),"","","",Global Strategy,Non conflict,Sub-Saharan Africa,West and Central Africa,Sub-Saharan Africa,West and Central Africa,Lower middle income,Low and middle income,Sub-Saharan Africa,West and Central Africa,Lower middle income,Low and middle income,African Group,Economic Community of West African States,GAVI,West and Central Africa,Non-humanitarian,High burden,"",West and Central Africa,West and Central Africa,LiST,"",LiSTSBR,"","","","","","","","","","",ECA_West Africa,ECA_All countries,"","","","","","","","","",ESCAP_Africa (AFR),ECA_African Union Commission,ECA_ECOWAS,"",ECA_CEN-SAD,ECA_Sahel,"","",ECA_Non-Oil Producing,ECA_Least developed countries,"",ECA_Non-Oil LDCs,"",ECA_Sub-Saharan Africa,"","","","","","","",124600.5,127559.5,130765,134077,137245.5,140211.5,143027,145787.5,148822,152513.5,156985,163033,170574.5,178248.5,185744,193462,200614.5,206932,213514,220537.5,227615.5,234638.5,241672.5,248650.5,255464.5,261909.5,267985.5,273730,279667.5,286407.5,294121,302917.5,312697.5,323349,334890,347480,361218.5,375874,391204.5,407117,423590,440588.5,457854,475044.5,491684,507438,522319,536463.5,550409,564582,578589,591702.5,604232,614047,620918.5,627849,635156,642567,650858,659966.5,669054,680144.5,694160.5,715079.5,743647,773975.5,804080,834520.5,866188.5,898799,932505.5,967630.5,1003499.5,1035085.5,1059579.5,1081202.5,1102079.5,1121329,1137963,1151449.5,1162119,1170683,1177874,1184491.5,1191079.5,1197741.5,1204238,1211771.5,1222287,1235864.5,1252154.5,1271156,1291443,1311355.5,1330588,1349043,1366344.5,1382312.5,1396604.5,1409203.5,1420354.5,1430230,1439335.5,1447355.5,1454163,1460423.5,1466490,1471874,1477065.5,1482468,1487906,1493924,1500498,1507548.5,1515263,1523506,1531849,1540275,1548938,1557617,1566278.5,1575175.5,1584095.5,1592551.5,1600252.5,1606869.5,1612488,1617355,1621601.5,1625583,1629356.5,1632372.5,1634432,1635779.5,1635953.5,1634873.5,1632914.5,1630168,1626866,1623508.5,1620206,1617072.5,1614237.5,1611607,1608947.5,1606014,1603154.5,1600836,1598731,1596651,108724,111533.5,114372,117258,120227.5,123265,126439.5,129828.5,133293.5,136583.5,139638.5,142518,145326.5,148412.5,152232,156990.5,163473.5,171537,179712.5,187541.5,195331,202303,208217,214135,219891,224636.5,228189,230370,231956,234366.5,237895,242604.5,248559,255626.5,263555,272684,283378.5,295160.5,307551.5,320516.5,333980,347893,362278,377072,391959,406565.5,420774,434603.5,448292,462064,475949.5,489978,505738,520972,533758,545689.5,556048.5,564998,572394.5,578496.5,584737.5,592949.5,602907,616761.5,635405.5,656343.5,680282,707339,736507,766772,797079,826787,856678.5,884184,905828.5,924321,942932,962120.5,982048.5,1002478,1022954,1042792.5,1060914.5,1076296,1088481.5,1097913,1105336,1111376.5,1116921.5,1122468,1127958,1133204.5,1139547.5,1148931,1161423,1176597.5,1194497,1213636,1232399.5,1250439,1267646,1283700,1298325.5,1311347.5,1322772.5,1332857,1341837.5,1350060,1357164.5,1362868,1367902,1372873,1377288,1381495,1385963,1390515,1395581,1401051,1406960,1413820.5,1421152,1428547,1436316,1444453,1452542,1460732.5,1469021,1476969,1484452,1491231,1496893,1501760,1506052,1509924.5,1513519.5,1516739,1519245,1520670.5,1521161.5,1520680,1519121.5,1516586.5,1513381,1509726,1506020,1502298,1498697.5,1495482.5,1492403.5,1489167
Serbia,Serbia,156,SRB,688,YUGC,"","","","","","",Europe and Central Asia,Programme countries,"","",Europe,Europe and Central Asia,Europe and Central Asia (excluding high-income),Middle income,Upper middle income,Low and middle income,Europe,"","","","","","","","","","","",Non-fragile,Non-fragile,Non-fragile,Non-fragile,Non-fragile,Non-fragile,"",Non-fragile,Non-fragile,"",non-FCS,"","",Europe,Southern Europe,"",Europe and Northern America,Europe,"","","Europe, Northern America, Australia and New Zealand","Australia and New Zealand, Central Asia, Europe and North America",Europe and Northern America,Europe,Southern Europe,"","","",HAC,HAC,"",Non conflict,Europe and Central Asia,Eastern Europe and Central Asia,Europe and Central Asia,Eastern Europe and Central Asia,Upper middle income,Low and middle income,Europe and Central Asia,Eastern Europe and Central Asia,Upper middle income,Low and middle income,Eastern European Group,"","",Eastern Europe and Central Asia,Non-humanitarian,Non-high burden,"",Europe and Central Asia,Eastern Europe and Central Asia,LiST,"",LiSTSBR,"","","","","","","","","",EECA,"",ECE_All countries,"",ECE_West Balkans (ST7),"","","","","","","",ESCAP_Europe (Europe),"","","","","","","","","","","","","","","","","","","","",329382.5,322170.5,312983,302818.5,292302,281814,271853.5,262593,253764,246034.5,241204.5,240762,245620.5,256552.5,272736,291256,309235.5,324328,334625.5,339799.5,340061.5,335045.5,325856.5,314575,303240,294159,288473.5,285333,282522.5,278127.5,271698.5,265288.5,260934,258429.5,257334.5,257545.5,258630,259865.5,260939,262020.5,263257,264297,265450,266827,267526.5,267216.5,266185,264716.5,262802,260295,257029.5,253072,248583,243836,238721,233521.5,228861.5,224167.5,219109.5,214675,211041,206986.5,201821.5,195666,189148,182619.5,177889,176036.5,175702,175885,175906.5,174381,172217.5,170501.5,168558.5,166804,165514.5,164743,164088.5,163442.5,163016,162767,162649.5,162715,162595,161871,160485,158899,156895.5,154278.5,151725.5,149516,147184,144854,142919,141101,139361,137725.5,136196.5,134765.5,133447,132227,131075.5,130000.5,129000.5,128025.5,127077,126200.5,125386.5,124607,123871.5,123162,122414.5,121598.5,120717.5,119762.5,118724.5,117602.5,116405.5,115139,113798,112399.5,110951,109467,107983,106533.5,105142,103819,102564.5,101386,100279,99220,98213.5,97267.5,96378,95548.5,94776,94043,93336.5,92650,91975,91298,90613.5,89933,89244.5,88529,87799.5,87059.5,86292,85489,308784.5,317995.5,324141,326920,326433,322993,316878,308670.5,299275,289487,279844,270819,262332,253781.5,245688.5,240137,239184,244388.5,256950.5,275646.5,296650.5,316013.5,330723.5,339865.5,344394,344804.5,340767.5,332512,321583,310482.5,301345.5,294074,287705,281554.5,274969.5,268339.5,262857,259266,257466.5,257200.5,258019,258407.5,257597,256833.5,257172.5,258734,260877,263136.5,265155,266330,266628,266334,264996.5,262478,259653.5,256654.5,253319.5,249850,246028.5,240903,235541.5,231055.5,225031,217612,211731.5,207524,203449,198857,193520.5,187544,181363,176900.5,175632,175794,175509.5,174527.5,172341,169285,166558,164493,163028.5,161963.5,161289,160715,160140,159785,159605,159544,159652,159558,158855,157493.5,155932.5,153977,151430.5,148949,146809.5,144547,142272.5,140375.5,138590,136872.5,135258,133769.5,132378,131086,129888,128751,127696,126735.5,125799,124884.5,124034,123234.5,122468,121751,121073.5,120357,119560.5,118697.5,117762,116749,115661.5,114504.5,113270.5,111958.5,110588,109150,107661.5,106177,104738.5,103366.5,102063.5,100828,99674,98589,97546.5,96556,95628.5,94748,93922.5,93155,92422,91720,91044,90380,89713.5,89037.5,88367,87688.5
Seychelles,Seychelles,19,SYC,690,SEY,Sub-Saharan Africa,Sub-Saharan Africa,Eastern Africa,"","",SIDS,Non-programme countries,"","","",Africa,Sub-Saharan Africa,"",High income,High income,"",Africa,"",Excluding least developed countries,Excluding China,"","","","","",Eastern Africa,Africa,Eastern Africa,"","","","","",Non-fragile,"","",Non-fragile,"",non-FCS,"","",Africa,Eastern Africa,"",Sub-Saharan Africa,"","",Small island developing States,"","",Sub-Saharan Africa,Sub-Saharan Africa,Eastern Africa,Sub-Saharan Africa (inc. Sudan),"",Small island developing States (SIDS),"","","",Non conflict,Sub-Saharan Africa,Eastern and Southern Africa,"","","","","","","","",African Group,"","",Eastern and Southern Africa,Non-humanitarian,Non-high burden,"","","","","","","","","","","","","","","","",ECA_Eastern Africa,ECA_All countries,"","","","","","","","","",ESCAP_Africa (AFR),ECA_African Union Commission,"",ECA_SADC,"",ECA_COMESA,ECA_Island economies,ECA_Small Island states,ECA_Non-Oil Producing,"","","","",ECA_Sub-Saharan Africa,"","","","","","","",1531,1552.5,1576,1602,1629,1661.5,1701.5,1746,1796.5,1851,1896,1932.5,1971.5,2016,2069.5,2135.5,2213,2303.5,2408.5,2529.5,2671,2847.5,3062,3296,3537,3772.5,3987,4147.5,4214.5,4209,4175,4127.5,4081,4041.5,4015,4010,4015.5,4013,3996,3975.5,3957.5,3930,3901.5,3910.5,3925,3918.5,3962.5,4041.5,4074.5,4059.5,4027,4001,4002,4051.5,4117.5,4153.5,4163.5,4151.5,4129.5,4107,4119,4231.5,4381.5,4452,4449,4411.5,4336.5,4237.5,4146,4046.5,3940.5,3872,3911.5,4036,4123.5,4170.5,4219,4270,4323,4370,4401.5,4427,4458,4486.5,4512,4535,4578.5,4609.5,4604,4595.5,4586,4546,4507.5,4503,4497,4482,4451.5,4405.5,4348,4283.5,4217,4154,4098,4050.5,4009,3974,3947.5,3927,3910.5,3897,3885,3874.5,3865,3856.5,3849.5,3843.5,3836.5,3826,3815,3803,3787.5,3770,3750,3727,3702,3676,3649,3621,3591.5,3560,3528,3496,3465,3434.5,3405,3378.5,3353.5,3329,3306.5,3286.5,3267.5,3249.5,3232.5,3216,3200.5,3184,3167,3150,3132.5,3115,1412,1432.5,1451.5,1472,1493.5,1516,1540.5,1568.5,1597.5,1625,1651,1672,1689,1708.5,1731.5,1756,1789.5,1833,1884,1943,2011,2097.5,2205.5,2328,2472,2646.5,2852.5,3076,3284,3467,3626,3745,3810.5,3831,3823.5,3797,3763.5,3749.5,3764.5,3784,3800.5,3799.5,3762.5,3717.5,3716,3741,3720.5,3696.5,3777,3897,3980,4046,4086,4124,4184.5,4258.5,4347,4436,4500,4522.5,4533,4618.5,4764.5,4923,5101,5276.5,5416,5485.5,5453.5,5345.5,5204,5013.5,4848.5,4773.5,4690,4581,4510.5,4475,4447,4406.5,4344,4284.5,4256.5,4255.5,4271.5,4296,4325,4360,4392,4420.5,4448,4496,4530.5,4525.5,4519,4512.5,4474,4437,4432,4424.5,4409.5,4380,4335.5,4281,4218.5,4152.5,4091.5,4036,3987.5,3948,3915,3888.5,3868,3850.5,3836,3824,3813,3806,3801.5,3798,3795,3789.5,3780,3769,3756.5,3741,3723,3701.5,3678,3652,3624.5,3597.5,3570,3542,3512.5,3480.5,3448.5,3418.5,3390,3362,3336,3311.5,3287,3265,3244.5,3224,3205,3188.5,3173,3157.5
Sierra Leone,Sierra Leone,39,SLE,694,SRL,Sub-Saharan Africa,Sub-Saharan Africa,West Africa,Least developed countries,"","",West and Central Africa,Programme countries,"","",Africa,Sub-Saharan Africa,Sub-Saharan Africa (excluding high-income),Low income,Low income,Low and middle income,Africa,Sub-Saharan Africa,Least developed countries,Excluding China,OIC,Africa,OIC Low income,"",Countdown,West Africa,Africa,Western Africa,Fragile,Fragile,Fragile,Fragile,Non-fragile,Fragile,Other Fragile,Non-fragile,Fragile,Other fragile,non-FCS,"","",Africa,Western Africa,"",Sub-Saharan Africa,"",Least developed countries,"","","",Sub-Saharan Africa,Sub-Saharan Africa,Western Africa,Sub-Saharan Africa (inc. Sudan),Least Developed Countries (LDCs),"","","",Global Strategy,Non conflict,Sub-Saharan Africa,West and Central Africa,Sub-Saharan Africa,West and Central Africa,Low income,Low and middle income,Sub-Saharan Africa,West and Central Africa,Low income,Low and middle income,African Group,Economic Community of West African States,GAVI,West and Central Africa,Non-humanitarian,High burden,"",West and Central Africa,West and Central Africa,LiST,"",LiSTSBR,"","","","","","","","","","",ECA_West Africa,ECA_All countries,"","","","","","","","","",ESCAP_Africa (AFR),ECA_African Union Commission,ECA_ECOWAS,"",ECA_CEN-SAD,"","","",ECA_Non-Oil Producing,ECA_Least developed countries,ECA_Mineral-rich countries,ECA_Non-Oil LDCs,"",ECA_Sub-Saharan Africa,"","","","","","","",98268.5,99416.5,100609.5,101781,102885,103957.5,105016.5,106112,107371.5,109030.5,111023,112932.5,114700.5,115179,113869,112788.5,112668.5,112825.5,114261,117552.5,121017,124108.5,127422,130989.5,134619,138241.5,141919.5,145735.5,149759.5,153905,158082,162213.5,166401.5,170656.5,174880.5,179199.5,184052.5,189415.5,195024.5,200708.5,209756.5,213117.5,210015,210467.5,212020,212888.5,214498.5,217897.5,220596,222245.5,228408,243209.5,258553,270099,280001,288180.5,295159.5,302305,310867,320522.5,330311,340151,350659,361570.5,372980.5,385175.5,397776.5,409934.5,421093,430726,439262.5,447682,455954,464494,473888.5,483492,492565.5,501027.5,507972,513036.5,516926.5,520282,523985.5,528713,534695.5,541626,548536.5,554463.5,559515.5,564071,568186,571819,575212,578031.5,580195,582233,584239.5,585925.5,587740.5,589956.5,592158,594253,595990,597302.5,598210.5,598941,599615,600167.5,600619,600872,600961.5,600834,600531.5,599992.5,599239.5,598520,597831.5,597148,596280.5,595098.5,593652.5,591981.5,590187.5,588414,586527.5,584767.5,583260.5,581736.5,580117.5,578285,576274.5,574296.5,572397.5,570568,568640,566420,564153.5,561733,559194.5,556767,554389,551962.5,549377.5,546515.5,543580.5,540724,537920,535221.5,532525,529825,87369,88319.5,89340,90393.5,91438,92464,93514.5,94632.5,95739.5,96822,97944.5,99097,100320,101764.5,103597.5,105701.5,107697,109537,110102.5,108893.5,107865,107684.5,107705,108936,111900,114967,117681.5,120697.5,124028,127468.5,131005,134690.5,138496,142516.5,146719.5,150931.5,155430,160353,165306,169876,177098,179520,176381,176247.5,177432.5,178299.5,179759,182783.5,185184,186022.5,190543.5,202874,215818,225785.5,234750,242527,249286,256128.5,263740.5,271744.5,279950,288184,296560,305394,314686.5,323887,333601,344254,355278,366746.5,379125,391708.5,403617.5,414639.5,423673,430959,438105,445398,452951,461650,471085,480149.5,488713.5,495663.5,500583.5,504402,507681,511115.5,515490.5,521339,528501,535666.5,541612.5,546633.5,551410.5,555526,558937,562038.5,564649,566573.5,568421.5,570680.5,572689.5,574564.5,576468.5,578420.5,580333,581796,582962.5,583850.5,584587.5,585180,585956.5,586623.5,586794,586997.5,587213,587291.5,587038.5,586384,585526,584565,583589,582605,581178.5,579593.5,578117.5,576466,574843,573164.5,571442.5,570020,568767.5,567396,565624,563527,561756,560022.5,558074.5,556180.5,554148,551919.5,549488,546855.5,544431,542079.5,539455.5,536682,533847,531075.5
Singapore,Singapore,101,SGP,702,SIN,South-eastern Asia,South-eastern Asia,"","","",SIDS,Non-programme countries,"","","",Western Pacific,East Asia and Pacific,"",High income,High income,"",Asia,"",Excluding least developed countries,Excluding China,"","","","","","","","","","","","","",Non-fragile,"","",Non-fragile,"",non-FCS,"","",Asia,South-Eastern Asia,"",Eastern and South-Eastern Asia,South-Eastern Asia,"",Small island developing States,South-Eastern Asia and Oceania (exc. Australia and New Zealand),"",Eastern and South-Eastern Asia,Asia,South-Eastern Asia,South-Eastern Asia,"",Small island developing States (SIDS),"","","",Non conflict,East Asia and Pacific,"","","","","","","","","",Asia-Pacific Group,"","",High Income Countries,Non-humanitarian,Non-high burden,"","","","","","","","","","",EAPR Countries,EAPR Countries (excluding China),"","",ASEAN Countries,"","","","","","","",ESCAP_ASEAN (ASEAN),"","","",ESCAP_South-East Asia (SEA),ESCAP_All countries,"","","","","","","","","","","","","","",ESCAP_Small Islands Developing States,ESCAP_WB High Income Economies,"","","","",48589,52013,55560,59235.5,62857,66180.5,68859.5,70141.5,70024.5,69818.5,70701,73339.5,78254.5,85514.5,94218,102967,110820.5,117341.5,122553.5,127103,131583.5,136145,140759.5,145119,148852,151803,153564.5,153721.5,152572,150245,148160,147980.5,147113.5,143300.5,137549.5,131316,126924.5,126111,128018,130610,131779.5,131251.5,130078,129170,130268,134825,141781.5,149233.5,154155,155304.5,156659,157988,156637,156675,161473.5,169611.5,181215.5,196621.5,210147.5,216743,219766.5,223580.5,228198,231056.5,231219,230624.5,228367,223026.5,219480,218301,211672.5,204018,207493.5,201706.5,180267.5,160624.5,143619.5,130887,122821.5,118707,117888.5,118871.5,119651.5,120049.5,120723,121159,121170,121484,122802,124744,126870,129504,132450,134852,136365,137309,137669,137377,136545,135170.5,133162,130626,127672.5,124200,120150.5,115796,111393,107082,102965,99229.5,96011,93389,91401,89994.5,89090.5,88539.5,88330,88535.5,89081,89805,90724.5,91780,92890,94006,94995,95844.5,96648,97288,97621.5,97675.5,97469.5,97014,96273,95291,94109.5,92712,91137,89500.5,87860,86172,84509,82920.5,81451.5,80125.5,78882,77789.5,76897,76181.5,75617,75231.5,43602.5,46444,49555.5,52689.5,55687.5,58573.5,61569,64344.5,66429,68146.5,69716,70872,71315.5,71068,70750,71384,73926.5,79046.5,86793.5,96044,105085.5,112745,118545.5,123011.5,127169,131580,136469.5,141557,146132,149918,155296,163599,169804,171114,169244.5,164227,158313.5,154715.5,152777.5,152099.5,152406,153121.5,155808,160920,167207.5,174820.5,183919,192169,195218.5,193294.5,194066.5,197366,195493.5,190682.5,190927,197860,210246.5,230409,254537,271529,281664,293487.5,307420,317967.5,323443.5,326223,325495.5,320199.5,317230.5,318035,310931.5,300290.5,304466.5,306668,295040.5,280044.5,261600,241676,220972,199914,179908.5,162810.5,150166,142259,138349.5,137549.5,138322.5,138923.5,139272,139859,140161,140010,140183.5,141449,143321,145455.5,148220.5,151147,153626.5,155345.5,156320,156711,156769,156255.5,154780.5,152645.5,150107.5,147100.5,143414.5,139203.5,134638.5,129947,125457.5,121337,117627,114180,111204.5,109095.5,107750,106864,106551,106670,106990,107473,107883,108253,109005,109979.5,110847,111575.5,112179,112651,112910,112997,112959,112662.5,112012,111097.5,110008.5,108608,106984.5,105312.5,103688,102056.5,100205,98335,96526,94782.5,93165.5,91756.5
Slovakia,Slovakia,166,SVK,703,SLK,"","","","","","",Non-programme countries,"","","",Europe,Europe and Central Asia,"",High income,High income,"",Europe,"","","","","","","","","","","","","","","","",Non-fragile,"","",Non-fragile,"",non-FCS,"","",Europe,Eastern Europe,"",Europe and Northern America,Europe,"","","Europe, Northern America, Australia and New Zealand","Australia and New Zealand, Central Asia, Europe and North America",Europe and Northern America,Europe,Eastern Europe,"","","","","","","",Europe and Central Asia,Western Europe,"","","","","","","","",Eastern European Group,"","",High Income Countries,Non-humanitarian,Non-high burden,"","","","","","","","","","","","","","","","","",ECE_All countries,ECE_European Union (E25),ECE_Euro area (EMU),"","","","","","","",ESCAP_Europe (Europe),"","","","","","","","","","","","","","","","","","","","",151464,149610,147574,146396.5,146417,147982.5,150986.5,154371.5,157588,160874.5,162605,163887.5,168357,175570.5,182754.5,192187,204663,214825,222040.5,228352,232662.5,234064,233911,232707.5,229799.5,225952,221816.5,216796.5,212808.5,211518.5,210085.5,206842,203205,198801.5,194329.5,192052.5,192462.5,195997,202759.5,211381.5,219863,227718.5,234666.5,239474,241856.5,242234.5,240686,238177,235601.5,232474,229890,227685.5,223908.5,219462.5,214902,209893.5,205225.5,200868.5,196442.5,190830.5,182946.5,174166,166208.5,158648,152288.5,148268,144668,140494.5,137086.5,135353,134950.5,135233,137648.5,141262,143954,145439.5,147709.5,150549.5,151222,150105,149227,148747,148759.5,150055.5,150997,150715,149359.5,146523.5,142317,138003.5,133932.5,129715,126026.5,123260,120771.5,118475.5,116346.5,114454.5,112853.5,111549.5,110555,109856.5,109437,109272.5,109324.5,109541,109867.5,110259.5,110651,111011.5,111328.5,111554,111615,111477.5,111124,110528.5,109690.5,108627.5,107366.5,105919,104300,102556,100732,98857.5,96985.5,95189,93516.5,91975.5,90597,89404,88386.5,87529,86830,86280.5,85857,85543.5,85317.5,85163.5,85068.5,85008.5,84945,84854,84727.5,84541,84255,83869,83399.5,82833,82161,81398,148360.5,149598,150664,151031.5,150704.5,149403,147003,144427,142991.5,143140.5,145391,149441,152753.5,154607.5,156385,156570,156304,160262,167830,175623.5,185901.5,199383.5,210357,217768.5,223900,227912,229431.5,229727,228928.5,226490.5,223305.5,219432.5,213966,209345,207353,205331,202075,198807,194783,190743,188947,189808,193532.5,200218,208707.5,217173,225334,232616.5,237593,240240.5,241053.5,239877,237499.5,234795.5,231320.5,228331,225932.5,222294.5,217916.5,213281.5,208286,203805,199758.5,195824,190699.5,183073.5,174458.5,166537,158816,152306.5,148395.5,144487.5,141061.5,138832,136164.5,133531.5,132823,134467,137038.5,140283,142876,145724.5,148551.5,149225,148121,147257,146791,146820,148126.5,149078,148809,147467.5,144649,140462,136165,132114,127922.5,124259.5,121519,119051,116768,114654,112775,111184.5,109901.5,108932,108248.5,107843,107692.5,107751,107973.5,108312,108714,109113.5,109483,109810,110049,110126.5,110004.5,109665.5,109086,108262.5,107208,105957,104525,102916.5,101181,99369,97511.5,95659.5,93880,92223,90701,89339.5,88160,87155.5,86310.5,85624,85085.5,84668.5,84359,84138,83988.5,83899,83847.5,83792.5,83710,83591,83408,83127.5
Vietnam,Viet Nam,102,VNM,704,SVN,South-eastern Asia,South-eastern Asia,"","","","",East Asia and Pacific,Programme countries,"","",Western Pacific,East Asia and Pacific,East Asia and Pacific (excluding high-income),Middle income,Lower middle income,Low and middle income,Asia,"",Excluding least developed countries,Excluding China,"","","","","","","","",Non-fragile,Non-fragile,Non-fragile,Non-fragile,Non-fragile,Non-fragile,"",Non-fragile,Non-fragile,"",non-FCS,"","",Asia,South-Eastern Asia,"",Eastern and South-Eastern Asia,South-Eastern Asia,"","",South-Eastern Asia and Oceania (exc. Australia and New Zealand),"",Eastern and South-Eastern Asia,Asia,South-Eastern Asia,South-Eastern Asia,"","","","",Global Strategy,Non conflict,East Asia and Pacific,"",East Asia and Pacific,"",Lower middle income,Low and middle income,East Asia and Pacific,"",Lower middle income,Low and middle income,Asia-Pacific Group,"",GAVI,East Asia and the Pacific,Non-humanitarian,Non-high burden,"",East Asia and Pacific,East Asia and Pacific,LiST,LiSTSBR,LiSTSBR,EAPR Program Countries,EAPR Program Countries (excluding China),"","",EAPR Countries,EAPR Countries (excluding China),"","",ASEAN Countries,"","","","","","","",ESCAP_ASEAN (ASEAN),"","","",ESCAP_South-East Asia (SEA),ESCAP_All countries,"","","","","","","","","","","","","","","",ESCAP_WB Lower Middle Income Economies,"","","","",1254686.5,1249191,1229113.5,1199821.5,1173129.5,1154886.5,1143098,1138366.5,1141637,1152228.5,1170084.5,1196359.5,1231173,1281779.5,1387538,1536105.5,1664044,1803587.5,1955392,2071042,2160558.5,2265977,2383586.5,2499983,2606122,2704867,2774869.5,2813922,2864238,2895821.5,2909179,2948776.5,2975955,2968813,2976068.5,3004501.5,3063198,3159381.5,3280615,3397577,3504567.5,3605827,3692536.5,3760974,3830115.5,3905603.5,3978329,4061147.5,4159255.5,4257840,4337700.5,4384680,4387862.5,4357517,4326830.5,4319713,4320547,4336469.5,4391372.5,4439148,4412298,4302460,4140373,3929499.5,3725739.5,3591689,3457232,3317539.5,3273254,3306934,3341801.5,3395727,3498379,3598765.5,3693613.5,3772006,3857577,4031187,4205381.5,4301924,4397737,4438987.5,4320594,4140100,4004890.5,3897564,3809773,3740964.5,3687594.5,3632007.5,3548993.5,3465593,3392355.5,3331200.5,3282959.5,3248566.5,3226716,3215887.5,3214988,3221937,3234217.5,3249487.5,3266150.5,3281448,3292816,3299098,3299635.5,3292989,3278088.5,3255445,3225689.5,3189381.5,3147538.5,3102293,3054839,3006062,2956822.5,2907963.5,2860758,2815705,2773477.5,2735771,2703211.5,2675685.5,2654198,2637966,2624955.5,2614307,2605711,2598411,2591772.5,2585734,2579812,2573446,2566044,2557073,2546183.5,2533197.5,2517988.5,2500538.5,2481136,2459540.5,2436054.5,2411626,2386201.5,2359669.5,2332672,2305559,2278537.5,2252522.5,1084832,1099484.5,1125884,1157185,1182374,1197438,1200039,1187485,1164668.5,1142188.5,1125706.5,1114691,1110084,1112030,1120303.5,1135427,1158588,1190184.5,1235080,1332542,1472638,1596568,1728154.5,1868536.5,1976392.5,2065063.5,2175940,2305048.5,2435642,2536110.5,2620798.5,2681222,2708422.5,2749907.5,2786004,2804502.5,2838410,2861467,2856069.5,2866406,2900348.5,2967747.5,3070681.5,3194579,3313648.5,3423223.5,3526513.5,3622381.5,3709487,3790838.5,3859531,3913935.5,3971551.5,4037910.5,4108993.5,4174709.5,4200496,4158951,4066191.5,3989473.5,3997583.5,4087176,4203278.5,4313407.5,4381412,4357386.5,4195907.5,3926327.5,3634863.5,3418549.5,3307564.5,3233482.5,3182571.5,3198567,3249386.5,3276828,3323744.5,3421297,3520194.5,3614709.5,3693683.5,3779897.5,3953128,4126458,4222716,4318254,4359242.5,4242283,4064172.5,3930889.5,3824945,3738510.5,3671046.5,3618557,3563635,3481770.5,3399522,3327075.5,3266563.5,3218764,3184866,3163275.5,3152543,3152154.5,3159871.5,3172840.5,3189086.5,3206769,3222454,3233949.5,3240733,3241879,3235628.5,3221310,3199545.5,3170531.5,3134625.5,3093330,3049095,3002870,2955083.5,2906771.5,2858632.5,2811674,2766923,2725241,2688281.5,2656308.5,2629240.5,2607955.5,2591678,2578611,2567987,2559730.5,2553102,2547260.5,2541787.5,2536180.5,2530122.5,2522876.5,2513763.5,2502981,2490546,2475886.5,2459003,2440333.5,2418992,2395443.5,2370865,2345126
Slovenia,Slovenia,190,SVN,705,SLV,"","","","","","",Non-programme countries,"","","",Europe,Europe and Central Asia,"",High income,High income,"",Europe,"","","","","","","","","","","","","","","","",Non-fragile,"","",Non-fragile,"",non-FCS,"","",Europe,Southern Europe,"",Europe and Northern America,Europe,"","","Europe, Northern America, Australia and New Zealand","Australia and New Zealand, Central Asia, Europe and North America",Europe and Northern America,Europe,Southern Europe,"","","","","","","",Europe and Central Asia,Western Europe,"","","","","","","","",Eastern European Group,"","",High Income Countries,Non-humanitarian,Non-high burden,"","","","","","","","","","","","","","","","","",ECE_All countries,ECE_European Union (E25),ECE_Euro area (EMU),"","","","","","","",ESCAP_Europe (Europe),"","","","","","","","","","","","","","","","","","","","",70060,68289.5,66668.5,65215.5,64349,63921.5,63703.5,64042.5,65075,65450.5,63793,62072.5,61948,62612.5,64745,69682.5,74641.5,77445.5,79325.5,80137.5,79410,78264,77252,75932.5,74691.5,73542.5,72493,71914,71787.5,71780.5,72088.5,72973,73748.5,74018.5,74028,73371,72334,72055.5,72418.5,73045,74134.5,75288,75983.5,76535,77206.5,77867,77867.5,76967,75270.5,73103,71032.5,68911.5,67086.5,66057.5,65088.5,63621.5,62149,60343,57729,55319,53511,52060,50998.5,50147,49376.5,48942,48637,48269.5,48125.5,48237.5,48512.5,48921,49851.5,51591.5,53988.5,56489,58400.5,59600.5,59848,59363,58626,57710.5,56908.5,56272.5,55596.5,54709,53989,53091.5,51926,50908,49992.5,48941,47910,47126,46392.5,45789,45365,45117.5,45051.5,45152,45386.5,45737.5,46178,46675,47200,47709,48175.5,48570.5,48888,49108.5,49210.5,49208.5,49100,48875,48523.5,48058.5,47515.5,46921.5,46279.5,45609.5,44946.5,44295.5,43660,43056.5,42508.5,42038.5,41651.5,41345.5,41112,40953,40864.5,40842.5,40879,40954,41063,41197,41338,41486.5,41633.5,41754,41828,41852,41822,41733,41592.5,41405,41176,40909.5,40610,40275,63557,66608,68290,68826,68706,67855.5,66869,66195,65412.5,64792.5,64517.5,64511,65079,66216,66530,64799.5,63257.5,63572.5,64763.5,67400.5,72726,77642,80084.5,81806.5,82866,82874,82569.5,82059.5,80890.5,79465,77850,75960,74518.5,74241.5,74398,74859.5,75917.5,76369,76100,75575.5,74381,72805,71885,71781,72156,73369.5,74830,75867,76432.5,77367,78341.5,78269.5,77569,76258.5,74130.5,72159,70695.5,70398.5,70442.5,69673.5,67795,64988,62180,59026,56315.5,54395,53114.5,52428.5,52908,54402.5,56111.5,55895.5,53823.5,52002,51211,51454.5,52464,54390.5,56909.5,59609,62054,63924,65092,65326.5,64848,64115.5,63187,62353,61697.5,61018,60135.5,59427,58520.5,57328,56279.5,55339.5,54278.5,53259,52502.5,51792.5,51187.5,50748.5,50472,50365.5,50425.5,50620.5,50943,51354.5,51838.5,52356.5,52832.5,53265,53648,53954,54144,54222.5,54211,54091.5,53834,53438.5,52946,52383.5,51769,51099.5,50402.5,49724,49062,48418,47800,47238,46747,46335.5,46018,45776.5,45607.5,45509,45466,45475,45534.5,45630,45738,45860.5,45999.5,46126,46228,46291.5,46302,46253.5,46160.5,46024.5
Somalia,Somalia,11,SOM,706,SOM,Sub-Saharan Africa,Sub-Saharan Africa,Eastern Africa,Least developed countries,"","",Eastern and Southern Africa,Programme countries,MENAEMRO,"",Eastern Mediterranean,Sub-Saharan Africa,Sub-Saharan Africa (excluding high-income),Low income,Low income,Low and middle income,Africa,Sub-Saharan Africa,Least developed countries,Excluding China,OIC,Arab,OIC Low income,"",Countdown,Eastern Africa,Africa,Eastern Africa,Fragile,Fragile,Fragile,Fragile,Fragile,Fragile,Extremely Fragile,Fragile,Fragile,Extremely fragile,Fragile and Conflict-affected Situation,Conflict,"",Africa,Eastern Africa,"",Sub-Saharan Africa,"",Least developed countries,"","","",Sub-Saharan Africa,Sub-Saharan Africa,Eastern Africa,Sub-Saharan Africa (inc. Sudan),Least Developed Countries (LDCs),"",HAC,HAC,Global Strategy,Conflict,Sub-Saharan Africa,Eastern and Southern Africa,Sub-Saharan Africa,Eastern and Southern Africa,Low income,Low and middle income,Sub-Saharan Africa,Eastern and Southern Africa,Low income,Low and middle income,African Group,"",GAVI,Eastern and Southern Africa,Humanitarian,High burden,Fragile,Eastern and Southern Africa,Eastern and Southern Africa,LiST,"",LiSTSBR,"","","","","","","","","","",ECA_Eastern Africa,ECA_All countries,"","","","","","","","","",ESCAP_Africa (AFR),ECA_African Union Commission,ECA_IGAD,"",ECA_CEN-SAD,ECA_COMESA,"","",ECA_Non-Oil Producing,ECA_Least developed countries,"",ECA_Non-Oil LDCs,"",ECA_Sub-Saharan Africa,"","","",ESCWA_Arab countries,ESCWA_Arab LDCs subregion,ESCWA_Countries in conflict,ESCWA_Arab Low-Income Countries (LICs),108303,110693.5,113660.5,116807.5,119487.5,121573.5,123195,124385.5,125498,127287,130200.5,134153.5,139136.5,144712,151159,159960,170010,179424.5,188521,196843,202789,207149.5,211643.5,216378.5,221266.5,226260.5,231369,236844,253267.5,285436.5,309662,310685.5,310304,318927,329307.5,341424,354313,365603,364020,355781.5,352506.5,341736,332533.5,346593,366674,382616.5,399157.5,415708.5,434723,453280,472172.5,491308,509295,526525.5,540879,547328.5,545142,547935,564964,591006,625368.5,659897.5,691789.5,721812.5,747827,773545.5,803174,834732,864453.5,895368.5,927895.5,960209.5,987239,1013315,1036899,1052280,1067326,1095466,1138292.5,1189564,1249997,1313323.5,1365883,1408556.5,1451157.5,1494124,1536155,1578485.5,1620828,1660787.5,1700424,1741207,1778879,1811859,1842516.5,1870758,1897227.5,1923454.5,1949678,1975659,2002436,2029948.5,2056772,2082205,2107404.5,2133012,2157429.5,2180279,2201927.5,2224016.5,2246482.5,2267399.5,2287941,2310096,2333656.5,2357412,2379816.5,2400436,2419344,2436979,2453984,2469902,2484643,2498679,2511792,2522764,2532445.5,2542431.5,2551637.5,2559608,2565946,2569652,2573106,2577391,2581157.5,2585157,2589351,2592373.5,2594653,2597339,2601062.5,2604600.5,2606231.5,2606629,2606470.5,2605724.5,2604743.5,2603601,2602235.5,2601130,96815.5,98260.5,99577.5,100884.5,102450,104300,106547.5,109363.5,112354.5,114933.5,117010,118676,119953.5,121213,123106.5,126017.5,129895,134743.5,140160.5,146405.5,154924.5,164613.5,173661,182430,190422.5,196034.5,200108.5,204479.5,218245.5,245536,265939,266332.5,265507.5,272401,280765,290584,301036,310168,307459,298542,294114,283281.5,273961,283662,297409.5,307474,318369,329823.5,344962.5,361513,378844.5,396822,414400,431587,448592.5,465066.5,479748,494464.5,507823,515967,517429.5,507071,502419,520331.5,550161.5,586813.5,633135,678028.5,710371.5,737869.5,767283,797112.5,823079.5,849191.5,874911,895640.5,915182.5,934341,952482.5,968532.5,981809,995130,1020644.5,1060255,1108415.5,1166727.5,1228247.5,1279758,1321759.5,1362101,1402727,1442683,1480787,1518702,1556050,1593136.5,1631582.5,1668455,1700472,1728201.5,1753479,1778090.5,1802163.5,1826724,1853640.5,1882336,1909826.5,1935045,1957564.5,1981618.5,2008591,2032097.5,2051972,2071502,2091718.5,2112021.5,2131004.5,2149558.5,2168976,2189683,2212172.5,2234441.5,2254612,2273255,2291048.5,2305059,2316450,2329938.5,2344198,2357335,2368332.5,2375428.5,2382671.5,2391338,2399030,2407078.5,2413993.5,2417185,2418101.5,2418530,2421157.5,2426296,2430429,2433532.5,2436846.5,2439984,2442539,2443177,2442364,2442337
South Africa,South Africa,20,ZAF,710,SAF,Sub-Saharan Africa,Sub-Saharan Africa,South Africa,"","","",Eastern and Southern Africa,Programme countries,"","",Africa,Sub-Saharan Africa,Sub-Saharan Africa (excluding high-income),Middle income,Upper middle income,Low and middle income,Africa,Sub-Saharan Africa,Excluding least developed countries,Excluding China,"","","","",Countdown,Southern Africa,Africa,Southern Africa,Non-fragile,Non-fragile,Non-fragile,Non-fragile,Non-fragile,Non-fragile,"",Non-fragile,Non-fragile,"",non-FCS,"","",Africa,Southern Africa,"",Sub-Saharan Africa,"","","","","",Sub-Saharan Africa,Sub-Saharan Africa,Southern Africa,Sub-Saharan Africa (inc. Sudan),"","","","","",Non conflict,Sub-Saharan Africa,Eastern and Southern Africa,Sub-Saharan Africa,Eastern and Southern Africa,Upper middle income,Low and middle income,Sub-Saharan Africa,Eastern and Southern Africa,Upper middle income,Low and middle income,African Group,"","",Eastern and Southern Africa,Non-humanitarian,Non-high burden,"",Eastern and Southern Africa,Eastern and Southern Africa,LiST,"",LiSTSBR,"","","","","","","","","","",ECA_Southern Africa,ECA_All countries,"","","","","","","","","",ESCAP_Africa (AFR),ECA_African Union Commission,"",ECA_SADC,"","","","",ECA_Non-Oil Producing,"",ECA_Mineral-rich countries,"","",ECA_Sub-Saharan Africa,"","","","","","","",650190.5,661647.5,673181,684710,697199.5,711562,728219,747584.5,768868,793253.5,821935,853878.5,888349.5,926168.5,961246,990401,1018971.5,1048471.5,1077164.5,1109929.5,1149630.5,1191149,1232640.5,1273106,1311167,1346393.5,1380076.5,1417099,1458108.5,1499611,1547476,1600576.5,1649798.5,1692099,1727785,1777950,1848433.5,1917460,1976974.5,2025703.5,2061399,2071320.5,2073796,2058388,2078812.5,2159081,2264468,2389102.5,2505699,2628107.5,2747199,2849085.5,2923791.5,2964223.5,2971317.5,2948064,2910681.5,2870717.5,2830874.5,2786710,2752272,2727028.5,2694904.5,2661262.5,2633486,2611001.5,2529798.5,2461260.5,2463574,2471706.5,2489546.5,2520442.5,2570183.5,2634461.5,2693789,2731293.5,2742075,2735314.5,2719049.5,2695407.5,2668663,2649083.5,2646764.5,2669628,2721861.5,2797328.5,2889027,2965424.5,3007178.5,3026891,3027410.5,3005980,2985176.5,2976841.5,2965611,2953361,2942346,2932516,2923002,2913889,2905837.5,2899534,2894621,2891211.5,2890731,2893610.5,2899669,2908787,2920433.5,2933508,2946787,2958939.5,2969126.5,2976752.5,2981048,2981703,2979679.5,2976842.5,2974031,2971653,2970555.5,2970389.5,2969371.5,2967565.5,2966191,2965085.5,2964000,2963050.5,2961750,2959849,2957978,2956230.5,2954177.5,2952303.5,2950696.5,2948887,2947501,2946746.5,2946285.5,2945864.5,2945036.5,2944341.5,2943792.5,2942490,2940943,2939760.5,2938704,2937862,2938211,2939313,591746,599483.5,607479,614686,622077,631024,641002.5,651693.5,661966.5,674721,693335,715477.5,740280,768071.5,798147.5,830319.5,864148.5,899343.5,937286.5,971932.5,999738.5,1027941,1059163.5,1090569.5,1126366.5,1169275.5,1211738.5,1255139.5,1300745.5,1343242.5,1389448,1442365,1495511,1546684.5,1594224,1643767.5,1696173,1747517.5,1801326,1860344,1925104,1972183,1988812,2029300.5,2031037,1992533.5,1976635.5,1978397,2018264,2066978,2119994.5,2194302.5,2304540,2438127,2578063.5,2712845.5,2824188,2900520.5,2938684.5,2944987,2925643,2895267,2862167.5,2832228,2814145.5,2836922.5,2786646.5,2699903.5,2684963.5,2677352,2671576.5,2659911,2638467,2607070.5,2587995,2597837,2639019,2704072,2778001.5,2841805,2880432,2893076.5,2888664.5,2874349,2852656.5,2828542.5,2811581.5,2811535.5,2836396,2889751,2965939,3058659,3136252,3179312.5,3200665,3202994,3184018.5,3166132.5,3159886,3150523.5,3140491.5,3131962,3124105.5,3115857.5,3108497.5,3102365.5,3097173,3093431,3092100.5,3093390.5,3097460,3104561.5,3114865.5,3128060.5,3142748.5,3156760.5,3169337.5,3180113.5,3187907,3192467,3194990,3196008.5,3194538,3191703.5,3189721.5,3188690,3187752.5,3187221.5,3187332,3187532.5,3187907.5,3188564.5,3188703.5,3187892.5,3186074,3183266.5,3181102.5,3179736,3178426.5,3177522,3176719.5,3176652.5,3176685.5,3176456,3176474.5,3175642,3174052,3172470.5,3171212,3170664
Zimbabwe,Zimbabwe,22,ZWE,716,ZIM,Sub-Saharan Africa,Sub-Saharan Africa,South Africa,"","",LLDC,Eastern and Southern Africa,Programme countries,"","",Africa,Sub-Saharan Africa,Sub-Saharan Africa (excluding high-income),Middle income,Lower middle income,Low and middle income,Africa,Sub-Saharan Africa,Excluding least developed countries,Excluding China,"","","","",Countdown,Southern Africa,Africa,Southern Africa,Fragile,Fragile,Fragile,Fragile,Fragile,Fragile,Other Fragile,Fragile,Fragile,Other fragile,Fragile and Conflict-affected Situation,Institutional and Social Fragility,"",Africa,Eastern Africa,"",Sub-Saharan Africa,"","",Landlocked developing countries,"","",Sub-Saharan Africa,Sub-Saharan Africa,Eastern Africa,Sub-Saharan Africa (inc. Sudan),"",Landlocked developing countries (LLDCs),HAC,"",Global Strategy,Non conflict,Sub-Saharan Africa,Eastern and Southern Africa,Sub-Saharan Africa,Eastern and Southern Africa,Lower middle income,Low and middle income,Sub-Saharan Africa,Eastern and Southern Africa,Lower middle income,Low and middle income,African Group,"",GAVI,Eastern and Southern Africa,Non-humanitarian,High burden,Fragile,Eastern and Southern Africa,Eastern and Southern Africa,LiST,"",LiSTSBR,"","","","","","","","","","",ECA_Southern Africa,ECA_All countries,"","","","","","","","","",ESCAP_Africa (AFR),ECA_African Union Commission,"",ECA_SADC,"",ECA_COMESA,ECA_Land-locked countries,"",ECA_Non-Oil Producing,"",ECA_Mineral-rich countries,"","",ECA_Sub-Saharan Africa,"","","","","","","",139676,142777.5,146162.5,149944,154306,159164.5,164396,170100.5,176203.5,182276.5,188016,193276.5,197553.5,200094.5,207232.5,220771,235639,251913,270244,284584,290963,294742.5,298955,303920.5,309979,315636.5,320163.5,318181,299917,284347,338061,406032.5,434511,459732,478055.5,495325,511070.5,518068.5,523478.5,539387,560472.5,583806.5,573865.5,557133.5,574594,606808.5,653457,703317,749581.5,786905.5,807477,813084.5,804556.5,783784.5,755458,724684,702634.5,693708.5,689394,685118,681498.5,680387.5,680416,686546.5,705392,733562,766811,799827,829291,853091,871075.5,884655,898981,917897.5,944594,980182,1021500.5,1063426.5,1098607.5,1120508,1127271.5,1122069,1109034,1094122,1083439,1080887,1086292.5,1098047,1112522,1125775.5,1137248,1147611.5,1156713.5,1166881.5,1180204,1195848.5,1213063,1230986,1248625.5,1265193.5,1280427.5,1294188.5,1306107.5,1316438,1325430.5,1333295.5,1340092,1346219,1351835.5,1356175.5,1359259.5,1361495.5,1362645,1362686,1362183,1361716,1361580.5,1361667,1361819,1361852,1361960,1362081.5,1362593,1363734,1365040,1366151,1367194.5,1368405,1369432.5,1370185.5,1370937.5,1371713.5,1371994.5,1371658,1371020.5,1369750.5,1367692,1365132,1361880.5,1358117.5,1354448,1350313,1345591,1340533.5,1335306,1329956.5,1324217,1318409.5,1312545.5,1306443.5,121827,124403.5,126512,128380,130459.5,132992.5,135872,139025.5,142568.5,146686,151301,156317,161828.5,167732,173585.5,179058.5,183988.5,187903.5,190121.5,196929.5,208736,220505,233654,248749.5,259892,264329.5,266613.5,263097,246230.5,230326.5,266021.5,312277,329497.5,345577.5,358285.5,372976,389094.5,397993.5,403997.5,418065.5,434995,451804.5,432828,400244.5,395452.5,405286,429895.5,462542,500995.5,538857.5,568898.5,598493.5,631552,661658,685250.5,700953,711042,705381,682422,655596,629363,606858.5,591258,578693.5,564887.5,552408.5,545517.5,547617,562408.5,591482,630604,674060.5,716573.5,755294,789384.5,818224,841175.5,861654,884002,912167,947370,988019,1029590.5,1064900,1086804.5,1093719,1088720.5,1075417.5,1060219.5,1049316.5,1046541,1052361.5,1064308.5,1078660,1091856,1102862.5,1112611,1121105,1130924.5,1143981.5,1159608.5,1177192.5,1195413,1213114,1229333,1243973,1256867.5,1268094,1278038,1286464,1293896,1300803.5,1307451.5,1313478.5,1317818,1320884.5,1323007.5,1323796,1323625.5,1323084,1322511,1322092,1322653.5,1323807,1324351.5,1324429.5,1324694.5,1325129,1325587.5,1326406.5,1327497.5,1328457,1329141.5,1329751.5,1330428,1330985.5,1331754,1332520.5,1332115,1331139,1330237.5,1328086.5,1325093,1321516.5,1317917.5,1314900.5,1310981,1306323,1301499,1295904.5
Spain,Spain,191,ESP,724,SPN,"","","","","","",Non-programme countries,"","","",Europe,Europe and Central Asia,"",High income,High income,"",Europe,"","","","","","","","","","","","","","","","",Non-fragile,"","",Non-fragile,"",non-FCS,"","",Europe,Southern Europe,"",Europe and Northern America,Europe,"","","Europe, Northern America, Australia and New Zealand","Australia and New Zealand, Central Asia, Europe and North America",Europe and Northern America,Europe,Southern Europe,"","","","","","","",Europe and Central Asia,Western Europe,"","","","","","","","",Western European and Others Group (WEOG),"","",High Income Countries,Non-humanitarian,Non-high burden,"","","","","","","","","","","","","","","","","",ECE_All countries,ECE_European Union (E25),ECE_Euro area (EMU),"","","","","","","",ESCAP_Europe (Europe),"","","","","","","","","","","","","","","","","","","","",1346941,1342812.5,1323842.5,1267637,1200700.5,1166503,1149673.5,1132684.5,1142896.5,1185725,1228475.5,1250897.5,1285878,1315476,1335717,1338626,1337306,1344130,1343444.5,1337666,1345360.5,1363421.5,1385370.5,1412453,1458776,1504965.5,1534402,1556284,1576556,1606542,1642776.5,1680498,1706720.5,1711315,1705266.5,1698612.5,1689115.5,1682777.5,1687257,1694770.5,1701814,1708764.5,1712176.5,1707819,1689962.5,1658979.5,1612208,1551941,1486774,1420956.5,1355899.5,1296955,1259750,1240111.5,1227113,1216143.5,1209241.5,1211591.5,1210524.5,1194888.5,1174109,1155397.5,1137325.5,1120932,1115718.5,1124717,1140924,1159295.5,1184348.5,1216714,1240432.5,1256655,1276126,1297054.5,1316066,1327337,1326375,1314145.5,1285532,1251893.5,1225801.5,1200150,1172130.5,1141331,1106142.5,1062364,1016729.5,978983.5,952680.5,934270.5,922892.5,916083,907853.5,899646,892106.5,885423.5,880271.5,877083,875975,876695.5,879415.5,884219,890312,897185.5,904681,912388.5,919395,925222,929684.5,932216,932422,929917,924798,917386,907697,896372.5,883902.5,870473,856842,843482.5,830466,818048,806478,795926,786666.5,778848.5,772687,768155,764951,762756.5,761378.5,760645,760565.5,761173.5,762274,763642.5,765218.5,766744.5,767816.5,768468.5,768813,768841.5,768345,767154.5,765209,762463.5,758751,754023.5,748333.5,741763,1321607,1325283.5,1321826,1318206,1302563.5,1285630.5,1272263,1248884.5,1213638.5,1171398.5,1150364.5,1138092.5,1111424,1108199,1138760.5,1169318,1186428.5,1224831,1258897.5,1283585.5,1294714.5,1301397.5,1310771.5,1310418.5,1302150.5,1307953,1328059.5,1354190.5,1387241,1425937.5,1458323.5,1492248.5,1527695,1558134,1596020.5,1635585.5,1669459,1690989,1693496.5,1684653,1677149.5,1675711.5,1682933.5,1698297.5,1716491,1735225,1751319,1759575.5,1758938.5,1742589.5,1711326.5,1663675,1622284,1589912.5,1552000,1513101.5,1476630.5,1458399.5,1439069,1399673,1352196,1312151.5,1279548,1246453,1214875.5,1191261,1177043,1172503,1177874,1198110.5,1222854,1239958.5,1249537,1256318.5,1276321,1305549.5,1336680,1371765.5,1406863,1431921.5,1441542,1438997,1425527,1396096.5,1361949,1335463,1309414.5,1280919.5,1249648.5,1213922.5,1169509,1123351.5,1085045.5,1058359,1039682.5,1027792.5,1020540,1012113,1003896.5,996203.5,989644,985114.5,982099,980410,980655.5,983129,986821.5,991637,998068,1005076.5,1012000,1018191,1022887,1026155.5,1027568.5,1026879.5,1023863.5,1018419,1010448.5,1000153.5,988143,974840,960482,945884,931637.5,917819,904769.5,892711,881889.5,872197.5,863795.5,857006.5,851865.5,847936,844988,842930,841630.5,841064,840944.5,841049,841453.5,842407,843586.5,844494.5,845121.5,845325.5,845107,844266,842567.5,840117
South Sudan,South Sudan,999,SSD,728,SSUD,Sub-Saharan Africa,Sub-Saharan Africa,Eastern Africa,Least developed countries,"",LLDC,Eastern and Southern Africa,Programme countries,"","",Africa,Sub-Saharan Africa,Sub-Saharan Africa (excluding high-income),Low income,Low income,Low and middle income,Africa,Sub-Saharan Africa,Least developed countries,Excluding China,"","","","",Countdown,Eastern Africa,Africa,Eastern Africa,Fragile,Fragile,Fragile,Fragile,Fragile,Fragile,Extremely Fragile,Fragile,Fragile,Extremely fragile,Fragile and Conflict-affected Situation,Conflict,USAID,Africa,Eastern Africa,"",Sub-Saharan Africa,"",Least developed countries,Landlocked developing countries,"","",Sub-Saharan Africa,Sub-Saharan Africa,Eastern Africa,Sub-Saharan Africa (inc. Sudan),Least Developed Countries (LDCs),Landlocked developing countries (LLDCs),"","","",Conflict,Sub-Saharan Africa,Eastern and Southern Africa,Sub-Saharan Africa,Eastern and Southern Africa,Low income,Low and middle income,Sub-Saharan Africa,Eastern and Southern Africa,Low income,Low and middle income,African Group,"",GAVI,Eastern and Southern Africa,Humanitarian,High burden,Fragile,Eastern and Southern Africa,Eastern and Southern Africa,LiST,"",LiSTSBR,"","","","","","","","","","",ECA_Eastern Africa,ECA_All countries,"","","","","","","","","",ESCAP_Africa (AFR),ECA_African Union Commission,ECA_IGAD,"",ECA_EAC,"",ECA_Land-locked countries,ECA_Land-locked LDCs,ECA_Oil producing economies,ECA_Least developed countries,"","",ECA_Oil LDCs,ECA_Sub-Saharan Africa,"","","","","","","",128379.5,130480.5,132739,135151.5,137710,140427.5,143249.5,146101.5,148780,151390.5,154149.5,156832,159105,160235.5,160343,159906,159166.5,159069,160569.5,163745.5,167844.5,172739.5,178120,183745.5,189545,195124.5,200473,205515.5,210264.5,214908,219352,223719.5,228525,233599.5,238682,244657,252117.5,257964.5,261143.5,262147,264796.5,270312,273195,273781.5,277581.5,283014.5,286636.5,291051.5,294295.5,298632,305533,309313,307948,306037,314875,334085,358861.5,391227,426377,453175.5,477240,501847,519155.5,532245,533109,534537.5,536944,533524,561146.5,607383.5,643349.5,668494,689697,727359,763232,783774.5,803416,820964.5,830697.5,829371,814463.5,788562.5,757481.5,725490,701304,692283.5,694068.5,700677,713324.5,728394,742676.5,757727,774623.5,792982.5,811420.5,829370,846291.5,861617,874786.5,885425,893194,898458,901738,902704.5,901869.5,900137,897694.5,894944,892104.5,889519.5,887145,884893.5,883142,881939.5,881230,881021.5,881169,881734,882881.5,883934.5,884519.5,885311.5,886221.5,886861,887461,887690,887156,886564,886091.5,885379,884270,882939,881807,880585,879282,877543.5,875186,872144.5,868596.5,864946,860744,856267.5,852061.5,847857.5,843475,839338,835576,831820.5,828335,825028.5,112080.5,113736.5,115472.5,117305.5,119231.5,121258.5,123344.5,125425.5,127229,128849.5,130659,132651,134820.5,136828,139347,142046.5,143438,143928.5,143633.5,142156,140263,139936.5,141498,145103.5,150867,157338,163752.5,169840.5,175552.5,180906,185995,190830,195369.5,199128.5,201839,203971,206125.5,206091,204994,204225.5,206606,213626,219431,223482,231040.5,239781.5,245699.5,252232.5,258004,265738.5,277401,288931,300056,311121.5,322574,334390,344391.5,350189.5,354790.5,367034.5,394028,427110,457887.5,484818,474972.5,448335.5,415611.5,361943.5,354149,392116.5,433207.5,467774,505001,561443.5,612502.5,647315.5,677409,703458.5,726674,748183,767934.5,787418,805005,814583,813534,799763.5,775259.5,745450,714804,691597,682947,684881.5,691519,703860,718574,732477,747150.5,763635.5,781325,799009.5,816162,832703,848668.5,862427,873421,881734,887107.5,890325,891311,890892.5,889444,886934.5,884367.5,882017.5,879883.5,878314,876891,875587,875242,874877,873871,873873.5,875116.5,876777,878829,880333.5,880645.5,880993.5,881526,881951.5,881932.5,881347,881148.5,881121,881085,880262,879078.5,877856.5,876478.5,875474.5,873713.5,870953,867745.5,863966,859419.5,854923.5,851091.5,847251.5,843873.5,840896
Sudan,Sudan,48,SDN,729,SUD,Sub-Saharan Africa,Sub-Saharan Africa,North Africa,Least developed countries,"","",Middle East and North Africa,Programme countries,MENAEMRO,"",Eastern Mediterranean,Sub-Saharan Africa,Sub-Saharan Africa (excluding high-income),Low income,Low income,Low and middle income,Africa,"",Least developed countries,Excluding China,OIC,Arab,OIC Lower middle income,OIC Middle income,Countdown,North Africa,Africa,Eastern Africa,Fragile,Fragile,Fragile,Fragile,Fragile,Fragile,Extremely Fragile,Fragile,Fragile,Extremely fragile,Fragile and Conflict-affected Situation,Conflict,"",Africa,Northern Africa,"",Northern Africa and Western Asia,Northern Africa,Least developed countries,"","","",Northern Africa and Western Asia,Northern Africa,Northern Africa,Sub-Saharan Africa (inc. Sudan),Least Developed Countries (LDCs),"",HAC,HAC,"",Conflict,Sub-Saharan Africa,Eastern and Southern Africa,Sub-Saharan Africa,Eastern and Southern Africa,Low income,Low and middle income,Sub-Saharan Africa,Eastern and Southern Africa,Low income,Low and middle income,African Group,"",GAVI,Eastern and Southern Africa,Humanitarian,High burden,Fragile,Middle East and North Africa,Eastern and Southern Africa,LiST,"",LiSTSBR,"","","","","","","","","","",ECA_North Africa,ECA_All countries,"","","","","","","","","",ESCAP_Africa (AFR),ECA_African Union Commission,ECA_IGAD,"",ECA_CEN-SAD,ECA_COMESA,"","",ECA_Oil producing economies,ECA_Least developed countries,ECA_Mineral-rich countries,"",ECA_Oil LDCs,ECA_Sub-Saharan Africa,"","","",ESCWA_Arab countries,ESCWA_Arab LDCs subregion,ESCWA_Countries in conflict,ESCWA_Arab Low-Income Countries (LICs),326163.5,334934,344067.5,353366,362700,372190.5,381888,391846.5,402318.5,414120.5,427701.5,442686,458734,475023.5,490509,507148.5,525836.5,545359.5,566236.5,589134,612110.5,633851,655816,688587.5,722424.5,748651,775883.5,804488,839443,878229.5,919870,962795,1004993.5,1043556.5,1068671.5,1085974.5,1107260.5,1131935.5,1152294.5,1166541.5,1177858.5,1185290,1191627,1211577.5,1248533,1294304,1336425.5,1379880.5,1428982.5,1471468,1508997,1543331.5,1575952.5,1603479.5,1632140,1665558.5,1699452.5,1740463.5,1799677,1872356.5,1939601.5,1999739.5,2059103,2117936,2184556,2258493.5,2331115,2413488,2493846,2555996.5,2610304,2665153.5,2720139.5,2737128,2742199.5,2789853,2852547,2902880.5,2943905,2984429.5,3030209.5,3087238.5,3155984.5,3238505.5,3331795,3421778,3501522,3575094.5,3640173.5,3695697.5,3743981,3791692,3842244,3890457.5,3935214.5,3979015,4017942.5,4048715.5,4075039,4100420.5,4125786.5,4149458.5,4172235,4196142,4220448.5,4245465,4273876,4304734,4336954.5,4370374.5,4405425,4441487.5,4478108,4515656.5,4552976.5,4588657.5,4623764.5,4658563.5,4690146.5,4719428,4747901,4774232.5,4797709,4817994,4834807,4848211,4857599.5,4863894.5,4868870,4872195.5,4873874.5,4875825.5,4878668.5,4881990,4885839.5,4889201,4892432,4896481,4901204.5,4906514,4912113.5,4918030.5,4924511.5,4930186,4933999,4937584.5,4940480,4942182.5,4942942.5,4942044.5,277914,285125.5,292655,300298.5,308045.5,315973.5,324199.5,332863,341601,350593.5,360247,370339.5,380824,391942.5,404158.5,417786,432500,448050.5,463822.5,478767.5,494940.5,512944.5,531765.5,557524,586525,613671.5,640052.5,666048.5,698105.5,731950.5,766470,799911.5,830864.5,857138,871549.5,881497,892463,904896,918580.5,932747.5,947733,966905,988883,1010129.5,1029531.5,1046272,1050946,1054929.5,1076702.5,1110943,1154098,1202724.5,1251399.5,1288785.5,1317835,1346628.5,1374495.5,1404258.5,1444759.5,1496319,1537602,1568794,1612846,1672738.5,1752459,1846684,1938962.5,2041831,2138189,2207283,2265933,2326747,2389536,2416736,2411896.5,2438489.5,2491401.5,2527323.5,2552780.5,2585574,2626975.5,2671609,2713562,2753969,2793729.5,2837937,2892840,2959054,3037897.5,3126549.5,3212360.5,3288862.5,3359464,3421974.5,3475505.5,3521734.5,3566971,3614366,3659097.5,3701441.5,3743649.5,3780498.5,3809161.5,3833128,3855761.5,3878226.5,3898346.5,3917193,3937575.5,3958142.5,3979562,4005471.5,4034868.5,4065622,4097045.5,4129455.5,4163296.5,4198547.5,4233261,4267362.5,4300746,4333887,4367124.5,4397512,4425506.5,4452079.5,4475337.5,4495557.5,4513956.5,4528784,4539826,4547440,4552680.5,4557654.5,4562133,4564745.5,4566975.5,4569884.5,4571954,4573400,4574049.5,4574334,4576413,4579864,4582191,4585511.5,4590957,4597236,4603385.5,4608028.5
Suriname,Suriname,133,SUR,740,SUR,Latin America and the Caribbean,Latin America and the Caribbean,"","",Latin America,SIDS,Latin America and Caribbean,Programme countries,"","",Americas,Latin America and the Caribbean,Latin America and the Caribbean (excluding high-income),Middle income,Upper middle income,Low and middle income,Latin America and the Caribbean,"",Excluding least developed countries,Excluding China,OIC,Asia/other,OIC Upper middle income,OIC Middle income,Countdown,"","","",Non-fragile,Non-fragile,Non-fragile,Non-fragile,Non-fragile,Non-fragile,"",Non-fragile,Non-fragile,"",non-FCS,"","",Americas,Latin America and the Caribbean,South America,Latin America and the Caribbean,"","",Small island developing States,"","",Latin America and the Caribbean,Latin America and the Caribbean,South America,Latin America and the Caribbean,"",Small island developing States (SIDS),"","","",Non conflict,Latin America and Caribbean,"",Latin America and Caribbean,"",Upper middle income,Low and middle income,Latin America and Caribbean,"",Upper middle income,Low and middle income,Latin American and Caribbean Group (GRULAC),"","",Latin America and Caribbean,Non-humanitarian,Non-high burden,"",Latin America and the Caribbean,Latin America and Caribbean,LiST,"",LiSTSBR,"","","","","","","","","","","",ECLAC_All countries,"","","",ECLAC_Carribean,"","","","","",ESCAP_Latin America (LAC),"","","","","","","","","","","","","","","","","","","","",10079,10501,10679.5,10837.5,10970,11067,11146.5,11232,11333,11461,11637.5,11864,12296.5,12949.5,13627.5,14350.5,15181.5,16176.5,17441,19018,20856,22821,23959.5,24127.5,24127.5,24120,24243,24552.5,24990,25411,25804,26000,25818,25401.5,24914.5,24490,24144.5,23793,23508,23273.5,22898.5,22416,21915.5,21349,20856,20736.5,21062.5,21812,22915.5,24119.5,25112,25701,25818,25491.5,25014.5,24670.5,24465.5,24380.5,24416,24533.5,24740,25113,25653,26288.5,26964,27609.5,28133,28462.5,28554,28450.5,28198.5,27892,27660.5,27557,27592,27694.5,27770.5,27809,27839.5,27855.5,27852,27802,27651.5,27404.5,27126,26867,26672,26567,26534,26541,26561,26567,26545,26502,26440.5,26366,26288,26214,26141,26056.5,25969,25874.5,25763,25639.5,25505,25355.5,25190,25020,24844,24664.5,24489,24312.5,24139,23967,23800,23646,23497.5,23360,23234,23112,22997.5,22885.5,22772,22658.5,22546.5,22433,22318,22202.5,22085.5,21969,21850,21729,21610.5,21491.5,21369.5,21242,21110.5,20980,20843,20696,20548,20399,20244,20084.5,19927.5,19771,19613.5,19459.5,19308.5,19162,7977,8340.5,8664.5,8996,9322.5,9633.5,9912.5,10142.5,10319,10434,10481,10481,10652.5,11044.5,11344,11480.5,11623.5,11872.5,12248,12764,13456.5,14387.5,15351.5,16178,16880,17359.5,17577,17562.5,17429,17341,17927,19193.5,20532,21794,22853.5,23606,23957.5,23894.5,23638,23327,22905,22469,22102,21727,21422.5,21327,21286,21142,20925.5,20784,20941.5,21510,22455,23617.5,24537,25005.5,25158,25015.5,24647,24225.5,23918,23746,23692,23757.5,23902,24131.5,24508.5,25030,25645.5,26373,27105,27664,27987.5,28044.5,27871,27557.5,27233.5,27010,26936,26984.5,27086,27161,27198.5,27227.5,27244.5,27247.5,27205,27052,26805,26536.5,26293,26115,26026.5,26006.5,26019.5,26047,26050.5,26027,25987,25917.5,25836.5,25758,25684.5,25613.5,25539,25468.5,25382.5,25282,25159,25010,24858.5,24693,24522.5,24352.5,24190.5,24037.5,23870.5,23703.5,23541,23372.5,23214.5,23072,22939,22811.5,22697,22587,22475,22368.5,22263,22159,22047.5,21928.5,21809,21688,21566.5,21442,21316.5,21194.5,21064,20927,20798,20669.5,20536.5,20401.5,20266.5,20130,19993,19853.5,19709,19564.5
Swaziland,Eswatini,21,SWZ,748,SZD,Sub-Saharan Africa,Sub-Saharan Africa,South Africa,"","",LLDC,Eastern and Southern Africa,Programme countries,"","",Africa,Sub-Saharan Africa,Sub-Saharan Africa (excluding high-income),Middle income,Lower middle income,Low and middle income,Africa,Sub-Saharan Africa,Excluding least developed countries,Excluding China,"","","","",Countdown,Southern Africa,Africa,Southern Africa,Non-fragile,Non-fragile,Non-fragile,Non-fragile,Non-fragile,Fragile,Other Fragile,Non-fragile,Fragile,Other fragile,non-FCS,"","",Africa,Southern Africa,"",Sub-Saharan Africa,"","",Landlocked developing countries,"","",Sub-Saharan Africa,Sub-Saharan Africa,Southern Africa,Sub-Saharan Africa (inc. Sudan),"",Landlocked developing countries (LLDCs),"","","",Non conflict,Sub-Saharan Africa,Eastern and Southern Africa,Sub-Saharan Africa,Eastern and Southern Africa,Lower middle income,Low and middle income,Sub-Saharan Africa,Eastern and Southern Africa,Lower middle income,Low and middle income,African Group,"","",Eastern and Southern Africa,Non-humanitarian,Non-high burden,"",Eastern and Southern Africa,Eastern and Southern Africa,LiST,"",LiSTSBR,"","","","","","","","","","",ECA_Southern Africa,ECA_All countries,"","","","","","","","","",ESCAP_Africa (AFR),ECA_African Union Commission,"",ECA_SADC,"",ECA_COMESA,ECA_Land-locked countries,"",ECA_Non-Oil Producing,"","","","",ECA_Sub-Saharan Africa,"","","","","","","",13540,13774,14034.5,14316,14600.5,14887.5,15184.5,15492.5,15833.5,16242.5,16738,17316.5,17972,18663,19576,20743.5,21906,22755,23305.5,23604,23639.5,23663,23744,23908.5,24170.5,24534,25042.5,25840.5,26869.5,27946,29004.5,29998,30975,32033,33192,34908,37119.5,39336.5,41887.5,44416,46671.5,48993.5,51285,53208.5,53777.5,54809.5,57357.5,59523,61152.5,62583.5,63647.5,64144,64169,63855,63521,63565,64074,64927,65690,65861.5,65417,64697.5,64026,63629,63765,64371.5,64924.5,65127.5,64997,64408.5,63810.5,63755,64046,64360,64665.5,64999,65335,65673,65993.5,66329,66648,66787.5,66887.5,67122,67382.5,67607,67856.5,67998.5,67901,67657,67312.5,66912,66473.5,66076,65754.5,65465,65187,64908.5,64625.5,64342.5,64051,63758,63475.5,63190,62892.5,62592.5,62280.5,61940,61580.5,61196,60760.5,60290.5,59810.5,59308,58786.5,58260,57737,57201.5,56654.5,56113,55584,55064,54557,54079.5,53611.5,53143.5,52679,52222.5,51774.5,51323.5,50865,50402.5,49934.5,49463.5,48986,48511,48059.5,47618.5,47176,46732,46282,45824,45368,44919.5,44467,44013,43565.5,43117,42665.5,42209,11666,11802.5,11955,12120.5,12295,12473,12662.5,12872.5,13097,13313,13517.5,13722,13934,14190.5,14557.5,15082,15735.5,16386.5,16942.5,17615,18419.5,19121,19684,20155,20376,20337,20311,20437,20729,21149,21706,22404,23231,24173,25168,26464,28039.5,29682,32058.5,34660,36974.5,39465,41891,43551.5,42584,41939,43677.5,45170,46543.5,48106.5,49560,50812,51793.5,52515.5,53024.5,53215.5,53024,53159,54057,55257.5,56491,57470.5,58006,58169.5,57971,57546.5,57189.5,57224.5,57656.5,58386.5,59474,60420,60795,60768,60500,60262.5,60456,61058,61686,62146.5,62515.5,62862,63194.5,63548.5,63919,64238.5,64378.5,64477,64702.5,64967.5,65184,65446,65618,65523,65275,64954,64575,64141,63763.5,63481.5,63215,62952.5,62703,62433,62137.5,61831,61531.5,61256,61006.5,60746,60452,60136.5,59802,59437.5,59052.5,58640,58208.5,57753,57259.5,56747,56240.5,55733,55210.5,54686.5,54149.5,53618.5,53102.5,52609,52176.5,51769.5,51345,50918.5,50478.5,50012,49530.5,49046,48579.5,48139,47712,47273,46836.5,46410.5,45988,45572.5,45153,44723,44290.5,43866.5,43442,42991
Sweden,Sweden,192,SWE,752,SWD,"","","","","","",Non-programme countries,"","","",Europe,Europe and Central Asia,"",High income,High income,"",Europe,"","","","","","","","","","","","","","","","",Non-fragile,"","",Non-fragile,"",non-FCS,"","",Europe,Northern Europe,"",Europe and Northern America,Europe,"","","Europe, Northern America, Australia and New Zealand","Australia and New Zealand, Central Asia, Europe and North America",Europe and Northern America,Europe,Northern Europe,"","","","","","","",Europe and Central Asia,Western Europe,"","","","","","","","",Western European and Others Group (WEOG),"","",High Income Countries,Non-humanitarian,Non-high burden,"","","","","","","","","","","","","","","","","",ECE_All countries,ECE_European Union (E25),"","","","","","","","",ESCAP_Europe (Europe),"","","","","","","","","","","","","","","","","","","","",211896.5,210863.5,211644,214849,220786.5,227407.5,233624.5,243265.5,257669,274692.5,293510,311617.5,323653,327830,325882,319743.5,310876.5,301016,292734,286525.5,282982.5,281163.5,279062.5,276462.5,275440,274666,272794.5,272443,275021.5,281540,291191,300786,308441,311447,307443.5,300177,294297,289833.5,287301.5,288417,289120.5,284992.5,278173.5,271175,265062.5,261105.5,258786,257668,257935,258742,260268.5,264295,270318.5,278951,289813,301149,312636,322969,328745.5,328874,323093,311469,297775.5,285788.5,276922,272037,273797.5,281317.5,289931.5,294936.5,297059,301305.5,307551.5,313226,319484.5,327039,332206.5,334414.5,335720,336248,335665,335571.5,335830,334894,333312.5,330742.5,327535.5,322449.5,314154.5,304595,295655,286658.5,279623,276338.5,274361,272312,270599,269432.5,268967,269266.5,270320.5,272042.5,274307,276986.5,279989.5,283236.5,286525.5,289703,292586.5,294976.5,296768,297991.5,298630,298657.5,298136,297092.5,295529,293426.5,290891.5,288075.5,285110,282112.5,279205,276501.5,274077,271955.5,270156,268673.5,267518.5,266760,266396,266460.5,266888.5,267669,268796.5,270140,271609.5,273202,274894,276478,277826,278882,279620.5,280060.5,280238,280172,279908.5,279480,278790.5,277820.5,233107,228929,225996.5,221848.5,217368,215458,215718,217667,221461,227003,232936,239698,250044.5,264656,283084,304860.5,325261,337102.5,340149,339984.5,338191.5,329564.5,315799,303496.5,293748.5,287826.5,286589,286817,285527.5,284875.5,284042,281253,279041,279949.5,285689,295398.5,305711,314323,318520,316764,311196,305014.5,299443,295980.5,296601.5,296772.5,291966,284289,276119.5,268547.5,264187.5,262812,262792,264150,265837,268033.5,273491.5,281432.5,291088,303159,316259.5,327952,337238,342786.5,344288.5,341391,334608,325275.5,315350,310893.5,309057,307331.5,308760.5,309857,310734,315916.5,325564.5,336465.5,345847,353493,360593.5,365388.5,367339,368492,368907,368245,368144,368361.5,367329,365698,363126,359879,354793.5,346566,337025.5,328049.5,318993,311869.5,308476,306425,304380,302698.5,301534.5,301049,301258.5,302218.5,303914.5,306251,309066,312201,315539,318934.5,322147,324986,327406,329234,330403,330983.5,331002,330509.5,329535.5,328065.5,326027,323452,320565,317595,314660,311801,309172.5,306812,304620,302729,301128.5,299856.5,299056.5,298674,298643.5,299040,299944,301152.5,302556,304117,305728,307316.5,308762,309951.5,310910,311675.5,312116,312269
Switzerland,Switzerland,193,CHE,756,SWZ,"","","","","","",Non-programme countries,"","","",Europe,Europe and Central Asia,"",High income,High income,"",Europe,"","","","","","","","","","","","","","","","",Non-fragile,"","",Non-fragile,"",non-FCS,"","",Europe,Western Europe,"",Europe and Northern America,Europe,"","","Europe, Northern America, Australia and New Zealand","Australia and New Zealand, Central Asia, Europe and North America",Europe and Northern America,Europe,Western Europe,"","","","","","","",Europe and Central Asia,Western Europe,"","","","","","","","",Western European and Others Group (WEOG),"","",High Income Countries,Non-humanitarian,Non-high burden,"","","","","","","","","","","","","","","","","",ECE_All countries,"","","","","","","","","",ESCAP_Europe (Europe),"","","","","","","","","","","","","","","","","","","","",165100,163800,162250,160850,160199.5,159900,162500.5,170100,180801.5,192702.5,205860,221114,235663.5,245625.5,248830,245481,240373.5,237419.5,235253.5,232256,228661,226306.5,227433.5,230331.5,233349.5,235273,236597,239403,244367,250888,257637,262509,263748.5,261315,256566.5,250847.5,244986.5,238887.5,232329.5,225761,219359,212662.5,207558,204968,203423,203869,205861,207703,209537.5,212164,214166,214204.5,214774,217549,220680.5,223930,227682,231381,233616.5,233757,232481.5,230425.5,228193.5,226603.5,225632.5,225211,225711.5,224638.5,221539,218663,216888,217107.5,218693,220727,224401.5,228663.5,231918.5,234638.5,236489,237838,239603.5,241498,242907,244038,244546.5,243831.5,243426,242252.5,240015,238356,236735.5,233817,231081,228763,225446.5,221980,218731.5,215878,213521,211682.5,210368.5,209613.5,209464,209812,210548,211697.5,213168,214891.5,216801.5,218726,220621.5,222463.5,224123.5,225546.5,226742,227682,228333.5,228776,228961.5,228820.5,228356.5,227617.5,226727,225670,224435,223158,221877.5,220549.5,219289.5,218126,217072,216214.5,215535,215046,214770.5,214704,214863,215217,215682.5,216267,216980.5,217784.5,218641.5,219456.5,220222,220930,221479,221902,222197.5,222344,167500,169250,172800.5,176200.5,179299.5,181948.5,183998,185398,186898.5,189350,192473.5,199312,211484.5,225085.5,235858,242686,248441,253785,256891.5,256950.5,250118.5,241945,239296.5,236645,231714.5,226363,223150,223257.5,224894,227859.5,231895,236830.5,242766.5,248688.5,254839,260835.5,264971.5,266448.5,265193,261604.5,256989,252274.5,246590.5,239722.5,232688.5,225710,218396,212385,208973.5,207527.5,208513,212071.5,215678,218201,220802.5,222841,224159.5,226598.5,231635,236430.5,242020,247905.5,251447,253400,253543,253105.5,253389,252759.5,250264,248156.5,247121,245477,241564,236265.5,233748,234901.5,237848.5,242080.5,246813.5,251626.5,255520.5,258591,261140,262800.5,264098,265818.5,267562,268840.5,269848,270207,269503.5,269138,268012,265883.5,264269,262627.5,259727.5,257129.5,255027,251892,248497,245277,242435.5,239970.5,237914.5,236442.5,235668.5,235679.5,236241,237120,238416.5,239944.5,241573.5,243438.5,245359.5,247149,248846,250530,252029,253241.5,254110.5,254626,254972.5,255035,254683,254187.5,253629,252749.5,251602.5,250312,248913,247445,245978.5,244640,243415,242271,241344.5,240699,240168,239777,239679.5,239828.5,240095,240447,240988.5,241719,242488.5,243399.5,244392,245326.5
Syria,Syrian Arab Republic,64,SYR,760,SYR,Western Asia,Western Asia,"","","","",Middle East and North Africa,Programme countries,MENAEMRO,"",Eastern Mediterranean,Middle East and North Africa,Middle East and North Africa (excluding high-income),Low income,Low income,Low and middle income,Asia,"",Excluding least developed countries,Excluding China,OIC,Arab,OIC Lower middle income,OIC Middle income,"","","","",Fragile,Fragile,Fragile,Fragile,Fragile,Fragile,Extremely Fragile,Fragile,Fragile,Extremely fragile,Fragile and Conflict-affected Situation,Conflict,"",Asia,Western Asia,"",Northern Africa and Western Asia,Western Asia,"","","","",Northern Africa and Western Asia,Asia,Western Asia,"Western Asia (exc. Armenia, Azerbaijan, Cyprus, Israel and Georgia)","","","","","",Conflict,Middle East and North Africa,"",Middle East and North Africa,"",Low income,Low and middle income,Middle East and North Africa,"",Low income,Low and middle income,Asia-Pacific Group,"","",Middle East and North Africa,Humanitarian,High burden,Fragile,Middle East and North Africa,Middle East and North Africa,LiST,"",LiSTSBR,"","","","","","","","","","","","","","","","","","","","","",ESCAP_Other Area (OTH_REGION),"","","","","","","","","","","","","","","","",ESCWA_Arab countries,ESCWA_Mashreq subregion,ESCWA_Countries in conflict,ESCWA_Arab Low-Income Countries (LICs),176305,177045,178032,179447.5,181570,184893,189460.5,195014,201298.5,208865,218513.5,229447.5,242288.5,258870,272807,282075,291038,298734.5,304355.5,313865,328733,344425.5,360510.5,376382,391759,406821,421911,437149,452734,468642.5,484986.5,502863.5,524412,548043.5,572082,596959.5,621211,644908,669137.5,694104.5,719920.5,746460,774859,804241.5,832079,857764,881130.5,902323,923856,947170.5,971828,998655.5,1027160,1054457.5,1080747,1104808,1140425.5,1188057.5,1198238.5,1187059,1191518.5,1194203.5,1174535,1113541.5,1057225.5,1051078,1088165.5,1137649,1195801.5,1262227,1306913,1333962,1376029,1441030,1489605.5,1513283,1526412.5,1521769,1488537,1428240.5,1348410,1258332,1173300,1106256.5,1074527,1084930.5,1124179,1177882.5,1243235.5,1319262,1395593.5,1466728,1533118,1590224,1631493,1660893.5,1683309.5,1697854.5,1704475.5,1703104.5,1693251.5,1674711,1648873,1618588.5,1585558.5,1550291,1514576.5,1479287,1445456.5,1415301.5,1389207,1367199.5,1350655,1340367.5,1336233.5,1337654.5,1343073.5,1351699.5,1363355.5,1376901.5,1391675.5,1407235.5,1422223,1435245,1445514.5,1452914,1457120.5,1457281,1453287,1446194,1436766,1424313,1408907,1391194.5,1371979,1352435,1332166.5,1311979,1293671.5,1277249.5,1262102.5,1248902,1238017,1229120.5,1222147.5,1217557,1214960.5,1213410,1213126,1213730.5,164721,166273.5,167692,169096,170421,171478,172366,173504,175075,177349.5,180806,184936,189397.5,194394,200431.5,208216.5,217971,230397,246373.5,259587.5,268061,275938,282191.5,286013,293565,306773,320699,334765.5,348612.5,362118.5,375465,389337,405289,423164.5,442746.5,464065.5,485978,508687,532117,555815.5,580171,604195.5,628324,653009,677046,700011.5,722656,746520.5,771875,797207,821028,843080.5,863301.5,883889,910644.5,943739.5,1010571.5,1113848.5,1160204.5,1158798.5,1166867.5,1157997.5,1097152.5,950901.5,796775,718763.5,719629,759790.5,839580,961649.5,1071533.5,1162310.5,1264352.5,1375819.5,1453734,1492939,1509452,1519981.5,1537060.5,1552117,1557809,1556395.5,1540052,1497600,1430152.5,1344756.5,1250354.5,1162255,1093216.5,1059077.5,1067675,1105733.5,1158221.5,1222163,1296686.5,1372528.5,1443709,1509073,1565553.5,1607915,1638736,1661924.5,1676890.5,1684876.5,1685206.5,1675075,1655573,1628504.5,1595868,1561846.5,1527012.5,1490507.5,1454233.5,1420452,1390635.5,1365746.5,1345104,1328966,1318787,1313740.5,1313632,1318970.5,1328812,1341137,1355019,1370599.5,1386789,1401050,1412709.5,1423208.5,1433596,1441269.5,1444058,1441806.5,1435158,1425491,1410986,1393200.5,1375195.5,1356678,1336541.5,1316352.5,1297123,1278781.5,1261618.5,1246601,1233629.5,1221703.5,1212023,1204450
Tajikistan,Tajikistan,142,TJK,762,TAD,Caucasus and Central Asia,Caucasus and Central Asia,"","","",LLDC,Europe and Central Asia,Programme countries,"","",Europe,Europe and Central Asia,Europe and Central Asia (excluding high-income),Middle income,Lower middle income,Low and middle income,Asia,"",Excluding least developed countries,Excluding China,OIC,Asia/other,OIC Low income,"",Countdown,"","","",Non-fragile,Non-fragile,Non-fragile,Non-fragile,Non-fragile,Fragile,Other Fragile,Non-fragile,Fragile,Other fragile,non-FCS,"","",Asia,Central Asia,"",Central and Southern Asia,Central Asia,"",Landlocked developing countries,"","Australia and New Zealand, Central Asia, Europe and North America",Central and Southern Asia,Asia,Central Asia,Caucasus and Central Asia,"",Landlocked developing countries (LLDCs),"","",Global Strategy,Non conflict,Europe and Central Asia,Eastern Europe and Central Asia,Europe and Central Asia,Eastern Europe and Central Asia,Lower middle income,Low and middle income,Europe and Central Asia,Eastern Europe and Central Asia,Lower middle income,Low and middle income,Asia-Pacific Group,"",GAVI,Eastern Europe and Central Asia,Non-humanitarian,Non-high burden,"",Europe and Central Asia,Eastern Europe and Central Asia,LiST,LiSTSBR,LiSTSBR,"","","","","","","","","",EECA,"",ECE_All countries,"ECE_Eastern Europe, Caucasus and Central Asia (CIS)",ECE_CIS (CWG),"","","",ESCAP_ECO (ECO),"",ESCAP_LLDC (LLDC_E),ESCAP_North and Central Asia (NCA),ESCAP_All countries,"","","","","","","","","","","","","",ESCAP_Countries with Special Needs,"",ESCAP_WB Lower Middle Income Economies,"","","","",84882.5,87894.5,92274,97230,100486.5,101156,99308.5,94778,87527,78980,72374.5,68435.5,67353.5,70152,77302.5,87842,100204,112680.5,124697.5,135887,144578.5,151721,159071,166821.5,174886,183128.5,191481.5,199768.5,207595.5,214413.5,220065,224912.5,229511.5,234046.5,238816.5,243587.5,248121,253152,257714,261523.5,265451.5,269667.5,270504,268985,271364,276842,283794,294366,307321.5,319633,333574,350729,369198.5,386463,401161,412718.5,419693.5,421893.5,421662,421865.5,422600.5,421811.5,421649,424845,428752.5,432786,438866.5,443482.5,440628,429517,416700,411406,416176,432104.5,458194.5,490095,518886,541722.5,563131,584982,606887.5,625738,642333.5,655460,662113,662815,664579,668774,670514,669044,664797.5,658708.5,651887.5,645849.5,641641.5,639991.5,641596.5,646440,654191.5,664316,676122,688742,701243.5,712525,721845.5,728961,733756,736568.5,737925.5,738039.5,736888,734397.5,730676.5,725884.5,720302.5,714379.5,708488.5,703014.5,698418,694985,692766,692006.5,692636,694172,696228,698509.5,700721.5,702578,703956.5,704764.5,704880.5,704136.5,702512,700319.5,697639,694255.5,690191.5,685565,680260.5,674398.5,668378.5,662422.5,656750.5,651421.5,646472.5,641977.5,638073,634787.5,631870,629160,83347.5,87740.5,88830.5,87976,87380.5,87850.5,89514,92803.5,96966.5,99814,100349,98541.5,94258,87407,79320.5,73216,69810,69215.5,72412,79750.5,90113.5,101987.5,113910,125439.5,136275.5,144869,152115.5,159590.5,167267.5,174754.5,181912,189005.5,196197.5,203229,209633.5,216877.5,223718.5,227765,230200,231734.5,233663.5,237521,240962,241853,243479.5,247222.5,251380,253463.5,255284,260791,269024.5,278369.5,287989,298019,309213,322676.5,338829.5,356303,372545,386232.5,396981.5,403697,407828,411282,414333.5,416551,417185.5,418549.5,423385.5,431842,441133.5,447544,447260,438073,423215,408880.5,402342,406500,422444.5,448653.5,480522.5,509101,531688,552805,574311.5,595991,614836,631418.5,644425,650995,651652,653336.5,657519,659234.5,657729.5,653451.5,647227,640296.5,634263,629999,628222,629777,634662.5,642367,652408.5,664234.5,676846.5,689367.5,700735.5,710138.5,717281,721921,724480,725779.5,725882.5,724607.5,722174,718618,713787,708207,702385.5,696490,690927,686238.5,682720.5,680463,679806.5,680486.5,681933,683872.5,686095,688177,689901,691433,692488.5,692692,691915.5,690353,688200,685487,682164,678319,673956,668676,662796.5,656864,650968,645309,640017.5,635101.5
Thailand,Thailand,103,THA,764,THL,South-eastern Asia,South-eastern Asia,"","","","",East Asia and Pacific,Programme countries,"","",South-East Asia,East Asia and Pacific,East Asia and Pacific (excluding high-income),Middle income,Upper middle income,Low and middle income,Asia,"",Excluding least developed countries,Excluding China,"","","","","","","","",Non-fragile,Non-fragile,Non-fragile,Non-fragile,Non-fragile,Non-fragile,"",Non-fragile,Non-fragile,"",non-FCS,"","",Asia,South-Eastern Asia,"",Eastern and South-Eastern Asia,South-Eastern Asia,"","",South-Eastern Asia and Oceania (exc. Australia and New Zealand),"",Eastern and South-Eastern Asia,Asia,South-Eastern Asia,South-Eastern Asia,"","","","","",Conflict,East Asia and Pacific,"",East Asia and Pacific,"",Upper middle income,Low and middle income,East Asia and Pacific,"",Upper middle income,Low and middle income,Asia-Pacific Group,"","",East Asia and the Pacific,Non-humanitarian,Non-high burden,"",East Asia and Pacific,East Asia and Pacific,LiST,LiSTSBR,LiSTSBR,EAPR Program Countries,EAPR Program Countries (excluding China),"","",EAPR Countries,EAPR Countries (excluding China),"","",ASEAN Countries,"","","","","","","",ESCAP_ASEAN (ASEAN),"","","",ESCAP_South-East Asia (SEA),ESCAP_All countries,"","","","","","","","","","","","","","","",ESCAP_WB Upper Middle Income Economies,"","","","",1103984,1133786,1168983.5,1205205.5,1235366,1258126.5,1274890,1285651,1293365,1305207.5,1325353.5,1352786.5,1387477,1427100.5,1473187.5,1536024,1612785,1694154,1781760,1872208,1953323.5,2025189,2096196,2167382.5,2238763,2311275.5,2385296.5,2462867.5,2544399.5,2626926.5,2708588.5,2787174,2860592,2926447,2979664,3015655.5,3035878,3046497,3050085,3046789.5,3022676.5,2975958.5,2916781,2853552.5,2800797.5,2765917.5,2755304.5,2769300.5,2797152,2821789,2828462,2806794.5,2759282,2703764.5,2659168.5,2632727.5,2619887,2613305.5,2607250.5,2597435,2595375,2609827.5,2627549.5,2629817.5,2608396.5,2567737.5,2516134,2460582,2412272.5,2380017.5,2352821,2316820.5,2274127.5,2232574,2202082.5,2179614,2158200,2139958.5,2119577,2092008.5,2057610.5,2012741.5,1956136.5,1895184.5,1834365,1775198.5,1720554.5,1672397,1630969,1596527.5,1567357.5,1542863.5,1522676.5,1505810.5,1492309,1482184.5,1474759.5,1468838.5,1463432,1457907.5,1452043.5,1445548.5,1438163.5,1430035,1421459.5,1412567.5,1402899.5,1392323.5,1381323,1369691,1356965.5,1343510,1329642.5,1315020,1299581,1283599.5,1267679.5,1251976,1236398.5,1221542.5,1207689,1194326.5,1181290,1168880.5,1157378,1146882.5,1137650.5,1129907,1123566.5,1118151,1113141,1108565.5,1104174.5,1099584,1094815,1090212.5,1085622.5,1080826,1075844.5,1070295,1064009.5,1057264,1050080,1042432.5,1034603,1026846,1019242,1011541,1003566,995598.5,955883.5,983026,1005054,1023916,1044734,1068904,1097041,1130660.5,1164931,1194190,1218358,1238116,1252865,1265065.5,1280445,1302413.5,1330032,1363739.5,1402224.5,1447603.5,1511041.5,1589024,1672526,1763373.5,1856209,1937927,2008414.5,2078264,2148963.5,2219501,2291862.5,2366680.5,2445848.5,2531966,2621955,2711388.5,2796492,2874241.5,2942089.5,2993390,3012242.5,3002785.5,2977579.5,2937641,2891108.5,2838570.5,2776351.5,2710804.5,2650164.5,2604819,2607392.5,2658942,2722039,2768859.5,2781340.5,2759796,2714373.5,2655535,2598448,2557793,2546261.5,2557111,2572043,2584251.5,2590027.5,2594129,2609774,2629574.5,2629271.5,2603363,2560749.5,2505827.5,2445622.5,2396615.5,2379257,2382052,2378257,2366755,2350970,2332408.5,2311392.5,2291348,2274319,2254950,2228366.5,2194811.5,2150754.5,2095110,2035085.5,1975130,1916833,1862793,1815024.5,1773989,1739917,1711036,1686736,1666665,1649758.5,1635946,1625357,1617444,1610807,1604693.5,1598521,1591900.5,1584632.5,1576537,1567734,1558543,1549000,1538727.5,1527601,1515961.5,1503672.5,1490182.5,1476017.5,1461460,1445898,1429441,1412461.5,1395535,1378862,1362338,1346508,1331791,1317661,1303808.5,1290615,1278260.5,1266855.5,1256785,1248150.5,1240844.5,1234456.5,1228536.5,1223159,1218061.5,1212854.5,1207310,1201789,1196324.5,1190563,1184555,1178103.5,1170916.5,1163215.5,1155193.5,1146790,1138222
Togo,Togo,40,TGO,768,TGO,Sub-Saharan Africa,Sub-Saharan Africa,West Africa,Least developed countries,"","",West and Central Africa,Programme countries,"","",Africa,Sub-Saharan Africa,Sub-Saharan Africa (excluding high-income),Low income,Low income,Low and middle income,Africa,Sub-Saharan Africa,Least developed countries,Excluding China,OIC,Africa,OIC Low income,"",Countdown,West Africa,Africa,Western Africa,Fragile,Fragile,Fragile,Fragile,Fragile,Non-fragile,"",Non-fragile,Fragile,Other fragile,non-FCS,"","",Africa,Western Africa,"",Sub-Saharan Africa,"",Least developed countries,"","","",Sub-Saharan Africa,Sub-Saharan Africa,Western Africa,Sub-Saharan Africa (inc. Sudan),Least Developed Countries (LDCs),"","","",Global Strategy,Non conflict,Sub-Saharan Africa,West and Central Africa,Sub-Saharan Africa,West and Central Africa,Low income,Low and middle income,Sub-Saharan Africa,West and Central Africa,Low income,Low and middle income,African Group,Economic Community of West African States,GAVI,West and Central Africa,Non-humanitarian,High burden,"",West and Central Africa,West and Central Africa,LiST,"",LiSTSBR,"","","","","","","","","","",ECA_West Africa,ECA_All countries,"","","","","","","","","",ESCAP_Africa (AFR),ECA_African Union Commission,ECA_ECOWAS,"",ECA_CEN-SAD,"","","",ECA_Non-Oil Producing,ECA_Least developed countries,ECA_Mineral-rich countries,ECA_Non-Oil LDCs,"",ECA_Sub-Saharan Africa,"","","","","","","",67364,68425.5,69532.5,70690,71905.5,73190.5,74546.5,75997,77605,79408,81373,83568.5,85936.5,88276.5,90576,93552,97361.5,101560,106076.5,110730,114862.5,118244.5,121306.5,124197.5,127101,130098,133204.5,136499,140129.5,144222,148930.5,154351,160318,166552,173013.5,179586.5,186263,193290.5,200693.5,208340,216143,224019,231842.5,231514,233147.5,243936.5,253348,261481,268720.5,275757.5,282458.5,288858.5,295243,301920.5,308949,316146,324024.5,331934,339427.5,346652,353284,359787,366342,373388,381421,390647,401124,412639.5,424592,436255,448258.5,461536,476336.5,492599,510043,527908.5,544314,557575.5,567838,576135.5,583236,590693,599443,608980,618481,627364.5,635336,642590.5,649727,656877.5,664068,671544.5,679578.5,688137,697177,706651,716518.5,726759,737194,747737.5,758043.5,767992.5,777622.5,786912.5,796060.5,805293,814327.5,822806,830949.5,838638,845823,852656.5,859003.5,864927,870561,875932,881148.5,886305,891512.5,896680,901648.5,906713.5,912057.5,917516.5,922954,928479.5,934026.5,939261.5,944405,949911,955473.5,960683,965723.5,970487,974866,979020,982848.5,985972.5,988673.5,991193,993220,994984,996449.5,997655,999172.5,1000973.5,1002943,1005041.5,1006901,1008361,58240,59150,60100.5,61077.5,62054.5,63027.5,64012,65021.5,66066,67145.5,68264,69426,70667,72091,73922.5,76380.5,79637.5,83571,87717.5,91550.5,95251,98772,101777,104576.5,107455.5,110055,112297,114620,117084,119880.5,123218.5,127153,131657,136645,141919.5,147278,152730.5,158342,164041.5,169941,176132,182592.5,189373,189959,192567.5,203001,212564.5,221404.5,229718.5,237714.5,245052.5,251543,257417.5,263198.5,269178.5,275093,282222.5,290042,297721,305174.5,311981.5,318823.5,325549.5,332217.5,338942,345616.5,352189.5,358835.5,365990.5,374139,383519,394173.5,405794.5,417797.5,428819,439415.5,451337.5,464937.5,480098.5,496924.5,514720.5,531181.5,544465.5,554674.5,562811,569705,576833.5,585215,594545.5,604024,612756,620550.5,627803,635032.5,642310,649584,657108.5,665010.5,673372.5,682391.5,691727,701433.5,711601.5,721677.5,731720.5,741943,751832,761055,769955.5,778611,787392.5,796224.5,804722,813150.5,821118,828305.5,835199.5,841564,847494.5,853194.5,858349.5,863200.5,868098.5,873246.5,878575,884036,889512,894699,899630.5,905005,910957.5,916883.5,922444.5,927776,933032.5,938074.5,943092.5,947598.5,951758,956012,959953.5,963598.5,966739.5,969287,972028.5,974491.5,976371,978143,979704,981379.5
Tonga,Tonga,83,TON,776,TGA,Oceania,Oceania,"","","",SIDS,East Asia and Pacific,Programme countries,"","",Western Pacific,East Asia and Pacific,East Asia and Pacific (excluding high-income),Middle income,Upper middle income,Low and middle income,Oceania,"",Excluding least developed countries,Excluding China,"","","","","","","","",Non-fragile,Non-fragile,Non-fragile,Non-fragile,Non-fragile,Non-fragile,"",Non-fragile,Non-fragile,"",non-FCS,"","",Oceania,Polynesia,"",Oceania,Oceania (exc. Australia and New Zealand),"",Small island developing States,South-Eastern Asia and Oceania (exc. Australia and New Zealand),"",Oceania (exc. Australia and New Zealand),Oceania,Polynesia,Oceania,"",Small island developing States (SIDS),"","","",Non conflict,East Asia and Pacific,"",East Asia and Pacific,"",Upper middle income,Low and middle income,East Asia and Pacific,"",Upper middle income,Low and middle income,Asia-Pacific Group,"","",East Asia and the Pacific,Non-humanitarian,Non-high burden,"",East Asia and Pacific,East Asia and Pacific,LiST,LiSTSBR,LiSTSBR,EAPR Program Countries,EAPR Program Countries (excluding China),Pacific Program Countries,Pacific Program Countries (excluding PNG),EAPR Countries,EAPR Countries (excluding China),Pacific Countries,Pacific Countries (excluding PNG),"","","","","","","","",ESCAP_Pacific island developing economies (PIDE),"","","",ESCAP_PACIFIC (PAC),ESCAP_All countries,"","","","","","","","","","","","","",ESCAP_Countries with Special Needs,ESCAP_Small Islands Developing States,ESCAP_WB Upper Middle Income Economies,"","","","",2633,2715,2802,2894,2989,3084.5,3181,3265,3335.5,3411,3495.5,3591.5,3666.5,3722.5,3787,3855,3933,4026,4135,4268.5,4422.5,4571.5,4715.5,4861.5,5040,5275,5547,5721,5772.5,5806,5839.5,5902,6009.5,6162.5,6339.5,6496,6576,6494,6279,6036.5,5810.5,5634.5,5525,5494,5544.5,5648,5774.5,5865,5880.5,5851.5,5804,5742.5,5675.5,5620.5,5582,5571.5,5599.5,5616.5,5613.5,5638,5734.5,5825.5,5763,5626,5547,5544.5,5589,5607,5619,5670,5712.5,5737.5,5739.5,5710.5,5770,5963,6137,6245,6344,6413.5,6390,6291.5,6165.5,5997.5,5780.5,5553.5,5396,5320,5268,5211.5,5151.5,5080.5,5003.5,4945,4910.5,4893.5,4890,4900.5,4924.5,4958.5,5000.5,5044.5,5083.5,5115,5136,5144.5,5141.5,5129.5,5108.5,5079,5039.5,4991,4933,4866.5,4794.5,4717,4638.5,4562,4490,4425.5,4369,4322.5,4285,4255,4233,4217.5,4208.5,4204,4201,4200.5,4201.5,4201.5,4201.5,4200.5,4197.5,4192.5,4182.5,4168.5,4151,4127,4097.5,4064.5,4027,3986,3944,3901,3857,3815,3775.5,3737.5,2207.5,2268,2333,2401.5,2475.5,2555,2639.5,2720.5,2796,2870.5,2942.5,3012,3078.5,3144.5,3216,3297,3388.5,3416,3384,3358,3336,3330.5,3379.5,3480,3614.5,3778,3946.5,4095.5,4209.5,4298.5,4357,4388.5,4402,4410.5,4433.5,4500,4644,4883.5,5145.5,5331,5413,5392.5,5288.5,5134.5,4964,4809,4700.5,4666,4696.5,4758,4816.5,4857,4879,4870.5,4846.5,4827,4811,4772,4691.5,4581.5,4465,4374,4383,4439,4449.5,4422.5,4350,4231,4097.5,3993.5,3948.5,3996,4128.5,4303.5,4505.5,4670,4798.5,4923.5,5012,5136,5348,5542,5668.5,5784,5868.5,5856.5,5767.5,5653,5500,5297.5,5083,4940,4877,4834.5,4792,4749.5,4692.5,4624.5,4573.5,4545.5,4534.5,4538.5,4557,4590,4633,4682.5,4733,4780,4820.5,4849,4865,4869.5,4864,4849.5,4826.5,4793.5,4749.5,4696.5,4635.5,4565.5,4491.5,4419,4349,4283,4222.5,4170.5,4129.5,4098,4073.5,4056,4045,4039,4037,4039.5,4044,4046.5,4048,4051,4055,4056.5,4055,4049.5,4038.5,4023,4004,3981,3951,3916.5,3880.5,3843
Trinidad & Tobago,Trinidad and Tobago,134,TTO,780,TDT,Latin America and the Caribbean,Latin America and the Caribbean,"","",Caribbean,SIDS,Latin America and Caribbean,Programme countries,"",Eastern Caribbean Area,Americas,Latin America and the Caribbean,"",High income,High income,"",Latin America and the Caribbean,"",Excluding least developed countries,Excluding China,"","","","","","","","","","","","","",Non-fragile,"","",Non-fragile,"",non-FCS,"","",Americas,Latin America and the Caribbean,Caribbean,Latin America and the Caribbean,"","",Small island developing States,"","",Latin America and the Caribbean,Latin America and the Caribbean,Caribbean,Latin America and the Caribbean,"",Small island developing States (SIDS),HAC,HAC,"",Non conflict,Latin America and Caribbean,"","","","","","","","","",Latin American and Caribbean Group (GRULAC),"","",Latin America and Caribbean,Non-humanitarian,Non-high burden,"","","","","","","","","","","","","","","","","",ECLAC_All countries,"","","",ECLAC_Carribean,"","","","","",ESCAP_Latin America (LAC),"","","","","","","","","","","","","","","","","","","","",27382,28112,29040.5,30166,31463,32906.5,34489.5,36206,38029,39881,41673,43111.5,44267.5,45453,46745,48236.5,49822,51382,52977,54854,56899,58595.5,59817.5,60830.5,61703,62580,63979,66033.5,68057,69147,68824.5,67048,64235.5,61144,58405.5,56599,55900.5,55948,56413,57079,57813.5,58558,59368.5,60373,61775.5,63681.5,65885.5,68033.5,69870,71253.5,72103.5,72379.5,71977.5,70855,69137,66834,64116,61412,58895.5,56623.5,54620,52823,51172.5,49691.5,48461.5,47567,47035.5,46813,47986.5,48212.5,47161,47300.5,47705,48032,48247,48384,48428.5,48375,48239,48014.5,47700.5,47319,46860,46321,45751.5,45112.5,44344.5,43488.5,42582,41637,40696.5,39805.5,38980.5,38225.5,37518.5,36877,36326.5,35845.5,35427,35063.5,34751,34484,34248,34024.5,33797,33556.5,33299,33025.5,32739.5,32438.5,32122,31792.5,31444.5,31085.5,30718.5,30335,29934.5,29526,29114.5,28701.5,28292.5,27895.5,27513,27141,26782.5,26443,26121.5,25813.5,25521,25240.5,24972.5,24725,24496,24278.5,24074.5,23883.5,23694.5,23502.5,23308.5,23110,22899.5,22677,22448.5,22217.5,21989,21762,21533,21303,21071,20837.5,25499.5,25563.5,25696.5,25926,26320.5,26907.5,27674.5,28627,29761,31019,32324,33419.5,34298.5,35188.5,36110,37092.5,38181,39406.5,40762.5,42262.5,44129,46269,48314,50270,52376,54494.5,56146,57286,58217.5,58998.5,59737,60921,62685,64378,65167,64787,63231.5,60748,58031,55663,54097,53525,53703.5,54294,55062.5,55866,56642.5,57451,58435,59825,61743,63987.5,66207.5,68132.5,69590.5,70483,70759,70321.5,69165,67454,65221,62644,60132.5,57819,55723.5,53826,52094,50601.5,51520.5,51234.5,48950.5,48602,48672,48613.5,48322.5,47922,47613.5,47440.5,47381.5,47414,47479.5,47481.5,47406.5,47266,47046.5,46739,46366.5,45919,45394,44837.5,44212,43459.5,42618,41726,40796,39872,38998.5,38189,37448,36754,36126,35589,35119,34711,34355,34049,33790.5,33563.5,33350,33133.5,32903,32654.5,32391.5,32114.5,31822,31514,31192.5,30856,30509,30151,29776,29385,28985,28582.5,28179,27779,27391,27016,26650,26297,25964.5,25650,25349,25064,24791,24530,24287.5,24065.5,23856.5,23658,23471.5,23288.5,23103.5,22914.5,22720.5,22515.5,22297,22073,21848.5,21624.5
United Arab Emirates,United Arab Emirates,66,ARE,784,UAE,Western Asia,Western Asia,"","","","",Middle East and North Africa,Programme countries,MENAEMRO,"",Eastern Mediterranean,Middle East and North Africa,"",High income,High income,"",Asia,"",Excluding least developed countries,Excluding China,OIC,Arab,OIC High income: nonOECD,OIC High income,"","","","","","","","","",Non-fragile,"","",Non-fragile,"",non-FCS,"","",Asia,Western Asia,"",Northern Africa and Western Asia,Western Asia,"","","","",Northern Africa and Western Asia,Asia,Western Asia,"Western Asia (exc. Armenia, Azerbaijan, Cyprus, Israel and Georgia)","","","","","",Non conflict,Middle East and North Africa,"","","","","","","","","",Asia-Pacific Group,"","",Middle East and North Africa,Non-humanitarian,Non-high burden,"","","","","","","","","","","","","","","","","","","","","","","","","","","",ESCAP_Other Area (OTH_REGION),"","","","","","","","","","","","","","","","",ESCWA_Arab countries,ESCWA_Gulf Cooperation Council (GCC),"","",4022,4645.5,5343,6106.5,6923,7775.5,8642,9499,10320.5,11078,11740,12273.5,12642,12813,12777.5,12564.5,12212,11751.5,14095,19867.5,25548,29679,31981,32448,31358,29276,31877,37748.5,40088,39171,36244,36028.5,38869,40965,41919.5,42127.5,51472.5,68967,83348.5,93405,98942,100650.5,99528.5,96536,92773,90394.5,109479.5,145684,174535.5,193999.5,204571,208103.5,205766,197239.5,183428.5,167011,159212,170009,185604,192483.5,194770,196775,200080.5,206793.5,216785,227559,236682,242252.5,245170,245746.5,248428,258197.5,269692,270318,267138.5,270093.5,272435,272325.5,271199,271874,274071,275470,275169,273756.5,272163,271548.5,272358,273235.5,273297.5,273605.5,275242.5,278756.5,285196.5,294844,306175,317739.5,329166,340394.5,351200.5,361427,370909.5,379425.5,386885,393402,399026.5,403839.5,408034,411752,415101.5,418224.5,421274,424238,427181.5,430209,433437.5,436934,440817,445200.5,450098.5,455511.5,461356.5,467611,474244,481181.5,488376,495928.5,503909,512273,521009.5,530006.5,539087.5,548144.5,557116.5,565829,574283,582417,590121,597356.5,604163.5,610630,616892.5,623024.5,629081,635093.5,641035.5,647027.5,653114,659309.5,665645,672033.5,3416,3855,4360,4935.5,5588.5,6320,7127,8002,8931,9895,10868.5,11826,12739,13575,14301.5,14886.5,15297,15501,17846,23742,31313.5,39239.5,46769,53244.5,58110,60899,67552.5,78648,87953.5,94323,96880,95540,92810,90328,87242,83376,84143,92646.5,106012,122480,139462,153804,162978,165886,162591.5,154766,161139.5,187119,218844.5,252853.5,286153.5,313528,330442.5,335579,329406.5,315512.5,313237,341250.5,376806,392549,396260.5,400922,410617,427986,452076,478173.5,499693,511785,518404,519134.5,522254.5,541026.5,563973,558255,557303,581351.5,597132.5,606789,611065.5,611953,612847.5,613869.5,612945,611283,611599.5,613537,614715.5,614198,612573.5,610770.5,609944,610543,611213.5,611070,611176,612612.5,615923,622156,631595,642715,654069.5,665289,676309.5,686906,696922.5,706194.5,714498.5,721750.5,728067,733491.5,738099,742086.5,745598,748738.5,751648,754478,757224.5,759952,762757,765757.5,769022,772669.5,776815.5,781472,786635.5,792226,798222.5,804591.5,811258.5,818176.5,825446,833139.5,841212,849653,858350.5,867123.5,875867,884523,892915,901043.5,908848.5,916219.5,923118.5,929585,935708,941626.5,947411.5,953119,958780,964367
Tunisia,Tunisia,65,TUN,788,TUN,Northern Africa,Northern Africa,North Africa,"","","",Middle East and North Africa,Programme countries,MENAEMRO,"",Eastern Mediterranean,Middle East and North Africa,Middle East and North Africa (excluding high-income),Middle income,Lower middle income,Low and middle income,Africa,"",Excluding least developed countries,Excluding China,OIC,Arab,OIC Upper middle income,OIC Middle income,"",North Africa,Africa,Northern Africa,Non-fragile,Non-fragile,Non-fragile,Non-fragile,Non-fragile,Non-fragile,"",Non-fragile,Non-fragile,"",non-FCS,"","",Africa,Northern Africa,"",Northern Africa and Western Asia,Northern Africa,"","","","",Northern Africa and Western Asia,Northern Africa,Northern Africa,Northern Africa (exc. Sudan),"","","","","",Non conflict,Middle East and North Africa,"",Middle East and North Africa,"",Lower middle income,Low and middle income,Middle East and North Africa,"",Lower middle income,Low and middle income,African Group,"","",Middle East and North Africa,Non-humanitarian,Non-high burden,"",Middle East and North Africa,Middle East and North Africa,LiST,"",LiSTSBR,"","","","","","","","","","",ECA_North Africa,ECA_All countries,"","","","","","","","","",ESCAP_Africa (AFR),ECA_African Union Commission,ECA_AMU,"",ECA_CEN-SAD,ECA_COMESA,"","",ECA_Oil producing economies,"","","","","","","","",ESCWA_Arab countries,ESCWA_Maghreb subregion,ESCWA_Non-conflict middle income countries,ESCWA_Arab Middle-Income Countries (MICs),170309.5,172815,174971,177363,181057.5,186365.5,193400.5,198927.5,202369.5,206406.5,210659.5,215116,218844.5,220234.5,220862.5,223284.5,228696,236991.5,247712,259011,268800,278230,288055,298277.5,309000,320089.5,331237,342679,355156,368989,383935,398911,411759,421043,426772,428876.5,428835.5,430072.5,434140.5,440614,450378.5,465198,481957,496373.5,506779.5,514197,521005,527712,535137,543046.5,550421.5,556830.5,561503,563755,561011,552161,540325,527955.5,517275.5,508879.5,499893,489320,477402,463968,449665.5,437297,428575,422556,419649,419523.5,421084.5,424994,432281.5,442828.5,456509.5,472728.5,489483,505112.5,521271.5,534531.5,542030,546705.5,547552,540502.5,528861,515205,494473.5,471558,451878.5,433272,416551.5,405897.5,398115.5,389156.5,380808.5,373239.5,366539.5,360917,356452,353200,351255,350644.5,351297.5,353083,355816,359243,363094.5,367148,371090,374472,376999,378496,378787,377826.5,375692,372425.5,368071,362674.5,356399.5,349513,342163.5,334556,327012.5,319632,312486,305797,299710,294221,289396.5,285384.5,282133.5,279619,277840.5,276695.5,276143.5,276104,276390,276843,277391.5,277904.5,278300.5,278550.5,278511.5,278055,277112,275701.5,273826.5,271530.5,268846,265740,149546.5,152078,155094,158343.5,161298,164109,166692,167015.5,165464.5,164619.5,164832.5,165535.5,167330,170754,175009,179924.5,186082.5,192771.5,198439,204257.5,211788,220261.5,229525.5,240581,251956,261897,271159,280537,290135,300121,310881.5,322800.5,336537,352180,369600,386456,400347.5,410722,417509,421528,422962,420943,420634.5,427557,438196,448092,456695,464660,472179.5,480476,490315.5,501089,512375,524033,533106.5,536621.5,536286.5,534631,530696.5,522700,512949.5,503572,495350.5,491848.5,491819,487712.5,478062,464990.5,449530,434612,423020.5,415577.5,410988,408978.5,409491.5,411471,415295,422258,432724.5,446292.5,462283.5,478834.5,494370.5,510538,523803.5,531263,535938,536802,529721,518063,504451,483758,460902,441343.5,422893,406325,395797,388149,379305,371020,363529.5,356918,351356.5,346994,343826,341901,341285.5,341915,343715.5,346558.5,350057.5,353947,358090,362092.5,365531.5,368107,369653.5,369989.5,369045,366891.5,363628.5,359301.5,353977,347797,341014,333782,326299,318831.5,311395.5,304178.5,297487,291498,286126.5,281412.5,277542.5,274421,271940.5,270160.5,269092,268596,268563,268889.5,269388.5,269937,270414,270794,271059,271122,270808.5,269961
Turkey,Türkiye,144,TUR,792,TUR,Western Asia,Western Asia,"","","","",Europe and Central Asia,Programme countries,"","",Europe,Europe and Central Asia,Europe and Central Asia (excluding high-income),Middle income,Upper middle income,Low and middle income,Asia,"",Excluding least developed countries,Excluding China,OIC,Asia/other,OIC Upper middle income,OIC Middle income,"","","","",Non-fragile,Non-fragile,Non-fragile,Non-fragile,Non-fragile,Non-fragile,"",Non-fragile,Non-fragile,"",non-FCS,"","",Asia,Western Asia,"",Northern Africa and Western Asia,Western Asia,"","","","",Northern Africa and Western Asia,Asia,Western Asia,"Western Asia (exc. Armenia, Azerbaijan, Cyprus, Israel and Georgia)","","",HAC,HAC,"",Non conflict,Europe and Central Asia,Eastern Europe and Central Asia,Europe and Central Asia,Eastern Europe and Central Asia,Upper middle income,Low and middle income,Europe and Central Asia,Eastern Europe and Central Asia,Upper middle income,Low and middle income,Western European and Others Group (WEOG),"","",Eastern Europe and Central Asia,Non-humanitarian,Non-high burden,"",Europe and Central Asia,Eastern Europe and Central Asia,LiST,LiSTSBR,LiSTSBR,"","","","","","","","","",EECA,"",ECE_All countries,"","","","","",ESCAP_ECO (ECO),"","",ESCAP_South and South-West Asia (SSWA),ESCAP_All countries,"","","","","","","","","","","","","","","",ESCAP_WB Upper Middle Income Economies,"","","","",1123043.5,1149658.5,1171529.5,1192189.5,1212356,1231876,1251324.5,1273735.5,1300472,1330004.5,1361225.5,1399464.5,1445934.5,1494635.5,1542037.5,1587707,1642185,1706927.5,1772895.5,1838049.5,1902700.5,1970462.5,2037476,2097156,2152033.5,2212558.5,2286944.5,2363998.5,2426084,2466384,2514193.5,2574778,2633313,2693642,2749307.5,2801721,2853966,2906517.5,2957680.5,3004094.5,3042140,3073720.5,3104227,3141825.5,3191766,3246268,3299401,3346221,3375549.5,3382496.5,3371953,3348303,3314710,3277955.5,3242276,3208520,3180812.5,3164663.5,3171916.5,3193233,3209833.5,3232311,3271362,3323694,3390496.5,3456327,3477400.5,3461163.5,3419621.5,3364638,3317094,3275027,3235788,3208645.5,3204581,3219422.5,3251383,3289750.5,3325461,3352436,3366810.5,3364954.5,3343408.5,3301086.5,3238381.5,3155842.5,3053879,2935350,2817310,2715321.5,2634157,2579416,2551535.5,2536343.5,2521799,2506582.5,2489505.5,2471385.5,2452416,2433117,2414393.5,2396740,2380239,2365615.5,2352942.5,2341335,2330421.5,2320230.5,2310211,2299652.5,2288479.5,2275914,2260212.5,2239851.5,2214077.5,2182968,2147075.5,2107381,2065149,2021246.5,1976936.5,1933630,1892377,1854375.5,1820187.5,1789620.5,1762699.5,1739411,1719171,1701508,1686161,1672258.5,1659058,1646672.5,1635205.5,1623922,1612752.5,1601955.5,1591112.5,1579651.5,1567271,1554202.5,1540602,1525791,1509496.5,1492031.5,1473107,1452311.5,1430196,1407276,935659,968544,1001952,1034614,1064858,1091753.5,1117473,1142630.5,1166192,1189662.5,1214634,1236367.5,1253843.5,1272819,1296811.5,1328306,1362610.5,1396964.5,1434894,1478425.5,1529536.5,1588811.5,1652439.5,1716858,1781749.5,1844789,1898225,1943852,1990947,2041920.5,2098384.5,2157609.5,2229182.5,2315043.5,2400989,2482547,2554043,2614756,2669890.5,2721272.5,2770777,2820213.5,2870266.5,2920370,2966161,2995720.5,3014658,3039744,3078316,3133885,3198101.5,3260503,3310490,3336226,3333534,3307218.5,3263605.5,3209936,3173265,3165354,3171852,3180713.5,3195940.5,3229747.5,3301842,3404848,3477356.5,3533020.5,3579587.5,3591859,3599345.5,3608824,3572229,3478963,3355785.5,3218807.5,3098442,3013838.5,2971335.5,2964887,2985634,3022499,3063733.5,3101418,3130205,3146109,3146074.5,3126759,3086054.5,3024417,2942661.5,2841024.5,2722870,2605286.5,2503722.5,2422913.5,2369030.5,2342152,2327515.5,2313248.5,2297984,2280858.5,2262808,2244503,2226477,2209404,2192938.5,2177142,2163413,2151198,2139960.5,2130017.5,2120783.5,2111505,2101796.5,2091383,2079760,2065686.5,2047111,2022827.5,1992865.5,1957767.5,1918540,1876769.5,1833212,1789371.5,1746953.5,1706841,1670406.5,1638229.5,1609647.5,1584644,1563245,1544765.5,1529247,1515884.5,1503655.5,1492463,1481989.5,1471864,1461749.5,1451951,1442717,1433360.5,1423712.5,1413592,1402711.5,1390823,1377594,1362517.5
Turkmenistan,Turkmenistan,143,TKM,795,TUK,Caucasus and Central Asia,Caucasus and Central Asia,"","","",LLDC,Europe and Central Asia,Programme countries,"","",Europe,Europe and Central Asia,Europe and Central Asia (excluding high-income),Middle income,Upper middle income,Low and middle income,Asia,"",Excluding least developed countries,Excluding China,OIC,Asia/other,OIC Upper middle income,OIC Middle income,Countdown,"","","",Non-fragile,Non-fragile,Non-fragile,Non-fragile,Non-fragile,Non-fragile,"",Non-fragile,Fragile,Other fragile,non-FCS,"","",Asia,Central Asia,"",Central and Southern Asia,Central Asia,"",Landlocked developing countries,"","Australia and New Zealand, Central Asia, Europe and North America",Central and Southern Asia,Asia,Central Asia,Caucasus and Central Asia,"",Landlocked developing countries (LLDCs),"","","",Non conflict,Europe and Central Asia,Eastern Europe and Central Asia,Europe and Central Asia,Eastern Europe and Central Asia,Upper middle income,Low and middle income,Europe and Central Asia,Eastern Europe and Central Asia,Upper middle income,Low and middle income,Asia-Pacific Group,"","",Eastern Europe and Central Asia,Non-humanitarian,Non-high burden,"",Europe and Central Asia,Eastern Europe and Central Asia,LiST,LiSTSBR,LiSTSBR,"","","","","","","","","",EECA,"",ECE_All countries,"ECE_Eastern Europe, Caucasus and Central Asia (CIS)",ECE_CIS (CWG),"","","",ESCAP_ECO (ECO),"",ESCAP_LLDC (LLDC_E),ESCAP_North and Central Asia (NCA),ESCAP_All countries,"","","","","","","","","","","","","",ESCAP_Countries with Special Needs,"",ESCAP_WB Upper Middle Income Economies,"","","","",69405,71172,74716,78921.5,81428,81454,79456,75394.5,69916.5,64821,61171,58938,58484.5,60070.5,64604,71598.5,79082.5,86223,93404.5,99817,105322.5,111578,118937.5,126807,134484.5,141742.5,148540,154784,160166,164674.5,168412.5,171181.5,172931.5,173965,174695,175942,178571.5,182080.5,185421,187449,188668,191115,194555,198311.5,202351.5,206863.5,212940.5,221505.5,232450.5,245182,258892,272186,283829,292938.5,299805,304751,307937,310242.5,312333.5,314056.5,315249.5,315552,314219.5,310870,305399.5,298329,290295.5,281800,273426.5,265934,260148,257278,259753,268726,281998,298397,317466,337392,356421.5,373462.5,388111,400165.5,409425.5,415632.5,418652,418553.5,416103,412279.5,407261,401305,394755,387236.5,378522.5,369363,360550.5,352742.5,346578,342329,340090,339738,341006,343635,347341.5,351719,356447,361254.5,365901,370133,373812.5,376833,379041.5,380304,380492.5,379530,377347.5,374054,369873.5,365021,359715,354177,348610,343180.5,338054,333315,329050,325364.5,322279.5,319820,318023.5,316851,316148.5,315810,315772.5,315961,316263,316592,316860,316927.5,316666.5,315989.5,314907,313411.5,311473.5,309132,306456.5,303467.5,300222,296804.5,293288.5,289748.5,63339,66224.5,67122,66977.5,66964.5,67610,69527,73113.5,77310.5,79823,79891,77965,74016.5,68683.5,63724.5,60178,58021,57609.5,59195,63667,70548.5,77904.5,84917,91957,98230.5,103591.5,109650.5,116761.5,124374.5,131844,138972.5,145748,152090.5,157626.5,162270.5,165648,166876.5,166514.5,166736.5,169538.5,174211.5,178370,180717,182350.5,183395.5,183783,185668,189165,193106,197956.5,204014.5,211166,220153,230925.5,242980,255787,268331.5,279583.5,288846,296365.5,302465.5,307350.5,311744,316147.5,320349.5,323928,326255,326375,323554,317564.5,308952,298437,287003.5,276333.5,266215,257166.5,251682,251083,256430,267495.5,282774,300706,319683.5,337969.5,354481.5,368812,380667,389739.5,395765,398615,398360,395766,391813.5,386678.5,380616,373962.5,366336.5,357519,348264,339360,331463,325206,320862.5,318540.5,318093.5,319262.5,321806,325429.5,329736,334392.5,339116,343694.5,347879,351508,354484,356657,357890,358057.5,357074.5,354877.5,351585,347420,342590,337301,331773.5,326226.5,320816.5,315697,310977.5,306738.5,303060.5,299988.5,297555.5,295797.5,294670,294004,293699,293693.5,293917.5,294269,294648,294969.5,295097.5,294888.5,294267,293241,291806.5,289937,287665.5,285060
Turks and Caicos Islands,Turks and Caicos Islands,796,TCA,796,TCA,"","","","","","",Latin America and Caribbean,Programme countries,"","",Americas,Latin America and the Caribbean,"",High income,High income,"",Latin America and the Caribbean,"",Excluding least developed countries,Excluding China,"","","","","","","","","","","","","","","","",Non-fragile,"",non-FCS,"","",Americas,Latin America and the Caribbean,Caribbean,Latin America and the Caribbean,"","","","","",Latin America and the Caribbean,Latin America and the Caribbean,Caribbean,Latin America and the Caribbean,"","","","","","",Latin America and Caribbean,"","","","","","","","","","","","","","","","","","","","","","","","","","","","","","","","",ECLAC_All countries,"","","",ECLAC_Carribean,"","","","","",ESCAP_Latin America (LAC),"","","","","","","","","","","","","","","","","","","","",171,182.5,187,181.5,177.5,180.5,185.5,192.5,204,220,235.5,248.5,256.5,257,258.5,259.5,257.5,257,260,263.5,273,295,317.5,333,346.5,359.5,371.5,391.5,416,439.5,473.5,509.5,536,557,573.5,587,599,603.5,602.5,599,600.5,614.5,629,638.5,643,637.5,629,623.5,620,623.5,636,666,720,780,823,847.5,850,835.5,817,809.5,832.5,890.5,973.5,1055,1112,1151,1173.5,1181,1180,1165.5,1140.5,1121,1123.5,1148.5,1182,1205,1187,1154.5,1136,1118,1117.5,1162.5,1222,1267.5,1315.5,1356,1382,1393.5,1392.5,1383.5,1371,1357.5,1344.5,1331,1318,1307,1298,1289,1281,1274.5,1268.5,1262,1254,1246,1237.5,1228.5,1218.5,1208.5,1199.5,1191,1184,1176.5,1169,1162,1155.5,1149,1141,1133.5,1126.5,1119,1111,1103.5,1096,1087.5,1079,1069.5,1059,1049,1038.5,1027.5,1017,1006.5,996,986,977,969,960.5,951.5,943.5,935.5,927.5,920.5,913,906.5,900,892.5,886,879,871.5,864.5,114,123,128.5,134,140,142.5,141.5,138.5,132.5,128,130,136,146.5,159.5,168.5,172,176.5,179.5,176.5,173.5,170,175.5,192,213.5,234.5,252.5,270.5,280.5,282.5,287,307.5,347.5,403,456.5,496,531.5,562,583.5,600,611.5,632.5,676.5,725.5,769.5,804.5,822,819.5,804,784,758.5,725,705.5,734.5,793.5,850,897,933,954.5,959.5,947,919,874,859.5,894,938,1015,1119,1218,1303.5,1365,1385,1369,1337,1296,1252.5,1211,1185,1180.5,1200,1231.5,1255,1238,1205,1187,1170,1170.5,1216.5,1275,1320,1368,1407,1430,1440.5,1440.5,1430.5,1417,1403.5,1389.5,1374.5,1360,1347.5,1336.5,1324.5,1314,1307.5,1299,1287.5,1277,1266,1255,1245.5,1236,1225,1214,1206,1198.5,1190.5,1185,1179.5,1173.5,1168,1160.5,1152.5,1143.5,1133.5,1124,1115.5,1106.5,1097.5,1089,1080,1070,1059,1048,1037,1026.5,1015,1004.5,995.5,985.5,976,968.5,960,952.5,945,935.5,927.5,920.5,913.5,906.5
Tuvalu,Tuvalu,89,TUV,798,TUV,Oceania,Oceania,"",Least developed countries,"",SIDS,East Asia and Pacific,Programme countries,"","",Western Pacific,East Asia and Pacific,East Asia and Pacific (excluding high-income),Middle income,Upper middle income,Low and middle income,Oceania,"",Least developed countries,Excluding China,"","","","","","","","",Fragile,Fragile,Fragile,Fragile,Fragile,Non-fragile,"",Fragile,Non-fragile,"",Fragile and Conflict-affected Situation,Institutional and Social Fragility,"",Oceania,Polynesia,"",Oceania,Oceania (exc. Australia and New Zealand),Least developed countries,Small island developing States,South-Eastern Asia and Oceania (exc. Australia and New Zealand),"",Oceania (exc. Australia and New Zealand),Oceania,Polynesia,Oceania,Least Developed Countries (LDCs),Small island developing States (SIDS),"","","",Non conflict,East Asia and Pacific,"",East Asia and Pacific,"",Upper middle income,Low and middle income,East Asia and Pacific,"",Upper middle income,Low and middle income,Asia-Pacific Group,"","",East Asia and the Pacific,Non-humanitarian,Non-high burden,Fragile,"","","","","",EAPR Program Countries,EAPR Program Countries (excluding China),Pacific Program Countries,Pacific Program Countries (excluding PNG),EAPR Countries,EAPR Countries (excluding China),Pacific Countries,Pacific Countries (excluding PNG),"","","","","","","","",ESCAP_Pacific island developing economies (PIDE),"",ESCAP_LDC (LDC_E),"",ESCAP_PACIFIC (PAC),ESCAP_All countries,"","","","","","","","","","","","","",ESCAP_Countries with Special Needs,ESCAP_Small Islands Developing States,ESCAP_WB Upper Middle Income Economies,"","","","",190.5,202.5,223.5,248.5,263,255.5,233,199.5,159,121,92.5,74.5,69,75,115.5,178,222,246.5,255,262,275,285,288.5,292.5,304,324,354.5,397,442.5,478.5,501,508.5,499,477.5,447.5,421,398.5,375.5,356,339,327,320,317.5,320,329,341,355.5,374.5,395.5,416.5,440.5,466.5,487.5,507.5,527.5,542,549,553,559.5,564,565,564,563.5,556,541.5,531,524.5,517.5,507.5,494.5,481.5,470.5,461,454,453.5,458.5,467,479,490,502,514.5,524.5,532.5,537.5,538.5,534.5,526.5,517.5,506.5,492,476,460,442,424.5,412,402.5,396,392.5,392,394.5,397.5,402.5,410.5,419.5,429,438,445.5,453,460,466,471,474.5,476.5,477.5,477.5,475,471,466.5,462,457.5,452,446.5,442,437.5,433.5,430.5,428,426,425,425.5,426,426.5,427.5,429,431.5,434,435.5,436.5,437.5,438.5,439,439,439.5,439,436.5,434.5,432.5,430,427.5,423.5,291.5,275,249,219.5,197.5,184,181.5,189.5,202,207,196.5,174.5,144.5,109.5,87.5,89,106.5,135.5,169.5,189.5,194,200,206.5,212,223,237.5,246,251.5,263,283,314.5,350.5,382.5,404.5,413,420.5,428,426.5,420.5,413,400,382,363.5,342,320,303,291,287,289.5,298.5,308.5,317,330,353.5,383.5,416,449.5,474.5,492.5,506.5,515.5,519,521,527,528.5,518.5,501,483,475,474.5,473,466,442.5,410,386,373.5,368.5,371,381,392.5,404.5,419.5,436.5,451,465.5,482,495,504,511,514,511.5,505,497.5,488.5,475,459.5,444.5,427.5,411,398,389,384,380,379.5,382,385.5,392,400,408.5,418,427,435.5,443.5,450,455,460,464,466.5,468,468,466,462.5,458.5,454,449.5,443.5,437.5,433,429,424.5,421,419,417,416,416,416.5,417,418.5,421,423.5,426,427.5,429,430.5,431.5,432.5,433,432.5,431,430
Uganda,Uganda,13,UGA,800,UGD,Sub-Saharan Africa,Sub-Saharan Africa,Eastern Africa,Least developed countries,"",LLDC,Eastern and Southern Africa,Programme countries,"","",Africa,Sub-Saharan Africa,Sub-Saharan Africa (excluding high-income),Low income,Low income,Low and middle income,Africa,Sub-Saharan Africa,Least developed countries,Excluding China,OIC,Africa,OIC Low income,"",Countdown,Eastern Africa,Africa,Eastern Africa,Non-fragile,Non-fragile,Non-fragile,Non-fragile,Non-fragile,Fragile,Other Fragile,Non-fragile,Fragile,Other fragile,non-FCS,"",USAID,Africa,Eastern Africa,"",Sub-Saharan Africa,"",Least developed countries,Landlocked developing countries,"","",Sub-Saharan Africa,Sub-Saharan Africa,Eastern Africa,Sub-Saharan Africa (inc. Sudan),Least Developed Countries (LDCs),Landlocked developing countries (LLDCs),"","",Global Strategy,Non conflict,Sub-Saharan Africa,Eastern and Southern Africa,Sub-Saharan Africa,Eastern and Southern Africa,Low income,Low and middle income,Sub-Saharan Africa,Eastern and Southern Africa,Low income,Low and middle income,African Group,"",GAVI,Eastern and Southern Africa,Non-humanitarian,High burden,"",Eastern and Southern Africa,Eastern and Southern Africa,LiST,"",LiSTSBR,"","","","","","","","","","",ECA_Eastern Africa,ECA_All countries,"","","","","","","","","",ESCAP_Africa (AFR),ECA_African Union Commission,ECA_IGAD,"",ECA_EAC,ECA_COMESA,ECA_Land-locked countries,ECA_Land-locked LDCs,ECA_Non-Oil Producing,ECA_Least developed countries,"",ECA_Non-Oil LDCs,"",ECA_Sub-Saharan Africa,"","","","","","","",293246.5,293406.5,293686,294346.5,295643,297807,301040.5,305535.5,311482.5,319902.5,331414,346073.5,364894,389214.5,419122,449579.5,477188,502432,523892.5,539925.5,554059,568701,581687.5,594537.5,609221,625199.5,641823.5,659208.5,677382,694731.5,711509.5,730900.5,754060,780151,808531,837673,866948.5,896305.5,923816,949337.5,973782.5,997772.5,1022330.5,1047727,1073570,1093458,1115914,1145498.5,1180399.5,1222514,1268807,1320794.5,1379292,1442256,1505123,1568108.5,1630183.5,1691774,1755059,1821496.5,1890421,1957434,2022929.5,2087563,2153330,2222528.5,2301230.5,2386297.5,2469050,2552146,2632273.5,2708089,2777376,2840777,2901644.5,2964185.5,3031641,3099844.5,3166103,3227551.5,3283571.5,3337573,3395940,3464241,3541366,3624407,3711159,3795401,3870790,3935315.5,3989346.5,4034592,4072688.5,4105001,4133348,4158645.5,4179866.5,4196144.5,4208331,4218730.5,4228093.5,4237033,4248866,4264456.5,4281496,4299030,4317200.5,4335659.5,4353596.5,4370740,4387555,4404017.5,4418340.5,4429605,4438894.5,4445238,4448043,4448814,4448099.5,4445159,4440591,4434367,4425363.5,4413976,4400538.5,4385008.5,4368505.5,4351744,4333862,4314796.5,4295570,4275581,4254039,4231931,4209772.5,4188020,4167176,4147806.5,4129667.5,4111004.5,4090665,4068887,4045615.5,4020210.5,3993711.5,3967603,3941055.5,3914128,3887048,3859343,276153,278169,279797.5,281017.5,281826,282329.5,282728,283252.5,284160.5,285698.5,287941,291078,295459,301243.5,309399,320687,335181,353725,377591,406353.5,434628,458229.5,476211.5,489706,500490.5,511821.5,525776,540591.5,555789,568248.5,576929.5,586241,598671,613677,632292.5,653531,677009.5,704998.5,736183.5,768374,800289,832396,864987,895469,921457.5,934082.5,945976,962136.5,981238.5,1008574,1034832,1060627.5,1091406,1126351,1160743,1199261,1244891.5,1297107,1354592,1415033,1476872,1537984.5,1598412.5,1660516.5,1729979.5,1807283.5,1892451,1982388,2066694.5,2148317,2227421,2305661.5,2378189,2443087,2500982.5,2548637.5,2593706,2639066.5,2686887,2739575,2799193,2863785,2929083.5,2992044.5,3050096.5,3103176.5,3154206,3209717,3275268.5,3348869,3427973,3511254,3592551,3665450.5,3727931,3779593,3822145.5,3857762.5,3887676.5,3913120,3935358,3953672.5,3967055.5,3976505.5,3984213,3990664.5,3996591,4005667,4018657,4033141.5,4048019,4063984.5,4080621.5,4096379.5,4111472,4126283,4140585.5,4152868,4162282.5,4169562,4174276.5,4175533.5,4174474.5,4171898,4167323,4161728.5,4154882,4145133,4133116.5,4118828,4102189,4084606.5,4066749.5,4048255.5,4028484.5,4008059.5,3986738,3964622,3942215.5,3919967,3898303,3877100,3857277,3838803,3819402,3798913.5,3777176,3753258.5,3727434,3701461.5
Ukraine,Ukraine,155,UKR,804,UKR,"","","","","","",Europe and Central Asia,Programme countries,"","",Europe,Europe and Central Asia,Europe and Central Asia (excluding high-income),Middle income,Upper middle income,Low and middle income,Europe,"","","","","","","","","","","",Non-fragile,Non-fragile,Non-fragile,Non-fragile,Non-fragile,Non-fragile,"",Non-fragile,Non-fragile,"",Fragile and Conflict-affected Situation,Conflict,"",Europe,Eastern Europe,"",Europe and Northern America,Europe,"","","Europe, Northern America, Australia and New Zealand","Australia and New Zealand, Central Asia, Europe and North America",Europe and Northern America,Europe,Eastern Europe,"","","",HAC,HAC,"",Conflict,Europe and Central Asia,Eastern Europe and Central Asia,Europe and Central Asia,Eastern Europe and Central Asia,Lower middle income,Low and middle income,Europe and Central Asia,Eastern Europe and Central Asia,Lower middle income,Low and middle income,Eastern European Group,"","",Eastern Europe and Central Asia,Humanitarian,Non-high burden,"",Europe and Central Asia,Eastern Europe and Central Asia,LiST,"",LiSTSBR,"","","","","","","","","",EECA,"",ECE_All countries,"ECE_Eastern Europe, Caucasus and Central Asia (CIS)",ECE_CIS (CWG),"","","","","","","",ESCAP_Europe (Europe),"","","","","","","","","","","","","","","","","","","","",1512284,1573853,1723648.5,1917228,2053960,2095489.5,2056095,1931667,1800170,1656641,1456229,1322038.5,1301306.5,1376573,1515403.5,1672056.5,1789058,1862360.5,1921198.5,1949953,1968190,1992691.5,2022260.5,2058130.5,2091854.5,2118097,2138215.5,2144931.5,2139652,2092035.5,2015090,1947290,1885614,1841639.5,1796391.5,1747252,1724729,1732450.5,1786508,1809491,1760723.5,1744362.5,1771202.5,1804911,1825389,1828368,1839802,1865752,1911579.5,1951545.5,1974014.5,2000518,2024986.5,2026184,2003025,1960971,1891199,1792590,1673591.5,1557658,1458792,1367898.5,1289033.5,1221343.5,1154824.5,1092842,1040997.5,1005400,992414,1000112,1019966.5,1052080.5,1024991,996785.5,1053847.5,1128894,1171298.5,1184191,1189770,1179245,1161191.5,1136296.5,1094356,1037228.5,982445.5,937176.5,893067,835681.5,782027,742699,705462,669150,650751.5,642333,626280,611577.5,603386,599813.5,596918.5,594561,592542.5,590600,588747,586971,585248.5,583623.5,581951,580157,578113.5,575323.5,570995.5,564862,556762.5,546334.5,533805,519789.5,504699.5,488715,472225,455748.5,439655.5,424112.5,409597.5,396498,384763,374448.5,365690.5,358425.5,352425,347577,343793,340828,338403,336464,334849.5,333340.5,331881,330331,328476,326269.5,323642.5,320473.5,316747.5,312461.5,307710,302549.5,296912.5,290814.5,284457.5,277855.5,1811413,1814680,1735386,1614719.5,1539719.5,1536718,1602226.5,1754767,1927946,2070682,2164714,2169973.5,2047829,1824260,1599887,1397882.5,1264469.5,1244368.5,1318071.5,1453921.5,1607054,1725026,1801188,1858092,1886397.5,1901167.5,1914531.5,1929125.5,1955463,2001869,2054104,2084647,2101009,2114162,2108988.5,2084150,2039817,1958189,1888176.5,1859865.5,1855076,1844688,1813072.5,1799774,1771741,1707667.5,1686172.5,1709896,1743992,1770474.5,1779769,1797073,1831088.5,1885789.5,1932069,1957698,1985613,2011776.5,2015055,1993505.5,1952597.5,1883504,1792722,1684076,1568448.5,1466186.5,1371754.5,1283398,1204678.5,1136772.5,1078644.5,1029477,930194,850005.5,894044.5,1003430.5,1072699.5,1086376.5,1104984,1126769,1143532.5,1155080,1168078.5,1173861,1163643.5,1145914,1121418.5,1079854.5,1023060.5,968572.5,923643,879929,822882.5,769531,730476.5,693457,657227,638880.5,630626,614733,600142,592108,588708.5,585982.5,583851.5,582048.5,580296.5,578629.5,576931.5,575281.5,573811.5,572274.5,570605.5,568731,566055.5,561799.5,555780.5,547822,537546,525192,511346,496405,480605.5,464283,447909.5,431936,416517,402127.5,389187,377616.5,367433.5,358795,351619.5,345688,340908,337238,334417,332103,330287.5,328817,327412,326044,324610.5,322837.5,320703,318184.5,315123.5,311472,307270.5,302605
Macedonia,North Macedonia,151,MKD,807,MCD,"","","","","",LLDC,Europe and Central Asia,Programme countries,"","",Europe,Europe and Central Asia,Europe and Central Asia (excluding high-income),Middle income,Upper middle income,Low and middle income,Europe,"","","","","","","","","","","",Non-fragile,Non-fragile,Non-fragile,Non-fragile,Non-fragile,Non-fragile,"",Non-fragile,Non-fragile,"",non-FCS,"","",Europe,Southern Europe,"",Europe and Northern America,Europe,"",Landlocked developing countries,"Europe, Northern America, Australia and New Zealand","Australia and New Zealand, Central Asia, Europe and North America",Europe and Northern America,Europe,Southern Europe,"","",Landlocked developing countries (LLDCs),"","","",Non conflict,Europe and Central Asia,Eastern Europe and Central Asia,Europe and Central Asia,Eastern Europe and Central Asia,Upper middle income,Low and middle income,Europe and Central Asia,Eastern Europe and Central Asia,Upper middle income,Low and middle income,Eastern European Group,"","",Eastern Europe and Central Asia,Non-humanitarian,Non-high burden,"",Europe and Central Asia,Eastern Europe and Central Asia,LiST,"",LiSTSBR,"","","","","","","","","",EECA,"",ECE_All countries,"",ECE_West Balkans (ST7),"","","","","","","",ESCAP_Europe (Europe),"","","","","","","","","","","","","","","","","","","","",66469.5,66957,66959.5,66670.5,65885,64991,64649.5,64631,64702.5,64508.5,64270.5,64954.5,66730.5,70254,75287.5,80473,85259.5,89224,91519,92992.5,94295.5,94664,94364,94201.5,94404,94739.5,94946,94689.5,94560,94340.5,93976,94281.5,94801.5,94634.5,94112,93710.5,93469,93581.5,93762.5,94048,94632.5,93498,89955.5,85693,83014.5,82654.5,83031.5,83583.5,84170.5,84542,84558.5,84267,83880.5,83476.5,82969.5,82584.5,82308.5,81482,80600.5,80461.5,80506,80158.5,79420,77927.5,74828,70756.5,66912.5,63671.5,60934,58098.5,55163.5,53283.5,52362,51845,52172.5,52873,53451.5,54037.5,54637,54937.5,54993.5,54920,54524,53719.5,52545.5,51181,49897.5,48637,46940,44937.5,43069,41300,39682.5,38618.5,38006.5,37443,36920,36450.5,36027.5,35649.5,35324.5,35050,34820.5,34630.5,34478.5,34365.5,34269,34176,34080.5,33955,33772,33518,33193.5,32791,32308.5,31747,31118,30428.5,29689,28924,28148,27387.5,26658,25962.5,25317,24734,24210,23747,23346,22999,22699,22440,22215.5,22028,21879.5,21761.5,21657.5,21562,21464.5,21347.5,21210.5,21050,20862.5,20649,20413,20157,19872.5,19555.5,19214.5,18854.5,57110.5,58944,60851.5,62744,63694,63486,62768,61635.5,60311.5,59055,58265,58336,58490.5,58772.5,59269,59646.5,60791.5,63283,67616,73273.5,79088,84203,88207,90450.5,91800,92982.5,93397,93247,93222.5,93548.5,93991,94295,93358.5,91729.5,90001,88214,87210,87021,86722,86150.5,85568,84719,83418,81426,79260,78574.5,79358.5,80059.5,80557.5,81363.5,82340,83243,83906,84211,84184,83763,82768,81289,79652.5,78009,76630.5,75574.5,74332.5,73182,72801,72363,71000,68746,65549,61766.5,58108,55719,54779.5,54130,53253.5,52094,51022,50157,49734,50136.5,50861.5,51462,52081,52722,53068.5,53172,53141,52773,52001.5,50861.5,49523,48265,47024,45335.5,43353.5,41518.5,39778,38206,37202.5,36637,36112.5,35614,35155,34729,34335,34006,33743.5,33540.5,33397,33301.5,33224.5,33136,33038,32935,32818,32654.5,32428.5,32131,31735,31242,30669.5,30051.5,29387.5,28670.5,27922.5,27169,26423,25702.5,25033,24426,23883,23392,22951,22565.5,22225.5,21932.5,21686,21479.5,21314.5,21183.5,21080.5,20986.5,20892.5,20791,20678,20557.5,20409.5,20225.5,20014.5,19778
Egypt,Egypt,52,EGY,818,EGY,Northern Africa,Northern Africa,North Africa,"","","",Middle East and North Africa,Programme countries,MENAEMRO,"",Eastern Mediterranean,Middle East and North Africa,Middle East and North Africa (excluding high-income),Middle income,Lower middle income,Low and middle income,Africa,"",Excluding least developed countries,Excluding China,OIC,Arab,OIC Lower middle income,OIC Middle income,"",North Africa,Africa,Northern Africa,Non-fragile,Non-fragile,Non-fragile,Non-fragile,Non-fragile,Fragile,Other Fragile,Non-fragile,Non-fragile,"",non-FCS,"","",Africa,Northern Africa,"",Northern Africa and Western Asia,Northern Africa,"","","","",Northern Africa and Western Asia,Northern Africa,Northern Africa,Northern Africa (exc. Sudan),"","",HAC,HAC,"",Non conflict,Middle East and North Africa,"",Middle East and North Africa,"",Lower middle income,Low and middle income,Middle East and North Africa,"",Lower middle income,Low and middle income,African Group,"","",Middle East and North Africa,Non-humanitarian,Non-high burden,"",Middle East and North Africa,Middle East and North Africa,LiST,"",LiSTSBR,"","","","","","","","","","",ECA_North Africa,ECA_All countries,"","","","","","","","","",ESCAP_Africa (AFR),ECA_African Union Commission,"","",ECA_CEN-SAD,ECA_COMESA,"","",ECA_Oil producing economies,"","","","","","","","",ESCWA_Arab countries,ESCWA_Mashreq subregion,ESCWA_Non-conflict middle income countries,ESCWA_Arab Middle-Income Countries (MICs),1108873,1109161,1105500,1096960,1083818.5,1069962,1057857.5,1050405,1054084,1077817.5,1126042.5,1197100.5,1286789,1382925.5,1470911.5,1542991.5,1601815.5,1652101.5,1700230.5,1754286.5,1814821,1874479,1928512,1977044.5,2021552.5,2065367,2109419.5,2155993,2207224,2260898,2314411.5,2368338.5,2425225,2486528,2551775.5,2621502,2693313.5,2767095,2843803,2922968.5,3021892.5,3123698.5,3217558,3318821.5,3422694,3528164.5,3629804,3732311,3849153.5,3971954.5,4089539,4203038.5,4308364.5,4401018,4477097.5,4532069.5,4564484,4572705,4556206.5,4527634.5,4500494.5,4493222.5,4513272.5,4561704,4627144.5,4689320,4759297.5,4835697,4905003.5,4970023,5043390,5128025.5,5226231.5,5351153,5494433,5644244.5,5801019.5,5972584.5,6168688.5,6371033.5,6558786.5,6702362,6781017,6752024.5,6609926.5,6426718.5,6245591.5,6081243.5,5984754,5979379,6004346,6045426.5,6099546,6145409.5,6184625.5,6224595.5,6271115.5,6324829.5,6385691,6451772,6520682,6590426,6658897,6724140,6784719.5,6838361,6881444.5,6910809,6923897,6917627.5,6890981.5,6848442,6796630,6740160.5,6683992,6633080.5,6589175.5,6551292.5,6519372.5,6494483.5,6476161.5,6463551,6455767.5,6452381,6452857,6456351.5,6462715,6471409.5,6480002,6487314.5,6492772.5,6495790.5,6496624.5,6495135.5,6490304,6481329.5,6467827,6449575,6427298.5,6400763,6369661.5,6335053,6297483,6257568.5,6217237,6177028.5,6136866.5,6097737,6060818,6026442,983895.5,999844,1018966.5,1039115,1055178,1063055,1064046,1060729,1050345.5,1036504.5,1026142.5,1020138,1020074.5,1031318,1060273,1109800.5,1179008.5,1264018.5,1354770,1437323.5,1503146,1555174.5,1599793,1643122.5,1693439.5,1752459.5,1810189.5,1863029,1913067.5,1959878.5,2009398.5,2063431,2121625.5,2187886,2258150.5,2323731.5,2382706.5,2440810.5,2501674,2564285,2654233,2742025,2809866,2878494.5,2942258.5,3013802.5,3094294,3181348,3284578,3399183.5,3511488,3618023,3723429.5,3838222,3955897.5,4067919.5,4169354,4254998.5,4324161.5,4379056,4416763,4456151,4489844.5,4500466,4490616,4460547,4440134.5,4449606.5,4495000,4566593,4645183.5,4728419,4811500,4897926,4977188,5042469,5110837,5194260,5298867.5,5425689,5572953.5,5730525,5902050.5,6097088.5,6298397.5,6485151.5,6627874.5,6706265,6677408.5,6535773,6353079,6172357.5,6008181.5,5911223,5905045,5929395.5,5969782,6023486.5,6069544,6108912.5,6148866.5,6195108.5,6248601,6309466,6375441.5,6443984,6513258,6581294.5,6646037.5,6706281,6759572,6802186.5,6831056.5,6844278,6838748.5,6812245,6769567,6717880.5,6661307,6604815.5,6553800,6510048.5,6472392.5,6440430.5,6415567.5,6397968,6386383.5,6379380.5,6376572,6377628,6381000,6386804.5,6394984,6403010.5,6409797.5,6414716,6417350,6418231.5,6416895,6411764,6402446,6389078,6371018.5,6349120.5,6323338.5,6292919,6258399.5,6220335,6180165,6139659
United Kingdom,United Kingdom,194,GBR,826,UKD,"","","","","","",Non-programme countries,"","","",Europe,Europe and Central Asia,"",High income,High income,"",Europe,"","","","","","","","","","","","","","","","",Non-fragile,"","",Non-fragile,"",non-FCS,"","",Europe,Northern Europe,"",Europe and Northern America,Europe,"","","Europe, Northern America, Australia and New Zealand","Australia and New Zealand, Central Asia, Europe and North America",Europe and Northern America,Europe,Northern Europe,"","","","","","","",Europe and Central Asia,Western Europe,"","","","","","","","",Western European and Others Group (WEOG),"","",High Income Countries,Non-humanitarian,Non-high burden,"","","","","","","","","","","","","","","","","",ECE_All countries,"","","","","","","","","",ESCAP_Europe (Europe),"","","","","","","","","","","","","","","","","","","","",1529219,1585446,1613140,1637140,1653997,1658088.5,1653833.5,1664904,1704403,1763259.5,1833084.5,1927717,2034753.5,2098368.5,2126983.5,2149880.5,2130087.5,2061886.5,2004836.5,1982527.5,1978197,1990388.5,2015470.5,2041562,2074430,2122614,2175715.5,2226597.5,2279582.5,2336715.5,2384170,2411418,2419351.5,2416197,2381865.5,2317346.5,2267529.5,2226512.5,2159276.5,2074467,2008514,1945306.5,1870572,1804609,1771680.5,1778509.5,1804201.5,1837110,1865461,1880751.5,1901043,1935095,1961974.5,1952324.5,1937307,1939633.5,1952128.5,1979917,2023813.5,2056465,2056989,2045394.5,2023403.5,2002254,1988047,1974176,1953200,1928436,1912598.5,1912051.5,1920381.5,1945845,1991305.5,2044899,2103795.5,2159674,2205029.5,2241578.5,2263221,2270154.5,2271039.5,2264323,2244667,2216249.5,2185497.5,2146487.5,2099583,2054437,2018958.5,1994804,1980986,1972240,1964410.5,1956289,1947249.5,1939734.5,1934851,1932204.5,1931678,1933222,1937152,1943564,1952283,1963028,1975529,1988723,2002312,2016064.5,2028896.5,2039385.5,2046781,2051080,2051870.5,2048765.5,2042278,2033194.5,2021469.5,2007499,1992196.5,1976168,1959562.5,1942959,1927312,1912507.5,1898825,1887229.5,1877714,1869509,1862544,1857212.5,1853318,1851205.5,1850478,1850669,1852019.5,1854411.5,1857434.5,1861238,1865690,1869685,1872847.5,1875405.5,1876858.5,1876843,1875898,1873769,1870022.5,1864942,1858560,1850630,1665816.5,1644300,1600854,1587673.5,1585033,1589983.5,1604428.5,1623135,1639219.5,1649638.5,1647994,1649128,1669434,1709284,1745920.5,1776050,1851081.5,1964504.5,2050671,2098633,2134149.5,2127856,2065279.5,2010644.5,1988398.5,1980806.5,1991364.5,2016610,2043212,2076963,2125118,2173371,2216214.5,2278253,2348952.5,2400309.5,2416782,2411286.5,2301395,2195569.5,2179425.5,2150451,2141449,2129071.5,2079518,2018453,1959160,1880235.5,1813974.5,1791060.5,1802430,1831756,1870187,1917307.5,1968625.5,2018714.5,2061948.5,2086298,2066053.5,2047471.5,2069799.5,2104249.5,2136030,2175380,2203417,2200981,2191182.5,2176544,2163728,2155458.5,2150076,2140359,2104497,2055765.5,2044544.5,2073147,2124342.5,2196682,2276430,2344134,2397035.5,2439992,2473873.5,2493286,2498347,2497277,2488675.5,2467055.5,2436775.5,2404358.5,2363759.5,2315504,2269345.5,2233096,2208211,2193604,2184102.5,2175682,2167034.5,2157398,2149280.5,2143834,2140638.5,2139344,2140271.5,2143352,2148556.5,2156184,2166139,2177706.5,2189979.5,2203363,2217420.5,2230530.5,2241237,2248917.5,2253327.5,2254129.5,2250725,2243866,2234623,2222777,2208489.5,2192294,2174939.5,2157138,2139985.5,2123968.5,2108820.5,2094910.5,2082845.5,2073019,2064534,2056991.5,2051160,2046897,2043958.5,2042323,2042035,2042755,2044208,2046451.5,2049569,2053214.5,2056619.5,2059199,2060986.5,2061859.5,2061392.5,2059747
Tanzania,United Republic of Tanzania,12,TZA,834,TNZ,Sub-Saharan Africa,Sub-Saharan Africa,Eastern Africa,Least developed countries,"","",Eastern and Southern Africa,Programme countries,"","",Africa,Sub-Saharan Africa,Sub-Saharan Africa (excluding high-income),Middle income,Lower middle income,Low and middle income,Africa,Sub-Saharan Africa,Least developed countries,Excluding China,"","","","",Countdown,Eastern Africa,Africa,Eastern Africa,Non-fragile,Non-fragile,Non-fragile,Non-fragile,Non-fragile,Fragile,Other Fragile,Non-fragile,Fragile,Other fragile,non-FCS,"",USAID,Africa,Eastern Africa,"",Sub-Saharan Africa,"",Least developed countries,"","","",Sub-Saharan Africa,Sub-Saharan Africa,Eastern Africa,Sub-Saharan Africa (inc. Sudan),Least Developed Countries (LDCs),"","","",Global Strategy,Non conflict,Sub-Saharan Africa,Eastern and Southern Africa,Sub-Saharan Africa,Eastern and Southern Africa,Lower middle income,Low and middle income,Sub-Saharan Africa,Eastern and Southern Africa,Lower middle income,Low and middle income,African Group,"",GAVI,Eastern and Southern Africa,Non-humanitarian,High burden,"",Eastern and Southern Africa,Eastern and Southern Africa,LiST,"",LiSTSBR,"","","","","","","","","","",ECA_Eastern Africa,ECA_All countries,"","","","","","","","","",ESCAP_Africa (AFR),ECA_African Union Commission,"",ECA_SADC,ECA_EAC,"","","",ECA_Non-Oil Producing,ECA_Least developed countries,ECA_Mineral-rich countries,ECA_Non-Oil LDCs,"",ECA_Sub-Saharan Africa,"","","","","","","",393666.5,404233.5,415292,426705,438163,449748,461653.5,473973,487188,502044,518837.5,537078,555973.5,572771,584961,593115.5,599646.5,606640.5,616152,629724,646819.5,665836,685722,706624.5,728659,752100,776934.5,803255.5,832184.5,864476.5,894207.5,922155.5,955218,1009240.5,1069644.5,1138755,1219334,1302564,1379163.5,1436122.5,1489793.5,1537964,1582149.5,1637536.5,1703102,1747190,1760017,1782428.5,1823965,1867623,1914830,1957178,1996087,2037618,2081776,2127468,2175281,2225138.5,2272785.5,2317890,2378603,2460437.5,2550075.5,2647539.5,2747672.5,2849842.5,2952996,3051859,3145913,3241492.5,3348765,3461270.5,3568722.5,3665842,3751722.5,3829374,3902289,3981468,4080115,4197110,4320165,4452844,4599243.5,4743421,4878159.5,5011090,5140368,5257878,5367387.5,5474431.5,5579391,5681871,5781676,5877730,5972139,6067686.5,6164770.5,6261009.5,6357078.5,6455715,6556900.5,6657615,6756785,6857528.5,6958412.5,7057201.5,7153640.5,7251324.5,7349976.5,7447094.5,7540943.5,7637108.5,7737625.5,7833105.5,7919362,8004685,8088662,8165657.5,8241909.5,8321374.5,8401908.5,8478636.5,8553651,8631441.5,8711703.5,8790263,8869072.5,8947374,9020369,9088625.5,9154699.5,9217804,9277984.5,9337794,9397895.5,9456764,9513552,9567120.5,9616621,9662902.5,9706588,9748766.5,9789493.5,9828667.5,9866366.5,9903036.5,9938950.5,9975563,10013451.5,10052087,331801,340890.5,350297,359995.5,369875.5,379855.5,390124,400882.5,411987.5,423146.5,434468,446567,459154.5,472260,487261,504075,522005,540591,559002,574729,586032.5,595047,604579.5,615980.5,630314,647958.5,667280,687079.5,706037.5,722763,737826.5,752807.5,769063.5,792209.5,821210.5,857890.5,904876,961197.5,1019449.5,1074774.5,1132461.5,1189941.5,1246490.5,1326425,1431646.5,1504653,1516387,1530483,1566833.5,1601805.5,1642945.5,1677738.5,1708113.5,1741824.5,1777418,1813976,1851700,1890932,1929203.5,1957636,1992667.5,2046600.5,2107576,2173913,2245496,2340037,2454496,2565873.5,2665724,2753677,2838421.5,2922911.5,3007480.5,3095016,3191033.5,3296712.5,3405141,3509069.5,3604281,3689480.5,3766977,3839853,3919273,4017675.5,4134411.5,4256801,4388341,4533507,4676438,4809675.5,4940668,5067903,5183814,5291998,5397705,5502188.5,5604332.5,5703307.5,5798673,5891970.5,5985900,6081383.5,6175567.5,6269412.5,6367023,6468584.5,6570670.5,6670769.5,6770850,6869944.5,6966389.5,7060565,7156893.5,7255067.5,7351887.5,7446694.5,7542711.5,7640662.5,7733560.5,7817789,7901083.5,7983527,8059720,8135586.5,8215544,8296293.5,8373110.5,8448277.5,8525544,8604970,8682278,8759235,8835385,8906231.5,8972912.5,9039054.5,9103235,9163518,9222973.5,9282513.5,9339725.5,9395114.5,9448569,9498188,9543890.5,9586956,9629113,9670100.5,9709080,9746637.5
United States of America,United States,195,USA,840,USA,"","","","","","",Non-programme countries,"","","",Americas,North America,"",High income,High income,"",Northern America,"","","","","","","","","","","","","","","","",Non-fragile,"","",Non-fragile,"",non-FCS,"","",Americas,Northern America,"",Europe and Northern America,Northern America,"","","Europe, Northern America, Australia and New Zealand","Australia and New Zealand, Central Asia, Europe and North America",Europe and Northern America,Northern America,Northern America,"","","","","","","",North America,"","","","","","","","","",Western European and Others Group (WEOG),"","",High Income Countries,Non-humanitarian,Non-high burden,"","","","","","","","","","","","","","","","","",ECE_All countries,"","","","","","","","","",ESCAP_North America (NAM),"","","","","","","","","","","","","","","","","","","","",5454229.5,5454857.5,5478126,5519333,5551014.5,5571009,5637668.5,5803989.5,6050056,6350072,6651007,7021385.5,7467639,7843579,8188014.5,8572855.5,8854852,8982194.5,9137318,9376799,9640855,9911789,10189595.5,10438704,10632852,10791284,10931288.5,10995253,10963918.5,10869148,10689787.5,10437180.5,10166226,9908069,9696836.5,9609507.5,9598188.5,9524316.5,9378422,9187958,8985557,8834807.5,8845262,9002147,9209674,9465985,9743248,9985508,10191079.5,10355158.5,10483750.5,10580408,10647721.5,10744641.5,10887096.5,11063651,11239229,11368746,11427145,11401028.5,11293913.5,11149844,11020316,10938922.5,10921358,10975591,11077642,11185324,11293543,11399801,11438175.5,11464169.5,11560954.5,11651851.5,11727116.5,11754251.5,11671004.5,11509095,11330508.5,11191916.5,11111306,11056958,10986998,10887117.5,10755325.5,10578006,10402845.5,10304703,10256462.5,10225237.5,10243783,10284189.5,10291709.5,10300272.5,10330915.5,10363644.5,10400711,10444211.5,10495074,10549903,10608560.5,10672967.5,10739696,10804366,10866761.5,10922733.5,10967242.5,10999786.5,11019596,11023600.5,11013941,10992950,10960783,10920277,10873229.5,10821765.5,10771093,10725007,10683638,10648513,10619232.5,10597197,10583389,10576049.5,10575809,10584070,10598937.5,10617840,10642174,10671282,10703199.5,10739532,10779344.5,10819549.5,10859044.5,10896317,10929650,10958058.5,10980599.5,10996850.5,11006608.5,11012207,11015388,11016362.5,11014503.5,11007496,10995546,10980105.5,10961898.5,10943134,5791597,5708667,5629145,5552366.5,5485712.5,5427533,5388069,5378384,5397305.5,5418665,5437356,5524780.5,5739679,6040512,6364281.5,6664162,7031446,7471113.5,7839431.5,8174990,8555180.5,8860861,9034913,9235213.5,9515651.5,9815609,10095304,10355546.5,10586549,10764401.5,10912791.5,11061650.5,11156332,11174388,11140957,11022448.5,10794543,10512266,10233105.5,9992467,9921561.5,9973311,9971762.5,9907924,9802841.5,9638619.5,9479626.5,9477013.5,9622503,9829019,10088804,10356660,10573225,10746271,10873130.5,10963427,11039648,11109156.5,11210687,11360277.5,11549837,11747260.5,11898620.5,11972180.5,11956755.5,11849693,11710246.5,11598319.5,11528842.5,11518624,11524104,11527233,11541685,11561136.5,11682168.5,11890276.5,12122101.5,12390624.5,12618513,12751733.5,12780243,12701670,12546446,12374252,12242681.5,12169426.5,12120902.5,12056470,11962578.5,11835462,11661701,11490567,11397727.5,11354694,11327371.5,11349450.5,11392620,11403137,11414980,11449294.5,11486611.5,11528911.5,11576571.5,11630714.5,11687277.5,11744755.5,11807719,11875720.5,11944770.5,12011927,12071102,12118769.5,12154709,12176616.5,12181822.5,12174345,12157134.5,12129682.5,12094173.5,12053041,12006709.5,11960465.5,11917966.5,11879156.5,11846574.5,11821665.5,11804775.5,11793826.5,11788803.5,11789643.5,11796969.5,11814011.5,11837329.5,11863906.5,11895274,11927307,11961973.5,12001871,12045137.5,12088103,12127597.5,12163303.5,12194228.5,12217967,12235682.5,12248209.5,12254493.5,12257269,12257589.5,12254543
Burkina Faso,Burkina Faso,24,BFA,854,UPV,Sub-Saharan Africa,Sub-Saharan Africa,West Africa,Least developed countries,"",LLDC,West and Central Africa,Programme countries,"","",Africa,Sub-Saharan Africa,Sub-Saharan Africa (excluding high-income),Low income,Low income,Low and middle income,Africa,Sub-Saharan Africa,Least developed countries,Excluding China,OIC,Africa,OIC Low income,"",Countdown,West Africa,Africa,Western Africa,Non-fragile,Non-fragile,Non-fragile,Non-fragile,Non-fragile,Fragile,Other Fragile,Fragile,Fragile,Other fragile,Fragile and Conflict-affected Situation,Conflict,"",Africa,Western Africa,"",Sub-Saharan Africa,"",Least developed countries,Landlocked developing countries,"","",Sub-Saharan Africa,Sub-Saharan Africa,Western Africa,Sub-Saharan Africa (inc. Sudan),Least Developed Countries (LDCs),Landlocked developing countries (LLDCs),"","",Global Strategy,Non conflict,Sub-Saharan Africa,West and Central Africa,Sub-Saharan Africa,West and Central Africa,Low income,Low and middle income,Sub-Saharan Africa,West and Central Africa,Low income,Low and middle income,African Group,Economic Community of West African States,GAVI,West and Central Africa,Humanitarian,High burden,Fragile,West and Central Africa,West and Central Africa,LiST,"",LiSTSBR,"","","","","","","","","","",ECA_West Africa,ECA_All countries,"","","","","","","","","",ESCAP_Africa (AFR),ECA_African Union Commission,ECA_ECOWAS,"",ECA_CEN-SAD,ECA_Sahel,ECA_Land-locked countries,ECA_Land-locked LDCs,ECA_Non-Oil Producing,ECA_Least developed countries,ECA_Mineral-rich countries,ECA_Non-Oil LDCs,"",ECA_Sub-Saharan Africa,"","","","","","","",224969,227212,229993,233193,236590.5,240138.5,243844.5,247689.5,251749.5,256414.5,261702,266832,270583,269585.5,264587,259557.5,255335.5,252950,255608,262435.5,269795,277092,284364.5,291876.5,299880.5,308309.5,317086.5,326462,336064.5,345685,355620.5,365726.5,376004,386852.5,397868.5,408614.5,419126,429705.5,441080,453921,468549,484285.5,501653.5,521558.5,543439.5,566237,589077.5,611650,634530,657858.5,681335,704825,727755,749558,769786.5,788455.5,805859.5,821988,837361.5,853766,872243.5,893464,918033.5,944952,973728.5,1004666.5,1037159.5,1070289,1104778,1141353,1180168,1222777.5,1268535,1314888,1361382.5,1407840.5,1451795.5,1492877.5,1532131.5,1568712,1601612.5,1629356,1650199.5,1661020,1660029.5,1647859,1631543.5,1618875.5,1612516.5,1615278,1627485.5,1643593,1658261,1672472.5,1686766.5,1701658.5,1717749,1734702.5,1752958.5,1772088,1790104.5,1805545.5,1818409,1827953,1834803.5,1840478,1845474.5,1850242,1854783.5,1858550.5,1861218,1862766.5,1862926.5,1861825,1859755.5,1857074.5,1854179.5,1851199.5,1848165.5,1845301.5,1843021.5,1841338.5,1840204,1839605.5,1839058.5,1838324,1837622,1836661,1835319.5,1833919.5,1832310,1830515,1828745.5,1826979.5,1824905,1822061.5,1818419,1814196.5,1809030,1802680.5,1795700,1788249.5,1780277,1772016.5,1763813.5,1755696,1747481.5,1739309.5,1731425.5,1723874,200695,200920,201332,201823,202649,204009.5,205876,208338,211123,214169.5,217528.5,220931,224348,228059,232381.5,237319.5,242175.5,245769.5,244844.5,239957.5,234963,230444,227488,229473.5,235833,243109,250927,259636,268902,278416.5,288292.5,298207,308111,318326.5,328691,338801,348170.5,356877,365613.5,374353,383021.5,390918.5,398757,408174.5,419772,433681.5,449005.5,466415.5,488470,514306.5,541170,568734.5,596213.5,622294.5,647269,671549,693885.5,712866,728574.5,742461.5,755592,769417,785268.5,801861,819972,840833.5,864535.5,890814,918175,946334,977150,1009903,1041797,1074546.5,1109908,1147153.5,1187640,1232121.5,1277883.5,1323662.5,1369194,1412376,1452778.5,1491396,1527468.5,1559899.5,1587162,1607609.5,1618201,1617102.5,1604945.5,1588773,1576259.5,1569932,1572592.5,1584629.5,1600403,1614727,1628559,1642463.5,1657101,1672957,1689705,1707887,1726858.5,1744571.5,1759784,1772550.5,1782087.5,1788896.5,1794569.5,1799760.5,1804606.5,1809026,1812862,1815505.5,1816844,1816953.5,1815879.5,1813788,1811158,1808354.5,1805512.5,1802768,1800073,1797722.5,1796091,1795148,1794480.5,1793711.5,1792904,1792158,1791091,1789831.5,1788639,1787191,1785633,1784281,1782906,1781038.5,1778339.5,1774664,1770472,1765473.5,1759248,1752358,1745235,1737747,1729857,1722057.5
Uruguay,Uruguay,135,URY,858,URG,Latin America and the Caribbean,Latin America and the Caribbean,"","",Latin America,"",Latin America and Caribbean,Programme countries,"","",Americas,Latin America and the Caribbean,"",High income,High income,"",Latin America and the Caribbean,"",Excluding least developed countries,Excluding China,"","","","","","","","","","","","","",Non-fragile,"","",Non-fragile,"",non-FCS,"","",Americas,Latin America and the Caribbean,South America,Latin America and the Caribbean,"","","","","",Latin America and the Caribbean,Latin America and the Caribbean,South America,Latin America and the Caribbean,"","","","","",Non conflict,Latin America and Caribbean,"","","","","","","","","",Latin American and Caribbean Group (GRULAC),"","",Latin America and Caribbean,Non-humanitarian,Non-high burden,"","","","","","","","","","","","","","","","","",ECLAC_All countries,"","","",ECLAC_Latin America,"","","","","",ESCAP_Latin America (LAC),"","","","","","","","","","","","","","","","","","","","",100815.5,100756,100740,100745.5,100780,100867.5,101018.5,101244.5,101571.5,102016,102586,103319,104273.5,105282.5,106171.5,107087,108083,109082.5,110254,111657.5,112998,114332.5,115739.5,117061,118214.5,119281,120395.5,121517.5,122599.5,123484.5,124022,124183.5,123943.5,123434,123009,122983,123365,124173.5,125633,127964.5,130960.5,134029.5,136493.5,137817,137468,135240,132045.5,129316.5,127410,126214.5,125996.5,126467,127250.5,128351,129722.5,130946,131878,132554,132847.5,133077.5,133424.5,133651.5,133677.5,133371.5,132566,131257.5,129647.5,128058,126532,124941.5,123668.5,122739.5,121668.5,120665,119926,119164,118344,117868.5,117940,118283.5,118815,119199.5,118271,115306.5,110650,104789,98505,93052,89096,86530,84938,83990,83408.5,82980.5,82674,82476.5,82345,82230,82115,81986.5,81798.5,81527.5,81182,80748,80217,79609,78938,78195.5,77380.5,76491.5,75551.5,74591,73624.5,72655.5,71682,70681,69621.5,68496.5,67308,66054.5,64751,63447.5,62184.5,60994.5,59923,59008.5,58259,57664,57216,56884.5,56618,56370.5,56119.5,55851,55552.5,55226.5,54891.5,54543.5,54156.5,53736,53290.5,52795,52252,51679,51075.5,50443.5,49791,49122.5,48447,47779,97958.5,98668,99299,99833,100301,100711,101038.5,101280.5,101439.5,101522,101530,101468.5,101358.5,101259.5,101246.5,101365.5,101649.5,102131.5,102578.5,102758,102855,103022.5,103252.5,103765.5,104720.5,105828.5,107119,108608,110045.5,111349.5,112596,113822,115049.5,116387,117648,118631.5,119176,119245,119015,118759,118783.5,119165.5,119917,121249,123461.5,126342,129334,131858,133358,133231.5,131112,127732,124435.5,121798,120051.5,119480,119874.5,120926,122442,124216,125921,127358.5,128399.5,128978.5,129472,130086.5,130592.5,130895,130818,130171,129026,127617,126219,124851,123410,122252.5,121389,120382.5,119433.5,118729,117992,117201,116754,116847.5,117210.5,117758.5,118158,117251.5,114319,109698.5,103880,97643,92234,88315.5,85778,84208.5,83280.5,82714.5,82299,82007,81825,81707,81603,81498,81377.5,81197.5,80932.5,80596,80175,79653.5,79053.5,78391,77656.5,76849.5,75970.5,75043,74095.5,73142.5,72185,71219.5,70225,69171.5,68051.5,66872.5,65630.5,64336,63041,61785.5,60602.5,59538.5,58630.5,57886.5,57300,56860.5,56537,56275.5,56031.5,55785,55521.5,55229,54909,54579.5,54236,53852.5,53438,52997.5,52505.5,51969,51401,50799.5
Uzbekistan,Uzbekistan,145,UZB,860,UZB,Caucasus and Central Asia,Caucasus and Central Asia,"","","",LLDC,Europe and Central Asia,Programme countries,"","",Europe,Europe and Central Asia,Europe and Central Asia (excluding high-income),Middle income,Lower middle income,Low and middle income,Asia,"",Excluding least developed countries,Excluding China,OIC,Asia/other,OIC Lower middle income,OIC Middle income,Countdown,"","","",Non-fragile,Non-fragile,Non-fragile,Non-fragile,Non-fragile,Non-fragile,"",Non-fragile,Non-fragile,"",non-FCS,"","",Asia,Central Asia,"",Central and Southern Asia,Central Asia,"",Landlocked developing countries,"","Australia and New Zealand, Central Asia, Europe and North America",Central and Southern Asia,Asia,Central Asia,Caucasus and Central Asia,"",Landlocked developing countries (LLDCs),"","",Global Strategy,Non conflict,Europe and Central Asia,Eastern Europe and Central Asia,Europe and Central Asia,Eastern Europe and Central Asia,Lower middle income,Low and middle income,Europe and Central Asia,Eastern Europe and Central Asia,Lower middle income,Low and middle income,Asia-Pacific Group,"",GAVI,Eastern Europe and Central Asia,Non-humanitarian,Non-high burden,"",Europe and Central Asia,Eastern Europe and Central Asia,LiST,LiSTSBR,LiSTSBR,"","","","","","","","","",EECA,"",ECE_All countries,"ECE_Eastern Europe, Caucasus and Central Asia (CIS)",ECE_CIS (CWG),"","","",ESCAP_ECO (ECO),"",ESCAP_LLDC (LLDC_E),ESCAP_North and Central Asia (NCA),ESCAP_All countries,"","","","","","","","","","","","","",ESCAP_Countries with Special Needs,"",ESCAP_WB Lower Middle Income Economies,"","","","",319078,316936.5,320599.5,327460,331146,329299,323391,313507.5,301547,291525,285943,285559.5,290660,302329,320277,351928.5,395374,440507.5,486137,531210.5,567526.5,596472,627711.5,661252.5,698742.5,740363.5,784127,828514,869112,901829,926862.5,943887,953540.5,958904.5,963264.5,969264,980207,997080,1019345,1044772,1068355,1090386.5,1112035.5,1131090.5,1149958.5,1171772.5,1196612,1225923.5,1263316,1309568,1361889.5,1419924,1477737.5,1523369.5,1552333.5,1572622,1591878,1608716,1622311.5,1630023.5,1626428,1605289.5,1567203,1519446,1467956,1413635,1359970,1317436,1289585,1276597.5,1276640,1289084.5,1319205.5,1369572.5,1429476.5,1486600.5,1535151,1569507.5,1597346,1633493.5,1682743,1738824.5,1793252.5,1845086,1896227.5,1954203.5,2030818,2123359.5,2214269.5,2285376.5,2326390,2335464,2320388,2290170.5,2255621,2226647.5,2204038.5,2186882,2174273.5,2165915,2161829.5,2162545.5,2168502,2179882.5,2197175.5,2220499.5,2249901,2285212,2324918,2366451,2407128.5,2444029.5,2474728.5,2498258,2515090.5,2526098.5,2532202,2534825,2535191,2533629.5,2530297,2525546,2519315,2511653.5,2502963,2493621.5,2484083,2475519,2468282,2461986.5,2456913.5,2453436,2451219,2450204.5,2450663,2452355.5,2455139,2458890,2463283,2467841,2472218,2476221.5,2479418.5,2481337.5,2481834.5,2480953,2478350.5,2473952.5,2467926.5,2460503,342326,350249.5,345257,332488,321036,314495.5,312421,316102,322998,326902.5,326217,323448.5,317967.5,310484.5,304798,302907,304973,311759,325007,343655,373606,413078.5,453695.5,495217.5,537185.5,572359.5,601994.5,634538.5,668377.5,704181.5,743036.5,783864.5,825358.5,863855,895715.5,920552.5,937535.5,947232,952745.5,956740.5,958989,965496.5,979894.5,999427,1022359,1045294,1066693,1086539,1104270.5,1121571,1141394,1165309,1194868.5,1232852.5,1280564.5,1335282.5,1395624.5,1455303.5,1502710.5,1533299,1554870,1574952,1592306,1606163,1613885,1610400,1589712,1552263.5,1505319,1454816,1401601.5,1348810,1306964.5,1279786.5,1266111,1263969,1274108,1302104.5,1350430.5,1409296,1466323,1514645.5,1548779.5,1576497,1612375.5,1661192.5,1716843,1770907.5,1822504.5,1873411.5,1931087,2007428,2099602.5,2189962,2260558,2301300,2310242,2295142,2265053,2230681,2201776,2179242,2162217,2149676,2141307.5,2137104.5,2137542.5,2143276.5,2154619.5,2171922,2195259.5,2224609.5,2259766.5,2299238.5,2340524.5,2380905,2417537.5,2448011.5,2471378.5,2488180,2499236.5,2505496.5,2508195.5,2508596,2507132.5,2503899.5,2499239,2493456.5,2486274,2477572.5,2468031.5,2458339,2449340.5,2441766.5,2435689.5,2430752.5,2427095.5,2424736.5,2423587.5,2423833,2425399,2428058,2431717,2436094.5,2440709,2445012.5,2448782,2451869.5,2453645,2453812
Venezuela,Venezuela (Bolivarian Republic of),136,VEN,862,VNZ,Latin America and the Caribbean,Latin America and the Caribbean,"","",Latin America,"",Latin America and Caribbean,Programme countries,"","",Americas,Latin America and the Caribbean,"","","","",Latin America and the Caribbean,"",Excluding least developed countries,Excluding China,"","","","",Countdown,"","","",Non-fragile,Non-fragile,Non-fragile,Non-fragile,Non-fragile,Fragile,Other Fragile,Fragile,Fragile,Other fragile,Fragile and Conflict-affected Situation,Institutional and Social Fragility,"",Americas,Latin America and the Caribbean,South America,Latin America and the Caribbean,"","","","","",Latin America and the Caribbean,Latin America and the Caribbean,South America,Latin America and the Caribbean,"","","","","",Non conflict,Latin America and Caribbean,"","","","","","","","","",Latin American and Caribbean Group (GRULAC),"","",Latin America and Caribbean,Humanitarian,High burden,Fragile,Latin America and the Caribbean,Latin America and Caribbean,LiST,"",LiSTSBR,"","","","","","","","","","","",ECLAC_All countries,"","","",ECLAC_Latin America,"","","","","",ESCAP_Latin America (LAC),"","","","","","","","","","","","","","","","","","","","",282844,293898,304733,315385.5,325987.5,336767,347966.5,359806.5,372593,386628.5,402042.5,418795,436728.5,455210,475294.5,497078,520144.5,545418,573010.5,601411,630280.5,659812.5,688996,717876,744988,769687,792411.5,813061,831880.5,850279.5,868961,887539.5,905881,923642,940838,957579.5,973864,989947,1006733,1024757.5,1044425,1066352.5,1090377.5,1115622.5,1141361,1166721.5,1190681.5,1212714.5,1232924,1251790,1270064.5,1289692.5,1311474.5,1333699.5,1354854,1374203.5,1389766.5,1400553.5,1407428.5,1411419,1413898,1415469,1417272.5,1420301,1424314,1427769.5,1426600.5,1409594,1370439.5,1336009,1333795.5,1352164.5,1373937,1391701.5,1402272.5,1404981,1401071,1395569.5,1387876.5,1376730.5,1361201,1338542.5,1308245.5,1270486,1224646.5,1173483.5,1122912,1077922.5,1044494,1027558,1024952.5,1030490.5,1040703,1053061.5,1065053.5,1076392.5,1087473.5,1097936.5,1106837.5,1113574.5,1117967.5,1119087.5,1116708.5,1111356.5,1103105.5,1092387.5,1079595.5,1064964,1049116.5,1032637,1016125,1000372,985791,972618.5,961092,950936.5,941969,934334,927897.5,922405.5,917741,913620,909728.5,906065,902524.5,898755,894672,890273,885425.5,880235,874615,868603,862292,855649.5,848715.5,841505.5,833890,825971.5,818002.5,809980.5,801975.5,794296,786884.5,779502,772336,765481,758782.5,752497.5,746580,740955,241651.5,252695,263268.5,273262.5,282702.5,291655.5,300307.5,308891.5,317585,326532.5,335934.5,346000,356885,368915,382412.5,397451,414034.5,431958,450465,470488.5,492116,514998.5,540000,567248,595348.5,623928.5,653059.5,681755.5,710136.5,736684,760713,782841,802986.5,821457.5,839945,859075,878113,896799,914776.5,931918,948313,964116.5,979510,995308,1012170.5,1030725.5,1051773.5,1075405.5,1100611,1126199,1150683.5,1172759,1192481.5,1210034.5,1226443,1242932,1260519,1279414.5,1297731,1314175.5,1329179,1341065.5,1348809.5,1353863.5,1356522.5,1356870,1345935.5,1301914.5,1213603,1126526,1086788,1086027.5,1111320.5,1150994.5,1193331,1237377,1279378.5,1312260,1334283.5,1347426.5,1352260.5,1350743,1347433.5,1341700,1332764,1319343.5,1298149,1269052.5,1232817.5,1188665.5,1139114.5,1089996.5,1046441.5,1014151.5,997787.5,995678.5,1001879,1013067,1026431,1039140,1051157,1062553.5,1073118,1082166.5,1088946,1093559.5,1095042,1092570,1087011,1078799,1068024.5,1055411.5,1041322.5,1026086,1010350.5,994493,978945,964372.5,951375,940097,930240,921858.5,914966,909274,904760.5,901016,897516.5,894094.5,890578,886991,883325.5,879627,875703.5,871500,867033,861984.5,856215,849970,843520,836685,829485,822137.5,814689,806866,798887,791066,783244,775623,768178,761152
Samoa,Samoa,91,WSM,882,WTS,Oceania,Oceania,"","","",SIDS,East Asia and Pacific,Programme countries,"","",Western Pacific,East Asia and Pacific,East Asia and Pacific (excluding high-income),Middle income,Lower middle income,Low and middle income,Oceania,"",Excluding least developed countries,Excluding China,"","","","","","","","",Non-fragile,Non-fragile,Non-fragile,Non-fragile,Non-fragile,Non-fragile,"",Non-fragile,Non-fragile,"",non-FCS,"","",Oceania,Polynesia,"",Oceania,Oceania (exc. Australia and New Zealand),"",Small island developing States,South-Eastern Asia and Oceania (exc. Australia and New Zealand),"",Oceania (exc. Australia and New Zealand),Oceania,Polynesia,Oceania,"",Small island developing States (SIDS),"","","",Non conflict,East Asia and Pacific,"",East Asia and Pacific,"",Lower middle income,Low and middle income,East Asia and Pacific,"",Lower middle income,Low and middle income,Asia-Pacific Group,"","",East Asia and the Pacific,Non-humanitarian,Non-high burden,"",East Asia and Pacific,East Asia and Pacific,LiST,LiSTSBR,LiSTSBR,EAPR Program Countries,EAPR Program Countries (excluding China),Pacific Program Countries,Pacific Program Countries (excluding PNG),EAPR Countries,EAPR Countries (excluding China),Pacific Countries,Pacific Countries (excluding PNG),"","","","","","","","",ESCAP_Pacific island developing economies (PIDE),"","","",ESCAP_PACIFIC (PAC),ESCAP_All countries,"","","","","","","","","","","","","",ESCAP_Countries with Special Needs,ESCAP_Small Islands Developing States,ESCAP_WB Lower Middle Income Economies,"","","","",4401.5,4490,4616.5,4774,4955,5136,5290,5401.5,5476.5,5534.5,5601.5,5700.5,5851,6081,6386.5,6725,7070.5,7365.5,7590.5,7797.5,8011,8248,8512.5,8807,9267.5,9926,10589.5,10929,10982.5,11055,11188.5,11369,11469.5,11502,11587.5,11724,11848,11774.5,11552.5,11392.5,11336,11348.5,11225.5,10903.5,10519,10147.5,9816.5,9556.5,9452.5,9456.5,9526,9706.5,9813,9734.5,9628.5,9612,9706,9854,9993.5,10135.5,10284,10443,10523.5,10470,10363,10314.5,10252.5,10081.5,9985.5,10014,10030.5,10188,10545.5,10951.5,11372.5,11835,12350,12904.5,13347,13658,13925,14052.5,14062,14093,14148,14087,13921.5,13695,13374.5,12991,12654.5,12407.5,12248,12170,12169.5,12235.5,12357,12527.5,12738,12980,13242.5,13514.5,13786.5,14051,14302.5,14530.5,14724.5,14878,14987,15045.5,15056.5,15027.5,14966.5,14879.5,14765.5,14635.5,14501.5,14368.5,14245.5,14138.5,14046,13974.5,13923,13890.5,13880,13892,13928,13983.5,14054.5,14133.5,14215,14296.5,14374.5,14439,14485.5,14517,14531,14525.5,14504.5,14467.5,14410.5,14338.5,14253.5,14157,14055.5,13951.5,13847.5,13746.5,13649,13558,3697,3752,3804.5,3846,3881.5,3919.5,3979,4077.5,4213,4374,4544.5,4693,4774.5,4798,4814,4841.5,4904,4952,5009,5144,5327.5,5539.5,5761.5,5968.5,6143.5,6352.5,6692,7124,7531,7857.5,8103.5,8304.5,8509.5,8683,8783,8846.5,8933.5,9088.5,9231.5,9274.5,9236,9197.5,9317.5,9517,9618.5,9586,9412,9152.5,8828.5,8484,8218,8025,7936,7982,8005.5,7954.5,7892.5,7917,8008,8047.5,8069.5,8093.5,8165,8294.5,8417,8488.5,8529,8488,8365,8249,8173.5,8141,8159,8330.5,8618.5,8852,9131,9549.5,10021.5,10480,10951,11480,12047.5,12498,12820,13101.5,13242.5,13263,13306,13371,13314.5,13155,12939.5,12625.5,12249.5,11927,11691.5,11538.5,11468,11478.5,11553,11683.5,11862.5,12077.5,12320,12581.5,12855,13133,13411,13678.5,13919,14121,14282,14399.5,14466,14484,14466,14417,14338.5,14234.5,14112.5,13989.5,13869,13752,13648,13561,13495.5,13449.5,13424.5,13420.5,13434,13473,13534.5,13608,13690.5,13776,13862,13946.5,14020.5,14078,14116.5,14137,14139,14123,14088,14034.5,13967,13884,13791,13697
Yemen,Yemen,49,YEM,887,YMN,Western Asia,Western Asia,"",Least developed countries,"","",Middle East and North Africa,Programme countries,MENAEMRO,"",Eastern Mediterranean,Middle East and North Africa,Middle East and North Africa (excluding high-income),Low income,Low income,Low and middle income,Asia,"",Least developed countries,Excluding China,OIC,Arab,OIC Lower middle income,OIC Middle income,Countdown,"","","",Fragile,Fragile,Fragile,Fragile,Fragile,Fragile,Extremely Fragile,Fragile,Fragile,Extremely fragile,Fragile and Conflict-affected Situation,Conflict,USAID,Asia,Western Asia,"",Northern Africa and Western Asia,Western Asia,Least developed countries,"","","",Northern Africa and Western Asia,Asia,Western Asia,"Western Asia (exc. Armenia, Azerbaijan, Cyprus, Israel and Georgia)",Least Developed Countries (LDCs),"","","",Global Strategy,Conflict,Middle East and North Africa,"",Middle East and North Africa,"",Low income,Low and middle income,Middle East and North Africa,"",Low income,Low and middle income,Asia-Pacific Group,"",GAVI,Middle East and North Africa,Humanitarian,High burden,Fragile,Middle East and North Africa,Middle East and North Africa,LiST,"",LiSTSBR,"","","","","","","","","","","","","","","","","","","","","",ESCAP_Other Area (OTH_REGION),"","","","","","","","","","","","","","","","",ESCWA_Arab countries,ESCWA_Arab LDCs subregion,ESCWA_Countries in conflict,ESCWA_Arab Low-Income Countries (LICs),238879.5,244070.5,249569,255264.5,260890.5,266485.5,271918,276818.5,281398,286204.5,291368.5,297181,303405,307970.5,309982,308788,305543,303150,303543,307867,316478.5,327939,340228.5,353374,367439,382272.5,397760,413949,431001.5,449255,468911,490114,512958,537037,561899,587768.5,614158,641201.5,669300,698373.5,729051,761678,796602.5,834082.5,875562,921030,968241,1016936.5,1067646.5,1118276,1168101,1218321,1268356.5,1318168.5,1367995,1419769,1472864,1524796,1574428.5,1620003,1659061.5,1685182,1702040.5,1717098,1733692,1754098.5,1783504,1820733,1859663,1901429,1942727,1986363.5,2036646.5,2088101,2138047,2184874,2223465.5,2263217,2314874.5,2376605.5,2450843,2541046,2637694,2731977.5,2823950,2913778.5,3000726,3084148,3165714,3240329.5,3301449.5,3349944,3385775,3406207,3417212.5,3425508.5,3429757.5,3432659.5,3438044.5,3445521,3455294,3469214,3485637.5,3504327,3526633.5,3552282,3582314.5,3617104,3654708.5,3693507.5,3732499.5,3769519,3803142,3833144,3859306,3881809.5,3901363.5,3917970,3931306,3941735,3949657,3954924.5,3958279,3959628,3958697.5,3955756,3951660.5,3946574.5,3939902.5,3932625.5,3925359.5,3918122,3911386.5,3905925,3901192.5,3896724,3891942.5,3885866,3879012.5,3871491,3862369.5,3852263.5,3841948.5,3830886,3819630.5,3809101,3798934.5,3788627.5,3778230,3767196.5,205100,209559,214232,219092.5,224029,228941,233987,239341,244895,250392.5,255875.5,261222,265786.5,269582,273668,278394.5,283804.5,289793,294482,296885,295461,291415.5,288324,287949.5,291374,299407.5,310644.5,322601.5,335321.5,348921,363350,378601.5,394782,412086,430876.5,451375,472551.5,495507,520365.5,545464.5,571440,598204.5,625366.5,653227.5,682162.5,712576,744069.5,776913.5,812235.5,851477.5,894530.5,939593.5,986372,1034928.5,1083649,1135982,1192752.5,1249673.5,1306611,1363357.5,1418645.5,1472260,1524372,1572514.5,1615952,1650874,1670953,1682260,1690612.5,1701433.5,1715934.5,1738137,1774151.5,1818375,1864313,1908905,1956143,2005866,2053973.5,2101509,2147008,2184353,2222761,2273128.5,2333623.5,2406599.5,2495588,2591019,2684078.5,2774896,2863633,2949623,3032306.5,3113170,3187096.5,3247532,3295382.5,3330554.5,3350364.5,3360839,3368841.5,3372817.5,3375230,3379993.5,3386951,3396288,3409792,3425976,3444697.5,3467062,3492479.5,3522157,3556547,3593593.5,3631433.5,3669535,3706049,3739173,3768746,3794818.5,3817171,3836490.5,3852902,3865790.5,3875764.5,3883396,3888435,3891506,3892781.5,3892096.5,3889310,3885335,3880326,3873766,3866707.5,3859833.5,3852872.5,3846291,3841132.5,3836569.5,3832018,3827153,3821137.5,3814025,3806098.5,3796770,3786713,3776533,3765859,3755204
Zambia,Zambia,14,ZMB,894,ZAM,Sub-Saharan Africa,Sub-Saharan Africa,South Africa,Least developed countries,"",LLDC,Eastern and Southern Africa,Programme countries,"","",Africa,Sub-Saharan Africa,Sub-Saharan Africa (excluding high-income),Middle income,Lower middle income,Low and middle income,Africa,Sub-Saharan Africa,Least developed countries,Excluding China,"","","","",Countdown,Southern Africa,Africa,Southern Africa,Non-fragile,Non-fragile,Non-fragile,Non-fragile,Non-fragile,Fragile,Other Fragile,Non-fragile,Fragile,Other fragile,non-FCS,"",USAID,Africa,Eastern Africa,"",Sub-Saharan Africa,"",Least developed countries,Landlocked developing countries,"","",Sub-Saharan Africa,Sub-Saharan Africa,Eastern Africa,Sub-Saharan Africa (inc. Sudan),Least Developed Countries (LDCs),Landlocked developing countries (LLDCs),"","",Global Strategy,Non conflict,Sub-Saharan Africa,Eastern and Southern Africa,Sub-Saharan Africa,Eastern and Southern Africa,Lower middle income,Low and middle income,Sub-Saharan Africa,Eastern and Southern Africa,Lower middle income,Low and middle income,African Group,"",GAVI,Eastern and Southern Africa,Non-humanitarian,High burden,"",Eastern and Southern Africa,Eastern and Southern Africa,LiST,"",LiSTSBR,"","","","","","","","","","",ECA_Southern Africa,ECA_All countries,"","","","","","","","","",ESCAP_Africa (AFR),ECA_African Union Commission,"",ECA_SADC,"",ECA_COMESA,ECA_Land-locked countries,ECA_Land-locked LDCs,ECA_Non-Oil Producing,ECA_Least developed countries,ECA_Mineral-rich countries,ECA_Non-Oil LDCs,"",ECA_Sub-Saharan Africa,"","","","","","","",118665.5,122205.5,126061,130121,134154,138114.5,142057,145994,150075,154551.5,159537,164932,170519,175441,179844,185506.5,192311.5,199396,207608,216508.5,223665,229629.5,236279.5,243640,251743.5,260579.5,270066.5,280026.5,290371,300986,311946.5,323605,336252,349270,362063,375305,389360,403680.5,417943.5,432191.5,446613.5,460783,474293.5,486957.5,498623.5,508934.5,518715,529693.5,541952.5,555649.5,571575,589968.5,608396.5,626056.5,643629.5,661631,680240,699300,719241.5,740151,761817,783788,806908,831881,858352,885557.5,913491,942494.5,972258,1003805,1038296,1076069.5,1115778,1156394.5,1196212.5,1232865.5,1266280,1296411.5,1323338,1346890,1367676,1386793.5,1405210.5,1424489,1445924.5,1468835.5,1492649.5,1517817.5,1543515.5,1569163,1595732.5,1623436,1651530.5,1679089,1706088.5,1732695,1758401,1782723.5,1806124,1828510.5,1849449,1869163.5,1887495,1904608.5,1920224.5,1934353.5,1947644,1960937.5,1974761,1989105,2003703,2018226,2032583,2046836,2061179.5,2075201.5,2088752.5,2102142,2115719,2129322,2142904,2156436.5,2169439,2181371,2192468,2203140.5,2213197,2222859.5,2232094.5,2240697.5,2248571,2255690.5,2262274.5,2268538.5,2274208,2279329,2284288,2288833.5,2292489.5,2295637.5,2298638.5,2301399,2304213,2307034.5,2309745,2312264.5,2314360.5,2316390,2318658,2321039,100296.5,102993,105721.5,108535,111524,114694.5,118092.5,121794,125687.5,129540,133297,137030,140757.5,144622.5,148844,153590,158804,164217,168988,172903,176408.5,179839.5,183793.5,189203.5,195918,202229,208277,215027.5,222461,230609,239743.5,250279,262480.5,275079,286636,297618,308721,319442.5,329537,339473.5,349779.5,360505.5,371700,383403,395571.5,408509,422077,436523,450999,465064.5,479050,494701.5,510973,527546,545129.5,564645.5,586187,608241.5,630014.5,650814,670033.5,686751.5,702500.5,719140.5,737791.5,758176.5,780828.5,805685.5,831622,858126.5,884648,910956,937119.5,964856.5,995292,1028128,1064433,1103195,1142712.5,1181315.5,1217405.5,1250295.5,1279852.5,1306196,1329224.5,1349541.5,1368215,1386162,1404891.5,1425674,1447953.5,1471073,1495467.5,1520577,1545842,1572052.5,1599427,1627191,1654371,1680957.5,1707024.5,1732139.5,1755920,1778771.5,1800755,1821478.5,1840957,1859060.5,1876119.5,1891762,1905978.5,1919351,1932581,1946189,1960231,1974478.5,1988574.5,2002597.5,2016635,2030978.5,2045087.5,2058605.5,2071931,2085426,2098758,2112004.5,2125272,2138082,2149875,2160738.5,2171327,2181432.5,2190917,2199893.5,2208352,2215996.5,2222949.5,2229678,2235865,2241273,2246240,2251057,2255406,2258832,2262027,2265053.5,2267511.5,2270180,2273152,2275914
